Ticker,Date,Open,High,Low,Close,Volume
AAPL,2021-08-31,148.90016654739884,149.03671791602926,147.5638979226051,148.09060668945312,86453100
MSFT,2021-08-31,292.16012706402677,292.2368923425425,289.35771113719727,289.722412109375,26285300
NVDA,2021-08-31,22.62075674664323,22.62075674664323,22.04763890496798,22.311771392822266,259850000
QQQ,2021-08-31,369.28089840437747,369.3488101474605,367.19432268536974,368.7374267578125,29628200
AAPL,2021-09-01,149.06597111930256,151.1630130890743,148.58803390921838,148.75384521484375,80313700
MSFT,2021-09-01,290.6725935556559,292.8991678511316,289.34816523699277,289.6744689941406,18983800
NVDA,2021-09-01,22.41144855038439,22.622754957763057,22.28386700045794,22.367591857910156,201767000
QQQ,2021-09-01,369.79523177921465,371.4159322397432,369.14499095082925,369.3487854003906,28138300
AAPL,2021-09-02,150.08036655286702,150.9094380524186,148.64656965264444,149.86578369140625,71115500
MSFT,2021-09-02,290.02958175450493,291.14283957172955,288.0909139976585,289.0218505859375,16285600
NVDA,2021-09-02,22.444341223157213,22.51909665177635,22.22207110229776,22.32274055480957,187834000
QQQ,2021-09-02,370.6977473620195,371.02771012392384,367.9609608099566,369.174072265625,25453400
AAPL,2021-09-03,149.9730775691431,150.8216606743961,149.3195806196622,150.49978637695312,57808700
MSFT,2021-09-03,288.8682550507009,290.413430936319,288.16767300122905,289.0122375488281,14747900
NVDA,2021-09-03,22.2519691858628,22.91080616281464,22.12737809725463,22.768274307250977,280532000
QQQ,2021-09-03,368.0290057631559,370.70756608874484,368.0096066365166,370.3096618652344,24605400
AAPL,2021-09-07,151.15329277694906,153.38688652354213,150.58757563240493,152.8309326171875,82278300
MSFT,2021-09-07,288.887563068861,288.9643283762939,286.19073133371813,288.0909729003906,17180400
NVDA,2021-09-07,22.758307882725695,22.82409196545465,22.4483244181334,22.587867736816406,198107000
QQQ,2021-09-07,370.4164063611562,371.48395068011064,369.26152154569473,370.8337097167969,23970200
AAPL,2021-09-08,153.11376479693286,153.1722846868866,150.1876512353804,151.28982543945312,74420200
MSFT,2021-09-08,287.7070752289388,288.5036360740859,285.4901073055441,288.1197509765625,15046800
NVDA,2021-09-08,22.43935888934045,22.536041717228212,21.905110981321915,22.265928268432617,254434000
QQQ,2021-09-08,370.65899507579223,370.65899507579223,367.28171104948837,369.5429382324219,32949200
AAPL,2021-09-09,151.6604770125975,152.2652024090621,150.15839699282031,150.27545166015625,57305700
MSFT,2021-09-09,288.7051331589924,289.9719800475994,285.0389683549398,285.2789001464844,19927000
NVDA,2021-09-09,22.23901265299159,22.464273188352024,22.058604988452572,22.104454040527344,196856000
QQQ,2021-09-09,369.7661990256382,370.8725416103821,368.02901459763234,368.2716369628906,29399000
AAPL,2021-09-10,151.18249570977798,151.650669593774,145.03765581078468,145.30101013183594,140893200
MSFT,2021-09-10,286.40178494786,287.84137565254247,283.48420625224344,283.8009033203125,19633400
NVDA,2021-09-10,22.274896532355616,22.551987038677307,22.197152562012025,22.40447235107422,248376000
QQQ,2021-09-10,369.9796779687276,370.69783063437353,365.146630181552,365.4765930175781,40249400
AAPL,2021-09-13,146.92019363279192,147.69073046346875,145.0864907020359,145.86679077148438,102404300
MSFT,2021-09-13,285.5668944983296,286.51704460158174,282.2366390348642,285.0294494628906,23652900
NVDA,2021-09-13,22.60979964648237,22.888884438479984,21.78650131614353,22.079540252685547,297500000
QQQ,2021-09-13,367.80568691624063,368.232704527197,363.17646416375703,365.22418212890625,48741800
AAPL,2021-09-14,146.64704249063803,147.34931083330153,143.29176371635268,144.47195434570312,109296300
MSFT,2021-09-14,287.4958659786448,289.2521830846945,286.09467252451213,287.71661376953125,21853400
NVDA,2021-09-14,22.20212822105422,22.33668680434653,22.013747345110296,22.16923713684082,199755000
QQQ,2021-09-14,366.70907000117154,367.43693697085075,363.2347313640418,364.1858215332031,41826600
AAPL,2021-09-15,144.9011324843855,145.75946384011283,142.76506733146184,145.35955810546875,83281300
MSFT,2021-09-15,291.0468952158528,293.02393100782655,289.66488563272827,292.5440673828125,28356300
NVDA,2021-09-15,22.236024626845165,22.293835464685625,21.894146209939382,22.267919540405273,166538000
QQQ,2021-09-15,364.64188983703866,367.24279358566645,362.3515200997111,366.8934020996094,34097900
AAPL,2021-09-16,144.78410203525485,145.30104757606733,143.59414799108714,145.12547302246094,68034100
MSFT,2021-09-16,291.5267240633766,293.01428940804146,288.6475426567624,292.92791748046875,19550800
NVDA,2021-09-16,22.110430136784576,22.204122484237843,21.855267109158763,22.16923713684082,156033000
QQQ,2021-09-16,365.563941041,367.7184286993201,363.64239097884035,367.1458435058594,35193100
AAPL,2021-09-17,145.15472586644688,145.15472586644688,142.17007797103764,142.4626922607422,129868800
MSFT,2021-09-17,291.9202715592397,292.23696868760265,287.4671227397801,287.7934265136719,41372500
NVDA,2021-09-17,22.227052672404977,22.247983887075033,21.758590795663608,21.82836151123047,294503000
QQQ,2021-09-17,366.6702766200241,366.71878923852006,361.7596031021072,362.7980041503906,60912300
AAPL,2021-09-20,140.2583754550107,141.27275491051466,137.79068761664803,139.4195556640625,123478900
MSFT,2021-09-20,284.39593784399835,286.689699826259,277.86019819512114,282.44769287109375,38278700
NVDA,2021-09-20,21.076826867613953,21.362888683857676,20.594410879277827,21.043935775756836,349440000
QQQ,2021-09-20,357.01129546035133,358.75040525289535,350.6669766834423,355.3013610839844,76203200
AAPL,2021-09-21,140.38513114487054,141.0386427665462,139.2634605258952,139.89744567871094,75834000
MSFT,2021-09-21,283.78175309872546,285.5572543702067,282.22699963878074,282.9275817871094,22364100
NVDA,2021-09-21,21.3469404733302,21.35491372577289,20.88146906785273,21.17650032043457,204688000
QQQ,2021-09-21,357.1280094341518,358.3230455927462,354.61165851630665,355.7386779785156,41927500
AAPL,2021-09-22,140.8923300236282,142.82356032742504,140.1608018149043,142.2578582763672,76404300
MSFT,2021-09-22,284.7799475033804,288.12938705763713,282.6493513126284,286.555419921875,26626300
NVDA,2021-09-22,21.296108496012426,21.888165314452635,21.126664510196306,21.86922836303711,268726000
QQQ,2021-09-22,356.6519087067731,360.5187493428805,355.55403515444647,359.0614013671875,46972900
AAPL,2021-09-23,143.0382010544173,143.45761846975984,142.05308135891542,143.21377563476562,64838200
MSFT,2021-09-23,286.8144211194727,288.78184976305334,285.54757444442816,287.4958190917969,18604600
NVDA,2021-09-23,22.067570844468374,22.461279102173783,21.81838869165872,22.4084529876709,248555000
QQQ,2021-09-23,360.2175441098625,363.40427696626887,359.5763074823771,362.3744201660156,44652000
AAPL,2021-09-24,142.0725514999574,143.8379707289355,141.97500844122595,143.301513671875,53477900
MSFT,2021-09-24,286.2194826708354,287.72623226962907,284.9718196101101,287.29437255859375,14999000
NVDA,2021-09-24,21.99780629061381,22.076548344372082,21.789490317687935,22.008769989013672,217655000
QQQ,2021-09-24,360.11062893099836,363.1322120662038,359.74142941771123,362.71441650390625,36056800
AAPL,2021-09-27,141.88723117083788,142.3651683544505,140.2778748536838,141.78968811035156,74150700
MSFT,2021-09-27,284.21366203503686,284.53035916304015,281.142522901756,282.322998046875,23571700
NVDA,2021-09-27,21.638981339967028,21.7276909027937,21.255242424863432,21.58914566040039,245215000
QQQ,2021-09-27,359.6734239920865,360.6935555215144,357.27365692828073,359.81915283203125,43338100
AAPL,2021-09-28,139.72192610299075,141.18498292082313,138.20034939372246,138.41493225097656,108972300
MSFT,2021-09-28,278.12892262453175,279.0694657966121,271.36285777992146,272.1018371582031,43186200
NVDA,2021-09-28,21.144601235884615,21.34893052299368,20.58344140631402,20.631284713745117,343069000
QQQ,2021-09-28,355.2722726687899,359.77059480277074,349.1319732652067,349.6371765136719,97701600
AAPL,2021-09-29,138.96116732939618,140.89239857280592,138.53200152353028,139.3123016357422,74602000
MSFT,2021-09-29,273.61823631743374,275.22096437346653,271.6124099419833,272.5625305175781,26353700
NVDA,2021-09-29,20.871502966534447,20.94825075454832,20.400048738103138,20.449886322021484,218394000
QQQ,2021-09-29,350.9002374139958,353.0376631925343,348.44217849629433,349.06396484375,58076600
AAPL,2021-09-30,140.12183534910463,140.82410382973063,137.80044704464729,138.01502990722656,89056700
MSFT,2021-09-30,274.20365982638276,276.23827687630234,270.278378953934,270.5663146972656,32343600
NVDA,2021-09-30,20.70006335689361,20.997088873720934,20.620325128983062,20.64823341369629,221009000
QQQ,2021-09-30,350.7059458519513,352.3673142998109,346.9459926884588,347.7815246582031,61384600
AAPL,2021-10-01,138.40515987182454,139.40004260947205,135.68388091891475,139.13668823242188,94639600
MSFT,2021-10-01,270.7582465838053,278.301717984921,269.96168585473896,277.4571533203125,30086300
NVDA,2021-10-01,20.68212181172919,20.79076450155357,20.13691029679446,20.674148559570312,240978000
QQQ,2021-10-01,348.4032641038666,350.9779057872913,344.3032580391962,349.9383239746094,56375500
AAPL,2021-10-04,138.26858674850567,138.70751560218017,134.8645515046284,135.71311950683594,98322000
MSFT,2021-10-04,275.8256432027342,276.1615536435043,268.9635982922401,271.7084045410156,31350700
NVDA,2021-10-04,20.43692580745961,20.47480160606298,19.49103082581489,19.667451858520508,345635000
QQQ,2021-10-04,348.3256447001927,348.6559734049248,340.3588255658776,342.5934143066406,76766000
AAPL,2021-10-05,136.0545166576062,138.73678711480215,135.9277136552574,137.63461303710938,80861100
MSFT,2021-10-05,272.6104927683687,278.70476619683035,272.6104927683687,277.1308288574219,24993000
NVDA,2021-10-05,19.884741262731815,20.580457952473463,19.789054624206987,20.38410186767578,279282000
QQQ,2021-10-05,343.6523296162224,349.4623003725709,343.4288885889361,347.2179870605469,47232900
AAPL,2021-10-06,136.03502801816884,138.6490157972431,134.9621137010957,138.50271606445312,83221100
MSFT,2021-10-06,274.2708756099428,281.8047410195279,274.0117597743309,281.3056640625,28002600
NVDA,2021-10-06,20.054183467600772,20.652219202114356,20.014313404708272,20.632286071777344,297202000
QQQ,2021-10-06,344.0117954940638,349.71490816575323,343.10824696739064,349.44287109375,56806500
AAPL,2021-10-07,139.5366245646865,140.66805891569803,139.20500187376496,139.76095581054688,61732700
MSFT,2021-10-07,283.2922830435044,284.6935059183277,282.08304662293614,282.9755859375,20430500
NVDA,2021-10-07,21.022998514575608,21.252247535524535,20.9033921481847,21.00605583190918,256919000
QQQ,2021-10-07,352.48386870945467,355.29170657655396,351.94951966995245,352.6490478515625,39411200
AAPL,2021-10-08,140.48268240335435,140.6289820985626,139.04888585839274,139.38050842285156,58773200
MSFT,2021-10-08,284.2904075857707,284.6935059183277,281.92948674808355,282.9755859375,17685700
NVDA,2021-10-08,21.03197660701689,21.136632686521562,20.707042768746597,20.762859344482422,151258000
QQQ,2021-10-08,353.7274875690188,353.9606834069778,350.35615473302096,350.8905334472656,41822300
AAPL,2021-10-11,138.76604603984862,141.24348200456123,138.31736879996546,139.29273986816406,64452200
MSFT,2021-10-11,281.1232834858587,285.9698937714107,280.96011698698385,282.3805236816406,19298600
NVDA,2021-10-11,20.507693882375722,20.994096456605053,20.44390216537423,20.627300262451172,163388000
QQQ,2021-10-11,349.3554457591394,352.8725371338533,348.11184333183206,348.1993103027344,34847200
AAPL,2021-10-12,139.7024045703548,139.72191616043952,137.56633938704366,138.02476501464844,73035900
MSFT,2021-10-12,283.44582055374815,283.541799129027,280.5762456707699,281.08489990234375,17974100
NVDA,2021-10-12,20.759866211548562,20.988117194123532,20.460848337072985,20.60338020324707,162134000
QQQ,2021-10-12,349.64691210021607,350.0840986793097,346.3435961311823,346.9848327636719,43905100
AAPL,2021-10-13,137.7614036307742,137.91745167770748,135.7716384818284,137.4395294189453,78762700
MSFT,2021-10-13,283.0331577701654,285.307706593833,281.67033223174053,284.37677001953125,23416300
NVDA,2021-10-13,20.849571259430128,20.921336231312484,20.645241941754325,20.870502471923828,180652000
QQQ,2021-10-13,349.28740081060675,350.4338405855879,347.2665286701431,349.7634582519531,40120800
AAPL,2021-10-14,138.61000380183043,140.33641501765865,138.02477512030043,140.2193603515625,69907100
MSFT,2021-10-14,287.1599008270888,291.056390013878,285.83547291155634,290.5573425292969,27262900
NVDA,2021-10-14,21.218359995410317,21.68383134051635,21.052902671473788,21.674861907958984,243589000
QQQ,2021-10-14,353.34861252410167,356.41876265768235,352.68795518708134,356.20501708984375,43433900
AAPL,2021-10-15,140.22915692305764,141.33131653632657,139.97555082205025,141.27279663085938,67940300
MSFT,2021-10-15,290.1639328949292,292.18897261999524,288.41722227281656,291.9586181640625,25384800
NVDA,2021-10-15,21.738651631224155,21.859256088546132,21.591136975232704,21.790481567382812,226994000
QQQ,2021-10-15,357.41945343905405,358.56589339676304,356.3895965753738,358.4493103027344,40419900
AAPL,2021-10-18,139.9170017643,143.2235096811566,139.63415065247935,142.94065856933594,85589200
MSFT,2021-10-18,291.3444250695116,295.7975445356027,290.49986035476513,294.91461181640625,22729300
NVDA,2021-10-18,21.677854960050606,22.218081780697908,21.57319699245635,22.149307250976562,189494000
QQQ,2021-10-18,357.15710508473506,362.2675480418583,356.5547393437458,362.0538024902344,34513500
AAPL,2021-10-19,143.38933731406476,145.49614300945177,142.94067482594585,145.0962371826172,76378900
MSFT,2021-10-19,295.9318739981731,296.8435972219743,294.8473776272357,295.81671142578125,17682100
NVDA,2021-10-19,22.20313074793577,22.30579445739423,21.964914136514288,22.217086791992188,161473000
QQQ,2021-10-19,363.1225161847525,364.8421760222479,362.10238452095024,364.7936096191406,29091000
AAPL,2021-10-20,145.03770255984122,146.0618453536086,144.4719854463032,145.5839080810547,58418800
MSFT,2021-10-20,296.75728265313415,297.22756896603414,293.7821220408967,295.02978515625,16537100
NVDA,2021-10-20,22.232033823134188,22.359615354512936,21.910090500609137,22.03069496154785,146276000
QQQ,2021-10-20,365.25016851446736,365.86225924202455,362.8406765083187,364.3174743652344,31390300
AAPL,2021-10-21,145.1449650896746,145.9545248556128,144.22811391179323,145.7984619140625,61421000
MSFT,2021-10-21,294.7994554629315,298.49438223529035,294.0220493838015,298.244873046875,16918100
NVDA,2021-10-21,22.024716293024067,22.636708092213606,22.010762150737015,22.617769241333008,187590000
QQQ,2021-10-21,363.52086567008075,366.7367443478896,363.21968280779555,366.54241943359375,25469300
AAPL,2021-10-22,146.0033099939033,146.481232332848,144.97916730862042,145.02793884277344,58883400
MSFT,2021-10-22,297.89931136627246,298.5615254647834,295.40401483593905,296.7092590332031,17449300
NVDA,2021-10-22,22.748339913629675,23.054334844956028,22.48719785150225,22.651657104492188,249384000
QQQ,2021-10-22,365.28916363209765,366.25100387400335,361.8012474626446,363.4626159667969,36275800
AAPL,2021-10-25,145.0181953145529,145.69120388157359,143.98430413512364,144.97918701171875,50720600
MSFT,2021-10-25,296.90120994069343,296.9396072317386,294.1180067552253,295.72076416015625,17554500
NVDA,2021-10-25,22.897851941944545,23.278602340486742,22.695516863119877,23.090221405029297,230235000
QQQ,2021-10-25,364.8810195167244,368.0968979159917,362.9378891413452,367.1836242675781,32597800
AAPL,2021-10-26,145.6521738906202,147.12497895180522,145.34004798248478,145.64242553710938,60893400
MSFT,2021-10-26,298.47520410987,299.8188165343258,296.1718643410095,297.62103271484375,28107300
NVDA,2021-10-26,23.910525487792796,25.176371413393948,23.845737588941468,24.63614273071289,485898000
QQQ,2021-10-26,369.41826607898804,371.8277289256972,367.16422758060594,368.3398132324219,47191300
AAPL,2021-10-27,145.68142436893194,146.04230690415662,144.83285629616836,145.18399047851562,56094900
MSFT,2021-10-27,303.27383257307736,312.9670843453073,303.27383257307736,310.15509033203125,52588700
NVDA,2021-10-27,24.39394293454579,25.007927133813123,24.20256965592996,24.371017456054688,245990000
QQQ,2021-10-27,368.7866927678403,372.2551875273893,368.5243808468804,369.19476318359375,45760500
AAPL,2021-10-28,146.13007740006395,149.39756103040457,146.03253435552523,148.81234741210938,100077900
MSFT,2021-10-28,311.2683233315921,311.7865842427679,308.417932252952,311.28753662109375,26297900
NVDA,2021-10-28,24.79662140845552,24.868386389920456,24.442783111276334,24.85941505432129,234204000
QQQ,2021-10-28,371.0893573713803,373.54741625645437,370.32181252550123,373.2947998046875,38007000
AAPL,2021-10-29,143.59413644564216,146.2471470636249,142.804088225394,146.110595703125,124953200
MSFT,2021-10-29,311.07633273826553,318.62937991946643,310.85558497336075,318.2646789550781,34766000
NVDA,2021-10-29,24.91921563206718,25.624899789420567,24.918219450808614,25.48336410522461,292503000
QQQ,2021-10-29,370.2246498535982,375.29622161802354,369.8749005973432,375.13104248046875,37310100
AAPL,2021-11-01,145.3205502265068,146.01305539533712,144.15985619885288,145.29129028320312,74588300
MSFT,2021-11-01,318.01528656238753,318.14005582207426,313.22625576663637,316.1054382324219,27073200
NVDA,2021-11-01,25.565094542912135,25.80929200930688,25.144474150231424,25.742511749267578,265740000
QQQ,2021-11-01,375.5682866192368,376.53985193637055,373.4891522584772,376.4135437011719,30765300
AAPL,2021-11-02,144.9986747309846,147.8370082711022,144.98891149464504,146.32518005371094,69122000
MSFT,2021-11-02,317.00752073679007,320.02107850414706,316.71000761817237,319.7139587402344,26487100
NVDA,2021-11-02,25.737527951466095,26.590726680343938,25.71559865861731,26.314632415771484,294112000
QQQ,2021-11-02,375.80140507193687,378.46351386461185,375.7528386721774,377.9874267578125,25135300
AAPL,2021-11-03,146.68605801297326,148.22714612515688,146.1301042293714,147.75897216796875,54511500
MSFT,2021-11-03,320.4528800727002,321.4126071943846,317.333766927226,320.5488586425781,21500100
NVDA,2021-11-03,26.582757025267508,26.696384427226477,26.14918053197211,26.5109920501709,239910000
QQQ,2021-11-03,378.4732740352497,382.41782702389656,377.4337216341692,382.00006103515625,33748900
AAPL,2021-11-04,147.8467909036605,148.67584762072252,146.92993945409776,147.2420654296875,60394600
MSFT,2021-11-04,319.48363531417436,322.98663410539643,316.2397523503642,322.8906555175781,23992200
NVDA,2021-11-04,27.139927249878582,31.26239704427072,27.02929029769168,29.703514099121094,1153631000
QQQ,2021-11-04,383.26314430394444,387.8489343530829,382.7190700311504,386.89678955078125,40265300
AAPL,2021-11-05,148.36534609443586,148.66815006608644,146.57781000839395,147.76950073242188,65463900
MSFT,2021-11-05,324.8772834386426,325.1460058993081,320.95200246852335,322.52593994140625,22570100
NVDA,2021-11-05,30.088252938531244,31.29728433418583,29.313794225323047,29.65467643737793,851260000
QQQ,2021-11-05,388.6649559362815,389.58792509832745,385.86684338012475,387.2658996582031,43383800
AAPL,2021-11-08,147.89649723038997,148.0527879681065,146.67550378830177,146.94900512695312,55020900
MSFT,2021-11-08,323.71603120896236,324.0519416472353,320.97122498059144,323.41851806640625,20897000
NVDA,2021-11-08,30.05037569360793,30.998264961741995,29.809166754618374,30.70323371887207,503101000
QQQ,2021-11-08,387.2367186387448,388.256850159151,386.0999743975993,386.7412109375,29256300
AAPL,2021-11-09,146.71456416967115,147.9160175036458,146.57781350486675,147.31040954589844,56787900
MSFT,2021-11-09,323.5336680917774,325.07884433236194,321.0575844525398,322.42041015625,21307400
NVDA,2021-11-09,32.17639923609389,32.204307519629445,29.86598118563401,30.556713104248047,646746000
QQQ,2021-11-09,387.81003104170816,388.20837639562905,382.71903806443726,384.0792236328125,50490700
AAPL,2021-11-10,146.5387319232798,146.64617992683026,144.4190894029692,144.48745727539062,65187100
MSFT,2021-11-10,321.0960047806577,321.15358608184823,316.633278207057,317.4778137207031,25500900
NVDA,2021-11-10,29.259970949508748,30.74908322904024,28.68386069593988,29.362632751464844,636206000
QQQ,2021-11-10,381.3101812742508,384.1179891815818,376.51064698992576,378.4343566894531,54937400
AAPL,2021-11-11,145.50333134171993,145.96241109507744,144.25302053135974,144.43861389160156,41000000
MSFT,2021-11-11,317.90961275273645,320.32811458361215,317.1994240467713,319.0420837402344,16849800
NVDA,2021-11-11,30.36832850950686,30.489929144616983,29.679589036849205,30.29058265686035,332172000
QQQ,2021-11-11,381.40741366559087,381.5822883113041,379.1436498134024,379.48370361328125,32243000
AAPL,2021-11-12,144.9856178095641,146.90990439693277,144.05766590459464,146.50942993164062,63804000
MSFT,2021-11-12,320.47213819174647,323.64883306583664,320.34736896230555,323.15936279296875,23831000
NVDA,2021-11-12,29.911826611453552,30.579634873996568,29.533068664937748,30.29058265686035,413054000
QQQ,2021-11-12,380.6302191581344,384.01127789551657,379.03686709786956,383.4769287109375,34730600
AAPL,2021-11-15,146.88058950641502,148.35555879375588,145.96240025846288,146.51918029785156,59222800
MSFT,2021-11-15,323.94638389817203,324.2726876885674,320.57773146516666,322.53558349609375,16723000
NVDA,2021-11-15,30.45205912496515,30.543757233968925,29.151327703396426,29.926782608032227,384909000
QQQ,2021-11-15,384.6523346212401,384.97293805192265,380.950674036111,383.3892822265625,33716900
AAPL,2021-11-16,146.46058703081326,147.97462166575806,145.87450429964008,147.49598693847656,59256200
MSFT,2021-11-16,322.1612942198898,326.95035397533974,321.9981569596239,325.8370666503906,20886800
NVDA,2021-11-16,29.661650656013027,30.290585092245067,29.608822634811435,30.104196548461914,264484000
QQQ,2021-11-16,382.66064649183136,386.61492387931935,382.466351246265,386.11944580078125,27872900
AAPL,2021-11-17,147.49598349597346,151.40316186672771,147.48622091573952,149.92820739746094,88807000
MSFT,2021-11-17,325.8850760747881,329.0098960712893,324.9812796361216,326.0581359863281,19053400
NVDA,2021-11-17,30.31849809734663,30.409201930373957,28.705790752092632,29.165283203125,428508000
QQQ,2021-11-17,386.44009993829405,388.35408477451546,385.3616766820078,386.3235168457031,28703300
AAPL,2021-11-18,150.14314860254595,154.98804289425877,149.49846040015208,154.20660400390625,137827700
MSFT,2021-11-18,325.1543261152059,329.2598774584323,324.1351564442823,328.12530517578125,22463500
NVDA,2021-11-18,32.26112405677025,32.65283625350955,31.21854422447708,31.571386337280273,781711000
QQQ,2021-11-18,388.36380376999676,390.83155825697514,386.1486360963617,390.32635498046875,45721500
AAPL,2021-11-19,153.9916731226482,157.28348128204507,152.89766786630707,156.8243865966797,117305600
MSFT,2021-11-19,329.44263177761013,331.8078723346504,329.0195768042026,329.8945007324219,21963400
NVDA,2021-11-19,32.137517323017796,32.97975412922735,31.800623741199225,32.87709045410156,533867000
QQQ,2021-11-19,391.9584894088829,393.77531134736444,391.132653168715,392.5025634765625,45191700
AAPL,2021-11-22,157.92813559947206,161.85485386154411,157.26392246010866,157.28346252441406,117467900
MSFT,2021-11-22,331.34626493417426,336.20177166262135,326.4715391090011,326.7407531738281,31031100
NVDA,2021-11-22,33.40735381658586,34.533658301488515,31.795644847195604,31.85146141052246,754335000
QQQ,2021-11-22,394.0378408325258,397.0885411920894,387.83924798018325,387.94610595703125,61715400
AAPL,2021-11-23,157.3811499145866,158.04537802988585,155.36895531169498,157.6644287109375,96041900
MSFT,2021-11-23,324.06790589930085,326.3754890891575,320.7123388682241,324.67364501953125,30427600
NVDA,2021-11-23,31.431844462985936,32.25414653332147,30.778986374975506,31.642154693603516,532163000
QQQ,2021-11-23,386.78982609208884,388.8495693207287,381.74742974006676,386.1777648925781,70098700
AAPL,2021-11-24,157.01972573471906,158.37746957878764,155.93548317544833,158.18211364746094,69463600
MSFT,2021-11-24,323.32755315823283,325.1351461786082,321.0488427828943,324.894775390625,21661300
NVDA,2021-11-24,31.35808076043458,32.74751961280794,30.82682344260041,32.56711196899414,435162000
QQQ,2021-11-24,383.7003052575749,387.7031498463432,381.3782794363445,387.4214172363281,46954400
AAPL,2021-11-26,155.86712045424656,156.72668956141257,152.73160325073675,153.17115783691406,76959800
MSFT,2021-11-26,321.4718896050423,324.9139862915625,315.4818391564863,316.98175048828125,24217200
NVDA,2021-11-26,32.49335390329238,32.60299466798655,31.24744493690994,31.399944305419922,283069000
QQQ,2021-11-26,384.84668358291367,386.23604437603416,378.6869636697701,380.0763244628906,51533300
AAPL,2021-11-29,155.67175446958956,157.44952783966656,155.10521179906075,156.52157592773438,88748200
MSFT,2021-11-29,322.03915370433015,325.9716160847785,321.84684534637535,323.6640625,28563500
NVDA,2021-11-29,32.26012461188157,33.30270053648563,31.931202291527786,33.26681900024414,454964000
QQQ,2021-11-29,384.6330147582925,389.3353874223647,383.9043407569417,388.324951171875,54447100
AAPL,2021-11-30,156.2773947152438,161.67906839694083,156.2090119296681,161.46417236328125,174048100
MSFT,2021-11-30,322.4045150069706,324.7697551795586,316.31831064916247,317.856689453125,42885600
NVDA,2021-11-30,33.06049435573746,33.24389436052743,31.759764944757165,32.56910705566406,622066000
QQQ,2021-11-30,387.44078141295927,389.7822571763225,380.6106790288867,382.621826171875,81332700
AAPL,2021-12-01,163.59354652559932,166.3481143018466,160.7120055934647,160.94644165039062,152052500
MSFT,2021-12-01,322.22180934894953,326.21195801552415,316.70290620086416,317.3663024902344,33337600
NVDA,2021-12-01,33.114390390664795,33.184169646455935,31.281179063188567,31.33600616455078,484368000
QQQ,2021-12-01,386.9550383610428,389.0924939464996,375.64603334024446,376.11236572265625,77766500
AAPL,2021-12-02,155.0563862894109,160.38967666927002,154.13819694441963,159.9598846435547,136739200
MSFT,2021-12-02,317.57784067361735,320.6449739601022,315.1741330410827,316.7990417480469,30766000
NVDA,2021-12-02,31.115692017225935,32.37571098071058,30.927286193911225,32.024818420410156,472890000
QQQ,2021-12-02,374.82984957942165,380.6009493514841,373.41137266182295,378.822998046875,84416600
AAPL,2021-12-03,160.2138312915339,161.13202046747685,156.01361213812496,158.08441162109375,118023100
MSFT,2021-12-03,319.20279534885117,319.88546954113923,305.7804982116358,310.5686950683594,41779300
NVDA,2021-12-03,31.899227266863253,32.027822639120906,30.035115336865402,30.596343994140625,544325000
QQQ,2021-12-03,380.1831750070444,381.1838859743327,368.12604734982597,372.23577880859375,105349100
AAPL,2021-12-06,160.47759138079394,163.98429560873123,160.4678287996897,161.48370361328125,107497000
MSFT,2021-12-06,311.47244701692887,314.83763770524575,306.9342458292847,313.62615966796875,30032600
NVDA,2021-12-06,29.785896749769435,30.145759897248112,27.949698785402717,29.94240379333496,658938000
QQQ,2021-12-06,372.7216064023511,376.57872188749616,368.5147119860262,375.2185363769531,67588800
AAPL,2021-12-07,165.15644279486372,167.598429443289,164.4336093812365,167.20770263671875,120405400
MSFT,2021-12-07,318.8663250684686,322.8660696420731,317.38563262002015,322.0199890136719,31021900
NVDA,2021-12-07,30.859514259780514,32.346816391112846,30.554476224251633,32.32488250732422,593053000
QQQ,2021-12-07,381.8543205406165,387.1299131676193,381.8154496254589,386.517822265625,56005300
AAPL,2021-12-08,168.1356556285786,171.87678065417452,166.73883163036436,171.01719665527344,116998900
MSFT,2021-12-08,322.3948633464057,322.57754746432244,318.05856561396024,322.0679626464844,24761000
NVDA,2021-12-08,31.898226458005908,32.188310380047575,31.322045727763758,31.725770950317383,475551000
QQQ,2021-12-08,386.84813523155293,388.45121190853195,384.9535711997848,388.2471618652344,39204000
AAPL,2021-12-09,170.85116144440897,172.6484600825667,169.8841293433167,170.50927734375,108923700
MSFT,2021-12-09,321.5295600175577,323.5294319116375,319.3277555505204,320.27001953125,22214200
NVDA,2021-12-09,31.63406386343503,32.10358318046431,30.332176907618503,30.39398193359375,488507000
QQQ,2021-12-09,387.0230508591578,388.8204526297621,382.3400989043438,382.534423828125,49973700
AAPL,2021-12-10,171.14419733842757,175.46162790674452,170.63625994665398,175.28579711914062,115402700
MSFT,2021-12-10,322.0775956761069,329.7886790069199,321.894911553193,329.3464050292969,38095700
NVDA,2021-12-10,31.051903118678588,31.206415682530494,29.766962833942674,30.102901458740234,488825000
QQQ,2021-12-10,385.3421676711023,386.9549693890545,382.1748557726093,386.6926574707031,52545800
AAPL,2021-12-13,176.916993613016,177.90356547736783,171.45671659739713,171.66184997558594,153237000
MSFT,2021-12-13,327.55805926915104,330.54828700278097,326.0196804228618,326.3273620605469,28899400
NVDA,2021-12-13,30.15374302232693,30.19860138828651,28.02745875745351,28.072317123413086,598344000
QQQ,2021-12-13,386.6829453531064,387.0035488196658,380.736971138381,381.1061706542969,50166400
AAPL,2021-12-14,171.18327152968024,173.6154957034132,168.21382219359762,170.2846221923828,139380400
MSFT,2021-12-14,320.38543259627,321.75075164875943,311.6263053995195,315.6933898925781,44438700
NVDA,2021-12-14,27.61176761656936,28.58768456683166,27.16418223461943,28.247758865356445,667035000
QQQ,2021-12-14,376.28718869715664,378.9978638969991,372.72156103034786,377.16162109375,75199200
AAPL,2021-12-15,171.04652519555987,175.33465344975855,168.31149697974806,175.13929748535156,131063300
MSFT,2021-12-15,315.9528888428843,322.2794628998093,312.00120811857875,321.76025390625,35381100
NVDA,2021-12-15,28.31055963968994,30.403946500307338,27.75032926972712,30.363075256347656,698297000
QQQ,2021-12-15,376.90903385524365,386.1194833044048,372.9644812243369,385.7599792480469,73858000
AAPL,2021-12-16,175.11975249855263,176.93659123544322,166.78769490587976,168.2626495361328,150185800
MSFT,2021-12-16,322.77946305235776,323.7890378493558,310.57824093079836,312.3858337402344,35034800
NVDA,2021-12-16,31.053897441434426,31.061871670056004,28.004530741243016,28.297603607177734,707366000
QQQ,2021-12-16,386.7218756836491,387.1493668046247,374.2566757853387,375.84033203125,82591400
AAPL,2021-12-17,165.98669687061619,169.444558052229,165.75227570894924,167.1686248779297,195432700
MSFT,2021-12-17,308.5207023277349,312.405102273891,305.03051397428044,311.3282165527344,47750300
NVDA,2021-12-17,27.896871959169967,28.830921489909592,27.672580135131074,27.713451385498047,713758000
QQQ,2021-12-17,372.4301201552073,378.1235083343343,370.91448063171447,373.9652099609375,80492500
AAPL,2021-12-20,164.374993320752,166.62162387110183,163.57402950297322,165.81088256835938,107499100
MSFT,2021-12-20,307.72269664260455,310.3667755304143,305.3382370063855,307.5881042480469,28326500
NVDA,2021-12-20,27.219012340762006,28.05536898927544,27.059516359346297,27.6317081451416,461847000
QQQ,2021-12-20,369.24801685453167,371.1255254941099,367.2051181161095,370.3375549316406,65336800
AAPL,2021-12-21,167.57894447040053,169.18088764223765,165.195562333219,168.97576904296875,91185900
MSFT,2021-12-21,310.83793531898675,315.10692339538815,307.48233874598975,314.6838684082031,24740600
NVDA,2021-12-21,28.284645850680768,29.028296854991318,27.31470852270142,28.98343849182129,524385000
QQQ,2021-12-21,373.6062316713703,378.9372206550842,369.86095132660364,378.62591552734375,48899500
AAPL,2021-12-22,169.02453697313442,171.77910499631244,168.15519034473417,171.564208984375,92135300
MSFT,2021-12-22,315.6549198284857,320.7603932246783,313.2031494286014,320.3662109375,24831500
NVDA,2021-12-22,28.80002091891176,29.4619294942851,28.35941146999594,29.307416915893555,395184000
QQQ,2021-12-22,378.3340481411925,383.4412804932483,377.67254707587614,383.23699951171875,37042200
AAPL,2021-12-23,171.76931657934202,172.74611106678847,171.20277398805894,172.1893310546875,68356600
MSFT,2021-12-23,319.93357863165926,323.43339204336854,319.9143595281961,321.7988586425781,19617800
NVDA,2021-12-23,29.661295177874464,29.964338677580162,29.338316106879212,29.54665756225586,343022000
QQQ,2021-12-23,383.5871812759535,387.5951377661711,383.42182085959166,386.126220703125,29595500
AAPL,2021-12-27,172.9805356564393,176.2332631531054,172.9610104976855,176.14535522460938,74919600
MSFT,2021-12-27,322.5391310058425,329.2887615338592,322.5102876848739,329.2599182128906,19947000
NVDA,2021-12-27,29.566596240467327,30.989102457785446,29.54665876702278,30.847549438476562,403686000
QQQ,2021-12-27,387.4200861977094,392.50787353515625,387.3909031979328,392.50787353515625,32820700
AAPL,2021-12-28,175.97935346537145,177.1222015844957,174.38717318344425,175.12953186035156,79144300
MSFT,2021-12-28,329.9329216504245,330.567504020854,327.21193737349995,328.1061096191406,15661500
NVDA,2021-12-28,31.21339111350028,31.231334077242877,29.91748399123054,30.22650909423828,420591000
QQQ,2021-12-28,393.4027971113481,393.57789509151775,389.813140079433,390.68865966796875,33113700
AAPL,2021-12-29,175.16857977375096,176.43841575185178,174.0061917992903,175.21742248535156,62348900
MSFT,2021-12-29,328.1541872836197,331.0386367329647,326.5965892757154,328.7791748046875,15042000
NVDA,2021-12-29,30.177665528495464,30.451799123179573,29.273520345909006,29.90652084350586,343139000
QQQ,2021-12-29,390.82494423540373,392.0895805930732,388.2567212665021,390.63037109375,32248500
AAPL,2021-12-30,175.30533745901636,176.3798175385403,173.95735606919604,174.06480407714844,59773000
MSFT,2021-12-30,328.7406955115323,329.9137060860202,325.76971620596595,326.2504577636719,15994500
NVDA,2021-12-30,29.733066714604764,30.361083746132028,29.446971799242743,29.492826461791992,308864000
QQQ,2021-12-30,390.41625210349576,392.5953579163481,388.8792315554268,389.4629211425781,23850100
AAPL,2021-12-31,173.9573701608435,175.07091555859822,173.14662874511,173.44944763183594,64062300
MSFT,2021-12-31,325.47161689597885,326.28885396518314,322.91406861710993,323.365966796875,18000800
NVDA,2021-12-31,29.580546849229506,29.93542658854919,29.238626655486247,29.318374633789062,266530000
QQQ,2021-12-31,388.79169097937756,390.15361358706275,386.5347736936786,387.0309143066406,34752900
AAPL,2022-01-03,173.70338274431063,178.63619837680892,173.5861721636794,177.786376953125,104487900
MSFT,2022-01-03,322.4333104284771,324.9812343560376,317.07784340008425,321.8564147949219,28865100
NVDA,2022-01-03,29.721106030264906,30.61428422261977,29.69119982289277,30.026142120361328,391547000
QQQ,2022-01-03,388.19825960966415,391.00968346905273,386.08728701256086,390.7567443847656,40575900
AAPL,2022-01-04,178.39201490568885,178.69481886787932,174.96345608354855,175.52999877929688,99310400
MSFT,2022-01-04,321.93336411107276,322.28913749513237,313.55885476913005,316.3375549316406,32674300
NVDA,2022-01-04,30.18165084016446,30.372049319821922,28.25972307978426,29.1977596282959,527154000
QQQ,2022-01-04,391.3014647821451,391.3403853335866,382.5948691430199,385.6883850097656,58027200
AAPL,2022-01-05,175.44206970266174,175.98907226585013,170.58739959731207,170.86090087890625,94537600
MSFT,2022-01-05,313.30890328932094,313.5108358888348,303.80947386548866,304.1940612792969,40054300
NVDA,2022-01-05,28.857828469194196,29.323358674496106,27.446289504860772,27.517065048217773,498064000
QQQ,2022-01-05,384.00552916746227,385.12428010378204,373.5867825549278,373.8397216796875,75739800
AAPL,2022-01-06,168.69245085589924,171.23212317548703,167.65705080251047,168.00869750976562,96904000
MSFT,2022-01-06,301.0884814026268,306.42473117892956,299.4924156466347,301.7903747558594,39646100
NVDA,2022-01-06,27.55295615903355,28.348443450993756,26.979768076203065,28.089262008666992,454186000
QQQ,2022-01-06,372.02056019679407,376.8164876394273,369.79282568546137,373.5770263671875,70814300
AAPL,2022-01-07,168.878037036841,170.0990304259398,167.06119827767387,168.17474365234375,86709100
MSFT,2022-01-07,302.0499018859666,304.30939297872214,298.1462829521569,301.94415283203125,32720000
NVDA,2022-01-07,28.052379478532124,28.332494693927416,26.971791660779605,27.16119384765625,409939000
QQQ,2022-01-07,373.58676631105357,375.26973173594047,367.7596666339239,369.5301513671875,72652300
AAPL,2022-01-10,165.1564429133354,168.4970788622131,164.2675561955421,168.19427490234375,106765600
MSFT,2022-01-10,297.56939515988586,302.597962334878,292.95428801782003,302.165283203125,44289500
NVDA,2022-01-10,26.497290128969677,27.382494114013422,25.5632406683439,27.313711166381836,594681000
QQQ,2022-01-10,364.6272827725465,370.2890228474581,359.2671102907393,369.7734069824219,91770500
AAPL,2022-01-11,168.3212489833143,171.1148671703379,166.85605711502512,171.01719665527344,76138300
MSFT,2022-01-11,301.309612939468,304.4151849277161,297.9540459272227,302.8479919433594,29386800
NVDA,2022-01-11,27.23695493896439,27.97661882621992,26.754479886883722,27.729398727416992,404089000
QQQ,2022-01-11,369.0437150608484,375.49342437997234,366.9619254037455,375.32806396484375,68295700
AAPL,2022-01-12,172.03309245435602,173.06849253983535,170.76327115991117,171.456787109375,74805200
MSFT,2022-01-12,307.35726904389804,310.95320590504565,304.8670023701138,306.01116943359375,34372200
NVDA,2022-01-12,27.978608560513216,28.504945618330236,27.52105444566208,27.910823822021484,383413000
QQQ,2022-01-12,377.8962372540875,379.58894000178645,374.5400741286229,376.8164367675781,54576400
AAPL,2022-01-13,171.70096415486904,172.52146809219963,167.80354809549323,168.19427490234375,84505800
MSFT,2022-01-13,308.1264806975711,308.5206922774309,292.2908533568236,293.0600280761719,45366000
NVDA,2022-01-13,28.289627869102336,28.390309630110426,26.41455104320911,26.491310119628906,540171000
QQQ,2022-01-13,378.1978779155955,378.8788541706966,366.4561289540999,367.3900146484375,77994000
AAPL,2022-01-14,167.36401309283474,169.7473947274692,167.11981439919933,169.0538787841797,80440800
MSFT,2022-01-14,292.53126883368355,298.8482206128136,292.0505272250826,298.2521057128906,39846400
NVDA,2022-01-14,26.21717640732011,27.111352875878474,26.12745967935316,26.857154846191406,395832000
QQQ,2022-01-14,364.8704215155353,370.0068369648737,364.66611084234313,369.67608642578125,80121200
AAPL,2022-01-18,167.53003637041928,168.53613361538314,165.47877665458643,165.85972595214844,90956700
MSFT,2022-01-18,292.3581471597959,297.8674260520063,290.1178753051929,290.9928283691406,42333200
NVDA,2022-01-18,26.177302480368454,26.554112344866216,25.688845811972694,25.821426391601562,424270000
QQQ,2022-01-18,363.8684722871507,365.98918287000924,359.71457043714145,360.4733581542969,75450900
AAPL,2022-01-19,166.0551095373263,167.11004966883394,162.08932518842298,162.37258911132812,94815000
MSFT,2022-01-19,294.4926786966677,301.8191755170397,291.04095775062984,291.64666748046875,45933900
NVDA,2022-01-19,25.996870135634115,26.459407663390692,24.97310403064186,24.988056182861328,488315000
QQQ,2022-01-19,362.0298017987283,364.5007377255495,356.25133090845486,356.5140075683594,81791500
AAPL,2022-01-20,163.10522017244168,165.74256361462582,160.37019127122133,160.69253540039062,91420500
MSFT,2022-01-20,297.16564931418003,299.6462633071286,289.54109381959523,289.9833679199219,35380700
NVDA,2022-01-20,25.22431503185262,25.498448638286458,24.00217414256686,24.07394790649414,435181000
QQQ,2022-01-20,359.734037581992,363.70307408651166,351.3484523152494,351.88348388671875,88610700
AAPL,2022-01-21,160.60457194151562,162.470253269675,158.5337720868401,158.64122009277344,122848900
MSFT,2022-01-21,291.03131903917586,292.39660859622313,284.22400232617673,284.6278381347656,57984400
NVDA,2022-01-21,23.43297273498428,24.744828429105826,23.18974164646766,23.300392150878906,718958000
QQQ,2022-01-21,349.6946518810321,352.3309484155579,341.84409858774796,342.126220703125,143388900
AAPL,2022-01-24,156.30669005524535,158.53378075020058,151.11013516388041,157.8695526123047,162294600
MSFT,2022-01-24,280.94543450165037,285.66629172565484,265.4174555944959,284.9548034667969,85731500
NVDA,2022-01-24,22.259678694181396,23.30637129274654,20.82222037714528,23.298397064208984,913982000
QQQ,2022-01-24,336.5034508180747,344.35400525124277,325.06323854930025,343.6924743652344,198685800
AAPL,2022-01-25,155.29081165334586,158.98309429431202,153.37630245676536,156.07225036621094,115798400
MSFT,2022-01-25,280.29152732225515,283.627874669316,274.18613344698997,277.37823486328125,72848600
NVDA,2022-01-25,22.474995512389242,22.870746504571382,21.9307154992586,22.253694534301758,664616000
QQQ,2022-01-25,337.2427637902628,341.4841848912907,332.38844029940157,335.72515869140625,124398400
AAPL,2022-01-26,159.70592982008216,160.57527648713483,154.15774320444362,155.98434448242188,108275300
MSFT,2022-01-26,296.1272067657119,296.6175725961171,281.74342604783857,285.28167724609375,90428900
NVDA,2022-01-26,23.166811526105583,23.98123803745793,22.229771275614063,22.700284957885742,755959000
QQQ,2022-01-26,343.31309150880196,347.1751338941979,331.51294576874983,335.19989013671875,146559500
AAPL,2022-01-27,158.68031157129744,160.03805574105326,154.60707906202995,155.5252685546875,121954600
MSFT,2022-01-27,291.0024659264915,295.46373205879246,286.4546404978711,288.29107666015625,53481300
NVDA,2022-01-27,23.493783457519353,23.919438849325257,21.60674309968497,21.874897003173828,573353000
QQQ,2022-01-27,339.89849877273497,341.71764171534386,330.80275437199975,331.82421875,95255700
AAPL,2022-01-28,161.86466955096992,166.3969967339565,159.02219316405643,166.37745666503906,179935700
MSFT,2022-01-28,288.6661016492175,296.59833777305556,283.10873012038377,296.3868103027344,49743700
NVDA,2022-01-28,21.94267865750041,22.78601509261585,21.22893388945279,22.7680721282959,543774000
QQQ,2022-01-28,333.7016857380433,342.44720335065784,328.7598436579798,342.2331848144531,108167900
AAPL,2022-01-31,166.21138037947398,170.93906288440527,165.576454917367,170.7241668701172,115541600
MSFT,2022-01-31,297.05023502997614,300.34811523788875,294.5695920371354,299.0020446777344,46444500
NVDA,2022-01-31,23.108997226913345,24.431819963911636,22.979407443957587,24.408891677856445,564680000
QQQ,2022-01-31,343.59518904683466,353.76099683287447,341.9608519381852,353.17730712890625,94326400
AAPL,2022-02-01,169.9720379540269,170.78277933201363,168.31148996868112,170.55812072753906,86213900
MSFT,2022-02-01,298.45399507702996,298.6655225486515,293.37736510025144,296.8675537109375,40950400
NVDA,2022-02-01,25.02494354865154,25.065814798100266,23.814765930647102,24.56041145324707,518925000
QQQ,2022-02-01,354.51975345573044,356.2319018538568,349.3736300747479,355.5801086425781,74433000
AAPL,2022-02-02,170.69486467196293,171.79864739328102,169.30781806090394,171.7595672607422,84914300
MSFT,2022-02-02,297.70403751014493,302.98257070424955,296.9829251353378,301.3865051269531,36636000
NVDA,2022-02-02,25.712769688020778,25.735696069563566,24.475676742278374,25.162508010864258,543419000
QQQ,2022-02-02,359.704782025708,360.0355325270616,354.3835316340809,358.46929931640625,78777100
AAPL,2022-02-03,170.43110878285196,172.15027672857178,168.12587305039293,168.8877716064453,89418100
MSFT,2022-02-03,297.5694010605456,299.24240163998115,288.4064681116785,289.64678955078125,43730000
NVDA,2022-02-03,24.38097558762337,24.998025678674647,23.705111287686467,23.872581481933594,410178000
QQQ,2022-02-03,348.78019330152955,352.08772832642944,342.875252752368,343.93560791015625,95384800
AAPL,2022-02-04,167.90974218054592,170.27660988825676,166.93170310002452,168.60415649414062,82465400
MSFT,2022-02-04,288.6468494123292,296.9059861831538,288.41610284488047,294.1561584472656,35096500
NVDA,2022-02-04,23.89650713053911,24.55741930721573,23.557577711661764,24.242414474487305,354829000
QQQ,2022-02-04,344.4512021440884,351.5721505685939,342.3985953365478,348.27435302734375,86318300
AAPL,2022-02-07,169.0638570704662,170.1299162190593,167.19579861278513,167.8902130126953,77251200
MSFT,2022-02-07,294.3772180338793,295.98287796690846,288.3487017661909,289.3582763671875,28533300
NVDA,2022-02-07,24.295251385703413,25.102700132495116,24.125786646120726,24.650131225585938,376868000
QQQ,2022-02-07,348.867832699805,351.2317451693235,344.217819211583,345.4727478027344,58198100
AAPL,2022-02-08,167.95865801143464,171.49916986063508,167.66524328351184,170.99058532714844,74829200
MSFT,2022-02-08,289.6467780186861,293.7907677485287,288.3968617508122,292.82928466796875,32421200
NVDA,2022-02-08,24.282283286827955,25.150540457970152,23.90447719428148,25.0289249420166,410359000
QQQ,2022-02-08,344.3345030373818,350.4437252968105,343.206044188482,349.35418701171875,64720900
AAPL,2022-02-09,172.1837618828852,172.7705763046375,171.05900812473544,172.40870666503906,71285000
MSFT,2022-02-09,297.9347910965561,299.91544411863055,295.55033156667764,299.2231750488281,31284700
NVDA,2022-02-09,25.541313315747384,26.64084048931407,25.27316132302811,26.62090301513672,524282000
QQQ,2022-02-09,353.86799703006915,356.8350441003599,352.27258059296145,356.7572326660156,55766400
AAPL,2022-02-10,170.31574652168356,171.6263154743887,167.78262856301606,168.34010314941406,90865900
MSFT,2022-02-10,292.3293418995418,297.2136633368289,289.1179917352157,290.7332763671875,45386200
NVDA,2022-02-10,25.91313678658992,26.840206412140088,25.519380273324217,25.742673873901367,513200000
QQQ,2022-02-10,349.74327756855774,356.52373803272644,346.84433406588846,348.68292236328125,112468500
AAPL,2022-02-11,168.54550592037077,169.2790353586412,164.34970917619486,164.93653869628906,98670700
MSFT,2022-02-11,291.51204526354115,292.5696824760353,282.8875412205064,283.67596435546875,39175600
NVDA,2022-02-11,25.834385491481136,26.069642339244744,23.698134593993387,23.873579025268555,605472000
QQQ,2022-02-11,348.68287051394003,350.27828670953545,336.39632517138085,337.6220703125,101569100
AAPL,2022-02-14,163.69443102962404,165.85590442480958,162.9022215932997,165.17127990722656,86185500
MSFT,2022-02-14,282.4549382210914,285.3297932381347,280.12816506880574,283.6375732421875,36359500
NVDA,2022-02-14,23.858630725496297,24.79666745710509,23.680193553099095,24.190582275390625,440424000
QQQ,2022-02-14,337.0675991070054,341.43551898191356,334.53832682443243,338.0404052734375,80254400
AAPL,2022-02-15,167.21538330696293,169.15189697697923,166.5111938044669,168.9954071044922,62527400
MSFT,2022-02-15,288.45448512893597,289.2140354696684,285.579631395878,288.8967590332031,27058300
NVDA,2022-02-15,24.870429246985168,26.461403743864466,24.705949858768733,26.411561965942383,699869000
QQQ,2022-02-15,343.31314900847826,346.6790512205408,342.2527934750964,346.4455871582031,55128800
AAPL,2022-02-16,168.07599585189521,169.53326430436957,166.315522795651,168.7606201171875,61177400
MSFT,2022-02-16,287.4709041609937,289.8795822189875,282.9522217719727,288.55963134765625,29982100
NVDA,2022-02-16,26.176305909012655,26.498288671486034,25.47153166394175,26.42751121520996,732676000
QQQ,2022-02-16,344.1983399690961,347.3794059544113,341.17289687012845,346.35797119140625,58947100
AAPL,2022-02-17,167.27405840916626,168.13473775909648,164.7702802170368,165.17127990722656,69589300
MSFT,2022-02-17,285.5343344781432,285.95826419364323,279.40667124960413,280.1100158691406,32461600
NVDA,2022-02-17,25.549283587406155,25.70379613633401,24.088899004953028,24.429821014404297,810595000
QQQ,2022-02-17,343.14761274914025,343.84803432565775,335.63754850169113,336.0558776855469,61801400
AAPL,2022-02-18,166.09060878011084,166.7947832093295,162.54032203615824,163.62594604492188,82772700
MSFT,2022-02-18,282.34526097655436,283.1256704001954,275.8514736331867,277.41229248046875,34264000
NVDA,2022-02-18,24.590318819110674,24.907318216224986,23.027257619895654,23.567550659179688,761255000
QQQ,2022-02-18,336.98976643850756,337.37888294301985,329.9174767418236,332.2230224609375,80001500
AAPL,2022-02-22,161.35690506054718,163.02935867994262,158.58905229899906,160.71141052246094,91162800
MSFT,2022-02-22,274.58928762159644,280.8903974019096,274.1075520292779,277.2099304199219,41736100
NVDA,2022-02-22,22.962454160001126,23.988212791235018,22.9275645399824,23.316335678100586,633422000
QQQ,2022-02-22,329.2850844804195,334.6841754461255,325.2576831875964,328.88623046875,85967100
AAPL,2022-02-23,161.90460945584556,162.50121399005073,156.24176881453315,156.55474853515625,90009200
MSFT,2022-02-23,279.58004589911764,281.04454083688285,269.8682698302373,270.03204345703125,37811200
NVDA,2022-02-23,23.727044613283795,24.078933611616357,22.230771994916,22.316499710083008,566511000
QQQ,2022-02-23,332.0383048886634,332.87490418619785,320.15060887321874,320.4619140625,86215400
AAPL,2022-02-24,149.22921086821898,159.27367681919955,148.66194638721413,159.1660919189453,141147500
MSFT,2022-02-24,262.55554816759064,284.3781651371424,261.6016916782459,283.8289794921875,56989700
NVDA,2022-02-24,20.94881900592277,23.72504833875335,20.82421265561137,23.6732120513916,735801000
QQQ,2022-02-24,310.1695541857817,331.76586571589667,309.60533959972105,331.2308044433594,130614100
AAPL,2022-02-25,160.24193771015948,161.4938266826065,157.3371601146723,161.22976684570312,91974200
MSFT,2022-02-25,284.35889947396316,286.7579333141939,280.99636504653614,286.4496154785156,32546700
NVDA,2022-02-25,23.646299107713094,24.14073550496428,23.307369674838906,24.08092498779297,528866000
QQQ,2022-02-25,332.0285103049562,336.57152871228726,328.21512629807074,336.3672180175781,78842100
AAPL,2022-02-28,159.479061922758,161.78723492110947,158.86289248069977,161.4938201904297,95056600
MSFT,2022-02-28,283.5591579767434,288.2127395416602,282.29701327303695,287.8755187988281,34627500
NVDA,2022-02-28,23.916448303789124,24.58732932029643,23.63234593831366,24.308210372924805,477319000
QQQ,2022-02-28,333.1958540080665,339.06187408237105,332.0382122795594,337.3691711425781,77515500
AAPL,2022-03-01,161.08304074169718,162.94132403155473,158.41299811175085,159.61598205566406,83474400
MSFT,2022-03-01,285.5727965486782,289.01239505161357,281.4780448269364,284.17578125,31217800
NVDA,2022-03-01,24.214500358111323,24.300229958145785,23.0591500185398,23.40306282043457,412056000
QQQ,2022-03-01,336.34771581519976,338.61434101103964,329.68398795912555,332.20355224609375,67407000
AAPL,2022-03-02,160.77987821220702,163.68465609606667,159.37149924746353,162.9022216796875,79724800
MSFT,2022-03-02,284.57081381078126,290.45763760043087,282.97147763773455,289.2243957519531,31873000
NVDA,2022-03-02,23.685225970986814,24.336280413234043,23.34524228336605,24.147842407226562,389642000
QQQ,2022-03-02,333.75027875813333,339.1104494682078,330.98751320333344,337.7777099609375,70609000
AAPL,2022-03-03,164.77026570160976,165.20060533866413,161.91439302006907,162.57945251464844,76678400
MSFT,2022-03-03,291.8258393249391,292.0570630305392,283.3087270663971,285.1104431152344,27314500
NVDA,2022-03-03,24.18970859573135,24.25351898284403,23.39907213183719,23.643342971801758,365095000
QQQ,2022-03-03,340.41407433832154,340.5210984604028,331.09460378869966,332.9526672363281,71089400
AAPL,2022-03-04,160.87764280753723,161.9143617747294,158.54013016070306,159.5866241455078,83737200
MSFT,2022-03-04,283.539896997228,284.8598476008339,276.6799879839054,279.2716979980469,32356500
NVDA,2022-03-04,23.314331446054602,23.609449084190494,22.415018401859665,22.867666244506836,431415000
QQQ,2022-03-04,330.5984998691438,332.028526362809,325.8123093471127,328.1275634765625,76936300
AAPL,2022-03-07,159.7724565579089,161.39600492959968,155.54732078440395,155.80162048339844,96418800
MSFT,2022-03-07,277.9903600081898,279.1079901922431,268.35564745891236,268.7217712402344,43157200
NVDA,2022-03-07,22.749020877092576,22.964378855624652,21.266451574671656,21.28838539123535,450821000
QQQ,2022-03-07,328.1178218819508,329.2754636715576,315.8215368751897,316.02581787109375,89933800
AAPL,2022-03-08,155.33216629168248,159.30300237550088,152.37848423515257,153.9824676513672,131148300
MSFT,2022-03-08,267.6522801991081,273.58726615536074,260.1372168079997,265.7735290527344,48159500
NVDA,2022-03-08,21.245508651209924,22.30633758184678,20.588471783228282,21.44989776611328,557467000
QQQ,2022-03-08,315.2378618637905,324.14877091450364,311.2396423195089,314.5569152832031,116153900
AAPL,2022-03-09,157.93372624467713,159.82134918778635,155.9091933685317,159.37144470214844,91454900
MSFT,2022-03-09,273.0862641319039,279.0212499230222,270.52342735372963,277.96142578125,35204500
NVDA,2022-03-09,22.32029806776181,23.15081636408371,22.18071580003234,22.945430755615234,492742000
QQQ,2022-03-09,322.7284579772235,327.2325554489857,320.1407899136627,325.8803405761719,64723400
AAPL,2022-03-10,156.68185579600046,156.86768560681452,152.55452973284972,155.03875732421875,105342000
MSFT,2022-03-10,272.68158699777644,276.13083008813146,270.33071510240313,275.15771484375,30628000
NVDA,2022-03-10,22.46387173081111,22.720105999777736,21.816805180949956,22.59049415588379,428066000
QQQ,2022-03-10,321.8238210937463,323.4678662884436,317.8255713431909,322.2615661621094,69362700
AAPL,2022-03-11,155.43974670100266,155.78206635482195,151.1070406596988,151.3319854736328,96970100
MSFT,2022-03-11,277.441127086034,278.9345249185214,269.22271985726513,269.83935546875,27209300
NVDA,2022-03-11,22.953408821575593,23.076043457185644,21.980316832138143,22.034156799316406,367209000
QQQ,2022-03-11,325.2285581449521,325.5398632369939,315.0919050320362,315.57830810546875,66228400
AAPL,2022-03-14,148.12403016599976,150.7353929741164,146.8036862331013,147.312255859375,108732100
MSFT,2022-03-14,270.09954271533127,274.97470517723553,265.7446629920697,266.3420104980469,30660700
NVDA,2022-03-14,21.80384458359265,22.195673358229172,21.095960818464654,21.266450881958008,385354000
QQQ,2022-03-14,314.3428716623377,317.70877279649835,308.81733958006123,309.51776123046875,79802600
AAPL,2022-03-15,147.58609577139651,152.1535515492418,147.0775261791108,151.68408203125,92964300
MSFT,2022-03-15,270.10920358547907,277.3063358721881,268.5483846755829,276.6607971191406,34245100
NVDA,2022-03-15,21.45388764879963,22.969359327340563,21.25847247473295,22.904552459716797,491996000
QQQ,2022-03-15,312.15399880126375,320.0045504663024,310.54887481426624,319.2262878417969,76471000
AAPL,2022-03-16,153.60103819497576,156.48625045296393,151.06792059745445,156.0852508544922,102300200
MSFT,2022-03-16,278.54919544627364,283.809770330095,272.8551054876842,283.6363525390625,37826300
NVDA,2022-03-16,23.429986500774472,24.523718332751294,23.10296459283885,24.423019409179688,671422000
QQQ,2022-03-16,323.13700512453204,331.1821006306383,319.4695072428963,331.06536865234375,105243000
AAPL,2022-03-17,155.12679794973494,157.46431103838808,154.16832371335292,157.0926513671875,75615400
MSFT,2022-03-17,282.5764817272433,284.81171260660994,278.7996616158856,284.43597412109375,30816600
NVDA,2022-03-17,24.04813969626861,24.76798684900342,23.834776570421486,24.692214965820312,471941000
QQQ,2022-03-17,329.16839361847946,335.1316997309201,327.8745745746981,335.0733337402344,67810000
AAPL,2022-03-18,156.98506332691767,160.86788006337628,156.25153394230247,160.3788604736328,123511700
MSFT,2022-03-18,284.580435823197,290.0047824722256,282.0368875720342,289.4555969238281,43390600
NVDA,2022-03-18,24.725114127062692,26.489841079768297,24.550636279337244,26.37418556213379,730719000
QQQ,2022-03-18,333.4195566448327,342.2234697530368,332.26191499890564,341.9316101074219,85446300
AAPL,2022-03-21,159.91914959524135,162.69679166385907,159.43013010111937,161.7480926513672,95811400
MSFT,2022-03-21,287.9718985278678,289.17623743354596,284.12762874703543,288.2320251464844,28351200
NVDA,2022-03-21,26.42802540885607,27.07110416186951,25.889633364007818,26.654348373413086,591727000
QQQ,2022-03-21,341.09792410133036,343.31866317461163,336.5979780751096,340.98101806640625,73799100
AAPL,2022-03-22,161.8752422072329,165.69937857870127,161.2884277154457,165.11256408691406,81532000
MSFT,2022-03-22,288.84863696836237,293.8586986740922,287.85626286698505,292.9530334472656,27599700
NVDA,2022-03-22,26.64736727935604,27.156846357898804,25.99432004218782,26.44497299194336,547007000
QQQ,2022-03-22,341.47781828362815,348.54913327087644,341.09797022303843,347.6822509765625,63345900
AAPL,2022-03-23,164.30079784879288,168.84867380689857,163.9682532045546,166.4720458984375,98062700
MSFT,2022-03-23,289.53277788187336,292.15342106739143,286.8446846467914,288.5500183105469,25715400
NVDA,2022-03-23,26.04816536560368,26.532717544418258,25.498808202763563,25.557632446289062,502120000
QQQ,2022-03-23,344.80881680122246,348.3639424814587,342.6270171803516,342.6854553222656,70615500
AAPL,2022-03-24,167.30339150441574,170.31575418142768,166.47206709718986,170.24729919433594,90131400
MSFT,2022-03-24,288.21276856606795,293.08793014220737,287.42271518108265,292.9915771484375,24484500
NVDA,2022-03-24,26.08804332010231,28.23562518243766,25.829814189665502,28.066131591796875,877379000
QQQ,2022-03-24,344.604348920767,350.351025410237,342.4517974996988,350.30230712890625,53555300
AAPL,2022-03-25,170.06146151483682,171.43071043053845,168.95627243907444,170.8830108642578,80546200
MSFT,2022-03-25,294.0803119983577,294.3404386258809,288.35729097039587,292.5869140625,22566500
NVDA,2022-03-25,27.802915490968033,28.27350932502247,27.18974806430795,27.609493255615234,579016000
QQQ,2022-03-25,350.243853940656,351.29580018977583,345.71471853730384,350.0101013183594,57584200
AAPL,2022-03-28,168.38898581373743,171.87080253422522,168.22272096176943,171.74366760253906,90371900
MSFT,2022-03-28,293.2132183201872,299.446879031132,293.2132183201872,299.3505554199219,29578200
NVDA,2022-03-28,27.673304055239864,28.165831710193313,27.12494158890915,28.134923934936523,425494000
QQQ,2022-03-28,350.00033128092554,355.5229744553533,348.7633507609772,355.4255676269531,56833900
AAPL,2022-03-29,172.80975399507543,175.07879724912362,172.46743429498167,175.0299072265625,100589400
MSFT,2022-03-29,302.4432514351578,304.2834849768808,297.7607660592807,303.8884582519531,30393400
NVDA,2022-03-29,28.609510581218807,28.859762245849687,27.896640581268052,28.570627212524414,488984000
QQQ,2022-03-29,359.3118697413128,362.16570862470064,356.5456880901624,361.5423583984375,68073000
AAPL,2022-03-30,174.62891251824163,175.66563174403498,172.81953392128133,173.8660430908203,92633200
MSFT,2022-03-30,302.2987874689132,304.4087921284796,300.19839752916613,302.3951110839844,28163600
NVDA,2022-03-30,28.21967492416321,28.411102336887122,27.421060745065915,27.60750389099121,463487000
QQQ,2022-03-30,359.68200152367945,361.33782852557766,356.06843686648347,357.5489196777344,68757700
AAPL,2022-03-31,173.9344990439243,174.12032889178556,170.57004158960083,170.7754364013672,103049300
MSFT,2022-03-31,302.43362184596117,303.6283461991608,296.64317958234875,297.0478210449219,33422100
NVDA,2022-03-31,27.699226807551824,28.163838026854247,27.188753110757293,27.20470428466797,523440000
QQQ,2022-03-31,357.69501139905674,358.04567005236385,352.27952440693844,353.1171875,67011400
AAPL,2022-04-01,170.208175340956,171.0395147015426,168.1640768197994,170.48202514648438,78751300
MSFT,2022-04-01,298.0691183624966,298.801365976558,294.3790361342476,298.1173095703125,27110500
NVDA,2022-04-01,27.29344253044728,27.414082328036937,26.188743757490492,26.632417678833008,517235000
QQQ,2022-04-01,353.3801696236196,354.1593648604611,349.269850841836,352.44512939453125,54527800
AAPL,2022-04-04,170.73627975953104,174.57019094673097,170.60912991069844,174.5212860107422,76468400
MSFT,2022-04-04,298.76276415932574,303.5993787276326,298.39664041936675,303.4645080566406,24289600
NVDA,2022-04-04,26.648369216228314,27.475896299662303,26.533712066907064,27.278486251831055,397120000
QQQ,2022-04-04,353.28270198196543,359.7111656148351,353.0197303227817,359.701416015625,45950200
AAPL,2022-04-05,173.60194829792937,174.38438259894033,170.58958593943765,171.2155303955078,73401800
MSFT,2022-04-05,301.82654511251576,303.3681045702332,298.5507496416169,299.52386474609375,23156700
NVDA,2022-04-05,27.172802897221544,27.237609777640948,25.74307514409385,25.853744506835938,436615000
QQQ,2022-04-05,358.25019063157123,358.96122778866624,350.57499618285163,351.714599609375,62738700
AAPL,2022-04-06,168.57483234577828,169.81694627331598,166.3938091700385,168.0564727783203,89058800
MSFT,2022-04-06,294.04178495987475,295.7856655216376,285.8715384021488,288.55963134765625,40110400
NVDA,2022-04-06,24.859712215391237,25.224620987328382,23.931486259303167,24.33428192138672,703833000
QQQ,2022-04-06,346.4062655140077,347.5069003465268,341.4485636915753,344.0783996582031,90077100
AAPL,2022-04-07,167.40116034930097,169.55284318419794,166.11993163539967,168.35963439941406,77594700
MSFT,2022-04-07,285.8233566950077,292.5580106672026,285.5246829888432,290.3612976074219,31411200
NVDA,2022-04-07,24.36818131196346,24.648344247170577,23.40805109513817,24.135875701904297,557992000
QQQ,2022-04-07,343.08478239080915,347.0879732242765,339.6270637239698,344.8964538574219,63777400
AAPL,2022-04-08,168.00753302198206,168.00753302198206,165.48419068930104,166.35464477539062,76575500
MSFT,2022-04-08,289.4652859924413,290.1204393434208,285.4572423231668,286.1220397949219,24361900
NVDA,2022-04-08,23.84574022331702,23.851722863847915,22.993288112629596,23.05011749267578,524781000
QQQ,2022-04-08,343.1627857534905,343.9127618247843,339.4420650231139,340.0751647949219,61956100
AAPL,2022-04-11,165.00498773482366,165.31795249524248,161.8654755697351,162.1099853515625,72246700
MSFT,2022-04-11,281.1311855569594,281.9212093584241,274.58920983375054,274.8397216796875,34569300
NVDA,2022-04-11,22.147817756385205,22.253500942815894,21.59546745592254,21.851701736450195,575207000
QQQ,2022-04-11,335.8480054578386,336.76357619913693,331.68899816767185,332.0299072265625,66107400
AAPL,2022-04-12,164.33013728303388,166.13950070260202,162.9804385205217,163.97804260253906,79265200
MSFT,2022-04-12,278.6743681898196,280.11957482236716,270.24399616662504,271.75665283203125,30966700
NVDA,2022-04-12,22.46985714800616,22.657296773923992,21.218595050115738,21.43993377685547,662258000
QQQ,2022-04-12,336.77331286308385,338.65314282857037,329.2539632767462,330.6273193359375,72790200
AAPL,2022-04-13,163.71401989084265,167.2838578474073,163.10764021871432,166.6579132080078,70618900
MSFT,2022-04-13,272.40225746800036,278.03854117973947,271.0244711313333,277.1136169433594,21907200
NVDA,2022-04-13,21.66326329916609,22.432962530129032,21.39107597210752,22.1368465423584,516943000
QQQ,2022-04-13,330.9681858074025,338.39987787475087,330.2474287909676,337.34796142578125,61367800
AAPL,2022-04-14,166.87301451784703,167.50874884154206,161.41555493977322,161.66006469726562,75329400
MSFT,2022-04-14,277.5663736108414,277.7783384197441,269.11674301597424,269.60809326171875,28221600
NVDA,2022-04-14,22.43794241233135,22.709133213528435,21.099942029618983,21.194658279418945,569097000
QQQ,2022-04-14,337.43564025513336,337.9518637748371,329.41953643655626,329.6338195800781,73519400
AAPL,2022-04-18,160.32017704396847,162.94132974863555,159.977872292766,161.44493103027344,69023900
MSFT,2022-04-18,268.72171390745734,272.14202437159116,268.1725283526451,270.27288818359375,20778000
NVDA,2022-04-18,21.13684014323295,22.02219313271973,21.016200346382977,21.718103408813477,525701000
QQQ,2022-04-18,328.58185577557975,332.1759504193535,327.0624045126952,329.88702392578125,58560600
AAPL,2022-04-19,161.39600166868107,164.13451388243473,160.31037777023087,163.72372436523438,67723800
MSFT,2022-04-19,269.17459327763214,275.71657107306396,268.2400250211419,274.8783264160156,22297700
NVDA,2022-04-19,21.655286167385736,22.3063404800413,21.25049567770769,22.13186264038086,512781000
QQQ,2022-04-19,329.24430075735904,337.83506830646405,328.22160307387486,337.2604064941406,56515700
AAPL,2022-04-20,165.05389393478876,165.17126878968486,162.45232094308298,163.5574951171875,67929800
MSFT,2022-04-20,278.8285886738467,279.11764770587973,274.94580050630236,275.8996276855469,22906700
NVDA,2022-04-20,22.449913552276662,22.602457585796717,21.1368379554735,21.417997360229492,468974000
QQQ,2022-04-20,338.068698508038,338.5264838163348,331.1240112611551,332.3415222167969,65500000
AAPL,2022-04-21,165.2006123983915,167.76307044383682,162.26649466439048,162.76528930664062,87227800
MSFT,2022-04-21,278.0384980731543,282.5860831842899,269.82973426697856,270.5523376464844,29454600
NVDA,2022-04-21,21.64431805927398,22.32528363593372,19.940410359200147,20.122865676879883,656209000
QQQ,2022-04-21,336.2181551269493,338.8284920047036,324.5397972136839,325.465087890625,75801000
AAPL,2022-04-22,162.80437847987656,164.18340212764667,157.95329847424364,158.23692321777344,84882400
MSFT,2022-04-22,271.39056854763874,272.8550636325426,263.393769113378,264.02001953125,29405800
NVDA,2022-04-22,20.24250610355399,20.424961412485715,19.441899168057798,19.45685386657715,624713000
QQQ,2022-04-22,325.6208654467017,326.83837639396864,316.5138776162672,316.94244384765625,82562100
AAPL,2022-04-25,157.5816809008669,159.58666436994497,154.98010780953732,159.30303955078125,96046400
MSFT,2022-04-25,263.30702351755633,270.8413451266627,260.8790575428307,270.4656066894531,35678900
NVDA,2022-04-25,19.14478957941765,19.8855759292998,19.039106397949094,19.84270477294922,641566000
QQQ,2022-04-25,315.31589645643817,321.32551442948113,314.0496671138111,321.0138244628906,101755900
AAPL,2022-04-26,158.6867997123407,158.77481962510305,153.27824619184904,153.3564910888672,95623200
MSFT,2022-04-26,267.36328244773966,268.19185364215673,260.13724778699,260.3492126464844,46518400
NVDA,2022-04-26,19.659256709868075,19.729047862186196,18.61437856802067,18.732027053833008,653143000
QQQ,2022-04-26,318.95871630604034,319.1437803869639,308.6244657518132,308.897216796875,105819600
AAPL,2022-04-27,152.48608239761126,156.28086402556207,151.96772285920957,153.131591796875,88063200
MSFT,2022-04-27,271.7952455176826,280.34123080111425,268.9626376903315,272.87432861328125,63477700
NVDA,2022-04-27,18.542591397089467,19.109896444638807,18.235510346277362,18.360137939453125,499460000
QQQ,2022-04-27,308.99454377699504,314.48796770473507,306.8127735656662,308.52703857421875,111204200
AAPL,2022-04-28,155.75271956865106,160.906989569117,155.43973990755873,160.0463104248047,130216800
MSFT,2022-04-28,274.7723864290521,280.3508935706538,271.178627842334,279.0502014160156,33646600
NVDA,2022-04-28,18.910491964188285,19.977305783390694,18.434913772859694,19.723064422607422,570327000
QQQ,2022-04-28,313.48475162677266,321.3157910363892,309.26727669681173,319.4846496582031,99450000
AAPL,2022-04-29,158.28583697775457,162.55008785176082,153.7966412998766,154.18785095214844,131747600
MSFT,2022-04-29,278.0674307607547,279.29105809866707,266.3998077256145,267.3825378417969,37073900
NVDA,2022-04-29,19.344199287343677,20.068036269432913,18.461835591856172,18.49174690246582,500435000
QQQ,2022-04-29,315.28671241202,318.72496285370096,304.47520700530265,305.1083068847656,91977900
AAPL,2022-05-02,153.26850950984627,154.75511815394006,149.9040527150275,154.49105834960938,123055300
MSFT,2022-05-02,267.56553951466765,274.53144585501184,266.12997704590924,274.07861328125,35151100
NVDA,2022-05-02,18.48576074197281,19.515682143130196,18.336208020718836,19.47480583190918,572049000
QQQ,2022-05-02,304.69918805124564,310.436114682396,301.6018469141752,310.2023620605469,115511800
AAPL,2022-05-03,154.67686742533908,157.18065989099466,152.88706912402677,155.9776611328125,88966500
MSFT,2022-05-03,273.5872373213016,273.7510403407447,269.91641488989063,271.48687744140625,25978600
NVDA,2022-05-03,19.3421965619345,19.765931398834063,19.07599190108986,19.543594360351562,475751000
QQQ,2022-05-03,310.2217573614251,312.822373555241,307.7672662457178,310.533447265625,78185500
AAPL,2022-05-04,156.16349976201118,162.8239435793619,155.76250015329012,162.37405395507812,108256500
MSFT,2022-05-04,272.26732383050563,280.25450833918546,266.62139669213593,279.38739013671875,33599300
NVDA,2022-05-04,19.863643621096067,20.339221777103816,18.695134485364377,20.273418426513672,648855000
QQQ,2022-05-04,311.01076573447637,321.7053936845587,305.73165437547124,321.0333251953125,116083400
AAPL,2022-05-05,160.25174474333807,160.47668960295778,151.5471860479713,153.3272247314453,130525300
MSFT,2022-05-05,275.10958168100854,275.88999102064156,264.318692205309,267.21875,43260400
NVDA,2022-05-05,19.807809899114023,19.86563575823811,18.444882087815973,18.787857055664062,626331000
QQQ,2022-05-05,316.71844594551925,316.79635356866515,301.57259168354466,304.86474609375,154607400
AAPL,2022-05-06,152.80807823964273,156.16768941381943,151.01563498071906,154.05201721191406,116124600
MSFT,2022-05-06,264.7714617150036,269.04927528391744,261.36076616080453,264.69439697265625,37780300
NVDA,2022-05-06,18.680180965141894,19.453868144607874,17.936403191321382,18.619361877441406,633297000
QQQ,2022-05-06,302.8680460761537,306.90042702253174,297.17980856751376,301.21221923828125,139572800
AAPL,2022-05-09,151.75023984870148,152.63177739233632,148.38085428930862,148.93914794921875,131577900
MSFT,2022-05-09,260.1949931476496,262.4109648333538,253.701207586284,254.9151611328125,47726000
NVDA,2022-05-09,17.98026782674294,18.200608121706267,16.776863370793325,16.899497985839844,644455000
QQQ,2022-05-09,295.5921888671596,301.3096155262985,288.0338713858974,289.42669677734375,113387300
AAPL,2022-05-10,152.328132388233,153.52309446613708,149.79127784510368,151.33885192871094,115366700
MSFT,2022-05-10,261.76549132988686,263.7502396394238,255.3873167232384,259.6554870605469,39336400
NVDA,2022-05-10,17.63630138327549,18.14378578300302,16.974279965454567,17.54258155822754,761474000
QQQ,2022-05-10,296.5954346788012,297.8129457012923,288.8618022859869,292.9429016113281,124124600
AAPL,2022-05-11,150.34957266016625,152.25954795565056,142.81739949520818,143.4932403564453,142689800
MSFT,2022-05-11,255.97495939683023,261.4474674314555,249.82800992434036,251.0323486328125,48975900
NVDA,2022-05-11,17.295320682799783,17.700111281920936,16.518642115598364,16.580455780029297,670167000
QQQ,2022-05-11,290.6831631683839,296.18630646109506,283.38784740770296,284.25469970703125,140326100
AAPL,2022-05-12,139.83977549024235,143.19937058277358,135.95125505327687,139.6340789794922,182602000
MSFT,2022-05-12,248.27685759923378,250.38686155412384,240.88703639881442,246.0223388671875,51033800
NVDA,2022-05-12,16.170675786077656,16.73798070919897,15.520618927510899,16.126806259155273,708728000
QQQ,2022-05-12,279.9788270613995,288.0630877961864,277.53405558723375,283.5826416015625,120910900
AAPL,2022-05-13,141.62247481337442,145.06044619602298,140.1728540722722,144.09075927734375,113990900
MSFT,2022-05-13,247.949343073978,253.43149708204328,246.02240048844536,251.5816192626953,34925100
NVDA,2022-05-13,16.73798356385744,17.874586549641382,16.543564832253985,17.653247833251953,670437000
QQQ,2022-05-13,288.0339179888043,295.12470171225505,286.43652909796657,294.0922546386719,83684900
AAPL,2022-05-16,142.56278284412517,144.49235241019304,141.2208901087805,142.552978515625,86643800
MSFT,2022-05-16,250.46393914300643,256.10989508341936,246.43663699814542,251.94769287109375,32550900
NVDA,2022-05-16,17.456831495925755,17.734999526687567,17.05503238408511,17.212560653686523,521446000
QQQ,2022-05-16,292.3488051794956,294.403979694894,289.40730860193224,290.6832580566406,59190400
AAPL,2022-05-17,145.80482673464496,146.69615365751025,143.66956086149628,146.17703247070312,78336300
MSFT,2022-05-17,256.3892786113193,258.52818561527994,252.87261500014733,257.0733642578125,28828800
NVDA,2022-05-17,18.020150928461515,18.316266948710442,17.581463204511554,18.122844696044922,585830000
QQQ,2022-05-17,296.53698398835553,298.5921282397096,292.73832597930084,298.2122802734375,62715300
AAPL,2022-05-18,143.8360642275501,144.33559163369299,137.02869370903522,137.92982482910156,109742900
MSFT,2022-05-18,253.98310507106706,254.56254010236933,244.10384241044304,245.36892700195312,31356000
NVDA,2022-05-18,17.652248119677026,18.06401769834439,16.813754263169248,16.88753318786621,545161000
QQQ,2022-05-18,293.70259100455945,294.39412885704473,282.3164269513766,283.5729064941406,79477100
AAPL,2022-05-19,137.00912503429328,138.7525913397019,133.7964445425997,134.5310516357422,136095600
MSFT,2022-05-19,245.19507408358177,248.8358391110842,243.2443400632524,244.4611358642578,32692300
NVDA,2022-05-19,16.886539645818328,17.634305160902688,16.68414342710916,17.072982788085938,621310000
QQQ,2022-05-19,281.77102563484806,286.738476663522,280.10544911695507,282.053466796875,79920700
AAPL,2022-05-20,136.2353274341848,137.81228455615957,129.88832647827988,134.76611328125,137426100
MSFT,2022-05-20,248.42060269458278,249.67605030957378,237.99088889238988,243.90106201171875,39199300
NVDA,2022-05-20,17.280361950120188,17.358128675360334,15.708059831340721,16.644262313842773,739105000
QQQ,2022-05-20,285.51123134311183,286.1638006552641,272.9270233764225,281.1768798828125,91764200
AAPL,2022-05-23,134.96203055915507,140.31976702681078,134.82490447725766,140.1728515625,117726300
MSFT,2022-05-23,246.73057447845937,252.53451735450935,244.74118884717117,251.71365356445312,33175400
NVDA,2022-05-23,16.225511121055842,16.864601980883076,16.130794862027443,16.847652435302734,639889000
QQQ,2022-05-23,282.21907844050895,286.23199034784994,279.8230248721788,285.8521423339844,63648400
AAPL,2022-05-24,137.92003986063096,139.05623582746938,134.51146690573626,137.47927856445312,104132700
MSFT,2022-05-24,249.0483255820953,252.37035900338427,244.80882139282033,250.718994140625,29043900
NVDA,2022-05-24,16.460813405318188,16.54755410720824,15.732987737093548,16.105873107910156,588550000
QQQ,2022-05-24,280.6411435224921,281.35215088037694,274.91396736497427,279.7742614746094,73491100
AAPL,2022-05-25,135.58886991195646,138.87991021944293,135.50072064953915,137.635986328125,92482700
MSFT,2022-05-25,249.28973864171456,255.508917485171,248.31435684807386,253.51954650878906,28547900
NVDA,2022-05-25,15.972266924739577,17.0600157624615,15.952326060763912,16.924421310424805,781132000
QQQ,2022-05-25,278.2839926608263,285.764401403591,278.07945917480373,283.68975830078125,67144500
AAPL,2022-05-26,134.57023400738558,141.37759058232152,134.3253649583187,140.82908630371094,90601500
MSFT,2022-05-26,253.2781702660378,257.9522293193264,252.4669728572484,256.7837219238281,25002100
NVDA,2022-05-26,15.988220610755953,18.038094588752674,15.974262384109384,17.797813415527344,996575000
QQQ,2022-05-26,282.89118504350165,293.0988103784084,282.60871410197825,291.55010986328125,59462200
AAPL,2022-05-27,142.4060284868712,146.60797434750936,142.27869181225157,146.5688018798828,90978500
MSFT,2022-05-27,259.2751950241192,263.96855616192437,258.38672418405815,263.8719787597656,26910800
NVDA,2022-05-27,18.1318174179565,18.82474642934616,18.046073205336302,18.754955291748047,738379000
QQQ,2022-05-27,294.6766659935086,301.21225750200745,294.5597896794027,301.066162109375,66985600
AAPL,2022-05-31,146.01052282850958,147.56788638378129,143.82628016379354,145.7852325439453,103718400
MSFT,2022-05-31,263.1863868585538,265.3495796777819,259.709805919586,262.54901123046875,37827700
NVDA,2022-05-31,18.923448310065066,19.14279403338094,18.295326242537005,18.61636734008789,664100000
QQQ,2022-05-31,301.0369313919927,303.2381712461334,296.4201090925534,300.2674560546875,60968300
AAPL,2022-06-01,146.82346195823692,148.62570934761555,144.649023812494,145.65789794921875,74286600
MSFT,2022-06-01,265.7648261496329,268.16944748829445,260.78173234380733,263.08013916015625,25292200
NVDA,2022-06-01,18.668216603337324,18.9962349851399,18.068008952451528,18.265419006347656,544514000
QQQ,2022-06-01,302.40051240627986,304.5238444499757,295.83570262602854,298.04669189453125,65341700
AAPL,2022-06-02,144.7959487531145,148.16534881431244,143.84585577263883,148.10658264160156,72348100
MSFT,2022-06-02,255.38343546239255,265.2337143251771,252.63114082746247,265.1661071777344,44008200
NVDA,2022-06-02,18.237500543404728,19.560546538437922,18.14378074438324,19.533626556396484,648656000
QQQ,2022-06-02,296.92661969357243,306.38423780833415,295.514294896039,306.20892333984375,59291300
AAPL,2022-06-03,143.8850177275583,144.93306421639832,141.49510885340763,142.39622497558594,88570300
MSFT,2022-06-03,261.04245577782234,264.0748154478667,259.2076029156242,260.76239013671875,28059000
NVDA,2022-06-03,19.025149434663984,19.274404605825605,18.466816482062402,18.664226531982422,598779000
QQQ,2022-06-03,300.99800962712317,302.40058500955723,296.99484677787353,298.2415771484375,60914700
AAPL,2022-06-06,144.01237341190438,145.52077501341512,141.92608448379778,143.14064025878906,71598400
MSFT,2022-06-06,262.73252632143885,264.77983823030496,258.05846737616287,259.5360107421875,22400300
NVDA,2022-06-06,19.081980946985432,19.279391018883036,18.508693228823383,18.730031967163086,422406000
QQQ,2022-06-06,302.67323523378644,304.23165526192764,297.6765653234213,299.2349853515625,51785000
AAPL,2022-06-07,141.3873815394989,145.94193944320352,141.1425125135875,145.65789794921875,67808200
MSFT,2022-06-07,257.49836222355793,263.76584558835543,256.8223496712607,263.1574401855469,22860700
NVDA,2022-06-07,18.416967656771526,18.94339449795544,18.133813364518677,18.86961555480957,388914000
QQQ,2022-06-07,295.91358022347396,302.5952953498359,294.82269523738705,301.8160705566406,44900300
AAPL,2022-06-08,145.53057980516448,146.7940975636926,144.43357121198528,144.92330932617188,53950200
MSFT,2022-06-08,262.39448666074105,263.6402676057848,260.3664787079768,261.1390686035156,17372300
NVDA,2022-06-08,18.74695362356912,19.12689931949138,18.4836845843309,18.596372604370117,363252000
QQQ,2022-06-08,301.01736904269234,303.6179852830129,298.7966304532307,299.64404296875,38342100
AAPL,2022-06-09,144.0613709060868,144.91351047437155,139.60475090946733,139.71249389648438,69473000
MSFT,2022-06-09,258.5992253476871,263.3601943996646,255.55722824112877,255.7117462158203,26439700
NVDA,2022-06-09,18.42983139770459,18.880579582283133,17.991049120633004,17.998029708862305,395574000
QQQ,2022-06-09,297.95896945522446,301.0173409518625,291.4525992488985,291.6181640625,55900500
AAPL,2022-06-10,137.40091085996173,137.87105521943323,134.24699651333503,134.31556701660156,91437900
MSFT,2022-06-10,251.6460439882833,251.6460439882833,243.87204872141055,244.3162841796875,31422800
NVDA,2022-06-10,17.551268086229637,17.64799962656787,16.82229123999066,16.927001953125,465248000
QQQ,2022-06-10,286.0176516344523,287.20594344916174,280.8846364355447,281.3326721191406,85963500
AAPL,2022-06-13,130.14302719351753,132.4252090464818,128.74238308627127,129.17335510253906,122207100
MSFT,2022-06-13,236.70644141538565,240.48239119497188,233.24917940412797,233.9541473388672,46135800
NVDA,2022-06-13,15.955703971257755,16.266840472595092,15.562794707707624,15.603681564331055,604153000
QQQ,2022-06-13,272.4789956879142,275.00167522673036,267.3946679306064,268.2518005371094,94442000
AAPL,2022-06-14,130.3976794412042,131.14207601932122,128.7815346427886,130.03526306152344,84784300
MSFT,2022-06-14,235.49929128823007,237.31484044107447,233.22985484717458,236.10769653320312,28651500
NVDA,2022-06-14,15.687446432401757,16.021518975223227,15.369329385877796,15.792156219482422,469680000
QQQ,2022-06-14,270.44331562942807,271.417324532628,266.23559003375,268.7388000488281,64697500
AAPL,2022-06-15,131.5338494146611,134.52125474775525,129.4475753177957,132.65045166015625,91533000
MSFT,2022-06-15,239.79674911112798,246.54710394987805,237.97154789524555,243.1284637451172,33111700
NVDA,2022-06-15,16.05043621718236,16.82129668540045,15.88190446378965,16.48124122619629,563936000
QQQ,2022-06-15,272.15755174098666,279.37493078532503,269.4205596688989,275.4496765136719,86051400
AAPL,2022-06-16,129.36919361966238,129.67282879246193,126.39157816992548,127.3906478881836,108123900
MSFT,2022-06-16,237.5466102902709,238.93724247462407,234.68810167633953,236.5712432861328,33169200
NVDA,2022-06-16,15.816089727372347,15.897863432906357,15.358360878066698,15.557806968688965,545749000
QQQ,2022-06-16,268.4271234740811,268.8849088704275,262.28112936584387,264.3363037109375,81910300
AAPL,2022-06-17,127.4004988291183,130.34871732723784,127.14582540730095,128.8599090576172,134520300
MSFT,2022-06-17,236.31050590715876,241.91165700040483,235.6634784930398,239.15936279296875,43084800
NVDA,2022-06-17,15.604677679322638,15.950717118320277,15.285563915858456,15.83603572845459,630334000
QQQ,2022-06-17,265.1056742683673,269.9854672463517,263.4790964252964,267.5504455566406,82703400
AAPL,2022-06-21,130.68170729877417,134.24699991857628,130.58376865027734,133.0814208984375,81000500
MSFT,2022-06-21,241.67988876042264,246.01595545881753,240.95560233610817,245.04058837890625,29928300
NVDA,2022-06-21,16.429388214877477,16.960911609240924,16.361575686273117,16.5201358795166,483089000
QQQ,2022-06-21,272.026869215321,276.6135225102179,271.9195365844866,274.3006591796875,51633700
AAPL,2022-06-22,132.02360899242208,134.93265491125933,131.1616799782049,132.57212829589844,73409200
MSFT,2022-06-22,243.254000161548,248.35298995386094,241.7861089374633,244.4514923095703,25939900
NVDA,2022-06-22,16.18107512298737,16.615868797299967,16.135202954286214,16.31470489501953,437135000
QQQ,2022-06-22,271.8024660137112,278.3018394534136,271.2071926784864,273.900634765625,67472900
AAPL,2022-06-23,134.01190702274286,135.74556869818326,132.8463282477274,135.43214416503906,72433800
MSFT,2022-06-23,246.80787935964423,250.4775859053946,244.9343892207619,249.9850616455078,25861400
NVDA,2022-06-23,16.473267119438244,16.53908438669256,15.80911149125112,16.180082321166992,463680000
QQQ,2022-06-23,276.3793377182855,278.82880933870996,273.5492878730118,277.97979736328125,57457800
AAPL,2022-06-24,137.02869134817942,138.99744774415504,136.901369626622,138.75257873535156,89116800
MSFT,2022-06-24,252.8338959418169,258.79237173531016,252.74698510975713,258.52197265625,33923200
NVDA,2022-06-24,16.454320190454215,17.092547758876677,16.264845667803225,17.07858657836914,472153000
QQQ,2022-06-24,280.80006451551657,287.92401558987484,280.56586254296246,287.5043640136719,58422300
AAPL,2022-06-27,139.77122723590202,140.5450216732672,138.07673787975503,138.75257873535156,70207900
MSFT,2022-06-27,259.0145330281599,259.10144388225046,254.25356292476388,255.80838012695312,24615100
NVDA,2022-06-27,17.264072406028497,17.282022223468143,16.579970759321082,16.822298049926758,427968000
QQQ,2022-06-27,288.8608200227862,289.42681798517424,284.26442815111665,285.3964538574219,54151500
AAPL,2022-06-28,139.21296287932694,140.47648065381134,134.50168455265504,134.6192169189453,67083400
MSFT,2022-06-28,254.92950951957212,257.7590479870569,247.53212753900692,247.6866455078125,27295500
NVDA,2022-06-28,16.85321143493184,17.154375384027293,15.90085545872729,15.937753677368164,461149000
QQQ,2022-06-28,285.9331509640633,288.5192298202316,276.51590467871944,276.7013244628906,61609800
AAPL,2022-06-29,134.63880492913648,137.7829151592785,133.8650103621575,136.37246704101562,66242400
MSFT,2022-06-29,248.75859390135693,252.98843151702386,246.99133318160082,251.33706665039062,20069800
NVDA,2022-06-29,15.770218251263673,15.776201206281394,15.128001145361374,15.498970985412598,482352000
QQQ,2022-06-29,276.56473159358586,278.45794354155225,274.06647805469794,276.955078125,57302700
AAPL,2022-06-30,134.43310739232075,135.53011594509118,131.0245344279122,133.9139862060547,98964500
MSFT,2022-06-30,248.23708621339836,250.63207057542505,244.22937393334024,248.02462768554688,31730900
NVDA,2022-06-30,15.31847053785556,15.52390051921732,14.820852506876262,15.117030143737793,686070000
QQQ,2022-06-30,273.9786543814577,277.09171787698773,269.1285234937554,273.5199890136719,79313600
AAPL,2022-07-01,133.2478979449589,136.18632571299105,132.87570725736074,136.07858276367188,71051600
MSFT,2022-07-01,247.599724121051,250.86381660731956,245.88073757874744,250.68032836914062,22837700
NVDA,2022-07-01,14.857751323588166,15.021296837715987,14.352155016267275,14.482791900634766,577610000
QQQ,2022-07-01,272.2220832289671,275.71572495682835,270.34837814829655,275.32537841796875,56675100
AAPL,2022-07-05,134.94243962271915,138.70362462604172,134.11966825992553,138.65464782714844,73353800
MSFT,2022-07-05,247.3775600381912,253.96374346725312,246.00624649481796,253.83819580078125,22941000
NVDA,2022-07-05,14.13575420188145,14.929549863734284,14.016086557176527,14.922569274902344,651397000
QQQ,2022-07-05,271.5974236177196,280.15588879023824,270.0750517249355,280.0387878417969,61829300
AAPL,2022-07-06,138.44894003031942,141.16207781793045,138.18447732277275,139.98670959472656,74064300
MSFT,2022-07-06,254.70738716056056,258.8020102285566,253.4036657301254,257.0830383300781,23824400
NVDA,2022-07-06,14.968442325940817,15.27658681871812,14.748053534921276,15.088109970092773,529066000
QQQ,2022-07-06,280.4194628152482,283.9326410168725,278.7019024096697,281.83447265625,63194700
AAPL,2022-07-07,140.34908952916902,143.54219040082597,140.33930015098184,143.34629821777344,66253700
MSFT,2022-07-07,256.0303925395583,259.8353125390256,255.93381513155052,259.19793701171875,20859900
NVDA,2022-07-07,15.413208995404638,15.900854523259023,15.346394102933195,15.814095497131348,492903000
QQQ,2022-07-07,282.6444176772337,288.56802247137284,282.6444176772337,287.8653869628906,56620100
AAPL,2022-07-08,142.2787196887486,144.52172874952925,142.0240612352335,144.02218627929688,64547800
MSFT,2022-07-08,255.71170926657888,258.9082238859461,254.2631366183598,258.4833068847656,19658800
NVDA,2022-07-08,15.387281829188536,15.992601679207207,15.346394973873567,15.79415225982666,467972000
QQQ,2022-07-08,285.0353510679023,289.5927291083753,284.0985135096991,288.22650146484375,59895500
AAPL,2022-07-11,142.6802511820269,143.63034399150357,140.82904234672395,141.89666748046875,63141600
MSFT,2022-07-11,256.5422299287005,257.39206399672923,253.19119709803016,255.4413299560547,19455200
NVDA,2022-07-11,15.483015309181383,15.484012943856513,14.996366451757986,15.110051155090332,437321000
QQQ,2022-07-11,285.8161060220792,286.040539649993,281.19043841491765,282.0687255859375,55273900
AAPL,2022-07-12,142.76840995155382,145.4032026642234,142.0729903924104,142.86636352539062,77588800
MSFT,2022-07-12,256.764381930095,256.8223224888686,243.39887133033,244.97299194335938,35868500
NVDA,2022-07-12,15.22572805239749,15.388276870570849,14.83581079611465,15.040243148803711,458483000
QQQ,2022-07-12,283.3177929939941,285.2305115091865,277.74549076739095,279.336181640625,55797100
AAPL,2022-07-13,140.05532229787818,143.4443019452147,139.20316774910646,142.50401306152344,71185600
MSFT,2022-07-13,241.61231397246024,244.85711797939112,239.60362437429865,244.05557250976562,29497400
NVDA,2022-07-13,14.549606661502255,15.332433178961859,14.424952733218012,15.122016906738281,521918000
QQQ,2022-07-13,273.8321892938239,281.1024842041856,273.26616168838916,278.7603759765625,73939400
AAPL,2022-07-14,141.12292146669557,145.8929653987599,140.30995449187216,145.42282104492188,78140700
MSFT,2022-07-14,241.9792718550764,246.39258278636146,237.50800563214514,245.36892700195312,25102800
NVDA,2022-07-14,15.06617297485196,15.430162236147307,14.687224899011335,15.329442024230957,456235000
QQQ,2022-07-14,276.16456402172145,280.62434749047134,273.0515011436686,279.7558288574219,63741800
AAPL,2022-07-15,146.70597172668005,147.76380801578927,145.15839724514754,147.0879669189453,76259900
MSFT,2022-07-15,246.95266564086322,251.44323494505886,246.0352392463724,247.9183807373047,29774100
NVDA,2022-07-15,15.61564448706349,15.738303123925864,15.402236300317565,15.718358993530273,385935000
QQQ,2022-07-15,282.74207403045335,284.93780675556116,281.1318462068161,284.8304443359375,63818100
AAPL,2022-07-18,147.64618807917356,148.45915478998822,143.6890974613677,144.051513671875,81420900
MSFT,2022-07-18,250.84453005870418,251.89715611893087,244.6156697955208,245.53309631347656,20975000
NVDA,2022-07-18,16.256861125490182,16.85021293384526,15.95769256206536,16.05641746520996,670517000
QQQ,2022-07-18,287.6117085612143,289.01697987225447,281.2489738562214,282.4200134277344,59519600
AAPL,2022-07-19,144.88410592104603,148.1261694879342,143.8948404199678,147.90089416503906,82982400
MSFT,2022-07-19,248.748908389752,250.81555306514318,244.98262500187312,250.63206481933594,25012600
NVDA,2022-07-19,16.440358091474902,17.062631077163257,16.127228231279975,16.944957733154297,702366000
QQQ,2022-07-19,286.04058090098823,291.39819000176186,284.44015090234194,291.10540771484375,55172600
AAPL,2022-07-20,148.0184099284549,150.5650535340759,147.2838029205586,149.8990020751953,64823400
MSFT,2022-07-20,250.98935133409913,255.78895661231545,250.0333028054799,253.27809143066406,22788300
NVDA,2022-07-20,16.900082197018165,17.88335248572077,16.754486493931914,17.757699966430664,760538000
QQQ,2022-07-20,291.52494548414666,296.90202960971567,290.744222805503,295.7212219238281,67769400
AAPL,2022-07-21,151.32906041419434,152.3771070356204,148.821603940378,152.16162109375,65086600
MSFT,2022-07-21,250.88306999220896,255.808221638323,248.2176875662765,255.75991821289062,22404700
NVDA,2022-07-21,17.835484504614854,18.093766321144624,17.496425663382336,18.00002670288086,557049000
QQQ,2022-07-21,296.17994578756554,300.0249201186976,293.5255477180764,299.96636962890625,55049400
AAPL,2022-07-22,152.20081233549695,153.0725455912705,150.26145356507448,150.927490234375,66675400
MSFT,2022-07-22,256.1463507910273,256.2332616430254,250.18790310188731,251.43365478515625,21881300
NVDA,2022-07-22,17.843463625700892,17.917258166341586,17.089556062811305,17.271053314208984,536671000
QQQ,2022-07-22,299.03921292663256,301.1080759178699,292.8814060911661,294.706298828125,57127700
AAPL,2022-07-25,150.84910958984113,151.85796878260385,149.15462011252404,149.8108673095703,53623900
MSFT,2022-07-25,252.05166965931448,252.53452726402583,248.0053205741304,249.9560546875,21056000
NVDA,2022-07-25,16.971880453577725,17.076591197104143,16.602905897371375,16.97686767578125,480748000
QQQ,2022-07-25,294.73562410111066,295.2040577901947,291.0272875191682,293.02783203125,40582400
AAPL,2022-07-26,149.1350139839463,149.9479808770686,147.70498735893062,148.4885711669922,55138700
MSFT,2022-07-26,250.95072573000826,250.9700588947091,241.01353801634696,243.26364135742188,39348000
NVDA,2022-07-26,16.84224178303558,16.872159411075533,16.43238035984879,16.487228393554688,397865000
QQQ,2022-07-26,291.32981093233593,291.5835495722376,286.4601733164211,287.2701416015625,50074100
AAPL,2022-07-27,149.44846596743406,154.1009774684585,149.03708779660727,153.57205200195312,78620700
MSFT,2022-07-27,252.2061678876976,260.79136010238045,249.97536828625238,259.5262756347656,45994000
NVDA,2022-07-27,16.984842903526864,17.886341221329417,16.866172897497414,17.740745544433594,569776000
QQQ,2022-07-27,291.82747960619065,301.0983496471215,291.26145191551063,299.4100646972656,69304400
AAPL,2022-07-28,153.75814339733685,154.4046011657363,151.24089776552904,154.1205596923828,81378700
MSFT,2022-07-28,260.50171243898495,268.3143459872542,258.68616288804407,266.9333801269531,33459300
NVDA,2022-07-28,17.925233960102176,18.089776144359217,17.391715338129444,17.934207916259766,474646000
QQQ,2022-07-28,299.19542972933493,302.9135349200694,295.44804929227706,302.3377685546875,55139900
AAPL,2022-07-29,157.93075852013737,160.27170619819887,156.226464436767,159.1746826171875,101786900
MSFT,2022-07-29,268.17914544538223,272.33170936707273,267.1458230211277,271.1148986816406,32152800
NVDA,2022-07-29,17.763683382729887,18.193489890290078,17.64301808926749,18.112714767456055,435460000
QQQ,2022-07-29,303.8796571496862,308.75906308524213,302.454849173802,307.8514709472656,57501000
AAPL,2022-08-01,157.70546755749734,160.2325181068246,157.58793518866128,158.19520568847656,67829400
MSFT,2022-08-01,268.2950273632756,271.63639399506593,266.38290049065427,268.478515625,21539600
NVDA,2022-08-01,18.131662250640616,18.793825424102035,17.94019436661478,18.38994598388672,476469000
QQQ,2022-08-01,306.08506268864676,311.12061210718633,304.9920807587046,307.6659851074219,46358800
AAPL,2022-08-02,156.81413161603723,159.07671904499605,156.35377664743476,156.72596740722656,59907000
MSFT,2022-08-02,266.53736387741355,268.362579537139,263.04147997964446,265.3978271484375,22754200
NVDA,2022-08-02,18.07182959440469,18.885570510659182,18.041911963650172,18.47471046447754,489527000
QQQ,2022-08-02,305.37266086335205,310.8668452514692,304.31869282567123,306.7486267089844,48676500
AAPL,2022-08-03,157.53896009762985,163.17094866506537,157.45081082004532,162.72039794921875,82507500
MSFT,2022-08-03,267.27132785781305,273.7802383800219,267.1264470117995,272.7855529785156,23518900
NVDA,2022-08-03,18.133657657387115,18.915487551007924,18.08678689420816,18.840694427490234,418146000
QQQ,2022-08-03,308.42730104920366,315.9220927499228,308.3687505483926,315.10235595703125,53735700
AAPL,2022-08-04,162.6028441618955,163.7586338892835,161.05526991931026,162.40695190429688,55474100
MSFT,2022-08-04,272.13853085373546,274.0699612486414,270.56443983776984,273.92510986328125,18098700
NVDA,2022-08-04,18.796812618454407,19.22063513569803,18.708058337909296,19.16179847717285,409652000
QQQ,2022-08-04,315.1803332975884,316.88812529432516,313.0333828747934,316.5758361816406,38973700
AAPL,2022-08-05,160.0823608155598,162.67176904705062,159.87637852795464,162.1813507080078,56697000
MSFT,2022-08-05,269.5794114121241,273.9251301220604,269.1255240569013,273.21051025390625,16774600
NVDA,2022-08-05,18.75792468015069,19.17576531807126,18.61432423658541,18.936429977416992,386068000
QQQ,2022-08-05,311.4915231177822,316.0195964067601,310.7108300691232,313.9897766113281,53894000
AAPL,2022-08-08,163.18181120847004,164.59421857415984,161.05339717997808,161.71055603027344,60276900
MSFT,2022-08-08,274.3113883534034,276.11730051736697,269.74357435929414,270.70928955078125,18739200
NVDA,2022-08-08,17.45354536402082,18.188504443935763,17.19426496293747,17.743738174438477,981859000
QQQ,2022-08-08,314.9071397325623,318.59596986295065,311.5110620801675,312.9748840332031,43878500
AAPL,2022-08-09,160.8768354992681,162.6423445061743,160.1215870695177,161.75958251953125,63135500
MSFT,2022-08-09,270.05259210657965,273.37462502798235,268.0921621074516,272.6213684082031,23405200
NVDA,2022-08-09,17.204237068091455,17.398696888442636,16.67769900606931,17.0386962890625,668263000
QQQ,2022-08-09,311.0816452057415,311.3353838525647,307.812466949981,309.4324035644531,39764200
AAPL,2022-08-10,164.4667081851827,166.0949008724902,163.70165667502752,165.996826171875,70170500
MSFT,2022-08-10,278.2901063596378,279.87386364505505,277.1022662921124,279.24615478515625,24687800
NVDA,2022-08-10,17.64900050219798,18.06783774802281,17.269054837998027,18.04689598083496,597422000
QQQ,2022-08-10,316.76123163675936,318.36169088012,314.29225373105913,318.06890869140625,51459600
AAPL,2022-08-11,166.80107516257124,167.713261012407,164.9669154508603,165.26116943359375,57149200
MSFT,2022-08-11,280.8783329903544,281.22597639185335,276.68713164605356,277.17962646484375,20065900
NVDA,2022-08-11,18.080808036836622,18.65521369530522,17.8265128942713,17.892330169677734,509327000
QQQ,2022-08-11,320.39156870404844,322.3921133408172,315.56094463561175,316.2635803222656,45897700
AAPL,2022-08-12,166.56569547580565,168.87065273956517,166.1537308916434,168.802001953125,68039400
MSFT,2022-08-12,278.58955073001846,281.9019470214844,277.10234096743113,281.9019470214844,22619700
NVDA,2022-08-12,18.109721945226894,18.666177625548745,17.903294316475968,18.657201766967773,478094000
QQQ,2022-08-12,318.31293577249124,322.6165756154438,317.25899713697703,322.4214172363281,40928400
AAPL,2022-08-15,168.23306819485663,170.0672275245994,168.06632779818693,169.87106323242188,54091700
MSFT,2022-08-15,281.02309922866345,284.0940662295999,280.16359862776034,283.4084167480469,18085700
NVDA,2022-08-15,18.649224212452747,19.1109416861416,18.561468505502724,18.979307174682617,457666000
QQQ,2022-08-15,321.474815778675,325.5247170262433,321.45527909341536,325.0270080566406,38266600
AAPL,2022-08-16,169.46896318920653,170.38114909928223,168.3704308785935,169.71417236328125,56377100
MSFT,2022-08-16,281.9792138029151,283.95894794046416,280.46306311134526,282.6745300292969,18102900
NVDA,2022-08-16,18.867621402461417,19.089006932991676,18.449780750266285,18.82673454284668,451240000
QQQ,2022-08-16,324.0511130474527,326.35420819540025,321.22106348744586,324.26580810546875,41186900
AAPL,2022-08-17,169.45917459589717,172.77439273368478,169.26301023326062,171.20506286621094,79542000
MSFT,2022-08-17,280.4002966761273,283.8939446185247,280.1390106883986,281.92938232421875,18253400
NVDA,2022-08-17,18.47171804037453,18.63626023321667,18.09476431039142,18.284236907958984,446799000
QQQ,2022-08-17,321.1331968983646,323.436261971791,318.48853770617495,320.5671691894531,47842200
AAPL,2022-08-18,170.42036968678258,171.54832585930868,169.80243780169835,170.8126983642578,62290100
MSFT,2022-08-18,280.8357509194147,282.5003080383182,279.76151632304703,280.81640625,17186200
NVDA,2022-08-18,18.2503302730506,18.812767894027008,18.132656951420675,18.721023559570312,415447000
QQQ,2022-08-18,320.51842863638876,322.5189732145217,318.90823058794865,321.3381652832031,41937200
AAPL,2022-08-19,169.71416649279175,170.41056710828244,168.02712623620275,168.2331085205078,70346300
MSFT,2022-08-19,279.58728744368415,279.9260110820991,276.35495606289055,276.9259338378906,20570000
NVDA,2022-08-19,18.35504051013906,18.468725204485096,17.720801686073024,17.799583435058594,441588000
QQQ,2022-08-19,318.3031614705781,318.9569851504218,314.31178143869266,315.0729675292969,51770600
AAPL,2022-08-22,166.43817940694694,166.6049198473659,163.9370428679026,164.3588104248047,69026800
MSFT,2022-08-22,272.98719375507784,273.3549492553272,268.2838690742468,268.7967834472656,25061100
NVDA,2022-08-22,17.441578126782925,17.509390657788362,16.91902867077679,16.986841201782227,409593000
QQQ,2022-08-22,310.8180850442115,311.0522869439846,305.96795549292,306.7779235839844,51098900
AAPL,2022-08-23,163.87822530534152,165.4769941855601,163.45645767060176,164.0253448486328,54147100
MSFT,2022-08-23,267.5290222167969,269.87099753157673,266.5225381093492,267.5290222167969,17527400
NVDA,2022-08-23,16.94196640912856,17.4166484395593,16.923018006184385,17.133434295654297,369986000
QQQ,2022-08-23,306.54376837538723,309.35431072684594,305.7728139625083,306.5242614746094,39497100
AAPL,2022-08-24,164.11362798077442,164.8884825026039,163.0641253734546,164.31959533691406,53841500
MSFT,2022-08-24,266.5321774149117,268.29351690361904,266.24183017802443,266.8999328613281,18137000
NVDA,2022-08-24,16.964898742460186,17.35780889595624,16.848223999149923,17.174318313598633,522661000
QQQ,2022-08-24,306.04609597851845,309.22747829484655,305.4410543854446,307.412353515625,38057100
AAPL,2022-08-25,165.54560642521002,166.8795448504242,165.12385385508654,166.7716522216797,51218200
MSFT,2022-08-25,268.39027578883355,270.0258011315452,265.67085828538086,269.8612976074219,16583400
NVDA,2022-08-25,16.797361087067873,17.89730766715579,16.786391864139294,17.863401412963867,770691000
QQQ,2022-08-25,309.1884674875516,312.8675591476444,308.14429710244514,312.8480224609375,38098300
AAPL,2022-08-26,167.30132415112922,167.77212157949262,160.42564926256463,160.4844970703125,78961000
MSFT,2022-08-26,270.0838799821935,271.3032734990673,259.3417106465169,259.4481506347656,27549300
NVDA,2022-08-26,17.80755957837467,17.874373512103524,16.19204404414736,16.214981079101562,769127000
QQQ,2022-08-26,312.55524449489485,313.75558914966086,299.93710712291096,300.0249328613281,69047700
AAPL,2022-08-29,158.0618418321346,159.77830620497173,156.7573420791942,158.28744506835938,73314000
MSFT,2022-08-29,257.28030737067536,258.78033116845745,255.34477754961907,256.6802978515625,20338500
NVDA,2022-08-29,15.97564814658675,16.29276663412164,15.723348333249264,15.757253646850586,496132000
QQQ,2022-08-29,297.2728893341187,299.81018609423813,295.9652122628593,297.0679626464844,48321900
AAPL,2022-08-30,159.02305667853338,159.44480926961938,154.6975633016655,155.86476135253906,77906200
MSFT,2022-08-30,258.0739373346952,258.4416632715631,252.25765951741022,254.49319458007812,22767100
NVDA,2022-08-30,15.915814125564097,15.994594931513266,15.139968172102677,15.425176620483398,530181000
QQQ,2022-08-30,298.7172280617715,299.33203795561866,291.24197482667506,293.7597351074219,51184500
AAPL,2022-08-31,157.23793525223348,157.50276536238007,154.1286845852179,154.2071533203125,87991100
MSFT,2022-08-31,256.83514003630484,258.4996673056546,252.905987385719,253.04148864746094,24791800
NVDA,2022-08-31,15.3414069074727,15.496975134961382,14.917583393679934,15.052209854125977,573710000
QQQ,2022-08-31,296.6581011353187,297.555924896819,291.9446082866473,292.05194091796875,50044000
AAPL,2022-09-01,153.6382414104045,155.38412932683354,151.70599214901193,154.93295288085938,74229900
MSFT,2022-09-01,250.5253477936383,252.4802522057439,247.17688880265302,252.0060272216797,23263400
NVDA,2022-09-01,14.169660919691056,14.340187972290808,13.233261435486058,13.898414611816406,1178865000
QQQ,2022-09-01,289.5634784705977,292.5496726386103,285.8844169711918,292.1788330078125,57990700
AAPL,2022-09-02,156.6886565527691,157.286967514474,152.00025851175562,152.82415771484375,76957800
MSFT,2022-09-02,253.26411708214042,256.20610147316614,246.26716536821394,247.805908203125,22855400
NVDA,2022-09-02,14.060961579559567,14.13176414907431,13.553370076539666,13.60921573638916,743157000
QQQ,2022-09-02,295.04786195450646,296.42385775688933,286.44058427059224,288.0508117675781,64666800
AAPL,2022-09-06,153.47153612406976,154.07965015411935,150.74481100262022,151.56871032714844,73714800
MSFT,2022-09-06,247.9414053865417,249.51883753175827,243.8187170261839,245.08648681640625,21328200
NVDA,2022-09-06,13.692984371926862,13.740851814141763,13.314036323816168,13.42772102355957,535751000
QQQ,2022-09-06,288.5290602332811,289.44639101078417,283.85458060513645,285.98199462890625,57005400
AAPL,2022-09-07,151.85312983190147,153.6676685648947,150.66631095885003,152.97128295898438,87449600
MSFT,2022-09-07,246.48973931975843,250.4865986759276,245.057451273247,249.7704620361328,24126700
NVDA,2022-09-07,13.529467069211695,13.803787740228488,13.313003564331206,13.680093765258789,512657000
QQQ,2022-09-07,286.46012838191547,292.7545432113645,286.19662144134224,291.7591552734375,49260400
AAPL,2022-09-08,151.6765739248584,153.36361410419434,149.75412756943635,151.50003051757812,84923800
MSFT,2022-09-08,249.20922275197296,252.0350805590205,246.57688549508825,250.1866455078125,20319900
NVDA,2022-09-08,13.425724579883743,13.973368010349136,13.335947888457856,13.955411911010742,624873000
QQQ,2022-09-08,289.69032244366866,294.58923504644343,288.32409480360485,293.27178955078125,55649800
AAPL,2022-09-09,152.49069467763707,154.79566708651402,151.7844910019974,154.35427856445312,68028800
MSFT,2022-09-09,252.10280861891394,256.68034817535016,251.89958621733555,255.93515014648438,22084700
NVDA,2022-09-09,14.121999030627672,14.438215695022928,14.091076486708564,14.351430892944336,486612000
QQQ,2022-09-09,295.5260862300546,300.1810585439501,293.2718030746139,299.683349609375,56125200
AAPL,2022-09-12,156.53173198406338,161.11223777090294,156.24729591423596,160.2981414794922,104956000
MSFT,2022-09-12,257.212644911898,258.8288258614007,256.61263518710047,258.0545959472656,18747700
NVDA,2022-09-12,14.333476599142045,14.511036035425132,14.162898875313989,14.46914005279541,484159000
QQQ,2022-09-12,301.05930574029827,303.5770657606081,300.747016654849,303.2452697753906,45905700
AAPL,2022-09-13,156.83579030622826,157.46352522744408,150.43092752735453,150.8919219970703,122656600
MSFT,2022-09-13,250.49627701855277,252.00598798329736,243.47998110571493,243.86709594726562,33353300
NVDA,2022-09-13,13.767878093148786,13.887581309355834,13.06661601426547,13.098536491394043,714956000
QQQ,2022-09-13,294.52085317393227,295.7114291014608,285.7281862337515,286.6162414550781,79562200
AAPL,2022-09-14,151.82368576965968,154.0894308134101,150.66630580332588,152.33372497558594,87965400
MSFT,2022-09-14,245.3574762961727,246.03490888980133,241.80578027171973,244.08970642089844,23913000
NVDA,2022-09-14,13.22123276604588,13.25714401689083,12.881076192438005,13.095544815063477,588507000
QQQ,2022-09-14,287.75808045201677,289.7683933119644,285.9917378884854,288.8901062011719,54907200
AAPL,2022-09-15,151.6864260333709,152.26513119955726,148.47910003124844,149.4501190185547,90481100
MSFT,2022-09-15,241.71868768706014,243.2961347228246,236.1540384880937,237.47019958496094,31530900
NVDA,2022-09-15,12.982825342829914,13.200285874328177,12.758381195489553,12.897037506103516,523625000
QQQ,2022-09-15,286.9773474007332,289.37800644389927,282.47852027572605,284.0789794921875,65299400
AAPL,2022-09-16,148.312339619677,148.44965617349064,145.52675172371437,147.81210327148438,162278800
MSFT,2022-09-16,236.38626175161542,237.3927455707123,234.25718181157072,236.85079956054688,39791800
NVDA,2022-09-16,12.710497968812046,13.179336268504516,12.585807002502516,13.16537094116211,670751000
QQQ,2022-09-16,280.7805336223577,282.73229597764134,278.731177193004,282.3419494628906,79920400
AAPL,2022-09-19,146.448684995869,151.59807625432504,146.24271772670144,151.5196075439453,81474200
MSFT,2022-09-19,234.65400280433187,237.23793382536144,233.0862280822725,236.63792419433594,26826900
NVDA,2022-09-19,12.97983183509863,13.429717086609914,12.977836924096026,13.348917007446289,569685000
QQQ,2022-09-19,279.7013441584104,284.6970440569441,279.6426884526191,284.5406188964844,52613800
AAPL,2022-09-20,150.4603364872082,155.05065980282333,150.14647654096675,153.8932647705078,107689800
MSFT,2022-09-20,234.2669028613096,235.66047218929285,231.91522600942378,234.6346435546875,26660300
NVDA,2022-09-20,13.182329079094677,13.44966616014184,13.024719705664902,13.143424987792969,524818000
QQQ,2022-09-20,282.0379303044172,284.56024547929866,279.97513463846064,282.2725830078125,51271100
AAPL,2022-09-21,154.32483969180942,155.69802002410492,150.6565200858437,150.7742156982422,101696800
MSFT,2022-09-21,236.39595324962926,239.67667590576733,231.19904532157508,231.2474365234375,28625600
NVDA,2022-09-21,13.18033355166007,13.996311035255735,13.077587561187178,13.228214263916016,807679000
QQQ,2022-09-21,283.11327668494283,287.3757802061988,277.08128628170294,277.2181396484375,82931000
AAPL,2022-09-22,149.45988650515864,151.50983141556574,148.0180554999838,149.81298828125,86652500
MSFT,2022-09-22,230.20227093577722,235.99918898239684,229.91195323025747,233.21202087402344,31061200
NVDA,2022-09-22,13.037687792673827,13.116492959222398,12.39727571074283,12.529946327209473,759162000
QQQ,2022-09-22,275.69307230182534,276.7000351668306,272.58420013628125,273.8062438964844,62757100
AAPL,2022-09-23,148.29273260627454,148.5673657396687,145.71312678219724,147.5472869873047,96029900
MSFT,2022-09-23,231.8184307644762,233.35718839815166,227.61833404254136,230.2506561279297,34176000
NVDA,2022-09-23,12.389295442898492,12.579823238873681,12.22669830375946,12.485057830810547,663309000
QQQ,2022-09-23,271.3425593161207,271.63586769229045,265.93623941777963,269.34820556640625,74815200
AAPL,2022-09-26,146.7920383807957,150.82327820825114,146.77241745430226,147.88076782226562,93339400
MSFT,2022-09-26,229.4087220067833,233.66688257896323,229.26354838030127,229.7958221435547,27694200
NVDA,2022-09-26,12.460121401962885,12.627706312935176,12.183805742416402,12.197771072387695,547343000
QQQ,2022-09-26,268.8789156867109,273.2391588301352,267.4417912419773,268.2336730957031,71176700
AAPL,2022-09-27,149.81302224747262,151.75507497309587,147.07647912072952,148.85179138183594,84442700
MSFT,2022-09-27,232.24426616908045,234.00560575138226,226.94091751914982,228.7893524169922,27018700
NVDA,2022-09-27,12.47607929062904,12.70451323216134,12.227695289178223,12.382311820983887,553854000
QQQ,2022-09-27,271.59675876301304,273.94307663877163,266.0242277024173,268.34124755859375,69780100
AAPL,2022-09-28,144.81072915722658,147.75323924438212,142.06438341593866,146.96856689453125,146691400
MSFT,2022-09-28,229.1764446378298,234.51851197700628,227.16349151340208,233.29913330078125,29029700
NVDA,2022-09-28,12.379318359284666,12.791297397761815,12.323457052729534,12.704512596130371,542414000
QQQ,2022-09-28,268.32162792209664,274.95977629745494,266.84541972207256,273.6790771484375,79652100
AAPL,2022-09-29,143.3002265150421,143.90834038923484,137.9840792223541,139.7495880126953,128138200
MSFT,2022-09-29,231.18940064159077,232.215229269323,226.85381719409244,229.84420776367188,27484200
NVDA,2022-09-29,12.417224823009533,12.469096309319497,11.916466059827378,12.189788818359375,532763000
QQQ,2022-09-29,269.69033479435024,270.0716267058167,262.82734890338435,265.7895812988281,81216000
AAPL,2022-09-30,138.5725991267457,140.35772899315157,135.35545614892226,135.55162048339844,124925300
MSFT,2022-09-30,230.60870866268925,232.7861798495217,225.22793778149074,225.3924560546875,35694800
NVDA,2022-09-30,12.057118225117197,12.601768874936441,12.045147807986924,12.108989715576172,565638000
QQQ,2022-09-30,264.9684186513129,269.0353839204615,261.1263201777009,261.2827453613281,78482400
AAPL,2022-10-03,135.5614611189966,140.32832857992096,135.05142179088293,139.72019958496094,114311700
MSFT,2022-10-03,227.8215623611014,233.82170241211634,227.0957386105692,232.97975158691406,28880400
NVDA,2022-10-03,12.316475611950034,12.646657634128852,12.075073310975306,12.481067657470703,547478000
QQQ,2022-10-03,263.0522322436455,269.0060252619339,261.54666612929276,267.4124755859375,61267400
AAPL,2022-10-04,142.25075989142124,143.41795807791704,141.4955113649154,143.30026245117188,87830100
MSFT,2022-10-04,237.18953820241006,242.28966427196394,237.08308345370094,240.8573760986328,34888400
NVDA,2022-10-04,12.847160878067555,13.187318430145417,12.847160878067555,13.134449005126953,584182000
QQQ,2022-10-04,272.75037177377175,276.5240582865972,272.75037177377175,275.8201599121094,66696900
AAPL,2022-10-05,141.3091461524557,144.55571313373582,140.26944671107276,143.594482421875,79471000
MSFT,2022-10-05,238.0605356080036,242.50257374872547,236.23146021082852,241.16705322265625,20347100
NVDA,2022-10-05,12.879081259534201,13.288067492068219,12.589798244962582,13.17634391784668,507131000
QQQ,2022-10-05,272.0562013477238,277.462520407493,269.2601802392383,275.6734619140625,55766300
AAPL,2022-10-06,143.0157891213956,144.71263233032042,142.43709909152813,142.64306640625,68402200
MSFT,2022-10-06,239.93799895986987,242.27031644163847,238.14764234917035,238.83474731445312,20239900
NVDA,2022-10-06,13.187317554392024,13.622239538294219,13.07060622540916,13.097539901733398,644157000
QQQ,2022-10-06,274.6762872643789,277.82427276832533,273.1805070928327,273.5031433105469,53489400
AAPL,2022-10-07,139.80845770678545,140.3577388347644,136.7776758724346,137.40541076660156,85925600
MSFT,2022-10-07,233.13457344372063,233.54104772265964,225.65375442204814,226.68927001953125,37769600
NVDA,2022-10-07,12.474084749119333,12.638676791416017,11.992279039061453,12.04614543914795,672478000
QQQ,2022-10-07,268.8691557371326,268.9962530554361,261.75197442759656,263.0815734863281,71354700
AAPL,2022-10-10,137.72909545898438,139.1709266873786,135.91455644051044,137.72909545898438,74899000
MSFT,2022-10-10,225.53763257488384,226.99895238528188,219.42135078516142,221.86012268066406,29743600
NVDA,2022-10-10,12.007239883816968,12.094024681790135,11.379795288609536,11.64114761352539,698699000
QQQ,2022-10-10,263.2770705805112,263.66814841441,257.74368321845105,260.45172119140625,60393000
AAPL,2022-10-11,137.2190642395612,138.64128959242282,135.57126557653487,136.3166961669922,77033700
MSFT,2022-10-11,220.28267336430167,221.67625738261597,216.8858233948525,218.1439208984375,30474000
NVDA,2022-10-11,11.532417118510912,11.816712348676244,11.255104551505667,11.557355880737305,667482000
QQQ,2022-10-11,258.7799963749924,261.6444597639264,255.19206279838772,256.87359619140625,66522500
AAPL,2022-10-12,136.46378829068846,137.6702130062106,135.51237567961843,135.6889190673828,70433700
MSFT,2022-10-12,218.1342225142281,220.51493088352666,216.74065333491876,218.4729461669922,21903900
NVDA,2022-10-12,11.550374224944592,11.705987738753207,11.316952527256786,11.471569061279297,492590000
QQQ,2022-10-12,257.50902376665675,259.4251797950677,256.0914710787955,256.78558349609375,50580200
AAPL,2022-10-13,132.40312487373902,140.83830981626429,131.79499606499104,140.24981689453125,113224000
MSFT,2022-10-13,212.76313280674802,228.4893134395643,212.06634085274027,226.68927001953125,42551800
NVDA,2022-10-13,10.943877022867374,12.048140628446744,10.786267640804748,11.930432319641113,850103000
QQQ,2022-10-13,249.45330502988705,264.12761327109695,248.57342473862707,262.80780029296875,112894100
AAPL,2022-10-14,141.5445499741852,141.75053227831364,135.5418338120233,135.7281951904297,88598000
MSFT,2022-10-14,227.9473631652827,229.5925754900993,220.97945807089755,221.19236755371094,30198600
NVDA,2022-10-14,12.027192471424224,12.081058872016744,11.176301596444594,11.199244499206543,713432000
QQQ,2022-10-14,265.1345588543573,265.73090173715434,254.32192079522082,254.90847778320312,77244300
AAPL,2022-10-17,138.36663643162046,140.16155437004147,137.5819641011487,139.6809539794922,85250900
MSFT,2022-10-17,228.21834487388986,231.2571263231049,227.5602570081076,229.8732147216797,28142300
NVDA,2022-10-17,11.489522205300748,11.918459364976009,11.48852522568865,11.858607292175293,580774000
QQQ,2022-10-17,260.8720851805675,264.1960377721946,260.7743157265391,263.3259582519531,64576500
AAPL,2022-10-18,142.70194639396894,143.88875049899616,137.91545818930572,140.9952850341797,99136600
MSFT,2022-10-18,235.39917762563184,236.06692311030656,227.78285659055385,230.8119659423828,26329600
NVDA,2022-10-18,12.3134849243043,12.46111882553518,11.589279797301561,11.937417030334473,659362000
QQQ,2022-10-18,270.34543152432246,271.0102162282568,262.72964578334796,265.40838623046875,69781000
AAPL,2022-10-19,138.974795969808,142.17231917994116,138.78843454646682,141.10321044921875,61758300
MSFT,2022-10-19,229.39901697875123,231.88618020226818,226.7376631373762,228.85707092285156,19985700
NVDA,2022-10-19,11.849631206949502,12.3194674213086,11.804742384541735,12.02120590209961,523131000
QQQ,2022-10-19,263.89295658178486,267.5590871120454,262.07457015959795,264.4404296875,53115400
AAPL,2022-10-20,140.2792461483292,143.09424222902763,139.9163264513743,140.64215087890625,64522000
MSFT,2022-10-20,228.1699333317577,233.53134435033044,227.29893606647624,228.5376739501953,21811000
NVDA,2022-10-20,12.083052622860917,12.737430913529549,12.07507202855851,12.16385269165039,652398000
QQQ,2022-10-20,263.5508593231311,268.69322953912973,261.928011298479,263.09136962890625,60605500
AAPL,2022-10-21,140.13212478208789,145.0167019837592,139.916339525803,144.44781494140625,86548600
MSFT,2022-10-21,227.17316603704901,235.16689978355862,226.9408971162325,234.3152618408203,26299700
NVDA,2022-10-21,12.068090417832614,12.467102092739703,11.85761257031653,12.4351806640625,609494000
QQQ,2022-10-21,261.986617180999,269.7979106618397,260.85255709108765,269.2602233886719,77897700
AAPL,2022-10-24,144.36934369172494,147.35108041478094,143.20214572577777,146.58602905273438,75981900
MSFT,2022-10-24,235.90241694894004,239.850900353894,233.52172305739012,239.27992248535156,24911200
NVDA,2022-10-24,12.477077391333092,12.678577660700563,12.034174829585528,12.567852020263672,517457000
QQQ,2022-10-24,269.52419104231006,273.1512084780125,265.8873877095541,272.22247314453125,63963600
AAPL,2022-10-25,147.21377179556336,149.56778877679034,146.4977652190575,149.420654296875,74732300
MSFT,2022-10-25,239.28957660185964,242.9477272430807,237.90567969361152,242.57998657226562,34775500
NVDA,2022-10-25,12.662616631719668,13.267118353397784,12.632690116328606,13.228214263916016,505482000
QQQ,2022-10-25,273.16100158374826,278.2349296698417,271.68476317219097,277.8536376953125,59014500
AAPL,2022-10-26,148.06709300971718,149.07735346461445,145.20303709712394,146.48794555664062,88194300
MSFT,2022-10-26,223.718229712473,230.61839877791698,222.64400998891642,223.8634033203125,82543200
NVDA,2022-10-26,12.837184898566917,13.354900896725308,12.676582681545735,12.864117622375488,532953000
QQQ,2022-10-26,272.23210384959737,277.6286655690409,271.2251414734754,271.7139587402344,63492400
AAPL,2022-10-27,145.23248644302674,146.1937021462339,141.36798774070627,142.025146484375,109180200
MSFT,2022-10-27,223.5924250678105,226.15701124638468,218.50198634809382,219.4407196044922,40424600
NVDA,2022-10-27,13.59630304820485,13.803788998303101,13.089558589412318,13.143424987792969,583113000
QQQ,2022-10-27,270.59958454005965,272.05625105959984,266.2490971046528,266.7672424316406,57760300
AAPL,2022-10-28,145.36000606754794,154.48179100593666,144.98729827273644,152.75552368164062,164762400
MSFT,2022-10-28,218.94715681380413,228.97320270821285,218.76327910286216,228.2667236328125,40647700
NVDA,2022-10-28,13.07160504486287,13.815761110569417,13.02871112658398,13.799799919128418,521040000
QQQ,2022-10-28,266.14152342908994,275.3997258683495,265.9753123912375,274.9304504394531,62651300
AAPL,2022-10-31,150.22494584357278,151.28425122815005,149.00870300208484,150.4014892578125,97943200
MSFT,2022-10-31,226.22475535763192,227.3473663725247,223.69888795758465,224.64730834960938,28357300
NVDA,2022-10-31,13.743936087967768,13.803788166627177,13.264125332932366,13.463630676269531,486341000
QQQ,2022-10-31,272.6818884119261,273.50309799405767,269.8173960162846,271.73358154296875,47742000
AAPL,2022-11-01,152.1081293130579,152.4710340362063,146.27215501250635,147.7630157470703,80379300
MSFT,2022-11-01,227.03767812320683,228.1409296481597,220.0020223387947,220.81494140625,30592300
NVDA,2022-11-01,13.776857657030414,13.890576156938616,13.4855796937393,13.509520530700684,432817000
QQQ,2022-11-01,275.204224129554,275.7614831825195,268.59540266363206,268.9571228027344,45895900
AAPL,2022-11-02,146.09561013902547,149.2539052221096,142.22130852087065,142.250732421875,93604600
MSFT,2022-11-02,222.0633939304996,223.84407823127708,212.94703338213586,213.00511169433594,38407000
NVDA,2022-11-02,13.815759886644688,14.174869538553562,13.17833970749939,13.186319351196289,672628000
QQQ,2022-11-02,268.9277993452256,271.9878014034031,259.6695955048992,259.738037109375,79803100
AAPL,2022-11-03,139.3376507448135,140.06347524662803,136.0910838596121,136.21859741210938,97918500
MSFT,2022-11-03,212.9953870246754,213.30507890075714,207.08234251389777,207.34364318847656,36633900
NVDA,2022-11-03,13.01075449802835,13.74692988442399,12.92396969143258,13.387819290161133,500065000
QQQ,2022-11-03,257.12773653232773,258.58440282712587,254.28281570362714,254.66407775878906,70038900
AAPL,2022-11-04,139.59827074317496,140.16810151754257,132.0234836201314,135.95333862304688,140814800
MSFT,2022-11-04,210.5372801806807,214.447044310669,206.5500783111964,214.2534942626953,36789100
NVDA,2022-11-04,13.95142241289194,14.193821673388257,13.663136398930058,14.121002197265625,612576000
QQQ,2022-11-04,259.5913715372942,260.64720401130904,253.28561503914713,258.7603759765625,78313200
AAPL,2022-11-07,134.7055842324109,136.70980337190065,133.29083425573356,136.4838409423828,83374600
MSFT,2022-11-07,214.83413436780316,221.04718322198104,214.14701479487408,220.5245819091797,33498000
NVDA,2022-11-07,14.192825541805423,14.376370676305802,13.919503702415724,14.265645027160645,410061000
QQQ,2022-11-07,259.8064715479662,262.1430332516671,257.6752346520297,261.6053161621094,47333800
AAPL,2022-11-08,137.94772594743225,138.94982808586678,135.07893386231837,137.05368041992188,89908500
MSFT,2022-11-08,221.32783708020688,224.18274067732156,218.56002878294467,221.4923553466797,28192500
NVDA,2022-11-08,14.764408236163073,14.854185888099915,14.18085444989022,14.565900802612305,595292000
QQQ,2022-11-08,263.12070123011625,266.74771876778345,259.58163742819613,263.5117492675781,63213800
AAPL,2022-11-09,136.07121539704306,136.12034157773797,132.22977893126608,132.50486755371094,74917800
MSFT,2022-11-09,220.04075814745045,221.2601516912574,217.09875857930578,217.27294921875,27852900
NVDA,2022-11-09,14.126988780724597,14.175868382440134,13.724985188452262,13.741943359375,454414000
QQQ,2022-11-09,261.77154881663506,262.55364485772475,257.1473246731768,257.43084716796875,64862100
AAPL,2022-11-10,138.7632027049217,144.29446411132812,137.05371017047622,144.29446411132812,118854000
MSFT,2022-11-10,227.8408789069686,235.48623032907634,227.4247470961484,235.1475067138672,46268000
NVDA,2022-11-10,14.763409444549325,15.734003424063605,14.51103468975513,15.711060523986816,700819000
QQQ,2022-11-10,269.83701981536905,276.71954806888135,267.7253248392745,276.42626953125,99256700
AAPL,2022-11-11,143.26284999283982,147.37935990276293,141.83826577346156,147.07479858398438,93979700
MSFT,2022-11-11,235.15723711883936,239.99606241623323,234.1313937515766,239.14442443847656,34620200
NVDA,2022-11-11,15.767920535169456,16.348481436653724,15.443724222491777,16.28663444519043,655487000
QQQ,2022-11-11,276.24049229556425,282.18452870756767,274.90113736604735,281.51971435546875,66961800
AAPL,2022-11-14,146.3576203774582,147.64464544159856,144.84461786588682,145.67971801757812,73374100
MSFT,2022-11-14,234.1894756115481,236.0475827819004,231.49908988674315,233.76365661621094,31123300
NVDA,2022-11-14,16.17790566297231,16.49911010478808,15.882636965812782,16.254714965820312,527852000
QQQ,2022-11-14,279.4666506715696,282.74173299667166,278.0784260572565,279.0560607910156,55290700
AAPL,2022-11-15,149.55065357357725,150.8966242970365,145.95483216140596,147.40887451171875,89868300
MSFT,2022-11-15,237.74116029609917,239.03796188941354,232.29263846364998,234.17010498046875,31390100
NVDA,2022-11-15,16.680661045178866,16.955977806854108,16.341501419582265,16.624799728393555,545876000
QQQ,2022-11-15,285.6746318321595,286.7011661843519,279.5742007553002,282.917724609375,73985400
AAPL,2022-11-16,146.51483522710427,147.2418488642614,144.70709039322372,146.1807861328125,64218300
MSFT,2022-11-16,235.62584176038104,236.60604855552322,233.3257795259496,234.5971221923828,24093300
NVDA,2022-11-16,16.122046243615287,16.321550677943026,15.833760176522755,15.870668411254883,649547000
QQQ,2022-11-16,280.9624604558637,283.005713469215,278.23485119486327,279.0560607910156,48859800
AAPL,2022-11-17,143.86215701114332,148.82360185357618,143.58706836561342,148.07693481445312,80389400
MSFT,2022-11-17,230.76365473112853,236.07224872369898,230.61808681154827,234.54856872558594,23123500
NVDA,2022-11-17,15.67614983892832,16.22578826120925,15.496594526959475,15.638243675231934,710894000
QQQ,2022-11-17,274.5981177562604,279.9164544303959,274.44169257936795,278.4402160644531,55462100
AAPL,2022-11-18,149.63904958366277,150.02220984195606,147.34008803390304,148.63693237304688,74829600
MSFT,2022-11-18,236.32460928740483,236.54783321127658,231.97680729240216,234.10218811035156,27613500
NVDA,2022-11-18,15.926527067026893,15.962439267152297,15.082618903576678,15.370904922485352,492072000
QQQ,2022-11-18,281.45132801777515,281.5490676405468,276.00589441916804,278.4499816894531,53588600
AAPL,2022-11-21,147.52674987775407,147.73305885560603,145.12953609848137,145.41444396972656,58724100
MSFT,2022-11-21,234.30595375905,237.45035420758848,234.0730450796648,234.9076690673828,26394700
NVDA,2022-11-21,15.109553993521583,15.438738093483565,15.042719242364662,15.279133796691895,404739000
QQQ,2022-11-21,277.0617493138327,278.21535143793466,274.7545450656288,275.5855407714844,40083500
AAPL,2022-11-22,145.5323481888436,147.7821833963105,144.353379792247,147.54638671875,51804100
MSFT,2022-11-22,236.40220193537894,238.0714497781423,233.60719434514203,237.79971313476562,19665700
NVDA,2022-11-22,15.290107226570333,16.01830306476984,15.084616158544712,15.99835205078125,472866000
QQQ,2022-11-22,276.3186884823213,279.711052281029,274.187422141993,279.5546569824219,41873400
AAPL,2022-11-23,146.82917521495273,149.16744327173927,146.7211036243146,148.4207763671875,58301400
MSFT,2022-11-23,237.8773882479825,240.95384732065142,237.06217820148206,240.27450561523438,19508500
NVDA,2022-11-23,16.05820212549382,16.486142404800624,16.008326496462395,16.478160858154297,427241000
QQQ,2022-11-23,279.5742388647001,282.9861749393081,279.39827175235274,282.3605041503906,46390000
AAPL,2022-11-25,145.70921560778717,146.26922721502757,144.54008119228595,145.51272583007812,35195900
MSFT,2022-11-25,240.01246797791015,241.3614517929226,239.44958062083853,240.18716430664062,9200800
NVDA,2022-11-25,16.277659960613633,16.44624088571978,16.1320209884095,16.229778289794922,167934000
QQQ,2022-11-25,280.76703301765747,281.4709314987585,280.0142647144887,280.5030822753906,15498800
AAPL,2022-11-28,142.5947981424062,144.06849387144769,140.8656672171658,141.69093322753906,69246000
MSFT,2022-11-28,238.81877021422886,239.37194317865058,233.69457155598104,234.62623596191406,24778200
NVDA,2022-11-28,15.98637975502715,16.31656273871607,15.68612519322037,15.787872314453125,303741000
QQQ,2022-11-28,278.5281072421885,280.54203224468296,275.4583499397137,276.3870849609375,38714200
AAPL,2022-11-29,141.75967888062996,142.2705641956943,137.88878454429147,138.69439697265625,83763800
MSFT,2022-11-29,234.27685297681788,235.6258367832805,231.18099474535325,233.23843383789062,17956300
NVDA,2022-11-29,15.787871013684132,15.89261191979211,15.48163079273218,15.600336074829102,298384000
QQQ,2022-11-29,276.6120339936034,277.0128679016486,272.9263609879941,274.2950439453125,35618900
AAPL,2022-11-30,138.92037287256267,146.11201495746124,138.0852876520207,145.43411254882812,111380900
MSFT,2022-11-30,233.47135371926146,247.7958155951577,232.78229762918565,247.61141967773438,47594200
NVDA,2022-11-30,15.662199992090873,16.89246723894382,15.562422258629718,16.885482788085938,565298000
QQQ,2022-11-30,274.55900161910057,286.9065360739054,273.70846396811334,286.7989807128906,74718100
AAPL,2022-12-01,145.61096061666942,146.51482547786148,144.03901260255705,145.70919799804688,71250400
MSFT,2022-12-01,246.37888704446783,248.5624948221186,243.51593758658888,247.17469787597656,26041500
NVDA,2022-12-01,16.961313400800822,17.22672251600334,16.59812007687738,17.09701156616211,470977000
QQQ,2022-12-01,287.12155105725975,289.13547624804187,284.37439980667705,287.15087890625,51547300
AAPL,2022-12-02,143.40040769964443,145.4046270438478,143.09583136119605,145.21795654296875,65447400
MSFT,2022-12-02,242.44840731366295,248.50427013338341,242.3222385687394,247.49496459960938,21528500
NVDA,2022-12-02,16.62207070441096,16.895463468352688,16.408544399522622,16.83858871459961,371389000
QQQ,2022-12-02,282.0867843893096,286.88697536237026,281.9107874314308,286.007080078125,53583200
AAPL,2022-12-05,145.1787089175549,148.27346450913342,143.21378092513402,144.05870056152344,68826400
MSFT,2022-12-05,244.57377324279298,246.33037684588194,240.7403313992676,242.8171844482422,23435300
NVDA,2022-12-05,16.64202078226574,16.957320143368804,16.43547900431618,16.57317352294922,352255000
QQQ,2022-12-05,283.88561918438853,285.15653258522,279.75021293114065,281.2069091796875,41482100
AAPL,2022-12-06,144.49093730068225,144.71689974436399,139.43124046996064,140.4038848876953,64727200
MSFT,2022-12-06,243.41891892957702,244.42822454321265,236.58664391475048,237.88710021972656,22463700
NVDA,2022-12-06,16.493353544908274,16.53625748277145,15.783929395985323,15.951557159423828,352694000
QQQ,2022-12-06,281.05055052950615,281.18740392988155,273.99202388293935,275.3802490234375,53937600
AAPL,2022-12-07,139.69652452502783,140.85582456681212,137.54492649061714,138.46844482421875,69721100
MSFT,2022-12-07,237.60567377568205,238.89643054089544,235.06298823693052,237.15924072265625,20481500
NVDA,2022-12-07,15.737028239030783,16.15011076540868,15.632260566162017,16.084257125854492,372388000
QQQ,2022-12-07,274.1972647022958,276.2503039825609,272.54505931577694,274.25592041015625,45614300
AAPL,2022-12-08,139.86352962985669,141.00319109284194,138.62563079391435,140.1484375,62128300
MSFT,2022-12-08,237.61534962771674,241.40027877672188,235.88787438426903,240.0998077392578,22611800
NVDA,2022-12-08,16.236924067023104,17.140915635032428,15.923619112619104,17.130937576293945,515456000
QQQ,2022-12-08,275.60506433206405,278.4695274919775,273.532483071853,277.5016784667969,42594900
AAPL,2022-12-09,139.84388950557997,143.01725827820258,138.42913927736055,139.66705322265625,76097000
MSFT,2022-12-09,237.4794974313884,240.98297573692605,236.95543802882835,238.17825317382812,20609700
NVDA,2022-12-09,17.121952377755747,17.54401482926612,16.937363096057506,16.96330451965332,465338000
QQQ,2022-12-09,276.4849765282159,279.251700531662,275.2922605288438,275.7322082519531,47860500
AAPL,2022-12-12,140.1975885864345,141.9660265170688,138.58634846990296,141.95620727539062,70462700
MSFT,2022-12-12,240.14833201376896,245.08813458227053,239.87659533709365,245.05902099609375,30665100
NVDA,2022-12-12,16.999227301100692,17.499115967644453,16.75975964222129,17.496122360229492,457328000
QQQ,2022-12-12,275.9081538496914,279.25167871293957,274.871863125392,279.1929931640625,35732500
AAPL,2022-12-13,146.87833415604433,147.34009332894186,141.71058010364294,142.91900634765625,93886200
MSFT,2022-12-13,253.96816645301047,256.13237523471446,245.6025264426085,249.33892822265625,42196900
NVDA,2022-12-13,18.489912854613223,18.748339371405248,17.671731278565026,18.031930923461914,656589000
QQQ,2022-12-13,290.0153845506873,290.2402513163145,279.5155953648504,282.1943054199219,80667700
AAPL,2022-12-14,142.8011107216781,144.0881358235322,138.68458524913544,140.69863891601562,82291200
MSFT,2022-12-14,249.54270989920707,254.84158999041878,246.8059142850901,249.6300506591797,35410900
NVDA,2022-12-14,17.947122938893273,18.21153673692968,17.38138052214265,17.634817123413086,496888000
QQQ,2022-12-14,281.607678370785,284.89254665162576,276.856387797035,280.1021423339844,64984400
AAPL,2022-12-15,138.63546667684503,139.3133690938159,133.64454880056923,134.10630798339844,98931900
MSFT,2022-12-15,246.2333179219407,246.6991500991899,240.04157204816326,241.66229248046875,35560400
NVDA,2022-12-15,17.107985485394817,17.281599496574888,16.662975165285864,16.91441535949707,478542000
QQQ,2022-12-15,276.01566388796755,276.68047833241644,269.5046413384967,270.6973571777344,60554100
AAPL,2022-12-16,134.2929782040358,135.23613504981998,131.38487878191776,132.1511993408203,160156900
MSFT,2022-12-16,241.21588885198315,242.4678175315528,236.32459886583192,237.46978759765625,86102000
NVDA,2022-12-16,16.826617185148372,17.00322486751563,16.37362311397485,16.534265518188477,478232000
QQQ,2022-12-16,270.0227634589525,271.55762753266515,266.5130280152086,268.1163635253906,68300400
AAPL,2022-12-19,132.74064622616112,132.82906434469876,129.01711609721863,130.04869079589844,79592600
MSFT,2022-12-19,237.6347483108368,237.9744265437408,231.6662265103739,233.35487365722656,29696400
NVDA,2022-12-19,16.53525994983705,16.57217667143344,16.109206574205285,16.21796417236328,354039000
QQQ,2022-12-19,268.3858829093709,268.47407711477496,263.11360998326035,264.348388671875,44167900
AAPL,2022-12-20,129.08590439011405,130.91328746393052,127.61220884643005,129.97994995117188,77432800
MSFT,2022-12-20,232.33586378495446,235.74230142731602,231.38478542376703,234.66505432128906,25150800
NVDA,2022-12-20,16.02838213221396,16.27383699113288,15.816853236020515,16.049335479736328,403260000
QQQ,2022-12-20,263.18222187170676,265.8869638627262,261.6044756479317,264.1426086425781,51064200
AAPL,2022-12-21,130.64803543949063,134.41087369361549,130.42207295695286,133.07472229003906,85928000
MSFT,2022-12-21,234.55831327324242,238.37234134182555,233.02493348625407,237.2174530029297,23690600
NVDA,2022-12-21,16.078275356146534,16.590138515163844,16.066300925017234,16.46441650390625,325025000
QQQ,2022-12-21,265.1813077297633,269.27759708328415,264.3385134662635,267.9742431640625,46394700
AAPL,2022-12-22,131.99402745433673,132.20033647277774,128.01504576681836,129.91119384765625,77852100
MSFT,2022-12-22,234.14094822183725,234.84941820626472,226.96901129135682,231.1615447998047,28651700
NVDA,2022-12-22,16.05831892986543,16.102222004625823,14.849006080737974,15.30499267578125,565045000
QQQ,2022-12-22,264.9657495187062,265.09315110385836,257.2043313066332,261.4182434082031,60278400
AAPL,2022-12-23,128.62413499923468,130.09783042542833,127.36658276817921,129.5476531982422,63814900
MSFT,2022-12-23,229.14295316711923,231.8215067666557,227.0369865095698,231.68563842773438,21207000
NVDA,2022-12-23,15.162311789148932,15.304994419476047,14.850005959024218,15.172289848327637,349326000
QQQ,2022-12-23,260.1541178129993,262.67266222528946,258.25296279970826,262.0062561035156,39373600
AAPL,2022-12-27,129.07608787315525,129.10556058535423,126.46273078933113,127.749755859375,69007800
MSFT,2022-12-27,231.65651213728756,231.87972122287346,228.87120393787913,229.96786499023438,16688600
NVDA,2022-12-27,15.04058027199165,15.066522651056324,14.024836646016347,14.089693069458008,464902000
QQQ,2022-12-27,261.39863634460903,261.50644919316005,257.7629358770659,258.3019104003906,38009000
AAPL,2022-12-28,127.39608344761355,128.73223486036684,123.66272537894751,123.82974243164062,85438400
MSFT,2022-12-28,229.89995135219928,232.64644670853528,227.26021075559856,227.60958862304688,17457100
NVDA,2022-12-28,13.896123310795858,14.230380640006066,13.853218422811985,14.004881858825684,351066000
QQQ,2022-12-28,257.90016402550407,260.15409570007984,254.52904593217914,254.89163208007812,47139000
AAPL,2022-12-29,125.74550357038785,128.19183563144588,125.49006845254046,127.33709716796875,75703700
MSFT,2022-12-29,228.69650658121392,234.7814975020751,228.69650658121392,233.89834594726562,19770700
NVDA,2022-12-29,14.370070713593025,14.650446912717559,14.195458504097823,14.570624351501465,354923000
QQQ,2022-12-29,257.69434977774887,262.04544340160635,256.99857554474977,261.10467529296875,45893600
AAPL,2022-12-30,126.1581629090278,127.67115035805845,125.19534521858718,127.65149688720703,77034200
MSFT,2022-12-30,231.18100636407286,232.87936810259998,229.67674014824095,232.74349975585938,21938500
NVDA,2022-12-30,14.302220281186143,14.59656632429452,14.20144437182903,14.581600189208984,310490000
QQQ,2022-12-30,258.34110733474483,261.07524704462577,257.03775322586284,260.9478454589844,37858300
AAPL,2023-01-03,127.99536673400503,128.60448941700523,121.9925130634904,122.8767318725586,112117500
MSFT,2023-01-03,235.90729779007853,238.49851075863083,230.39489317769917,232.5105743408203,25740000
NVDA,2023-01-03,14.818075144951218,14.962754136499147,14.064748866809973,14.283263206481934,401277000
QQQ,2023-01-03,263.2703175098673,264.740280231761,256.8808903116979,259.183837890625,42335300
AAPL,2023-01-04,124.66481618620305,126.40378110334795,122.88655931785308,124.14411163330078,89113600
MSFT,2023-01-04,225.4259409938991,225.9985278733158,219.2924376104367,222.33978271484375,50623400
NVDA,2023-01-04,14.5347061931835,14.820071447404848,14.209428703147058,14.716301918029785,431324000
QQQ,2023-01-04,261.300672498505,262.09445023311,257.27295778358507,260.4186706542969,47754900
AAPL,2023-01-05,124.90061292758642,125.52938912334946,122.57217865426507,122.8276138305664,80962700
MSFT,2023-01-05,220.49587519530553,220.8355534662342,215.21639405316571,215.7501678466797,39585600
NVDA,2023-01-05,14.458872413551465,14.531710520758232,14.11663246222546,14.233373641967773,389168000
QQQ,2023-01-05,258.7527412605254,258.919320349099,256.02841054713053,256.34197998046875,45396700
AAPL,2023-01-06,123.80028171885589,128.00521863758777,122.69991942060877,127.34696960449219,87754700
MSFT,2023-01-06,216.4198034707522,219.09835714227594,212.87751216247153,218.2928466796875,43613600
NVDA,2023-01-06,14.44191076025438,14.976722686175162,14.00288666985135,14.826057434082031,405044000
QQQ,2023-01-06,258.07654065905234,264.5345752837796,255.126804985391,263.4173889160156,54659700
AAPL,2023-01-09,128.18205614149144,131.07050217869943,127.61222532540481,127.86766052246094,70790800
MSFT,2023-01-09,219.76798480761224,224.41665135349578,219.7291716302323,220.418212890625,27369800
NVDA,2023-01-09,15.25011511747284,16.020402921173815,15.107431553171974,15.593352317810059,504231000
QQQ,2023-01-09,265.40669938269843,269.77741078699546,264.5149481705316,265.1225280761719,45568700
AAPL,2023-01-10,127.97572556898378,128.95818934117645,125.87325369613974,128.43748474121094,63896200
MSFT,2023-01-10,221.03935048334114,224.48460157088834,220.62204584662,222.09719848632812,27033900
NVDA,2023-01-10,15.472620524555069,15.926611700930899,15.437698272766157,15.873729705810547,384101000
QQQ,2023-01-10,264.09361482175257,267.47454260367743,263.58403827618673,267.3667297363281,35247800
AAPL,2023-01-11,128.94836939344688,131.1687321095965,128.17222961380043,131.1490936279297,69458900
MSFT,2023-01-11,224.46515686951886,228.98765452783252,224.29047536414728,228.81297302246094,28669300
NVDA,2023-01-11,15.804879484223367,15.992462373962717,15.52849322617225,15.965521812438965,353285000
QQQ,2023-01-11,268.4348714453479,272.09996982647135,267.6508731910464,271.9921569824219,44077000
AAPL,2023-01-12,131.5322547782573,131.90558081812333,129.13504077259947,131.07049560546875,71379600
MSFT,2023-01-12,228.31799199232134,232.82107525435615,226.66815819703726,231.4720916748047,27269500
NVDA,2023-01-12,16.06430389569738,16.600112025362304,15.45765118323187,16.47439193725586,551409000
QQQ,2023-01-12,272.55072731097135,274.49108918311964,268.2584306857929,273.46209716796875,60600000
AAPL,2023-01-13,129.71469801537842,132.55401787873402,129.35119119619432,132.39682006835938,57809700
MSFT,2023-01-13,230.00668936190732,232.30675151679418,227.98806347571494,232.17088317871094,21333300
NVDA,2023-01-13,16.24191245912775,16.884485751855593,16.129164009129322,16.861536026000977,447287000
QQQ,2023-01-13,270.9631677043932,275.58865226978315,270.6299796945461,275.3436584472656,44802900
AAPL,2023-01-17,132.46557135226192,134.88242345634274,131.77784981822288,133.5561065673828,63646600
MSFT,2023-01-17,230.9480815858975,233.80133166035085,230.0940435204723,233.2578582763672,29831300
NVDA,2023-01-17,16.861533003782395,17.688695480685343,16.861533003782395,17.662752151489258,511102000
QQQ,2023-01-17,275.14768251608376,277.18604809737275,273.98150939661457,275.90228271484375,36269700
AAPL,2023-01-18,134.4207108763407,136.17931456809228,132.66209219338052,132.8389434814453,69672800
MSFT,2023-01-18,234.44186787994613,235.22796439382358,228.57038560512123,228.85182189941406,30028700
NVDA,2023-01-18,17.627828386104188,17.833371016829354,17.243681783190326,17.338472366333008,439624000
QQQ,2023-01-18,277.44080363633776,278.9891814182837,272.10976531060794,272.3155517578125,47754500
AAPL,2023-01-19,131.72873868777404,133.86068318245066,131.4241773301355,132.8978729248047,58280400
MSFT,2023-01-19,226.8817052615486,228.57036731781892,223.8731729886452,225.08628845214844,28623000
NVDA,2023-01-19,16.998228042242104,17.158872284903268,16.693905869643526,16.727828979492188,452932000
QQQ,2023-01-19,270.6889316835038,271.82570726332307,268.4056011017349,269.6403503417969,44150400
AAPL,2023-01-20,132.90770800117681,135.59966433835268,131.86629872212012,135.45228576660156,80223600
MSFT,2023-01-20,227.92985845985373,233.63635883113758,227.59018017735744,233.13169860839844,35389800
NVDA,2023-01-20,16.973284656262667,17.816412427942808,16.787698117134013,17.799449920654297,564967000
QQQ,2023-01-20,271.2474001259053,277.35262774545413,270.1890099432116,277.0194396972656,60613600
AAPL,2023-01-23,135.69786549716068,140.80668812964507,135.4817223092692,138.63543701171875,81760300
MSFT,2023-01-23,233.98570310784828,237.93559913009912,232.57847740404011,235.42202758789062,31934000
NVDA,2023-01-23,18.0239511412495,19.202334514054723,17.77849813911899,19.150449752807617,655163000
QQQ,2023-01-23,277.8622257606587,284.39864475391676,277.06844810068554,283.1736755371094,52799900
AAPL,2023-01-24,137.84950755371702,140.64953566811175,137.8396883115422,140.03057861328125,66435100
MSFT,2023-01-24,235.34438219144687,236.7515930613996,233.34517042755766,234.89794921875,40234400
NVDA,2023-01-24,18.785259468912272,19.45177965907979,18.778275018636265,19.222288131713867,496204000
QQQ,2023-01-24,281.55677882468814,283.7519145329774,281.0373929684775,282.5955505371094,44875100
AAPL,2023-01-25,138.41930821894437,139.93229570032543,136.37578195167205,139.37229919433594,65799300
MSFT,2023-01-25,227.56106931490226,236.12081997438574,224.08670450908426,233.51019287109375,66526600
NVDA,2023-01-25,18.871071892196763,19.32705950006516,18.538809936927446,19.280162811279297,449537000
QQQ,2023-01-25,278.0876589680006,282.5857432816811,275.5495258100753,281.9683837890625,50872000
AAPL,2023-01-26,140.65934626942868,141.72040901629467,139.41161299424252,141.4355010986328,54105100
MSFT,2023-01-26,236.46045082013288,240.9829486422917,234.85914439539755,240.68209838867188,33454500
NVDA,2023-01-26,19.65732458647775,20.12129386890338,19.235262010529773,19.758100509643555,489535000
QQQ,2023-01-26,285.3883995934982,287.6423307540248,282.7424543994262,287.4659423828125,51596300
AAPL,2023-01-27,140.64952711543583,144.64814715401417,140.57092820918845,143.37094116210938,70555800
MSFT,2023-01-27,241.6428822092,242.45809218411858,239.54661529494882,240.83737182617188,26498900
NVDA,2023-01-27,19.418849333138702,20.582264478452693,19.361976503519905,20.319847106933594,542142000
QQQ,2023-01-27,286.15277989519404,292.2874346780867,286.03518764739596,290.3274841308594,56441900
AAPL,2023-01-30,142.41796049282078,142.99761054282715,140.34496125408572,140.49232482910156,64015300
MSFT,2023-01-30,237.2950768809861,238.35292478678218,235.05324194345323,235.54820251464844,25867400
NVDA,2023-01-30,19.90576740996117,20.095344769702777,19.107540036562035,19.11951446533203,488611000
QQQ,2023-01-30,287.0641967396339,288.48517308170074,284.0850929525682,284.45745849609375,49405800
AAPL,2023-01-31,140.19759064122545,141.80883078137197,139.78495761656453,141.75970458984375,65874500
MSFT,2023-01-31,236.26636386768823,240.63357952072695,235.78111768401726,240.49771118164062,26541100
NVDA,2023-01-31,19.127497873404206,19.64335181995639,18.907986325068734,19.493684768676758,498017000
QQQ,2023-01-31,284.49670563063603,288.81840148761705,284.3889226729346,288.72039794921875,46705100
AAPL,2023-02-01,141.44529588395375,144.0389993752098,138.8417731528238,142.8796844482422,77663600
MSFT,2023-02-01,240.68212262765826,247.6502511666021,238.2267779645673,245.29196166992188,31259900
NVDA,2023-02-01,19.647345080075983,21.145016818201913,19.567522516028927,20.896570205688477,660477000
QQQ,2023-02-01,288.5145464564292,297.35391334937026,286.4467829160311,294.8941955566406,67562200
AAPL,2023-02-02,146.2888426135127,148.52885870656533,145.57164829200897,148.17518615722656,118339000
MSFT,2023-02-02,251.18282257259764,256.8796075980904,249.65914256333582,256.7922668457031,39940400
NVDA,2023-02-02,20.953438165318428,21.90033342006355,20.654104095633148,21.660865783691406,564276000
QQQ,2023-02-02,301.41104382361254,307.3986792194791,300.58786806855676,305.4779357910156,83070600
AAPL,2023-02-03,145.4341223704264,154.62016535520215,145.23763259886508,151.79066467285156,154357300
MSFT,2023-02-03,251.8815727441677,256.4040702889057,249.5135692294624,250.7266845703125,29077300
NVDA,2023-02-03,20.95344207269312,21.696791212168588,20.74290942748652,21.053220748901367,429366000
QQQ,2023-02-03,298.83375951333676,306.1345896386831,298.44177525770675,300.0489196777344,76170800
AAPL,2023-02-06,149.8945101165513,150.41521473457135,148.13589150827315,149.06922912597656,69858300
MSFT,2023-02-06,249.84352591670253,250.6781350311893,247.26201299101024,249.1932830810547,22518000
NVDA,2023-02-06,20.7598742206852,21.522180421955568,20.739918102623005,21.042247772216797,452197000
QQQ,2023-02-06,297.4323268010993,299.7842616499401,296.16815023108865,297.5107116699219,40802300
AAPL,2023-02-07,147.99834440627268,152.50784959474223,147.99834440627268,151.93801879882812,83322600
MSFT,2023-02-07,252.84229788758566,260.83914306930143,252.4055646091288,259.66485595703125,50841400
NVDA,2023-02-07,21.334593701458743,22.20965010200628,21.103107721044175,22.12384033203125,664150000
QQQ,2023-02-07,297.38337887049175,304.8018011322079,296.26622226916135,303.6748352050781,67584000
AAPL,2023-02-08,151.18154087876943,151.86926257026718,148.51905726950346,149.2559051513672,64120100
MSFT,2023-02-08,265.1384914873045,268.5934414880708,258.354730598475,258.8594055175781,54686000
NVDA,2023-02-08,22.33736696829217,22.827279543884256,21.959207503696422,22.155771255493164,559651000
QQQ,2023-02-08,302.36159572104424,303.30236366101053,297.58912066430577,298.27508544921875,56720900
AAPL,2023-02-09,151.08326181502397,151.62361983119905,147.78218328763404,148.2242889404297,56007100
MSFT,2023-02-09,265.72080730740066,265.8955184484022,255.0453909060254,255.84120178222656,42375100
NVDA,2023-02-09,22.555878249188314,22.968959875402295,22.07095576094419,22.287473678588867,523876000
QQQ,2023-02-09,302.65563587730645,302.8026262239471,294.18866293953266,295.6390075683594,49137800
AAPL,2023-02-10,147.0632318137508,148.9130734935689,146.8270751036462,148.58836364746094,57450700
MSFT,2023-02-10,253.81283739078765,256.29729518565995,252.96851387057905,255.33651733398438,25818500
NVDA,2023-02-10,21.641916327173853,22.02905476040814,20.764865257149385,21.217857360839844,550737000
QQQ,2023-02-10,293.48307362724574,295.53121883431214,291.297717495013,293.69866943359375,50050100
AAPL,2023-02-13,148.52935383999073,151.78627208132363,148.49983612289876,151.3828582763672,62199000
MSFT,2023-02-13,259.7426206728503,266.49724001770915,259.26705921966635,263.31402587890625,44630900
NVDA,2023-02-13,21.49024697725974,21.99911645552033,20.91552384659178,21.73969268798828,474919000
QQQ,2023-02-13,295.09998416838243,298.99048753364445,293.92400177687483,298.4024963378906,39636700
AAPL,2023-02-14,149.68057287811524,151.30412220458746,148.44078385852455,150.74325561523438,61707600
MSFT,2023-02-14,264.62416219078045,266.856282749665,261.33417890703004,264.138916015625,37047900
NVDA,2023-02-14,21.530157577256894,22.997896827890425,21.318627718423105,22.92007064819336,675474000
QQQ,2023-02-14,296.82479185684485,301.55806033599276,294.8844296115814,300.60748291015625,64079100
AAPL,2023-02-15,150.6547253534473,153.00639866157246,150.42841784233283,152.83912658691406,65573800
MSFT,2023-02-15,261.0547562578646,263.39950469785816,258.9726863891012,262.0276794433594,28922400
NVDA,2023-02-15,22.499008003095835,22.804329348665444,22.056991258302702,22.713531494140625,420575000
QQQ,2023-02-15,298.7944917715508,303.0769794600468,298.1085269393555,302.910400390625,43100600
AAPL,2023-02-16,151.04826665403036,153.82305157694913,150.8908438680814,151.2450714111328,68167900
MSFT,2023-02-16,256.87124200798837,259.5175950149536,254.80864901706667,255.0518798828125,29603600
NVDA,2023-02-16,22.08393238042942,22.50000774301944,21.87838968971364,21.953224182128906,412026000
QQQ,2023-02-16,298.28492218029794,302.25381065614226,297.0795416511825,297.2265319824219,59498600
AAPL,2023-02-17,149.90689371085574,150.54646418705764,148.43094798353164,150.1036834716797,59144100
MSFT,2023-02-17,252.36656000925092,253.047588426155,249.06833614983722,251.0725555419922,30000100
NVDA,2023-02-17,21.58304317749563,21.691800771351655,20.92849743532747,21.3405818939209,465888000
QQQ,2023-02-17,295.04116982572447,295.88393422598153,292.13064199756906,295.1293640136719,58230700
AAPL,2023-02-21,147.79135689260553,148.87372305726493,146.03006833094608,146.09893798828125,58867200
MSFT,2023-02-21,247.58951047821205,248.5721724856299,244.77776281168238,245.82852172851562,28397400
NVDA,2023-02-21,20.953441579866375,21.44634583081081,20.5722885301492,20.609207153320312,410015000
QQQ,2023-02-21,291.30745117197637,292.74801597973624,288.00493937826445,288.1421203613281,46526700
AAPL,2023-02-22,146.48271250078488,147.54539539799444,144.80014250744384,146.52207946777344,51011300
MSFT,2023-02-22,247.21003358389876,247.45326436545926,243.56157186049097,244.69989013671875,22491100
NVDA,2023-02-22,20.661090150563847,21.05720930150761,20.375723053454355,20.707984924316406,513184000
QQQ,2023-02-22,288.72034367644244,290.4254912794168,286.70159677213525,288.3577575683594,51389200
AAPL,2023-02-23,147.68313363952294,147.92912460701393,144.87884561858363,147.0041961669922,48394200
MSFT,2023-02-23,248.64026115369037,249.88560171481558,243.6978093067613,247.8716583251953,29219100
NVDA,2023-02-23,23.388031723311734,23.83503841711281,22.97395090605858,23.611534118652344,1117995000
QQQ,2023-02-23,292.00324737529,292.1600470153091,286.6917679806115,290.87628173828125,69294400
AAPL,2023-02-24,144.75090982195374,144.82962872471046,143.38320079150859,144.35733032226562,55469600
MSFT,2023-02-24,243.19187704458037,244.2037105882477,241.38223939221282,242.47190856933594,24990900
NVDA,2023-02-24,23.17350751127071,23.421955993730073,22.89612399551086,23.234371185302734,589716000
QQQ,2023-02-24,285.91766516763073,287.1034271642342,284.2418855081771,286.005859375,74332000
AAPL,2023-02-27,145.34131909727375,146.77789803104127,145.08547886576312,145.54794311523438,44998500
MSFT,2023-02-27,245.62418557007777,245.97443849874284,242.63730436651332,243.38645935058594,21190000
NVDA,2023-02-27,23.61751850763343,23.827051978192486,23.401997822738508,23.44889259338379,452994000
QQQ,2023-02-27,289.1613320021509,290.55288024334476,287.4659638902868,288.053955078125,48995000
AAPL,2023-02-28,144.6918692589824,146.689314426437,144.47539603761436,145.0460968017578,50547000
MSFT,2023-02-28,242.32595921726772,244.68043129479227,241.99515408663171,242.66647338867188,22491000
NVDA,2023-02-28,23.320184085898383,23.772180806302725,23.15455174201123,23.16452980041504,455963000
QQQ,2023-02-28,287.4267764126198,290.1903142523565,287.0935883612757,287.68157958984375,48243100
AAPL,2023-03-01,144.4754113339038,144.86899086128216,142.68458995191014,142.9797821044922,55479000
MSFT,2023-03-01,243.9701913432016,244.13558648881542,239.1347623459425,239.60177612304688,27565300
NVDA,2023-03-01,23.14058460599458,23.204443804026024,22.458100964699696,22.647680282592773,460026000
QQQ,2023-03-01,287.3875822887834,288.0441490292622,284.38886009383884,285.36883544921875,58287000
AAPL,2023-03-02,142.0646965175798,144.3573339453376,141.59238308918532,143.57015991210938,52238100
MSFT,2023-03-02,239.8742178244938,244.5928864350576,238.95966764159195,244.3107452392578,24808200
NVDA,2023-03-02,22.43814303132255,23.328163685156042,22.382265528634285,23.262310028076172,389415000
QQQ,2023-03-02,282.8796700562959,288.5341166983965,282.59546884913095,287.73052978515625,53565900
AAPL,2023-03-03,145.6660352681244,148.686812189525,144.967429181757,148.60809326171875,70732300
MSFT,2023-03-03,245.3615103876745,248.69862992215678,244.58316883886687,248.3775634765625,30760100
NVDA,2023-03-03,23.268296382829778,23.847010375257764,23.078717103361356,23.837032318115234,412393000
QQQ,2023-03-03,289.4749733262371,293.914261084036,288.96536693308644,293.6790466308594,60511500
AAPL,2023-03-06,151.32379221822697,153.79355106354063,150.99909736370918,151.3631591796875,87558000
MSFT,2023-03-06,249.48669107630843,253.07678008876618,249.0488786018787,249.91477966308594,24109800
NVDA,2023-03-06,23.838034225602097,24.19424120106475,23.434928663312892,23.501781463623047,437429000
QQQ,2023-03-06,294.9138281640149,297.91255078931,293.8162603935119,294.0122375488281,56736300
AAPL,2023-03-07,151.2352451910372,151.55995507278075,148.70646582947896,149.16893005371094,56182000
MSFT,2023-03-07,249.36018084473946,250.71255821742662,246.528985881538,247.26840209960938,21473200
NVDA,2023-03-07,23.551677824513874,24.07560247170694,23.193411743392723,23.24031639099121,515154000
QQQ,2023-03-07,294.06126431559863,294.9824437058501,289.7983647809635,290.40594482421875,65955800
AAPL,2023-03-08,150.35951315538156,151.00893289820618,149.39523278864294,150.41854858398438,47204800
MSFT,2023-03-08,247.1614177859818,247.64787941469785,244.01887982125263,246.83062744140625,17340200
NVDA,2023-03-08,23.438909531706024,24.150450902284962,23.376038799236685,24.131488800048828,513573000
QQQ,2023-03-08,290.8273005687011,292.4540633879132,288.97516253842946,291.8562927246094,50876300
AAPL,2023-03-09,151.09748364556307,152.06176399701366,147.82088228318355,148.17510986328125,53833600
MSFT,2023-03-09,248.8932225660645,252.53194586818475,244.76802281359187,245.4879913330078,26653400
NVDA,2023-03-09,24.12549713017086,24.403927067293445,23.335119057261018,23.388011932373047,501257000
QQQ,2023-03-09,292.3560656900784,294.9530245830803,285.98622520297346,286.79962158203125,71456700
AAPL,2023-03-10,147.80120650188752,148.5194958597798,145.242894659562,146.11862182617188,68572400
MSFT,2023-03-10,244.2815470078051,245.9452372856859,240.89577859254197,241.8589630126953,28333900
NVDA,2023-03-10,23.36106553205838,23.578619542231447,22.679463555166457,22.9179744720459,474866000
QQQ,2023-03-10,286.9662054618756,288.4557873254567,281.62535706186685,282.77191162109375,98593600
AAPL,2023-03-13,145.43970497520198,150.68423448355665,145.33146834316847,148.0570526123047,84457100
MSFT,2023-03-13,240.7011840514009,250.92661597294014,239.0764041542882,247.04464721679688,33339700
NVDA,2023-03-13,22.70541142718648,23.2502929083055,22.251343209013474,22.91897201538086,421890000
QQQ,2023-03-13,280.988415097732,288.5734166863263,279.4792442969985,284.8691101074219,97123600
AAPL,2023-03-14,148.85404568502526,150.94004418166887,147.6929755826584,150.14303588867188,73695900
MSFT,2023-03-14,249.79804988364143,254.00108554117946,248.93214876608812,253.72866821289062,33620300
NVDA,2023-03-14,23.44789249237886,24.169411731602075,23.411964998999608,24.013731002807617,474910000
QQQ,2023-03-14,288.4165608377867,291.9640670408029,287.57379633938,291.415283203125,73602500
AAPL,2023-03-15,148.76548332238644,150.7924462663543,147.51584514285557,150.53662109375,77167900
MSFT,2023-03-15,252.94050434838186,259.26450315131655,252.19133471855704,258.2526550292969,46028000
NVDA,2023-03-15,23.71234953099833,24.2362742238191,23.312171498969583,24.178394317626953,524486000
QQQ,2023-03-15,288.8085334957989,293.2772187994073,287.36796850276227,292.94403076171875,83631500
AAPL,2023-03-16,149.71994010489203,153.9509875803486,149.20827470890512,153.35076904296875,76161100
MSFT,2023-03-16,258.028987963125,269.0716736937698,256.1512530626568,268.721435546875,54768800
NVDA,2023-03-16,23.977802891862606,25.535605516897093,23.845073897032023,25.48870277404785,583253000
QQQ,2023-03-16,292.0326786060645,301.0288458902674,291.23890089901585,300.666259765625,98198100
AAPL,2023-03-17,153.5770871091514,154.2265068856699,151.80594908869074,152.514404296875,98944600
MSFT,2023-03-17,270.72558821466924,275.6582857099673,268.83811504692954,271.8638916015625,69527400
NVDA,2023-03-17,25.928800789668877,26.34494677671912,25.615442640620632,25.672327041625977,848547000
QQQ,2023-03-17,300.57802119938503,302.9593539690395,297.2950980069192,299.2452392578125,89923700
AAPL,2023-03-20,152.5832627325511,155.28916298853815,151.6780028890537,154.87588500976562,73641400
MSFT,2023-03-20,269.4802407516752,269.96670228330714,262.543294560003,264.8588562011719,43466600
NVDA,2023-03-20,25.562547632598424,25.970710514368694,25.078540163743003,25.84696388244629,432747000
QQQ,2023-03-20,298.628998287791,300.63122196254875,296.4206395663635,300.3073425292969,56359500
AAPL,2023-03-21,154.79720820376127,156.84383990664745,154.02970254755692,156.72576904296875,73938300
MSFT,2023-03-21,267.4371343013886,267.5538803349331,262.2222505034053,266.3669128417969,34558700
NVDA,2023-03-21,26.126395026788483,26.337960836204616,25.329031245204536,26.145355224609375,547408000
QQQ,2023-03-21,302.24082881743965,305.04788323131515,300.72932185078076,304.5964050292969,49757000
AAPL,2023-03-22,156.7454546452784,159.5399085601911,155.27934300701256,155.2990264892578,75701800
MSFT,2023-03-22,265.9971973475459,273.43034485869043,264.81022985408475,264.9172668457031,34873300
NVDA,2023-03-22,26.37088997719431,27.532507969585293,26.183275210273973,26.413803100585938,797295000
QQQ,2023-03-22,304.5277173641124,309.4155616024022,300.2876918296602,300.45452880859375,75791900
AAPL,2023-03-23,156.28300603974324,158.9593893571433,155.151438415948,156.3813934326172,67622100
MSFT,2023-03-23,270.41426299778846,273.44977847868375,267.7484630649204,270.141845703125,36610900
NVDA,2023-03-23,27.059477978352234,27.442692460706514,26.635348987272323,27.13532257080078,564889000
QQQ,2023-03-23,304.1841703718912,308.33586449885354,301.32802358760387,304.0173034667969,74576000
AAPL,2023-03-24,156.31251228008384,157.76877470893055,155.31871410467124,157.6802215576172,59196500
MSFT,2023-03-24,269.7332022897182,273.03142599171395,267.8262812456373,272.9730529785156,28172000
NVDA,2023-03-24,26.975655534647398,27.11137676176223,26.301039016509158,26.724170684814453,454920000
QQQ,2023-03-24,303.5952799906133,305.23435576063616,301.2691474607354,305.13623046875,57195200
AAPL,2023-03-27,157.37515888196728,158.19185056660328,155.33834678641222,155.7417755126953,52390300
MSFT,2023-03-27,272.90495366822654,273.83895161321755,268.05978551317787,268.8965148925781,26840200
NVDA,2023-03-27,26.782050151047695,26.944716509158773,26.3110164665487,26.47667694091797,361026000
QQQ,2023-03-27,305.8330587920121,306.9127064965641,302.1917301252153,303.0456237792969,50287400
AAPL,2023-03-28,155.43673225056244,155.94839753031852,153.47863926690832,155.12185668945312,45992200
MSFT,2023-03-28,268.32248351379377,268.6630125541161,264.68373074732534,267.77764892578125,21878600
NVDA,2023-03-28,26.392853322575707,26.458718179966013,25.797075489348362,26.355928421020508,356104000
QQQ,2023-03-28,302.466559225668,302.49600280278304,299.1294607378363,301.43597412109375,48585900
AAPL,2023-03-29,156.81433593979492,158.46740324672123,156.79466747018907,158.19189453125,51305700
MSFT,2023-03-29,271.4066545555062,273.5276497515444,270.87155865821495,272.9147033691406,25087000
NVDA,2023-03-29,26.770074250919894,27.02255456693602,26.542540461107045,26.928747177124023,393694000
QQQ,2023-03-29,305.1263695460071,307.55065703124257,304.3117140605871,306.93231201171875,53274300
AAPL,2023-03-30,158.93965597985908,159.86458426430409,158.68383082177425,159.75634765625,49501700
MSFT,2023-03-30,276.53397442659906,276.757727762298,273.8584356014265,276.35882568359375,25053400
NVDA,2023-03-30,27.17324699449219,27.44269460926943,27.04650622795167,27.32693099975586,364516000
QQQ,2023-03-30,309.40575677195426,310.46578568757917,307.0207366409696,309.8376159667969,58354800
AAPL,2023-03-31,159.83510289651463,162.35404815041076,159.31360321570477,162.25564575195312,68749800
MSFT,2023-03-31,276.04750748202,281.4374805787577,275.33726286422353,280.4937438964844,32766000
NVDA,2023-03-31,27.084432189356225,27.777011517821233,27.049504001618953,27.720129013061523,433933000
QQQ,2023-03-31,310.0633053000576,315.22596553535897,309.7590450153617,314.9903869628906,62138100
AAPL,2023-04-03,161.6357239671043,163.6233198649464,161.586522778444,163.5052490234375,56976200
MSFT,2023-04-03,278.7619010121522,280.46451634607917,276.26151134425334,279.45269775390625,24883300
NVDA,2023-04-03,27.45267208283813,27.94266591204821,27.280025990589856,27.907737731933594,398716000
QQQ,2023-04-03,312.8703281475286,314.489814603818,311.54533734186873,314.22479248046875,47126800
AAPL,2023-04-04,163.92835343175463,164.16449510354033,162.46224215834394,162.97390747070312,46278300
MSFT,2023-04-04,279.4527472277195,282.5855611844231,277.93498937950386,279.4040832519531,25824300
NVDA,2023-04-04,27.908737736009,27.94266851512213,27.25108667754047,27.396787643432617,368592000
QQQ,2023-04-04,314.6665077964357,315.6774438935838,311.94775434717684,313.1648254394531,45875400
AAPL,2023-04-05,162.09822184489292,162.40324825832465,159.20536551321473,161.13392639160156,51511700
MSFT,2023-04-05,278.1100227693913,279.37481068956913,275.2593657381629,276.6408996582031,22064800
NVDA,2023-04-05,26.774062779224042,26.942715439128293,26.340951464980066,26.825956344604492,515015000
QQQ,2023-04-05,312.212766553252,313.1549909553474,308.2573530230773,310.0731201171875,62795700
AAPL,2023-04-06,159.82525040692016,162.31469290771022,159.40215313314846,162.01950073242188,45390100
MSFT,2023-04-06,275.54153732325625,284.1713602969535,274.3934952141327,283.7043762207031,29770300
NVDA,2023-04-06,26.52956827718351,27.024552994988376,26.372890149473246,26.98164176940918,397654000
QQQ,2023-04-06,308.4242421889301,312.6544731339284,307.03053939298894,312.1637268066406,46916500
AAPL,2023-04-10,158.8314373555464,159.43165588378906,157.51292944566782,159.43165588378906,47716900
MSFT,2023-04-10,281.37908101323706,281.7585352734682,277.00092706983764,281.5542297363281,23103000
NVDA,2023-04-10,26.768080783046805,27.56444724045996,26.61439676276979,27.522533416748047,395279000
QQQ,2023-04-10,309.23880239091386,312.03606158337976,307.45247912243167,311.9869689941406,45134700
AAPL,2023-04-11,159.74652133194326,159.7563555644006,157.93601661540757,158.22137451171875,47644200
MSFT,2023-04-11,278.0128240085293,278.2366070491665,274.01412362630157,275.171875,27276600
NVDA,2023-04-11,27.66723481289394,27.7330996597478,27.070457767266205,27.113370895385742,314378000
QQQ,2023-04-11,311.9477567831826,312.0066738913755,309.47440639730115,309.9847717285156,40113600
AAPL,2023-04-12,158.63461193618548,159.4611377523383,157.21770195758472,157.53257751464844,50133100
MSFT,2023-04-12,277.07878271017614,279.2386732168352,274.32539366289427,275.81396484375,27403400
NVDA,2023-04-12,27.313958486817846,27.4117573972983,26.393845475280525,26.440750122070312,446259000
QQQ,2023-04-12,311.937962530485,312.5268640380153,306.78512675695106,307.2464294433594,62813300
AAPL,2023-04-13,159.03805912639,163.14118599216286,158.8314201412513,162.905029296875,68445600
MSFT,2023-04-13,275.91126538247534,282.05040792429327,275.50265429718814,281.9920349121094,24222700
NVDA,2023-04-13,26.67925848324337,26.83194507729408,26.275088982964736,26.4088134765625,353615000
QQQ,2023-04-13,309.0032662225483,313.73406719426043,307.8254932108814,313.2629699707031,54613800
AAPL,2023-04-14,161.9505555641148,163.65282329971083,161.19291444790488,162.5606231689453,49386500
MSFT,2023-04-14,279.22894208294247,280.66887902365164,276.00856885442937,278.3922424316406,20987900
NVDA,2023-04-14,26.449729310820583,26.82795296952223,26.166310441978037,26.703208923339844,395660000
QQQ,2023-04-14,311.71219883461987,314.43092227098646,309.768832905649,312.674072265625,56278300
AAPL,2023-04-17,162.44258319038994,162.7377753387549,161.39958394505072,162.58033752441406,41516200
MSFT,2023-04-17,282.0796326398558,283.70442754241606,278.4117226515916,280.980224609375,23836200
NVDA,2023-04-17,26.510605128627287,26.95070210668743,26.37887544680579,26.94671058654785,321471000
QQQ,2023-04-17,312.261854645645,313.2924398141298,310.19091970365525,312.9390869140625,43007000
AAPL,2023-04-18,163.4363837761115,164.72537387764507,162.99358808032773,163.80044555664062,49923000
MSFT,2023-04-18,283.6751943988744,283.86005216252715,279.23866745372095,280.56182861328125,20161800
NVDA,2023-04-18,27.476627054688475,28.05244531067526,27.300986821273888,27.6103515625,604812000
QQQ,2023-04-18,315.04929370487713,315.4713582784349,311.76131752372714,312.9587097167969,46746900
AAPL,2023-04-19,163.14122346923992,165.4633789570219,162.885383237049,164.94187927246094,47720200
MSFT,2023-04-19,278.2463575328291,281.2235008029145,276.8356363979775,280.6397705078125,17150300
NVDA,2023-04-19,27.304977218888993,27.94266877758147,27.176241641344223,27.873809814453125,358660000
QQQ,2023-04-19,310.55404166149606,313.8714910627291,310.42644284563727,312.81146240234375,38960100
AAPL,2023-04-20,163.42656743390464,165.1780220485777,162.90506774605808,163.9775848388672,52456400
MSFT,2023-04-20,277.52633742538336,281.20398586251105,277.3609274204324,278.363037109375,23244400
NVDA,2023-04-20,27.61434236358742,27.972608458107462,26.9447167273433,27.048503875732422,427713000
QQQ,2023-04-20,309.84740610563057,313.3611364890163,309.14073022453687,310.4264831542969,62462100
AAPL,2023-04-21,162.4032359760057,163.78077935638615,161.85221862385353,162.37371826171875,58337300
MSFT,2023-04-21,277.2928296281938,278.51869257683563,275.3956176560884,278.02252197265625,21676400
NVDA,2023-04-21,26.896811075410813,27.12733896388513,26.667282494525807,27.06346893310547,345103000
QQQ,2023-04-21,310.06327844359055,311.5256925854782,308.286779534133,310.75030517578125,59002300
AAPL,2023-04-24,162.3540163618739,162.94440060882783,161.26181601487568,162.67872619628906,41949600
MSFT,2023-04-24,274.45187596772155,277.234451496004,271.173129844423,274.1405334472656,26611000
NVDA,2023-04-24,26.957691440868356,27.309967410410923,26.61639072563291,26.986631393432617,339282000
QQQ,2023-04-24,310.52460416943904,311.85941960168043,307.9334495735245,310.1025695800781,44043100
AAPL,2023-04-25,162.54096443175132,163.64299896057264,161.10437083745688,161.14373779296875,48714100
MSFT,2023-04-25,271.941745821894,273.9751515427264,267.91382992661585,267.9624938964844,45772200
NVDA,2023-04-25,27.02255529680181,27.191209883551597,26.17130312906319,26.18726921081543,378527000
QQQ,2023-04-25,308.4732736850432,309.1406813692748,304.15471285096964,304.2528381347656,57121600
AAPL,2023-04-26,160.44515464932056,162.62955575633885,160.18932943478703,161.13392639160156,45498800
MSFT,2023-04-26,288.6663495624961,291.4586346304273,284.80384294642164,287.3723449707031,64599200
NVDA,2023-04-26,26.946709851264895,27.27403733509567,26.65031712353252,26.900802612304688,406337000
QQQ,2023-04-26,307.63900335088084,309.1112420614219,305.5778631655687,306.0980529785156,55400500
AAPL,2023-04-27,162.54100085037314,165.85695442572842,162.54100085037314,165.70936584472656,64902300
MSFT,2023-04-27,287.9560567732343,296.936147852177,287.2555509397699,296.5761413574219,46462600
NVDA,2023-04-27,27.306974277389113,27.438703972842852,26.57048448729234,27.17025375366211,377161000
QQQ,2023-04-27,309.85723831198396,314.92171397402467,309.21924413400245,314.4211730957031,65430400
AAPL,2023-04-28,165.7880496631181,167.12624089927414,165.18783120394306,166.95895385742188,55275900
MSFT,2023-04-28,295.7783684985938,300.56513364270495,295.0973104351293,298.94036865234375,36469600
NVDA,2023-04-28,27.1692571711631,27.70116489389645,27.015571252856407,27.692184448242188,292216000
QQQ,2023-04-28,314.1855717047368,316.6785712153417,313.0568612415905,316.5902404785156,59712600
AAPL,2023-05-01,166.56538074727197,167.71661652166532,165.93564455408003,166.8704071044922,52472900
MSFT,2023-05-01,298.6582327311371,300.24410228095644,296.8875053999733,297.2864074707031,21294100
NVDA,2023-05-01,27.782996461743867,28.99850296142685,27.723119847489293,28.850805282592773,570329000
QQQ,2023-05-01,316.1289565631733,317.64046359518244,315.14746393639973,316.22711181640625,41013400
AAPL,2023-05-02,167.36241202489828,167.6182522416185,164.8533011388869,165.83726501464844,48425700
MSFT,2023-05-02,299.42684782678805,300.8083821173536,295.681087639922,297.1404724121094,26404400
NVDA,2023-05-02,28.621271917225346,28.77695261116226,28.025494279618155,28.152233123779297,402730000
QQQ,2023-05-02,316.15836561209886,316.48227491711145,311.7318247639411,313.4690856933594,56519400
AAPL,2023-05-03,166.7818533947913,168.17908009941613,164.47938185396285,164.7647247314453,65136000
MSFT,2023-05-03,298.3176970170622,300.25380462015016,295.8562025897096,296.1578063964844,22360800
NVDA,2023-05-03,27.782995617159955,28.30891697061435,27.415749094927655,27.745073318481445,383387000
QQQ,2023-05-03,313.83224897780207,316.5019099639338,311.3098058864839,311.41778564453125,59882100
AAPL,2023-05-04,162.24578626436005,164.36130237503923,161.67508547315035,163.13134765625,81235400
MSFT,2023-05-04,297.94798558856564,299.42684782678805,295.1848873161754,297.1404724121094,22519900
NVDA,2023-05-04,27.594378381183077,27.801952644290193,27.18422068244442,27.50556182861328,321850000
QQQ,2023-05-04,311.1920247548366,312.34038421478306,309.28792681621553,310.3185119628906,50224500
AAPL,2023-05-05,168.23815821665508,171.50492585877407,168.0216849384858,170.78663635253906,113453200
MSFT,2023-05-05,297.442082171176,303.5228521768905,296.03133165334634,302.23858642578125,28197100
NVDA,2023-05-05,27.76902351276572,28.696120235561477,27.67421872062941,28.621274948120117,361494000
QQQ,2023-05-05,312.57597376263107,317.76807840609376,310.35779072970627,316.9141845703125,51806100
AAPL,2023-05-08,169.71409550111375,171.0621363032094,169.35003364925416,170.71774291992188,55962800
MSFT,2023-05-08,301.73263089775384,301.80074263730194,297.80201345372643,300.2926940917969,21318600
NVDA,2023-05-08,28.46359684267218,29.160167550884644,28.291950055367597,29.09130859375,344979000
QQQ,2023-05-08,316.45279521060826,318.0428081183412,315.37314757178615,317.69927978515625,36465800
AAPL,2023-05-09,170.27496029429,170.75709300871614,168.8482156052712,169.01548767089844,45326900
MSFT,2023-05-09,299.66030098483304,301.6450723308815,298.0160586463366,298.6873779296875,21340800
NVDA,2023-05-09,28.83983214090496,28.91368003888261,28.391752020704196,28.512502670288086,314869000
QQQ,2023-05-09,316.0406398785521,316.90435822097544,315.37323205132657,315.68731689453125,31768800
AAPL,2023-05-10,170.24544525293916,171.23924342814053,169.14339542958015,170.7767791748047,53724500
MSFT,2023-05-10,300.2635487654328,304.52495706862396,299.33928955394174,303.8536376953125,30078000
NVDA,2023-05-10,28.94561039227481,29.053390963914687,28.402725530757564,28.825857162475586,369350000
QQQ,2023-05-10,318.1213560020154,319.9763912725399,315.6480055940912,319.12249755859375,60446600
AAPL,2023-05-11,171.06208645260807,171.79020994413887,169.4090197142991,170.96368408203125,49514700
MSFT,2023-05-11,301.7035172755466,302.6958883395591,297.96749541594016,301.7132263183594,31680200
NVDA,2023-05-11,28.836833229798795,28.89072351358173,28.18816453314951,28.51948356628418,322149000
QQQ,2023-05-11,319.67215652477967,320.702711788897,318.1213814203093,320.16290283203125,44278500
AAPL,2023-05-12,171.07208510437357,171.50563041723674,168.49053896760506,170.03750610351562,45533100
MSFT,2023-05-12,302.1412090972546,302.23850733013506,298.2981812741171,300.60400390625,19774700
NVDA,2023-05-12,28.470579317687932,28.721066689866337,27.98856857470663,28.281967163085938,274222000
QQQ,2023-05-12,320.6929316184224,321.11499626512636,316.9632711487406,319.01458740234375,48432800
AAPL,2023-05-15,170.61886136031444,170.66813061172948,168.95365989259247,169.54486083984375,37266700
MSFT,2023-05-15,300.73054195833356,301.50886857686805,299.26141854774806,301.0807800292969,16336500
NVDA,2023-05-15,28.449626392092515,28.90968288930767,28.09435634331566,28.893714904785156,293926000
QQQ,2023-05-15,319.4856341539702,320.9774919751465,317.9643028030483,320.741943359375,33375600
AAPL,2023-05-16,169.4660330445526,170.5991506527755,169.2788189100942,169.54486083984375,42110300
MSFT,2023-05-16,301.44072470865035,305.2156707578937,301.44072470865035,303.29901123046875,26730300
NVDA,2023-05-16,28.781944947212995,29.808839206478215,28.77296450239682,29.153182983398438,449405000
QQQ,2023-05-16,320.0254851709617,322.8129206513103,319.98621707890663,321.1051330566406,40019200
AAPL,2023-05-17,169.19011716888295,170.39219951568867,167.91903983890595,170.15573120117188,57951600
MSFT,2023-05-17,304.49835287265563,306.58494426267947,302.9870076180216,306.1656799316406,24315000
NVDA,2023-05-17,29.52342540212538,30.13716594058163,29.369741392303435,30.116209030151367,432535000
QQQ,2023-05-17,322.1650875880521,325.5708677503054,320.9873145634712,324.9917907714844,47486100
AAPL,2023-05-18,170.46119076780954,172.6683237371227,170.04735615510018,172.48110961914062,65496700
MSFT,2023-05-18,306.68252689685806,311.0800126585323,305.8927386445008,310.5729675292969,27276000
NVDA,2023-05-18,30.347732971846412,31.76282877397273,30.257917101676483,31.613136291503906,748725000
QQQ,2023-05-18,325.3844024044097,331.24391418025004,325.36478333622733,331.0279846191406,64213500
AAPL,2023-05-19,173.80146880445517,173.80146880445517,172.37275062180032,172.5895233154297,55809500
MSFT,2023-05-19,308.8372836549044,310.7971433987786,308.476519967082,310.3973693847656,27546700
NVDA,2023-05-19,31.471424084571897,31.515334611569322,30.852694703812897,31.199981689453125,473908000
QQQ,2023-05-19,331.24391752243963,331.9505933702211,329.2220452265491,330.2820739746094,61554900
AAPL,2023-05-22,171.42682777563832,172.14612580242743,170.9046067635048,171.6436004638672,43570900
MSFT,2023-05-22,310.65088838415517,314.5413277664758,310.07561254298156,313.16650390625,24115700
NVDA,2023-05-22,30.837730791979848,31.455464805602023,30.617184512052074,31.11216926574707,372000000
QQQ,2023-05-22,330.0268852313511,332.40211049164327,330.0170607205077,331.39117431640625,43015900
AAPL,2023-05-23,170.58929510312979,170.83562631420236,168.7664381272472,169.04232788085938,50747300
MSFT,2023-05-23,312.0452341385488,314.66812088311536,307.38449657033,307.3942565917969,30797200
NVDA,2023-05-23,30.936527392343383,31.223937817936044,30.568283438861428,30.625165939331055,356253000
QQQ,2023-05-23,329.6735122617162,330.82184165067144,326.83698471374663,327.1903076171875,48216700
AAPL,2023-05-24,168.57922839342694,169.8897122746601,168.0176010356781,169.31822204589844,45143500
MSFT,2023-05-24,306.8774578305602,308.60328539686515,304.8103271006574,306.0194091796875,23384900
NVDA,2023-05-24,30.14814207840876,30.544330458079507,29.744969965607368,30.47547149658203,721419000
QQQ,2023-05-24,325.237176696374,326.74868358782186,323.46067760334,325.5119934082031,62891200
AAPL,2023-05-25,169.8798799582863,171.34800452634042,169.17044478431242,170.4513702392578,56058300
MSFT,2023-05-25,315.1752035575117,318.74389070661766,312.01605056749,317.7883605957031,43301700
NVDA,2023-05-25,38.44412056648187,39.39916178020132,36.55998587698389,37.9022331237793,1543911000
QQQ,2023-05-25,332.86339520970245,334.69878147156203,330.4391074318428,333.4326477050781,66862800
AAPL,2023-05-26,170.77652387763237,173.19056694623742,170.5695990272421,172.8555450439453,54835000
MSFT,2023-05-26,315.9356336414489,325.0816057625892,315.79914213912696,324.5843505859375,36630600
NVDA,2023-05-26,37.812419131021514,39.08979709643769,37.47311513309701,38.86625671386719,714397000
QQQ,2023-05-26,334.4534083996253,342.7862705013703,334.3552531548107,341.9519958496094,63007000
AAPL,2023-05-30,174.36308277683443,176.36329091292328,173.978806707213,174.69808959960938,55964400
MSFT,2023-05-30,326.86597805939425,327.36323325803346,322.27347175530826,322.9462585449219,29503100
NVDA,2023-05-30,40.511887479530465,41.85213634439199,39.86721018390679,40.02887725830078,923401000
QQQ,2023-05-30,346.18229413119604,347.37971646585555,342.0796616880835,343.5028381347656,72652200
AAPL,2023-05-31,174.72764675708407,176.71800704198733,174.16600441023556,174.64881896972656,99625300
MSFT,2023-05-31,323.9993748636306,327.5583014347169,319.16310540886235,320.1966857910156,45950600
NVDA,2023-05-31,39.40714734389047,40.212494220771234,37.7445581109248,37.756534576416016,1002580000
QQQ,2023-05-31,341.92262413663076,344.11136374964576,340.0970620010398,341.5496520996094,65105400
AAPL,2023-06-01,175.0922328882,177.47671735788407,174.33352850038895,177.44715881347656,68901800
MSFT,2023-06-01,317.7980281716673,325.2084138620462,316.61822604492374,324.2821044921875,26773900
NVDA,2023-06-01,38.410192719285774,39.967997415586815,38.26149953067262,39.68857192993164,635873000
QQQ,2023-06-01,341.29439159721204,346.8201691113252,340.2441874526576,345.49517822265625,50488600
AAPL,2023-06-02,178.37335293714096,179.11234656032465,176.62932377666553,178.29452514648438,61996900
MSFT,2023-06-02,325.9104672337744,329.0793797798021,324.25287030723234,327.0317687988281,25873800
NVDA,2023-06-02,40.014895164925456,40.4170698367897,38.97802122010776,39.2464714050293,482731000
QQQ,2023-06-02,347.2520899972519,349.2445188924592,345.4952397075679,348.08636474609375,53372100
AAPL,2023-06-05,179.9498694414483,182.23581511366768,175.42721727327233,176.9446258544922,121946500
MSFT,2023-06-05,326.8562209549611,330.11288397336966,326.31019540433937,327.5582580566406,21307100
NVDA,2023-06-05,38.829332843104154,39.483987893521245,38.62774678025024,39.090797424316406,396094000
QQQ,2023-06-05,347.8703928659199,350.883582144611,347.30114037340985,348.3316955566406,47266200
AAPL,2023-06-06,177.328904296753,177.4766970018392,174.82617090162998,176.58006286621094,64848400
MSFT,2023-06-06,326.96353250247705,327.0025428376745,323.88240041372416,325.3547058105469,20396200
NVDA,2023-06-06,38.750490280084,39.0798125649745,38.069883785123146,38.57484817504883,388729000
QQQ,2023-06-06,347.72313275525806,349.23463946620757,346.39811200000617,348.27276611328125,41390400
AAPL,2023-06-07,175.82136104700194,178.5507149734009,174.71780207381394,175.21046447753906,61944600
MSFT,2023-06-07,323.37536016910263,326.14449888626166,314.45365769277373,315.31170654296875,40717100
NVDA,2023-06-07,38.8393365135724,39.42220064737449,37.28336583715142,37.40213394165039,511998000
QQQ,2023-06-07,348.55747375650026,350.5106344564043,341.73608816769587,342.3642578125,69225900
AAPL,2023-06-08,175.2892595209165,178.1861165677113,174.85572927872582,177.9200897216797,50214900
MSFT,2023-06-08,315.85770223750364,318.4903491637824,315.28242630303987,317.144775390625,23277700
NVDA,2023-06-08,37.650648624822814,38.788431404042456,37.43207648828261,38.43511962890625,417772000
QQQ,2023-06-08,342.6586610808147,347.0753773858951,342.4329369727751,346.61407470703125,47153900
AAPL,2023-06-09,178.83645110058313,179.55573399442156,177.9792233362159,178.30438232421875,48900000
MSFT,2023-06-09,316.8814888323344,321.75673881470783,316.3159729270914,318.6365966796875,22529000
NVDA,2023-06-09,38.96109737948555,39.6337866781629,38.492013810296655,38.694618225097656,427717000
QQQ,2023-06-09,348.0667773162255,351.040699138578,346.496382932025,347.9391784667969,53196900
AAPL,2023-06-12,178.60984190485868,181.19138823156914,178.31424143935143,181.0928497314453,54274900
MSFT,2023-06-12,320.3819407440362,323.8141360540533,317.0472861489783,323.57037353515625,24260300
NVDA,2023-06-12,39.12378588583667,39.453142301230535,38.542916712430916,39.405235290527344,388701000
QQQ,2023-06-12,349.59783135014015,353.9163925495602,348.62616331728384,353.8182373046875,44606500
AAPL,2023-06-13,180.11737806569877,181.4475575367352,179.76266053311636,180.61988830566406,54929100
MSFT,2023-06-13,326.1249342097831,328.57231892797256,322.1467437962909,325.9494323730469,22951300
NVDA,2023-06-13,40.107864800357326,41.0210866253636,39.66273283742683,40.942237854003906,613208000
QQQ,2023-06-13,356.5664919227782,357.3712931739135,353.36681613092617,356.53704833984375,57097800
AAPL,2023-06-14,180.67899811094975,181.68403358526143,179.34881869349235,181.25048828125,57462900
MSFT,2023-06-14,325.9982505458626,330.58099797009817,324.50642506625707,328.92340087890625,26003800
NVDA,2023-06-14,40.744623565348384,42.91639126476324,40.47314927155152,42.91339874267578,740465000
QQQ,2023-06-14,356.5467826318429,359.4127540150757,353.74955286754476,359.12811279296875,69525600
AAPL,2023-06-15,181.26035439367692,183.78278344228747,181.08298811392547,183.28025817871094,65433200
MSFT,2023-06-15,329.0599201554074,341.11152517053205,328.78690731624766,339.4149475097656,38899100
NVDA,2023-06-15,42.51917264005908,43.20483722073351,42.06505544214176,42.570072174072266,568622000
QQQ,2023-06-15,357.86195327861964,364.8894429222012,357.2436381860123,363.40740966796875,71138800
AAPL,2023-06-16,183.98970387223915,184.245897953939,181.56581317602513,182.20626831054688,101256200
MSFT,2023-06-16,342.5545998111812,342.70085137133475,333.41838536086453,333.78887939453125,46552000
NVDA,2023-06-16,43.365526905874255,43.63599994649347,42.578059387999325,42.60900115966797,655709000
QQQ,2023-06-16,365.82193301981806,365.9495318537329,360.67892124082596,361.1205749511719,80932000
AAPL,2023-06-20,181.70373606119196,183.3689372512462,181.70373606119196,182.294921875,49799100
MSFT,2023-06-20,330.8441729587754,333.54505041870027,327.48023896465304,329.6156005859375,26375400
NVDA,2023-06-20,42.914401391724816,43.90447325497645,42.591030025374586,43.72282409667969,451153000
QQQ,2023-06-20,359.6698977267216,361.9992210577164,357.645252046979,360.60357666015625,49204700
AAPL,2023-06-21,182.18653808363035,182.68906332243637,179.91044034391143,181.26034545898438,49515700
MSFT,2023-06-21,327.97752820350655,329.3036115330344,323.78482556024073,325.2376403808594,25117800
NVDA,2023-06-21,43.416422222584046,43.53020280046162,41.998187390967416,42.961307525634766,551603000
QQQ,2023-06-21,359.4634590270858,359.89591050570834,354.7654906855593,355.6893615722656,53378300
AAPL,2023-06-22,181.04356888160584,184.304991288712,180.97458893469445,184.25572204589844,51245300
MSFT,2023-06-22,325.7836965611128,331.63399647710884,325.0231587622799,331.2342224121094,23556800
NVDA,2023-06-22,42.17085433578644,43.34157424257744,42.151894075828324,42.94135665893555,417737000
QQQ,2023-06-22,354.4412029254088,360.043366747909,354.03823537075647,359.8861389160156,47603000
AAPL,2023-06-23,182.82699253474095,184.8074896764934,182.2949088021226,183.94039916992188,53117000
MSFT,2023-06-23,326.0176878258627,329.52787360599757,325.13041855453594,326.6612243652344,23146900
NVDA,2023-06-23,42.38143932936339,42.725765968157205,41.9333109957247,42.12693405151367,358140000
QQQ,2023-06-23,355.99406677913646,358.6182598188581,354.6279363156579,356.31842041015625,48922900
AAPL,2023-06-26,184.0882365039062,185.29033397781694,182.51171079012911,182.55113220214844,48088700
MSFT,2023-06-26,325.39367934124914,327.7240333118318,320.29415725203825,320.40142822265625,21520600
NVDA,2023-06-26,42.378431988802625,42.680844198284284,40.02202295548009,40.5529899597168,594322000
QQQ,2023-06-26,355.78768031078647,358.5789391758396,351.453357180665,351.54180908203125,52685500
AAPL,2023-06-27,183.1620330683905,185.6253451571229,182.94526040179295,185.30018615722656,50730800
MSFT,2023-06-27,323.58012686208883,327.76310031619386,321.0840008711868,326.2225341796875,24354100
NVDA,2023-06-27,40.71967293420545,41.858453292545065,40.369357466339395,41.794578552246094,462175000
QQQ,2023-06-27,353.08485397686843,358.31356381466287,352.35756283184793,357.58624267578125,49428100
AAPL,2023-06-28,185.17209649255778,187.11318769857849,184.84695251457532,186.4727325439453,51216800
MSFT,2023-06-28,326.31026905867196,329.5474425224492,325.48147052492266,327.4705810546875,20259500
NVDA,2023-06-28,40.58094379252524,41.76364114383004,40.43922159164072,41.03705596923828,582639000
QQQ,2023-06-28,355.76805334391855,360.23012057412603,355.6894094314815,358.28411865234375,46498000
AAPL,2023-06-29,186.3052137668684,187.2806907250245,186.16726889716722,186.80772399902344,46347300
MSFT,2023-06-29,326.35900777987905,327.7240719566855,324.3211566594738,326.6905212402344,16997000
NVDA,2023-06-29,41.47719909021722,41.51911724853508,40.52106150883683,40.74263000488281,380514000
QQQ,2023-06-29,357.9892028503114,358.6280720795625,355.92526531964336,357.56658935546875,46151000
AAPL,2023-06-30,188.81780236383452,191.62596911406445,188.45322195229386,191.1234588623047,85213200
MSFT,2023-06-30,329.3231809112348,334.17894126353815,328.7869152430103,332.0435791015625,26832800
NVDA,2023-06-30,41.59896849845373,42.46727602955201,41.420315646901514,42.219757080078125,501148000
QQQ,2023-06-30,361.242418880044,364.1319675910211,360.92793323331483,363.0803527832031,58712500
AAPL,2023-07-03,190.93622568872084,191.03476417603324,188.94586551693624,189.63560485839844,31458200
MSFT,2023-07-03,330.72726202126387,332.39458944231734,328.1726353949494,329.55718994140625,12508700
NVDA,2023-07-03,42.434329951938,42.814589668673115,42.11994379587202,42.33053207397461,198209000
QQQ,2023-07-03,363.7191685474118,364.5643955337729,362.63803984892405,363.9353942871094,19432900
AAPL,2023-07-05,188.75868490984942,190.1479814937267,187.82261429340878,188.52220153808594,46920300
MSFT,2023-07-05,326.72948429799266,333.1258095919121,326.37848059881856,329.713134765625,18172400
NVDA,2023-07-05,42.053076792694064,43.09305068763653,42.00317476731274,42.23472595214844,323618000
QQQ,2023-07-05,362.372725830964,365.62592029282894,362.33340387544496,363.92559814453125,34460900
AAPL,2023-07-06,187.05408684814694,189.2021030796526,186.42347947497262,188.99517822265625,45094300
MSFT,2023-07-06,328.8842999586327,334.43233594271175,327.12922214467216,332.7552490234375,28161200
NVDA,2023-07-06,41.76265332751653,42.09700114412261,41.26562038709098,42.021148681640625,303582000
QQQ,2023-07-06,360.22028225556915,361.59625066873787,358.2644125170553,361.1539611816406,49374700
AAPL,2023-07-07,188.60102706839623,189.84253092683244,187.4481988352347,187.88172912597656,46815000
MSFT,2023-07-07,330.8539462339244,333.2623207283037,328.5918232764179,328.80633544921875,21214800
NVDA,2023-07-07,42.239708925322894,43.12997664792233,42.097986731680244,42.42035675048828,355881000
QQQ,2023-07-07,360.92792588819304,364.12215218790664,359.7288612774692,359.95489501953125,47133700
AAPL,2023-07-10,186.48257243692333,187.20187038994513,184.29515010539157,185.8421173095703,59922200
MSFT,2023-07-10,326.25178071727987,326.8660670625544,319.4166697574399,323.5508728027344,32791400
NVDA,2023-07-10,42.57405415164483,42.72775402565993,41.5680109980779,42.09798049926758,353908000
QQQ,2023-07-10,359.6797463815223,360.7510372753997,357.1735189685086,360.0728759765625,48498800
AAPL,2023-07-11,186.38402246734722,186.52196732292174,183.86159365977753,185.3198699951172,46638100
MSFT,2023-07-11,322.80007207810127,324.55515029230673,318.84137119543414,324.1748962402344,26698200
NVDA,2023-07-11,42.39839271086936,42.67485449787715,41.98520009844485,42.322540283203125,298244000
QQQ,2023-07-11,360.4954841759857,362.3039041308839,358.3627105914411,361.851806640625,38214100
AAPL,2023-07-12,186.8964167558296,188.88677723101014,185.70418206587038,186.985107421875,60750200
MSFT,2023-07-12,328.201859758283,333.12585071299276,327.2950703339859,328.7868957519531,29995300
NVDA,2023-07-12,42.949329116868,43.84957572671799,42.69382635632928,43.8166389465332,481277000
QQQ,2023-07-12,365.9501931335994,367.7684509021404,363.9451935946004,366.4219665527344,61975400
AAPL,2023-07-13,187.70439854991048,188.38427515496102,186.994963399846,187.74380493164062,41342300
MSFT,2023-07-13,331.0879956045949,335.16369770913235,330.56146024108614,334.11065673828125,20567200
NVDA,2023-07-13,44.43144099690916,46.06525525133524,44.405490576503716,45.887603759765625,478204000
QQQ,2023-07-13,369.5965346545085,373.46892209273324,369.0166633368068,372.6433410644531,46960000
AAPL,2023-07-14,187.4383302857117,188.37438582770977,186.8471444335954,187.89158630371094,41616200
MSFT,2023-07-14,338.91759393807007,342.66178201390807,335.71943143019837,336.626220703125,28352700
NVDA,2023-07-14,46.49243252940778,47.994507542631396,44.97239476607481,45.38059997558594,772075000
QQQ,2023-07-14,373.0757626248382,376.2896345835833,371.68995636908795,372.564697265625,55148500
AAPL,2023-07-17,189.0838026643331,191.4683016532262,188.99512705028692,191.1431427001953,50520200
MSFT,2023-07-17,337.0552945851425,338.33260777182664,333.66213945063294,337.10406494140625,20363900
NVDA,2023-07-17,46.1990038397671,46.40559830268811,45.1740001632929,46.37066650390625,510488000
QQQ,2023-07-17,373.2821706367002,376.9186862565369,372.80058921448597,376.0439453125,40868900
AAPL,2023-07-18,190.5125649317522,191.47817907078496,189.5962050071137,190.88697814941406,48288200
MSFT,2023-07-18,337.20150526147,357.62881326178683,333.63284869185065,350.52069091796875,64738600
NVDA,2023-07-18,46.6101959109385,47.80287207706954,45.64507706670889,47.40165328979492,569164000
QQQ,2023-07-18,375.4051399126897,380.48643025096686,373.4787840563649,379.1202697753906,55262000
AAPL,2023-07-19,190.26621270882248,195.3209183853995,189.82280454932882,192.2368621826172,80507300
MSFT,2023-07-19,352.72433009882633,353.4166072525743,343.64661716979606,346.2207336425781,39732900
NVDA,2023-07-19,47.37171842574284,47.72503024968798,46.65112205838491,46.985469818115234,427502000
QQQ,2023-07-19,380.18176458690317,381.32186135242125,377.70499127103625,379.0318298339844,54093000
AAPL,2023-07-20,192.22703531122195,193.5867885139367,189.67504737311495,190.29580688476562,59581200
MSFT,2023-07-20,344.74842283159865,349.03863672095343,336.7530012262202,338.215576171875,33778400
NVDA,2023-07-20,46.41657614955658,46.99545027981004,44.974385975713794,45.431495666503906,537865000
QQQ,2023-07-20,376.0439558023817,377.50840607614344,369.27221176229006,370.29437255859375,71941700
AAPL,2023-07-21,191.25156585425083,192.10879369152832,188.42367321559357,189.12326049804688,71951700
MSFT,2023-07-21,340.43870595783125,341.56000752112044,331.35123269865875,335.19293212890625,69405400
NVDA,2023-07-21,45.69896747652268,45.776818736395064,44.01424991772626,44.222843170166016,963769000
QQQ,2023-07-21,372.6728429155879,373.4001640896318,368.7513253445873,369.18377685546875,60499600
AAPL,2023-07-24,190.57168949200457,192.04967681854123,189.42870901778204,189.92137145996094,45377800
MSFT,2023-07-24,337.2210689969038,338.2643797019485,333.7693834548789,336.49951171875,26678100
NVDA,2023-07-24,44.644025212328465,45.02129240158318,43.95437069346409,44.5252571105957,382516000
QQQ,2023-07-24,370.1567901180446,371.10030708517195,367.9159185749525,369.77349853515625,40380100
AAPL,2023-07-25,190.49285737606127,191.58656857428397,190.08887057427083,190.77859497070312,37283200
MSFT,2023-07-25,338.4496449197473,343.11041322520174,336.460564028573,342.2231140136719,41637700
NVDA,2023-07-25,44.85362300335587,46.093204951452925,44.835656447425045,45.590187072753906,348081000
QQQ,2023-07-25,370.48111172850344,373.9406936381096,370.46143575568584,372.2796936035156,38894400
AAPL,2023-07-26,190.8278998432317,192.76899138652507,190.48304509807252,191.64572143554688,47471900
MSFT,2023-07-26,332.92103651777114,336.0704583718103,324.7988542780453,329.34259033203125,58383700
NVDA,2023-07-26,45.93151847506049,45.96345774796509,44.54322423850326,45.363624572753906,364237000
QQQ,2023-07-26,371.23783950557277,372.7317435500611,368.74142077875103,371.041259765625,47075700
AAPL,2023-07-27,193.14340387615707,194.3060801182846,189.72432504433817,190.38449096679688,47460200
MSFT,2023-07-27,331.98497103853526,332.8137395746484,320.8401290613962,322.4684753417969,39635300
NVDA,2023-07-27,46.42855649018283,47.302852779891246,45.66105061247082,45.810760498046875,455976000
QQQ,2023-07-27,376.49612252032574,378.10796279614465,368.86928269570615,370.15679931640625,63940200
AAPL,2023-07-28,191.8131659299023,193.7444090416655,191.29094501886246,192.95614624023438,48291400
MSFT,2023-07-28,325.34498615387326,331.5268003348271,324.8574610945914,329.9277038574219,28484900
NVDA,2023-07-28,46.577265904182916,46.93556908272483,46.2908251472219,46.65910720825195,331194000
QQQ,2023-07-28,374.206049043493,377.9211786460314,373.69498364625855,376.8990478515625,56902900
AAPL,2023-07-31,193.1827862905988,193.60648379116893,192.39452340931743,193.5670623779297,38824100
MSFT,2023-07-31,328.51386838696095,329.2744062182313,325.0426629130829,327.538818359375,25446000
NVDA,2023-07-31,46.6630907290073,47.038359066996236,46.415571856481925,46.63813781738281,251055000
QQQ,2023-07-31,377.20373944509765,378.27503021734213,375.77861108178536,377.0956115722656,44019900
AAPL,2023-08-01,193.36016991822595,193.8429695122176,192.41425136889904,192.73941040039062,35175100
MSFT,2023-08-01,326.8270321220212,330.093455775555,325.374217054016,327.9483337402344,18311900
NVDA,2023-08-01,46.369666884333206,46.8088138287661,45.93751010661882,46.41657638549805,237858000
QQQ,2023-08-01,375.74917375026934,376.97772249392557,374.15697937750934,376.220947265625,41060600
AAPL,2023-08-02,192.17775117305615,192.31569604997566,189.03457754647138,189.7538604736328,50389300
MSFT,2023-08-02,325.3059183538415,325.3059183538415,318.2172862001048,319.328857421875,27761300
NVDA,2023-08-02,45.74189331269121,45.75087468728102,43.302644871740895,44.18292999267578,530142000
QQQ,2023-08-02,372.75153967968384,372.75153967968384,366.7267316338147,367.9651184082031,72687100
AAPL,2023-08-03,188.75868668614032,189.54693452970886,187.8915960163783,188.3645477294922,61235200
MSFT,2023-08-03,317.86632056535905,321.6495195711113,317.81757996467144,318.5098571777344,18253700
NVDA,2023-08-03,43.714841517541664,45.03027980086514,43.714841517541664,44.42845153808594,324176000
QQQ,2023-08-03,365.5570778539925,369.49827117137113,365.3899820551256,367.3753356933594,47666400
AAPL,2023-08-04,182.79747042079737,184.6301752435833,179.25029494609427,179.31927490234375,115956800
MSFT,2023-08-04,323.5996092744747,326.7782818997198,319.0753628445266,319.6018981933594,23741500
NVDA,2023-08-04,44.897535492129286,45.55325576078865,44.30668747221976,44.5931282043457,362666000
QQQ,2023-08-04,369.30171945598914,371.6113968871545,365.1541380670017,365.6553955078125,61702800
AAPL,2023-08-07,179.45723692919626,180.4425618735659,174.7473848978987,176.22537231445312,97576100
MSFT,2023-08-07,320.17711054796575,322.84873758215554,319.3483122344212,321.8736877441406,17741500
NVDA,2023-08-07,45.02328860387296,45.451455331655026,44.47635377122551,45.32869338989258,322154000
QQQ,2023-08-07,367.46376534482164,368.8495716143789,365.13444225121697,368.75128173828125,37230400
AAPL,2023-08-08,177.05300588853657,177.62449604499406,174.97397007455905,177.16139221191406,67823000
MSFT,2023-08-08,318.802307526203,320.54765518196075,314.94111824721926,317.9150085449219,22327600
NVDA,2023-08-08,44.76578774990283,45.154031311172126,43.970336566145846,44.57715606689453,353843000
QQQ,2023-08-08,366.2451201913258,366.2647661725059,362.49066820926964,365.6160888671875,44726500
AAPL,2023-08-09,178.21570618554995,178.2748232727554,174.41235154839882,175.57504272460938,60378500
MSFT,2023-08-09,318.3245710835293,318.94858760325343,313.03978705069517,314.19036865234375,22373300
NVDA,2023-08-09,44.187917131866904,44.22584525940291,42.05207850406444,42.47126388549805,586449000
QQQ,2023-08-09,365.90115325495816,366.0584111000442,360.83953821633634,361.5963134765625,51150900
AAPL,2023-08-10,176.84611157664116,178.097478428752,174.9937109597073,175.3582763671875,54686900
MSFT,2023-08-10,317.88582607311884,320.06995855318496,313.16658711260004,314.8729248046875,20113700
NVDA,2023-08-10,42.07802282876671,43.48927487176825,41.753654005905524,42.305580139160156,492705000
QQQ,2023-08-10,364.60377950348595,367.93558806617574,360.74122949055817,362.2646179199219,72035300
AAPL,2023-08-11,174.95373578240464,176.2363757071569,174.1940069392339,175.41744995117188,52036700
MSFT,2023-08-11,312.2695059957332,314.36585743355505,311.2456856962181,313.00079345703125,24355500
NVDA,2023-08-11,41.66981614067662,41.93629907044149,40.5599788718329,40.77555847167969,533085000
QQQ,2023-08-11,359.70918530416867,361.6847010137196,358.4315067818279,359.95489501953125,48707200
AAPL,2023-08-14,175.59506357405235,177.29211207450308,174.9438673937282,177.065185546875,43675600
MSFT,2023-08-14,313.37138426545255,315.9747515213893,312.0940411840079,315.95526123046875,18836100
NVDA,2023-08-14,40.40728424676243,43.714840105511556,40.23262525589616,43.667930603027344,690286000
QQQ,2023-08-14,359.15880428458615,364.1123206320641,358.44135109912753,363.994384765625,42130800
AAPL,2023-08-15,176.4929565709016,177.0849408911762,174.68737503648362,175.08203125,43622600
MSFT,2023-08-15,314.9411611661193,316.9790121676308,312.89355014228914,313.82958984375,16966300
NVDA,2023-08-15,44.473365790467945,45.17998944739272,43.62501611478745,43.85456848144531,676512000
QQQ,2023-08-15,363.0212931281273,363.8174200810838,359.46342178126736,360.13177490234375,45539900
AAPL,2023-08-16,174.76626971305478,176.15744233651847,174.14467201512105,174.2137451171875,46964900
MSFT,2023-08-16,313.45831419457073,316.9954936708588,312.48119971164607,313.0674743652344,20698900
NVDA,2023-08-16,44.43343331071029,44.58813070182248,43.32159721036821,43.40144348144531,527451000
QQQ,2023-08-16,359.59126072419207,361.12448699666004,356.2201305221544,356.31842041015625,53190500
AAPL,2023-08-17,174.77615243783515,175.1412101505236,171.1649897406694,171.6780548095703,66062900
MSFT,2023-08-17,313.20426358487214,314.50381263909213,308.9733414603899,309.6280212402344,21257200
NVDA,2023-08-17,43.88451365983629,43.976333846961566,42.917395846957874,43.25973129272461,452395000
QQQ,2023-08-17,357.71403918779725,358.0580388030528,352.0135855407682,352.4263610839844,62604300
AAPL,2023-08-18,170.0007213782545,172.76335939467492,169.6652621694116,172.1614990234375,61172200
MSFT,2023-08-18,307.29267431715726,311.0936633520083,304.4199558180871,309.2371520996094,24755000
NVDA,2023-08-18,42.55210279035976,43.4932701006516,41.57900001272248,43.214813232421875,583768000
QQQ,2023-08-18,349.1633574955248,353.2421329350638,348.6227781037681,351.9841003417969,61191400
AAPL,2023-08-21,172.7337706675176,173.77962299820936,171.42151715942626,173.4934844970703,46311900
MSFT,2023-08-21,310.65393646381676,315.3831660095472,309.784320258957,314.5135498046875,24040000
NVDA,2023-08-21,44.407491420923556,46.97349186656967,44.13602090022551,46.87568283081055,692573000
QQQ,2023-08-21,353.44857095590135,358.3332821870835,352.98663540709816,357.6551208496094,50696500
AAPL,2023-08-22,174.69718434668556,175.30890581271296,173.89799596554266,174.8649139404297,42038900
MSFT,2023-08-22,318.0507277854862,318.61744100027846,314.1031773769701,315.0802917480469,16084600
NVDA,2023-08-22,48.04141091720703,48.09331176452581,45.24486061801989,45.57920837402344,755293000
QQQ,2023-08-22,360.2595334712791,360.269371456859,356.45595229030914,357.1439514160156,44530200
AAPL,2023-08-23,176.13773826499084,179.1273031269572,175.95027131734813,178.70303344726562,52722800
MSFT,2023-08-23,316.40920172771865,321.66608212966844,316.05742502712076,319.51641845703125,21166400
NVDA,2023-08-23,45.77682903768783,47.10823512648874,45.12010736864763,47.02439880371094,779046000
QQQ,2023-08-23,358.3234061027145,363.8666320990124,358.107180337032,362.7756652832031,51770600
AAPL,2023-08-24,178.25903609639087,178.68330576322634,173.66121814414575,174.0262908935547,54945800
MSFT,2023-08-24,325.23254709942444,325.35957674760573,312.6375276630827,312.6473083496094,23281400
NVDA,2023-08-24,50.11836604551162,50.16826807045973,47.06731047667301,47.0713005065918,1156044000
QQQ,2023-08-24,366.24509019972004,366.3433500914388,354.81466936489005,355.02105712890625,66842500
AAPL,2023-08-25,175.01294998434398,176.7593193055493,173.47376987845638,176.22653198242188,51449600
MSFT,2023-08-25,314.11298756039173,317.9139473148537,311.5040788241883,315.58843994140625,21684100
NVDA,2023-08-25,46.92059076298821,47.71204812043245,44.9364534643998,45.928524017333984,925341000
QQQ,2023-08-25,355.85652272428956,359.46352504551834,352.42639423006847,357.7730407714844,69960500
AAPL,2023-08-28,177.6867593505913,178.1800870283186,176.1673167274641,177.78543090820312,43820700
MSFT,2023-08-28,318.20709765634393,318.68587419815776,314.3572643100924,316.2919616699219,14808500
NVDA,2023-08-28,46.39162792536596,46.88866080793937,44.80072902830529,46.74394226074219,685192000
QQQ,2023-08-28,360.69203716817907,361.39968237368765,357.9990681887623,360.46600341796875,40910000
AAPL,2023-08-29,177.30196426395187,182.4325690983829,177.1046362040057,181.66297912597656,53003900
MSFT,2023-08-29,314.51363868595456,321.45115801127633,314.51363868595456,320.8941955566406,19284600
NVDA,2023-08-29,46.575266020642104,48.985571364963455,46.30079918990067,48.68914794921875,701397000
QQQ,2023-08-29,360.2694025048502,368.6923385554893,359.94507888520656,368.3385009765625,58492400
AAPL,2023-08-30,182.4720614420058,185.34323241647965,182.27473336292013,185.14588928222656,60813900
MSFT,2023-08-30,321.14822344769897,322.262118428765,318.97902814860515,321.2654724121094,15222100
NVDA,2023-08-30,48.94863563426867,49.829918115562,48.33083976005429,49.168209075927734,735206000
QQQ,2023-08-30,368.44663740934226,370.97254048337203,367.44412257396607,370.39263916015625,41731500
AAPL,2023-08-31,185.33334709899387,186.59626480914432,184.97815055206615,185.36294555664062,60794500
MSFT,2023-08-31,321.66608035944125,323.3369376753796,319.30145033255354,320.259033203125,26411000
NVDA,2023-08-31,49.28399374905417,49.64728445636799,48.86281334141854,49.25904083251953,528570000
QQQ,2023-08-31,370.4713269685218,373.2036181290947,370.4025210414967,371.5032958984375,35730700
AAPL,2023-09-01,186.961330634287,187.38558521498553,185.76747101772168,186.93173217773438,45766500
MSFT,2023-09-01,323.7277749745022,324.3922056211829,319.3014478601216,321.138427734375,14942000
NVDA,2023-09-01,49.665250288293905,49.70317460901009,48.04839726391632,48.4146842956543,463830000
QQQ,2023-09-01,373.8719128585272,374.2945263884665,369.6260415972673,371.1101379394531,39801200
AAPL,2023-09-05,185.76746926717502,187.44478036173828,185.10641198511868,187.16851806640625,45280000
MSFT,2023-09-05,321.47061510740485,327.1867399112931,321.13839981294905,325.9164733886719,18553900
NVDA,2023-09-05,48.129240595849275,48.75602175102256,47.76694740479326,48.453609466552734,382653000
QQQ,2023-09-05,370.30417020396686,372.800589196893,369.380299316676,371.5818786621094,32344200
AAPL,2023-09-06,185.88587535630464,186.32988234003622,179.04836051297525,180.46914672851562,81755800
MSFT,2023-09-06,325.7504285755841,326.8056990885685,322.6236503266788,325.2618713378906,17535800
NVDA,2023-09-06,48.35079314460042,48.4585899209421,46.49325871140174,46.97336196899414,468670000
QQQ,2023-09-06,370.80550152185896,371.14950117508664,366.30411204087085,368.30908203125,42998700
AAPL,2023-09-07,172.8422616393004,175.83184093509863,171.22414761118458,175.1905059814453,112488800
MSFT,2023-09-07,323.7082861250948,325.4572996917217,321.4999977101508,322.35986328125,18381000
NVDA,2023-09-07,45.440229441727205,46.25770462589442,45.067922908266546,46.1548957824707,433330000
QQQ,2023-09-07,363.8567908141635,366.4514999788388,362.8149839509158,365.675048828125,52060700
AAPL,2023-09-08,175.96999075471308,177.8347687964352,175.417451102765,175.80224609375,65551300
MSFT,2023-09-08,322.53563425389456,328.46672481696214,321.92004751477697,326.6199645996094,19530100
NVDA,2023-09-08,45.8564467422701,46.51920787567737,45.18669486734432,45.48713302612305,473069000
QQQ,2023-09-08,365.6258703550477,368.4171289383869,365.22290284914124,366.1860656738281,35800100
AAPL,2023-09-11,177.66702357259294,177.89395007164453,174.9734438173143,176.96649169921875,58953100
MSFT,2023-09-11,329.52203220068384,330.6750497904705,327.75345762157895,330.2060241699219,16583300
NVDA,2023-09-11,46.062063171640766,46.07703462980452,44.229483586598796,45.0938720703125,473966000
QQQ,2023-09-11,369.2132160323528,371.0117977846171,367.2475384918476,370.500732421875,39936600
AAPL,2023-09-12,177.09477490699047,177.72623373133553,172.487096210491,173.9473419189453,90370200
MSFT,2023-09-12,328.1345774558951,329.08237965274225,323.8939043767627,324.17724609375,17565500
NVDA,2023-09-12,44.6546914479524,45.587951736657104,44.44807617569655,44.78644561767578,349256000
QQQ,2023-09-12,368.8299076129813,370.48109960097645,366.10745492048966,366.3924865722656,41391000
AAPL,2023-09-13,174.15454941477398,174.93401565723292,171.65831231126361,171.88525390625,84267900
MSFT,2023-09-13,323.7277558674077,329.1409777651763,323.59097536312447,328.3690490722656,16544400
NVDA,2023-09-13,44.516948715229006,45.844473946840324,44.420129217307256,45.40030288696289,398355000
QQQ,2023-09-13,366.62834339305766,369.3901179238382,365.4980848118178,367.7880859375,46300700
AAPL,2023-09-14,171.67803539320033,173.75001770449512,171.26364194197464,173.3948211669922,60895800
MSFT,2023-09-14,331.38838359380287,333.059241074138,328.86744125187914,330.9486999511719,20267000
NVDA,2023-09-14,45.86443278415264,45.90136263395265,45.0469576802591,45.49612045288086,370097000
QQQ,2023-09-14,369.5375911776395,371.77846268664996,367.4736534672886,370.7956237792969,48039400
AAPL,2023-09-15,174.12494522635322,174.14468255030425,171.5004532372104,172.674560546875,109259500
MSFT,2023-09-15,329.20939816193993,329.6783939916595,322.1057573596053,322.6627197265625,37679800
NVDA,2023-09-15,45.256567267439614,45.514086250608685,43.7264210191702,43.81825256347656,506831000
QQQ,2023-09-15,369.4589563099792,369.86192383840483,363.51276326138964,364.44647216796875,69811200
AAPL,2023-09-18,174.12494029407293,176.98624997924455,173.8190795297471,175.59506225585938,67257600
MSFT,2023-09-18,320.29809265490445,322.8385960925468,318.89104551464607,321.5292663574219,16834200
NVDA,2023-09-18,42.668394445794135,44.15961175484726,41.92178629799531,43.884124755859375,500271000
QQQ,2023-09-18,363.5075394553146,365.93866706384733,363.2220951509311,364.8264465332031,36903500
AAPL,2023-09-19,175.1510553991506,177.23289871202428,174.7662604292434,176.6803741455078,51826900
MSFT,2023-09-19,318.7054070395551,321.8517165023023,317.0833936077872,321.1286315917969,16505900
NVDA,2023-09-19,43.75138559586022,43.88413737856735,42.921931591888146,43.438968658447266,373064000
QQQ,2023-09-19,363.5074962674378,364.84607760693416,361.0271378460605,364.048828125,37621700
AAPL,2023-09-20,176.86782730089922,177.30195805066697,173.0593371622532,173.1481475830078,58436200
MSFT,2023-09-20,321.96892330963425,322.04707932853614,313.1748951347457,313.4289245605469,21436500
NVDA,2023-09-20,43.51881278602881,43.82124998391259,42.14437793528599,42.16034698486328,367108000
QQQ,2023-09-20,365.11185487592627,365.46617463630355,358.7239766256181,358.802734375,45514200
AAPL,2023-09-21,172.22071489897561,173.9473619674597,171.53992021743218,171.60897827148438,63149100
MSFT,2023-09-21,311.95356654433346,317.9041899225686,307.79104947595397,312.2173767089844,35560400
NVDA,2023-09-21,41.505568360727295,42.021603947761406,40.903690569058845,40.94062042236328,450736000
QQQ,2023-09-21,355.12154499734396,355.9089722370328,352.0605060828978,352.2278137207031,69734800
AAPL,2023-09-22,172.33907993619778,174.71692282922322,171.72735846610487,172.4574737548828,56725400
MSFT,2023-09-22,313.96639594173394,314.0934255806642,308.9147015377864,309.7550354003906,21447900
NVDA,2023-09-22,41.49459285327168,42.036584881029356,41.1542281804466,41.53252410888672,479236000
QQQ,2023-09-22,353.9699695629412,356.1058002061891,351.9620676839268,352.27703857421875,51589700
AAPL,2023-09-25,171.8753837600089,174.60842368932387,171.82604797435675,173.7303009033203,46172700
MSFT,2023-09-25,309.34464808220946,310.39994834578414,307.7910397456029,310.2729187011719,17836000
NVDA,2023-09-25,41.51355366859355,42.4567936946112,41.1003231092512,42.14337921142578,419091000
QQQ,2023-09-25,351.31247308077525,354.0388968388634,350.32821151607146,353.9502868652344,39168000
AAPL,2023-09-26,172.48713399466078,172.86205287379087,169.36929877984454,169.66529846191406,64588900
MSFT,2023-09-26,307.918083681108,308.650919524038,302.92501329864484,304.99652099609375,26297600
NVDA,2023-09-26,41.92278314195725,42.740258203916966,41.57742680988832,41.832950592041016,402282000
QQQ,2023-09-26,351.37153040361153,351.91289229277817,347.6510228478301,348.6352844238281,53657700
AAPL,2023-09-27,170.3164478696235,170.73084132501634,166.7940959712009,168.15567016601562,66921800
MSFT,2023-09-27,305.1528159801847,307.1070447852302,302.6025617027996,305.6316223144531,19410100
NVDA,2023-09-27,42.2511801171412,42.79217068875673,41.55148521974545,42.388919830322266,444935000
QQQ,2023-09-27,349.7869158699708,351.3617405439319,345.8301647465173,349.4522705078125,56066000
AAPL,2023-09-28,167.08022534636603,169.7343308371659,165.38317681816312,168.41221618652344,56294400
MSFT,2023-09-28,303.87284184688065,308.2601064170978,302.3681069221391,306.46221923828125,19683600
NVDA,2023-09-28,42.38093579889095,43.36509986355093,42.03658080053992,43.008766174316406,424663000
QQQ,2023-09-28,348.536874378989,354.50152754238655,347.68057155948935,352.3755187988281,56453300
AAPL,2023-09-29,169.72445084440017,170.7604419321708,168.06686209293406,168.92526245117188,51861100
MSFT,2023-09-29,310.4781242122937,312.1587623008752,307.7715278533527,308.5238952636719,24147300
NVDA,2023-09-29,43.74538760189782,44.06179864340564,43.22635545841842,43.417999267578125,397830000
QQQ,2023-09-29,355.849901901727,357.23771418524734,351.40102081312307,352.63134765625,64829600
AAPL,2023-10-02,168.9351592248721,171.97406003104268,168.64902069337074,171.431396484375,52164500
MSFT,2023-10-02,309.0417636602757,314.5233913479347,307.96693177846345,314.4354248046875,20570000
NVDA,2023-10-02,43.94801356401108,45.09088199561907,43.77932952657343,44.69861602783203,433298000
QQQ,2023-10-02,352.89711788749423,356.9719447772727,352.2868805785598,355.5743103027344,51625100
AAPL,2023-10-03,169.96124934298015,171.31297744317223,168.54047825044546,170.09938049316406,49594600
MSFT,2023-10-03,313.48759919542874,314.03481069195016,304.0877634575696,306.2178955078125,21033500
NVDA,2023-10-03,44.72456684968937,45.04596969701848,43.16547499563003,43.435970306396484,470850000
QQQ,2023-10-03,353.13343398378214,355.32834852780064,347.7199942894876,349.3341979980469,60478500
AAPL,2023-10-04,168.80684851428336,171.8852232303615,168.68845469814508,171.34255981445312,53020300
MSFT,2023-10-04,306.84323355961436,312.71570064039577,306.8139213204077,311.660400390625,20720100
NVDA,2023-10-04,43.660548982906214,44.06080325905543,43.21138616245394,43.95899200439453,361821000
QQQ,2023-10-04,350.1707021569454,354.9345242004373,349.708098051623,354.08807373046875,54786700
AAPL,2023-10-05,171.47081778563683,173.10866919518492,170.3756298015613,172.5758819580078,48527900
MSFT,2023-10-05,311.78742886180316,312.65707498694155,307.6933171593875,312.0512390136719,16965600
NVDA,2023-10-05,43.96797721587723,44.81639678263096,43.80628011216114,44.60478973388672,393483000
QQQ,2023-10-05,354.0782318748588,354.48178270513296,349.5506528835014,353.0447692871094,45897400
AAPL,2023-10-06,171.48069938400815,175.61478762599208,170.86896284182788,175.1214599609375,57266700
MSFT,2023-10-06,309.3055602997531,321.65630098463043,309.06128169271835,319.7704772949219,25673600
NVDA,2023-10-06,44.11070969679084,45.70373848025028,43.9440208476475,45.676788330078125,434436000
QQQ,2023-10-06,350.0525901245861,360.15112254352925,349.26519295376465,358.9601745605469,75049100
AAPL,2023-10-09,174.45053908507856,176.66065260372454,173.45402254968238,176.60145568847656,42390800
MSFT,2023-10-09,317.3178438029665,322.74081581096533,315.78376731682033,322.2718200683594,19891200
NVDA,2023-10-09,44.7584930492937,45.52007265706839,44.285376719881796,45.188690185546875,409675000
QQQ,2023-10-09,356.5979299467426,361.3322253655533,355.10186327801586,360.7908935546875,45304800
AAPL,2023-10-10,175.72330653262233,177.32168322438636,175.57529921161475,176.00942993164062,43698000
MSFT,2023-10-10,323.38576454759857,323.52257487302114,320.1710797301385,320.8746032714844,20557100
NVDA,2023-10-10,45.22562871384522,46.17285906419018,45.004041982640686,45.71271896362305,368582000
QQQ,2023-10-10,361.12553610202554,365.43660625124284,360.6235831654883,362.7889404296875,46968800
AAPL,2023-10-11,175.82199530812358,177.44998580714199,175.23001108089,177.40065002441406,47551100
MSFT,2023-10-11,323.63001764409694,325.2031871666955,321.6074137138443,324.8123474121094,20063200
NVDA,2023-10-11,46.109976834306515,46.77174426177856,45.96424879463127,46.718841552734375,378137000
QQQ,2023-10-11,364.11770992962386,365.5645755687648,362.39525226575506,365.3775634765625,38215100
AAPL,2023-10-12,177.6670336186698,179.906730392158,176.6507647716162,178.29849243164062,56743100
MSFT,2023-10-12,323.00465243306866,325.9946195382519,321.19698517583004,323.5811462402344,19313100
NVDA,2023-10-12,46.68989566086201,47.52034710135052,46.24372943331202,46.857582092285156,481325000
QQQ,2023-10-12,365.8795378416843,367.85788302935276,361.7161008874376,364.10784912109375,49587900
AAPL,2023-10-13,178.9990143278533,179.50220314362676,175.7627859383901,176.46331787109375,51427100
MSFT,2023-10-13,324.7732817040409,326.190079660526,318.8910340646987,320.2297058105469,21072400
NVDA,2023-10-13,46.87255588078778,47.02826743741539,45.19568386802554,45.376346588134766,474115000
QQQ,2023-10-13,364.7378190364302,365.3185297611744,358.13340224170594,359.53106689453125,52469900
AAPL,2023-10-16,174.39132507709223,176.6902337432856,174.15452238414363,176.3350372314453,52517000
MSFT,2023-10-16,323.47370563502346,328.4472441018182,323.03402205271703,325.02734375,22158000
NVDA,2023-10-16,44.97908693457242,46.13892190023753,44.82836714020883,46.0091667175293,375099000
QQQ,2023-10-16,360.84997115156034,364.649236422345,360.7023379238582,363.5960693359375,44201100
AAPL,2023-10-17,174.29265257502803,176.03903666999224,172.46734930467605,174.78598022460938,57549400
MSFT,2023-10-17,322.04718865285014,325.82861728065586,319.9170860395432,324.4606628417969,18338500
NVDA,2023-10-17,43.918066921379186,44.670664500769895,42.40089687991119,43.85618209838867,812333000
QQQ,2023-10-17,360.0527516069459,364.09808260584856,357.93659506794,362.4051513671875,50999100
AAPL,2023-10-18,173.23695950912395,175.21027033840411,172.77323025982977,173.4934844970703,54764400
MSFT,2023-10-18,324.8807125035586,327.9097726895979,320.78660134672003,322.55517578125,23153600
NVDA,2023-10-18,42.51168892025405,43.13852165493323,41.74711648202066,42.11742401123047,627294000
QQQ,2023-10-18,359.915004109087,362.1197407973709,356.3224247239984,357.65118408203125,54280500
AAPL,2023-10-19,173.69080766680926,175.46679037407037,172.85215962113486,173.11856079101562,59302900
MSFT,2023-10-19,324.5485406563444,329.1703024841639,323.33692834747904,323.737548828125,25052100
NVDA,2023-10-19,42.731290656514126,43.21638582989178,41.80401951663401,42.022613525390625,501233000
QQQ,2023-10-19,359.06847962452343,360.2594277757286,353.50740747223784,354.3046569824219,72274200
AAPL,2023-10-20,172.970532603774,173.07906528544774,170.33616484514565,170.57296752929688,64244000
MSFT,2023-10-20,324.1283854502297,324.32382025517603,318.0018889823848,319.1939697265625,25027700
NVDA,2023-10-20,41.81199826924351,42.39092011000652,41.00150997673177,41.3099365234375,477266000
QQQ,2023-10-20,353.80263100200693,354.37351949388653,348.7927435626663,349.0191345214844,72559700
AAPL,2023-10-23,168.62928473640696,171.68790756499885,167.6623515662161,170.69139099121094,55980100
MSFT,2023-10-23,318.0214589074995,325.11531975085603,316.9661883632888,321.7833557128906,24374700
NVDA,2023-10-23,41.152230295210934,43.1674718539468,40.86875871685224,42.89497756958008,478530000
QQQ,2023-10-23,347.70025266627835,353.60582210048005,345.59391848351896,350.07232666015625,60665200
AAPL,2023-10-24,170.74070856198063,171.35243005141567,169.1620540054936,171.12550354003906,43816600
MSFT,2023-10-24,323.71800459686386,324.24565474799095,320.1026990318568,322.96563720703125,31153600
NVDA,2023-10-24,42.99678065247912,43.61562500762833,42.61150169448096,43.581687927246094,401463000
QQQ,2023-10-24,351.88334538295214,354.2455670218574,350.1904143682358,353.47784423828125,47082100
AAPL,2023-10-25,169.5863166088348,170.75056262830392,168.37271975850888,168.8167266845703,57157000
MSFT,2023-10-25,337.12395842234577,338.2769759362375,329.8933187083518,332.87353515625,55053800
NVDA,2023-10-25,43.317183162193714,43.56871659941446,41.47761668487891,41.70119857788086,398379000
QQQ,2023-10-25,351.0861838776441,351.26334378654053,344.2455525903835,344.8262634277344,71190500
AAPL,2023-10-26,168.0964746462511,169.0930062294273,163.459197305812,164.6629180908203,70625300
MSFT,2023-10-26,332.74660165744723,333.81165295289384,319.45783763585234,320.3861083984375,37828500
NVDA,2023-10-26,41.77506880872993,42.177318286010724,39.80574303401105,40.250911712646484,541001000
QQQ,2023-10-26,343.6253716602287,344.5604321044559,336.9619320878897,338.2513122558594,78621400
AAPL,2023-10-27,164.6826577744484,166.70530437202822,164.60372353518264,165.9751739501953,58499100
MSFT,2023-10-27,322.8679522434815,329.0140110865285,320.88441090808146,322.26214599609375,29856500
NVDA,2023-10-27,41.053411354619094,41.1292700454015,39.94048596248548,40.424583435058594,416784000
QQQ,2023-10-27,340.9776731493146,343.3497467525273,338.6646528277359,339.87530517578125,63476700
AAPL,2023-10-30,166.76447575317525,168.88577853365425,166.61646843152695,168.01751708984375,51131000
MSFT,2023-10-30,325.7797742554051,331.6815546418734,324.235916527097,329.59051513671875,22828100
NVDA,2023-10-30,41.01049469201982,41.68822738791205,40.405620307517786,41.084354400634766,388028000
QQQ,2023-10-30,342.3556989748793,345.02306953665595,340.9974431987372,343.70416259765625,55298500
AAPL,2023-10-31,167.09007075196132,168.619374328328,165.65940861123508,168.49111938476562,44846000
MSFT,2023-10-31,331.0952162716641,331.241777466002,327.0304168400943,330.37213134765625,20265300
NVDA,2023-10-31,40.37467987980174,40.802881903079644,39.1569503913023,40.704063415527344,517969000
QQQ,2023-10-31,343.73372681024495,345.72192464531696,341.16478813513004,345.347900390625,47671900
AAPL,2023-11-01,168.71806981976965,171.90496247869652,167.849808268541,171.6484375,56934900
MSFT,2023-11-01,332.01371654234873,339.46910432501784,331.8769062105877,338.1499938964844,28158800
NVDA,2023-11-01,40.80786677095721,42.30208077870125,40.79289531240805,42.246185302734375,437593000
QQQ,2023-11-01,346.18445928320784,351.90301624976615,346.0860271248136,351.34197998046875,58992700
AAPL,2023-11-02,173.17776232760195,175.40759814141026,173.118565411641,175.20040893554688,77334800
MSFT,2023-11-02,339.29318001958046,340.8467882699962,336.87970636333785,340.3484802246094,24348100
NVDA,2023-11-02,43.247317846401735,43.802282272530825,42.814127888386025,43.42498779296875,409172000
QQQ,2023-11-02,355.84991038203907,357.9562143682843,354.6294056992231,357.7200012207031,58162400
AAPL,2023-11-03,171.91483559510309,174.46040823420765,171.03671292563865,174.29266357421875,79829200
MSFT,2023-11-03,341.62851616542054,346.27959030223104,339.38113512943426,344.7259521484375,23637700
NVDA,2023-11-03,43.93802957100558,45.22462694220357,43.64158173973637,44.92119598388672,424610000
QQQ,2023-11-03,359.0094151473788,363.21220132553935,358.7830241681351,361.9228210449219,53280500
AAPL,2023-11-06,174.02629776104038,177.035584920202,173.85856813665714,176.8382568359375,63841300
MSFT,2023-11-06,345.361075900052,349.3574699781312,345.26335850207806,348.3705749511719,23828300
NVDA,2023-11-06,45.2006701825068,45.84946127643141,44.815387407221024,45.665802001953125,400733000
QQQ,2023-11-06,362.6905613761771,363.9602672996411,361.1354412045345,363.39923095703125,38848700
AAPL,2023-11-07,176.78892234542403,180.00542885763969,176.5817331247381,179.39370727539062,70530000
MSFT,2023-11-07,351.17487827159056,354.164845685057,349.44539667177366,352.2790222167969,25833900
NVDA,2023-11-07,45.63386992886557,46.13193749816825,45.073913725971586,45.86943054199219,343165000
QQQ,2023-11-07,364.44257180716573,367.70047565765793,363.2417713219163,366.8343505859375,50777400
AAPL,2023-11-08,179.91662978825056,181.00194176498167,179.16676200069597,180.4494171142578,49340300
MSFT,2023-11-08,353.40276735497133,355.54265050853274,352.2986231921823,354.88800048828125,26767800
NVDA,2023-11-08,46.01415021384401,46.77972399420801,45.882396057118896,46.48727035522461,346719000
QQQ,2023-11-08,367.20830712864307,367.90715449646547,364.7870319858255,367.0705261230469,35663400
AAPL,2023-11-09,180.51847829944086,181.6629871195562,179.3838155582821,179.97581481933594,53763500
MSFT,2023-11-09,354.0085034994957,356.44153841470893,352.1128993476677,352.43536376953125,24847300
NVDA,2023-11-09,47.37861498022088,48.14019475321026,46.662950986381574,46.862579345703125,540496000
QQQ,2023-11-09,367.759487325637,368.90120425160836,363.7535357458132,364.24566650390625,53859400
AAPL,2023-11-10,181.75413731292954,184.3228271167955,181.31943456996746,184.1548614501953,66133400
MSFT,2023-11-10,353.2171111454846,361.63008249841977,352.8067397541227,361.2099304199219,28042100
NVDA,2023-11-10,47.41155087354873,48.38174104695151,47.194955890683396,48.2449951171875,421245000
QQQ,2023-11-10,365.96814763286875,372.5823866474113,365.43663796959595,372.43475341796875,58309800
AAPL,2023-11-13,183.58187642607092,183.7893386144101,181.9912676571252,182.57415771484375,43627500
MSFT,2023-11-13,359.79306407971893,360.03734267871334,357.52615152445077,358.2882995605469,19986500
NVDA,2023-11-13,48.23002031531456,49.02453947075824,48.009431181663935,48.52946090698242,384136000
QQQ,2023-11-13,370.85997285581357,372.32651317096065,369.33434920460445,371.2733459472656,40733500
AAPL,2023-11-14,185.43920547847273,185.8442707665973,184.05607409829287,185.18234252929688,60108400
MSFT,2023-11-14,362.5191663628601,363.43765614067746,358.9429246401338,361.79608154296875,27683900
NVDA,2023-11-14,49.58749116388393,49.74120373030796,48.948683517262864,49.563533782958984,416954000
QQQ,2023-11-14,377.67097358036534,380.1808584398654,377.1493161843345,379.2654724121094,67792600
AAPL,2023-11-15,185.5873915048758,187.21751156501972,185.5182274044454,185.74545288085938,53790500
MSFT,2023-11-15,363.51938712911283,365.3307238214912,359.4365366374243,361.94305419921875,26860100
NVDA,2023-11-15,49.8420139297863,49.86696509098912,48.11024418489581,48.79696273803711,475497000
QQQ,2023-11-15,381.155284969226,381.6474157438796,378.19264809388204,379.5509338378906,54141400
AAPL,2023-11-16,187.2866746678448,188.6599317940755,186.37774261703024,187.42498779296875,54412900
MSFT,2023-11-16,363.2060092906745,368.48335928952025,362.44231441681825,368.30712890625,27182300
NVDA,2023-11-16,48.588356005845505,49.432781344923285,48.240006851203624,49.38786315917969,339756000
QQQ,2023-11-16,378.78324741297644,380.11200663962404,377.52339371034566,379.87579345703125,45343500
AAPL,2023-11-17,187.95846486721982,188.08690385906573,186.29870747259162,187.40521240234375,50922700
MSFT,2023-11-17,365.80068027610133,366.544804095545,359.3288587696676,362.1192932128906,40157000
NVDA,2023-11-17,49.43178822340236,49.62442966359735,48.91575254512535,49.20621109008789,325205000
QQQ,2023-11-17,379.14740152203535,380.9781437125755,378.241897673309,379.96435546875,46571900
AAPL,2023-11-20,187.60281994734135,189.598493753426,187.59294582194016,189.14402770996094,46505100
MSFT,2023-11-20,363.4606399313925,370.95073116555085,363.24523724780994,369.5506286621094,52465100
NVDA,2023-11-20,49.22017851068948,50.453877068941594,49.08942192234672,50.31513595581055,414120000
QQQ,2023-11-20,379.97414315566067,385.24980045802454,379.97414315566067,384.59033203125,44429600
AAPL,2023-11-21,189.10451024981845,189.21318592585277,187.45462685911554,188.34378051757812,38134500
MSFT,2023-11-21,367.8176325584251,368.3561243217149,363.3627202596963,365.27197265625,28423100
NVDA,2023-11-21,50.03266205340574,50.422932832163035,49.130346021791986,49.85100173950195,565747000
QQQ,2023-11-21,382.8876193000648,383.1041580561983,380.6139773793034,382.3561096191406,43337000
AAPL,2023-11-22,189.18357710829596,190.60622016215154,188.53152295340232,189.0057373046875,39617700
MSFT,2023-11-22,370.0988850281661,371.85147806167527,367.1322205576516,369.9520263671875,23345300
NVDA,2023-11-22,49.7591723537565,50.2412708632355,47.6011956303171,48.62528610229492,899420000
QQQ,2023-11-22,384.4230645764553,386.8837186036944,382.9171455132762,383.92108154296875,44121000
AAPL,2023-11-24,188.57100791556658,188.60064536615056,186.970525284031,187.68185424804688,24048300
MSFT,2023-11-24,369.44291677497637,370.0695536363756,367.29872033158176,369.54083251953125,10176600
NVDA,2023-11-24,48.37974251431558,48.829902895158824,47.656090292901155,47.687034606933594,294645000
QQQ,2023-11-24,383.51751122375975,384.1080741677964,382.3856164361023,383.3797302246094,15718800
AAPL,2023-11-27,187.63243679384846,188.3734031425855,186.6247183385664,187.50399780273438,40552600
MSFT,2023-11-27,368.9043706026068,372.68370265137486,368.33650717542696,370.69610595703125,22179200
NVDA,2023-11-27,47.7109937696309,48.43963402417859,47.56327053938668,48.15217208862305,395662000
QQQ,2023-11-27,382.8875585079216,384.99386240381386,382.1690368318147,383.0450439453125,34139700
AAPL,2023-11-28,187.49413155220094,188.77847629228074,187.1187037624085,188.10665893554688,38415400
MSFT,2023-11-28,370.4415726583984,374.994370396148,370.25554172918464,374.7006530761719,20453100
NVDA,2023-11-28,48.146180818273855,48.233020614585215,47.38460109717888,47.73195266723633,401491000
QQQ,2023-11-28,382.29705727580426,384.629752496103,381.9427074752137,384.0490417480469,35491100
AAPL,2023-11-29,188.60066651864972,189.77633577367203,186.6939199672285,187.08909606933594,43014200
MSFT,2023-11-29,375.7385563254902,376.2672475889846,369.55065146948715,370.9311828613281,28963400
NVDA,2023-11-29,48.288918833586436,48.67120510025969,47.770884217997974,48.05036163330078,382005000
QQQ,2023-11-29,386.5097273149748,387.9369187872778,383.3305512275053,383.675048828125,38811700
AAPL,2023-11-30,187.55341843722022,188.02764780463457,185.92329832735996,187.66209411621094,48794400
MSFT,2023-11-30,370.5786340328009,372.1451961390215,367.6217700935787,370.9898681640625,30554400
NVDA,2023-11-30,47.934573676190574,48.02041588268528,46.335559349897565,46.68291091918945,526247000
QQQ,2023-11-30,383.94077629753497,384.4033804806494,379.74784203838783,382.71044921875,52834400
AAPL,2023-12-01,188.0375263099119,189.25270705783993,186.95076949469112,188.9365692138672,45704800
MSFT,2023-12-01,368.8847624612835,370.25549290656926,363.5486694410809,366.6817932128906,33040500
NVDA,2023-12-01,46.43837411108703,47.112116530587656,46.1010022026633,46.67792510986328,369317000
QQQ,2023-12-01,381.6474735109709,384.3935720596323,379.9939210667959,383.8030090332031,40490100
AAPL,2023-12-04,187.69173962433385,187.76090372984268,185.1922139752508,187.1483612060547,43389500
MSFT,2023-12-04,361.3849305128498,361.79613477265366,355.3145134346435,361.4241027832031,32063300
NVDA,2023-12-04,45.99120035967438,45.99120035967438,44.926185864436995,45.425254821777344,437543000
QQQ,2023-12-04,380.01353822930184,380.5155212317235,376.6375283217996,380.23992919921875,51186900
AAPL,2023-12-05,187.91898862751913,192.05850876803487,187.88933609882633,191.09031677246094,66628400
MSFT,2023-12-05,358.7903292029664,365.28172122334854,357.9776614584204,364.7334289550781,23065000
NVDA,2023-12-05,45.385328820380614,46.51731562556562,45.19067511548695,46.48337936401367,371718000
QQQ,2023-12-05,378.34028879793397,382.38558910649584,378.1630989012916,381.19464111328125,42933000
AAPL,2023-12-06,192.10788966712872,192.4141533735728,189.79607806848605,190.00355529785156,41089700
MSFT,2023-12-06,365.73212951183393,366.35873644463544,360.3372921206186,361.0911865234375,21182100
NVDA,2023-12-06,47.13122044302318,47.302916124514056,45.33141833887503,45.42225646972656,380590000
QQQ,2023-12-06,384.1277451859132,384.2261773485947,378.64543116817373,378.9898986816406,41994100
AAPL,2023-12-07,191.29776300970337,192.6512567588297,191.25823636118906,191.9300537109375,47477700
MSFT,2023-12-07,360.5331119373255,363.68580733396766,358.6630319776083,363.1962585449219,23118900
NVDA,2023-12-07,45.618910872891085,46.54626331215597,45.52308054469381,46.51332092285156,350823000
QQQ,2023-12-07,381.96240485355264,385.1120239390845,380.86985886236414,384.2852478027344,49593500
AAPL,2023-12-08,191.86091528323507,193.629363703371,191.33730018286,193.3527374267578,53406400
MSFT,2023-12-08,361.48291520154305,366.6329492470928,360.5331891522053,366.40777587890625,20154400
NVDA,2023-12-08,46.51232804934258,47.65629461849747,46.467405912391875,47.42171096801758,359224000
QQQ,2023-12-08,382.5529786032287,386.44079399552544,382.36596649169275,385.9978942871094,46687500
AAPL,2023-12-11,190.78403090604945,191.15945870925907,189.11438419177532,190.85317993164062,60943700
MSFT,2023-12-11,360.7778775179064,363.8326571061726,358.44762055822775,363.5389099121094,27708800
NVDA,2023-12-11,47.40673880790064,47.446664942684954,45.74868658721169,46.54426956176758,509728000
QQQ,2023-12-11,385.5746278679813,389.56090535273165,385.36794134333326,389.2951354980469,41198000
AAPL,2023-12-12,190.75440470261375,192.3746507369947,189.4107849369075,192.36477661132812,52696900
MSFT,2023-12-12,363.09838231575895,366.5937682209635,362.7165198765075,366.5545959472656,24838300
NVDA,2023-12-12,45.96430321028968,47.581427820158346,45.96430321028968,47.572444915771484,372387000
QQQ,2023-12-12,389.3345300600356,392.5137059555065,388.20263518688597,392.3955993652344,39221200
AAPL,2023-12-13,192.74018081786602,195.61513413450965,192.50308121236986,195.57562255859375,70404200
MSFT,2023-12-13,368.16027437565873,369.7464376106383,363.0200118977458,366.5447692871094,30955500
NVDA,2023-12-13,47.54449269431196,48.50778063121328,47.52353004634861,48.00267791748047,447792000
QQQ,2023-12-13,393.33061967890825,397.9960100971529,392.56289682480116,397.3857727050781,55408100
AAPL,2023-12-14,195.63488831127654,197.2156075489979,193.79729107961322,195.7238006591797,66831600
MSFT,2023-12-14,365.50690312981,365.94750897813526,356.5187948133364,358.2811584472656,43277500
NVDA,2023-12-14,48.30413587026834,48.58363781796952,47.33785498826681,48.26420593261719,391232000
QQQ,2023-12-14,398.6063238552664,399.90552650279415,394.03933503736476,397.0413513183594,55447800
AAPL,2023-12-15,195.1507809689053,196.01029713155143,194.6271659416612,195.1903076171875,128538400
MSFT,2023-12-15,359.1819317961551,364.6159110894826,358.6238390376856,362.9808349609375,78502300
NVDA,2023-12-15,48.10848518903452,49.31633726064535,48.034615184125286,48.80324935913086,479948000
QQQ,2023-12-15,397.8188547219358,400.1417277666197,397.2184695510884,398.9606018066406,62896600
AAPL,2023-12-18,193.7281513997374,194.26165570440122,192.04863040265064,193.5305633544922,55751900
MSFT,2023-12-18,361.7275930990288,365.20337736605416,360.9736688806633,364.8606872558594,21802900
NVDA,2023-12-18,49.31235079913167,50.34351507731144,49.062794375670336,49.9881477355957,412587000
QQQ,2023-12-18,399.3531274608477,402.3709814532671,399.0276856016672,401.4735107421875,46610000
AAPL,2023-12-19,193.79728255461077,194.57776047687184,193.5305304476359,194.56788635253906,40714100
MSFT,2023-12-19,363.7250161772289,365.4580383300781,362.1095108541582,365.4580383300781,20603700
NVDA,2023-12-19,49.33630266590499,49.61181391094036,48.80824198487287,49.51598358154297,464444000
QQQ,2023-12-19,401.9271575987177,403.6431837912106,401.7397719688163,403.52484130859375,35711900
AAPL,2023-12-20,194.52836624027822,195.29897006409448,192.48330688476562,192.48330688476562,52242800
MSFT,2023-12-20,367.1616214647713,368.1700908565403,362.78505374172363,362.8731689453125,26316700
NVDA,2023-12-20,49.566886030204486,49.910277369403474,48.01264971730357,48.02562713623047,397894000
QQQ,2023-12-20,402.7260335176809,404.8168311468239,397.3510812317631,397.5285949707031,54042400
AAPL,2023-12-21,193.73803856316968,194.70623052718972,191.16934877699248,192.3351287841797,46482500
MSFT,2023-12-21,364.7726511936181,366.58398798641923,362.3053356484184,365.732177734375,17708000
NVDA,2023-12-21,48.724392927903814,49.007889407965415,48.333086371904265,48.903076171875,300425000
QQQ,2023-12-21,401.453717646699,402.51886007887157,398.8993923266634,402.1539306640625,45568900
AAPL,2023-12-22,192.82909873139974,193.0563392932213,190.64572606781581,191.2681427001953,37149600
MSFT,2023-12-22,365.8691843460341,367.33783074743565,364.9194584779402,366.7503662109375,17107500
NVDA,2023-12-22,49.107708829124014,49.29537497058781,48.38099994161529,48.74335861206055,252507000
QQQ,2023-12-22,403.36704094129067,404.3236828046268,400.8817585167201,402.7555847167969,34314000
AAPL,2023-12-26,191.27801448490152,191.55464074590694,190.5074106042434,190.72476196289062,28919300
MSFT,2023-12-26,367.1616249726416,369.0610768362086,365.69297847275107,366.8287353515625,12673100
NVDA,2023-12-26,48.88111364335506,49.51199224313979,48.87312841671405,49.19156265258789,244200000
QQQ,2023-12-26,403.61366603766743,405.89184950293827,403.5150372531443,405.2212219238281,22722500
AAPL,2023-12-27,190.17149315937536,191.16932243864449,188.78834689776542,190.8235321044922,48087700
MSFT,2023-12-27,365.8789757378514,367.2203346368523,365.0173650898164,366.25103759765625,14905400
NVDA,2023-12-27,49.42315016052461,49.591849010515,48.99790354922427,49.329315185546875,233648000
QQQ,2023-12-27,405.5033831511548,406.3322463869044,404.644888619348,406.04608154296875,31980500
AAPL,2023-12-28,191.80163510638113,192.31537606668746,190.84331729052167,191.24838256835938,34049900
MSFT,2023-12-28,367.5238451750327,368.59105792655595,366.3391454974242,367.43572998046875,14327000
NVDA,2023-12-28,49.55491912329638,49.79548883206165,49.324326187941345,49.43413162231445,246587000
QQQ,2023-12-28,407.20062265458364,407.447309237934,405.49354065707996,405.8487548828125,27029200
AAPL,2023-12-29,191.56450759639273,192.05848519728596,189.42064661751613,190.2110137939453,42672100
MSFT,2023-12-29,368.14072884940924,369.2764857473798,365.6734134446601,368.1799011230469,18730800
NVDA,2023-12-29,49.72461566156116,49.90829110638661,48.664499712290464,49.43413162231445,389293000
QQQ,2023-12-29,405.8289987195395,406.18424303030133,402.1780255292888,404.0923156738281,42662100
AAPL,2024-01-02,184.895844683247,186.17031557472808,181.67511554799748,183.40403747558594,82488700
MSFT,2024-01-02,366.0454121665628,368.0427796247224,359.1036138103624,363.117919921875,25258600
NVDA,2024-01-02,49.156625856562634,49.20753405733888,47.510553413556266,48.08253479003906,411254000
QQQ,2024-01-02,400.46110631543075,400.7077928852175,394.93532112958644,397.2541809082031,58026900
AAPL,2024-01-03,182.00107849721155,183.64108748001073,181.22058557437447,182.0307159423828,58414500
MSFT,2024-01-03,361.2968150611858,365.45797986261033,360.8072662610182,362.85357666015625,23083500
NVDA,2024-01-03,47.40074947125083,48.09850675959303,47.23604131164446,47.48460006713867,320896000
QQQ,2024-01-03,394.6294287174648,395.6852544540013,392.61648800716534,393.0506286621094,47002800
AAPL,2024-01-04,179.95603270422265,180.88471299934187,178.70134046081682,179.71893310546875,71983600
MSFT,2024-01-04,362.9221232500447,365.30132326469203,359.49528162444665,360.2491760253906,20901500
NVDA,2024-01-04,47.68224884044641,48.41395003873669,47.42370949212884,47.912841796875,306535000
QQQ,2024-01-04,391.1857150566472,394.29395995431605,390.8107466354673,391.02783203125,39432800
AAPL,2024-01-05,179.79796753554595,180.5586821654936,177.99988188294327,178.99771118164062,62379700
MSFT,2024-01-05,361.25764113124956,364.2830491168241,358.8392688743441,360.0631408691406,21004600
NVDA,2024-01-05,48.37600851565981,49.459082326064205,48.22028328844258,49.00988006591797,415039000
QQQ,2024-01-05,391.19556531681906,394.2643317193187,390.10026131361894,391.4915771484375,44922800
AAPL,2024-01-08,179.89676064456035,183.36449308108033,179.3138706884217,183.32496643066406,59144500
MSFT,2024-01-08,361.58074269539895,367.35744261436474,361.2968258961624,366.85809326171875,23134000
NVDA,2024-01-08,49.424151981929796,52.18225008334284,49.39120958940494,52.16028594970703,642510000
QQQ,2024-01-08,392.7151704947561,399.86908153761993,392.56716456476687,399.58294677734375,42473800
AAPL,2024-01-09,181.7047124117811,182.91989304556353,180.52904335165846,182.91001892089844,42841800
MSFT,2024-01-09,364.23407123187167,368.13086016631314,363.43120410921466,367.93505859375,20830000
NVDA,2024-01-09,52.30802809263291,54.22861420741035,51.598287244233845,53.04571533203125,773100000
QQQ,2024-01-09,396.5831820153857,401.2998278033739,396.385820723595,400.3722839355469,39132900
AAPL,2024-01-10,182.129538572139,184.15483457675245,181.70471001714742,183.94737243652344,46792900
MSFT,2024-01-10,368.50297659226095,376.1399561660862,368.45403366179033,374.7691955566406,25514200
NVDA,2024-01-10,53.52087170860792,54.50312317370562,53.39409433002728,54.25356674194336,533796000
QQQ,2024-01-10,400.68809010616457,404.09234688237234,399.8000244303325,403.08587646484375,33962800
AAPL,2024-01-11,184.29316874581366,184.7970355796361,181.4083411771675,183.3546142578125,49128400
MSFT,2024-01-11,377.9316910243427,382.5138608324762,372.4291670394017,376.59033203125,27850800
NVDA,2024-01-11,54.90141170121365,55.24779611496442,53.46496584925973,54.72472381591797,596759000
QQQ,2024-01-11,404.35873128129447,405.75004702844257,398.8822718365916,403.924560546875,54536200
AAPL,2024-01-12,183.81894667336306,184.49076406507768,182.95943045197853,183.68063354492188,40477800
MSFT,2024-01-12,377.43228480386114,380.55560821170843,376.6098464914054,380.3500061035156,21661200
NVDA,2024-01-12,54.523086018906326,54.87246729450568,54.23360346337735,54.6129264831543,352994000
QQQ,2024-01-12,404.96069926457324,405.79943969142045,402.7405199592706,404.1318359375,39595000
AAPL,2024-01-16,179.9659024464889,182.04059908627158,178.75070683426088,181.41819763183594,65603000
MSFT,2024-01-16,385.43155133047776,385.79381264906647,379.5177936668549,382.1123962402344,27202300
NVDA,2024-01-16,54.920385030235444,56.734158722808395,54.80259436306696,56.28196334838867,449580000
QQQ,2024-01-16,402.8983611364545,405.67111570510156,401.43796583773303,404.0923156738281,43903000
AAPL,2024-01-17,179.08663943068214,180.72663357001974,178.12832170152117,180.47964477539062,47317400
MSFT,2024-01-17,379.87031666196907,381.9557695556543,376.7665639671979,381.32916259765625,22234100
NVDA,2024-01-17,56.24702168282456,56.37080221365978,54.642874592370525,55.95354461669922,474394000
QQQ,2024-01-17,400.78676327938865,402.1879261807825,397.57983776151127,401.8129577636719,54386000
AAPL,2024-01-18,183.84857190455077,186.86183815424235,183.59170899023258,186.3579864501953,78005800
MSFT,2024-01-18,383.5321225973024,385.75466344784127,381.96556042243856,385.6371765136719,23392100
NVDA,2024-01-18,57.15840468720761,57.49780159403606,56.00745052096862,57.00567626953125,491650000
QQQ,2024-01-18,405.0790927808669,408.0985341433326,403.73713222559695,407.516357421875,59562500
AAPL,2024-01-19,187.04957995238564,189.63801803091337,186.5457281731689,189.25271606445312,68903000
MSFT,2024-01-19,387.48767542805655,390.33685302734375,385.2749052923237,390.33685302734375,29331100
NVDA,2024-01-19,57.88610696898355,59.394427545023596,57.12346261571884,59.38544464111328,543501000
QQQ,2024-01-19,409.71680918810495,415.7556918630463,409.13463247146666,415.5978088378906,70325100
AAPL,2024-01-22,189.98376623580117,192.9772689432648,189.94423959032406,191.5546112060547,60133900
MSFT,2024-01-22,391.6585969965062,392.24606151114637,385.3630068278654,388.22198486328125,27016900
NVDA,2024-01-22,59.94246019662586,60.22396136186126,58.96519705770333,59.548160552978516,452955000
QQQ,2024-01-22,417.79826002605955,419.10077238644385,415.53860253748337,416.1405334472656,44880600
AAPL,2024-01-23,192.67104017695664,193.39224330006388,191.49537099853464,192.8291015625,42355600
MSFT,2024-01-23,387.47789064929606,391.03201985975426,385.6959257751216,390.5620422363281,20525900
NVDA,2024-01-23,59.46430561582059,59.803702511682395,58.48105267598879,59.76676940917969,294654000
QQQ,2024-01-23,416.8312383898438,418.08442548159593,414.99590469924146,417.8673400878906,33003800
AAPL,2024-01-24,193.06621990928542,194.01466361551059,191.99922639290756,192.1573028564453,53631300
MSFT,2024-01-24,393.1468390669837,397.1513444657461,392.07962632176026,394.1455078125,24867000
NVDA,2024-01-24,60.19700279855746,62.73748534909312,59.831651069260054,61.25312423706055,560271000
QQQ,2024-01-24,421.77483440398146,424.1528965640352,419.6927840841391,420.1861572265625,46948000
AAPL,2024-01-25,192.86860899256396,193.9059649333701,190.78402298627717,191.8312530517578,54822100
MSFT,2024-01-25,395.8687653294727,398.5025403738,394.1161721859946,396.4072570800781,21021200
NVDA,2024-01-25,62.239368666397,62.607717226695215,60.742030169454694,61.50767135620117,482777000
QQQ,2024-01-25,422.68261931824196,423.3536296702719,418.36069593474804,420.69927978515625,44367200
AAPL,2024-01-26,191.93006387634745,192.41415228379137,189.6281264159501,190.1023406982422,44594000
MSFT,2024-01-26,395.9177438676681,397.6801377075614,394.01829188316384,395.4869384765625,17803300
NVDA,2024-01-26,60.85183724757184,61.67337885004867,60.465526677085045,60.92271041870117,390309000
QQQ,2024-01-26,418.8145565309628,420.5610864517094,417.54164551043004,418.1929016113281,37137000
AAPL,2024-01-29,189.6972958396627,189.8850097627336,187.29657164460275,189.42066955566406,47145600
MSFT,2024-01-29,397.57238286313674,401.41045873539736,395.8785331996652,401.1558837890625,24510200
NVDA,2024-01-29,61.12335395532468,62.37812361839996,60.79893365210522,62.35416793823242,348733000
QQQ,2024-01-29,418.6468527875806,422.6727946600037,417.995596599009,422.4754333496094,38694700
AAPL,2024-01-30,188.6401800108733,189.4898221386195,185.21197404804863,185.7751007080078,55859400
MSFT,2024-01-30,403.64277019124665,404.41623575131524,397.9542157503529,400.0494689941406,33477600
NVDA,2024-01-30,62.78839260190601,63.38033889790534,62.14952501071203,62.66261291503906,410735000
QQQ,2024-01-30,421.43936949466547,422.0116691243493,418.7554182347818,419.6632080078125,36739000
AAPL,2024-01-31,184.78712556686926,184.84641553917146,182.129538862794,182.17892456054688,55467800
MSFT,2024-01-31,398.45350088279935,406.6387713281437,388.90730048182917,389.2695617675781,47871100
NVDA,2024-01-31,61.330983989988475,62.15851544921119,60.59229912426738,61.41783142089844,453795000
QQQ,2024-01-31,415.2721223522877,417.2653387302613,411.2659354009974,411.44354248046875,64010600
AAPL,2024-02-01,181.77387226838383,184.69821105096443,181.60592170299904,184.6092987060547,64885400
MSFT,2024-02-01,393.4308353282243,399.4718815865362,393.4014635909424,395.340087890625,30657700
NVDA,2024-02-01,61.98981538927627,63.07888305643791,61.54061686379006,62.9151725769043,369146000
QQQ,2024-02-01,413.2394708816232,416.7818863090862,412.2724487149399,416.28851318359375,51008600
AAPL,2024-02-02,177.6936236133024,185.07365019396582,177.09097033579843,183.61148071289062,102551700
MSFT,2024-02-02,395.3694549344779,404.0246753472104,395.124680500137,402.62457275390625,28256700
NVDA,2024-02-02,63.8604917267368,66.48183193924027,63.57699522405565,66.04261779785156,476578000
QQQ,2024-02-02,418.18309593751326,424.53774491430374,417.18650258936236,423.3240661621094,59602400
AAPL,2024-02-05,185.88377376602236,186.97053056814926,183.60159955655655,185.41943359375,69668800
MSFT,2024-02-05,401.3320936868834,402.5657662041655,395.5456233801517,397.1709289550781,25352300
NVDA,2024-02-05,68.10394628020288,69.37369252800232,67.08575942583846,69.208984375,680078000
QQQ,2024-02-05,423.38320116850315,423.9160224374684,419.36713688926557,422.77142333984375,39889200
AAPL,2024-02-06,184.6093298683978,187.02981736340615,184.5204175084795,187.0199432373047,43490800
MSFT,2024-02-06,397.39614463854895,399.4424550677267,394.4882235276778,397.0142822265625,18382600
NVDA,2024-02-06,69.50645284574946,69.630233381063,66.18236704818828,68.1019515991211,683111000
QQQ,2024-02-06,423.9160682702638,424.5179991788691,419.58426762321915,421.9228515625,35846100
AAPL,2024-02-07,188.3437971267345,188.74886241631054,186.33824908078662,187.1286163330078,53439000
MSFT,2024-02-07,398.9235343367266,405.64012962816963,398.88436206584436,405.3953552246094,22340500
NVDA,2024-02-07,68.19776917750116,70.09539685563645,67.48004326560577,69.974609375,495575000
QQQ,2024-02-07,424.7054500501672,427.0933590723248,423.4029377945693,426.2644958496094,37712700
AAPL,2024-02-08,187.1088468471974,187.25703410679802,185.09342474162452,186.05174255371094,40962000
MSFT,2024-02-08,405.39529706929125,406.87374381620714,403.9070796658224,405.45404052734375,21225300
NVDA,2024-02-08,69.9496558671256,70.66837949372972,69.33175856710787,69.51742553710938,414422000
QQQ,2024-02-08,426.38291421422974,427.8137083440557,425.7020869952788,427.0539245605469,29889900
AAPL,2024-02-09,186.6155602859614,187.941120969739,185.9725760341758,186.81341552734375,45155200
MSFT,2024-02-09,406.5702855474464,412.0238664464446,406.41362634312986,411.7594909667969,22032800
NVDA,2024-02-09,70.40785287358678,72.05692221360141,70.08742326576261,72.00502014160156,436637000
QQQ,2024-02-09,428.1886798363185,432.0468613748132,427.39929486367424,431.2574462890625,36943900
AAPL,2024-02-12,186.38806813077576,186.63537211912902,184.7756412965565,185.1317596435547,41781900
MSFT,2024-02-12,411.7693143498308,411.9455447595813,406.0807592685953,406.5801086425781,21202900
NVDA,2024-02-12,72.47117717433613,74.4786104438433,71.12357413495056,72.11980438232422,613710000
QQQ,2024-02-12,431.1488988628783,433.3197526076636,428.8892415712298,429.5700988769531,33203300
AAPL,2024-02-13,183.76666370675508,184.20192116931864,181.5310258479947,183.04452514648438,56529500
MSFT,2024-02-13,396.4757753769111,401.49855072964925,394.9581860838381,397.8269348144531,27824900
NVDA,2024-02-13,70.27510691021548,73.31969142351917,69.49649190429426,72.00003814697266,602580000
QQQ,2024-02-13,421.61699064734256,425.5540990543251,419.692823167463,422.8701477050781,64491700
AAPL,2024-02-14,183.32148884677065,183.52921572281525,180.4725423642709,182.16409301757812,54630500
MSFT,2024-02-14,400.2791853329973,402.0153819358465,396.84600689910087,401.67205810546875,20401200
NVDA,2024-02-14,73.0721307009838,74.10429279758857,71.81037331243682,73.76889038085938,504917000
QQQ,2024-02-14,425.5442266157376,427.90253465627023,423.1957655614689,427.4782409667969,45092700
AAPL,2024-02-15,181.57058851615943,182.50045391335385,179.39431647047905,181.8772430419922,65434500
MSFT,2024-02-15,400.34791702088137,401.3190066322356,396.57141418180584,398.7980651855469,21825500
NVDA,2024-02-15,73.7379485382384,73.84375566502169,72.27155299901098,72.52909088134766,420122000
QQQ,2024-02-15,428.1689829438769,429.2149316499549,425.61328343662643,428.75115966796875,38796100
AAPL,2024-02-16,181.44199396902647,182.8565806751117,179.71086599707365,180.34396362304688,49752500
MSFT,2024-02-16,400.17133095818804,400.49504745207923,395.73763633762957,396.3457946777344,22296500
NVDA,2024-02-16,73.96851471281462,74.2699807907232,72.37235296886776,72.4841537475586,495327000
QQQ,2024-02-16,429.1260933343297,429.2247438693549,424.15288377696066,424.86334228515625,53716500
AAPL,2024-02-20,179.82953567385852,180.4626331892475,178.05884601330092,179.60202026367188,53665600
MSFT,2024-02-20,395.5414579178433,396.7675933071184,390.4113266074818,395.1000671386719,24307900
NVDA,2024-02-20,71.81934169951924,71.82832841143384,67.61381946264177,69.32877349853516,704833000
QQQ,2024-02-20,422.8701729841739,424.3798938263068,417.8871155290135,421.656494140625,53999500
AAPL,2024-02-21,179.97792921674792,180.91768122956833,178.71173417109264,180.3538360595703,41371400
MSFT,2024-02-21,392.53001248162076,394.60953289016544,389.6363215762775,394.5016174316406,18518900
NVDA,2024-02-21,67.88533642606332,68.76577530674938,66.13045996080022,67.35228729248047,673755000
QQQ,2024-02-21,418.9231370059664,420.05791936146005,416.04185462250535,419.9690856933594,49779000
AAPL,2024-02-22,181.50134277124772,182.96539328132977,180.49235334512917,182.38174438476562,52292200
MSFT,2024-02-22,402.3587758261095,404.9483581581281,400.7697091781749,403.7908935546875,27009900
NVDA,2024-02-22,74.89189108055353,78.43558804957509,74.08831901858908,78.3986587524414,865100000
QQQ,2024-02-22,428.73140828484816,433.30004866411934,427.9617473429976,432.26397705078125,53887800
AAPL,2024-02-23,183.0148347964746,183.04451006700117,180.2648157032703,180.55169677734375,45119700
MSFT,2024-02-23,407.7340858290021,407.92043082910567,401.1619895410124,402.5058288574219,16295900
NVDA,2024-02-23,80.64665337566204,82.24780364536768,77.4323654765101,78.67715454101562,829388000
QQQ,2024-02-23,433.82301548242646,434.75055943637386,430.01418912468716,430.9910583496094,39853900
AAPL,2024-02-26,180.2746995194681,180.78908088671756,178.70183486744935,179.2063446044922,40867400
MSFT,2024-02-26,403.6045125913183,404.2911603614398,399.58278265548927,399.7593688964844,16193500
NVDA,2024-02-26,79.55857539682756,80.50290355503131,78.3656961376025,78.95166015625,503973000
QQQ,2024-02-26,431.8002008373945,432.7869471692382,430.5766149089948,430.76409912109375,33043200
AAPL,2024-02-27,179.1470231922399,181.93660445629962,177.6236221032545,180.6605224609375,54318900
MSFT,2024-02-27,400.20071277924296,400.52442923735737,396.13976854109416,399.7004699707031,14835800
NVDA,2024-02-27,79.24015705268404,79.338988045559,77.02509990421383,78.56136322021484,391705000
QQQ,2024-02-27,431.8692503640229,432.184986282359,429.26422577428366,431.8001708984375,33713200
AAPL,2024-02-28,180.54180381169616,181.145226165725,178.18748003378263,179.46356201171875,48953900
MSFT,2024-02-28,400.38709194736896,401.48570431449235,397.5817089338175,399.9358825683594,13183100
NVDA,2024-02-28,77.48227691873889,78.7929431019633,76.98815248522881,77.52519989013672,393110000
QQQ,2024-02-28,429.6589206142435,430.8825064645186,428.5438925123563,429.50103759765625,32938800
AAPL,2024-02-29,179.31514716008485,180.6011306821249,177.59390628342499,178.80075073242188,136682600
MSFT,2024-02-29,400.8383181687279,406.2921650523384,398.1702468207432,405.74285888671875,31947300
NVDA,2024-02-29,78.95366047452625,79.84806674793919,78.21097730890395,78.97162628173828,507289000
QQQ,2024-02-29,432.4218567885407,434.25719051548447,429.25437937497003,433.181640625,42495200
AAPL,2024-03-01,177.6137198257161,178.5831471920378,175.46712311031385,177.7225341796875,73563100
MSFT,2024-03-01,403.4180696743678,407.93025299029875,403.0355310756915,407.56732177734375,17823400
NVDA,2024-03-01,79.85805518730493,82.15397732028299,79.29405523547015,82.13301086425781,479135000
QQQ,2024-03-01,434.06966686859715,440.6611245537349,434.01046450298435,439.7039794921875,43853000
AAPL,2024-03-04,174.25038035125658,174.99229230011673,171.9158301484072,173.2117156982422,81510100
MSFT,2024-03-04,405.54671909934444,409.3820740419509,404.4481066223211,406.99847412109375,17596000
NVDA,2024-03-04,83.98071640863849,87.5393930852347,83.57045019844777,85.08575439453125,615616000
QQQ,2024-03-04,439.7039937666643,440.12831755147187,437.8883842316844,438.13507080078125,34325700
AAPL,2024-03-05,168.91851326517738,170.18470849670402,167.79080766540406,168.28541564941406,95132400
MSFT,2024-03-05,406.056777618859,406.3412493979287,392.99110225962716,394.96270751953125,26919200
NVDA,2024-03-05,85.12269695886387,85.94827183043155,83.27290109267872,85.81549835205078,520639000
QQQ,2024-03-05,435.09589454205684,435.1057716407656,427.9025059370084,430.27069091796875,57917100
AAPL,2024-03-06,169.21526961759642,169.39333632878757,166.86093094295472,167.2961883544922,68587700
MSFT,2024-03-06,395.27656457076307,397.4247558475786,390.7840183450358,394.4133605957031,22344100
NVDA,2024-03-06,87.8699456446009,89.56900130568565,86.87965493223747,88.54676818847656,582520000
QQQ,2024-03-06,434.48414693490355,436.13199642628683,431.09961428378455,432.97442626953125,46234500
AAPL,2024-03-07,167.32585131213037,168.88881413208614,166.67298033709926,167.17747497558594,71765100
MSFT,2024-03-07,398.3664344564578,401.9565620702222,394.56050584072034,401.32879638671875,18718500
NVDA,2024-03-07,90.00224735235656,92.60674140930558,89.44720809741612,92.5089111328125,608119000
QQQ,2024-03-07,436.55630255352224,440.7992995133113,435.0169506522898,439.546142578125,44526700
AAPL,2024-03-08,167.1775154100546,171.8268279085278,167.118164861082,168.88885498046875,76267000
MSFT,2024-03-08,400.1712786506048,402.58433424165736,396.61057729290076,398.4645080566406,18002200
NVDA,2024-03-08,94.97365533037919,97.23174889760968,86.35656281212522,87.37680053710938,1142269000
QQQ,2024-03-08,439.90140185906074,442.693910981613,432.53040518587756,433.2013854980469,72096000
AAPL,2024-03-11,171.07502316349817,172.49949666610803,170.19462149789052,170.88706970214844,60139500
MSFT,2024-03-11,396.05149669102667,397.9348236347475,393.5992262388283,396.7969665527344,16120800
NVDA,2024-03-11,86.27969121669621,88.64359662209651,84.02060015441661,85.62582397460938,678364000
QQQ,2024-03-11,431.71139180076773,432.8461440453612,429.6688196926347,431.5929870605469,45860000
AAPL,2024-03-12,171.28270784938988,172.15322257397557,169.16578666443067,171.36184692382812,59825400
MSFT,2024-03-12,399.8378019777306,407.63603426425436,399.02366133031137,407.3515625,22457000
NVDA,2024-03-12,87.8969031445505,91.80114256968415,86.0011815049168,91.75422668457031,668075000
QQQ,2024-03-12,433.901940644511,438.1350603881726,430.67526112502065,437.77984619140625,55300900
AAPL,2024-03-13,170.90684419661972,171.3223130850131,168.91851047344855,169.28453063964844,52488700
MSFT,2024-03-13,410.1177737824093,410.19623327648054,403.59473945406836,407.175048828125,17115900
NVDA,2024-03-13,90.89769886633881,91.34592070136199,88.28222228746216,90.73098754882812,635713000
QQQ,2024-03-13,436.78322405350747,436.8029782510088,433.30001097548626,434.4150390625,37928700
AAPL,2024-03-14,171.0453430786352,172.43023944819464,170.19461671040915,171.13436889648438,72913500
MSFT,2024-03-14,412.2167823058226,419.6520819612788,410.00973923105283,417.1017150878906,34157300
NVDA,2024-03-14,89.42225831640668,90.48941185201531,86.45039611721776,87.79207611083984,602318000
QQQ,2024-03-14,435.64846988201316,436.1714441905976,430.6062109929357,433.31976318359375,52195200
AAPL,2024-03-15,169.32407812222547,170.75843811035156,168.4535633292171,170.75843811035156,121752700
MSFT,2024-03-15,411.28501994441507,414.53182378938754,404.9091164524236,408.4698181152344,45079900
NVDA,2024-03-15,86.77983369344113,89.39131202190967,86.10799973550625,87.68526458740234,642086000
QQQ,2024-03-15,430.2904743925129,433.0533520394362,427.0045922881317,428.1689758300781,73069800
AAPL,2024-03-18,173.67662817447325,175.79354941833483,171.64873273149365,171.84657287597656,75604200
MSFT,2024-03-18,406.34123515822085,412.69753127897746,405.8802070917239,409.3526306152344,20106000
NVDA,2024-03-18,90.23185202169164,92.24536587684682,86.9345566695886,88.30219268798828,668976000
QQQ,2024-03-18,433.4876578345993,435.77005339953286,432.015441232783,432.2525939941406,47323800
AAPL,2024-03-19,172.45989598897214,174.70542030322298,171.16402557801365,174.18113708496094,55215200
MSFT,2024-03-19,409.8528340561438,413.61954764814055,407.61636469929994,413.364501953125,19837900
NVDA,2024-03-19,86.55022352343148,90.38758481674583,84.86314816147532,89.24356842041016,672171000
QQQ,2024-03-19,430.24684485265067,433.7346638779125,428.15215128325195,433.3295593261719,43004100
AAPL,2024-03-20,173.82502584048726,176.7432098388672,173.2018149693641,176.7432098388672,53423100
MSFT,2024-03-20,413.9433493922069,417.82773831751393,412.6289357138189,417.1116943359375,17860100
NVDA,2024-03-20,89.6418701073994,90.25381771221527,88.07059173697641,90.21588134765625,479063000
QQQ,2024-03-20,434.5250931534227,438.80334096798737,432.8256441272629,438.4674072265625,43653500
AAPL,2024-03-21,175.1406653733646,175.57592275278003,168.9976284397713,169.52191162109375,106181300
MSFT,2024-03-21,421.62378632435974,422.5949058623587,419.0047780206844,421.1725769042969,21296200
NVDA,2024-03-21,92.140557424416,92.48795583781609,90.24882671788191,91.27704620361328,480372000
QQQ,2024-03-21,443.51637126483735,443.97086631640985,440.34473575766197,440.5423278808594,39345700
AAPL,2024-03-22,169.90770741812418,171.18380430580046,168.22604350725265,170.42210388183594,71160100
MSFT,2024-03-22,421.4962894258474,421.65320840400005,417.93558766825475,420.5545959472656,17648500
NVDA,2024-03-22,90.9835495525749,94.61426754269417,90.67708069798141,94.12611389160156,586719000
QQQ,2024-03-22,440.0285427517674,442.1429563269523,439.17880316614946,441.0462341308594,28253900
AAPL,2024-03-25,168.7305586050563,170.08577952012527,167.6226265638577,169.00753784179688,54288300
MSFT,2024-03-25,417.12140106535213,419.2499850699005,413.5606994442316,414.7868347167969,18060500
NVDA,2024-03-25,93.77871131394467,96.59882785449742,93.34845614456138,94.83787536621094,552136000
QQQ,2024-03-25,438.25008456707394,440.92772494895036,437.2521733889676,439.4456481933594,27789200
AAPL,2024-03-26,168.16670300567833,169.57138777241732,167.7512341389727,167.8798370361328,57388400
MSFT,2024-03-26,417.48433323864253,417.8570831519167,413.30568457627095,413.5999450683594,16725600
NVDA,2024-03-26,95.68542557895928,96.20852249662158,92.34221159309624,92.40110778808594,513648000
QQQ,2024-03-26,440.9672001706422,441.88611062299844,437.79556453713616,438.0228271484375,34142000
AAPL,2024-03-27,168.57227437363676,171.72787530814264,168.27550660374618,171.4409942626953,60273300
MSFT,2024-03-27,416.3367294110972,416.3465480734724,411.0104044220357,413.3841857910156,16705000
NVDA,2024-03-27,92.95114873658731,93.0789259717654,88.96904130951937,90.0940933227539,586067000
QQQ,2024-03-27,441.10548724918266,441.2042983789603,436.64936762664576,439.51470947265625,41359200
AAPL,2024-03-28,169.8978451053126,170.37266455083602,168.67121185228598,169.63075256347656,65672700
MSFT,2024-03-28,412.92309148516256,413.815721504757,411.11822405931304,412.68768310546875,21871200
NVDA,2024-03-28,89.8445252112995,91.1422825108375,89.03892009399118,90.19991302490234,435212000
QQQ,2024-03-28,439.46534778476365,440.3150873730311,438.3488452662453,438.7045593261719,36839600
AAPL,2024-04-01,169.3438746978549,169.40322523760474,167.65230884379906,168.19638061523438,46240500
MSFT,2024-04-01,415.85607505767865,419.7208560550212,414.15909296576694,416.4642333984375,16316000
NVDA,2024-04-01,90.14300911365386,92.0656767674512,89.04989954343785,90.20689392089844,452441000
QQQ,2024-04-01,439.65308146497904,442.18248976686664,437.7263698364116,439.6333312988281,38729000
AAPL,2024-04-02,167.2566433485096,167.51383407497934,166.4158037095213,167.01922607421875,49329500
MSFT,2024-04-02,412.08932675524255,414.31600751259526,409.8626759328322,413.3939514160156,17912000
NVDA,2024-04-02,88.29519159294945,89.93835161134503,87.46862677190417,89.2974624633789,433064000
QQQ,2024-04-02,434.8215419081569,436.15541700683673,432.7960490881484,435.8392333984375,44259700
AAPL,2024-04-03,166.9697540235435,168.83937157047524,166.7620271262386,167.8204803466797,47691700
MSFT,2024-04-03,411.71659648353796,415.17920112214335,411.0888008867087,412.4228515625,16502300
NVDA,2024-04-03,88.33113624719482,90.21787047492148,88.2472817311276,88.810302734375,370067000
QQQ,2024-04-03,433.71491828910797,438.69470445821014,433.70505828173714,436.8174133300781,39949800
AAPL,2024-04-04,168.45358430225178,170.0660111961713,166.99945068359375,166.99945068359375,53704400
MSFT,2024-04-04,416.8761593197056,420.48592418548293,409.5978373618215,409.90191650390625,19370900
NVDA,2024-04-04,90.24981545155312,90.47742601324012,85.73163346290652,85.756591796875,434965000
QQQ,2024-04-04,440.9967934965204,441.6094104504409,429.910859971514,430.13812255859375,57267700
AAPL,2024-04-05,167.7611226870966,168.5524984345705,167.12802510796487,167.75123596191406,42104800
MSFT,2024-04-05,411.9912731648726,418.36717662742586,410.33353586981326,417.39605712890625,16554800
NVDA,2024-04-05,86.71594667786945,88.32816244191248,85.7775755946387,87.8559799194336,399678000
QQQ,2024-04-05,431.5609373498813,437.8745980464935,430.7507282504202,435.20684814453125,54744600
AAPL,2024-04-08,167.20715459942008,167.37531948329715,166.425680716199,166.63340759277344,37425500
MSFT,2024-04-08,417.0527692258899,419.12247124179834,415.21844567326013,416.48382568359375,14272400
NVDA,2024-04-08,88.54676191015398,88.67654220104028,86.58216705957724,86.98247528076172,283220000
QQQ,2024-04-08,436.1356461390755,437.2126182357003,433.9520616185032,435.3353271484375,28144900
AAPL,2024-04-09,166.88071513080217,168.2458378687617,166.53449863101693,167.8402557373047,42373800
MSFT,2024-04-09,418.2984283713049,419.5735968535943,413.5704444183081,418.1414794921875,12496900
NVDA,2024-04-09,87.29093308519522,87.48360044285332,82.87857107978263,85.20653533935547,501700000
QQQ,2024-04-09,437.6671198430058,437.94377295312506,432.213088463687,436.94586181640625,39443600
AAPL,2024-04-10,166.97966188332379,167.26652787853376,165.30788444762385,165.9706573486328,49709300
MSFT,2024-04-10,414.1296507389469,415.93451830181,411.68719880938414,415.1792297363281,16216600
NVDA,2024-04-10,83.78102010903869,87.24901778988773,83.56439211342133,86.88864135742188,431929000
QQQ,2024-04-10,431.77833281863883,433.9915576445621,431.0669348170311,433.1319580078125,61502200
AAPL,2024-04-11,166.52458559261675,173.56781241373886,166.34653399230652,173.15232849121094,91070300
MSFT,2024-04-11,417.6902776086561,421.1724892503074,414.29631416534033,419.7599792480469,17966400
NVDA,2024-04-11,87.2689793680449,90.58224601063488,86.77583708331596,90.45945739746094,431637000
QQQ,2024-04-11,434.9993827274123,440.99682993017785,432.7268471276374,440.0483093261719,45474600
AAPL,2024-04-12,172.38075949507746,176.43655077441642,172.33131077483722,174.6460723876953,101670900
MSFT,2024-04-12,415.9541310748391,417.06256218596104,411.75584496590756,413.8451843261719,19253800
NVDA,2024-04-12,89.54404775764081,90.01923104025528,87.37879585703206,88.03366088867188,426805000
QQQ,2024-04-12,435.82928214208215,436.95564455090334,431.6597059071951,433.0330810546875,53665000
AAPL,2024-04-15,173.46890241983837,174.72521085075485,170.63974431610336,170.82769775390625,73531800
MSFT,2024-04-15,418.45542004596757,418.6712210349568,405.53684662340567,405.74285888671875,20273500
NVDA,2024-04-15,88.94406648002054,90.45644843108836,85.78054278674153,85.8524169921875,443077000
QQQ,2024-04-15,436.7778637813603,436.8667847613836,425.0694522981349,425.9093017578125,63453600
AAPL,2024-04-16,169.8978273072319,171.88614579113815,166.45536027289515,167.5533905029297,73711200
MSFT,2024-04-16,406.65512826574127,410.4119935798852,405.8311689524943,406.6649169921875,16765600
NVDA,2024-04-16,86.28368645109244,87.965773191981,85.91532822119116,87.26399230957031,370453000
QQQ,2024-04-16,425.75119974644684,428.5770414842701,424.56555655499864,425.9488220214844,47619000
AAPL,2024-04-17,167.78091646807817,168.80969440593617,166.1882781982422,166.1882781982422,50901200
MSFT,2024-04-17,409.2839508985917,410.8828360715611,402.4960529094379,403.97723388671875,15855500
NVDA,2024-04-17,88.18738725935935,88.62164096734257,83.80497167986917,83.88983154296875,495400000
QQQ,2024-04-17,427.92490809219123,427.94465825778315,419.82287756668256,420.75164794921875,56880500
AAPL,2024-04-18,166.21793076697907,166.8213530127437,164.75389559967167,165.2386016845703,43122900
MSFT,2024-04-18,402.7903496970384,404.02630364117994,396.23788993068626,396.5517578125,21029900
NVDA,2024-04-18,84.82320627802973,86.0410998135889,82.25964198597137,84.52471923828125,447260000
QQQ,2024-04-18,421.3938920422411,423.12298141821606,417.77762150042236,418.3507080078125,46549400
AAPL,2024-04-19,164.41758473594675,164.60552308162337,162.31054999578998,163.2206268310547,68149400
MSFT,2024-04-19,396.31635459832717,397.738683518828,390.1758594431205,391.5000915527344,30565800
NVDA,2024-04-19,83.00636595540483,84.17833393456459,75.47539894537725,76.06836700439453,875198000
QQQ,2024-04-19,417.17492743365193,417.69859329896826,408.13426609892537,409.69537353515625,75231000
AAPL,2024-04-22,163.734987753996,165.45621342076493,162.99307597508283,164.05152893066406,48116400
MSFT,2024-04-22,392.441727661041,395.1588624515417,388.1944084543801,393.304931640625,20286900
NVDA,2024-04-22,77.96907171420484,79.93467203595871,76.26802061217705,79.38063049316406,596341000
QQQ,2024-04-22,412.3235850098198,416.1473377835961,408.9938577655325,413.8155517578125,47807700
AAPL,2024-04-23,163.56685559955991,165.24851961582092,163.14148491226467,165.10012817382812,49537800
MSFT,2024-04-23,396.5223162949651,400.4067342721825,395.3648518176367,399.78875732421875,15734500
NVDA,2024-04-23,80.62947459576492,82.62601974052421,80.1253496885507,82.2806167602539,438559000
QQQ,2024-04-23,415.74220734573504,421.1863779906692,413.8649164811478,419.9908447265625,44384700
AAPL,2024-04-24,164.74404457685867,167.4742907050633,164.41761654297682,167.1973114013672,48251800
MSFT,2024-04-24,401.7407287200192,404.59517495198185,399.01380533371923,401.2502746582031,15065300
NVDA,2024-04-24,83.80497344877082,83.93674919660243,79.0462101404743,79.53936004638672,512208000
QQQ,2024-04-24,423.0835357462636,424.5952528755929,419.1313309477107,421.4137268066406,48440300
AAPL,2024-04-25,167.70177351115603,168.77012851479734,166.33665071301928,168.05789184570312,50558300
MSFT,2024-04-25,386.507271018032,392.25540884693,380.6218216022703,391.421630859375,40586500
NVDA,2024-04-25,78.73175981196158,83.17906608261447,78.08787733468318,82.48926544189453,424641000
QQQ,2024-04-25,414.23055816853235,420.2379260997075,413.1437260161894,419.3783264160156,57392200
AAPL,2024-04-26,168.04802077933093,169.49226770262163,167.35555749623813,167.47427368164062,44838400
MSFT,2024-04-26,404.3009099992489,405.1150505614492,398.0132854043954,398.5625915527344,29694700
NVDA,2024-04-26,83.67321658546781,88.17842147858853,83.2429613231266,87.58345031738281,551011000
QQQ,2024-04-26,422.5104492586841,427.38153443727947,421.8188315105415,425.8500671386719,41874900
AAPL,2024-04-29,171.50037962888564,174.13169791183088,171.23330216655395,171.6289825439453,68169400
MSFT,2024-04-29,397.5130062731547,398.56258512123486,391.5687056006696,394.5702819824219,19582100
NVDA,2024-04-29,87.44366977250507,87.83997945690294,85.11869103843989,87.60539245605469,388971000
QQQ,2024-04-29,427.9545657944638,428.57704279451684,424.84221094712433,427.5791015625,30022200
AAPL,2024-04-30,171.46079655206535,173.10289859543835,168.1667057400835,168.49314880371094,65934800
MSFT,2024-04-30,393.82481984555585,394.4820415046003,381.74005368851095,381.89697265625,28781400
NVDA,2024-04-30,87.08929643239856,88.66557118869024,86.15092540038592,86.25274658203125,363709000
QQQ,2024-04-30,425.9981832015452,427.39133873179975,419.4375402321003,419.5165710449219,43665900
AAPL,2024-05-01,167.75125295718234,170.84750390177777,167.28632022447192,167.47427368164062,50383100
MSFT,2024-05-01,385.11436938308555,394.05045900742965,382.85829240714,387.39990234375,23562500
NVDA,2024-05-01,84.93003072487383,85.85143274518,81.11462711525115,82.89754486083984,559863000
QQQ,2024-05-01,418.0937738009243,425.00027078139163,415.6335364646761,416.4832458496094,52251700
AAPL,2024-05-02,170.649650682897,171.54984088638673,169.04712555589578,171.16404724121094,94214900
MSFT,2024-05-02,390.067981051651,392.2946320183516,387.1154376190438,390.2445373535156,17709400
NVDA,2024-05-02,84.30311392551386,86.08802721004574,83.05627099401435,85.66875457763672,377898000
QQQ,2024-05-02,420.2181234298724,422.6981413555137,415.60394164929187,421.79901123046875,36559000
AAPL,2024-05-03,184.63712970012278,184.98336128032037,180.69016817589636,181.40240478515625,163224100
MSFT,2024-05-03,394.5997356096934,399.37675358596374,394.18774100881984,398.8961181640625,17446700
NVDA,2024-05-03,87.6373400551101,89.12675929539812,86.8896334546632,88.63561248779297,398341000
QQQ,2024-05-03,429.2489077059209,431.26454032422834,427.45064752834196,430.2764892578125,48515300
AAPL,2024-05-06,180.383540128798,182.2135806366563,178.47434543693257,179.7504425048828,78569700
MSFT,2024-05-06,400.95609583749865,406.02737510572115,398.61171057588416,405.64483642578125,16996600
NVDA,2024-05-06,89.23557056109705,92.06068332323404,88.90115021604193,91.98081970214844,376203000
QQQ,2024-05-06,432.07470879916997,435.0783924110158,431.3040301921814,434.9894714355469,30227200
AAPL,2024-05-07,181.4716631656838,182.90602327557747,179.36464345444207,180.4329833984375,77305800
MSFT,2024-05-07,406.743340415855,406.7531590756513,401.27967532834964,401.52490234375,20018200
NVDA,2024-05-07,90.94062670307744,91.62244547206083,88.85723403089521,90.39756774902344,437342000
QQQ,2024-05-07,435.4341190165748,436.6889330215927,434.32747648868434,435.05865478515625,30996100
AAPL,2024-05-08,180.87813197889614,181.09576068278213,179.4932206728727,180.76931762695312,45057100
MSFT,2024-05-08,400.37727892161104,404.3597634781988,398.9451315189421,402.7020263671875,11792300
NVDA,2024-05-08,89.32843271803675,91.03647574977849,89.2655380075343,90.25582885742188,325721000
QQQ,2024-05-08,432.44030104834115,436.20477300365775,432.32170959807235,434.8017272949219,24896700
AAPL,2024-05-09,180.59124108896245,182.6686003878229,180.14609698041687,182.57957458496094,48983000
MSFT,2024-05-09,402.7315305808264,404.84047745279514,401.28959417288524,404.4481201171875,14689700
NVDA,2024-05-09,90.37260819958134,90.91466942223298,88.07858152551931,88.59368896484375,378013000
QQQ,2024-05-09,435.068517003567,436.3233611678897,433.22086631601803,435.7502746582031,24580100
AAPL,2024-05-10,183.15410154420678,183.34230991411323,180.4102677646858,181.3215789794922,50759500
MSFT,2024-05-10,405.05627644521434,407.4496950958414,403.9380266126503,406.8218994140625,13402300
NVDA,2024-05-10,90.14899684375659,91.24310415488777,89.07285618291228,89.72273254394531,335325000
QQQ,2024-05-10,437.2521379272072,439.0009775019168,435.23650526025403,436.7778625488281,27116600
AAPL,2024-05-13,183.68902280376187,185.33335221774516,182.8767582325011,184.52108764648438,72044800
MSFT,2024-05-13,410.029454744504,410.3629599472109,402.9767222457907,405.82135009765625,15440200
NVDA,2024-05-13,90.32170192056742,90.84080791917694,88.37607119051684,90.24284362792969,289680000
QQQ,2024-05-13,438.6847746021528,438.78358573741383,436.3727387710848,437.78564453125,22994200
AAPL,2024-05-14,185.73944844741243,186.52199740854093,184.53096697721375,185.6602020263672,52393600
MSFT,2024-05-14,404.1537549120692,409.51932355356394,403.6927268958918,408.6070861816406,15109300
NVDA,2024-05-14,89.44422763754103,91.49268500657907,88.78037543030777,91.19819641113281,296507000
QQQ,2024-05-14,437.36084739880766,441.1352101310495,437.1731152629732,440.6016540527344,34478300
AAPL,2024-05-15,186.13569714479723,188.84981551266446,185.60078753373725,187.92860412597656,70400000
MSFT,2024-05-15,410.6608977071615,416.46852499785643,410.0418061194269,415.75115966796875,22239500
NVDA,2024-05-15,92.31225306463462,94.69812368698847,91.44076009123388,94.46652221679688,417735000
QQQ,2024-05-15,443.0717526114495,447.73535506298566,441.56003561725066,447.48834228515625,41464700
AAPL,2024-05-16,188.67151097089564,189.29556710780693,187.86916171755817,188.04745483398438,52845200
MSFT,2024-05-16,414.493323488297,418.0506409370668,413.06845922359344,413.6973571777344,17530100
NVDA,2024-05-16,94.74604980958085,95.65347613046144,93.94043705092355,94.19599914550781,323952000
QQQ,2024-05-16,447.300603706104,449.25695573333155,446.41136374933757,446.579345703125,34780400
AAPL,2024-05-17,187.72057759120682,189.00830557822601,187.39369174809892,188.07717895507812,41282900
MSFT,2024-05-17,415.2205942827064,415.59401656244523,410.78870878728935,412.9309387207031,15352200
NVDA,2024-05-17,94.20597874528181,94.57633241179128,91.64740285082287,92.3192367553711,359691000
QQQ,2024-05-17,446.70773221124824,447.31045901301263,444.16846400588616,446.3619384765625,35803700
AAPL,2024-05-20,187.54228461702792,190.10782534306233,187.22529890901677,189.2361297607422,44361300
MSFT,2024-05-20,412.9309055053418,419.37726753163014,412.7147152549324,417.9720458984375,16272100
NVDA,2024-05-20,93.58804490846175,95.03553695656012,93.27858287715311,94.61626434326172,318764000
QQQ,2024-05-20,446.57935219702347,450.13631207581267,446.3916200736185,449.4743347167969,24474200
AAPL,2024-05-21,189.28565540299905,190.91016932460286,189.11726241831752,190.5337677001953,42309400
MSFT,2024-05-21,419.43623228216074,425.46988664412265,417.49054998726376,421.60797119140625,21453300
NVDA,2024-05-21,93.43730641374981,95.23519767784772,93.01903151729087,95.22122192382812,328946000
QQQ,2024-05-21,447.6266677481299,450.5414003294952,447.4290454718327,450.3536682128906,23167700
AAPL,2024-05-22,190.45451683728567,190.99932654838926,188.47340160760692,189.09744262695312,34648500
MSFT,2024-05-22,422.6397422694005,424.91956115828395,419.7310254046841,423.0622863769531,18073700
NVDA,2024-05-22,95.29408831779949,95.85411617010452,93.0879071432018,94.78596496582031,548648000
QQQ,2024-05-22,450.6105944327446,451.36152293797704,447.66619122011053,450.2647705078125,25120000
AAPL,2024-05-23,189.1766947549615,189.19651013997458,184.86777806929078,185.11541748046875,51005900
MSFT,2024-05-23,425.4698880093599,426.0889796466093,418.0506847119264,419.6033020019531,17211700
NVDA,2024-05-23,101.85176064066984,106.13634662239213,101.34463491102811,103.61970520019531,835065000
QQQ,2024-05-23,455.04691409303155,455.0765544193966,446.4508877649814,448.2392578125,40899200
AAPL,2024-05-24,187.03710655742805,188.78048261582597,186.26445766907554,188.18614196777344,36327000
MSFT,2024-05-24,419.78997344657733,423.5929302999633,417.0581313925194,422.7085266113281,11855300
NVDA,2024-05-24,104.26856517672162,106.29106630104066,102.82207077624999,106.28507995605469,429494000
QQQ,2024-05-24,449.84974703722804,453.7426703791155,448.15029811562783,452.47796630859375,29669500
AAPL,2024-05-28,189.70171236146703,191.17764887438426,187.31447963213384,188.19607543945312,52280100
MSFT,2024-05-28,422.1877338257991,423.35712243524114,419.2102222377172,422.86578369140625,15718000
NVDA,2024-05-28,110.05354384473526,114.74043237669933,109.69316745366345,113.7042236328125,652728000
QQQ,2024-05-28,453.6932303817644,454.24653650445447,451.23299315219873,454.187255859375,26216800
AAPL,2024-05-29,187.81962268312432,190.4346940804733,187.72056087959155,188.49319458007812,53068000
MSFT,2024-05-29,418.3159892619867,423.4750461602697,418.3159892619867,421.7357177734375,15517100
NVDA,2024-05-29,112.85471267036033,115.29248791517858,110.70942292973874,114.62664031982422,557442000
QQQ,2024-05-29,450.0374719321695,452.76447213726425,449.8991303213493,450.9859924316406,29739200
AAPL,2024-05-30,188.9587855239753,190.36537567482878,188.8300232981759,189.48377990722656,49889100
MSFT,2024-05-30,416.95003623481153,416.95003623481153,407.0643033400361,407.48687744140625,28394500
NVDA,2024-05-30,114.45193707992216,115.61891628592592,109.47355289556607,110.3091049194336,484553000
QQQ,2024-05-30,450.05723247359657,450.19557408760653,444.8304342178574,446.1544189453125,30536800
AAPL,2024-05-31,189.6323431713606,190.7516780595243,188.1167913020161,190.4346923828125,75158300
MSFT,2024-05-31,409.5308671519035,409.5308671519035,397.50290358954135,407.9389343261719,47995300
NVDA,2024-05-31,112.32561724375552,112.52228313915187,106.75526253688238,109.44361114501953,613263000
QQQ,2024-05-31,446.3817458895466,447.07339375346913,437.76593868344236,445.32452392578125,55941300
AAPL,2024-06-03,191.07855630297723,193.14883318833753,190.7021546904014,192.19789123535156,50080500
MSFT,2024-06-03,408.3319723384426,409.21637607324783,401.83648858598,406.3567810058594,17484700
NVDA,2024-06-03,113.42470752761051,114.80132293701172,111.80949898893368,114.80132293701172,438392000
QQQ,2024-06-03,449.1383414785647,450.136252464962,442.54802817081566,447.7155456542969,32997500
AAPL,2024-06-04,192.80213237542046,193.47571940906454,191.2073340206378,192.51487731933594,47471400
MSFT,2024-06-04,405.2856495851976,409.226195718034,402.58328662384173,408.86260986328125,14348900
NVDA,2024-06-04,115.51611513617264,116.39858317577006,113.84799638822281,116.2358627319336,403324000
QQQ,2024-06-04,447.4586887576052,450.1362987474651,445.73948952356676,448.9407653808594,23767400
AAPL,2024-06-05,193.55494454203196,195.04078090785526,193.02995023528447,194.0205078125,54156800
MSFT,2024-06-05,410.57245747625547,416.7338342090642,409.08860495020656,416.6650695800781,16988000
NVDA,2024-06-05,118.16651413530396,122.2374646244509,117.26507420610801,122.22848510742188,528402000
QQQ,2024-06-05,452.50763121803925,458.07033330703183,448.98028172906453,457.9913024902344,33817400
AAPL,2024-06-06,193.8422276391208,194.64457691185422,192.33657578915964,192.64364624023438,41181800
MSFT,2024-06-06,416.6651450920817,417.94261399588106,413.29453808136446,417.1662902832031,14861300
NVDA,2024-06-06,123.83370517037008,125.3700480295792,118.11560338652608,120.78897857666016,664696000
QQQ,2024-06-06,458.6730403056571,458.98922386503307,456.6672979648091,457.83319091796875,21966800
AAPL,2024-06-07,192.8120444256859,195.08042995429523,192.3068654552658,195.03089904785156,53103900
MSFT,2024-06-07,418.8171103351825,418.8957113302609,415.67253073124033,416.5078125,13621700
NVDA,2024-06-07,119.56309618694148,121.48178065904402,117.81812234412239,120.67916870117188,412386000
QQQ,2024-06-07,457.46769211074843,460.17494266998284,456.32154913419294,457.42816162109375,25829700
AAPL,2024-06-10,195.04080033594326,195.43703247512377,190.33565137548777,191.29649353027344,97010200
MSFT,2024-06-10,417.3431202309482,420.66454478320344,416.5471539046789,420.45819091796875,13982900
NVDA,2024-06-10,120.16206002224595,122.88733960177423,116.80786391189227,121.57960510253906,313434100
QQQ,2024-06-10,456.3017436759834,459.6314708938704,456.01520042833266,459.2757568359375,20660800
AAPL,2024-06-11,191.82147267998263,205.20391549352811,191.8016724106265,205.19400024414062,172373300
MSFT,2024-06-11,418.1096457911631,425.3224952545953,417.88361916349896,425.1849060058594,14551100
NVDA,2024-06-11,121.56963752755465,122.66783369220164,118.54462427746988,120.7110595703125,222551200
QQQ,2024-06-11,458.00128408048533,462.54632585325834,456.5093170466121,462.427734375,22053300
AAPL,2024-06-12,205.41194501546696,218.12080209568063,204.94638168818946,211.05813598632812,198134300
MSFT,2024-06-12,427.7792095971262,435.7192312163597,425.74505981738713,433.4197692871094,22366200
NVDA,2024-06-12,122.85750238613136,126.6712162731191,122.36831081363356,124.99398040771484,299595000
QQQ,2024-06-12,466.35021160302534,470.80633154634563,465.6585939506412,468.4844055175781,34532600
AAPL,2024-06-13,212.71236564129833,214.70338117421306,209.6020150722442,212.2170867919922,97862700
MSFT,2024-06-13,433.21338970261115,435.7093989946261,431.75901618030764,433.93072509765625,15960600
NVDA,2024-06-13,129.177104537848,129.58643359087407,126.95077798576432,129.39674377441406,260704500
QQQ,2024-06-13,472.01173265680745,472.6737401049363,468.7511763645749,471.023681640625,25859000
AAPL,2024-06-14,211.8307711431916,213.13829945342002,209.30484597389386,210.48361206054688,70122700
MSFT,2024-06-14,430.68790003484014,435.4637283515464,429.15492551069684,434.9035949707031,13582000
NVDA,2024-06-14,129.74617063783822,132.6214215295718,128.10886970168357,131.6630096435547,309320400
QQQ,2024-06-14,470.82603251571277,473.5333126495915,470.36164735848314,473.4641418457031,23372600
AAPL,2024-06-17,211.35527186274084,216.88258512602053,210.71141546378874,214.62411499023438,93728300
MSFT,2024-06-17,434.9232138540311,443.1285766509554,433.08561180023855,440.60308837890625,20790000
NVDA,2024-06-17,132.77118307637525,133.5099557271365,129.3667902512595,130.7644805908203,288504400
QQQ,2024-06-17,473.7309763615581,481.0425485388574,472.4267718136733,479.2640686035156,37054500
AAPL,2024-06-18,215.5354294813442,216.5656178731208,210.98877362098574,212.26658630371094,79943300
MSFT,2024-06-18,441.9198947788086,442.34246889984814,437.18341197055486,438.6082763671875,17112500
NVDA,2024-06-18,130.9242214788469,136.10568428406987,130.474964956118,135.35691833496094,294335100
QQQ,2024-06-18,479.2146698362232,480.0940196286849,477.6535322250408,479.4122619628906,24438600
AAPL,2024-06-20,211.90998899500866,212.2170745602359,206.87796947703916,207.7001190185547,86172500
MSFT,2024-06-20,438.5689526211533,438.79497924029823,433.6260860366594,437.9793701171875,19877400
NVDA,2024-06-20,139.56996619369176,140.52837801062054,129.30688285479897,130.56480407714844,517768400
QQQ,2024-06-20,480.60784514761326,481.02280973763214,473.8890793547214,475.71697998046875,33918700
AAPL,2024-06-21,208.40343403997312,209.8892705909824,205.15440599094305,205.53082275390625,241805100
MSFT,2024-06-21,439.63031872191465,442.77486911461057,438.77539399018497,441.9887390136719,34187100
NVDA,2024-06-21,126.91083052082259,130.4150570517715,124.09547105255645,126.36173248291016,649445800
QQQ,2024-06-21,475.440293517699,476.77416848361605,472.9504156934659,474.4423522949219,37456800
AAPL,2024-06-24,205.75865018980198,210.69162338847192,204.63931513285507,206.1746826171875,80727000
MSFT,2024-06-24,442.00833058442447,444.9072412251996,438.677069430459,439.9152526855469,15913700
NVDA,2024-06-24,123.0371892837608,124.25518282254679,117.84574965469585,117.91563415527344,476060900
QQQ,2024-06-24,473.2171889334799,474.9490265120443,468.90245380557906,469.0409851074219,37751000
AAPL,2024-06-25,207.1751328027417,209.3840873125504,206.64023830581658,207.0959014892578,55549700
MSFT,2024-06-25,440.48515617122325,443.6002568065394,439.01114003233465,443.1383972167969,16413400
NVDA,2024-06-25,121.00055473590018,126.29183629953359,119.12365113611966,125.88250732421875,414192600
QQQ,2024-06-25,471.129140230183,474.70165954196335,470.1889876740023,474.40478515625,29014700
AAPL,2024-06-26,209.5029286499739,212.8312027309874,208.65104852463386,211.2364044189453,66213200
MSFT,2024-06-26,441.22215886891127,445.7424809709231,440.42619256271684,444.3274230957031,16507000
NVDA,2024-06-26,125.92245660772097,127.9091800288474,122.39826626608301,126.1920166015625,362975900
QQQ,2024-06-26,473.58337252856364,475.92880093044886,473.1677483971883,475.3844909667969,22737100
AAPL,2024-06-27,212.66284034706985,213.70292898101007,210.34493889866226,212.0784149169922,49772700
MSFT,2024-06-27,444.3470860716105,448.267989524247,443.9441847148766,445.0054931640625,14806300
NVDA,2024-06-27,123.8957921998042,126.2019962793405,122.71773358253314,123.78597259521484,252571700
QQQ,2024-06-27,475.1370763918568,478.0861593754013,474.32557950230506,476.6116027832031,26222100
AAPL,2024-06-28,213.7326216506115,214.0297919592074,208.31427026634478,208.63124084472656,82542700
MSFT,2024-06-28,445.22168389223947,447.49166642517747,438.6770484115445,439.20770263671875,28362300
NVDA,2024-06-28,124.3750052910358,127.49985213027985,122.54801473015355,123.33671569824219,315516700
QQQ,2024-06-28,477.403281069795,482.1435762094865,473.4942643131208,474.13751220703125,34881600
AAPL,2024-07-01,210.08735196554287,215.45617219578955,209.91895899194967,214.70335388183594,60402900
MSFT,2024-07-01,440.88808384173325,449.447196335744,437.94005138791704,448.81829833984375,17662800
NVDA,2024-07-01,123.26683813440599,124.6345790000873,118.63447360818265,124.09547424316406,284885500
QQQ,2024-07-01,475.05793318372764,477.4824878396145,471.3171649653183,476.9184265136719,24898300
AAPL,2024-07-02,214.1090169642201,218.29908645117231,213.0689435868198,218.19012451171875,58046200
MSFT,2024-07-02,445.3494309967801,451.6287242891569,445.2609636362825,451.3240966796875,13979800
NVDA,2024-07-02,120.93068040128533,123.20693510758652,120.83084647254137,122.46814727783203,218374000
QQQ,2024-07-02,475.4240826231297,481.98527819601577,475.2954269921551,481.9259033203125,26723600
AAPL,2024-07-03,217.92268618597842,219.4580535888672,216.9618440422543,219.4580535888672,37369800
MSFT,2024-07-03,450.25300481306164,453.03396893483153,449.94837718806366,452.7882995605469,9932800
NVDA,2024-07-03,121.45982152361671,128.0689239501953,121.16031210370706,128.0689239501953,215749000
QQQ,2024-07-03,481.1737429455758,486.0723812066587,481.1737429455758,485.9437255859375,18064900
AAPL,2024-07-05,219.55708698216947,224.3117665065084,219.55708698216947,224.2028045654297,60412400
MSFT,2024-07-05,451.6483951731934,460.2370169877969,451.01949716215944,459.460693359375,16000300
NVDA,2024-07-05,127.17040031042268,128.63799033992214,125.4732006158399,125.62295532226562,214176700
QQQ,2024-07-05,486.7849470721582,491.4460560048313,486.4880424937544,491.0106201171875,28495900
AAPL,2024-07-08,224.9457357840812,225.69856928044194,221.14199799041046,225.66885375976562,59085900
MSFT,2024-07-08,458.4682018620652,459.59830504287737,456.41440936822374,458.16357421875,12962300
NVDA,2024-07-08,127.28020581947078,130.55481479101948,126.83094936680692,127.9890365600586,237677300
QQQ,2024-07-08,491.376753741408,492.73253034096933,490.35744482196145,492.1783447265625,22109400
AAPL,2024-07-09,225.77780318070188,227.23392416937492,224.23253562897796,226.52072143554688,48076100
MSFT,2024-07-09,458.91038601076474,459.23465638604694,450.06628863582495,451.5796203613281,17207200
NVDA,2024-07-09,130.1355144487565,133.59980576329167,128.43829962119838,131.163818359375,285366600
QQQ,2024-07-09,493.6925021081496,494.8107793015075,491.08979257688713,492.6039123535156,25614500
AAPL,2024-07-10,227.13486087511765,230.8791673967792,227.0853299721382,230.7801055908203,62627700
MSFT,2024-07-10,453.2305038870679,458.37972423311413,450.91136946375343,458.1733703613281,18196100
NVDA,2024-07-10,133.80946190177127,134.87770860466375,132.20211043348235,134.68801879882812,248978600
QQQ,2024-07-10,494.5237508797434,498.29420637540426,493.2174734535237,497.7400207519531,28046900
AAPL,2024-07-11,229.2051258414663,230.19568345608255,223.63819688403007,225.42120361328125,64710600
MSFT,2024-07-11,454.96011724981236,456.72892505555905,443.72808871981084,446.82354736328125,23111200
NVDA,2024-07-11,135.52662745493282,135.92596317348227,126.84094609019272,127.19036865234375,374782700
QQQ,2024-07-11,497.8489225363497,498.05673460649984,485.6369961812132,486.82452392578125,49966600
AAPL,2024-07-12,226.7584454352943,230.44332094014862,226.5207061684713,228.36314392089844,53046500
MSFT,2024-07-12,446.45987718044813,448.4547114032981,442.8436310012122,445.6933898925781,16324300
NVDA,2024-07-12,128.04893020829968,131.70291097832524,127.01064833229333,129.02732849121094,252680500
QQQ,2024-07-12,487.3984860685638,494.43468031357077,486.9333627636992,489.68450927734375,37109400
AAPL,2024-07-15,234.24706826366577,234.9899864993383,230.88907844301437,232.18670654296875,62631300
MSFT,2024-07-15,445.44771219074863,449.3391368001631,443.61011000854984,446.0962829589844,14429400
NVDA,2024-07-15,130.34514408452472,131.1737800395054,126.97070905664152,128.2286376953125,208326200
QQQ,2024-07-15,491.45594988459715,495.8103089222989,488.962114418248,491.000732421875,31151400
AAPL,2024-07-16,232.78106107648213,234.03907359612094,230.13627381333595,232.60276794433594,43234300
MSFT,2024-07-16,446.3517811207802,446.43038212668165,438.92274152217504,441.7331848144531,17175700
NVDA,2024-07-16,128.22865593379024,128.82765950066548,124.37500690887067,126.1520767211914,214769500
QQQ,2024-07-16,492.45546558304693,493.2669624935249,488.0318560940838,491.1887512207031,25950600
AAPL,2024-07-17,227.2834515580279,229.2744821236097,224.49998695797876,226.71884155273438,57345900
MSFT,2024-07-17,434.92324477920374,437.14410559537976,431.5723108003405,435.8371276855469,21778000
NVDA,2024-07-17,121.15030105949809,121.64947824360549,116.52792307672573,117.79582977294922,390086200
QQQ,2024-07-17,483.21237345638946,483.72696575198995,476.70067742779014,476.7699279785156,56268800
AAPL,2024-07-18,228.10560948409145,228.26410233218343,220.17124832102243,222.06320190429688,66034600
MSFT,2024-07-18,436.6429610062861,436.94758866304596,426.87514326717604,432.7417297363281,20794800
NVDA,2024-07-18,121.64949865015035,122.19859669151471,116.36820224234275,120.8907470703125,320979500
QQQ,2024-07-18,480.49093325016867,480.6690578747681,471.32702835165105,474.51361083984375,49347400
AAPL,2024-07-19,222.6971648700337,224.65846466815103,221.17169771561296,222.1919708251953,49151500
MSFT,2024-07-19,425.5976305961669,433.49836608097274,424.51667935003445,429.53814697265625,20940400
NVDA,2024-07-19,120.15197829253903,121.39992158102997,117.1768857582078,117.7359619140625,217223800
QQQ,2024-07-19,474.1771324025522,476.690779451391,469.0212128794801,470.3077087402344,42042900
AAPL,2024-07-22,224.86647978572938,225.62921338494564,220.98349573063444,221.8452911376953,48201800
MSFT,2024-07-22,434.13713868906143,436.8984603038917,431.30702244593317,435.2672119140625,15808800
NVDA,2024-07-22,120.15196240961751,123.86584236392231,119.66277083791101,123.33671569824219,258068900
QQQ,2024-07-22,476.16627496100256,478.3335484183621,472.7520687745181,477.3142395019531,40300000
AAPL,2024-07-23,222.25140445670337,224.7971447504236,220.57735968997056,222.88536071777344,39960300
MSFT,2024-07-23,436.21054835742433,440.62279084734524,435.4244183311835,437.14410400390625,13107100
NVDA,2024-07-23,122.57797258109629,124.48483346113822,121.8990911705108,122.3882827758789,173911000
QQQ,2024-07-23,476.41370644097475,479.40235260218805,475.1568979647483,475.63189697265625,23282500
AAPL,2024-07-24,221.88490694575157,222.67735606492835,215.0797809310421,216.47645568847656,61777600
MSFT,2024-07-24,432.82027904039575,433.8324355773718,420.183031900693,421.4703369140625,26805800
NVDA,2024-07-24,118.9739065074374,119.75262181556741,113.25333936427286,114.06200408935547,327776900
QQQ,2024-07-24,468.90248253079744,469.2686376662744,457.7098653963061,458.5708312988281,58818600
AAPL,2024-07-25,216.86276105080302,218.7646448818125,212.59346035218633,215.43637084960938,51391200
MSFT,2024-07-25,421.3721232816147,422.35480083589914,410.2777152857788,411.15228271484375,29943800
NVDA,2024-07-25,112.85398925547956,116.43807811661003,106.12508231687993,112.0952377319336,460067000
QQQ,2024-07-25,458.9073044861217,463.08350861797516,450.9012698036603,453.51385498046875,59256800
AAPL,2024-07-26,216.6349499920164,217.41749898154802,213.9703475571551,215.90194702148438,41601300
MSFT,2024-07-26,410.95572197330205,421.49002544679837,410.04180915234855,417.9032287597656,23583800
NVDA,2024-07-26,115.99880916186419,116.00878722251285,111.3963944118867,112.87395477294922,293399100
QQQ,2024-07-26,457.8483529536498,461.0943100672406,454.9982383756969,458.1650390625,39992100
AAPL,2024-07-29,214.91137828370984,217.22927938341869,213.7127969665886,216.17929077148438,36311800
MSFT,2024-07-29,424.10394408211863,424.66407745687695,417.34314804369717,419.3379821777344,15125800
NVDA,2024-07-29,113.50292255867154,116.08865698961546,111.1168559757427,111.4063720703125,248152100
QQQ,2024-07-29,460.8766312425985,463.05381067459047,456.8290828356766,459.0854187011719,28218500
AAPL,2024-07-30,217.1203409396055,218.24957609355639,214.07932159795172,216.73402404785156,41643800
MSFT,2024-07-30,420.3108034246303,421.6177512482942,410.13024936818454,415.5939636230469,32687600
NVDA,2024-07-30,111.33648541055072,111.80571322284378,102.37126667488353,103.55931091308594,486833300
QQQ,2024-07-30,461.01518280406907,461.7178056143378,449.4365991488919,452.7815246582031,41317200
AAPL,2024-07-31,219.34909118598728,221.70662325926872,218.54674189777583,219.98304748535156,50036300
MSFT,2024-07-31,413.2159000993034,414.4737261342931,405.06949500365346,411.1031494140625,42891400
NVDA,2024-07-31,112.71421539482289,118.1452582531107,110.6975352036146,116.82743072509766,473174200
QQQ,2024-07-31,463.0141989264488,467.8831499165186,461.5693600159238,466.1809997558594,44552100
AAPL,2024-08-01,222.25141811315143,222.36038006072013,214.97082835556836,216.2981719970703,62501000
MSFT,2024-08-01,413.5008583778063,420.05530026736574,405.9342299111822,409.88458251953125,30296400
NVDA,2024-08-01,117.33660563582859,119.9622829008677,106.63424395188704,109.0302963256836,523462300
QQQ,2024-08-01,466.86386133368035,470.61450517713496,451.2476348425809,454.8894348144531,56653900
AAPL,2024-08-02,217.08067881945357,223.4697870434651,215.6542886583774,217.7839813232422,105568600
MSFT,2024-08-02,405.3445889736249,407.8111188309651,397.33577420400843,401.41387939453125,29437900
NVDA,2024-08-02,103.58926418951675,108.54110155423277,101.20319756374683,107.0934829711914,482027500
QQQ,2024-08-02,446.21045588905764,448.86263428021607,439.85707252429887,444.0926513671875,66323200
AAPL,2024-08-05,197.210135996183,211.48407659683002,194.14931622004067,207.2940216064453,119548600
MSFT,2024-08-05,382.4286307082766,394.09300828762184,378.90079195613237,388.3050231933594,40709200
NVDA,2024-08-05,91.90851250035082,103.239842127859,90.5407717150732,100.28470611572266,552842400
QQQ,2024-08-05,420.3021625718776,437.69972643798087,419.05525994795903,430.8515319824219,87483500
AAPL,2024-08-06,203.36145518137582,208.00717221552574,199.1714012418906,205.27322387695312,69660500
MSFT,2024-08-06,393.07100276300895,398.6427974223072,391.59698650264767,392.687744140625,24946500
NVDA,2024-08-06,103.66912407688663,107.53275860175525,100.38454458708775,104.07845306396484,409012100
QQQ,2024-08-06,432.6922358150409,442.4301081222253,430.04993302092026,434.9683532714844,63164400
AAPL,2024-08-07,204.9463646139573,211.62272838414273,204.441185671316,207.83880615234375,63516400
MSFT,2024-08-07,401.5613573427881,402.97638538590667,390.58483621712907,391.5281982421875,20650900
NVDA,2024-08-07,107.6325946135043,108.62097103799087,98.52760658313275,98.74724578857422,411440400
QQQ,2024-08-07,441.85611726701137,444.3400770278095,429.8619088840542,430.25775146484375,54929200
AAPL,2024-08-08,211.097744151489,212.17744837655164,206.8581585633277,211.2958526611328,47161100
MSFT,2024-08-08,395.46871662305415,398.8294567188382,393.0120229903142,395.7143859863281,20203000
NVDA,2024-08-08,101.83215768316434,105.3263983879788,97.3595262295921,104.79727172851562,391910000
QQQ,2024-08-08,436.48245194310226,444.33014311023425,432.61302829327946,443.4197082519531,47890100
AAPL,2024-08-09,210.09728825409005,214.7330909034816,209.96851092003678,214.1981964111328,42201600
MSFT,2024-08-09,397.0312061411671,400.9815590644515,395.2918776876415,398.9867248535156,19276700
NVDA,2024-08-09,105.46617163856445,106.42459107060563,103.2598090475883,104.57763671875,290844200
QQQ,2024-08-09,442.1034582237035,447.36825136339667,440.98518120033026,445.7353820800781,33574000
AAPL,2024-08-12,214.27755355785243,217.68900361003634,213.81145133020567,215.72543334960938,38028100
MSFT,2024-08-12,400.008700380632,401.6792641246606,397.23754263585204,399.7630310058594,16762900
NVDA,2024-08-12,106.14505252549102,110.88723650727509,106.08515369153115,108.84060668945312,325559900
QQQ,2024-08-12,446.70521837827454,449.6542708226285,443.8946670246731,446.6953125,27795000
AAPL,2024-08-13,217.19312608520667,220.04923895369578,217.19312608520667,219.43438720703125,44155300
MSFT,2024-08-13,402.49487016333154,407.7620371122612,402.475227409518,406.83831787109375,19414300
NVDA,2024-08-13,112.25498209343158,116.03874655153282,111.39639661656214,115.94889068603516,312646700
QQQ,2024-08-13,451.08929276754145,458.0463309110078,450.9507312570199,457.77911376953125,40084500
AAPL,2024-08-14,218.7401920302427,221.1797757696837,217.87739912826086,219.88064575195312,41960600
MSFT,2024-08-14,407.6146635587636,410.4840953956977,405.3053951498375,409.63897705078125,18267000
NVDA,2024-08-14,118.33496818813165,118.40485270467185,113.88230763624145,117.88571166992188,339246400
QQQ,2024-08-14,458.6994548040249,460.28282498699116,453.6424734145616,457.92755126953125,34733700
AAPL,2024-08-15,222.73677426147512,223.48055242779947,220.9120269929499,222.85577392578125,46414000
MSFT,2024-08-15,413.27153919674845,414.56116454959863,411.16483466760724,414.482421875,20752100
NVDA,2024-08-15,118.56457753138926,123.03720123653866,117.27669936691132,122.65782928466797,318086700
QQQ,2024-08-15,463.89498501162524,469.8920888985799,463.5189240086724,469.4962463378906,38280600
AAPL,2024-08-16,222.06242392047724,224.94828705065606,221.79465952380943,224.1747589111328,44340200
MSFT,2024-08-16,414.0590689533352,414.787551271532,410.81037069045954,411.9621887207031,22775600
NVDA,2024-08-16,121.73935978002291,124.79432235385619,120.98060816739599,124.37501525878906,302589900
QQQ,2024-08-16,467.71489267478665,471.46556648913753,466.75495864422777,470.0998840332031,38383600
AAPL,2024-08-19,223.84747960195193,224.115243980586,221.18970440160442,224.0160675048828,40687800
MSFT,2024-08-19,412.4446299731582,415.19125033166955,409.9835081573214,414.97467041015625,15234000
NVDA,2024-08-19,124.07548340044629,129.78607177734375,123.21689800857207,129.78607177734375,318333600
QQQ,2024-08-19,470.23847926625564,476.31473980211405,468.4571423782289,476.275146484375,23737700
AAPL,2024-08-20,223.89708417115403,225.2854641390349,223.57973153152028,224.6309356689453,30299000
MSFT,2024-08-20,415.14205004692775,419.2373304106215,415.08298552534507,418.1938171386719,16387600
NVDA,2024-08-20,128.18872055728244,129.66629628755138,125.6828560733908,127.04061889648438,300087400
QQQ,2024-08-20,475.36469707718084,477.92781315701507,473.5833602435094,475.275634765625,29209300
AAPL,2024-08-21,224.64086539349128,226.08874521756795,223.18305884166446,224.5218505859375,34765500
MSFT,2024-08-21,417.48500333716095,419.76893159636126,415.1617187597954,417.5440979003906,16067300
NVDA,2024-08-21,127.11051541152283,129.13718177592708,126.45160529458104,128.28857421875,257883600
QQQ,2024-08-21,476.0574377854446,479.3429886019987,474.34541182084484,477.4924011230469,25658800
AAPL,2024-08-22,225.90029338876204,226.4457337259973,222.04256465043304,222.66734313964844,43695300
MSFT,2024-08-22,417.7606059891525,420.1528389914807,408.1622318516386,409.0876159667969,19361900
NVDA,2024-08-22,129.80605728559254,130.5348518103843,122.89743830728821,123.53638458251953,376189100
QQQ,2024-08-22,479.8080927390778,480.50083988140653,468.89256861321644,469.9217834472656,37739600
AAPL,2024-08-23,223.78797197411373,226.32673228874265,222.46900358067504,224.9581756591797,38677300
MSFT,2024-08-23,410.4954277824997,412.73996960606866,405.6814592418378,410.3083801269531,18493800
NVDA,2024-08-23,125.65290085977209,129.38675225949072,125.01395457447234,129.15711975097656,323230300
QQQ,2024-08-23,474.2661580883122,477.72983304685914,470.34726573430817,475.0182800292969,36061500
AAPL,2024-08-26,224.87883517993083,225.39452559231563,222.0326490158817,225.29534912109375,30602200
MSFT,2024-08-26,409.89487877847426,410.7907306533513,404.94310328054127,407.0596618652344,13152800
NVDA,2024-08-26,129.35679802537265,131.04400430992783,124.16535012958609,126.25190734863281,331964700
QQQ,2024-08-26,474.4740065086699,475.3943471900069,468.3284356861568,470.4066467285156,27452600
AAPL,2024-08-27,224.1251322421701,226.95149505120298,223.0243400581704,226.13829040527344,35934600
MSFT,2024-08-27,406.43952621400086,407.91619944694173,403.87012920932085,407.404296875,13492900
NVDA,2024-08-27,124.84426014055718,128.98742611377176,123.67617933536566,128.0889129638672,303134600
QQQ,2024-08-27,468.77377514358506,472.8806980164579,466.81431385011683,471.8119201660156,27510000
AAPL,2024-08-28,226.02921369079436,227.95312221094204,223.80779089178384,224.611083984375,38052200
MSFT,2024-08-28,408.4280692350888,408.5461982686738,400.97578558888256,404.2146301269531,14882700
NVDA,2024-08-28,127.90917706049713,128.118838213882,122.43819852070378,125.40331268310547,448101100
QQQ,2024-08-28,471.346801146548,472.0692054646564,463.0339871430499,466.45806884765625,37372400
AAPL,2024-08-29,228.19113851748892,230.98773644426686,226.98125820388418,227.88369750976562,51906300
MSFT,2024-08-29,408.48716903331825,415.4865852646763,404.2146650393698,406.6954650878906,17045200
NVDA,2024-08-29,121.16030028839229,124.22524823697073,116.51795043355128,117.39649963378906,453023300
QQQ,2024-08-29,468.36807210677364,472.9698061378377,464.4986483367516,465.7752685546875,41081500
AAPL,2024-08-30,228.28038060324323,228.4886300006117,225.59285569982603,227.10025024414062,52990800
MSFT,2024-08-30,409.1368642535232,410.99745657650817,405.7208262421071,410.6529235839844,24308300
NVDA,2024-08-30,119.33330911013266,121.54965726206557,117.02711271158417,119.17357635498047,333751600
QQQ,2024-08-30,470.1098112366977,471.9504927515124,465.626826998042,471.3270263671875,33466500
AAPL,2024-09-03,226.65401607692846,227.1002799762046,219.33523365285652,220.92196655273438,50190600
MSFT,2024-09-03,411.4109125689516,413.35027748692255,400.7001071362785,403.0726318359375,20313600
NVDA,2024-09-03,115.81910218205195,116.01877002584149,107.11345013644421,107.82228088378906,477155100
QQQ,2024-09-03,468.2888929130331,468.41751833575614,454.64200434968836,457.01708984375,44985200
AAPL,2024-09-04,219.82116129878526,219.94016096302124,215.67582978550038,219.01788330078125,43840200
MSFT,2024-09-04,399.59758459335677,404.8446830658677,398.0815251485243,402.54107666015625,15135800
NVDA,2024-09-04,105.2365459269591,113.0836048738263,103.94866777615402,106.03522491455078,372470300
QQQ,2024-09-04,453.9097213390106,459.6297325855357,452.9794746829276,455.8295593261719,32505100
AAPL,2024-09-05,219.79142381839864,223.60947620664672,219.68233574260833,220.5352020263672,36615400
MSFT,2024-09-05,401.28095677141835,406.67574622741506,399.8141378862011,402.03900146484375,14195500
NVDA,2024-09-05,104.817243866478,109.4695798052194,104.58762658147727,107.0335922241211,306850700
QQQ,2024-09-05,454.20654233941235,460.5302074808422,453.18723348934816,456.25506591796875,34452400
AAPL,2024-09-06,222.0921370424939,223.37144384512357,217.9468210396507,218.9881134033203,48423000
MSFT,2024-09-06,402.6985610672717,404.26383081056673,394.5670056307313,395.4530334472656,19609500
NVDA,2024-09-06,107.86221523834789,107.97203483673319,100.78387825686288,102.6607894897461,413638100
QQQ,2024-09-06,455.55247378914544,456.43325146305574,443.53848390385747,444.0332946777344,50624400
AAPL,2024-09-09,218.98812757352732,219.4343914347755,214.91222272734436,219.07737731933594,67180000
MSFT,2024-09-09,400.90684301767806,402.294919165343,395.8960031892495,399.4104919433594,15295100
NVDA,2024-09-09,104.70742729494984,106.37468525920494,103.51939050506496,106.29481506347656,273912000
QQQ,2024-09-09,448.35791362802206,450.73299918390046,445.15154963762876,449.7433776855469,32981200
AAPL,2024-09-10,217.1038662465979,219.6426263973432,214.93203178151688,218.28399658203125,51591000
MSFT,2024-09-10,401.8519446669211,409.8554868302287,401.3597203496137,407.7586364746094,19594300
NVDA,2024-09-10,107.63258781478571,109.21997530676359,104.77729355808466,107.92211151123047,268283700
QQQ,2024-09-10,451.5049437765593,454.4045579828943,447.5365817441025,453.89984130859375,29680300
AAPL,2024-09-11,219.62280899168329,221.23927647566495,216.0824178921796,220.81285095214844,44587100
MSFT,2024-09-11,409.03846009013733,417.39642045511704,403.2105102076021,416.4612121582031,19266900
NVDA,2024-09-11,109.20999835891277,116.99716652085532,107.24323877137772,116.7176284790039,441422400
QQQ,2024-09-11,455.13684408962206,464.4986553607296,446.5964054047374,463.7564392089844,57843000
AAPL,2024-09-12,220.65420216028613,221.6954946800681,217.99644195502805,220.92196655273438,37455600
MSFT,2024-09-12,416.72697057085117,420.7238298297295,413.2223356546228,420.3595886230469,17395700
NVDA,2024-09-12,116.6577172050991,120.60155948017247,115.19999582839206,118.95413208007812,366052700
QQQ,2024-09-12,463.7861380430132,469.12021274769836,462.004831315396,468.3087158203125,40067800
AAPL,2024-09-13,221.72521710949164,222.18139254741286,220.06907298412548,220.6541748046875,36766600
MSFT,2024-09-13,419.2078129966604,425.1145057080557,418.8435717530032,423.893798828125,15874600
NVDA,2024-09-13,118.8942191250157,119.77284345041441,117.41652479583126,118.9141845703125,238358300
QQQ,2024-09-13,467.5763439362279,471.584298645824,467.34872013511097,470.4066467285156,29111800
AAPL,2024-09-16,214.7436126542421,215.41797935337752,212.14535259122513,214.52545166015625,59357400
MSFT,2024-09-16,423.90362815097126,426.7880557127787,421.5606353721957,424.6321105957031,13834700
NVDA,2024-09-16,116.60778773961486,117.9956184829638,114.18157866716109,116.5978012084961,248772300
QQQ,2024-09-16,468.2790222139315,468.94205173790556,465.0132831893614,468.3284912109375,22585600
AAPL,2024-09-17,213.96021129330612,215.10066523109435,212.72058086866357,214.9915771484375,45519300
MSFT,2024-09-17,433.38382833136643,434.9786302945307,425.5475956574911,428.3828125,18874200
NVDA,2024-09-17,117.98564481894722,118.61466685067687,114.65085910577872,115.40966796875,231925900
QQQ,2024-09-17,471.3468556724097,472.64325748454945,466.082061787513,468.5758972167969,30084400
AAPL,2024-09-18,215.745241460142,220.86243852013078,215.7353147340035,218.85919189453125,59894900
MSFT,2024-09-18,428.235163297131,429.249144206207,423.7165475930165,424.1103210449219,18898000
NVDA,2024-09-18,115.70919560695407,117.51636932909096,113.04336298957726,113.19313049316406,310318900
QQQ,2024-09-18,469.7733560531388,473.8604676353551,465.9434953333067,466.54718017578125,39909200
AAPL,2024-09-19,223.12354184254357,227.91347512552952,222.76652771175563,226.97134399414062,66781300
MSFT,2024-09-19,434.36830593406904,434.63409626466625,430.1056262859268,431.8677978515625,21706600
NVDA,2024-09-19,117.16691844656921,119.47331975028854,117.06707598202318,117.68611145019531,293506400
QQQ,2024-09-19,477.6011982117997,481.1836532649459,475.50320554918557,478.3434143066406,52782500
AAPL,2024-09-20,228.06223610833695,231.15634864169297,225.73172498083707,226.30691528320312,318679900
MSFT,2024-09-20,430.42066355244185,432.4092391189892,427.4673174405253,428.5009765625,55167100
NVDA,2024-09-20,116.87736694059126,118.43493829364436,115.2099742116256,115.81902313232422,382462400
QQQ,2024-09-20,477.4825134329736,478.6700714266331,473.33599653623736,477.43304443359375,34577700
AAPL,2024-09-23,225.45401003818398,227.54650632766106,223.93670395169437,224.5912322998047,54146000
MSFT,2024-09-23,427.52641684805,429.6725079875257,423.6969266994437,426.7684020996094,15128900
NVDA,2024-09-23,116.36817703420066,116.80748542405605,114.68081111279044,116.07862854003906,206228500
QQQ,2024-09-23,478.60932938150205,479.78863625808964,477.2714569319046,478.6985168457031,24843000
AAPL,2024-09-24,226.75314473243895,227.44734973367454,223.85737047004787,225.4837646484375,43556100
MSFT,2024-09-24,426.2662748026867,426.61083784634445,419.4735849772464,422.495849609375,17015800
NVDA,2024-09-24,116.33820757520982,121.60997636399935,115.19998675947464,120.68142700195312,354966800
QQQ,2024-09-24,480.10574366251944,481.9589315670274,475.85432326157445,481.007568359375,25952600
AAPL,2024-09-25,223.06402418257602,225.40444676008957,222.1615848378298,224.49208068847656,42308700
MSFT,2024-09-25,423.14556440453987,426.384408985251,421.9051794925785,425.3901062011719,13396400
NVDA,2024-09-25,121.82963321276459,124.74508350925583,121.42027681497308,123.31731414794922,284692900
QQQ,2024-09-25,480.3832116885974,483.40581684032236,480.2048367630411,481.4535217285156,26549900
AAPL,2024-09-26,225.41436171300208,226.60440369502516,223.54004142995942,225.63253784179688,36636700
MSFT,2024-09-26,428.32378449228514,428.5305103087993,422.45647860828996,424.6025695800781,14492000
NVDA,2024-09-26,126.60217747362803,127.47081527785902,121.6099781665842,123.84648132324219,302582900
QQQ,2024-09-26,488.935650492815,489.26270143246154,481.4336813987619,485.0707092285156,32020200
AAPL,2024-09-27,226.5647695239617,227.61597365379234,225.41438891191032,225.9003143310547,34026000
MSFT,2024-09-27,424.80927883764434,425.1341637224931,420.8222737453315,421.36370849609375,14896100
NVDA,2024-09-27,123.7765997601264,123.83650371853182,119.07394858799772,121.21060943603516,271009200
QQQ,2024-09-27,486.091478815064,486.2302350383357,481.19587618082716,482.37518310546875,22851100
AAPL,2024-09-30,228.13162655878588,231.06707763671875,227.74486252768645,231.06707763671875,54541900
MSFT,2024-09-30,421.5507517579481,423.7264049247719,418.7549211722127,423.6082458496094,16807300
NVDA,2024-09-30,118.1254274144435,121.31045327548797,117.96568098439478,121.25054931640625,226553700
QQQ,2024-09-30,481.41386237049977,484.020229062973,478.5795822480605,483.68328857421875,30281100
AAPL,2024-10-01,227.6159583693189,227.74486962890148,221.88390914906273,224.3334197998047,63285000
MSFT,2024-10-01,421.78703621784,421.81656847562806,412.2969368087723,414.147705078125,19092900
NVDA,2024-10-01,121.58001370293499,122.24897417258154,115.60934783662292,116.81745910644531,302094500
QQQ,2024-10-01,483.31662795419345,483.6139194959118,473.1091848680393,476.94439697265625,42735400
AAPL,2024-10-02,224.0160654907427,225.48378349827837,221.16987922367838,224.898681640625,32880600
MSFT,2024-10-02,416.0082934736332,416.2445815766932,410.22958475813624,410.64306640625,16582300
NVDA,2024-10-02,116.25834508658102,119.19375323018366,114.96037016184738,118.66458129882812,221845900
QQQ,2024-10-02,476.0425807215539,479.530962836938,473.42632437830656,477.6183166503906,23744000
AAPL,2024-10-03,223.2722952944607,224.92843958391967,221.46740141968138,223.7978973388672,34044200
MSFT,2024-10-03,411.1353013004486,413.02542591560956,407.84724636027164,410.062255859375,13686400
NVDA,2024-10-03,120.73135113827638,124.16598683922703,120.15225416683853,122.65834045410156,277118000
QQQ,2024-10-03,475.42815712622803,480.19492312784206,474.6848980169124,477.26153564453125,25337200
AAPL,2024-10-04,226.00935295352124,226.1085294140403,222.27063948076494,224.91848754882812,37245100
MSFT,2024-10-04,411.73584330216534,413.22237055628017,408.51670664481577,409.5897521972656,19169700
NVDA,2024-10-04,124.7450859792245,124.84492844767553,121.63993722019764,124.72511291503906,243678100
QQQ,2024-10-04,483.0688998990654,483.4950278786583,478.0543806808698,482.9400634765625,30686600
AAPL,2024-10-07,222.63757729885364,223.81770763530983,219.49387702101052,219.85089111328125,39505400
MSFT,2024-10-07,409.5306419831522,410.6233655735784,402.6395013728588,403.1711120605469,20919800
NVDA,2024-10-07,124.79500006476454,130.43618698242878,124.7550615549546,127.52074432373047,346250200
QQQ,2024-10-07,481.0274369696279,482.19682413323716,476.548042370329,477.7669982910156,24975100
AAPL,2024-10-08,222.43925780658088,224.10531361949606,221.3979653574062,223.89706420898438,31855700
MSFT,2024-10-08,404.50993429186275,409.19591936395466,401.82240877121177,408.26068115234375,19229300
NVDA,2024-10-08,130.0567764001493,133.27175410957346,129.2180905372518,132.68267822265625,285722500
QQQ,2024-10-08,480.30397136476074,485.5860530274448,479.50125391077506,484.9022521972656,28272000
AAPL,2024-10-09,223.36153007501719,227.84403724277382,222.96485445261254,227.63577270507812,33591100
MSFT,2024-10-09,409.3928325735408,413.8425600403991,407.857094965171,410.96795654296875,14974300
NVDA,2024-10-09,133.9007678130665,134.31013180466115,131.17503131034326,132.4430389404297,246191600
QQQ,2024-10-09,484.6049568617026,489.29245536882917,483.5644061682119,488.7176513671875,24995000
AAPL,2024-10-10,225.89039642732237,227.59612897487835,225.28545621996582,227.1399383544922,28183500
MSFT,2024-10-10,408.77263914925425,410.859665558973,406.7249690560659,409.3731384277344,13848400
NVDA,2024-10-10,131.70420101079952,134.78937641455914,130.79561711338704,134.59967041015625,242311300
QQQ,2024-10-10,486.43836809249575,490.02582759216244,485.1302246664413,488.1627197265625,25750400
AAPL,2024-10-11,227.39775944467098,227.50684750397573,225.45401269675094,225.6622772216797,31759200
MSFT,2024-10-11,409.66854006802475,410.6431347710615,406.82346860139154,409.8457336425781,14144900
NVDA,2024-10-11,133.80094550922416,135.56818866211125,133.45150063299445,134.5897216796875,170209500
QQQ,2024-10-11,486.32927332481586,489.94649172199814,485.7644194068518,488.92572021484375,20644500
AAPL,2024-10-14,226.80274288926017,229.8076053434174,226.70358155060512,229.3811798095703,39882100
MSFT,2024-10-14,411.2731366880873,417.4456494762865,411.0270245046469,412.6218566894531,16653100
NVDA,2024-10-14,136.25710420849128,139.38222619629536,136.08737124143596,137.8546142578125,232347700
QQQ,2024-10-14,491.3140720656338,494.34656675942244,490.8086764455291,493.0285339355469,26060100
AAPL,2024-10-15,231.67201972311165,235.51983687729248,230.44230106244424,231.9100341796875,64751400
MSFT,2024-10-15,415.61453317923247,415.9098858066577,408.80216519233556,412.22802734375,18900200
NVDA,2024-10-15,137.654906403531,138.3538265330219,128.5391603262797,131.3946990966797,377831000
QQQ,2024-10-15,493.3555385326402,494.0195299441258,484.2877839012804,486.43829345703125,34784500
AAPL,2024-10-16,229.67870875165642,230.19438406287304,227.9332995992129,229.85720825195312,34082200
MSFT,2024-10-16,408.7135954364056,409.88506179410496,404.0965284555642,409.6488037109375,15508900
NVDA,2024-10-16,133.7709642153392,136.40684475827754,131.37471471629812,135.5082550048828,264879700
QQQ,2024-10-16,486.76530407206735,487.27072990851434,483.18776499565604,486.49774169921875,22996800
AAPL,2024-10-17,231.49350124327563,231.91003031839952,228.60765355789445,230.22412109375,32993800
MSFT,2024-10-17,415.79177751966756,415.92961477123424,409.12707001088165,410.239501953125,14820000
NVDA,2024-10-17,139.12262899690117,140.6702140778628,136.65648092397825,136.7163848876953,306435900
QQQ,2024-10-17,491.97807225486406,492.02761076485535,486.7752584875692,486.834716796875,27210700
AAPL,2024-10-18,234.2206797118992,234.2206797118992,232.0686835146529,233.05047607421875,46431500
MSFT,2024-10-18,410.6529471112624,413.12389293089865,409.78662744422246,411.6570739746094,17145300
NVDA,2024-10-18,138.45365135367973,138.68328825202838,137.06582057977474,137.78469848632812,176090200
QQQ,2024-10-18,489.61949922818457,491.11593737118017,488.86632025661703,490.02581787109375,25335000
AAPL,2024-10-21,232.5050756862118,234.88517514263293,232.5050756862118,234.5182342529297,36254500
MSFT,2024-10-21,409.6487883889798,412.44461909285747,407.31564977599334,412.2674255371094,14206100
NVDA,2024-10-21,137.91449801128798,143.4857940673828,137.78469595874105,143.4857940673828,264554500
QQQ,2024-10-21,488.81674495745733,491.7699720639436,486.894178959246,490.9672546386719,30336500
AAPL,2024-10-22,231.94970749678197,234.2603802258017,230.67041566655348,233.9033660888672,38846600
MSFT,2024-10-22,411.9819473916582,423.88392916296095,411.53896348036403,420.8616943359375,25482200
NVDA,2024-10-22,142.6870654207542,144.19470435057536,141.55882333477078,143.36599731445312,226311600
QQQ,2024-10-22,488.301460782079,492.9790396580823,487.5482818189782,491.5024108886719,26685800
AAPL,2024-10-23,232.13813805749322,233.18934216580075,225.8705597881939,228.84567260742188,52287000
MSFT,2024-10-23,424.15957703194096,424.3761569602065,415.95913210482394,417.9969482421875,19654400
NVDA,2024-10-23,141.80843319617813,142.20780310560568,137.2455702792771,139.34228515625,285930000
QQQ,2024-10-23,489.1536769704334,489.80774860991164,480.69042485410046,483.9706726074219,39346600
AAPL,2024-10-24,228.0721400698136,228.9051831435476,226.51517225997247,228.65725708007812,31109500
MSFT,2024-10-24,418.71552307399537,419.3554387186423,415.8310957950025,418.1248779296875,13581600
NVDA,2024-10-24,140.6003124972593,141.12948441968888,138.2439937495604,140.19094848632812,172354900
QQQ,2024-10-24,487.68697675640317,488.56899209054706,485.0409912405532,487.8951110839844,22024900
AAPL,2024-10-25,227.83410560105818,231.2852316353655,227.66551771976023,229.49024963378906,38802300
MSFT,2024-10-25,420.1233311665373,425.7937351729216,419.9362835126177,421.49169921875,16899100
NVDA,2024-10-25,140.71013437273555,143.90515439009727,140.5803475394567,141.31918334960938,205122100
QQQ,2024-10-25,490.6897586206183,495.7835452221233,489.9861182359376,490.8681335449219,38762100
AAPL,2024-10-28,231.38442210065006,232.78271346714027,230.62080565968694,231.4637451171875,36087100
MSFT,2024-10-28,424.9470943239702,425.2227387354677,419.6704341057476,419.9559326171875,14882400
NVDA,2024-10-28,142.77690797567064,142.9166889544992,139.83151327072179,140.30078125,173586700
QQQ,2024-10-28,493.9799130042475,494.0393713144082,490.65012666208736,490.9474182128906,20477800
AAPL,2024-10-29,231.16627329542206,232.38606532055925,230.39274516902225,231.73153686523438,35417200
MSFT,2024-10-29,421.3440208086144,426.43363353122214,419.17822176857095,425.23260498046875,17644100
NVDA,2024-10-29,140.0711235834401,142.0380513591214,138.68329276437913,141.02963256835938,157593600
QQQ,2024-10-29,491.2645459528903,496.84394921613693,489.4113580647336,495.6646423339844,28014100
AAPL,2024-10-30,230.68030356750913,231.53316974412917,227.64569128136466,228.19113159179688,47070900
MSFT,2024-10-30,430.6372355196224,431.68074872313076,425.3802831426112,425.8035888671875,29749100
NVDA,2024-10-30,139.32228929215535,140.1110653014331,136.59655278062618,139.1226043701172,179418100
QQQ,2024-10-30,494.9015965333086,495.8529597761459,491.43305383710356,491.91864013671875,29756000
AAPL,2024-10-31,227.43742665071557,227.92336713292326,223.5003599556127,224.035888671875,64370100
MSFT,2024-10-31,408.9005934690843,409.6881704469,399.9814907408766,400.0307312011719,53971000
NVDA,2024-10-31,137.38534807029694,137.39532698555524,131.9039070664443,132.55288696289062,270039600
QQQ,2024-10-31,487.95455288391236,488.004091392637,479.4021134423859,479.501220703125,41245200
AAPL,2024-11-01,219.1368672842602,223.4805363045207,218.44267740554844,221.06077575683594,65276700
MSFT,2024-11-01,402.6493843637014,409.0384470027673,401.162857168779,403.98822021484375,24230400
NVDA,2024-11-01,134.48984636430032,137.09577501351765,134.36005954202903,135.18875122070312,207127800
QQQ,2024-11-01,481.1363651731337,486.3391785967361,480.83907364624326,483.04901123046875,33655800
AAPL,2024-11-04,219.15668564471403,220.94174084677013,217.88730565861934,220.168212890625,44944500
MSFT,2024-11-04,403.42703719981586,404.0374205874987,399.26283871579096,402.1078796386719,19672300
NVDA,2024-11-04,136.9959472521015,138.74321710094807,135.3585064031532,135.83775329589844,187528200
QQQ,2024-11-04,482.4445631601672,484.9815519553387,479.8976545652101,481.641845703125,23291600
AAPL,2024-11-05,219.9600075033543,222.0921656056809,219.30547906118858,221.5963134765625,28111300
MSFT,2024-11-05,402.0192756499378,408.4477238969609,401.7337771398714,405.06121826171875,17626000
NVDA,2024-11-05,137.2355428961246,140.1509851869076,137.11573499930586,139.69171142578125,160537400
QQQ,2024-11-05,483.2274099331328,488.450063211135,483.13822247067543,487.78607177734375,24353600
AAPL,2024-11-06,220.76330266490965,224.19460632288448,219.35508432478574,220.8723907470703,54561100
MSFT,2024-11-06,406.0063886343775,413.91151132234825,404.1359118739042,413.64569091796875,26681800
NVDA,2024-11-06,142.73699820170938,146.26149040756812,141.73855813806702,145.3828582763672,242043900
QQQ,2024-11-06,496.0610489877298,501.8584762261197,495.10968577343385,501.0359191894531,43082200
AAPL,2024-11-07,222.76650205936048,225.98954046008802,222.70700223311508,225.5928497314453,42137700
MSFT,2024-11-07,414.7285393416903,420.2119257079772,413.35031719618456,418.8139953613281,19901800
NVDA,2024-11-07,146.1616297903136,148.69766066609404,145.9419717733186,148.6477508544922,207323300
QQQ,2024-11-07,503.83059051968576,509.7073157816337,503.77113220784673,508.92437744140625,32853100
AAPL,2024-11-08,225.5332770864524,227.0125473442273,224.7787582103861,225.32479858398438,38328800
MSFT,2024-11-08,418.7057298172818,419.8673720771894,415.2207729945687,415.9689636230469,16891400
NVDA,2024-11-08,148.53787885494532,149.53631855776948,146.03178545046896,147.399658203125,175665800
QQQ,2024-11-08,508.4288323181187,510.29193992816494,507.8044898484447,509.51898193359375,22924500
AAPL,2024-11-11,223.37895863100835,224.07391236142266,219.90417483008153,222.614501953125,42005600
MSFT,2024-11-11,415.9492425000552,418.2036383732599,409.530647967578,411.5093994140625,24503300
NVDA,2024-11-11,148.44803352101476,148.6177817068004,143.3460203778287,145.0333709716797,182325600
QQQ,2024-11-11,510.7379273428509,510.94606166969805,506.3279414175583,509.2217102050781,24167500
AAPL,2024-11-12,222.93220374351736,223.9647042645822,221.7507748273854,222.614501953125,40398300
MSFT,2024-11-12,411.7456911405818,417.8394313280264,410.7120319666306,416.45135498046875,19401200
NVDA,2024-11-12,146.55101593198214,149.4165337385062,145.7822128979203,148.05865478515625,198634700
QQQ,2024-11-12,509.1523347344934,510.0342895835151,505.24771417717085,508.3000183105469,25835300
AAPL,2024-11-13,222.39607398240116,225.0170530189228,221.15507983350162,223.49807739257812,48566200
MSFT,2024-11-13,415.0829505962656,422.65333320998997,411.70626883397995,418.58758544921875,21502200
NVDA,2024-11-13,148.83744386134128,149.09703275189045,145.6723759576151,146.04180908203125,191903300
QQQ,2024-11-13,507.7946721174008,510.3514400261562,505.36668014613633,507.64599609375,24567400
AAPL,2024-11-14,223.39881774279925,227.22107081675753,223.37895759377815,226.5757598876953,44923900
MSFT,2024-11-14,418.39068982634956,421.51140536702854,413.4684464166278,420.2513122558594,30246900
NVDA,2024-11-14,147.40965302668107,148.76753177848803,145.32291747893564,146.53102111816406,194463300
QQQ,2024-11-14,507.30904134011206,508.1811066415075,503.2062364575977,504.11798095703125,28679500
AAPL,2024-11-15,224.76884409236825,225.28510187679902,222.65420045885568,223.37893676757812,47923700
MSFT,2024-11-15,413.2912534776132,416.2248913266483,407.2073678244848,408.54620361328125,28247600
NVDA,2024-11-15,144.6439744081883,145.0134075079149,139.86145428913719,141.75848388671875,250132900
QQQ,2024-11-15,498.4196764454938,498.8061554755535,490.0456112891242,492.10693359375,51461100
AAPL,2024-11-18,223.62713486361545,228.08479108540536,223.54770942404784,226.37718200683594,44633700
MSFT,2024-11-18,408.4182293083614,411.8933320342017,405.6913172118432,409.2944030761719,24727000
NVDA,2024-11-18,139.28237084466085,141.3291757571169,136.93603090489682,139.9313507080078,221205300
QQQ,2024-11-18,493.65285128763077,497.62681939854133,492.26544042699135,495.5258483886719,27080800
AAPL,2024-11-19,225.34466282087314,228.50175961033486,225.02697621656037,226.6352996826172,36211800
MSFT,2024-11-19,406.6855735772408,411.4404774532615,405.149836063281,411.2928161621094,18133500
NVDA,2024-11-19,141.0995149233474,146.90044752125365,140.77002797265112,146.78062438964844,227834900
QQQ,2024-11-19,492.94927544853863,499.4205835584643,492.612304704476,498.9349670410156,24523000
AAPL,2024-11-20,226.4168829534927,228.27340522879027,224.26251907255318,227.35011291503906,35169600
MSFT,2024-11-20,410.38713903081657,410.8006207181085,404.19494808048387,409.0285949707031,19191700
NVDA,2024-11-20,147.18001681813428,147.3297766964244,142.50731056070873,145.66238403320312,309871700
QQQ,2024-11-20,498.63769372570533,498.9548248827178,492.0970072679585,498.6476135253906,29565500
AAPL,2024-11-21,227.230987838277,228.50176458087773,224.0838286281757,226.8735809326172,42108300
MSFT,2024-11-21,413.80287334750346,414.07906953202513,404.717960528392,407.2629089355469,20780200
NVDA,2024-11-21,149.11701974284432,152.65149063112756,140.4805046221909,146.44119262695312,400946600
QQQ,2024-11-21,501.68996941164187,502.4034993526954,493.08799140909434,500.4413146972656,34526700
AAPL,2024-11-22,226.4168797117104,229.05771868234922,226.4168797117104,228.21383666992188,38168300
MSFT,2024-11-22,405.7832472742104,411.73135363774225,405.4774597411712,411.3367919921875,24814600
NVDA,2024-11-22,145.70233282975542,146.93042492260167,140.8798813363258,141.72854614257812,236406200
QQQ,2024-11-22,499.8863672514566,501.9773883931018,498.2610927916357,501.2440490722656,23826600
AAPL,2024-11-25,229.79238523732437,231.56948199204686,228.0847762696763,231.1922149658203,90152800
MSFT,2024-11-25,412.69810354496985,415.36141754143,409.2160446876401,413.1025390625,27691100
NVDA,2024-11-25,141.76847182265374,141.82837577269152,135.60810012239304,135.8077850341797,344941900
QQQ,2024-11-25,505.3171131868859,506.8532002381663,499.727820122481,502.036865234375,26375200
AAPL,2024-11-26,231.64890834638587,233.8727750720934,231.64890834638587,233.36643981933594,45986200
MSFT,2024-11-26,413.8916059444426,423.21327891734404,413.16166540924917,422.1775207519531,23458900
NVDA,2024-11-26,137.4851722903331,139.08268223719327,135.45834049580736,136.70639038085938,190287700
QQQ,2024-11-26,503.51346597969416,505.5549789384047,502.6711298031389,504.732421875,26557100
AAPL,2024-11-27,232.78071887838198,233.99193037541463,232.125470334311,233.23739624023438,33498400
MSFT,2024-11-27,419.33662612341953,421.427859986681,416.2885945934304,417.24542236328125,18332400
NVDA,2024-11-27,134.7993734587721,137.00593247284488,131.59438972010054,135.1288604736328,226370900
QQQ,2024-11-27,503.6026837920866,503.6720316612962,497.41874708868886,500.7584533691406,24957400
AAPL,2024-11-29,233.11826871739834,236.09665470361549,232.28432427698263,235.6201171875,28481400
MSFT,2024-11-29,414.384787411828,419.1097432305611,412.1258792913512,417.7090148925781,16271900
NVDA,2024-11-29,136.56660913585418,139.1326070072914,135.83775227020575,138.03431701660156,141863200
QQQ,2024-11-29,501.38275454356886,505.7531216213566,500.7683318681806,505.15850830078125,15334000
AAPL,2024-12-02,235.56052304560976,239.05515126765505,235.45131496686756,237.86380004882812,48137100
MSFT,2024-12-02,415.84474493949193,427.1195090506518,415.58826631722377,425.126953125,20207200
NVDA,2024-12-02,138.6134117376161,140.23087948399635,137.60499293345052,138.41372680664062,171682800
QQQ,2024-12-02,506.4171600748149,511.6199741872277,506.03065079539806,510.6586608886719,25147200
AAPL,2024-12-03,238.0822139315433,241.01095673492534,237.17876666593097,240.90174865722656,38861000
MSFT,2024-12-03,424.00241788094525,426.5967051479557,421.93093157664276,425.3439636230469,18302000
NVDA,2024-12-03,138.04430354930304,140.32074544201365,137.73478959893222,140.0411834716797,164414000
QQQ,2024-12-03,509.33074852467934,512.5019997630951,508.755944494111,512.2244873046875,18597900
AAPL,2024-12-04,241.12017980186528,242.35125137710352,239.51185632927692,241.25917053222656,44383900
MSFT,2024-12-04,427.1490673141917,433.69890467425466,426.75450568960144,431.4794616699219,26009400
NVDA,2024-12-04,141.77844351730124,145.56252344018102,140.07110485324333,144.91354370117188,231224300
QQQ,2024-12-04,515.6434895026028,518.8147407281132,514.9299292457346,518.5570678710938,26086200
AAPL,2024-12-05,242.23210799536452,242.77813324010052,240.3855083044983,241.2889404296875,40033900
MSFT,2024-12-05,431.9727342727058,438.62119043191433,430.2465005729482,436.60888671875,21697800
NVDA,2024-12-05,144.89360218968224,146.32146235801875,143.73532840807314,144.8436737060547,172621200
QQQ,2024-12-05,518.6066356126173,519.330055223799,516.7336078801881,517.1201171875,18169600
AAPL,2024-12-06,241.15989600483465,242.86750503393802,240.33587413565135,241.09039306640625,36870600
MSFT,2024-12-06,436.29321828806303,440.04162946603964,435.7704172944161,437.5459899902344,18821000
NVDA,2024-12-06,144.38436733563313,145.4827177885172,141.09926510716357,142.2275848388672,188505600
QQQ,2024-12-06,517.7839377833512,521.9858190453816,517.6551013825894,521.7479858398438,23762600
AAPL,2024-12-09,240.08769312504634,245.4587194212017,240.00826768189094,244.9722442626953,44649200
MSFT,2024-12-09,436.5891705079944,442.2413336019405,434.51768404131514,439.96270751953125,19144400
NVDA,2024-12-09,138.76276188244717,139.74129618907318,136.9255094433844,138.60299682617188,189308600
QQQ,2024-12-09,520.8264895371643,521.6192872606202,516.5353894459821,517.6849975585938,20674400
AAPL,2024-12-10,245.11121388943334,246.4217108653419,243.57237825215392,245.98487854003906,36914800
MSFT,2024-12-10,438.3548361326827,443.51378920495125,435.6027181772746,437.3092041015625,18469500
NVDA,2024-12-10,138.80268748950093,141.60850970621567,133.5904709096604,134.8685760498047,210020900
QQQ,2024-12-10,518.9137130815643,520.6579039280881,514.4937776630583,515.9208374023438,24350000
AAPL,2024-12-11,246.17350623578653,248.9930409884295,244.48574226451257,244.71409606933594,45205800
MSFT,2024-12-11,438.0194510528632,444.23391032066826,438.0194510528632,442.8923645019531,19200200
NVDA,2024-12-11,137.155160163518,139.96096726526153,135.00837248215075,139.1022491455078,184905200
QQQ,2024-12-11,520.2813419948772,525.8409052468438,519.875053656175,525.1571044921875,32168600
AAPL,2024-12-12,245.11120954102955,246.9478867446912,243.90992066775823,246.1735076904297,32777500
MSFT,2024-12-12,443.01071967285327,449.96499320791463,443.01071967285327,443.4546203613281,20834800
NVDA,2024-12-12,136.8755860719742,138.2335586289744,135.59749604609573,137.13519287109375,159211400
QQQ,2024-12-12,522.9373315206931,524.2058562213963,521.2922778164673,521.7679443359375,23577500
AAPL,2024-12-13,246.03455153835694,247.4939467696469,244.46593306347833,246.34231567382812,33155300
MSFT,2024-12-13,442.34983294961415,445.2992167545738,439.5286583553318,441.1957092285156,20177800
NVDA,2024-12-13,138.7327975455873,139.39181692680097,132.34233289302693,134.04978942871094,231514900
QQQ,2024-12-13,525.6924016663945,528.3780062636245,522.5607689543002,525.7617797851562,28780400
AAPL,2024-12-16,246.2033097230519,249.56888515433104,245.86574781090837,249.2313232421875,51694800
MSFT,2024-12-16,441.19569319284585,446.039014950384,439.23272866925197,445.45703125,23598800
NVDA,2024-12-16,133.9798879813558,134.19956111084232,130.22550081237128,131.8031463623047,237951100
QQQ,2024-12-16,528.2887896903175,534.3042408794819,528.2094917796982,533.3330078125,31979900
AAPL,2024-12-17,248.27824960945253,252.00123197197036,247.98040799068028,251.65374755859375,51356400
MSFT,2024-12-17,444.8849272856994,449.1068002031095,443.4644812477741,448.2880554199219,22733500
NVDA,2024-12-17,128.89749220508244,131.39376410572794,126.67082193579633,130.195556640625,259410300
QQQ,2024-12-17,531.5392783661994,532.6492071689107,529.3293405604305,530.9843139648438,28579100
AAPL,2024-12-18,250.34326772719038,252.4479889260113,245.95511429725673,246.26287841796875,56774100
MSFT,2024-12-18,445.1906702988088,446.50259444129426,431.08485926973066,431.4498596191406,24444500
NVDA,2024-12-18,133.66035727519176,136.49611794642954,128.08867764771298,128.71774291992188,277444500
QQQ,2024-12-18,530.3401310230003,532.0545625405334,510.3811335079535,511.8279724121094,54703200
AAPL,2024-12-19,245.71684652457995,250.18442555229956,245.3097967996626,247.99034118652344,60882300
MSFT,2024-12-19,435.6224481744677,437.1612597390131,430.39443838506674,431.09478759765625,22963700
NVDA,2024-12-19,131.56349862817564,133.8301176053825,129.3568029702355,130.485107421875,209719200
QQQ,2024-12-19,516.5055998486908,517.0704840052069,509.2117652949213,509.5486755371094,46441800
AAPL,2024-12-20,246.25292226826556,253.16278373693368,243.9198625662762,252.65646362304688,147495300
MSFT,2024-12-20,427.22806088809443,437.71370316583733,422.80892156271733,430.6706848144531,64263700
NVDA,2024-12-20,129.61640819653473,135.07825184796977,128.02878306565836,134.49911499023438,306528600
QQQ,2024-12-20,505.852200874932,520.1029592084699,504.71254304884667,513.998291015625,60530000
AAPL,2024-12-23,252.93446477293034,253.80811434244586,251.6239676953758,253.4308624267578,40858800
MSFT,2024-12-23,430.80871372187636,431.70635881030796,426.9518110200716,429.3389587402344,19152500
NVDA,2024-12-23,136.0767567466981,139.58151660116854,134.91848306333998,139.46170043945312,176053500
QQQ,2024-12-23,515.7106302984251,519.3833002478667,512.3159202923702,519.006103515625,29672800
AAPL,2024-12-24,253.64924013847912,256.34962902881983,253.45066898797964,256.3397216796875,23234700
MSFT,2024-12-24,428.74709084992185,433.6298778354008,428.2933464556966,433.363525390625,7164500
NVDA,2024-12-24,139.7912064019445,141.68836668012935,138.44321367436993,140.01087951660156,105157000
QQQ,2024-12-24,520.9515457699987,526.1329411134772,520.3162608023672,526.0436401367188,17558200
AAPL,2024-12-26,256.32980188696064,258.2260444048055,255.77383898408218,257.15380859375,27237100
MSFT,2024-12-26,433.1169230295789,434.9516783695283,430.7002140852734,432.16009521484375,8194200
NVDA,2024-12-26,139.49166074428362,140.63995487774488,137.52459740894255,139.7213134765625,116205600
QQQ,2024-12-26,524.4157698857358,527.3141743842485,522.4206139118845,525.686279296875,19090500
AAPL,2024-12-27,255.9723714358678,256.8361287043752,251.2367492695516,253.74851989746094,42355300
MSFT,2024-12-27,428.6978084898888,429.3093836032803,420.5598497453618,424.6830749511719,18117700
NVDA,2024-12-27,138.34337590905767,138.81267619141968,134.50910636621433,136.8056640625,170582600
QQQ,2024-12-27,522.1228814363513,522.559632331355,514.0330843757536,518.6983642578125,33839600
AAPL,2024-12-30,250.41273247360002,251.67358663649517,248.94339979921563,250.38294982910156,35557500
MSFT,2024-12-30,420.2737923808389,421.7435474622816,416.17028459927946,419.06048583984375,13158700
NVDA,2024-12-30,134.628921256616,140.06081067569033,133.82013169900247,137.2849578857422,167734700
QQQ,2024-12-30,511.7005068634762,515.5220319966776,508.04767821293757,511.79974365234375,34584000
AAPL,2024-12-31,250.6212497119267,251.4551941340452,247.63292614272083,248.6157989501953,39480700
MSFT,2024-12-31,420.313230174155,420.9346790911402,414.94710727917607,415.77569580078125,13246500
NVDA,2024-12-31,137.82414956509464,137.86409844380188,133.63041622678574,134.0897216796875,155659200
QQQ,2024-12-31,513.0802310210817,513.8345638741997,506.48928482473434,507.4521179199219,29117000
AAPL,2025-01-02,247.1365264348607,247.3053149666319,240.07776640397734,242.0931396484375,55740700
MSFT,2025-01-02,419.7509810335182,420.2836558558519,409.21603069875914,412.8953552246094,16896500
NVDA,2025-01-02,135.79720670711552,138.67291713644488,134.4292544268475,138.103759765625,198247200
QQQ,2025-01-02,510.49943434648804,512.8221689652438,501.9729160194123,506.45953369140625,36389800
AAPL,2025-01-03,241.60665893554688,242.42074318433572,240.14724866814672,241.60665893554688,40244100
MSFT,2025-01-03,415.3613950253171,418.27134378737713,413.8423310893823,417.6005859375,16662900
NVDA,2025-01-03,139.80120658589456,144.6839138332244,139.5216253508109,144.2545623779297,229322500
QQQ,2025-01-03,509.55653114882335,515.8100252164201,508.7426439244086,514.7479248046875,29059500
AAPL,2025-01-06,242.54980162717402,245.54804748087855,241.4477983095151,243.23483276367188,45045600
MSFT,2025-01-06,422.1874160873605,428.4215926337743,419.7016505493917,422.0394592285156,20573600
NVDA,2025-01-06,148.36840963752263,151.93309314343088,147.599568879649,149.2071533203125,265377400
QQQ,2025-01-06,520.1476411928097,524.018784806924,518.1723564940825,520.6637573242188,36109700
AAPL,2025-01-07,241.22940732447114,243.78089861816605,239.61116122247878,240.4649658203125,40856000
MSFT,2025-01-07,423.1738758487943,424.8014616583564,415.085225621156,416.6339111328125,18139100
NVDA,2025-01-07,152.80179213743568,152.90164910642062,139.80120400217487,139.93101501464844,351782200
QQQ,2025-01-07,521.7059999662438,522.1030076792526,509.4869713360559,511.3728942871094,36690300
AAPL,2025-01-08,240.17700647488417,241.95411831821167,238.32048434869313,240.95138549804688,37628900
MSFT,2025-01-08,417.70906128958796,421.171402275518,415.81515330470927,418.79412841796875,15054600
NVDA,2025-01-08,142.36737985085435,143.73533196712347,137.3548616440079,139.90106201171875,227349900
QQQ,2025-01-08,511.27365140459267,513.1000201476976,506.7969699488272,511.4622497558594,30777800
AAPL,2025-01-10,238.28077607985776,238.42970445265777,231.32128701842691,235.1435546875,61710900
MSFT,2025-01-10,418.86316848876044,418.94206877538755,409.3836648034606,413.26031494140625,20201100
NVDA,2025-01-10,137.24503329388114,139.71135128077043,134.01985409411643,135.70733642578125,207602500
QQQ,2025-01-10,507.700292461824,507.799529251394,500.1961615298894,503.4419860839844,40532500
AAPL,2025-01-13,231.84746989306117,232.9792558543989,228.06492247356016,232.71119689941406,49630700
MSFT,2025-01-13,409.6007014640922,412.8164377086338,406.690782868284,411.52423095703125,17604800
NVDA,2025-01-13,129.79615256902926,133.29093305056014,129.31685741876072,133.03131103515625,204808900
QQQ,2025-01-13,497.4962392396563,502.28059733248006,496.00732395497107,501.8240051269531,31694200
AAPL,2025-01-14,233.05869925952226,234.41882398797216,230.79512716232853,231.5992889404297,39435300
MSFT,2025-01-14,412.1357932076061,414.03957499111027,405.14208486737954,410.0248718261719,16935900
NVDA,2025-01-14,135.84710238324766,136.1766120600162,129.85605059334506,131.56349182128906,195590500
QQQ,2025-01-14,504.9804910575475,506.39001083545065,497.88333436019064,501.3475341796875,33737200
AAPL,2025-01-15,232.94949481929564,237.2383779015073,232.74100113522098,236.15621948242188,39832000
MSFT,2025-01-15,413.43790279096226,422.3353935398116,412.5895665870108,420.5203857421875,19637800
NVDA,2025-01-15,133.45068552943664,136.2465130176968,131.09420431967888,136.03683471679688,185217300
QQQ,2025-01-15,509.2387301124164,514.0230569301199,507.6802948725127,512.881591796875,34957600
AAPL,2025-01-16,235.63995285298606,236.29518618874627,226.38709407905125,226.6154327392578,71759100
MSFT,2025-01-16,422.87788427352234,423.6571336957602,418.6264203199314,418.8138122558594,15300000
NVDA,2025-01-16,138.4332346192246,138.54307117698642,133.2909213149963,133.3708038330078,209235600
QQQ,2025-01-16,515.1448467748171,515.224272558158,509.1594384871324,509.2884826660156,28229000
AAPL,2025-01-17,230.44764042021458,230.6164138035219,226.833866130533,228.32305908203125,68488300
MSFT,2025-01-17,428.1947089431654,428.57942688248704,422.3551241092644,423.20343017578125,26197500
NVDA,2025-01-17,136.48614039423094,138.29343848833506,135.2579791055137,137.50462341308594,201188800
QQQ,2025-01-17,518.9861821179226,520.1971979799845,509.3181691473964,517.8843994140625,51837900
AAPL,2025-01-21,222.38612124582832,222.80309340530198,217.79941234276583,221.03591918945312,98070400
MSFT,2025-01-21,424.3575582513444,425.0480336398343,419.82002384260585,422.6806335449219,26085700
NVDA,2025-01-21,138.95245710585658,141.61847317570314,136.88553704004724,140.61996459960938,197749000
QQQ,2025-01-21,520.6042324328826,522.0832120911833,516.2169118563148,520.921875,23628000
AAPL,2025-01-22,218.2064751614249,222.5052806842356,218.2064751614249,222.21737670898438,64126500
MSFT,2025-01-22,431.6175824572203,441.1957044539868,430.0787709144918,440.1402587890625,27803800
NVDA,2025-01-22,144.44426793757484,147.56958971587568,143.45573886876412,146.85067749023438,237651400
QQQ,2025-01-22,525.6565483001042,529.8751413083515,525.3488415863966,527.5822143554688,33593000
AAPL,2025-01-23,223.1208199792776,225.394314538592,220.69839703644928,222.04859924316406,60234800
MSFT,2025-01-23,435.9973147591307,440.6828062638951,435.50410512705025,440.6433410644531,18389300
NVDA,2025-01-23,144.8337106624021,147.01045262591376,143.5056920734559,147.00047302246094,155915500
QQQ,2025-01-23,525.1304247166951,528.8229657869698,524.5448186856646,528.703857421875,23096600
AAPL,2025-01-24,223.16050188156166,224.00438385368136,219.81478693461753,221.17491149902344,54697900
MSFT,2025-01-24,439.1143639891968,440.5841189283991,435.40541825453283,438.029296875,15549500
NVDA,2025-01-24,148.14874363197046,148.74785499769604,141.66843136501245,142.40731811523438,234657600
QQQ,2025-01-24,529.0810884811151,529.8453571094432,524.2470818339253,525.7161254882812,19878300
AAPL,2025-01-27,222.40601266103107,230.47742834163907,222.36629236472388,228.2039337158203,94863400
MSFT,2025-01-27,418.2516146753107,429.28964793288844,417.74853125025015,428.6583251953125,35647800
NVDA,2025-01-27,124.6138830305536,128.20850504229963,116.52595684106743,118.24339294433594,818830900
QQQ,2025-01-27,507.2238554261772,514.1621916220109,506.3801306258622,510.41015625,60771700
AAPL,2025-01-28,229.18679454547646,238.4594987479956,229.147074251248,236.54339599609375,75707600
MSFT,2025-01-28,428.6977608632086,442.2906153004339,425.5214900534852,441.12664794921875,23491700
NVDA,2025-01-28,121.62835222502514,128.80763280108368,116.07664583818587,128.7976531982422,579666400
QQQ,2025-01-28,511.4125906777684,519.135127001106,507.9980395084438,517.9539184570312,33194200
AAPL,2025-01-29,232.43322998057818,238.13188043636077,232.32402189200354,237.63548278808594,45486100
MSFT,2025-01-29,440.6235877197962,440.81100977301065,434.41900262341227,436.3227844238281,23581400
NVDA,2025-01-29,126.31135328562937,126.70077107762197,119.8709750783515,123.5155258178711,467120600
QQQ,2025-01-29,518.5990994614392,518.7281436223639,513.0801896776674,516.9811401367188,26649000
AAPL,2025-01-30,236.95044029141235,239.05516137192973,235.50096771104396,235.8782196044922,55658300
MSFT,2025-01-30,413.0827588425547,417.1172097708342,407.54896156269734,409.3540954589844,54586300
NVDA,2025-01-30,122.91641225704781,124.81358019968631,117.92386904906036,124.46410369873047,392925500
QQQ,2025-01-30,519.8398489654351,522.2121410225601,514.380493502768,519.1846923828125,27431300
AAPL,2025-01-31,245.40904807772534,245.40904807772534,231.7581140684966,234.29966735839844,100959800
MSFT,2025-01-31,413.2899333042713,414.976701732093,409.27519987674,409.42315673828125,34161900
NVDA,2025-01-31,123.59540412169352,127.6593341751579,119.01225290264883,119.89093780517578,388161100
QQQ,2025-01-31,523.0260873773669,527.5921301044531,517.338450995146,518.4302978515625,38755200
AAPL,2025-02-03,228.33297872450572,230.15971829856622,224.0738787357251,226.3672332763672,73063300
MSFT,2025-02-03,406.0101743775102,409.7684293585694,403.11009933813943,405.33941650390625,25679100
NVDA,2025-02-03,114.57888277703151,118.39318602096668,112.84147962875147,116.48603820800781,371235700
QQQ,2025-02-03,509.6754636986273,517.0009308639123,507.2733642921369,514.2811889648438,40580800
AAPL,2025-02-04,225.61271003037928,231.45035067549782,225.0170268486458,231.1227264404297,45067300
MSFT,2025-02-04,407.0853452090854,408.29865167160733,404.1753965052981,406.7696838378906,20532100
NVDA,2025-02-04,116.78557092036435,121.01924546805154,116.52595653802958,118.47305297851562,256550000
QQQ,2025-02-04,514.7974890430145,521.2295844539116,514.4004206860424,520.5942993164062,26046800
AAPL,2025-02-05,226.88348940722173,230.99366099381652,226.62536810475493,230.79510498046875,39620300
MSFT,2025-02-05,406.74997908357795,408.2098602907994,404.8264495269334,407.6772155761719,16316700
NVDA,2025-02-05,121.57842315704723,124.8135892575584,120.57991444298676,124.64384460449219,262230800
QQQ,2025-02-05,517.9638671852232,523.11551659981,516.7727228160936,522.9566650390625,21134100
AAPL,2025-02-06,229.62360070928509,232.11552641696264,228.76979621063217,231.53970336914062,29925300
MSFT,2025-02-06,408.3775613386283,412.5205341470821,408.3775613386283,410.1728515625,16309800
NVDA,2025-02-06,127.22995239056334,128.57794497214795,125.02324949979864,128.48806762695312,251483600
QQQ,2025-02-06,523.4628423892975,525.8947492260023,521.8548188906348,525.686279296875,19434500
AAPL,2025-02-07,230.9241838961893,232.31409120281862,225.62264568638093,225.989990234375,39707200
MSFT,2025-02-07,410.8238533335017,412.96436600470287,402.5576561425311,404.18524169921875,22886800
NVDA,2025-02-07,129.0273069895586,130.17558600299384,124.81359867926386,129.64637756347656,228186300
QQQ,2025-02-07,526.2223405922623,528.1678176426686,518.3310780658987,519.0556640625,29605500
AAPL,2025-02-10,228.16660736242451,229.1803610121675,225.81108525741098,226.25833129882812,33115600
MSFT,2025-02-10,408.0914590052598,409.8176925215145,405.33937124502273,406.6217041015625,20817900
NVDA,2025-02-10,129.89598286165247,134.79866384787866,129.76618710141213,133.3708038330078,216989100
QQQ,2025-02-10,523.3239005134812,526.4407109622551,522.8574028177311,525.3389282226562,20852800
AAPL,2025-02-11,226.80497424991785,233.79199753404617,226.7354100570617,231.1979522705078,53718400
MSFT,2025-02-11,404.07678288840276,406.88805357704496,403.741373863551,405.8523254394531,18140600
NVDA,2025-02-11,132.38230132778313,134.27946199343057,130.8246300046561,132.6019744873047,178902400
QQQ,2025-02-11,522.0732896066455,526.0039872775455,521.9442454321847,524.0882568359375,19325500
AAPL,2025-02-12,229.78663009476247,235.51142789245534,229.26980470124647,235.42196655273438,45243300
MSFT,2025-02-12,401.6797299133385,405.17166210079324,398.87830316572246,403.4848937988281,19121700
NVDA,2025-02-12,129.8261026458349,132.04279313100764,128.88750205027108,130.94442749023438,160278600
QQQ,2025-02-12,518.4402741025981,525.2793726405877,518.0928847804781,524.3959350585938,25009400
AAPL,2025-02-13,235.4617298072221,240.85852795215618,234.1299251101732,240.05348205566406,53614100
MSFT,2025-02-13,401.4726062482461,405.4182829681306,400.8412835235649,404.96453857421875,23891700
NVDA,2025-02-13,131.36380821970238,136.29644386397356,130.9743904181038,135.08824157714844,197430000
QQQ,2025-02-13,526.0635838146525,532.2574623508953,525.2794434932922,531.9398803710938,28714800
AAPL,2025-02-14,239.77522427175464,244.04894114679902,239.51681912694215,243.10475158691406,40896200
MSFT,2025-02-14,402.25191655873215,403.35670130819824,400.3678521686821,402.8832092285156,22758500
NVDA,2025-02-14,136.27645326854343,139.04232643389201,135.29791907929888,138.64292907714844,195479600
QQQ,2025-02-14,532.0489565555039,534.8580601398642,531.7114424599516,534.1731567382812,17862600
AAPL,2025-02-18,242.65747382373942,243.6811760890431,240.3615975750387,242.97552490234375,48822500
MSFT,2025-02-18,402.4590098668831,405.0237056562673,400.9793811541372,404.0767517089844,21423100
NVDA,2025-02-18,141.05932980350207,143.226091877041,137.72429913092634,139.19210815429688,219176600
QQQ,2025-02-18,535.7414804029439,536.0095045421328,532.078746365208,535.3841552734375,20565000
AAPL,2025-02-19,243.16435439309654,244.50609250836237,241.6735241546838,243.37306213378906,32204200
MSFT,2025-02-19,402.34067225656025,409.8473079963777,402.11378500109834,409.1370849609375,24114200
NVDA,2025-02-19,139.3019353271886,141.14918241151278,137.01535723812603,139.02235412597656,167536000
QQQ,2025-02-19,534.5901501639886,536.8135875991883,532.4957569178074,535.5331420898438,19666900
AAPL,2025-02-20,243.44262036367402,245.2713683243621,242.79658488378954,244.32717895507812,32316900
MSFT,2025-02-20,410.47144681938056,414.4447923675228,407.75335474991726,411.30169677734375,23508700
NVDA,2025-02-20,139.8211794831435,140.45024487315197,136.5860056380014,139.90106201171875,143903600
QQQ,2025-02-20,534.7488640035847,535.1161249242239,528.52523935916,533.2599487304688,26550800
AAPL,2025-02-21,244.44645306890683,247.1697083342209,243.72091995824803,244.0489044189453,53197400
MSFT,2025-02-21,412.49761092708707,413.19936436928833,403.15727713591093,403.4735412597656,27524800
NVDA,2025-02-21,139.83115735009994,141.24905316966826,133.83012530319377,134.22952270507812,228217600
QQQ,2025-02-21,534.4015384269126,534.4214100198424,521.8251828832033,522.1924438476562,47093800
AAPL,2025-02-24,243.43269920852308,247.33868242018207,242.92582237394555,245.58944702148438,51326400
MSFT,2025-02-24,403.7700579395831,404.620064859675,394.68668732557927,399.3123779296875,26443700
NVDA,2025-02-24,136.35634186179794,138.383313247837,129.88600993089565,130.08570861816406,251381100
QQQ,2025-02-24,523.979014688761,525.1602231091551,515.6907447415672,516.0281982421875,39268400
AAPL,2025-02-25,246.48393846255715,248.47171215983582,243.41283173998391,245.52980041503906,48013300
MSFT,2025-02-25,396.44608593506547,397.25657880262406,392.09714469383994,393.283203125,29387400
NVDA,2025-02-25,129.78614928447132,130.0058224050398,124.25441810041912,126.44114685058594,271428700
QQQ,2025-02-25,515.4028460127145,515.4822717823216,505.67527938768234,509.526611328125,48940000
AAPL,2025-02-26,242.83637220684057,243.48239258336395,237.66816369812489,238.89064025878906,44433600
MSFT,2025-02-26,393.3919661639477,398.91710270889797,389.6755831630129,395.0920104980469,19619000
NVDA,2025-02-26,129.79615892181477,133.53057192522448,128.29839578499454,131.084228515625,322553800
QQQ,2025-02-26,511.72034015672153,515.8197643424149,507.591048002011,510.7574768066406,34457600
AAPL,2025-02-27,237.94645181292123,240.9778097055873,235.61081167459415,235.84934997558594,41153600
MSFT,2025-02-27,396.61410618114576,401.03224256641477,387.6197164134029,387.97552490234375,21127400
NVDA,2025-02-27,134.7986697104659,134.8086493121392,119.83102696232622,119.97081756591797,443175800
QQQ,2025-02-27,514.3011233717788,515.2341793751592,496.35471414579564,496.5730895996094,52448000
AAPL,2025-02-28,235.5014815283524,240.61005923211764,228.7927454203557,240.36158752441406,56833400
MSFT,2025-02-28,388.104042520749,393.016377739764,382.0847072800103,392.3837890625,32845700
NVDA,2025-02-28,117.84399213493025,124.90344826210318,116.2264129341289,124.73370361328125,389091100
QQQ,2025-02-28,496.4341995419912,505.02027267121787,493.2578344308949,504.414794921875,47654000
AAPL,2025-03-03,240.31188380351972,242.5381957053339,234.66661403302143,236.5748748779297,47184000
MSFT,2025-03-03,394.1925506012372,394.1925506012372,381.6794393165997,383.9823913574219,23007700
NVDA,2025-03-03,123.32581202011416,123.51552349340123,112.11255593535711,113.88990020751953,411381400
QQQ,2025-03-03,507.7399630206097,509.2487196326077,489.93253345416554,493.37689208984375,44587200
AAPL,2025-03-04,236.25684921580154,238.60242278275774,233.24535811530478,234.4877166748047,53798100
MSFT,2025-03-04,378.9514422192701,388.0249203607145,376.5792952112664,384.1009826660156,29342900
NVDA,2025-03-04,110.48499132597254,119.13207287466713,109.9457957033308,115.81702423095703,398163300
QQQ,2025-03-04,490.5280988504062,500.0174498903787,484.1356867718227,491.8879699707031,67875400
AAPL,2025-03-05,233.98082285378285,235.1039197629907,227.82866128733946,234.2988739013672,47227600
MSFT,2025-03-05,384.82253320835395,397.00948665687173,384.29868393839774,396.36700439453125,23433100
NVDA,2025-03-05,117.40464986998916,118.10360288358513,114.33922859376143,117.12506866455078,284337900
QQQ,2025-03-05,492.5331995401363,499.90828614862966,487.62970266721254,498.3002624511719,46323700
AAPL,2025-03-06,233.00684447444675,236.4059358119138,231.73467047090975,233.8914031982422,45170400
MSFT,2025-03-06,389.70521049036057,397.4838909032578,388.12376908504734,392.2849426269531,23304600
NVDA,2025-03-06,113.36069823382532,115.17798387118098,110.05563667803439,110.40511322021484,321181900
QQQ,2025-03-06,490.04176688317693,494.895615354215,482.60712565033873,484.59234619140625,57574300
AAPL,2025-03-07,233.67272217403436,239.8944479764648,233.3248557337566,237.6085205078125,46273600
MSFT,2025-03-07,387.76795648683793,390.2191619837315,381.0666253730808,388.7464599609375,22034100
NVDA,2025-03-07,111.08408724577035,113.31076488585998,107.39958789171841,112.52194213867188,341755500
QQQ,2025-03-07,483.5599718062666,489.6347411717219,476.9789615630039,488.15576171875,54714700
AAPL,2025-03-10,234.10009611136832,234.71631625547707,222.84930513729455,226.08937072753906,72071200
MSFT,2025-03-10,381.3631114017718,381.9166113327009,372.8431337183802,375.7490234375,32840100
NVDA,2025-03-10,109.73609301585863,111.6831816739289,105.30271254146378,106.82044982910156,366487400
QQQ,2025-03-10,479.87744712390025,480.39359355913183,465.19673274957023,469.2366638183594,76668000
AAPL,2025-03-11,222.44182022291236,224.45940937640347,216.12069905845206,219.48997497558594,76137400
MSFT,2025-03-11,374.6024872406928,381.5212666884101,372.5367409966354,376.0356750488281,30380200
NVDA,2025-03-11,106.83043665954975,112.0726069900584,104.61374627233778,108.5978012084961,354865700
QQQ,2025-03-11,468.85944790641054,475.2717015064333,463.55891291656457,468.114990234375,68760800
AAPL,2025-03-12,218.7942505386503,220.39440897367027,213.5962265598192,215.653564453125,62547500
MSFT,2025-03-12,378.5066728711865,380.7503233781215,374.55308456142495,378.82293701171875,24253600
NVDA,2025-03-12,113.96030532134075,116.59661034457649,112.72203506897391,115.57803344726562,323857500
QQQ,2025-03-12,475.61912817116786,477.50508157643935,468.3035955192933,473.39569091796875,46971100
AAPL,2025-03-13,214.62986833256545,215.51442704761877,207.14590135231947,208.398193359375,61368300
MSFT,2025-03-13,378.71423026442886,380.8491715851453,373.07049136146827,374.3751525878906,20473000
NVDA,2025-03-13,116.86621875800482,117.59520049683546,113.63075517539951,115.41825103759766,299033100
QQQ,2025-03-13,472.73057814566323,472.76035523811606,462.98313932199375,464.8790283203125,46563300
AAPL,2025-03-14,209.9585940343847,212.64208545758027,208.2988048386841,212.18490600585938,60107600
MSFT,2025-03-14,375.3734493768336,385.7022111357248,375.10659301872727,384.05157470703125,19952800
NVDA,2025-03-14,118.44401014075397,121.70943054003341,117.98465480860956,121.49972534179688,277593500
QQQ,2025-03-14,470.2292461988736,477.00876061202655,469.62373821824536,476.11541748046875,43563000
AAPL,2025-03-17,212.00598815128762,213.904315554563,208.6864099217596,212.6917724609375,48073400
MSFT,2025-03-17,382.2131473268013,388.1533930243756,381.09625384575537,384.18994140625,22474300
NVDA,2025-03-17,122.56823120330081,122.71802281178023,117.86482345684047,119.36272430419922,255501500
QQQ,2025-03-17,476.06574086012523,482.2497130174167,474.2691189068619,479.202392578125,41744400
AAPL,2025-03-18,212.85081593904235,213.83475423543342,210.19713981325924,211.38980102539062,42432400
MSFT,2025-03-18,382.57886557924786,382.87537263830677,376.67813379609476,379.0700378417969,19486900
NVDA,2025-03-18,117.83485847417,118.85342762738914,114.37970167383446,115.2684555053711,299686900
QQQ,2025-03-18,475.86727110411596,476.0657749736721,468.91899953639006,471.03326416015625,39072300
AAPL,2025-03-19,212.91044076829724,217.4226803637017,212.443312738742,213.92420959472656,54385400
MSFT,2025-03-19,381.0567221702146,385.158563988563,379.54447585576617,383.3201599121094,19185500
NVDA,2025-03-19,117.10587965509883,120.2814296141779,115.51810848491796,117.35552978515625,273426200
QQQ,2025-03-19,473.28646764378425,481.74349565345614,471.3608014299573,477.3363342285156,40430300
AAPL,2025-03-20,212.6818553101102,216.16045933121794,210.92267131595005,212.7911834716797,48862900
MSFT,2025-03-20,381.2642891356356,387.24410971121733,378.8328407062668,382.3515319824219,18470500
NVDA,2025-03-20,116.38688818380663,120.0317738155389,116.30699831746894,118.3641128540039,248829700
QQQ,2025-03-20,473.35596661844284,480.96927004322396,472.6611273475336,475.7183837890625,36780500
AAPL,2025-03-21,210.26669685360034,217.5021918152461,209.9884097524224,216.93568420410156,94127800
MSFT,2025-03-21,378.77352451177876,387.194656647968,378.3583844724842,386.7202453613281,39675900
NVDA,2025-03-21,116.77634740953133,117.82487338576216,115.25847035053427,117.5352783203125,266498500
QQQ,2025-03-21,470.57662752286865,478.0509810732746,469.4152905592447,477.28668212890625,42234900
AAPL,2025-03-24,219.64899945464327,220.1260609084734,217.24379503613238,219.38064575195312,44299500
MSFT,2025-03-24,390.81222312553433,390.81222312553433,385.28708673252123,388.5191345214844,21004500
NVDA,2025-03-24,119.71223179694545,122.04896105750126,119.17298658297102,121.24009704589844,228452500
QQQ,2025-03-24,484.8576491349716,488.60538941404207,481.5373907904982,487.7604064941406,34567200
AAPL,2025-03-25,219.42039321145907,222.7300380772677,218.73460889257407,222.38217163085938,34493600
MSFT,2025-03-25,389.3493790004213,391.7610400507305,388.08423198363494,390.5749816894531,15775000
NVDA,2025-03-25,120.38130705821351,121.12026937928964,118.75358318150825,120.52111053466797,167447200
QQQ,2025-03-25,488.4861400211188,490.7029423960745,487.52187103316214,490.54388427734375,26035200
AAPL,2025-03-26,222.1436424317859,223.64442126802376,219.12223310716143,220.17575073242188,34466100
MSFT,2025-03-26,390.4168262767483,390.7232269425197,384.061440622416,385.4451904296875,16108400
NVDA,2025-03-26,118.5638454632065,118.6736845133834,112.55226594608844,113.60079956054688,293463300
QQQ,2025-03-26,489.3906651224751,490.2455985952576,479.9667080597325,481.5174865722656,34627100
AAPL,2025-03-27,220.03659916949772,223.61459773398053,219.21167130142226,222.4815673828125,37094800
MSFT,2025-03-27,385.60336562359333,387.6888690270636,382.9050306805178,386.0481262207031,13766800
NVDA,2025-03-27,111.19417323533278,114.28983351449122,110.50514401476981,111.27406311035156,236902100
QQQ,2025-03-27,479.5591741727875,483.70451433059617,477.41193517577676,478.7738342285156,33469800
AAPL,2025-03-28,220.31487416588553,222.44179120535847,216.34926057176412,216.5679168701172,39818600
MSFT,2025-03-28,383.5771709738401,384.61500612887534,372.5565482590105,374.40484619140625,21632000
NVDA,2025-03-28,111.33397028810096,112.71204388720727,108.9173588485005,109.51651763916016,229872500
QQQ,2025-03-28,476.974551402309,477.68034714960163,465.28403763438615,466.1687927246094,46363800
AAPL,2025-03-31,215.683368745432,224.24073468961828,214.90813825561798,220.77207946777344,65299300
MSFT,2025-03-31,368.2174556076631,372.6948931611048,362.97893300010196,371.0343933105469,35184700
NVDA,2025-03-31,104.98287310192077,110.80471613819729,103.50494855407659,108.22832489013672,299212700
QQQ,2025-03-31,459.19026229129486,467.08331235256605,454.6273605455005,466.1488952636719,53000300
AAPL,2025-04-01,218.46624988397502,222.31258685550372,217.56180927777046,221.82559204101562,36412700
MSFT,2025-04-01,370.30297052308924,378.4078388750376,368.89946352111616,377.7554931640625,19689500
NVDA,2025-04-01,108.36812587384452,110.04577506451116,106.32099936404416,109.995849609375,222614000
QQQ,2025-04-01,464.53844262078127,470.83105198841025,461.6754876852753,469.90655517578125,41156200
AAPL,2025-04-02,219.9670353213626,223.8133724100327,219.66886624627372,222.5213165283203,35905900
MSFT,2025-04-02,373.5844861787052,380.61197570359644,372.25014394283687,377.70611572265625,16092600
NVDA,2025-04-02,107.1398553905561,111.82329447216486,106.64055510872038,110.26547241210938,220601200
QQQ,2025-04-02,463.3654253458386,476.7260031222664,463.1069521266998,473.3361511230469,49894500
AAPL,2025-04-03,204.28348559152053,206.22157697816277,200.0197179050274,201.94786071777344,103419000
MSFT,2025-04-03,370.4413834397649,373.1001742376296,365.06450042697054,368.7808532714844,30198000
NVDA,2025-04-03,103.36514539947606,105.48217369637304,101.45781468579652,101.65753936767578,338769400
QQQ,2025-04-03,453.742637111202,457.3511902166352,447.4798795534505,447.9967956542969,70456300
AAPL,2025-04-04,192.7047355778497,198.658123727335,186.19477317599058,187.22842407226562,125910900
MSFT,2025-04-04,359.9050576420754,370.24368334469244,355.3090169453245,355.6648254394531,49209900
NVDA,2025-04-04,98.77159334909085,99.9898797349743,91.9811059228115,94.17802429199219,532273800
QQQ,2025-04-04,435.5508223213529,437.76762470061965,420.1722412109375,420.1722412109375,117088400
AAPL,2025-04-07,176.1167553732534,192.96313526897592,173.55252535537636,180.35072326660156,160466300
MSFT,2025-04-07,346.808801297969,366.6953473866903,340.78946619633433,353.7077941894531,50425000
NVDA,2025-04-07,87.33759621246332,101.60759784636036,86.4987754744505,97.50334930419922,611041300
QQQ,2025-04-07,406.24497996843866,440.5212273303754,400.01204418212296,421.1861572265625,161557000
AAPL,2025-04-08,185.55865310846366,189.17640027021665,168.17558356470508,171.36595153808594,120859500
MSFT,2025-04-08,363.98715955184485,369.31460473132455,346.1861164728992,350.44610595703125,35868900
NVDA,2025-04-08,103.66472218207363,105.70186824827938,94.3278084260022,96.16523742675781,476243400
QQQ,2025-04-08,435.5706616527368,440.52124286102435,407.3683213181599,413.60125732421875,101248100
AAPL,2025-04-09,170.89883496621582,199.38363475051753,170.83920418374143,197.6343994140625,184395900
MSFT,2025-04-09,349.43791334353114,388.66739600040677,349.00301621371585,385.95916748046875,50199700
NVDA,2025-04-09,98.75160385221358,114.93891720962625,97.39350654873371,114.16999816894531,612918300
QQQ,2025-04-09,413.11420733728266,465.0653576176641,412.9750201017136,463.2461853027344,142876900
AAPL,2025-04-10,187.9141823452429,193.58926741380884,181.88128226075605,189.25592041015625,121880000
MSFT,2025-04-10,377.6269854135807,379.44563241847453,363.5324334212975,376.92523193359375,38024400
NVDA,2025-04-10,109.21694044618194,110.70485307181585,99.01124202201945,107.4194564819336,437812400
QQQ,2025-04-10,450.8796663706337,452.89766878987024,430.07336033484415,443.54327392578125,108384100
AAPL,2025-04-11,184.96233608452022,198.32016168749274,184.92257212057936,196.93865966796875,87435900
MSFT,2025-04-11,376.2234920445777,385.52428234575257,374.4937970946495,383.94287109375,23839200
NVDA,2025-04-11,108.34815778630501,111.39389245819964,107.32958859529616,110.7747573852539,313417300
QQQ,2025-04-11,442.0223093443537,453.09649143953806,438.7219217931667,451.7146911621094,52483800
AAPL,2025-04-14,210.14743595954587,211.63826622013798,199.9302804535287,201.28196716308594,101352900
MSFT,2025-04-14,388.6575350248574,390.07093573374146,379.75206690221165,383.310302734375,19251200
NVDA,2025-04-14,113.9503045917023,114.1300529879136,108.91735711650354,110.55506134033203,264705000
QQQ,2025-04-14,461.7152208667026,462.3017305650004,449.95514472763216,454.7764892578125,43941200
AAPL,2025-04-15,200.6259945192588,202.26590170954893,198.57859009217825,200.90428161621094,51343900
MSFT,2025-04-15,384.0021677861047,387.3429548173336,379.702634359307,381.2544250488281,17199900
NVDA,2025-04-15,110.81470199440513,113.46099492172469,110.3453585264742,112.04297637939453,228966900
QQQ,2025-04-15,455.83021518157193,459.6475186324782,453.454324591476,455.283447265625,35404200
AAPL,2025-04-16,197.1473909296092,199.47308245703653,191.19400339685228,193.0823974609375,59732400
MSFT,2025-04-16,376.25315416820064,377.18221973337427,363.730149078798,367.2982482910156,21967800
NVDA,2025-04-16,104.40369410395131,106.64055727885454,100.30942561460589,104.3437728881836,397016900
QQQ,2025-04-16,446.37642892854547,449.94520996662885,435.17304059444126,441.5550842285156,48980600
AAPL,2025-04-17,195.99445890478637,197.61449911758032,193.23145502579916,195.7758026123047,52164700
MSFT,2025-04-17,369.4133653600013,369.97675886881603,362.6329766642394,363.51263427734375,21120200
NVDA,2025-04-17,104.30381795694564,104.3237942331935,99.90998190333623,101.34796142578125,292517500
QQQ,2025-04-17,444.5274509761507,445.10401010316673,438.7517574071589,441.4755859375,44837000
AAPL,2025-04-21,192.08851517151226,192.6152739871965,188.64966000796989,191.97918701171875,46742500
MSFT,2025-04-21,358.6102367890087,360.25097956592975,351.54320368031085,354.9531555175781,20807300
NVDA,2025-04-21,98.63177356997639,99.3008417327631,94.90699776234818,96.77438354492188,288501100
QQQ,2025-04-21,435.64027525418857,436.48522787937225,425.40112526573694,430.5505065917969,44149300
AAPL,2025-04-22,194.92107095045932,200.35763286451953,194.7719939992729,198.51895141601562,52976400
MSFT,2025-04-22,359.1637542302739,363.5028019496421,355.68457702509073,362.5638427734375,19485000
NVDA,2025-04-22,98.6417555090913,99.67031279819463,97.14385476914264,98.75160217285156,241004800
QQQ,2025-04-22,436.2267468236976,444.93495790304166,435.0338262355641,441.8533020019531,52304400
AAPL,2025-04-23,204.74070932932477,206.7284832063085,201.56027415925303,203.34927368164062,52929200
MSFT,2025-04-23,371.6966268435602,375.9764033603888,368.69189108581185,370.0460205078125,20545500
NVDA,2025-04-23,104.37372584399631,104.6533403969428,101.87722447592722,102.5662612915039,247526000
QQQ,2025-04-23,455.46243104941027,460.641633756553,450.20368411807647,451.8737487792969,55801100
AAPL,2025-04-24,203.63746952607698,207.55338601533765,201.69939326414854,207.09619140625,47311000
MSFT,2025-04-24,371.34077108557176,383.9428330432701,370.8366789549492,382.80615234375,22232300
NVDA,2025-04-24,103.33517578708889,106.39089066307956,102.96569088547095,106.28104400634766,220815000
QQQ,2025-04-24,453.78243704630535,464.896361425193,453.1362539590864,464.58819580078125,45956100
AAPL,2025-04-25,205.10842646651815,208.46776890662989,204.9394675201618,208.00064086914062,38222300
MSFT,2025-04-25,382.50964370251074,387.60977590482884,380.13749690604453,387.3033752441406,18973200
NVDA,2025-04-25,106.70047768277183,111.76338266185121,105.58204983332996,110.85466003417969,251064700
QQQ,2025-04-25,464.210432874224,470.2942617606861,462.639783263479,469.76739501953125,38697100
AAPL,2025-04-28,208.71620315087387,210.2070331733801,206.19173765225315,208.8553466796875,38743100
MSFT,2025-04-28,387.41210451108003,388.18305301396595,382.1538550582223,386.62139892578125,16579400
NVDA,2025-04-28,109.53649064316203,110.21553928394424,105.87162103934429,108.57783508300781,207708500
QQQ,2025-04-28,470.23458681729716,472.0040665388327,463.27595392675005,469.6182556152344,33550800
AAPL,2025-04-29,207.4142395090872,210.94254069563792,207.09618845243054,209.91883850097656,36827600
MSFT,2025-04-29,386.75975859738145,390.51568553400665,385.85045019118235,389.4679870605469,14974000
NVDA,2025-04-29,107.51932238432487,110.04578062718967,107.2896485179105,108.867431640625,170444300
QQQ,2025-04-29,467.3915381780168,473.60460372916896,466.81494870601875,472.7198486328125,30613100
AAPL,2025-04-30,208.02050829648644,212.2743425468257,205.40658118436113,211.20094299316406,52286500
MSFT,2025-04-30,385.77135703314644,392.05757796403765,379.979364791359,390.673828125,36461100
NVDA,2025-04-30,104.32379376082015,108.76756286621094,103.93434018163836,108.76756286621094,235044600
QQQ,2025-04-30,464.36947606745446,474.37997416490805,459.697238824554,472.6601867675781,46810600
AAPL,2025-05-01,207.80185982414434,213.2483553954001,207.62295230903422,212.0159454345703,57365700
MSFT,2025-05-01,426.10788113002934,431.9196612018972,419.96994327038766,420.4641418457031,58938100
NVDA,2025-05-01,112.92174799120272,114.7791455573913,111.14424029465428,111.45380401611328,236121500
QQQ,2025-05-01,480.5532529218463,484.30096287876717,477.89901815565884,478.8334655761719,43316500
AAPL,2025-05-02,204.8301014441782,205.7246085520007,200.92413408642562,204.09463500976562,101010600
MSFT,2025-05-02,426.7305579775838,434.3412277785372,425.0008630376841,430.2294921875,30757400
NVDA,2025-05-02,114.02021557227994,115.23850951002053,113.21135153306962,114.33976745605469,190194800
QQQ,2025-05-02,483.66477784831574,488.00894827712347,481.9648613296433,485.94122314453125,39218100
AAPL,2025-05-05,201.85841873478097,202.85230555244996,196.99831280299983,197.6741485595703,69018500
MSFT,2025-05-05,427.84743296236513,434.40051033348516,427.0962415401901,431.1091613769531,20136100
NVDA,2025-05-05,112.75199823422925,114.50952981770942,112.50234808238875,113.66072082519531,133163200
QQQ,2025-05-05,481.73622270162116,486.14003597307794,481.2391774925475,483.058349609375,28309500
AAPL,2025-05-06,196.9983091053983,199.42338015596502,195.81558138809015,197.2964630126953,51216500
MSFT,2025-05-06,427.18524232094876,432.65107712392626,426.1671945058241,428.2823486328125,15104200
NVDA,2025-05-06,111.32400387233044,114.57943650755207,110.6649237860017,113.38111877441406,158525600
QQQ,2025-05-06,476.7260205679887,482.1835675083398,475.36412148604,478.5650939941406,32786300
AAPL,2025-05-07,197.95242524507105,198.22077891807172,192.0686174137577,195.05027770996094,68536700
MSFT,2025-05-07,428.80620435216304,433.0365428333408,426.1078693467033,428.3218994140625,23295300
NVDA,2025-05-07,112.8918038042742,117.5153219594032,112.12287705585727,116.89618682861328,206758800
QQQ,2025-05-07,479.2310866723673,482.9291041737698,473.9624196873836,480.4438781738281,38006300
AAPL,2025-05-08,196.51130456752412,198.82706269335065,193.48988012199126,196.28271484375,50478900
MSFT,2025-05-08,432.8487322038109,438.5221520354275,430.60508165893515,433.0859680175781,23491300
NVDA,2025-05-08,118.08451525459601,118.51391379663416,115.68787240644632,117.20574951171875,198428100
QQQ,2025-05-08,485.6430214704163,489.7883921245775,481.3088015351198,485.4044494628906,39577600
AAPL,2025-05-09,197.78348851905432,199.3140676367793,196.33240700583877,197.3163604736328,36453900
MSFT,2025-05-09,434.89471877509555,435.6261229679929,430.8225275981773,433.63946533203125,15324200
NVDA,2025-05-09,117.18577270674557,118.06454606438504,115.04876814493281,116.48675537109375,132972200
QQQ,2025-05-09,487.31305654497106,488.63521379310254,483.326774588034,485.0863037109375,27767400
AAPL,2025-05-12,209.95526516858178,210.2538252478288,205.75556156059073,209.776123046875,63775800
MSFT,2025-05-12,440.7657862582039,444.15598092637396,434.6772567640601,444.0472717285156,22821900
NVDA,2025-05-12,121.79931583574867,122.82787322998047,120.11167839159091,122.82787322998047,225023300
QQQ,2025-05-12,503.99391286415016,504.88861854839246,498.51649505607935,504.8488464355469,45090600
AAPL,2025-05-13,209.41784747983854,212.37356332026266,207.99473291206186,211.90582275390625,51909300
MSFT,2025-05-13,442.5844751269483,445.4409573721911,440.19254074927665,443.9287109375,23618800
NVDA,2025-05-13,124.8051066300396,131.03637225526788,124.29581818961599,129.7481689453125,330430100
QQQ,2025-05-13,506.15112683099704,514.3325026354601,505.4155095627927,512.5431518554688,53269600
AAPL,2025-05-14,211.40822571910564,212.9109724892217,209.56713314477625,211.3087158203125,49325800
MSFT,2025-05-14,442.940276452347,448.6334230518337,442.940276452347,447.6845703125,19902800
NVDA,2025-05-14,133.01358451331882,135.25045513495294,131.49570747587302,135.1505889892578,281180800
QQQ,2025-05-14,513.7161819509431,516.1616058199734,512.7021901958013,515.6148681640625,47014500
AAPL,2025-05-15,209.93535780893234,211.93569971673273,208.53213606160298,210.43295288085938,45029500
MSFT,2025-05-15,446.3576953837484,451.7246558325709,446.0210270484144,448.6946105957031,21992300
NVDA,2025-05-15,134.10204362723803,136.10924022234616,132.47433530494334,134.64129638671875,226632600
QQQ,2025-05-15,513.4676100523011,518.8456125999866,512.125551562593,516.1814575195312,50153300
AAPL,2025-05-16,211.33858120774948,211.54757782116647,208.7610423595207,210.24386596679688,54737900
MSFT,2025-05-16,447.6251542704443,449.91254071320964,444.3376746324017,449.82342529296875,23849800
NVDA,2025-05-16,136.02937003025397,136.15919297953724,133.27323795943153,135.21051025390625,226542500
QQQ,2025-05-16,517.5830873308704,518.6169801912382,514.0441278903378,518.4281005859375,48394600
AAPL,2025-05-19,206.90999202317107,208.47243269467637,203.2775387890809,207.7758026123047,46140500
MSFT,2025-05-19,446.46660651740484,455.0913410046994,446.3873726676465,454.3783874511719,21336500
NVDA,2025-05-19,132.20473687113784,135.6798627990254,132.20473687113784,135.3802947998047,193154600
QQQ,2025-05-19,511.2010686059385,519.442117353632,511.2010686059385,518.9251708984375,52536200
AAPL,2025-05-20,206.67113760639387,207.46729276724128,204.04383620537516,205.8650360107422,42496600
MSFT,2025-05-20,451.13050930908776,453.8535912700005,449.87295142774695,453.6852722167969,15441800
NVDA,2025-05-20,134.10203943343691,134.3916420789913,132.43437861355363,134.19192504882812,161514200
QQQ,2025-05-20,516.4001137065187,517.8515075410328,513.6067220946634,517.1954345703125,42517600
AAPL,2025-05-21,204.1831685508297,206.04416933851562,199.74462882701684,201.11798095703125,59211800
MSFT,2025-05-21,450.12052955644793,453.2991005803846,447.38753565613104,448.1401062011719,19216900
NVDA,2025-05-21,132.87378601013486,137.2077087161811,130.40724144628157,131.6155548095703,270608700
QQQ,2025-05-21,513.2190402211261,519.9092488061895,508.21873667770086,510.0080871582031,71292800
AAPL,2025-05-22,199.74461200022,201.77479312617928,198.73946027881726,200.3914794921875,46742400
MSFT,2025-05-22,450.4967994491365,455.74490907390424,449.4570590917957,450.40765380859375,18025600
NVDA,2025-05-22,132.04495280891254,134.0621302833829,131.36591171623223,132.6441192626953,187344000
QQQ,2025-05-22,510.6245069423915,514.6506220653856,509.2725584046473,510.9625244140625,55607200
AAPL,2025-05-23,192.73846975457602,196.74908474491085,192.52948833207407,194.33078002929688,78432900
MSFT,2025-05-23,445.5754438212613,449.2491205375805,444.51591011589574,445.7734680175781,16883500
NVDA,2025-05-23,129.81807417545411,132.49431639064062,128.97925335315108,131.10626220703125,198821300
QQQ,2025-05-23,503.18864625765127,508.81520128108224,502.59218597999717,506.2305603027344,58368100
AAPL,2025-05-27,197.34620772495165,199.77447409530296,196.48038197740732,199.2470245361328,56288500
MSFT,2025-05-27,452.0118507212909,456.43809825868186,451.6553587930952,456.1806335449219,20974300
NVDA,2025-05-27,133.96224703921547,135.47014350181522,133.1234263008756,135.31036376953125,192953600
QQQ,2025-05-27,513.099785560271,518.6269257716245,511.5490069592283,518.1397705078125,47226300
AAPL,2025-05-28,199.6252046868552,201.75491117265972,198.93852099816252,199.45602416992188,45339700
MSFT,2025-05-28,456.7054113344306,457.9926743719098,452.45739496057166,452.8831787109375,17086300
NVDA,2025-05-28,135.83963178227697,137.05792567392893,134.60136161311598,134.621337890625,304021100
QQQ,2025-05-28,519.0941399870436,520.5852756508032,515.326559052752,515.8434448242188,46637200
AAPL,2025-05-29,202.60079553265004,202.8296849960031,197.55517460719432,198.98825073242188,51396800
MSFT,2025-05-29,457.0321797296883,457.2005290082406,450.8532686393741,454.1902770996094,13974800
NVDA,2025-05-29,142.05093948600498,143.28920975153582,137.71701641280157,138.99522399902344,369241900
QQQ,2025-05-29,523.2196247969079,523.3687019543887,514.2628604553026,516.857421875,58513300
AAPL,2025-05-30,198.41106448584634,200.98861863398105,195.8335255231089,199.8839569091797,70819900
MSFT,2025-05-30,455.2200705832806,457.16087682654637,451.08099341488645,455.8537902832031,34770500
NVDA,2025-05-30,138.52585950975748,139.42459384487097,132.73397369059805,134.94088745117188,333170900
QQQ,2025-05-30,516.370303138387,517.6029654866918,508.9046747674079,516.042236328125,67662800
AAPL,2025-06-02,199.31670530145792,201.15781336810346,199.1574712143689,200.72987365722656,35423300
MSFT,2025-06-02,452.6653804963421,457.5867035205711,452.41782757710985,457.4480895996094,16626500
NVDA,2025-06-02,135.30038976970178,137.9266987725352,135.21050414256473,137.187744140625,197663100
QQQ,2025-06-02,514.18335129797,520.3566750351536,512.9208369697641,520.1181030273438,44762800
AAPL,2025-06-03,200.38153417950807,202.78989241693247,199.99341064507593,202.29229736328125,46381600
MSFT,2025-06-03,456.95294554827,459.59682380087423,456.3489007620485,458.4382629394531,15743800
NVDA,2025-06-03,138.5857816307834,141.801276586457,137.75694135463795,141.02236938476562,225578800
QQQ,2025-06-03,520.4659496294596,525.6153304447355,519.6010958649408,524.183837890625,44070300
AAPL,2025-06-04,201.93404589483336,205.24803106286797,201.12794426741362,201.844482421875,43604000
MSFT,2025-06-04,459.4582306475514,461.1316908447896,458.4878122988585,459.3294982910156,14162700
NVDA,2025-06-04,141.99100090060617,142.19071794379053,139.3447005567539,141.72137451171875,167120800
QQQ,2025-06-04,524.8896842213366,526.708886650537,522.8617009643712,525.6452026367188,41359300
AAPL,2025-06-05,202.521183994692,203.765171611367,199.1872911078447,199.6649932861328,55126100
MSFT,2025-06-05,460.40879598021155,465.05289099241804,459.487906406924,463.1021728515625,20131700
NVDA,2025-06-05,141.97102431113476,143.79846496522654,138.63570246128648,139.79408264160156,231397900
QQQ,2025-06-05,527.0468212855055,529.8998557728775,519.5712423411791,521.6886596679688,61031200
AAPL,2025-06-06,202.0236053289331,204.7106157617459,201.07817770068002,202.93917846679688,46607700
MSFT,2025-06-06,465.4886174973397,468.7068055435685,464.1914425792919,465.7757873535156,15285600
NVDA,2025-06-06,142.31057053380505,143.0695167658335,141.3119699021351,141.5216827392578,153986200
QQQ,2025-06-06,526.8679353376542,528.6572860020211,525.0885352856423,526.7883911132812,42467000
AAPL,2025-06-09,203.4069099948636,205.0091667110405,199.05793398755327,200.48104858398438,72862600
MSFT,2025-06-09,465.1024554626714,468.7959258262165,464.03300988597726,468.1225891113281,16469900
NVDA,2025-06-09,142.98961854621228,144.7970831461155,141.74136782943543,142.43040466308594,185114500
QQQ,2025-06-09,527.0071545180014,529.2040557008712,525.8838273941709,527.5638427734375,33688700
AAPL,2025-06-10,199.63513956616538,203.36710243054736,199.60528507808198,201.69517517089844,54672600
MSFT,2025-06-10,466.57783210788693,468.172058367284,462.38922592870773,466.31048583984375,15375900
NVDA,2025-06-10,142.49031793007975,144.088069701399,141.33193761060437,143.758544921875,155881900
QQQ,2025-06-10,528.0309052999579,531.7389032205542,525.7644110626619,531.052978515625,40664800
AAPL,2025-06-11,202.5212126953003,203.51640292967522,197.45569804682734,197.82391357421875,60989900
MSFT,2025-06-11,465.4192790589967,470.81594475736864,465.0628173622344,467.99383544921875,16399200
NVDA,2025-06-11,144.4176611881815,144.79716064315863,141.6813000562032,142.64002990722656,167694000
QQQ,2025-06-11,532.4546012685898,533.6077799068673,526.9771544229022,529.2635498046875,53701000
AAPL,2025-06-12,198.12244911144163,198.71955406677787,196.410720905765,198.2418670654297,43904600
MSFT,2025-06-12,470.3702965389571,475.7174632765806,468.88497916047487,474.1826171875,18950600
NVDA,2025-06-12,141.78117540604916,144.80714416503906,141.66133988719625,144.80714416503906,162365000
QQQ,2025-06-12,527.9515275399644,531.4805365276557,527.703004925698,530.5062866210938,34104900
AAPL,2025-06-13,198.7693188209708,199.4062398916536,194.758703844025,195.50509643554688,51447300
MSFT,2025-06-13,471.74673205457395,474.48960742449077,468.13246560456287,470.3109130859375,16814500
NVDA,2025-06-13,142.29048989356696,143.3890329315276,140.6626682408541,141.7811737060547,180820600
QQQ,2025-06-13,524.5616021772432,528.7268432784747,522.6231138097035,523.8458862304688,55814400
AAPL,2025-06-16,196.35101387226533,197.73432753277095,195.61456771612566,197.4656219482422,43020700
MSFT,2025-06-16,470.5584575569121,475.98482813726486,470.3505215770748,474.45001220703125,15626100
NVDA,2025-06-16,143.159329390418,145.98555166191812,143.00951976951112,144.49754333496094,183133700
QQQ,2025-06-16,527.3650479728419,532.2062642001805,527.3153555791812,531.1326293945312,37622100
AAPL,2025-06-17,196.2514839890114,197.43576263348734,194.27106541566712,194.69898986816406,38856200
MSFT,2025-06-17,470.7466055851971,474.0539088222925,469.4395189734987,473.36077880859375,15414100
NVDA,2025-06-17,144.29781716982143,145.02684191909495,143.58875484653294,143.9282989501953,139108000
QQQ,2025-06-17,528.5678317630843,530.1782533672921,524.7902396796701,525.953369140625,42180900
AAPL,2025-06-18,194.9975546383106,196.6197193940347,194.13174409281177,195.6344757080078,45394700
MSFT,2025-06-18,473.3211507460615,476.29178558337986,469.81579317674493,475.5392150878906,17526500
NVDA,2025-06-18,143.81845298832403,145.45627108510786,142.9296373487004,145.2864990234375,161494100
QQQ,2025-06-18,526.9673174269449,529.4028511373086,524.2833217813045,525.8638916015625,43983500
AAPL,2025-06-20,197.28649906078425,200.72984844555882,195.9131318065836,200.03321838378906,96813500
MSFT,2025-06-20,477.50979012623617,478.72773115460745,472.2022397987241,472.72705078125,37576200
NVDA,2025-06-20,145.2565234707711,146.00552584195606,142.46024490398213,143.65866088867188,242956200
QQQ,2025-06-20,529.1146401876316,530.4069457539052,521.7782471531975,523.7167358398438,61643500
AAPL,2025-06-23,200.6602023375907,201.3269779408771,198.00304635957568,200.53082275390625,55814300
MSFT,2025-06-23,473.52910172023695,482.97572926336846,467.8849134818946,481.24285888671875,24864000
NVDA,2025-06-23,142.31046402404658,144.58743022935184,141.84108794116847,143.97824096679688,154308900
QQQ,2025-06-23,524.2849177292203,529.6192118620138,521.1400908129034,529.1017456054688,50666100
AAPL,2025-06-24,201.61557243039425,202.46149014710028,199.23706853700068,199.3365936279297,54064000
MSFT,2025-06-24,484.1640031375646,487.0356109071577,482.0350238939456,485.3126220703125,22305600
NVDA,2025-06-24,145.36637857516104,147.76319531946535,145.3064608232896,147.70326232910156,187566100
QQQ,2025-06-24,534.3165868287479,538.1083222601969,533.6995634797794,537.1927490234375,45442000
AAPL,2025-06-25,200.48105886821313,202.690382284235,199.65504919597097,200.5905303955078,39525700
MSFT,2025-06-25,487.223778215148,489.71910084538035,484.5997232276066,487.4515075683594,17495100
NVDA,2025-06-25,149.0714471780808,154.24454949233478,149.06145072732096,154.104736328125,269146500
QQQ,2025-06-25,539.4618726543914,540.7058813321303,536.7947253384327,538.566162109375,44804200
AAPL,2025-06-26,200.4611428555203,201.66532960796235,198.50063224789568,200.03321838378906,50799100
MSFT,2025-06-26,488.15453290095326,493.1650012559548,487.9861836300842,492.5807800292969,21578900
NVDA,2025-06-26,155.77252682686714,156.51154803915952,153.79516469048193,154.81381225585938,198145700
QQQ,2025-06-26,540.7456895311693,544.0497840014915,538.9245044882573,543.6019287109375,43811400
AAPL,2025-06-27,200.91894034324127,202.24254507531293,199.03803155248616,200.1128387451172,73188600
MSFT,2025-06-27,492.6797975508017,494.4126679494895,488.2040517426954,491.0855712890625,34539200
NVDA,2025-06-27,155.83244416127852,158.4989061985097,155.05348286000648,157.54017639160156,263234500
QQQ,2025-06-27,544.6369129629151,547.3538082383178,541.9299187322695,545.4629516601562,57577100
AAPL,2025-06-30,201.03834688076608,206.39247448465787,198.30157410241034,204.1831512451172,91912800
MSFT,2025-06-30,492.17479474651304,495.8583832017286,490.4815111095117,492.5411682128906,28369000
NVDA,2025-06-30,158.18928922556665,158.4489531245615,155.7525477292889,157.77984619140625,194580300
QQQ,2025-06-30,548.6177271894713,550.150323841353,546.3785118204822,548.9959106445312,45548700
AAPL,2025-07-01,205.6759415551798,209.17901505124104,205.1484920031366,206.82041931152344,78788900
MSFT,2025-07-01,491.61036068604886,493.1748817381986,486.1741086010328,487.2336120605469,19945400
NVDA,2025-07-01,156.0820975676339,156.99089075003695,151.288494680634,153.09608459472656,213143600
QQQ,2025-07-01,547.0950210069877,548.0703649871544,542.0493151839511,544.3681640625,56166700
AAPL,2025-07-02,207.90517762155153,212.3138626915596,207.13887695509675,211.41819763183594,67941800
MSFT,2025-07-02,485.1937811955959,488.66943364597034,483.9164299655294,486.28302001953125,16319600
NVDA,2025-07-02,152.77652287552658,157.3903883520798,152.76654166200262,157.0408477783203,171224100
QQQ,2025-07-02,543.5421378206258,548.3589656247289,543.5023514145969,548.159912109375,36538300
AAPL,2025-07-03,211.12958235725722,213.61755770997246,210.7912213537831,212.52285766601562,34955800
MSFT,2025-07-03,488.9764203666982,495.2345653483035,488.6100468852986,493.9571838378906,13984800
NVDA,2025-07-03,158.15934077500395,160.76586971787668,157.56014800239086,159.1280517578125,143716100
QQQ,2025-07-03,550.528547956803,554.5292991491806,550.528547956803,553.553955078125,26443500
AAPL,2025-07-07,211.65703516300363,215.18996325511674,207.79570768244494,208.94017028808594,50229000
MSFT,2025-07-07,492.51147619590915,493.86806132382594,490.38252718836065,492.84814453125,13981600
NVDA,2025-07-07,157.98955517353815,159.09807923203843,157.13069855849747,158.02951049804688,140139000
QQQ,2025-07-07,550.8668816007689,551.682958457329,546.9457644201566,549.384033203125,45349300
AAPL,2025-07-08,209.08945658408672,210.41304612040562,207.4473837253886,208.9998779296875,42848900
MSFT,2025-07-08,492.37280697303856,493.3234318678901,489.2734398258723,491.7588806152344,11846600
NVDA,2025-07-08,159.11806346268276,160.00687898854957,158.17931139836438,159.78717041015625,138133000
QQQ,2025-07-08,550.7276203014773,551.3546055319305,548.4585193260065,549.692626953125,36153300
AAPL,2025-07-09,208.52219391164948,210.31353924447487,206.22330706177223,210.12445068359375,48749400
MSFT,2025-07-09,495.40288075164045,501.8194631786975,494.8483646402868,498.58148193359375,18659500
NVDA,2025-07-09,161.0055497766517,164.2012901564699,160.9456320255445,162.66334533691406,183656400
QQQ,2025-07-09,551.8222657361728,554.957191559505,550.448875446199,553.5838012695312,43045500
AAPL,2025-07-10,209.49748097232364,212.45319704499605,209.0197939340788,211.3883514404297,44443600
MSFT,2025-07-10,498.12592881176073,499.50233742843255,492.877819466512,496.5713195800781,16492100
NVDA,2025-07-10,164.10143771292147,164.28119097215313,161.3950357038234,163.88172912597656,167704100
QQQ,2025-07-10,554.2208201829343,554.6288283109999,550.1006487780387,552.7877197265625,34710900
AAPL,2025-07-11,209.55718962168862,211.1096837700706,208.85059795908091,210.14434814453125,39765800
MSFT,2025-07-11,493.5907782355643,500.0865639242522,492.9273231662245,498.393310546875,16459500
NVDA,2025-07-11,163.50223698698784,167.66668863474402,163.25256951238498,164.7006378173828,193633300
QQQ,2025-07-11,550.6479296881262,553.1259849885996,549.4039211443059,551.5436401367188,39618600
AAPL,2025-07-14,208.92024318716173,209.8955403849565,206.54173953773955,207.61654663085938,38840100
MSFT,2025-07-14,496.61090454240406,499.03693501960714,496.1257105345073,498.0962219238281,12058800
NVDA,2025-07-14,165.15003478890583,165.2698855378492,161.80449980139463,163.85177612304688,136975800
QQQ,2025-07-14,551.3346156245823,554.2804496744797,548.9859421113066,553.5440063476562,36453300
AAPL,2025-07-15,208.21368905566166,210.87084499335577,207.9151289669034,208.10421752929688,42296300
MSFT,2025-07-15,498.09622485625505,503.3245408608939,497.8684955298327,500.86883544921875,14927200
NVDA,2025-07-15,170.96229989605533,172.17068192225182,168.97494134085255,170.4729461669922,230627400
QQQ,2025-07-15,557.5646843377589,558.112036002509,553.9918647207423,554.0515747070312,43277700
AAPL,2025-07-16,209.28849593835915,211.37838618562168,207.63647661047767,209.149169921875,47490500
MSFT,2025-07-16,500.23514183467364,501.760076321519,496.97736708309617,500.67083740234375,15154400
NVDA,2025-07-16,170.83247408910898,171.52155877211666,168.67534340451815,171.14205932617188,158831500
QQQ,2025-07-16,554.6089344039383,557.5248833529374,548.9163193085661,554.6188354492188,52314700
AAPL,2025-07-17,209.5571995447156,210.78127919114968,208.58190225319882,209.0098419189453,48068100
MSFT,2025-07-17,500.7302212088446,508.34495123446135,500.67081092720053,506.6913146972656,17503100
NVDA,2025-07-17,171.7911900263939,173.92834287299638,170.60277047944578,172.76988220214844,160841100
QQQ,2025-07-17,555.3453881761403,559.6148040205102,554.5392729959415,559.1072387695312,40423800
AAPL,2025-07-18,209.85573909301036,210.77131219576944,208.69136845628208,210.16424560546875,48974600
MSFT,2025-07-18,509.4440336050126,509.60250130270686,502.463054063605,505.0574035644531,21209700
NVDA,2025-07-18,173.40903901870553,174.01822826089457,171.03219980516573,172.18067932128906,146456400
QQQ,2025-07-18,560.4208944407413,562.0231629422733,557.2959302535468,558.56982421875,50484700
AAPL,2025-07-21,211.07984586548804,214.74213848423943,210.61210526026528,211.4580078125,51377400
MSFT,2025-07-21,501.75013722027745,507.0775109565722,500.6014880788464,505.0673522949219,14066800
NVDA,2025-07-21,172.52022673163836,173.1493936504508,170.77255439137573,171.1520538330078,123126100
QQQ,2025-07-21,559.3958338406302,563.3467757995568,559.365948479278,561.4658203125,39595200
AAPL,2025-07-22,212.1148250502387,213.91611676733493,211.20919838168209,213.36875915527344,46404100
MSFT,2025-07-22,505.968437121084,506.19619667447284,500.32421875,500.32421875,13868600
NVDA,2025-07-22,171.1120799535818,171.16201649130318,164.36107758832912,166.8078155517578,193114300
QQQ,2025-07-22,561.5952444003194,561.6449925970527,555.9325146805868,558.5598754882812,43270600
AAPL,2025-07-23,213.96589762082587,214.11517007989065,211.38835859165647,213.11997985839844,46989300
MSFT,2025-07-23,501.78972599996087,501.8293429250601,495.79895793496456,500.9183349609375,16396600
NVDA,2025-07-23,169.30451898143798,171.03221376466186,167.7465962646817,170.5528564453125,154082200
QQQ,2025-07-23,559.6447408565938,561.1474524289769,556.8979597699224,561.107666015625,40215300
AAPL,2025-07-24,212.87118332406595,214.65258233290422,212.50296779967493,212.7318572998047,46022600
MSFT,2025-07-24,503.79000158856684,508.6420329312165,502.33438916388565,505.8793640136719,16107000
NVDA,2025-07-24,172.21065238052367,173.5988030318276,171.07216922217725,173.50892639160156,128984600
QQQ,2025-07-24,562.4212388074466,563.5259038068097,560.590031519654,562.3018188476562,42275500
AAPL,2025-07-25,213.6673206036272,214.2047317845148,212.37357038101962,212.8512725830078,40268800
MSFT,2025-07-25,507.4537883180946,513.216827976129,505.364456023215,508.68170166015625,19125700
NVDA,2025-07-25,173.37908037175941,174.4876045602178,172.72995103806022,173.26922607421875,122316800
QQQ,2025-07-25,562.2222340881906,564.9789766749151,561.5654242523398,563.6553344726562,30630800
AAPL,2025-07-28,213.00055398053098,213.81661722083774,212.03521828670327,213.0204620361328,37858000
MSFT,2025-07-28,509.0480107678364,509.9589885432546,505.12675096242896,507.48345947265625,14308000
NVDA,2025-07-28,173.78854323017163,176.7645753161742,173.73860668662087,176.51490783691406,140023500
QQQ,2025-07-28,565.0187630549528,566.3125198933016,564.1529379000713,565.4168701171875,31498700
AAPL,2025-07-29,213.14982178903043,213.7767964509494,209.80599741985404,210.2538299560547,51411700
MSFT,2025-07-29,510.4838436674275,512.5533521818816,506.5526719682665,507.55279541015625,16469200
NVDA,2025-07-29,177.72328828972238,179.14139760883538,174.7871965738649,175.2765350341797,154077500
QQQ,2025-07-29,568.0243008153843,569.3678058353573,563.8145950597007,564.5410766601562,45463300
AAPL,2025-07-30,210.88077731884883,211.36842593737322,206.72088996610802,208.04449462890625,45512500
MSFT,2025-07-30,510.12728763864055,510.8996816885534,504.4533945708925,508.2161865234375,26380400
NVDA,2025-07-30,176.27521653092245,179.65072563032518,175.80584046425426,179.03155517578125,174312200
QQQ,2025-07-30,565.4566306884598,567.88493787487,562.3416283337683,565.2974243164062,43433800
AAPL,2025-07-31,207.48719786288635,208.83069544134486,206.16359315375274,206.57162475585938,80698400
MSFT,2025-07-31,549.7952354974353,550.0131135040644,526.6936395202101,528.2779541015625,51617300
NVDA,2025-07-31,182.65671589592668,183.05619299307685,175.69598557745124,177.63340759277344,221685400
QQQ,2025-07-31,571.7861083195327,571.8757036606775,561.1672684870435,562.3018188476562,64613600
AAPL,2025-08-01,209.8557561748323,212.5527283441607,200.530828701964,201.40660095214844,104434500
MSFT,2025-08-01,529.7632164041114,530.5553736121248,515.7616096000787,518.9797973632812,28977600
NVDA,2025-08-01,173.85844036702034,176.3051785902702,170.66269971388826,173.4889373779297,204529000
QQQ,2025-08-01,556.1514446022372,556.3405363278684,549.0356915374143,551.2251586914062,69400800
AAPL,2025-08-04,203.5263267271778,206.88012777005082,200.70993685491413,202.37191772460938,75109300
MSFT,2025-08-04,523.0990575737549,532.9813491761439,522.9604134562841,530.3969116210938,25349000
NVDA,2025-08-04,174.9270158880054,179.96030526461158,174.28786778877773,179.7605743408203,148174600
QQQ,2025-08-04,556.3704570702163,561.6152173589087,556.2709606680011,561.396240234375,47669800
AAPL,2025-08-05,202.42165671427045,204.35232790405936,201.18763073057525,201.9439697265625,44155100
MSFT,2025-08-05,531.9218555369729,532.0406760929504,522.0791498987046,522.5841674804688,19171600
NVDA,2025-08-05,179.38107983649965,180.0202279532499,175.6660266458598,178.02288818359375,156407600
QQQ,2025-08-05,562.6799876518158,563.8443626007596,557.047083143738,557.5845336914062,48666600
AAPL,2025-08-06,204.64097466073486,214.34407953630614,204.60115854716602,212.2243194580078,108483100
MSFT,2025-08-06,525.70337986457,526.4955370830186,518.9006307843745,519.8016967773438,21355700
NVDA,2025-08-06,176.09546439011424,179.66070799076476,176.01556896990587,179.1813507080078,137192300
QQQ,2025-08-06,558.4205125100245,565.0386624956789,557.9428326498341,564.6007690429688,41823700
AAPL,2025-08-07,217.82723230897543,219.78775818606874,215.53829184895108,218.97169494628906,90224800
MSFT,2025-08-07,521.6434435727333,522.9208551796034,512.483986539974,515.7418212890625,16079100
NVDA,2025-08-07,181.32851054269395,183.6354356942093,178.5621905082108,180.52957153320312,151878400
QQQ,2025-08-07,568.9298809926769,570.5719965866228,562.4013265086303,566.5115356445312,44463000
AAPL,2025-08-08,219.76784743364436,229.88892965735022,218.19544514014734,228.2468719482422,113854000
MSFT,2025-08-08,517.4845698020915,519.524403327164,514.3257923084495,516.9300537109375,15531000
NVDA,2025-08-08,181.30852119793246,183.05619350177665,180.16004168373897,182.4569854736328,123396700
QQQ,2025-08-08,567.7157577691117,572.0150586353669,567.4172078636645,571.7960815429688,35255500
AAPL,2025-08-11,227.08116933177635,228.71513292468896,223.9327956372812,226.34388732910156,61806100
MSFT,2025-08-11,517.1875615378566,522.4258201385037,514.6327984158801,516.6627807617188,20194400
NVDA,2025-08-11,181.80785936297346,183.59547178906817,180.01025048518693,181.81784057617188,138323200
QQQ,2025-08-11,571.9354554685915,574.0353274481827,568.8304148017489,570.104248046875,33112900
AAPL,2025-08-12,227.17084589508121,229.95058632959714,226.2343181614284,228.8048095703125,55626200
MSFT,2025-08-12,518.6233183732385,525.7825288027884,517.5836082950698,524.0595703125,18667000
NVDA,2025-08-12,182.7166509044063,184.234618174838,179.22130626788388,182.9163818359375,145485700
QQQ,2025-08-12,572.4031383383943,577.568264258411,569.7459530883017,577.2697143554688,42143300
AAPL,2025-08-13,230.2195756343437,234.1351043372746,229.58191650034667,232.47125244140625,69878500
MSFT,2025-08-13,526.9014833945702,527.4857348349631,514.2861971986356,515.484375,19619200
NVDA,2025-08-13,182.37709375214726,183.72530422356274,179.11145412417423,181.3484649658203,179871700
QQQ,2025-08-13,579.9667330931853,580.5240464797514,576.165035771658,577.558349609375,41209300
AAPL,2025-08-14,233.1985666998313,234.25466305951576,230.0003892485326,231.92327880859375,51916300
MSFT,2025-08-14,517.445017549053,520.8018496782777,515.0487221853349,517.3657836914062,20269100
NVDA,2025-08-14,179.51090820642335,182.7765629312542,179.22130065055427,181.77789306640625,129554000
QQQ,2025-08-14,575.5083270283026,579.091047893356,575.1400445589929,577.110595703125,45425000
AAPL,2025-08-15,233.1387895567921,233.417757832359,228.49593650929467,230.73765563964844,56038700
MSFT,2025-08-15,517.6530169939211,520.9503786133035,513.9991332111027,515.0784301757812,25213300
NVDA,2025-08-15,181.6380820439347,181.658044469753,177.8031781362909,180.20997619628906,156602200
QQQ,2025-08-15,577.0209239007323,577.060771050305,572.811218330625,574.57275390625,49480200
AAPL,2025-08-18,230.8472538899505,232.26202593201924,229.26310933608104,230.0402374267578,37476200
MSFT,2025-08-18,516.4844919382945,517.7024328589179,508.9885829187347,512.0383911132812,23760600
NVDA,2025-08-18,180.359785616326,182.69666946783065,180.3497891649352,181.7678985595703,132008000
QQQ,2025-08-18,573.67703945311,575.0006815724842,572.4827790837365,574.3438110351562,29831000
AAPL,2025-08-19,230.4287923573085,232.01293684851592,228.50590285589897,229.71144104003906,39402600
MSFT,2025-08-19,509.9589996924715,510.11740696385556,503.5721224631474,504.7801818847656,21481000
NVDA,2025-08-19,182.1873495042791,182.25726371442747,175.25659293377495,175.40638732910156,185229200
QQQ,2025-08-19,573.6272360152775,573.7964041556768,565.5262384524466,566.5513305664062,53752600
AAPL,2025-08-20,229.13358225147155,229.6217843388592,224.93908515924198,225.17819213867188,42263900
MSFT,2025-08-20,504.87920872605446,505.9981527246316,499.5023667236012,500.76983642578125,27723000
NVDA,2025-08-20,174.93701244991922,175.76591033294957,168.57548977611862,175.1667022705078,215142700
QQQ,2025-08-20,565.6059676042936,565.7253875756548,556.1614636230435,563.1876220703125,76781100
AAPL,2025-08-21,225.43723377620466,225.6863136691638,222.95639256938466,224.072265625,30621200
MSFT,2025-08-21,499.57962247206007,503.48747238505433,498.6175369804135,500.1251220703125,18443300
NVDA,2025-08-21,174.61742144674352,176.66468235557974,173.57879631630271,174.7472381591797,140040900
QQQ,2025-08-21,561.6450181787756,563.774775630925,558.2911756152315,560.5802001953125,46436900
AAPL,2025-08-22,225.33760837029214,228.2468598588307,224.58041092619504,226.9217529296875,42477800
MSFT,2025-08-22,500.13506667774504,506.5621975190336,498.3100856343386,503.09075927734375,24324200
NVDA,2025-08-22,172.38040151215634,178.35244288234992,170.97227338198675,177.7532501220703,172789400
QQQ,2025-08-22,561.9634564557491,571.238791941298,560.5702032580724,569.2284545898438,51502100
AAPL,2025-08-25,225.6464693442017,228.45609804536198,225.3973894325087,226.323974609375,30983100
MSFT,2025-08-25,502.4956437530773,504.04291093011733,500.00611695670057,500.1449890136719,21638600
NVDA,2025-08-25,178.11278178635797,181.6680441727565,176.33515059315872,179.57083129882812,163012800
QQQ,2025-08-25,567.6659983001664,570.5420998652211,566.4318908111547,567.5863647460938,34044700
AAPL,2025-08-26,226.03502689374838,228.6453946309622,223.86305742355088,228.46604919433594,54575100
MSFT,2025-08-26,500.24412923099453,500.8590951140394,494.44189267773186,497.9430847167969,30835700
NVDA,2025-08-26,179.82049655621498,182.14739921043056,178.57215920342722,181.52822875976562,168688200
QQQ,2025-08-26,567.0987738406898,570.1739291946637,566.0736815609588,569.8654174804688,34103000
AAPL,2025-08-27,227.7686378094015,230.05020313892598,227.41991984776428,229.6417236328125,31259500
MSFT,2025-08-27,497.90339657266526,503.1502356611414,495.82052770460996,502.6047058105469,17277900
NVDA,2025-08-27,181.7379436715125,182.24727507184866,178.86178472902657,181.35845947265625,235518900
QQQ,2025-08-27,568.8503542214644,571.6567843025553,567.6361701841732,570.7412109375,36927100
AAPL,2025-08-28,229.9704999102399,232.55096405412047,228.4959359400532,231.70408630371094,38074700
MSFT,2025-08-28,502.9518399416591,506.919197559233,501.3748189208979,505.4810485839844,18015600
NVDA,2025-08-28,180.5794881684096,184.22462699678687,176.17535050737845,179.9303436279297,281787800
QQQ,2025-08-28,571.3582297430389,575.2295992365423,569.7161747720991,574.3140258789062,46787900
AAPL,2025-08-29,231.65426265633033,232.52107103838586,230.51845893056873,231.28562927246094,39418400
MSFT,2025-08-29,504.5090702372647,505.44140176386463,500.3730863144936,502.5551452636719,20961600
NVDA,2025-08-29,177.87308356836775,177.91302365652732,172.91967451951007,173.94830322265625,243257900
QQQ,2025-08-29,571.9055458127416,572.273828233091,565.8148847062891,567.666015625,56030400
AAPL,2025-09-02,228.4062708029861,230.00038826150748,226.1346633063032,228.87454223632812,44075600
MSFT,2025-09-02,496.38587753866574,501.87074834041937,492.75574161607386,500.9979248046875,18128000
NVDA,2025-09-02,169.77389508693435,172.15073449446965,166.997593786357,170.5528564453125,231164900
QQQ,2025-09-02,558.6195355636612,563.2571726003424,556.8580000613789,562.9088745117188,65876800
AAPL,2025-09-03,236.33697373754433,237.9709372370204,233.49745685978084,237.5923309326172,66427800
MSFT,2025-09-03,499.6788070917271,503.64616490840893,498.220801883355,501.22607421875,16345100
NVDA,2025-09-03,170.83246833565184,172.18067877773825,168.6553752976972,170.39305114746094,164424900
QQQ,2025-09-03,566.5015849549442,568.9597775003773,564.0135677896833,567.3375854492188,54230200
AAPL,2025-09-04,237.57239985348932,239.0170601981439,235.8687018920251,238.8975067138672,47549400
MSFT,2025-09-04,500.18467308127,504.00326140342247,499.04406365219614,503.8247375488281,15509500
NVDA,2025-09-04,170.34313981864827,171.6314173426514,169.18467902530818,171.4316864013672,141670100
QQQ,2025-09-04,568.0044307011564,572.8411221194266,566.302665614699,572.472900390625,47526300
AAPL,2025-09-05,239.1167179897741,240.43186723598095,237.61228077870243,238.807861328125,54870400
MSFT,2025-09-05,504.9157608525771,507.7920894589463,488.3520284612672,490.9605712890625,31994800
NVDA,2025-09-05,167.8065026792569,168.80517258283567,163.8517783946414,166.7978515625,224441400
QQQ,2025-09-05,577.7076484747704,578.3346336864022,568.7906334517568,573.2988891601562,68342500
AAPL,2025-09-08,238.41928864081726,239.2661511981365,235.47017586985078,237.0045166015625,48999500
MSFT,2025-09-08,494.0451377441344,497.1099483047291,490.990285532587,494.1344299316406,16771000
NVDA,2025-09-08,167.32715219255022,170.73262035939155,167.12742125141602,168.0861358642578,163769100
QQQ,2025-09-08,575.5977945125156,578.0559870759845,575.0006946855148,576.0953979492188,46371400
AAPL,2025-09-09,236.12775932745953,237.90120710535396,232.5011563745861,233.48751831054688,66313900
MSFT,2025-09-09,497.33805669614713,498.15137232357364,493.63851485593227,494.34271240234375,14410500
NVDA,2025-09-09,168.86509051949957,170.75257602974241,166.51822538667548,170.53286743164062,157548400
QQQ,2025-09-09,576.8915995273586,578.155531799883,574.2742003720782,577.7276000976562,44007600
AAPL,2025-09-10,231.33545739080094,231.56460664903227,225.118417424808,225.955322265625,83440800
MSFT,2025-09-10,498.8754600894228,499.1234199731124,492.6665349159027,496.2867431640625,21611800
NVDA,2025-09-10,176.4050468150653,179.05151589898875,175.2366048852674,177.09413146972656,226852000
QQQ,2025-09-10,580.9420329124574,580.971918274203,575.7769069667078,577.9166259765625,49308000
AAPL,2025-09-11,226.04500979013486,229.60186307827533,225.81584532196928,229.18341064453125,50208600
MSFT,2025-09-11,498.15138006137016,499.0638857033828,493.8170463660224,496.9215087890625,18881600
NVDA,2025-09-11,179.45110250300584,180.05034427267074,176.2551819566126,176.94430541992188,151159300
QQQ,2025-09-11,580.4444560297375,582.0766099053841,578.8322257294989,581.2804565429688,44745800
AAPL,2025-09-12,228.37638560886936,233.6469097348115,228.17712472443904,233.2085418701172,55824200
MSFT,2025-09-12,502.5154742767582,508.367321245748,499.73833579713096,505.73895263671875,23624900
NVDA,2025-09-12,177.5435664999128,178.37251110105626,176.22524055900428,177.593505859375,124911000
QQQ,2025-09-12,582.2357922273038,585.0422828265267,581.3002953608963,583.8480224609375,50745900
AAPL,2025-09-15,236.1277410783948,237.31336381412066,234.16499028444412,235.82884216308594,42699500
MSFT,2025-09-15,504.6379958107742,511.26344571936806,502.8625947427051,511.15435791015625,17143800
NVDA,2025-09-15,175.44622258887705,178.62217970015598,174.28769658655634,177.52357482910156,147061600
QQQ,2025-09-15,585.6195335974215,588.9534523182087,585.4702282697297,588.843994140625,44360300
AAPL,2025-09-16,236.30708253667353,240.33222235518573,235.45026224943368,237.2735137939453,63421100
MSFT,2025-09-16,512.6619733694059,513.0090929577493,504.449544036503,504.8859558105469,19711900
NVDA,2025-09-16,176.77453647764895,177.27389957504343,174.15787872389456,174.65724182128906,140737800
QQQ,2025-09-16,589.7695130089575,590.018314719858,587.6596793599289,588.3463745117188,36942100
AAPL,2025-09-17,238.09049720761,239.21634322602875,236.85505542454314,238.1104278564453,46508000
MSFT,2025-09-17,506.4530503919847,507.1175961354426,501.80132099339164,505.8579406738281,15816600
NVDA,2025-09-17,172.42008695754546,172.97937117956877,168.1954794867923,170.0730743408203,211843800
QQQ,2025-09-17,588.2667613743852,588.9136701422223,581.5690385221046,587.1720581054688,69384800
AAPL,2025-09-18,239.08682096339746,240.31228984200703,235.77903252032195,237.0045166015625,44249600
MSFT,2025-09-18,507.31595138937655,508.883074673213,503.5172196080818,504.30078125,18913700
NVDA,2025-09-18,173.7583871307785,176.87442336525442,172.73969733735942,176.01551818847656,191763300
QQQ,2025-09-18,592.058483907603,595.2730433570825,590.1178791327126,592.466552734375,61069300
AAPL,2025-09-19,240.34217704154452,245.3935247988757,239.32594197772087,244.59646606445312,163741300
MSFT,2025-09-19,506.39351766303514,515.0621842649809,506.1455578149837,513.703369140625,52474100
NVDA,2025-09-19,175.54609885389235,177.8531538116004,174.95683884616588,176.4449462890625,237182100
QQQ,2025-09-19,594.4668964152456,597.173829761915,592.9939490424024,596.4771728515625,58196100
AAPL,2025-09-22,247.38616206443075,255.69547916115815,247.2068166293636,255.13751220703125,105517400
MSFT,2025-09-22,511.3825425873763,513.5149611406991,508.35738375283694,510.2518310546875,20009300
NVDA,2025-09-22,175.07671637070237,184.31493427279133,174.48747153493287,183.37612915039062,269637000
QQQ,2025-09-22,595.56457167487,600.6759063866804,595.5446250028239,600.0083618164062,57154800
AAPL,2025-09-23,254.93828225227924,256.3929004583055,252.64674396870498,253.4936065673828,60275200
MSFT,2025-09-23,509.60711582016205,510.3907077578639,503.17008724169204,505.0744323730469,19799600
NVDA,2025-09-23,181.73821238324945,182.18763613663097,175.9855548133895,178.2027130126953,192559600
QQQ,2025-09-23,600.1777560752951,600.3770403666388,594.8073576106723,596.02294921875,64635500
AAPL,2025-09-24,254.2807025242173,254.79879299943292,250.11607847800005,251.38140869140625,42303700
MSFT,2025-09-24,506.215041937542,508.29788064425674,502.7832857896144,505.9869079589844,13533700
NVDA,2025-09-24,179.54100413716742,179.5509859124944,175.17656050171237,176.74456787109375,143564100
QQQ,2025-09-24,597.3979183069385,597.7167610032964,591.2005236200914,593.9305419921875,49850300
AAPL,2025-09-25,252.27810324622078,256.22353571779615,250.7836237831838,255.92462158203125,55202100
MSFT,2025-09-25,504.15198973027213,505.84805701475193,500.9186136455738,502.8923645019531,15786500
NVDA,2025-09-25,174.25773588995062,180.0303718676576,172.90946471941734,177.46365356445312,191586700
QQQ,2025-09-25,590.0447574609248,592.9541133753095,586.358211090951,591.3699340820312,70920200
AAPL,2025-09-26,253.1648258525147,256.65194458214916,252.84599627139946,254.5198211669922,46076300
MSFT,2025-09-26,505.8976246789574,509.74596656687834,502.4856945681329,507.28619384765625,16213100
NVDA,2025-09-26,177.94304916264082,179.54101721374016,174.70717071687335,177.96302795410156,148573700
QQQ,2025-09-26,592.1869260081028,594.1298414316656,588.9089213733314,593.801025390625,54337400
AAPL,2025-09-29,253.6231329894407,254.06151607705354,252.07883445903423,253.4936065673828,40127700
MSFT,2025-09-29,507.325895548039,512.6322125671903,504.72728094557834,510.40057373046875,17617800
NVDA,2025-09-29,180.2001578366391,183.76561762390497,180.09031258631592,181.6183624267578,193063500
QQQ,2025-09-29,596.929586249639,599.858888854889,595.2357610619866,596.5509643554688,48332900
AAPL,2025-09-30,253.92203562343897,254.9781320575181,252.17847617402816,253.69288635253906,37704300
MSFT,2025-09-30,509.05168089535164,513.9315141469417,505.5009089039439,513.7232666015625,19728200
NVDA,2025-09-30,181.848063160254,187.11135435179565,181.2488213615314,186.3423309326172,236981000
QQQ,2025-09-30,596.2520555976123,598.5237869140956,593.9305184146496,598.1849975585938,46533800
AAPL,2025-10-01,254.10134722927504,257.83756097799323,253.9917514638179,254.5098419189453,48713900
MSFT,2025-10-01,510.5989672146665,516.262392605391,507.5143608700387,515.4689331054688,22632300
NVDA,2025-10-01,185.00405809785752,187.9003581593927,183.665753326035,187.0015106201172,173844900
QQQ,2025-10-01,594.9966151966095,601.592517201177,594.1696797218984,601.0545043945312,46899600
AAPL,2025-10-02,255.63566078088252,257.229778167004,253.21461153357077,256.18365478515625,42630200
MSFT,2025-10-02,513.4158303625842,517.343476169315,506.5126054199375,511.53131103515625,21222900
NVDA,2025-10-02,189.35850113919957,190.80665113886596,187.82045419605362,188.64939880371094,136805800
QQQ,2025-10-02,604.8506893778672,604.950301116935,600.7357150581139,603.5255126953125,43765400
AAPL,2025-10-03,253.73271197999827,258.2858846694617,253.01536064819075,257.07037353515625,49155600
MSFT,2025-10-03,512.8801529316524,516.2425031799986,510.7973143114264,513.1281127929688,15112300
NVDA,2025-10-03,188.94900408551683,190.11751186051177,185.1438598655547,187.38099670410156,137596900
QQQ,2025-10-03,604.3027001978111,605.1197232184186,599.2013385970163,600.9848022460938,46482100
AAPL,2025-10-06,257.0405037108186,258.1165459888059,254.11133663097664,255.74530029296875,44664100
MSFT,2025-10-06,514.377848960065,526.6965386672223,513.9712214168786,524.256591796875,21388600
NVDA,2025-10-06,185.26372281570642,186.99151499327596,183.09648864167906,185.3036651611328,157678100
QQQ,2025-10-06,606.2355880916678,607.1422494333636,603.7645725777412,605.498291015625,41962100
AAPL,2025-10-07,255.86484387966763,256.45266881763376,254.48991791397023,255.53607177734375,31955800
MSFT,2025-10-07,523.9788048028778,525.4764919541412,517.1847292577561,519.7039794921875,14615200
NVDA,2025-10-07,185.99277739696944,188.8191743935438,183.76562222076905,184.80429077148438,140088000
QQQ,2025-10-07,606.8035939044607,607.4910851983766,600.835403229105,602.3099975585938,58209500
AAPL,2025-10-08,255.5758888188916,257.56852798749276,255.16739414069707,257.1102294921875,36496900
MSFT,2025-10-08,519.0098207695767,522.6498549115006,518.8213688365025,520.5669555664062,13363400
NVDA,2025-10-08,186.33235229407293,189.35849142592937,186.30237648821537,188.86911010742188,130168900
QQQ,2025-10-08,603.2066381307736,609.523591030116,603.0572205300643,609.2147216796875,50629800
AAPL,2025-10-09,256.8611554198282,257.0504585775582,252.2083446799687,253.1050262451172,38322000
MSFT,2025-10-09,518.07745494396,520.0512058016051,513.1777655449532,518.136962890625,18343600
NVDA,2025-10-09,191.9851285494953,195.05122522476873,190.816620752273,192.32470703125,182997200
QQQ,2025-10-09,609.2545466200572,609.3840783602061,605.2691043090726,608.4774169921875,45551000
AAPL,2025-10-10,254.00171816056968,255.436420799504,243.10197943699816,244.3673095703125,61999100
MSFT,2025-10-10,515.3994727403434,519.3073226434543,505.47115003636685,506.790283203125,24133800
NVDA,2025-10-10,193.26350393527704,195.37081685366852,181.81811007166195,182.92669677734375,268774400
QQQ,2025-10-10,609.1748739271294,610.9483641105261,586.9061788056832,587.3545532226562,97614800
AAPL,2025-10-13,248.46219085423505,248.7710475029622,244.6562426215344,246.74851989746094,38142900
MSFT,2025-10-13,512.1957680051081,512.1957680051081,507.50438692257717,509.85504150390625,14284200
NVDA,2025-10-13,187.73057886865314,189.86785248459339,185.72314454487463,188.08013916015625,153482800
QQQ,2025-10-13,597.497493628088,600.7556121211176,595.056398092238,599.8190307617188,65872600
AAPL,2025-10-14,245.69241642712313,247.93413549962378,243.79940008876653,246.8581085205078,35478000
MSFT,2025-10-14,506.06622732552523,511.07503445038043,501.87073577210117,509.37896728515625,14684300
NVDA,2025-10-14,184.5346420566055,184.56460262310264,179.47109296765566,179.80067443847656,205641400
QQQ,2025-10-14,593.1434568492728,600.4966033203683,587.9823159734815,595.8236694335938,69203200
AAPL,2025-10-15,248.57178982967116,250.89321639065437,246.559219921403,248.42233276367188,33893600
MSFT,2025-10-15,510.75765569343554,512.9694382549203,505.838110317394,509.2401123046875,14694700
NVDA,2025-10-15,184.56460739230218,184.63451030281777,177.06416377208902,179.60093688964844,214450500
QQQ,2025-10-15,601.8117836952674,604.4919961772353,593.7611729131481,600.0282592773438,62805500
AAPL,2025-10-16,247.33633482463924,248.1234206007849,244.2278226113223,246.53927612304688,39777000
MSFT,2025-10-16,508.3970827878481,512.6321960787722,503.9833851231019,507.4349670410156,15559600
NVDA,2025-10-16,181.99786281424815,183.04652832403656,179.5410050089342,181.57839965820312,179723300
QQQ,2025-10-16,602.9077579751356,606.0961241101174,593.3327470469682,597.806396484375,70982000
AAPL,2025-10-17,247.10719170360767,252.44746537322095,246.35995200283696,251.36146545410156,49147000
MSFT,2025-10-17,504.88601698312937,511.2734358883721,503.17012365144205,509.38897705078125,19867800
NVDA,2025-10-17,179.9504818191574,183.86550198639478,179.52103686227596,182.9866180419922,173135200
QQQ,2025-10-17,595.7738386787643,603.306322454893,594.1995718879336,601.7320556640625,72024900
AAPL,2025-10-20,254.94822099113512,263.4069798400544,254.68918336894043,261.27484130859375,90483000
MSFT,2025-10-20,510.4104293345006,514.4670788802013,509.2400661752128,512.5726318359375,14665600
NVDA,2025-10-20,182.89672994644732,184.96408521149223,181.4985041529273,182.4073486328125,128544700
QQQ,2025-10-20,604.9303203667564,610.5696939626,604.8605678351395,609.3142700195312,45761700
AAPL,2025-10-21,260.9161783410852,264.3136317818121,260.86634411857244,261.8028869628906,46695900
MSFT,2025-10-21,513.2769402267872,514.4572316509175,508.8533142722573,513.4356079101562,15586200
NVDA,2025-10-21,182.55715836486127,182.55715836486127,179.5709767314294,180.9292449951172,124240200
QQQ,2025-10-21,609.41403175621,610.4900574537519,607.1024677916307,609.1549682617188,44538200
AAPL,2025-10-22,261.68336485657886,261.882640960004,254.48993535873984,257.49884033203125,45015300
MSFT,2025-10-22,516.8971823641815,520.943843958813,513.4852520447155,516.2921142578125,18962700
NVDA,2025-10-22,180.9092591258601,183.20633238125785,176.53483359319367,180.05035400390625,162249600
QQQ,2025-10-22,608.5969960402966,609.1848147458128,597.5573034367524,603.286376953125,61478800
AAPL,2025-10-23,258.98332466328685,259.6608147081683,257.0604350924048,258.6246337890625,32754900
MSFT,2025-10-23,518.1964086283891,519.6742395740552,514.3777908083965,516.3118896484375,14023500
NVDA,2025-10-23,180.19017423035882,182.7968501503985,179.5609718650331,181.92796325683594,111363700
QQQ,2025-10-23,602.7085014161719,609.1450131867009,602.319966975814,608.35791015625,42844300
AAPL,2025-10-24,260.2287163700197,263.15789839957887,258.22610426270086,261.85272216796875,38253700
MSFT,2025-10-24,518.5237814648117,521.0628883153897,516.4607987679614,519.3370971679688,15532400
NVDA,2025-10-24,183.6058200325102,187.23120099697576,183.26625678365264,186.02273559570312,131296700
QQQ,2025-10-24,613.7481802624443,616.1693293175521,612.8913247080658,614.8541259765625,47632500
AAPL,2025-10-27,263.9051197703755,268.1295048126629,263.6759553344934,267.8206481933594,44888200
MSFT,2025-10-27,527.4404441110845,530.2175826339089,524.6930292943027,527.1825561523438,18734700
NVDA,2025-10-27,189.74800438556454,191.75543864774096,188.18997864549505,191.24609375,153452700
QQQ,2025-10-27,622.2471843336021,626.2624862060553,621.7589773359792,625.80419921875,54098600
AAPL,2025-10-28,267.9999758056659,268.896687690681,267.16307106420925,268.00994873046875,41534800
MSFT,2025-10-28,545.511702993095,549.2013167264516,536.3570441492753,537.6464233398438,29986700
NVDA,2025-10-28,192.8040950113927,202.8912204382634,191.66554775855593,200.77392578125,297986200
QQQ,2025-10-28,628.0658354818435,632.3701204498367,626.9598898422056,630.6165161132812,61195700
AAPL,2025-10-29,268.28892986747474,270.4110953948544,266.1269030442272,268.7073974609375,51086700
MSFT,2025-10-29,540.4929653309738,541.8121286840217,532.3499420595073,537.130615234375,36023000
NVDA,2025-10-29,207.715080745974,211.9197249544373,204.51915980095313,206.77627563476562,308829600
QQQ,2025-10-29,633.2769001713006,634.6917152842577,627.9563074763624,633.4562377929688,67422800
AAPL,2025-10-30,270.98894793982623,273.1310593223432,267.49188695276854,270.401123046875,69886500
MSFT,2025-10-30,526.1509968235328,530.6043464776645,517.8592331602406,521.4695434570312,41023100
NVDA,2025-10-30,204.88867704045037,205.89740027142088,201.1534507471854,202.63156127929688,178864400
QQQ,2025-10-30,629.8693290874667,631.1945058511565,623.6620213630231,623.7716064453125,61628600
AAPL,2025-10-31,275.9705701844509,276.29937269597025,268.16940070155243,269.37493896484375,86167100
MSFT,2025-10-31,524.5640822050067,525.0004940086545,510.89650476941233,513.5844116210938,34006400
NVDA,2025-10-31,206.18701808603035,207.70508615602077,201.81260775338424,202.23207092285156,179802200
QQQ,2025-10-31,631.8619934183905,631.8919134270566,624.4092354874234,626.7805786132812,66305100
AAPL,2025-11-03,269.42476736726525,269.8531775103368,265.2701011373342,268.0597839355469,50194600
MSFT,2025-11-03,515.5680732671589,520.6760707602963,510.3907002836433,512.810791015625,22374700
NVDA,2025-11-03,207.8149540137207,211.07079600988305,205.2981596683369,206.61648559570312,180267300
QQQ,2025-11-03,632.798481607898,633.5059194321615,627.5576158213403,629.779541015625,37154300
AAPL,2025-11-04,267.3424142382169,270.49078769741067,266.6350358638735,269.046142578125,49274800
MSFT,2025-11-04,507.5838081580189,511.342858187808,503.6957838776707,510.1328430175781,20958700
NVDA,2025-11-04,202.7414122562426,203.71017785907821,197.67786326579136,198.43690490722656,188919300
QQQ,2025-11-04,621.0117005353788,624.6683271251044,616.2092348629542,616.996337890625,63830800
AAPL,2025-11-05,267.6214146886098,270.7000692568828,265.94760492323326,269.14581298828125,43683100
MSFT,2025-11-05,509.11117977922714,510.6287232020861,502.4460174356622,503.02130126953125,23024300
NVDA,2025-11-05,198.51681234435117,202.66152000582164,194.40205001057666,194.9613494873047,171350300
QQQ,2025-11-05,616.2391121345779,624.3195827183903,614.9638020768305,621.01171875,48688500
AAPL,2025-11-06,266.90407480138714,272.3937751745226,266.90407480138714,268.7771301269531,51204000
MSFT,2025-11-06,501.5335702984596,501.5732523540539,491.7639450704796,493.0434265136719,27406500
NVDA,2025-11-06,196.16981228388872,197.3682807609907,186.14260723026618,187.84043884277344,223029800
QQQ,2025-11-06,619.5270737190788,619.7761638844125,608.078899450419,609.4439086914062,72115100
AAPL,2025-11-07,268.80702532983145,271.2878818962731,265.7881780523408,267.48193359375,48227400
MSFT,2025-11-07,492.89466053302914,495.304823297102,489.22484220934433,492.7657165527344,24019800
NVDA,2025-11-07,184.66444902638756,188.08010568481336,178.682089465448,187.91030883789062,264942300
QQQ,2025-11-07,606.0960857298178,607.730131632313,596.4911554011275,607.5208740234375,81835400
AAPL,2025-11-10,268.2298525605972,272.98692304032335,266.733924572705,268.6985778808594,41312400
MSFT,2025-11-10,495.95940345274505,502.7138276367279,494.72950196106785,501.8707580566406,26101500
NVDA,2025-11-10,194.8614791513322,199.68532876518447,193.5431531870904,198.7964630126953,198897100
QQQ,2025-11-10,616.6674802752618,622.0378784586748,614.644899897251,620.9617919921875,55919900
AAPL,2025-11-11,269.07757258136417,275.16101963639426,269.0675899882029,274.5028076171875,46208300
MSFT,2025-11-11,500.68055811559174,505.4414057875519,498.2505695472254,504.5289001464844,17980000
NVDA,2025-11-11,194.91140808059743,195.17107140540628,191.05632435423007,192.91395568847656,176483300
QQQ,2025-11-11,618.3115007347396,620.4536395227035,615.2726130875191,619.307861328125,44868800
AAPL,2025-11-12,274.2535066981436,274.9815360542478,270.9624767916609,272.7276611328125,48398000
MSFT,2025-11-12,505.2033686484966,507.4945458106546,495.0469415436793,506.9688720703125,26574900
NVDA,2025-11-12,195.47068348463264,195.64046510157328,190.8865341091802,193.55313110351562,154935300
QQQ,2025-11-12,622.5659665942537,622.5858524528388,615.5615225825271,618.8196411132812,47444400
AAPL,2025-11-13,273.36590026791555,275.9488963676571,271.3513946141157,272.2090759277344,49602800
MSFT,2025-11-13,506.1455939798088,509.3095642884979,497.1992129195551,499.1828918457031,25273100
NVDA,2025-11-13,190.8066439854392,191.1961465947379,183.61581837719615,186.62197875976562,207423100
QQQ,2025-11-13,615.2925422980531,615.8704485105809,603.8742880136988,606.1858520507812,71333600
AAPL,2025-11-14,270.31420819279356,275.21088338895913,268.8681625557137,271.6705322265625,47431300
MSFT,2025-11-14,494.16416907736203,507.42505738590404,493.38060745410195,506.0166320800781,28505700
NVDA,2025-11-14,182.62706393415107,190.76667594021126,180.34996953708986,189.92774963378906,186591900
QQQ,2025-11-14,597.3679891941105,611.1177533949825,594.9966460866717,606.6441040039062,80087300
AAPL,2025-11-17,268.0903024129557,269.75575219797963,265.00869378967747,266.7339782714844,45018300
MSFT,2025-11-17,504.3007594029326,507.9407930820625,500.78963942134817,503.34857177734375,19092800
NVDA,2025-11-17,185.73311754704963,188.75925679396335,184.08522536919267,186.36231994628906,173628900
QQQ,2025-11-17,604.0934192729386,610.2509204798646,597.6868279161546,601.4630126953125,63850400
AAPL,2025-11-18,269.25705465795,269.97510130800674,264.59974924229334,266.7139892578125,45677300
MSFT,2025-11-18,491.3275301094218,498.87544447228873,482.8076324047851,489.76043701171875,33815100
NVDA,2025-11-18,183.14641371605563,184.5646030780414,179.42115405263684,181.1289825439453,213598900
QQQ,2025-11-18,597.4377829439551,600.1179955916228,589.1879481795877,594.1398315429688,83327300
AAPL,2025-11-19,264.80921977983166,271.47107967039307,264.77930243197466,267.83099365234375,40424500
MSFT,2025-11-19,486.1005289347495,491.14898819063853,478.88983663624714,483.14483642578125,23245300
NVDA,2025-11-19,184.5546024199349,187.62069907956393,182.5971076589588,186.28240966796875,247246400
QQQ,2025-11-19,594.897031094223,603.9539148983285,592.4260762649179,597.6868286132812,73111500
AAPL,2025-11-20,270.09480618650156,274.68232536305425,265.1981613886433,265.5272521972656,45823600
MSFT,2025-11-20,489.60385435710714,490.45844852333465,472.50235794747454,475.41387939453125,26802500
NVDA,2025-11-20,195.70039225393623,195.7503316108911,179.62090987236718,180.40989685058594,343504800
QQQ,2025-11-20,609.3940836964333,611.7953468701894,582.6218784315797,583.5385131835938,117743200
AAPL,2025-11-21,265.2280517805383,272.5879921198442,264.9488130991126,270.75299072265625,59030800
MSFT,2025-11-21,475.4834301610789,475.9007957312625,465.3179114267742,469.1436462402344,31769200
NVDA,2025-11-21,181.00913979899244,184.32490281868388,172.70971237567008,178.6521453857422,346926200
QQQ,2025-11-21,585.3319113971087,594.807310091711,578.6264242609341,587.9224853515625,103344200
AAPL,2025-11-24,270.164627965921,276.24807542504453,270.164627965921,275.1710205078125,65585800
MSFT,2025-11-24,472.0055061050608,473.89352206444323,465.0694984877541,471.0118103027344,34421000
NVDA,2025-11-24,179.2613745727385,183.26626122561635,176.25519889972114,182.31747436523438,256618300
QQQ,2025-11-24,593.1135933516537,604.4720682054578,592.9939741263881,602.9575805664062,60168100
AAPL,2025-11-25,274.52277261748515,279.6189174225992,274.50283786370125,276.2181701660156,46914200
MSFT,2025-11-25,471.08139630740516,476.12935785467323,461.95927573241335,473.98297119140625,28019800
NVDA,2025-11-25,174.68720886729724,177.9330691207534,169.3340356551,177.593505859375,320600300
QQQ,2025-11-25,601.3135864178203,608.0390203669549,595.1461119637967,606.6740112304688,57560900
AAPL,2025-11-26,276.2081750495132,278.7712060098946,275.8790842359358,276.79656982421875,33431400
MSFT,2025-11-26,483.244222260298,485.23161394332453,478.1664510662567,482.4393310546875,25709100
NVDA,2025-11-26,181.39863013804072,182.67699835309762,178.01294919921247,180.03036499023438,183852000
QQQ,2025-11-26,610.2808195033393,613.9474190856081,608.1685399702174,612.034423828125,42393600
AAPL,2025-11-28,276.50736791500816,278.242634823177,275.2407959413455,278.0930480957031,20135600
MSFT,2025-11-28,484.5260924315005,489.5243812398697,483.5820692635899,488.9082946777344,14386700
NVDA,2025-11-28,178.7819702942556,179.0616124091028,176.27517303639212,176.7745361328125,121332800
QQQ,2025-11-28,613.8677508272276,617.0660904342964,613.1802595402138,616.996337890625,23034400
AAPL,2025-12-01,277.2553332443013,282.65065109438723,275.3904143522869,282.3315124511719,46587700
MSFT,2025-12-01,485.3607732415945,486.7718042788117,481.59465771305275,483.6714782714844,23964000
NVDA,2025-12-01,174.5373804488289,180.07033197943204,173.45875435362808,179.69081115722656,188131000
QQQ,2025-12-01,611.3967336448243,617.1855860502521,610.2907880213397,614.923828125,40957600
AAPL,2025-12-02,282.231773534172,286.619823290159,281.86278279875575,285.4131164550781,53669500
MSFT,2025-12-02,483.6516286444489,490.38888506208144,483.2541563831954,486.91094970703125,19562700
NVDA,2025-12-02,181.52847225165078,185.4235136530611,179.7707195907086,181.22886657714844,182632200
QQQ,2025-12-02,617.2055939510703,621.4799592732617,615.3424043891131,619.736328125,54541800
AAPL,2025-12-03,285.4230848596457,287.8364984098337,282.5309329409685,283.3786315917969,43538700
MSFT,2025-12-03,473.3171775583083,481.18723109312356,472.2042431453193,474.7182922363281,34615100
NVDA,2025-12-03,180.84935949817796,182.21760964702736,178.88186747602086,179.3612518310547,165138000
QQQ,2025-12-03,617.3649627124794,621.9481972408511,615.7807833814271,621.2507934570312,47841600
AAPL,2025-12-04,283.3287830094401,283.95707766942763,277.83373081751637,279.9380187988281,43989100
MSFT,2025-12-04,476.7355376297969,478.28570075231454,473.48613274494215,477.8087158203125,22318200
NVDA,2025-12-04,181.39873533031871,184.29521152983364,179.7407692190929,183.15660095214844,167364900
QQQ,2025-12-04,622.6556605829674,622.665633919662,617.285262025035,620.6729125976562,47067800
AAPL,2025-12-05,279.77845592816414,280.37683325787106,277.2951945750906,278.0232238769531,47265800
MSFT,2025-12-05,479.4780948278929,480.35255199911325,475.86105782216015,480.11407470703125,22608700
NVDA,2025-12-05,183.66598269849337,184.43504894381925,180.6896172324408,182.1877899169922,143971100
QQQ,2025-12-05,622.1076409382764,626.6310962033638,621.440096358939,623.20361328125,53614200
AAPL,2025-12-08,277.37501993231956,278.91084811822003,275.4003836933047,277.13568115234375,38211800
MSFT,2025-12-08,481.8331697469475,489.19642891935564,481.3263751862239,487.92449951171875,21965900
NVDA,2025-12-08,182.41751577930148,187.7709870845105,182.17780264974235,185.323974609375,204378100
QQQ,2025-12-08,624.9273860516373,626.5514587784469,619.42745579579,622.008056640625,43462400
AAPL,2025-12-09,277.40493251311347,279.2698514894354,276.16830825817004,276.4275817871094,32193300
MSFT,2025-12-09,486.01663804004494,489.0175885389743,485.4204144751398,488.918212890625,14696100
NVDA,2025-12-09,185.33395229946427,185.4937610485011,183.09669077375298,184.7446746826172,144719700
QQQ,2025-12-09,620.7426537012356,623.5922305440594,618.7399590794447,622.7752075195312,37156000
AAPL,2025-12-10,276.9960211276047,278.9905919368044,275.68957968235776,278.0232238769531,33038300
MSFT,2025-12-10,480.97857754952304,481.19719183884354,472.084987996716,475.5430603027344,35756200
NVDA,2025-12-10,184.74467463147755,185.2540478736652,181.8182359713298,183.55612182617188,162785400
QQQ,2025-12-10,621.5795410824109,626.920080160108,618.7299643381673,625.3258666992188,55031400
AAPL,2025-12-11,278.34237127554803,278.8310314000742,273.0667227973629,277.2752685546875,33248000
MSFT,2025-12-11,473.6252734590456,482.96600869209163,472.86010822118624,480.4221496582031,24669200
NVDA,2025-12-11,180.060377409269,181.09911899111663,176.40483245042134,180.70957946777344,182136600
QQQ,2025-12-11,621.5496792982444,623.5025679748155,615.4718431258982,623.3032836914062,58272800
AAPL,2025-12-12,277.14562382282355,278.4620479370953,276.0685689150702,277.52459716796875,39532900
MSFT,2025-12-12,476.79515128743174,479.4085762318817,473.3370788032073,475.5132751464844,21248100
NVDA,2025-12-12,180.88937065842447,182.59729422559735,174.40727135263347,174.80679321289062,204274900
QQQ,2025-12-12,619.8160122611713,621.2706598008424,609.1349951238292,611.3867797851562,75158700
AAPL,2025-12-15,279.3894873363706,279.3894873363706,272.0993337942639,273.3658752441406,50409100
MSFT,2025-12-15,477.0733729131614,477.6894594742654,469.5411415575728,471.82666015625,23727700
NVDA,2025-12-15,177.72322484137152,178.20263580820242,174.81676632707214,176.07522583007812,164775600
QQQ,2025-12-15,616.1195138735233,616.1693197420918,607.102462393675,608.3179931640625,49538200
AAPL,2025-12-16,272.07941349564567,274.752131096348,271.0522107383373,273.8645324707031,37648600
MSFT,2025-12-16,468.9350114671635,474.87732355778707,467.911505956298,473.38677978515625,20705600
NVDA,2025-12-16,176.04526619844617,178.27256047932946,174.686922405521,177.5034942626953,148588100
QQQ,2025-12-16,606.0463317071705,611.277225059322,604.7012083573723,609.5236206054688,55152800
AAPL,2025-12-17,274.2634896625032,275.41036187784255,270.9026424636208,271.1020812988281,50138700
MSFT,2025-12-17,473.903466892556,476.9739832708393,472.0055042784347,473.1184387207031,24527200
NVDA,2025-12-17,175.88546784627562,175.91543007880585,170.10251312474713,170.73175048828125,222775500
QQQ,2025-12-17,610.8287773715621,611.4166568355257,598.0953215609716,598.2247924804688,70654300
AAPL,2025-12-18,272.86723904028526,272.8872042261758,266.22534517191764,271.45111083984375,51630700
MSFT,2025-12-18,475.1754171439269,486.51349034093164,474.87732052138307,480.9289245605469,28573500
NVDA,2025-12-18,174.3173807251694,175.93540231223645,171.6106906687844,173.9278564453125,176096000
QQQ,2025-12-18,607.5806797208244,610.6992932536183,604.7111563372118,606.8931884765625,78875800
AAPL,2025-12-19,271.41126100078174,273.854622814086,269.1673684747946,272.9271545410156,144632000
MSFT,2025-12-19,484.2875835443981,484.7745151206103,479.44828972039977,482.856689453125,70836100
NVDA,2025-12-19,176.4547863729682,181.22896236326454,176.12518653595592,180.76953125,324925900
QQQ,2025-12-19,609.722845815118,615.372193060386,609.6431199441153,614.8042602539062,60369800
AAPL,2025-12-22,272.1192896847017,273.13654030849926,269.7756932559407,270.23443603515625,36571800
MSFT,2025-12-22,483.05539282771,485.6489546100234,479.6470235443271,481.86297607421875,16963000
NVDA,2025-12-22,183.6959478478248,183.935660967629,182.1278683380167,183.4662322998047,129064400
QQQ,2025-12-22,619.8862552767364,620.1855972768566,616.3147325600856,617.7513427734375,43703100
AAPL,2025-12-23,270.1048034873943,271.7603010837797,268.8282792538215,271.62066650390625,29642000
MSFT,2025-12-23,481.922585996358,484.75459468390824,481.6840783901604,483.7807922363281,14683600
NVDA,2025-12-23,182.74711840334103,189.09937165158402,182.67719635774475,188.97952270507812,174873600
QQQ,2025-12-23,616.7437078609482,620.9437513214359,616.3247143117193,620.6444702148438,41120400
AAPL,2025-12-24,271.60070067851706,274.6823088952694,271.46109654935304,273.06671142578125,17910600
MSFT,2025-12-24,482.61817584356095,486.0762481946253,481.77352833631136,484.94342041015625,5855900
NVDA,2025-12-24,187.71105179508496,188.67987134928,186.36269028434322,188.38023376464844,65528500
QQQ,2025-12-24,620.5247726871431,622.809417120355,620.255389239048,622.460205078125,18468700
AAPL,2025-12-26,273.41578359787746,274.6224904749486,272.11929424741834,272.6578369140625,21521800
MSFT,2025-12-26,483.64171061957336,485.04282544173617,482.8964387136479,484.6354064941406,8842200
NVDA,2025-12-26,189.68863982420257,192.45526970950266,187.7709805748158,190.2978973388672,139740300
QQQ,2025-12-26,623.1884938656726,624.0465142854792,621.6721158574088,622.4203491210938,28959800
AAPL,2025-12-29,271.9497734782625,273.61522314661676,271.6107000753325,273.0168762207031,23715200
MSFT,2025-12-29,481.80333660098637,485.27135560420123,481.1276307272214,484.02923583984375,10893400
NVDA,2025-12-29,187.4813341773615,188.53004285167208,185.68352392965699,187.99070739746094,120006100
QQQ,2025-12-29,618.6392040742111,621.312944373981,617.2724362589381,619.4074096679688,32458300
AAPL,2025-12-30,272.06942798009953,273.3359694836473,271.54086793463244,272.33868408203125,22139600
MSFT,2025-12-30,482.8666136001516,486.5929730105466,482.43933166580535,484.4068603515625,13944500
NVDA,2025-12-30,188.01069817319677,188.75978454971104,186.70228116711607,187.31153869628906,97687300
QQQ,2025-12-30,618.3798323976478,620.7142858196408,617.7612369489017,617.9707641601562,31226800
AAPL,2025-12-31,272.3187639976345,272.9370761103812,271.0123224859311,271.12200927734375,27293600
MSFT,2025-12-31,484.7645645601486,485.06269150087525,480.25317705215497,480.5711669921875,15601600
NVDA,2025-12-31,189.33906392286715,190.32784810299728,186.26281429981768,186.27279663085938,120100500
QQQ,2025-12-31,618.1903012408169,618.4995685313527,612.6034567489972,612.8628540039062,40746500
AAPL,2026-01-02,271.52095990203577,277.0857995993762,268.26979943372277,270.27435302734375,37838100
MSFT,2026-01-02,481.3363251826272,481.6046121327098,467.1960229709088,469.95849609375,25571600
NVDA,2026-01-02,189.60873357074172,192.69496568024334,188.03065649528438,188.6199493408203,148240500
QQQ,2026-01-02,618.5993129536024,621.3827185880021,608.7126848809434,611.6756591796875,61859200
AAPL,2026-01-05,269.9053759278346,270.7730094869922,265.41759095171795,266.5345458984375,45647200
MSFT,2026-01-05,471.071443053882,473.0687813775576,466.5401924921144,469.86907958984375,25250300
NVDA,2026-01-05,191.52640398377517,193.39413642527967,185.9232371396652,187.89083862304688,183529700
QQQ,2026-01-05,617.8610636312775,619.3475438678657,615.2671519649484,616.5341796875,46828400
AAPL,2026-01-06,266.27521573774703,266.82371056256306,261.40845786144683,261.6477966308594,52352100
MSFT,2026-01-06,470.81304872472026,475.7219083069673,466.78859294331005,475.4933776855469,23037700
NVDA,2026-01-06,190.2879203285983,191.935904267691,186.5924305704924,187.0119171142578,176862600
QQQ,2026-01-06,617.7712838046286,622.550039153126,617.0829067758982,621.951416015625,43137500
AAPL,2026-01-07,262.485556491205,262.96423405428067,259.10474402829175,259.6233215332031,48309800
MSFT,2026-01-07,476.73554642416184,486.61288592496,474.9369593023546,480.4221496582031,25564200
NVDA,2026-01-07,188.34028795646717,191.13686475404677,186.3327268208183,188.87962341308594,153543200
QQQ,2026-01-07,621.5723159557587,626.4607976434537,621.0934661514185,622.550048828125,44880300
AAPL,2026-01-08,256.3222864925608,258.58614386359903,255.00587765735156,258.3368225097656,50419300
MSFT,2026-01-08,478.20618966596595,479.6172511411785,472.86010104573086,475.0959167480469,18162600
NVDA,2026-01-08,188.87962438445808,189.31909080925226,183.4862088297309,184.8145751953125,172457000
QQQ,2026-01-08,621.5623898130801,621.9514248328863,616.3446684463296,619.0083618164062,50435900
AAPL,2026-01-09,258.3767027680543,259.5036402038468,255.52448097015204,258.6659240722656,39997000
MSFT,2026-01-09,471.07145138115897,476.7951491709672,469.2231916595613,476.258544921875,18491000
NVDA,2026-01-09,184.8545293482555,186.1129888751533,183.44624341374129,184.63479614257812,131327500
QQQ,2026-01-09,619.946120817708,626.4108973206594,617.6016810573577,625.173828125,49688700
AAPL,2026-01-12,258.45648066308013,260.5906555331263,256.1028713590674,259.54351806640625,45263800
MSFT,2026-01-12,473.6649886945649,477.95773148860775,472.68120923483104,474.1717529296875,23519900
NVDA,2026-01-12,182.99680052530172,186.89204340473577,182.79704721562317,184.71470642089844,137968500
QQQ,2026-01-12,620.8440291770474,627.368601054656,620.7941591397378,625.6925659179688,37388700
AAPL,2026-01-13,258.01770778709204,261.0993163539261,257.68861696081353,260.34136962890625,45730800
MSFT,2026-01-13,471.68751939768345,472.7805908527595,463.01257439213845,467.70281982421875,28545800
NVDA,2026-01-13,184.7746378408776,187.88084992986475,183.17658082293008,185.58364868164062,160128900
QQQ,2026-01-13,625.7923733874012,627.9871421828441,622.2307758506613,624.7647705078125,44481400
AAPL,2026-01-14,258.78557762508564,261.1092696408236,256.0131254420647,259.2543029785156,40019400
MSFT,2026-01-14,463.51936213123724,465.24841354789686,454.2879494306214,456.4840087890625,28184300
NVDA,2026-01-14,184.0954710990846,184.2352999433054,180.57975484984624,182.91690063476562,159586100
QQQ,2026-01-14,620.7741807448011,621.9813522711377,613.1122798122711,618.0905151367188,72598700
AAPL,2026-01-15,259.9424426175537,260.3313985459844,256.35220896361545,257.5090637207031,39388600
MSFT,2026-01-15,461.1940901109254,461.32327541703046,453.02590941718984,453.7811279296875,23225800
NVDA,2026-01-15,186.2727952885624,189.46889382188115,186.10300422087673,186.82212829589844,206188600
QQQ,2026-01-15,625.1238996016858,628.5159146085045,619.2877047511574,620.3153076171875,53934900
AAPL,2026-01-16,257.1999111311508,258.1971965798445,254.23797213114116,254.8363494873047,72142800
MSFT,2026-01-16,454.9437362325269,460.26996150673693,453.60227115836847,456.9609375,34246700
NVDA,2026-01-16,188.84966224271636,190.20800608356458,185.85331687968656,186.0031280517578,187967200
QQQ,2026-01-16,624.0265108868263,624.6051616315584,617.4221104790464,619.7965087890625,61058100
AAPL,2026-01-20,252.04394930256512,254.09835490933511,242.75922413209136,246.0303192138672,80267500
MSFT,2026-01-20,448.37541805572727,453.92022725149957,446.44764578645413,451.65460205078125,26130000
NVDA,2026-01-20,181.67840938923754,182.15783564218773,177.39364202987932,177.85308837890625,223345300
QQQ,2026-01-20,609.0918377338978,613.611135001854,605.6199939698072,606.6276245117188,81988900
AAPL,2026-01-21,248.02489020045314,250.87712721718017,244.51444112970407,246.9777374267578,54641700
MSFT,2026-01-21,449.74670883889326,449.8361378186282,435.9144504613163,441.3102111816406,37980500
NVDA,2026-01-21,178.8318922054109,185.15418310637224,178.18267486272933,183.09669494628906,200381000
QQQ,2026-01-21,608.0342310571399,618.958448118544,606.4280383777512,614.8282470703125,79837900
AAPL,2026-01-22,248.52352576906395,250.31864258405668,247.47637302553753,247.67584228515625,39708300
MSFT,2026-01-22,444.7981306791853,449.98522421932967,441.8965557848095,448.29595947265625,25349400
NVDA,2026-01-22,184.52493568425237,185.94320399708803,183.70592730123704,184.6148223876953,139636600
QQQ,2026-01-22,620.8838887514372,620.9936758988773,616.3247080096578,619.2976684570312,42254800
AAPL,2026-01-23,246.64863719927277,248.73296007338791,244.0157890837153,247.36666870117188,41689000
MSFT,2026-01-23,449.02131930234236,468.1301005814363,447.6897705604439,463.0125732421875,38000200
NVDA,2026-01-23,187.27158465782284,189.3690325020707,186.59242035942677,187.44137573242188,142748100
QQQ,2026-01-23,618.2701049354484,623.9267921630139,617.1926928942361,621.2530517578125,43645800
AAPL,2026-01-26,250.7973501838168,255.86356228737432,249.121917868832,254.71669006347656,55969200
MSFT,2026-01-26,462.3766075757791,471.2602507862521,459.0874767807031,467.3152770996094,29291200
NVDA,2026-01-26,186.93200550896393,188.88960930416175,185.76343263076708,186.2428436279297,124799600
QQQ,2026-01-26,621.7419335987944,626.1315320367429,620.654474506515,623.9866333007812,35983000
AAPL,2026-01-27,258.4664899667647,261.2389423700868,257.5090739976807,257.56890869140625,49648300
MSFT,2026-01-27,470.7137217228436,479.82589540353166,470.17711748937944,477.5503234863281,29213900
NVDA,2026-01-27,187.01190478720812,189.76853699604698,185.47377232125424,188.29034423828125,143711600
QQQ,2026-01-27,627.428447510711,630.5510790290263,625.8621995501378,629.6432495117188,38997200
AAPL,2026-01-28,256.95057275810245,258.1572795494081,253.81909726521187,255.74386596679688,41288000
MSFT,2026-01-28,480.16374552458444,480.69040309270366,474.9865988275796,478.5937194824219,36875400
NVDA,2026-01-28,191.0369866951896,192.1156727976695,189.60872088942648,191.28668212890625,148552700
QQQ,2026-01-28,633.9630457840011,635.1003139672691,630.3216198646463,631.728271484375,50691700
AAPL,2026-01-29,257.29964922744847,258.94516415300217,253.7193980705993,257.5788879394531,67253000
MSFT,2026-01-29,437.2162272399066,439.7104135269112,418.36581575660404,430.76715087890625,128855300
NVDA,2026-01-29,191.10690928022157,193.244301759811,185.83334250366076,192.27548217773438,171764400
QQQ,2026-01-29,631.1596506954837,632.1772064107698,616.8135217006399,627.9472045898438,79944000
AAPL,2026-01-30,254.4773517832236,261.1890792690021,251.49546251262876,258.7756652832031,92443400
MSFT,2026-01-30,436.4014165119217,436.8286984461687,423.7616041817895,427.577392578125,58566800
NVDA,2026-01-30,190.97707539362895,194.25307849059112,189.23918956869622,190.8971710205078,179489500
QQQ,2026-01-30,624.2360100363766,626.7799907137291,617.8410762491409,620.405029296875,65650700
AAPL,2026-02-02,259.3241487899344,269.7557466562268,258.50636737104884,269.2770690917969,73913400
MSFT,2026-02-02,427.5276741085398,428.02452201181774,419.58805431821895,420.70098876953125,42219900
NVDA,2026-02-02,186.97193993484487,190.06816944570554,184.65477420739685,185.38388061523438,165794100
QQQ,2026-02-02,617.2425627681274,627.0094788951942,617.2026180242116,624.6650390625,49020300
AAPL,2026-02-03,268.4692659190308,271.1419837262723,266.88355520832346,268.7485046386719,64394700
MSFT,2026-02-03,419.3496095186449,419.3893355198486,405.98438775489564,408.61767578125,61424100
NVDA,2026-02-03,186.01312186532803,186.04308409913696,176.01530661894333,180.12030029296875,204019600
QQQ,2026-02-03,626.8199062679399,628.4959413976924,609.5207880738473,615.0676879882812,81234000
AAPL,2026-02-04,271.55083028665655,278.19275421850585,271.55083028665655,275.7394104003906,90545700
MSFT,2026-02-04,408.4089957411405,417.15350712085007,406.6600813351222,411.5788879394531,45012400
NVDA,2026-02-04,179.241398362594,179.36124730830178,171.70059231104517,173.97781372070312,207014100
QQQ,2026-02-04,613.5711796318161,613.6509473291842,599.0554072347201,604.322998046875,81850700
AAPL,2026-02-05,277.3749854862336,278.7412615768201,272.48829324857786,275.1610107421875,52977400
MSFT,2026-02-05,404.87144402823185,405.7260079125925,389.8467674620769,391.1882629394531,66289200
NVDA,2026-02-05,174.7168961324724,176.60460839935587,170.8216531377948,171.67062377929688,206312900
QQQ,2026-02-05,598.7960977080248,603.3852370585454,593.3589241811554,595.6235961914062,89354500
AAPL,2026-02-06,276.3677353153735,280.14745564173626,276.1782486476445,277.3650207519531,50453400
MSFT,2026-02-06,396.65359346172795,399.2570717870675,390.44299427907015,398.6111755371094,53515300
NVDA,2026-02-06,176.4747642750831,186.77220252110314,174.38731390455436,185.18414306640625,231346200
QQQ,2026-02-06,598.7761302609774,609.9696699932801,597.3594924154261,608.2138671875,78019300
AAPL,2026-02-09,277.41494619870406,277.70443813431814,271.2160169672847,274.13079833984375,44623400
MSFT,2026-02-09,402.2977759502542,412.2744908996196,398.3428555009064,410.99261474609375,45480500
NVDA,2026-02-09,184.03552934237337,193.42408742490235,183.7259094221984,189.80848693847656,196387400
QQQ,2026-02-09,606.1088060763491,615.0078372205985,603.6446538426547,612.8728637695312,56797600
AAPL,2026-02-10,274.40031021957236,274.87943562430115,272.4537718732244,273.19244384765625,34376900
MSFT,2026-02-10,416.9746165751398,421.009018998737,410.09825878894065,410.6646423339844,44857900
NVDA,2026-02-10,191.1468699498802,192.24552080983682,187.89083145679504,188.31031799316406,136764800
QQQ,2026-02-10,613.8605219833995,615.566515685603,609.5706636004911,610.029541015625,53938900
AAPL,2026-02-11,274.2106536370846,279.6808719096702,273.9610989943363,275.00921630859375,51931300
MSFT,2026-02-11,413.5563153661985,413.8345489802859,398.4819668946231,401.8207702636719,42491000
NVDA,2026-02-11,192.21556708670826,193.02457795983298,188.54005713468442,189.81849670410156,144192700
QQQ,2026-02-11,614.9280269463444,616.0653561148772,606.2584951427149,611.6657104492188,58575100
AAPL,2026-02-12,275.09909064411113,275.22886395053104,259.7165366668213,261.2637939453125,81077200
MSFT,2026-02-12,402.44684542456184,403.6392926521932,395.50092068537,399.3067626953125,40802400
NVDA,2026-02-12,192.79485804306626,193.3741533411549,186.28279615580217,186.7122802734375,189932500
QQQ,2026-02-12,613.2619605146361,614.3593449076634,598.1576109292407,599.22509765625,81378900
AAPL,2026-02-13,261.5432690161623,261.7628783299504,254.9949421084194,255.32435607910156,56290700
MSFT,2026-02-13,401.90028127287496,402.98340606348665,395.54060384789733,398.7900085449219,34091600
NVDA,2026-02-13,187.25160463564347,187.27158453858374,181.36878053627944,182.58729553222656,161888000
QQQ,2026-02-13,599.0155339597561,605.0512695366964,595.0149707463246,600.5020141601562,69237500
AAPL,2026-02-17,257.5903108294174,265.8156532326085,255.08478749757862,263.4099426269531,58469100
MSFT,2026-02-17,396.7032617740463,397.9950542597942,392.04282577248057,394.3581237792969,32078800
NVDA,2026-02-17,181.5285959992061,186.92201173748992,178.9617194034806,184.7446746826172,162276900
QQQ,2026-02-17,596.9703796848319,602.527265543405,591.9422745141455,599.8834838867188,69013800
AAPL,2026-02-18,263.13045584681157,266.3447212846438,261.9825104325609,263.8791198730469,34203300
MSFT,2026-02-18,395.6201070500213,400.02217209191446,393.8215201082963,397.0808410644531,23223400
NVDA,2026-02-18,188.52005804720127,190.13807962880853,186.53247684939709,187.75099182128906,164749100
QQQ,2026-02-18,600.6916520079001,608.333642172117,599.3049116850376,604.3629760742188,64250700
AAPL,2026-02-19,262.13220471573277,264.00886051677537,259.5867290635135,260.11578369140625,30845300
MSFT,2026-02-19,399.07278661262325,402.7976819572589,395.0690225854118,396.8517761230469,28234000
NVDA,2026-02-19,186.8321237354349,188.20044994409497,185.43383529156333,187.6710968017578,126554500
QQQ,2026-02-19,601.3899214380363,604.3928403408552,599.3347767407971,602.04833984375,60960800
AAPL,2026-02-20,258.50868117461044,264.2783836675007,257.7001265171608,264.1086730957031,42070500
MSFT,2026-02-20,394.51123443489973,398.5050592846536,393.56508699389525,395.6267395019531,34015200
NVDA,2026-02-20,186.342734664171,190.09814888521723,185.71349722992974,189.58877563476562,178422300
QQQ,2026-02-20,598.70626248816,608.9121436812641,597.8183444916572,607.3757934570312,74127300
AAPL,2026-02-23,263.0206001676805,268.95002088588865,262.91081074777924,265.705810546875,37308200
MSFT,2026-02-23,393.405742102137,393.7642745182822,381.55377772275136,382.9182434082031,43238300
NVDA,2026-02-23,191.1668239815537,193.71372053376285,189.34904909171755,191.316650390625,171584800
QQQ,2026-02-23,605.1809875790976,606.5777139403463,597.6387991893799,599.9932250976562,63859100
AAPL,2026-02-24,267.38283777638213,274.4003442568012,267.233111068832,271.6552429199219,47014600
MSFT,2026-02-24,382.5895619940176,387.78846403174964,380.1693467763097,387.429931640625,33884700
NVDA,2026-02-24,191.2567378902843,193.53395924081437,187.171708627792,192.61508178710938,175123600
QQQ,2026-02-24,600.9809641013653,607.5554060860559,598.3172099190714,606.4380493164062,55023700
AAPL,2026-02-25,271.29586819299504,274.45024283739696,270.567157599074,273.74151611328125,33714300
MSFT,2026-02-25,388.95376053046306,399.84960746436826,388.5852587696308,398.9831237792969,43625500
NVDA,2026-02-25,194.2131137016724,197.38924768090467,193.5539140704845,195.32176208496094,250637100
QQQ,2026-02-25,609.6305248735758,615.3769659271486,609.5606824638733,615.227294921875,55710700
AAPL,2026-02-26,274.4602128097023,275.61811956353745,270.31758130113775,272.4637756347656,32345100
MSFT,2026-02-26,403.0765245044552,405.8453028142193,397.1306190557743,400.0986022949219,34405900
NVDA,2026-02-26,194.03334246429932,194.0533071271398,184.09546670933034,184.66476440429688,360807900
QQQ,2026-02-26,614.1398874724765,614.1398874724765,602.5571907580546,607.8048095703125,96178900
AAPL,2026-02-27,272.3240124520744,272.3240124520744,262.4217010495403,263.7093811035156,72366500
MSFT,2026-02-27,389.30236795593413,395.2183958601928,388.30640407164015,391.15484619140625,51367200
NVDA,2026-02-27,181.0292033274304,182.36756729714082,176.1651407824763,176.97415161132812,311636500
QQQ,2026-02-27,601.5595911757949,606.8870389785335,600.7714740333364,605.8594360351562,68125200
AAPL,2026-03-02,261.94253069595567,266.05518620599753,259.73647625260065,264.2484130859375,41827900
MSFT,2026-03-02,391.2743390590049,399.57073485574693,389.0533591512552,396.9413757324219,35474900
NVDA,2026-03-02,174.79680413295333,183.2365228635074,174.42725972943845,182.25770568847656,209095300
QQQ,2026-03-02,597.449233707877,608.4831769130049,596.5812880631398,606.6575317382812,75264600
AAPL,2026-03-03,263.0106738027697,265.08695529305965,259.6666350681776,263.2801818847656,38568900
MSFT,2026-03-03,391.5532542396072,405.05852201627056,391.0851500003899,402.2996826171875,38199200
NVDA,2026-03-03,178.27256086028186,180.67961330625172,176.70446619030554,179.83065795898438,178099400
QQQ,2026-03-03,594.9252095120197,602.5372399706525,590.4756942596103,600.162841796875,97015500
AAPL,2026-03-04,264.17854815272653,265.67587606267574,260.95432154975975,262.0523376464844,39803100
MSFT,2026-03-04,399.6504140582061,409.3710312257941,398.69429724653685,403.5645751953125,35808000
NVDA,2026-03-04,180.22019302825058,184.47499807110998,179.84065106191534,182.8170166015625,177731200
QQQ,2026-03-04,602.7367159421393,611.436205359631,602.0084551337541,609.3112182617188,70943900
AAPL,2026-03-05,260.3254337562426,261.09405110124777,256.79173142961054,259.8263244628906,49658600
MSFT,2026-03-05,402.78771732924594,409.9486695143622,402.7677785996419,409.0224304199219,39001300
NVDA,2026-03-05,180.94928366467312,183.83576224630102,177.6632984882966,183.11663818359375,198779700
QQQ,2026-03-05,605.9691941386595,611.3165531665334,600.8412876368789,607.4755859375,89602400
AAPL,2026-03-06,258.16927189629365,258.3090066542827,253.916851068475,257.0013427734375,41120000
MSFT,2026-03-06,407.54843921074234,411.38287590243635,406.8612216895844,407.30938720703125,31123900
NVDA,2026-03-06,179.62092189230134,182.53736302725528,176.6046117177772,177.6033935546875,189021900
QQQ,2026-03-06,598.8958365654587,604.5724349663923,596.9205203720956,598.337158203125,86302300
AAPL,2026-03-09,255.2345148744848,260.68477987096253,253.22808575123491,259.41705322265625,38218500
MSFT,2026-03-09,403.2857003455267,408.55432729115563,401.8714182880504,407.757568359375,30131900
NVDA,2026-03-09,176.61458806542097,182.68718325690133,175.34613090826778,182.427490234375,177213600
QQQ,2026-03-09,592.83015152989,607.8347607375977,589.9370196014203,606.3283081054688,93068200
AAPL,2026-03-10,257.19102845716964,262.01244158439727,256.4922936817907,260.3653564453125,30590800
MSFT,2026-03-10,408.37506928692744,408.5443965203919,401.30371964643086,404.122314453125,31706400
NVDA,2026-03-10,182.17778352587916,186.21287029543888,181.78825925636124,184.54490661621094,179118500
QQQ,2026-03-10,606.3483040570791,611.8452732023572,603.9938171455258,606.3383178710938,64078900
AAPL,2026-03-11,260.62486739620806,261.6630231774062,259.08760235948154,260.3453674316406,26218900
MSFT,2026-03-11,403.9330670994013,407.35918518479474,399.96912002302975,403.245849609375,25512100
NVDA,2026-03-11,185.6935753620157,187.40157611978597,184.23526832414757,185.8134307861328,145280400
QQQ,2026-03-11,607.5154643204306,610.9872467457833,603.6047159994632,606.2584228515625,60114800
AAPL,2026-03-12,258.1992253881205,258.48871731031414,253.72719511663234,255.30438232421875,40794000
MSFT,2026-03-12,402.9968458288957,404.4808221962511,400.0886180975,400.2380065917969,27263900
NVDA,2026-03-12,183.83574790315467,184.72471123223085,181.53842231669145,182.9268035888672,155762700
QQQ,2026-03-12,601.3400708370464,602.716824803038,595.6435001258386,595.85302734375,71836600
AAPL,2026-03-13,255.024890934378,255.87336762960538,249.07551643845036,249.6744384765625,36930000
MSFT,2026-03-13,399.3815063856616,403.16615688192843,392.65875035547907,393.9534912109375,26848000
NVDA,2026-03-13,184.70472270189353,185.87335881208497,179.73052445930352,180.0401611328125,160988400
QQQ,2026-03-13,598.3172021392496,602.1780807449821,591.1740956767717,592.3213500976562,63145500
AAPL,2026-03-16,251.66090222791988,253.43773019062647,249.4348789230203,252.36964416503906,32074200
MSFT,2026-03-16,396.4633374914087,399.01300251860397,393.1965772756644,398.33575439453125,27733700
NVDA,2026-03-16,182.7570048934839,188.66012868968363,181.19882333613754,183.0067138671875,217307400
QQQ,2026-03-16,598.6264723831473,602.4374809704295,597.6986704778886,598.9656982421875,49077200
AAPL,2026-03-17,252.5093881906664,254.67552076289968,251.7307636559193,253.77711486816406,32361600
MSFT,2026-03-17,398.6544574759768,402.7677932271478,396.1446394015159,397.7979431152344,26228300
NVDA,2026-03-17,184.8445618023411,185.1841623368753,181.4684917186082,181.71820068359375,182497800
QQQ,2026-03-17,601.7192114600242,604.4727195335382,600.4521836848432,601.8887939453125,47106600
AAPL,2026-03-18,252.1799767808244,254.48585937367065,248.55643828829037,249.49476623535156,35757900
MSFT,2026-03-18,395.5271224277118,396.3936061005556,389.42185925959103,390.20867919921875,25908500
NVDA,2026-03-18,182.26756764801692,183.16652908726184,180.12007659614625,180.1899871826172,156683100
QQQ,2026-03-18,600.0730994941966,601.7391485345295,593.1594313501803,593.4986572265625,56128000
AAPL,2026-03-19,248.95572868612365,251.38140795985734,246.85947863088072,248.5165252685547,34864100
MSFT,2026-03-19,388.52551763585893,390.90585551603124,385.4977789148814,387.4498596191406,25138800
NVDA,2026-03-19,177.80276430906588,179.77047215436778,175.5853475010711,178.3521270751953,170968500
QQQ,2026-03-19,588.1213056121308,594.3964663870662,585.6970372512312,591.623046875,75597600
AAPL,2026-03-20,247.53824109812177,248.75606899357115,245.56177255944445,247.54823303222656,88331100
MSFT,2026-03-20,385.2288602760525,385.43800417098345,378.58576812261686,380.3287048339844,50853200
NVDA,2026-03-20,177.79278016290237,178.05247199547227,171.52009228430225,172.4989471435547,241323500
QQQ,2026-03-20,589.6676415345306,589.777367794347,577.177115328303,580.6888427734375,91964700
AAPL,2026-03-23,253.51758537106093,254.14646797882926,249.83415620831627,251.04200744628906,40546100
MSFT,2026-03-23,382.3505545919761,385.64719283721575,380.1395134056624,381.4541931152344,29680100
NVDA,2026-03-23,177.0536408486584,178.16234927411983,174.55655117338722,175.43553161621094,182836300
QQQ,2026-03-23,589.8718065319924,594.426798587646,585.316814476339,587.3545532226562,89936100
AAPL,2026-03-24,249.90403139868116,254.37604644028636,249.10545347620703,251.1917266845703,45152300
MSFT,2026-03-24,380.8167328036651,380.9263046350485,370.34917314154325,371.2355651855469,42733600
NVDA,2026-03-24,174.6264683383626,176.01484951930743,173.777451794472,174.99603271484375,147667800
QQQ,2026-03-24,584.168034177979,587.2846043834495,581.291190762444,583.3389282226562,57750900
AAPL,2026-03-25,253.6473574345128,254.5457480998694,251.15181088451408,252.16998291015625,28476700
MSFT,2026-03-25,375.39872248264555,375.5381416220395,368.13813722010167,369.5424499511719,31181200
NVDA,2026-03-25,176.89383761026875,181.00903649280792,176.64412864426953,178.47198486328125,162602100
QQQ,2026-03-25,588.4933019738706,590.7208345412774,585.0470769253521,587.1747436523438,60475500
AAPL,2026-03-26,251.67088153367666,256.5421934269488,250.32329549316128,252.43951416015625,41796700
MSFT,2026-03-26,369.32332012922615,373.2075730440749,363.7160388213271,364.4928894042969,36836600
NVDA,2026-03-26,175.86504388946904,176.30451888215924,170.9407749866337,171.04066467285156,186152200
QQQ,2026-03-26,581.9604215239336,583.9882223389391,572.8005050402526,573.1600952148438,81492100
AAPL,2026-03-27,253.4477020992108,255.03488128462607,247.6281009352486,248.35679626464844,47900000
MSFT,2026-03-27,360.43934753557875,360.9871459448897,355.07111764854045,355.3300476074219,37883400
NVDA,2026-03-27,169.80209026823204,170.77096223786808,166.81556566439232,167.32498168945312,196212700
QQQ,2026-03-27,570.1834096572744,570.3932010852176,560.953562318283,561.9624633789062,82702200
AAPL,2026-03-30,249.62453299565456,250.4230956915925,245.07264337813007,246.19065856933594,39446200
MSFT,2026-03-30,360.43933630538186,363.88536295562653,354.84202394218255,357.5111999511719,44797000
NVDA,2026-03-30,168.58352034150624,169.25273855906806,164.07877596313077,164.97772216796875,185627000
QQQ,2026-03-30,566.7571613464482,567.4264087803426,554.990063621082,557.6671752929688,70602600
AAPL,2026-03-31,247.46837564153284,255.02488248828539,246.65982101631488,253.337890625,49598100
MSFT,2026-03-31,363.07862179545566,371.3949263066763,361.6046146993887,368.67596435546875,45244400
NVDA,2026-03-31,166.77563225072552,174.41672082635512,166.7656493784466,174.1969757080078,226181300
QQQ,2026-03-31,563.6705222317372,578.0048059355398,563.5906539497258,576.54638671875,95878000
AAPL,2026-04-01,253.62737973002484,255.7236296181179,252.8787157917901,255.17462158203125,40059400
MSFT,2026-04-01,371.98254731341393,372.48052926345224,366.7139201659809,367.8791809082031,29417200
NVDA,2026-04-01,175.79511913229018,177.16351944386196,174.54657425208924,175.54541015625,168132000
QQQ,2026-04-01,580.8416686249938,587.0948065489223,579.7828346644924,583.6685791015625,79435100
AAPL,2026-04-02,253.74717405681358,255.6737439434535,250.20349485503914,255.464111328125,31289400
MSFT,2026-04-02,365.7278929006101,372.1319638369453,362.680245817395,371.9526672363281,24099100
NVDA,2026-04-02,171.97954556798163,177.28337661769746,171.170490985778,177.18348693847656,143143200
QQQ,2026-04-02,573.3399058573888,585.4066623334502,571.2921684003409,584.3378295898438,50941700
AAPL,2026-04-06,256.053045051996,261.6929736576745,256.003115847535,258.3988342285156,29329900
MSFT,2026-04-06,371.9825539180967,372.22160592655575,368.0086676124431,371.3750305175781,16146600
NVDA,2026-04-06,176.953760088437,177.58301630024127,175.55538077559635,177.43319702148438,107564300
QQQ,2026-04-06,585.5864761740653,589.9616731281693,584.04818857967,587.85400390625,35108500
AAPL,2026-04-07,255.70368128016966,255.7436185540334,245.2623079794448,253.0484161376953,62148000
MSFT,2026-04-07,368.8452727581139,370.9467724245638,365.080530373921,370.78741455078125,21443300
NVDA,2026-04-07,175.52541836668527,178.0225079733855,173.4578360976707,177.89266967773438,132534900
QQQ,2026-04-07,584.9971348275072,588.33343423744,577.7650922119919,587.9439086914062,49948200
AAPL,2026-04-08,257.98960165960847,259.2872736156141,256.0730086009651,258.43878173828125,41032800
MSFT,2026-04-08,383.4261612830284,383.44606961738685,369.91092498913014,372.8191223144531,33064800
NVDA,2026-04-08,184.28522303450282,185.0443328296099,180.09011531444295,181.8680419921875,147732700
QQQ,2026-04-08,608.0418015962135,609.2304976949432,601.4590090396181,605.4246826171875,63086000
AAPL,2026-04-09,258.5386040524215,260.65482250105316,255.6138310165902,260.02593994140625,28121600
MSFT,2026-04-09,370.9965328148009,371.9924966612836,365.5685176937085,371.5642395019531,30435300
NVDA,2026-04-09,181.6283100364998,183.86570786090292,180.40972906189933,183.69590759277344,116428500
QQQ,2026-04-09,605.2648690435934,609.8298599139192,602.3680889271087,609.5202026367188,37837500
AAPL,2026-04-10,259.5168819122501,261.7229364827484,258.5585701252562,260.0159912109375,31291500
MSFT,2026-04-10,371.47460743717505,374.1238749235223,368.5365019241105,369.37310791015625,28111100
NVDA,2026-04-10,184.09543736125556,189.77881591864653,184.08545448929232,188.41041564941406,160459500
QQQ,2026-04-10,611.1684052317679,612.9963525292593,608.9108762966896,610.3992309570312,34038500
AAPL,2026-04-13,259.2673359057164,259.71651601158027,256.2027973984465,258.73828125,36234700
MSFT,2026-04-13,372.10205289266787,382.98796126737693,369.5225100750242,382.8186340332031,35745800
NVDA,2026-04-13,185.81343445538195,189.43921351677633,185.52377876103736,189.08961486816406,133648200
QQQ,2026-04-13,608.8109292631304,626.0519920071752,607.4424380458482,616.7122802734375,32972100
AAPL,2026-04-14,258.78816168339415,261.4633801130582,256.73183388682423,258.368896484375,48370700
MSFT,2026-04-14,386.3543213772784,393.09698589720546,384.95994763093,391.5233459472656,37504500
NVDA,2026-04-14,190.61783708872017,196.28123474121094,190.54792650193752,196.28123474121094,161307000
QQQ,2026-04-14,619.5391066149297,627.909912109375,619.4192432257902,627.909912109375,49921100
AAPL,2026-04-15,257.7001261657452,266.08515659729386,257.35074355126085,265.95538330078125,49913500
MSFT,2026-04-15,396.3936283702306,412.69755239260473,395.1287651714373,409.5602722167969,45063400
NVDA,2026-04-15,196.31119931453722,200.166706463506,195.5121427945441,198.63848876953125,185338400
QQQ,2026-04-15,628.389443361703,637.1298380333551,627.5104045058445,636.7003173828125,50102400
AAPL,2026-04-16,266.3246925362851,266.6840670491935,260.804545264895,262.9307556152344,43323100
MSFT,2026-04-16,418.16537187855886,419.12151906860663,410.4765600541581,418.56378173828125,41642400
NVDA,2026-04-16,197.20015246424893,199.6173486077875,195.58204328148997,198.1190948486328,134012900
QQQ,2026-04-16,638.508341093032,641.4750515662109,634.5626649382287,639.7669067382812,42320600
AAPL,2026-04-17,266.4844323486072,271.8149160854778,266.24486962975914,269.7486267089844,61436200
MSFT,2026-04-17,423.10539315661504,429.83808848207923,418.99205736838906,421.0835876464844,48568200
NVDA,2026-04-17,199.66727910555997,201.46518667284232,199.03802288778024,201.44520568847656,160324400
QQQ,2026-04-17,644.8813252169399,649.2864572780229,643.3629742993419,648.1376953125,53488900
AAPL,2026-04-20,269.84841238867654,273.7913879220191,269.80850557942483,272.5635681152344,36590200
MSFT,2026-04-20,419.4501847919345,421.6213787702164,414.6197538627068,416.38262939453125,27582200
NVDA,2026-04-20,199.7471876833392,201.9346406188145,197.6096795882359,201.82476806640625,119381400
QQQ,2026-04-20,647.3285838511964,648.0478251654257,641.8146849601577,646.0799560546875,37138500
AAPL,2026-04-21,271.0163536236942,272.3140256362382,264.9272139873882,265.69586181640625,50209800
MSFT,2026-04-21,418.5438369146158,425.45582843737157,415.516128706763,422.4480285644531,32048500
NVDA,2026-04-21,201.89470437258373,202.51397775047528,198.76834314349978,199.64732360839844,107945300
QQQ,2026-04-21,647.6981578004061,649.4862317832127,641.5050128476822,643.6226806640625,39580500
AAPL,2026-04-22,267.3429346055621,273.2523721409737,266.39461467279705,272.68341064453125,43249200
MSFT,2026-04-22,424.4698510786937,431.9495495900464,421.9600330275293,431.1726989746094,29378200
NVDA,2026-04-22,200.75603026628932,202.26426696777344,198.76834136586132,202.26426696777344,107501000
QQQ,2026-04-22,649.4363527672372,654.6106593494021,647.8081371457112,654.390869140625,37368400
AAPL,2026-04-23,274.56001085217736,275.2787294551341,271.1660737405759,272.9429016113281,33399600
MSFT,2026-04-23,418.19529609754903,421.9500690544079,409.7495112929088,414.0719909667969,38308000
NVDA,2026-04-23,202.22431724671497,203.59271751351986,196.99041179336916,199.4075927734375,113561800
QQQ,2026-04-23,652.8325617169355,656.1988574654163,644.8114082493845,650.7048950195312,40099800
AAPL,2026-04-24,272.2741016414235,272.5735550213531,269.16962610782736,270.5771179199219,38157100
MSFT,2026-04-24,415.28707116170386,423.23487407473965,414.12178001797366,422.90618896484375,27457400
NVDA,2026-04-24,199.72721882416832,210.70441481695215,199.57738430538978,208.0275421142578,214134400
QQQ,2026-04-24,657.7871447947734,663.7805584259092,655.8093378063087,663.1512451171875,45563100
AAPL,2026-04-27,265.6159889280984,267.88193422863776,264.59781690250213,267.1332702636719,41466800
MSFT,2026-04-27,420.6752229306716,425.38611256831246,415.3866572294081,423.1053771972656,30867300
NVDA,2026-04-27,209.4059296471886,216.5775789683675,207.13858324348888,216.3578338623047,187172400
QQQ,2026-04-27,662.6718094811696,663.7006471456002,659.9647623025988,663.5008544921875,32717000
AAPL,2026-04-28,271.8548539018017,272.7432830913257,268.181416710472,270.2277526855469,40018900
MSFT,2026-04-28,422.8563830057505,428.1847957314844,420.197146128082,427.5174865722656,30438100
NVDA,2026-04-28,209.24613572912838,214.4800260296235,207.95762889823203,212.92184448242188,180275400
QQQ,2026-04-28,656.6883250827437,658.9159186391063,653.0923012400261,656.8281860351562,34147900
AAPL,2026-04-29,267.07336249706583,270.55716597281076,266.56429174844374,269.688720703125,30047900
MSFT,2026-04-29,422.8663369761165,425.0973167681131,418.59367375245296,422.746826171875,38288300
NVDA,2026-04-29,212.4523894424142,212.47237042757808,207.33835459433345,209.00640869140625,123711800
QQQ,2026-04-29,657.906975030037,660.9935487523345,655.8692364466933,660.84375,31724900
AAPL,2026-04-30,270.018146234023,275.50834883767226,267.6623648300734,270.86663818359375,91848200
MSFT,2026-04-30,409.15192465494977,412.74737011555624,396.4035989759817,406.1341552734375,70909400
NVDA,2026-04-30,209.68560172993963,210.05518135667162,198.46867945247158,199.33767700195312,225239200
QQQ,2026-04-30,664.6195670718752,668.165718724101,656.8381407338443,667.0069580078125,40622200
AAPL,2026-05-01,278.36321169794013,286.7083346607987,277.87409435408995,279.6409606933594,79915400
MSFT,2026-05-01,411.1338775963461,415.4264794885345,408.7834174283456,412.76727294921875,31372400
NVDA,2026-05-01,201.0456862731779,202.76368521944246,196.89052532216473,198.21897888183594,128647000
QQQ,2026-05-01,668.425399726581,675.2279215792395,668.0658095505829,673.4099731445312,39172600
AAPL,2026-05-04,279.16182884121525,280.13010214166496,274.3703610857382,276.33685302734375,46668400
MSFT,2026-05-04,409.87897009526375,419.0816663151199,409.14193618030583,411.9505615234375,28066500
NVDA,2026-05-04,199.26774870200734,201.49514834231712,194.51329562325486,198.24893188476562,125368100
QQQ,2026-05-04,673.9193717407993,675.9871067346722,668.165745937857,672.141357421875,34542000
AAPL,2026-05-05,276.43668191704,284.0630869835518,276.00745521106614,283.67376708984375,49311700
MSFT,2026-05-05,413.6437044066962,415.09780308537887,407.1500007946646,409.7196044921875,25700900
NVDA,2026-05-05,199.06798360144137,200.00689171848026,195.80178617585554,196.271240234375,113406600
QQQ,2026-05-05,677.2157986999623,682.0205161358222,676.7662804889583,680.8617553710938,37101100
AAPL,2026-05-06,281.4177950537395,287.5168959460148,280.5693031693742,286.9978332519531,58336100
MSFT,2026-05-06,406.3532485673598,416.73120520087787,403.4748984673602,412.2891845703125,30285900
NVDA,2026-05-06,199.65729931010404,208.0275486883452,198.37879062945476,207.5880584716797,188362800
QQQ,2026-05-06,687.0250065058129,695.1660231170968,685.7263848294704,695.0062255859375,38778500
AAPL,2026-05-07,288.75467457606095,291.60959552514373,285.2709015174152,286.9279479980469,45224300
MSFT,2026-05-07,418.41437649189606,426.25263786097554,417.06984955189336,419.07171630859375,34942400
NVDA,2026-05-07,208.0974592073836,213.95063795079753,206.25960488465944,211.2537841796875,168307900
QQQ,2026-05-07,695.8153383268437,700.4701959320079,691.0106209986512,694.1771240234375,43779100
AAPL,2026-05-08,289.49338424193445,294.2349225642168,289.48339230776435,292.7974853515625,52692800
MSFT,2026-05-08,415.70537649227293,416.9403619714099,412.32904436576047,413.44451904296875,33383800
NVDA,2026-05-08,212.7820061205359,217.5464575316693,212.642169707093,214.94947814941406,136421400
QQQ,2026-05-08,699.1516368844667,710.44921875,698.7321150158692,710.44921875,44320400
AAPL,2026-05-11,291.72841688276577,293.6267735875138,289.979924827367,292.42779541015625,42247300
MSFT,2026-05-11,406.22377045102496,411.02432350049145,403.86334099070683,410.99444580078125,35657900
NVDA,2026-05-11,213.79081709888328,222.04121091513153,213.64099781886503,219.18453979492188,160685800
QQQ,2026-05-11,709.5801817559162,713.805579696499,708.1317613118729,712.5069580078125,36019100
AAPL,2026-05-12,292.3078994315659,295.0155556946294,292.3078994315659,294.54595947265625,45748100
MSFT,2026-05-12,412.8071154720842,413.8229876767416,404.9987623844293,406.1241760253906,38594200
NVDA,2026-05-12,218.29558003818886,223.48952345691538,214.6698009927987,220.52297973632812,159176600
QQQ,2026-05-12,707.4425277497028,709.4003981235137,695.8752835015275,706.463623046875,45873000
AAPL,2026-05-13,293.24708951115105,300.6607090744109,293.24708951115105,298.6124572753906,52684300
MSFT,2026-05-13,401.57265715241186,404.6700902960666,399.41140211310335,403.57452392578125,29667100
NVDA,2026-05-13,224.6681467194947,227.57476278227756,221.3120728008497,225.56710815429688,150405400
QQQ,2026-05-13,709.1806902070881,715.8633489513101,704.0563165931343,713.9254760742188,40012500
AAPL,2026-05-14,299.5616620172475,300.1911240450107,295.12548538387824,297.9530334472656,35324900
MSFT,2026-05-14,402.8474630718804,410.17774231087935,399.2619871856725,407.7774658203125,27077500
NVDA,2026-05-14,229.58243343997336,236.26463268418732,229.03307065698914,235.465576171875,180782900
QQQ,2026-05-14,713.8355094170396,721.2374091114184,713.4359241362712,718.9998168945312,33327500
AAPL,2026-05-15,297.643304079477,302.93875555297063,296.26448829773227,299.9713134765625,54862800
MSFT,2026-05-15,412.5979239362014,426.4418454559798,411.2434277199191,420.2170715332031,50771200
NVDA,2026-05-15,229.49252726355346,231.23050718880455,223.97896415639156,225.05770874023438,180977600
QQQ,2026-05-15,709.3604881552494,714.3450008365951,704.7754998097428,708.1517944335938,51792700
AAPL,2026-05-18,299.98126929450746,300.4009207908792,294.6558756451712,297.5833435058594,34483000
MSFT,2026-05-18,414.93848271907115,423.40417602339767,413.9325494355234,421.83056640625,32564100
NVDA,2026-05-18,229.60240180074675,229.7322553439391,218.1157890335498,222.0612030029297,146280900
QQQ,2026-05-18,710.7588622671137,711.2883097073819,698.0827906816122,705.1051025390625,49834500
AAPL,2026-05-19,296.7140952726279,300.2510533099592,296.09463441963413,298.7123718261719,42243600
MSFT,2026-05-19,428.16486989475214,430.9535870211983,414.808990493047,415.7352600097656,33018700
NVDA,2026-05-19,219.36432694236115,224.21866983705235,217.6563261548179,220.35317993164062,140948200
QQQ,2026-05-19,699.0418050981273,705.714465040699,694.4868131207006,700.7599487304688,46827500
AAPL,2026-05-20,297.9230626302997,302.5390768782648,297.82314269813475,301.98956298828125,38229800
MSFT,2026-05-20,412.49835957243755,420.3963455784958,409.63991780241736,419.36053466796875,27864000
NVDA,2026-05-20,222.9201831873553,225.8667612103758,220.2433103590018,223.20985412597656,184201600
QQQ,2026-05-20,704.5157692199168,712.3671875,703.0174157954351,712.3671875,36779200
AAPL,2026-05-21,300.80056674721834,305.27671719779084,300.1411318265125,304.7271728515625,42965100
MSFT,2026-05-21,423.9518891931334,425.5388979071037,414.92886694253497,418.3025207519531,31393500
NVDA,2026-05-21,222.03121805596584,227.13526994336974,217.6762930684293,219.25445556640625,203381800
QQQ,2026-05-21,708.2116871156971,716.3327671783537,705.9941534147096,713.7256469726562,36415400
AAPL,2026-05-22,305.85620846339293,311.13165741506583,305.57645096183757,308.55389404296875,43670200
MSFT,2026-05-22,418.7517174636334,423.60257118762803,415.54772693408205,417.7835388183594,22390300
NVDA,2026-05-22,220.64283833374193,220.75271088945502,214.54994865072538,215.07933044433594,169275700
QQQ,2026-05-22,717.2817668085307,721.3273088449104,715.1640988544713,716.7523193359375,33118600
AAPL,2026-05-26,309.29325163060713,311.5513139598484,307.4048960873393,308.0643005371094,48000500
MSFT,2026-05-26,415.6475333356961,418.9812539216563,412.24393696715845,415.248291015625,30398000
NVDA,2026-05-26,216.28791550863897,217.92600574795006,211.75320730356688,214.60987854003906,187202600
QQQ,2026-05-26,725.1631283460116,730.3673702569255,723.3650554496121,729.4783935546875,34254700
AAPL,2026-05-27,308.0643052358437,312.9900803339556,308.0343323058515,310.5821533203125,50430900
MSFT,2026-05-27,410.23773822181624,415.15846763645,408.8104019854481,411.8946228027344,28901500
NVDA,2026-05-27,213.87072806866348,213.90069192498567,208.53694826896,212.35250854492188,167601200
QQQ,2026-05-27,732.155448805963,732.515039000156,724.6436840304248,728.6492919921875,35148700
AAPL,2026-05-28,310.412282475935,312.5304508120942,309.30325358892543,312.24072265625,48220400
MSFT,2026-05-28,412.2040283766931,428.68298564682067,411.89461329838434,426.18768310546875,47250500
NVDA,2026-05-28,211.03403615445995,215.2691056248748,210.97410844231206,214.00057983398438,143996000
QQQ,2026-05-28,728.9289290608506,735.7913827320126,725.6125662306399,734.79248046875,32840000
AAPL,2026-05-29,311.5113496628706,314.7285763294451,309.2632884033746,311.7911071777344,70026800
MSFT,2026-05-29,431.7372486144539,449.48383969057267,431.54760317786213,449.3940124511719,79654400
NVDA,2026-05-29,214.33020874183248,217.6063892667686,210.88422794322287,210.8942108154297,289410600
QQQ,2026-05-29,737.0300569298091,740.815874477768,734.4428732975097,737.49951171875,37541700
AAPL,2026-06-01,309.363197507879,310.67206624496237,304.7571540774977,306.0460510253906,48849900
MSFT,2026-06-01,463.96658383705716,465.4438139523178,457.40892124774234,459.6546936035156,53628900
NVDA,2026-06-01,215.47885750139108,224.60821672379726,215.44889364463796,224.09881591796875,212850700
QQQ,2026-06-01,736.2309273283665,744.8315224447946,735.1820921097265,741.9246826171875,33890600
AAPL,2026-06-02,307.1950545511415,315.1781903378333,306.42572903356995,314.92840576171875,44534700
MSFT,2026-06-02,446.0403151791343,452.64787129328397,439.6024225764256,440.48077392578125,37036800
NVDA,2026-06-02,226.91551751623658,232.00958636747916,221.09231801448135,222.56060791015625,193362900
QQQ,2026-06-02,741.5850600741305,745.6206032443648,738.4184960219842,745.3408813476562,30085200
AAPL,2026-06-03,313.9092501546009,316.6668815001487,308.5838566628498,309.9926452636719,50836700
MSFT,2026-06-03,437.62618910935214,439.56254639446627,423.45285793258154,426.53704833984375,39037000
NVDA,2026-06-03,221.46188713313538,222.56061267075634,214.2602739078757,214.5,160907000
QQQ,2026-06-03,746.4896389980919,747.828194840854,740.1965670083828,743.39306640625,40270200
AAPL,2026-06-04,312.96009909963743,313.26982953176514,309.38316692864953,310.9618225097656,44869100
MSFT,2026-06-04,434.9911260035114,435.33048350032107,425.60879436274143,427.2456970214844,26899500
NVDA,2026-06-04,213.91000366210938,221.60000610351562,210.97000122070312,218.66000366210938,169022200
QQQ,2026-06-04,734.6726235372454,742.6838392688934,731.815777671541,739.7969970703125,40782600
AAPL,2026-06-05,312.5903972939029,314.8984348439246,306.8853260765596,307.0751647949219,65310500
MSFT,2026-06-05,427.5351398188391,428.66302140752947,413.6213308264138,415.8870849609375,34782200
NVDA,2026-06-05,214.52999877929688,214.8699951171875,204.3300018310547,205.10000610351562,219655500
QQQ,2026-06-05,729.2585667367451,730.8867822650427,703.5468328396532,704.2860107421875,99606600
AAPL,2026-06-08,308.4739595974908,317.1265012321255,300.9105055796523,301.2801818847656,77949100
MSFT,2026-06-08,413.3618539280056,416.37616844333525,407.79232157753756,410.9663391113281,32086700
NVDA,2026-06-08,210.17999267578125,210.47000122070312,206.0,208.63999938964844,138372800
QQQ,2026-06-08,717.0220156925686,722.2363170978037,712.2872288217055,715.283935546875,47401500
AAPL,2026-06-09,300.0212482417878,300.4908444635933,287.5320194610898,290.29962158203125,70108800
MSFT,2026-06-09,408.26144336727174,411.20591258759293,397.7312786929967,402.6520080566406,35317300
NVDA,2026-06-09,210.6199951171875,211.39999389648438,199.33999633789062,208.19000244140625,180962500
QQQ,2026-06-09,722.1863106332692,724.863361278284,685.6165148330579,707.052978515625,91932200
AAPL,2026-06-10,290.4894628291428,294.4960172141002,287.1323727394638,291.3287353515625,52793300
MSFT,2026-06-10,397.80110870103243,404.2789346443135,396.41373636313654,396.61334228515625,32576000
NVDA,2026-06-10,204.42999267578125,207.22000122070312,199.9199981689453,200.4199981689453,161746600
QQQ,2026-06-10,700.8897497708573,710.4992458337158,692.1693523412803,692.9285278320312,65334300
AAPL,2026-06-11,293.4668864344149,296.7440586571729,289.3404406054596,295.375244140625,42572500
MSFT,2026-06-11,394.46741202742857,396.1043451719433,383.278483574852,389.6065673828125,47224100
NVDA,2026-06-11,201.49000549316406,205.66000366210938,199.5399932861328,204.8699951171875,158643200
QQQ,2026-06-11,698.5223198057862,717.5813914617661,694.2370511794155,716.332763671875,71798900
AAPL,2026-06-12,295.7749221682621,296.88398158337014,289.3704417369658,290.879150390625,38742100
MSFT,2026-06-12,390.6945042817559,391.003919361718,381.55171206615995,390.00579833984375,34865800
NVDA,2026-06-12,204.86000061035156,207.07000732421875,203.44000244140625,205.19000244140625,112001800
QQQ,2026-06-12,716.8222099862159,723.2152086039907,710.4992028084189,720.5481567382812,51168400
AAPL,2026-06-15,293.8665449684006,297.5233947188816,291.4486474146935,296.1645812988281,45732600
MSFT,2026-06-15,396.05442037645633,400.99513175706005,392.11186050588947,399.0088806152344,32266400
NVDA,2026-06-15,208.9199981689453,212.7100067138672,208.33999633789062,212.4499969482422,149936700
QQQ,2026-06-15,737.2897407963812,743.9424640540115,736.5705604269921,743.1832885742188,46710200
AAPL,2026-06-16,294.99559499590845,300.2210994929347,293.71669913987887,298.9821472167969,39874400
MSFT,2026-06-16,395.0463355104342,396.094350419825,389.9559121071713,393.0899963378906,31506800
NVDA,2026-06-16,211.17999267578125,211.49000549316406,207.2899932861328,207.41000366210938,125694100
QQQ,2026-06-16,741.4351902855873,743.4029984406948,728.8390476265988,729.0587768554688,45348700
AAPL,2026-06-17,300.59074812548096,301.8096980081642,294.10632015937927,295.6949768066406,42745100
MSFT,2026-06-17,389.51671695343225,389.6364865987809,376.6110198431126,378.1980285644531,41987800
NVDA,2026-06-17,208.52999877929688,209.2100067138672,203.0800018310547,204.64999389648438,128363500
QQQ,2026-06-17,734.38293083454,734.8723831709506,720.058646070882,721.7168579101562,51669300
AAPL,2026-06-18,297.8530937792582,300.31099586682666,295.3652492546472,297.7532043457031,85962200
MSFT,2026-06-18,377.11008548581106,380.6534028700893,372.5786075934489,378.6871032714844,59714200
NVDA,2026-06-18,207.3300018310547,211.38999938964844,206.5,210.69000244140625,241272000
QQQ,2026-06-18,736.390778085872,741.005701773832,731.7059239216511,739.8070068359375,50154600
AAPL,2026-06-22,297.05381866220307,302.1594314563154,296.5043047694293,296.75408935546875,44879900
MSFT,2026-06-22,375.0339909424311,380.9129385065033,366.3802985575179,366.6497802734375,45171100
NVDA,2026-06-22,211.44000244140625,213.99000549316406,207.72000122070312,208.64999389648438,122041400
QQQ,2026-06-22,742.02001953125,745.4500122070312,734.3900146484375,737.9500122070312,43518600
AAPL,2026-06-23,297.2836155142734,301.3800886038737,293.9264950024863,294.04638671875,52010900
MSFT,2026-06-23,371.6802994138851,376.51120135394876,369.9735210485466,373.23736572265625,40647600
NVDA,2026-06-23,202.1699981689453,203.77000427246094,200.0,200.0399932861328,153496200
QQQ,2026-06-23,715.739990234375,723.6099853515625,712.1099853515625,713.6500244140625,53354200
AAPL,2026-06-24,295.1054570720635,299.4417438827621,292.68755959702736,292.8274230957031,53081900
MSFT,2026-06-24,370.87185096853153,378.16811350773463,364.09460041679364,364.7733154296875,44509900
NVDA,2026-06-24,200.1199951171875,201.6699981689453,196.5800018310547,199.0,151810700
QQQ,2026-06-24,715.3699951171875,719.9299926757812,704.4500122070312,710.6199951171875,52480400
AAPL,2026-06-25,287.1523472601469,288.55113481081804,273.5141152813601,274.91290283203125,107013700
MSFT,2026-06-25,362.0883479855026,363.5456265920902,348.54386902384044,352.1670227050781,66179000
NVDA,2026-06-25,200.0800018310547,200.8000030517578,192.1300048828125,195.74000549316406,149550000
QQQ,2026-06-25,725.9000244140625,726.8300170898438,705.2999877929688,716.3800048828125,49668000
AAPL,2026-06-26,274.7630284991681,285.70360492137456,273.9737007161028,283.53546142578125,261775500
MSFT,2026-06-26,356.4789138154501,375.90234020580533,354.762144454129,372.2691955566406,186201600
NVDA,2026-06-26,193.1199951171875,195.5500030517578,191.22000122070312,192.52999877929688,179304100
QQQ,2026-06-26,707.1300048828125,715.5599975585938,702.8099975585938,706.52001953125,47081800
AAPL,2026-06-29,286.4829438934296,288.12151489662153,279.6088673150861,281.4972229003906,66427000
MSFT,2026-06-29,376.790685328561,379.7850483907747,359.2237492715265,367.8774719238281,51229900
NVDA,2026-06-29,193.85000610351562,196.17999267578125,189.8000030517578,194.97000122070312,148835700
QQQ,2026-06-29,713.989990234375,724.5800170898438,705.1699829101562,724.0800170898438,44939100
AAPL,2026-06-30,280.9277417485351,289.69017405322865,280.45814550695326,289.11065673828125,65100200
MSFT,2026-06-30,370.3328407149792,373.44697342275583,366.7595808670141,372.319091796875,44945700
NVDA,2026-06-30,197.24000549316406,200.6300048828125,195.11000061035156,200.08999633789062,166476700
QQQ,2026-06-30,724.1799926757812,737.6199951171875,723.9099731445312,736.4000244140625,42121800
AAPL,2026-07-01,293.1871503157195,296.33442991747245,288.95081360688545,294.1263427734375,50164200
MSFT,2026-07-01,380.1144231011508,388.09939143880604,374.18561213385976,383.5579528808594,48065800
NVDA,2026-07-01,196.1999969482422,199.85000610351562,193.4499969482422,197.5800018310547,146147600
QQQ,2026-07-01,729.1900024414062,731.9199829101562,724.5999755859375,725.1699829101562,40803800
AAPL,2026-07-02,293.866538367699,309.15337194761725,293.4269150966668,308.3640441894531,75352800
MSFT,2026-07-02,383.7575696594082,391.4630649298244,382.97903650468743,389.7562561035156,42128900
NVDA,2026-07-02,197.13999938964844,200.05999755859375,192.35000610351562,194.8300018310547,142068700
QQQ,2026-07-02,725.5800170898438,730.8300170898438,707.5599975585938,712.5999755859375,50959800
AAPL,2026-07-06,307.0951430290638,313.9292760509671,306.7354678654279,312.3905944824219,53590000
MSFT,2026-07-06,386.31276024010407,388.418780928489,380.5036887115837,386.0133056640625,34224500
NVDA,2026-07-06,194.4199981689453,197.5500030517578,193.99000549316406,195.5500030517578,108999000
QQQ,2026-07-06,719.9299926757812,726.0800170898438,718.4500122070312,722.8200073242188,30220400
AAPL,2026-07-07,315.0183186077797,315.20815732134815,309.88273318392555,310.3923034667969,42490000
MSFT,2026-07-07,391.75251064257776,394.8267404517197,387.4905448392632,388.109375,29297500
NVDA,2026-07-07,192.3699951171875,198.41000366210938,191.13999938964844,196.92999267578125,124154600
QQQ,2026-07-07,714.1699829101562,716.3499755859375,704.9000244140625,709.4299926757812,42483100
AAPL,2026-07-08,311.6412289475945,314.5487250421545,306.7854009831778,313.1199645996094,41323500
MSFT,2026-07-08,383.3084264217563,384.58602015004215,380.6134873969759,382.6197204589844,25908300
NVDA,2026-07-08,195.17999267578125,205.16000366210938,195.05999755859375,204.1199951171875,147419100
QQQ,2026-07-08,704.9500122070312,712.260009765625,700.9099731445312,711.4400024414062,35603200
AAPL,2026-07-09,310.24243869469103,316.2572401947346,307.8944576262147,315.947509765625,48124500
MSFT,2026-07-09,373.74643420118315,383.92725049460796,372.64849496928053,383.6377868652344,31083200
NVDA,2026-07-09,204.4600067138672,204.58999633789062,198.9600067138672,202.77999877929688,132037400
QQQ,2026-07-09,718.3300170898438,724.22998046875,715.1300048828125,723.280029296875,33654700
AAPL,2026-07-10,314.4488202226986,316.6369356310425,311.9010296470402,315.0483093261719,34132300
MSFT,2026-07-10,387.07131223677504,391.1736053926777,380.783162110783,384.37640380859375,24644600
NVDA,2026-07-10,202.0,211.0,201.9199981689453,210.9600067138672,148421000
QQQ,2026-07-10,720.7000122070312,726.3900146484375,717.0,725.510009765625,26415900
AAPL,2026-07-13,316.7468014245228,323.171283634363,315.5078797345754,317.03656005859375,43257800
MSFT,2026-07-13,387.02143811329415,392.91034623109437,383.4281962321871,390.2553405761719,28914900
NVDA,2026-07-13,208.5399932861328,210.57000732421875,203.0,203.52999877929688,121411000
QQQ,2026-07-13,717.719970703125,718.739990234375,710.0800170898438,711.739990234375,36552400
AAPL,2026-07-14,313.48965629761443,315.91755515351207,311.64124426456783,314.58868408203125,36336800
MSFT,2026-07-14,382.1007052927433,387.46061042423804,377.93852713765,384.20672607421875,27863900
NVDA,2026-07-14,208.1999969482422,212.5500030517578,203.8000030517578,211.8000030517578,124379600
QQQ,2026-07-14,720.219970703125,722.2899780273438,714.3400268554688,719.6900024414062,29448100
AAPL,2026-07-15,317.34631234952286,328.44675508114506,317.0465830462295,327.2178039550781,60957600
MSFT,2026-07-15,387.07132248997675,398.2103568181361,385.6739591427675,394.8866271972656,36253700
NVDA,2026-07-15,211.9600067138672,213.80999755859375,206.0399932861328,212.5,124797200
QQQ,2026-07-15,723.8499755859375,724.3599853515625,710.22998046875,717.739990234375,32627600
AAPL,2026-07-16,327.72736328456057,334.3915986652446,326.50841333986017,332.97283935546875,62970600
MSFT,2026-07-16,397.56157784187184,405.2271399033625,391.31333055964967,400.3463439941406,37047400
NVDA,2026-07-16,210.1699981689453,211.0800018310547,205.85000610351562,207.39999389648438,122986100
QQQ,2026-07-16,712.010009765625,713.5999755859375,702.6099853515625,705.9400024414062,39402000
AAPL,2026-07-17,331.693929977533,334.7013154010385,328.71648699084636,333.452392578125,63407100
MSFT,2026-07-17,394.1180409920291,397.64143734197864,388.6583483977542,393.08001708984375,33049800
NVDA,2026-07-17,202.63999938964844,206.64999389648438,197.97000122070312,202.80999755859375,144281900
QQQ,2026-07-17,691.6500244140625,702.2999877929688,686.760009765625,695.3300170898438,54109300
AAPL,2026-07-20,333.2226134619852,333.4224228207836,323.4010672140761,326.3085632324219,53468000
MSFT,2026-07-20,390.67455694621333,402.4224305318551,388.91785418191677,401.53411865234375,27915800
NVDA,2026-07-20,205.8699951171875,207.74000549316406,202.27999877929688,203.27999877929688,88701500
QQQ,2026-07-20,702.1599731445312,705.7999877929688,695.510009765625,696.0599975585938,29687600
AAPL,2026-07-21,322.85156758462244,329.3159936819017,321.94234806189104,327.45758056640625,41338900
MSFT,2026-07-21,398.0606303262699,400.7156358198418,395.57531880381754,397.00262451171875,24126600
NVDA,2026-07-21,207.5399932861328,208.64999389648438,204.00999450683594,207.2899932861328,108685600
QQQ,2026-07-21,706.5700073242188,710.0499877929688,702.7999877929688,708.969970703125,33728300
AAPL,2026-07-22,327.58746619388995,328.7164973399543,323.0613709608057,325.60919189453125,38755900
MSFT,2026-07-22,398.8291961465565,400.246541441447,386.2329133568751,389.6065673828125,28142500
NVDA,2026-07-22,205.80999755859375,214.38999938964844,204.9499969482422,212.05999755859375,137645600
QQQ,2026-07-22,703.6199951171875,709.6500244140625,703.6199951171875,705.3499755859375,23692200
AAPL,2026-07-23,321.4527900194849,323.0214140443725,319.0748358849152,321.3828430175781,40840800
MSFT,2026-07-23,389.23725659651495,391.04385321150613,376.68090752842744,380.8630065917969,30351800
NVDA,2026-07-23,209.4600067138672,210.8699951171875,205.9600067138672,208.75999450683594,110505300
QQQ,2026-07-23,694.6699829101562,698.6599731445312,687.7899780273438,691.9600219726562,44028600
AAPL,2026-07-24,321.5127284115298,334.0818750563203,321.3428614810286,332.7330322265625,47489400
MSFT,2026-07-24,386.32274187573427,388.29903252889795,379.9347732203772,380.9828186035156,27659400
NVDA,2026-07-24,207.4499969482422,211.91000366210938,204.80999755859375,206.83999633789062,114836800
QQQ,2026-07-24,690.4099731445312,692.6300048828125,682.47998046875,684.22998046875,42876700
AAPL,2026-07-27,334.2517370375488,339.277401491225,333.73216560461384,336.61968994140625,49604300
MSFT,2026-07-27,389.3470355932277,393.45931979821836,387.2609663085435,388.368896484375,27856200
NVDA,2026-07-27,208.1999969482422,208.75,195.44000244140625,196.50999450683594,154353700
QQQ,2026-07-27,691.6799926757812,692.2999877929688,675.9500122070312,682.1199951171875,42681500
AAPL,2026-07-28,339.73698155301014,342.59453283396704,335.31080637618777,339.78692626953125,51859000
MSFT,2026-07-28,392.4212554523594,399.56780545733704,390.5647345556998,392.61090087890625,32367500
NVDA,2026-07-28,195.0,198.6999969482422,192.74000549316406,197.00999450683594,134111500
QQQ,2026-07-28,676.22998046875,679.4000244140625,667.8800048828125,675.489990234375,51398700
AAPL,2026-07-29,339.43727163464206,344.2730974331505,337.0593175600121,337.8985900878906,56090800
MSFT,2026-07-29,392.6607942930367,400.4960502148319,388.00954678983055,389.8061828613281,47209000
NVDA,2026-07-29,195.85000610351562,197.07000732421875,190.00999450683594,190.00999450683594,147680800
QQQ,2026-07-29,675.510009765625,680.0499877929688,661.1400146484375,661.72998046875,57233300
AAPL,2026-07-30,332.8129674612056,334.4615395264105,329.30598233808786,333.1426696777344,74817800
MSFT,2026-07-30,437.07720086969465,457.8281459885008,431.6274684759506,450.2524108886719,110160700
NVDA,2026-07-30,193.4499969482422,197.25,191.52000427246094,195.0399932861328,129010200
QQQ,2026-07-30,674.760009765625,685.1199951171875,673.2999877929688,683.5499877929688,66753700
AAPL,2026-07-31,304.54735603914753,310.4222943774597,299.7415030462749,308.6438293457031,132489100
MSFT,2026-07-31,449.1544591210436,465.962813447145,448.4857046349594,463.8468017578125,60846000
NVDA,2026-07-31,198.44000244140625,202.0,194.9499969482422,200.75,139961200
QQQ,2026-07-31,692.1099853515625,695.77001953125,680.0499877929688,687.989990234375,50540500
AAPL,2026-08-03,309.313234694189,311.5313230344714,302.29929450581176,303.1585693359375,75052000
MSFT,2026-08-03,475.2353605631651,490.7261876465455,474.10747895013026,486.73370361328125,66762100
NVDA,2026-08-03,197.69000244140625,208.74000549316406,196.85000610351562,206.63999938964844,128406900
QQQ,2026-08-03,688.2999877929688,701.5900268554688,685.8200073242188,700.0700073242188,44965100
AAPL,2026-08-04,302.46913991298527,310.1525156602479,301.0603512911937,309.1134033203125,68001000
MSFT,2026-08-04,479.99640781848416,498.50158065157444,478.2696778930625,491.884033203125,50455500
NVDA,2026-08-04,211.3000030517578,213.05999755859375,209.0500030517578,211.94000244140625,134922000
QQQ,2026-08-04,708.1599731445312,725.6599731445312,707.530029296875,723.8499755859375,59778600
AAPL,2026-08-05,309.09342362565195,311.4414048335362,305.40663118634393,310.7320251464844,49438800
MSFT,2026-08-05,495.42733843271316,497.3038108374591,484.7674131728324,486.5440673828125,33388900
NVDA,2026-08-05,216.86000061035156,222.22000122070312,216.39999389648438,219.22000122070312,158187400
QQQ,2026-08-05,726.25,728.5399780273438,716.9199829101562,717.2999877929688,33540200
AAPL,2026-08-06,314.06913775686996,316.0174696892129,308.96355554648414,312.14080810546875,46139900
MSFT,2026-08-06,487.6319998350186,500.61756372489685,487.60205742358346,498.9207458496094,36441500
NVDA,2026-08-06,221.52999877929688,223.6300048828125,217.0,218.99000549316406,113940600
QQQ,2026-08-06,710.8200073242188,719.3200073242188,708.5,714.6500244140625,33035900
AAPL,2026-08-07,311.1816431226555,314.53873325457766,310.47223295908327,313.05999755859375,34437200
MSFT,2026-08-07,498.2719734340298,504.23075699317457,497.79289485093346,499.0505065917969,28846200
NVDA,2026-08-07,221.5399932861328,224.75999450683594,220.66000366210938,223.9600067138672,105669400
QQQ,2026-08-07,720.1500244140625,723.6300048828125,716.510009765625,723.030029296875,31070400
AAPL,2026-08-10,306.8299865722656,308.260009765625,304.6099853515625,308.260009765625,44812500
MSFT,2026-08-10,502.4940586092805,512.7647021753171,501.32624359045303,505.109130859375,31206100
NVDA,2026-08-10,223.39999389648438,224.13999938964844,216.77000427246094,217.5500030517578,115846600
QQQ,2026-08-10,722.3900146484375,724.6699829101562,720.3300170898438,720.8699951171875,26243200
AAPL,2026-08-11,307.75,309.9700012207031,302.7900085449219,304.9100036621094,37476700
MSFT,2026-08-11,503.3823542433026,504.38047525067043,498.61133704649393,502.86334228515625,23049800
NVDA,2026-08-11,222.1699981689453,222.1999969482422,216.1999969482422,217.5,101273100
QQQ,2026-08-11,723.2899780273438,723.3499755859375,715.5,718.4500122070312,29286100
AAPL,2026-08-12,305.1000061035156,305.6600036621094,300.57000732421875,302.25,41657800
MSFT,2026-08-12,499.0505227551261,500.557695253814,490.59643643442394,491.5047302246094,29001500
NVDA,2026-08-12,221.0399932861328,225.10000610351562,220.1999969482422,224.08999633789062,108783600
QQQ,2026-08-12,727.0800170898438,727.25,722.9199829101562,723.7000122070312,29066000
AAPL,2026-08-13,304.2099914550781,306.0,302.04998779296875,305.260009765625,40349300
MSFT,2026-08-13,492.34314786956145,500.3979918654044,492.0836571155829,495.9463806152344,23039000
NVDA,2026-08-13,225.05999755859375,227.22999572753906,223.7100067138672,225.3000030517578,98867200
QQQ,2026-08-13,725.1500244140625,733.9600219726562,724.030029296875,732.0700073242188,31599700
AAPL,2026-08-14,306.0,307.489990234375,304.29998779296875,305.92999267578125,28229400
MSFT,2026-08-14,495.42733437790497,499.07050046550256,492.991947114923,494.4691467285156,16217600
NVDA,2026-08-14,226.77000427246094,227.49000549316406,224.5,225.16000366210938,75680900
QQQ,2026-08-14,733.4099731445312,734.3900146484375,728.3200073242188,731.0700073242188,23790600
AAPL,2026-08-17,306.2099914550781,307.6600036621094,302.94000244140625,305.5899963378906,38169300
MSFT,2026-08-17,489.21906226283284,491.73431632358415,477.51109147171053,479.44744873046875,29635800
NVDA,2026-08-17,225.97999572753906,227.9199981689453,224.86000061035156,225.00999450683594,93678700
QQQ,2026-08-17,732.9500122070312,734.5800170898438,729.27001953125,729.8699951171875,26452600
AAPL,2026-08-18,307.5799865722656,311.489990234375,305.739990234375,310.0299987792969,53424500
MSFT,2026-08-18,480.6352093836093,483.36006030134655,476.2534434403709,480.72503662109375,24087600
NVDA,2026-08-18,220.4499969482422,221.63999938964844,218.69000244140625,219.74000549316406,103128200
QQQ,2026-08-18,720.2100219726562,722.1300048828125,715.9199829101562,717.510009765625,48997200
AAPL,2026-08-19,310.1400146484375,319.2799987792969,309.6000061035156,316.8299865722656,50505600
MSFT,2026-08-19,479.16797047398614,488.3806080919379,478.4592826108848,483.3999938964844,19961900
NVDA,2026-08-19,221.6699981689453,222.8699951171875,216.75999450683594,217.55999755859375,96797300
QQQ,2026-08-19,720.3900146484375,721.5,712.6099853515625,716.0800170898438,35801700
AAPL,2026-08-20,317.4599914550781,320.2799987792969,310.6499938964844,311.29998779296875,40959200
MSFT,2026-08-20,483.29998779296875,484.1600036621094,479.5,481.1499938964844,20020800
NVDA,2026-08-20,218.36000061035156,219.86000061035156,215.66000366210938,216.85000610351562,92457000
QQQ,2026-08-20,712.0900268554688,714.9400024414062,708.52001953125,710.9299926757812,33396400
AAPL,2026-08-21,312.04998779296875,312.3800048828125,307.010009765625,309.3500061035156,46876800
MSFT,2026-08-21,479.8800048828125,486.3599853515625,478.5299987792969,483.239990234375,22510800
NVDA,2026-08-21,218.4199981689453,218.74000549316406,214.5,214.72000122070312,98869300
QQQ,2026-08-21,715.22998046875,715.6699829101562,709.2000122070312,713.4400024414062,33399400
AAPL,2026-08-24,311.4700012207031,313.3599853515625,309.9700012207031,310.3399963378906,34673600
MSFT,2026-08-24,483.2099914550781,490.6099853515625,481.8599853515625,487.30999755859375,17230800
NVDA,2026-08-24,215.52999877929688,215.58999633789062,207.25,208.47999572753906,135187300
QQQ,2026-08-24,709.6599731445312,709.7899780273438,702.7000122070312,706.3200073242188,37443100
AAPL,2026-08-25,310.7900085449219,313.5899963378906,308.2099914550781,309.8999938964844,25869800
MSFT,2026-08-25,485.44000244140625,492.44000244140625,484.29998779296875,491.7099914550781,19519000
NVDA,2026-08-25,211.02999877929688,214.72999572753906,210.11000061035156,213.0500030517578,122309000
QQQ,2026-08-25,711.219970703125,714.0399780273438,707.4500122070312,710.719970703125,23869600
AAPL,2026-08-26,310.29998779296875,315.42999267578125,308.79998779296875,313.45001220703125,34024500
MSFT,2026-08-26,487.8500061035156,497.3999938964844,487.30999755859375,496.3699951171875,20758900
NVDA,2026-08-26,212.63999938964844,213.60000610351562,209.22999572753906,209.66000366210938,179900000
QQQ,2026-08-26,708.4099731445312,713.02001953125,707.969970703125,711.3699951171875,20392400
AAPL,2026-08-27,310.54998779296875,315.3999938964844,309.3999938964844,314.5799865722656,32419200
MSFT,2026-08-27,494.8800048828125,506.4800109863281,490.0799865722656,505.05999755859375,28688800
NVDA,2026-08-27,222.86000061035156,230.47000122070312,220.89999389648438,227.97999572753906,298909800
QQQ,2026-08-27,716.9299926757812,721.3499755859375,714.530029296875,721.1099853515625,28723500
