Ticker,Date,Open,High,Low,Close,Volume,Quarter,Split
AAPL,2025-01-02,247.13654201152733,247.305330553937,240.07778153574023,242.09315490722656,55740700,Q1,train
MSFT,2025-01-02,419.7509810335182,420.2836558558519,409.2160306987592,412.8953552246094,16896500,Q1,train
NVDA,2025-01-02,135.79717669922962,138.6728864930968,134.42922472124587,138.10372924804688,198247200,Q1,train
QQQ,2025-01-02,510.4994035854788,512.8221380642742,501.9728857721829,506.4595031738281,36389800,Q1,train
AAPL,2025-01-03,241.60667419433597,242.42075849453863,240.147263834766,241.60667419433597,40244100,Q1,train
MSFT,2025-01-03,415.3613950253171,418.27134378737713,413.8423310893823,417.6005859375,16662900,Q1,train
NVDA,2025-01-03,139.8011917981673,144.6838985290199,139.52161059265686,144.25454711914062,229322500,Q1,train
QQQ,2025-01-03,509.5563498900305,515.8098417331423,508.7424629551306,514.7477416992188,29059500,Q1,train
AAPL,2025-01-06,242.5498168429892,245.54806288478196,241.4478134561986,243.2348480224609,45045600,Q1,train
MSFT,2025-01-06,422.1873855590837,428.4215616547056,419.70162020086,422.0394287109375,20573600,Q1,train
NVDA,2025-01-06,148.36840963752263,151.93309314343088,147.599568879649,149.2071533203125,265377400,Q1,train
QQQ,2025-01-06,520.1476411928097,524.018784806924,518.1723564940825,520.6637573242188,36109700,Q1,train
AAPL,2025-01-07,241.22939201717415,243.78088314896328,239.61114601786815,240.46495056152344,40856000,Q1,train
MSFT,2025-01-07,423.1738448521772,424.801430542522,415.0851952170159,416.6338806152344,18139100,Q1,train
NVDA,2025-01-07,152.80177547515166,152.9016324332477,139.80118875754107,139.93099975585938,351782200,Q1,train
QQQ,2025-01-07,521.7060311004783,522.1030388371797,509.4870017410864,511.3729248046875,36690300,Q1,train
AAPL,2025-01-08,240.1770368943837,241.9541489627904,238.32051453305576,240.951416015625,37628900,Q1,train
MSFT,2025-01-08,417.7090917280971,421.1714329663283,415.81518360520914,418.7941589355469,15054600,Q1,train
NVDA,2025-01-08,142.36737985085435,143.73533196712347,137.3548616440079,139.90106201171875,227349900,Q1,train
QQQ,2025-01-08,511.2737429235676,513.100111993596,506.7970606664675,511.46234130859375,30777800,Q1,train
AAPL,2025-01-10,238.28080700459316,238.42973539672147,231.3213170399406,235.14358520507807,61710900,Q1,train
MSFT,2025-01-10,418.8631684887605,418.9420687753876,409.3836648034606,413.2603149414063,20201100,Q1,train
NVDA,2025-01-10,137.24501786219508,139.7113355717742,134.0198390250661,135.7073211669922,207602500,Q1,train
QQQ,2025-01-10,507.7002616861164,507.7994984696709,500.1961312090663,503.4419555664063,40532500,Q1,train
AAPL,2025-01-13,231.8475002973708,232.97928640713008,228.0649523818292,232.7112274169922,49630700,Q1,train
MSFT,2025-01-13,409.6007318390263,412.81646832203865,406.690813027426,411.5242614746094,17604800,Q1,train
NVDA,2025-01-13,129.79612279360126,133.29090247342435,129.31682775328372,133.03128051757812,204808900,Q1,train
QQQ,2025-01-13,497.49620898526393,502.2805667871351,496.0072937911245,501.823974609375,31694200,Q1,train
AAPL,2025-01-14,233.0586839045808,234.41880854341963,230.7951119565212,231.59927368164065,39435300,Q1,train
MSFT,2025-01-14,412.1358238822972,414.03960580749714,405.1421150215387,410.02490234375,16935900,Q1,train
NVDA,2025-01-14,135.84711813885167,136.1766278538369,129.85606565410438,131.56350708007812,195590500,Q1,train
QQQ,2025-01-14,504.9805217962677,506.39004165996994,497.8833646668992,501.3475646972656,33737200,Q1,train
AAPL,2025-01-15,232.94947976770305,237.2383625727966,232.74098609709984,236.1562042236328,39832000,Q1,train
MSFT,2025-01-15,413.43787278736687,422.3353628905166,412.58953664498,420.5203552246094,19637800,Q1,train
NVDA,2025-01-15,133.45068552943664,136.2465130176968,131.09420431967888,136.03683471679688,185217300,Q1,train
QQQ,2025-01-15,509.2388513156959,514.0231792721111,507.680415704871,512.8817138671875,34957600,Q1,train
AAPL,2025-01-16,235.63995285298608,236.29518618874627,226.38709407905125,226.6154327392578,71759100,Q1,train
MSFT,2025-01-16,422.8778842735224,423.6571336957602,418.6264203199314,418.8138122558594,15300000,Q1,train
NVDA,2025-01-16,138.43325045720013,138.5430870275282,133.2909365646461,133.37081909179688,209235600,Q1,train
QQQ,2025-01-16,515.1448776433202,515.2243034314204,509.1594689969779,509.28851318359375,28229000,Q1,train
AAPL,2025-01-17,230.44764042021455,230.6164138035219,226.833866130533,228.32305908203125,68488300,Q1,train
MSFT,2025-01-17,428.1947089431654,428.57942688248704,422.3551241092644,423.2034301757813,26197500,Q1,train
NVDA,2025-01-17,136.4861555399997,138.29345383465838,135.25799411499426,137.504638671875,201188800,Q1,train
QQQ,2025-01-17,518.9862432829292,520.1972592877152,509.31822917298143,517.8844604492188,51837900,Q1,train
AAPL,2025-01-21,222.38612124582832,222.803093405302,217.79941234276583,221.03591918945312,98070400,Q1,train
MSFT,2025-01-21,424.3575888899967,425.0480643283389,419.8200541536477,422.6806640625,26085700,Q1,train
NVDA,2025-01-21,138.95247218370304,141.6184885428412,136.88555189361048,140.61997985839844,197749000,Q1,train
QQQ,2025-01-21,520.6041714349437,522.0831509199561,516.2168513724278,520.9218139648438,23628000,Q1,train
AAPL,2025-01-22,218.2064751614249,222.5052806842356,218.2064751614249,222.2173767089844,64126500,Q1,train
MSFT,2025-01-22,431.6175824572203,441.1957044539868,430.0787709144918,440.1402587890625,27803800,Q1,train
NVDA,2025-01-22,144.4442829463215,147.56960504936464,143.45575377479585,146.85069274902344,237651400,Q1,train
QQQ,2025-01-22,525.6565483001042,529.8751413083515,525.3488415863966,527.5822143554688,33593000,Q1,train
AAPL,2025-01-23,223.1208199792776,225.394314538592,220.69839703644928,222.0485992431641,60234800,Q1,train
MSFT,2025-01-23,435.9973147591307,440.6828062638951,435.5041051270503,440.6433410644531,18389300,Q1,train
NVDA,2025-01-23,144.8337106624021,147.01045262591376,143.5056920734559,147.00047302246094,155915500,Q1,train
QQQ,2025-01-23,525.130545961952,528.8230878847827,524.5449397957133,528.7039794921875,23096600,Q1,train
AAPL,2025-01-24,223.160517277336,224.00439930767484,219.81480209957203,221.1749267578125,54697900,Q1,train
MSFT,2025-01-24,439.1143945823717,440.5841496239721,435.40544858930485,438.0293273925781,15549500,Q1,train
NVDA,2025-01-24,148.14872775799392,148.74783905952535,141.66841618539428,142.4073028564453,234657600,Q1,train
QQQ,2025-01-24,529.0811499069405,529.8454186239994,524.247142698527,525.7161865234375,19878300,Q1,train
AAPL,2025-01-27,222.40601266103107,230.47742834163907,222.36629236472388,228.2039337158203,94863400,Q1,train
MSFT,2025-01-27,418.2516444520013,429.2896784954125,417.74856099112463,428.6583557128906,35647800,Q1,train
NVDA,2025-01-27,124.61389107098998,128.20851331467108,116.5259643596482,118.24340057373048,818830900,Q1,train
QQQ,2025-01-27,507.2237341179043,514.1620686543571,506.3800095193755,510.4100341796875,60771700,Q1,train
AAPL,2025-01-28,229.1867945454765,238.4594987479956,229.147074251248,236.54339599609372,75707600,Q1,train
MSFT,2025-01-28,428.6977608632086,442.2906153004339,425.5214900534852,441.1266479492188,23491700,Q1,train
NVDA,2025-01-28,121.62833781559046,128.8076175411123,116.0766320864675,128.79763793945312,579666400,Q1,train
QQQ,2025-01-28,511.4126509421013,519.1351881754546,507.9980993704096,517.9539794921875,33194200,Q1,train
AAPL,2025-01-29,232.4332150558305,238.1318651456976,232.3240069742682,237.63546752929688,45486100,Q1,train
MSFT,2025-01-29,440.623618538184,440.8110406045072,434.41903300783486,436.3228149414063,23581400,Q1,train
NVDA,2025-01-29,126.31135328562937,126.70077107762197,119.8709750783515,123.5155258178711,467120600,Q1,train
QQQ,2025-01-29,518.5991606876129,518.7282048637726,513.0802502522747,516.981201171875,26649000,Q1,train
AAPL,2025-01-30,236.95044029141235,239.05516137192973,235.500967711044,235.8782196044922,55658300,Q1,train
MSFT,2025-01-30,413.0827588425547,417.1172097708342,407.5489615626973,409.3540954589844,54586300,Q1,train
NVDA,2025-01-30,122.91641979157204,124.81358785050304,117.92387627755193,124.464111328125,392925500,Q1,train
QQQ,2025-01-30,519.8399711897874,522.2122638046841,514.3806144435209,519.184814453125,27431300,Q1,train
AAPL,2025-01-31,245.40906406001392,245.40906406001392,231.7581291617668,234.2996826171875,100959800,Q1,train
MSFT,2025-01-31,413.2899333042713,414.976701732093,409.27519987674,409.4231567382813,34161900,Q1,train
NVDA,2025-01-31,123.59540412169352,127.6593341751579,119.01225290264884,119.89093780517578,388161100,Q1,train
QQQ,2025-01-31,523.0261489535886,527.5921922182381,517.3385119017584,518.4303588867188,38755200,Q1,train
AAPL,2025-02-03,228.33299411580023,230.15973381299625,224.0738938399255,226.36724853515625,73063300,Q1,train
MSFT,2025-02-03,406.010204945589,409.7684602096033,403.1101296878746,405.3394470214844,25679100,Q1,train
NVDA,2025-02-03,114.57887527254844,118.39317826666118,112.84147223806173,116.48603057861328,371235700,Q1,train
QQQ,2025-02-03,509.6755846757201,517.0010535797855,507.27348469906485,514.2813110351562,40580800,Q1,train
AAPL,2025-02-04,225.61275471542783,231.45039651675452,225.01707141571288,231.12277221679688,45067300,Q1,train
MSFT,2025-02-04,407.0853452090854,408.2986516716073,404.1753965052981,406.7696838378906,20532100,Q1,train
NVDA,2025-02-04,116.78557844108887,121.01925326141507,116.52596404203554,118.47306060791016,256550000,Q1,train
QQQ,2025-02-04,514.7974286874838,521.2295233442737,514.4003603770645,520.59423828125,26046800,Q1,train
AAPL,2025-02-05,226.88350440739825,230.9936762657329,226.625383087866,230.7951202392578,39620300,Q1,train
MSFT,2025-02-05,406.749979083578,408.2098602907994,404.8264495269334,407.6772155761719,16316700,Q1,train
NVDA,2025-02-05,121.57842315704724,124.8135892575584,120.57991444298676,124.6438446044922,262230800,Q1,train
QQQ,2025-02-05,517.9638671852232,523.11551659981,516.7727228160936,522.9566650390625,21134100,Q1,train
AAPL,2025-02-06,229.62361584180036,232.1155417136993,228.7698112868805,231.5397186279297,29925300,Q1,train
MSFT,2025-02-06,408.3775613386283,412.5205341470821,408.3775613386283,410.1728515625,16309800,Q1,train
NVDA,2025-02-06,127.22996749994309,128.57796024161053,125.02326434711814,128.4880828857422,251483600,Q1,train
QQQ,2025-02-06,523.4628423892975,525.8947492260023,521.8548188906348,525.686279296875,19434500,Q1,train
AAPL,2025-02-07,230.92419948813392,232.31410688860944,225.622660920367,225.9900054931641,39707200,Q1,train
MSFT,2025-02-07,410.8238843523212,412.9643971851394,402.5576865372201,404.1852722167969,22886800,Q1,train
NVDA,2025-02-07,129.02729180363133,130.17557068191934,124.8135839892709,129.6463623046875,228186300,Q1,train
QQQ,2025-02-07,526.2224643480172,528.1679418559564,518.3311999658048,519.0557861328125,29605500,Q1,train
AAPL,2025-02-10,228.1666073624245,229.1803610121675,225.81108525741095,226.25833129882807,33115600,Q1,train
MSFT,2025-02-10,408.0914590052598,409.8176925215145,405.33937124502273,406.6217041015625,20817900,Q1,train
NVDA,2025-02-10,129.89599772289156,134.79867927002743,129.76620194780145,133.37081909179688,216989100,Q1,train
QQQ,2025-02-10,523.3239005134812,526.4407109622551,522.8574028177311,525.3389282226562,20852800,Q1,train
AAPL,2025-02-11,226.8049592810601,233.7919821040532,226.7353950927951,231.19793701171875,53718400,Q1,train
MSFT,2025-02-11,404.0767828884028,406.88805357704496,403.741373863551,405.8523254394531,18140600,Q1,train
NVDA,2025-02-11,132.38228609427233,134.27944654160947,130.82461495038982,132.60195922851562,178902400,Q1,train
QQQ,2025-02-11,522.0733504071393,526.0040485358071,521.94430621765,524.0883178710938,19325500,Q1,train
AAPL,2025-02-12,229.78663009476247,235.51142789245532,229.26980470124647,235.4219665527344,45243300,Q1,train
MSFT,2025-02-12,401.67976029438313,405.17169274595005,398.8783333348811,403.4849243164063,19121700,Q1,train
NVDA,2025-02-12,129.826117774307,132.04280851778788,128.8875170693692,130.94444274902344,160278600,Q1,train
QQQ,2025-02-12,518.4403344445669,525.2794337785684,518.0929450820138,524.39599609375,25009400,Q1,train
AAPL,2025-02-13,235.4617298072221,240.85852795215615,234.1299251101732,240.0534820556641,53614100,Q1,train
MSFT,2025-02-13,401.4726062482461,405.4182829681306,400.8412835235649,404.9645385742188,23891700,Q1,train
NVDA,2025-02-13,131.36380821970238,136.29644386397356,130.9743904181038,135.08824157714844,197430000,Q1,train
QQQ,2025-02-13,526.0635234537466,532.2574012792994,525.2793832223591,531.9398193359375,28714800,Q1,train
AAPL,2025-02-14,239.77517912233392,244.048895192642,239.5167740261789,243.10470581054688,40896200,Q1,train
MSFT,2025-02-14,402.2518860889732,403.3566707547541,400.3678218416371,402.8831787109375,22758500,Q1,train
NVDA,2025-02-14,136.2764682668825,139.04234173663804,135.29793396994222,138.6429443359375,195479600,Q1,train
QQQ,2025-02-14,532.0489565555039,534.8580601398642,531.7114424599516,534.1731567382812,17862600,Q1,train
AAPL,2025-02-18,242.65747382373945,243.6811760890431,240.3615975750387,242.97552490234372,48822500,Q1,train
MSFT,2025-02-18,402.4590402622825,405.0237362453633,400.9794114377888,404.0767822265625,21423100,Q1,train
NVDA,2025-02-18,141.05932980350207,143.226091877041,137.72429913092634,139.19210815429688,219176600,Q1,train
QQQ,2025-02-18,535.7414804029439,536.0095045421328,532.078746365208,535.3841552734375,20565000,Q1,train
AAPL,2025-02-19,243.16435439309652,244.5060925083624,241.6735241546838,243.37306213378903,32204200,Q1,train
MSFT,2025-02-19,402.34067225656025,409.8473079963777,402.1137850010984,409.1370849609375,24114200,Q1,train
NVDA,2025-02-19,139.30195061666387,141.14919790373787,137.01537227663152,139.02236938476562,167536000,Q1,train
QQQ,2025-02-19,534.5900283086233,536.8134652370089,532.4956355398415,535.5330200195312,19666900,Q1,train
AAPL,2025-02-20,243.4426507707668,245.2713989598738,242.7966152101895,244.32720947265625,32316900,Q1,train
MSFT,2025-02-20,410.47144681938056,414.4447923675228,407.75335474991726,411.30169677734375,23508700,Q1,train
NVDA,2025-02-20,139.8211794831435,140.45024487315197,136.5860056380014,139.90106201171875,143903600,Q1,train
QQQ,2025-02-20,534.7488640035847,535.1161249242239,528.52523935916,533.2599487304688,26550800,Q1,train
AAPL,2025-02-21,244.44645306890683,247.1697083342209,243.72091995824803,244.0489044189453,53197400,Q1,train
MSFT,2025-02-21,412.4976421272199,413.1993956224997,403.15730762956775,403.47357177734375,27524800,Q1,train
NVDA,2025-02-21,139.83115735009994,141.24905316966826,133.83012530319377,134.22952270507812,228217600,Q1,train
QQQ,2025-02-21,534.4014135025412,534.4212850908257,521.8250608987436,522.1923217773438,47093800,Q1,train
AAPL,2025-02-24,243.43269920852308,247.33868242018207,242.92582237394555,245.5894470214844,51326400,Q1,train
MSFT,2025-02-24,403.7700887978409,404.6200957828949,394.6867174896375,399.3124084472656,26443700,Q1,train
NVDA,2025-02-24,136.35635785611953,138.38332947991822,129.88602516626045,130.08572387695312,251381100,Q1,train
QQQ,2025-02-24,523.9790766643296,525.1602852244356,515.6908057368098,516.0282592773438,39268400,Q1,train
AAPL,2025-02-25,246.48393846255715,248.47171215983585,243.41283173998391,245.52980041503903,48013300,Q1,train
MSFT,2025-02-25,396.4460859350655,397.25657880262406,392.09714469384,393.283203125,29387400,Q1,train
NVDA,2025-02-25,129.78614928447132,130.0058224050398,124.25441810041912,126.44114685058594,271428700,Q1,train
QQQ,2025-02-25,515.402907751773,515.4823335308943,505.67533996149535,509.5266723632813,48940000,Q1,train
AAPL,2025-02-26,242.83637220684057,243.48239258336395,237.66816369812489,238.89064025878903,44433600,Q1,train
MSFT,2025-02-26,393.3919357776839,398.9170718958632,389.6755530638089,395.0919799804688,19619000,Q1,train
NVDA,2025-02-26,129.79615892181477,133.53057192522448,128.29839578499454,131.084228515625,322553800,Q1,train
QQQ,2025-02-26,511.72040130693927,515.8198259825109,507.59110865878125,510.7575378417969,34457600,Q1,train
AAPL,2025-02-27,237.9464364184556,240.97779411500133,235.61079643123784,235.84933471679688,41153600,Q1,train
MSFT,2025-02-27,396.61410618114576,401.0322425664148,387.6197164134029,387.97552490234375,21127400,Q1,train
NVDA,2025-02-27,134.7986697104659,134.8086493121392,119.83102696232622,119.97081756591795,443175800,Q1,train
QQQ,2025-02-27,514.3011233717788,515.2341793751592,496.3547141457957,496.5730895996094,52448000,Q1,train
AAPL,2025-02-28,235.5014665780957,240.61004395755492,228.7927308959873,240.361572265625,56833400,Q1,train
MSFT,2025-02-28,388.1039821513057,393.0163166062088,382.0846478468725,392.38372802734375,32845700,Q1,train
NVDA,2025-02-28,117.8439993429124,124.90345590188022,116.22642004317107,124.73371124267578,389091100,Q1,train
QQQ,2025-02-28,496.43413947250224,505.0202115627976,493.2577747457523,504.4147338867188,47654000,Q1,train
AAPL,2025-03-03,240.31186830369816,242.538180061918,234.66659889731284,236.57485961914065,47184000,Q1,train
MSFT,2025-03-03,394.1925506012372,394.1925506012372,381.6794393165997,383.9823913574219,23007700,Q1,train
NVDA,2025-03-03,123.32581202011416,123.51552349340125,112.11255593535712,113.88990020751952,411381400,Q1,train
QQQ,2025-03-03,507.7399316146111,509.2486881332856,489.9325031496364,493.3768615722656,44587200,Q1,train
AAPL,2025-03-04,236.25683384188991,238.60240725621293,233.2453429373596,234.4877014160156,53798100,Q1,train
MSFT,2025-03-04,378.9513820023961,388.02485870202906,376.5792353713358,384.1009216308594,29342900,Q1,train
NVDA,2025-03-04,110.48499132597254,119.13207287466712,109.9457957033308,115.81702423095705,398163300,Q1,train
QQQ,2025-03-04,490.5280988504062,500.0174498903787,484.1356867718227,491.8879699707031,67875400,Q1,train
AAPL,2025-03-05,233.98082285378285,235.1039197629907,227.82866128733943,234.2988739013672,47227600,Q1,train
MSFT,2025-03-05,384.822503579622,397.0094560898268,384.2986543499986,396.3669738769531,23433100,Q1,train
NVDA,2025-03-05,117.40465751759533,118.10361057672029,114.3392360416895,117.12507629394533,284337900,Q1,train
QQQ,2025-03-05,492.5331995401363,499.90828614862966,487.6297026672125,498.3002624511719,46323700,Q1,train
AAPL,2025-03-06,233.00682927336524,236.4059203890797,231.73465535282327,233.89138793945312,45170400,Q1,train
MSFT,2025-03-06,389.70521049036057,397.4838909032578,388.12376908504734,392.2849426269531,23304600,Q1,train
NVDA,2025-03-06,113.36069823382532,115.17798387118098,110.0556366780344,110.40511322021484,321181900,Q1,train
QQQ,2025-03-06,490.0416743008981,494.8955218549117,482.6070344726668,484.5922546386719,57574300,Q1,train
AAPL,2025-03-07,233.6727371800736,239.89446338205195,233.3248707174565,237.6085357666016,46273600,Q1,train
MSFT,2025-03-07,387.76795648683793,390.2191619837315,381.0666253730808,388.7464599609375,22034100,Q1,train
NVDA,2025-03-07,111.08409477767312,113.31077256873957,107.39959517379882,112.5219497680664,341755500,Q1,train
QQQ,2025-03-07,483.5599718062666,489.6347411717219,476.9789615630039,488.15576171875,54714700,Q1,train
AAPL,2025-03-10,234.10009611136832,234.71631625547707,222.84930513729452,226.08937072753903,72071200,Q1,train
MSFT,2025-03-10,381.3631114017718,381.9166113327009,372.8431337183802,375.7490234375,32840100,Q1,train
NVDA,2025-03-10,109.73610085349598,111.6831896506324,105.30272006245757,106.8204574584961,366487400,Q1,train
QQQ,2025-03-10,479.87744712390025,480.39359355913183,465.19673274957023,469.2366638183594,76668000,Q1,train
AAPL,2025-03-11,222.4418047589131,224.4593937721428,216.1206840338927,219.48995971679688,76137400,Q1,train
MSFT,2025-03-11,374.6025176419591,381.5212976511773,372.53677123025375,376.0357055664063,30380200,Q1,train
NVDA,2025-03-11,106.83044416478045,112.0726148635708,104.6137536218378,108.59780883789062,354865700,Q1,train
QQQ,2025-03-11,468.8593867741882,475.2716395381496,463.5588524754523,468.1149291992188,68760800,Q1,train
AAPL,2025-03-12,218.7942505386503,220.39440897367027,213.5962265598192,215.653564453125,62547500,Q1,train
MSFT,2025-03-12,378.5066728711865,380.7503233781215,374.55308456142495,378.8229370117188,24253600,Q1,train
NVDA,2025-03-12,113.9602977987337,116.5966026479449,112.72202762810602,115.5780258178711,323857500,Q1,train
QQQ,2025-03-12,475.6191281711679,477.50508157643935,468.3035955192933,473.3956909179688,46971100,Q1,train
AAPL,2025-03-13,214.6298526174969,215.5144112677834,207.14588618522245,208.39817810058597,61368300,Q1,train
MSFT,2025-03-13,378.71423026442886,380.8491715851453,373.0704913614682,374.3751525878906,20473000,Q1,train
NVDA,2025-03-13,116.86621875800482,117.59520049683546,113.63075517539951,115.41825103759766,299033100,Q1,train
QQQ,2025-03-13,472.7306402116696,472.7604173080319,462.9832001082339,464.8790893554688,46563300,Q1,train
AAPL,2025-03-14,209.95857893569573,212.64207016591416,208.29878985935505,212.1848907470703,60107600,Q1,train
MSFT,2025-03-14,375.3734195488383,385.7021804869834,375.1065632119369,384.0515441894531,19952800,Q1,train
NVDA,2025-03-14,118.44401014075396,121.7094305400334,117.98465480860956,121.49972534179688,277593500,Q1,train
QQQ,2025-03-14,470.2292461988736,477.00876061202655,469.62373821824536,476.1154174804688,43563000,Q1,train
AAPL,2025-03-17,212.00600336087763,213.9043309003415,208.68642489319868,212.69178771972656,48073400,Q1,train
MSFT,2025-03-17,382.2132080479099,388.15345468919406,381.0963143894263,384.1900024414063,22474300,Q1,train
NVDA,2025-03-17,122.56822336901756,122.71801496792264,117.86481592318836,119.36271667480467,255501500,Q1,train
QQQ,2025-03-17,476.0657408601252,482.2497130174167,474.2691189068619,479.202392578125,41744400,Q1,train
AAPL,2025-03-18,212.85081593904235,213.83475423543345,210.19713981325924,211.38980102539065,42432400,Q1,train
MSFT,2025-03-18,382.57883477918654,382.8753418143747,376.6781034710803,379.0700073242188,19486900,Q1,train
NVDA,2025-03-18,117.83486627342975,118.853435494066,114.37970924440413,115.26846313476562,299686900,Q1,train
QQQ,2025-03-18,475.86724027334935,476.0657441300447,468.9189691557921,471.0332336425781,39072300,Q1,train
AAPL,2025-03-19,212.91042558181823,217.42266485537365,212.4432975855824,213.9241943359375,54385400,Q1,train
MSFT,2025-03-19,381.0567221702146,385.158563988563,379.54447585576617,383.3201599121094,19185500,Q1,train
NVDA,2025-03-19,117.10587965509885,120.2814296141779,115.51810848491796,117.35552978515624,273426200,Q1,train
QQQ,2025-03-19,473.2864979024419,481.7435264527976,471.36083156550126,477.33636474609375,40430300,Q1,train
AAPL,2025-03-20,212.6818705610596,216.1604748316104,210.92268644075224,212.79119873046875,48862900,Q1,train
MSFT,2025-03-20,381.2642891356356,387.2441097112173,378.8328407062668,382.3515319824219,18470500,Q1,train
NVDA,2025-03-20,116.3868956857552,120.03178155242584,116.30700581426808,118.36412048339844,248829700,Q1,train
QQQ,2025-03-20,473.3559666184429,480.969270043224,472.6611273475336,475.7183837890625,36780500,Q1,train
AAPL,2025-03-21,210.26669685360037,217.5021918152461,209.9884097524224,216.9356842041016,94127800,Q1,train
MSFT,2025-03-21,378.7735245117788,387.194656647968,378.3583844724842,386.7202453613281,39675900,Q1,train
NVDA,2025-03-21,116.77634740953133,117.82487338576216,115.25847035053428,117.5352783203125,266498500,Q1,train
QQQ,2025-03-21,470.5765974343295,478.05095050682746,469.41526054496114,477.2866516113281,42234900,Q1,train
AAPL,2025-03-24,219.6489841771892,220.1260455978378,217.24377992596973,219.3806304931641,44299500,Q1,train
MSFT,2025-03-24,390.81219242783766,390.81219242783766,385.2870564688155,388.5191040039063,21004500,Q1,train
NVDA,2025-03-24,119.71223179694545,122.04896105750126,119.17298658297102,121.24009704589844,228452500,Q1,train
QQQ,2025-03-24,484.8576794709337,488.605419984488,481.53742091872255,487.7604370117188,34567200,Q1,train
AAPL,2025-03-25,219.42042332259135,222.73006864258363,218.734638909596,222.3822021484375,34493600,Q1,train
MSFT,2025-03-25,389.3494094222369,391.7610706609813,388.0842623065983,390.5750122070313,15775000,Q1,train
NVDA,2025-03-25,120.38129181712452,121.12025404464302,118.75356814650011,120.5210952758789,167447200,Q1,train
QQQ,2025-03-25,488.4861096315565,490.70291186860106,487.5218407035887,490.5438537597656,26035200,Q1,train
AAPL,2025-03-26,222.1436270366165,223.64440576884627,219.12221792138408,220.1757354736328,34466100,Q1,train
MSFT,2025-03-26,390.4168262767483,390.7232269425197,384.061440622416,385.4451904296875,16108400,Q1,train
NVDA,2025-03-26,118.5638454632065,118.6736845133834,112.55226594608844,113.60079956054688,293463300,Q1,train
QQQ,2025-03-26,489.3907271556028,490.2456607367531,479.96676889831855,481.5175476074219,34627100,Q1,train
AAPL,2025-03-27,220.0365991694977,223.61459773398053,219.21167130142223,222.4815673828125,37094800,Q1,train
MSFT,2025-03-27,385.6033046587549,387.6888077325019,382.9049701422927,386.0480651855469,13766800,Q1,train
NVDA,2025-03-27,111.19417323533278,114.28983351449122,110.5051440147698,111.27406311035156,236902100,Q1,train
QQQ,2025-03-27,479.559204740424,483.7045451624613,477.411965606546,478.77386474609375,33469800,Q1,train
AAPL,2025-03-28,220.31488968867507,222.44180687800483,216.34927581514728,216.56793212890625,39818600,Q1,train
MSFT,2025-03-28,383.5771397086297,384.6149747790714,372.5565178920864,374.4048156738281,21632000,Q1,train
NVDA,2025-03-28,111.33397804410713,112.712051739216,108.91736643615504,109.51652526855467,229872500,Q1,train
QQQ,2025-03-28,476.9745201773356,477.6803158784236,465.2840071747282,466.1687622070313,46363800,Q1,train
AAPL,2025-03-31,215.683368745432,224.24073468961828,214.908138255618,220.77207946777344,65299300,Q1,train
MSFT,2025-03-31,368.2174556076631,372.6948931611048,362.978933000102,371.0343933105469,35184700,Q1,train
NVDA,2025-03-31,104.98287310192076,110.80471613819728,103.5049485540766,108.22832489013672,299212700,Q1,train
QQQ,2025-03-31,459.19026229129486,467.08331235256605,454.6273605455005,466.1488952636719,53000300,Q1,train
AAPL,2025-04-01,218.46627993939285,222.31261744008,217.56183920876015,221.82562255859372,36412700,Q2,train
MSFT,2025-04-01,370.3029705230893,378.4078388750376,368.89946352111616,377.7554931640625,19689500,Q2,train
NVDA,2025-04-01,108.36813339033893,110.04578269736857,106.32100673854832,109.99585723876952,222614000,Q2,train
QQQ,2025-04-01,464.538472789733,470.8310825660288,461.6755176682955,469.9065856933594,41156200,Q2,train
AAPL,2025-04-02,219.96706548863503,223.81340310480925,219.66889637265396,222.52134704589844,35905900,Q2,train
MSFT,2025-04-02,373.584455994143,380.61194495123306,372.2501138660857,377.7060852050781,16092600,Q2,train
NVDA,2025-04-02,107.1398479774266,111.82328673498284,106.64054773013802,110.26546478271484,220601200,Q2,train
QQQ,2025-04-02,463.3654253458386,476.7260031222664,463.1069521266998,473.3361511230469,49894500,Q2,train
AAPL,2025-04-03,204.28348559152053,206.2215769781628,200.0197179050274,201.94786071777344,103419000,Q2,train
MSFT,2025-04-03,370.4413527847735,373.10014336261634,365.0644702169303,368.7808227539063,30198000,Q2,train
NVDA,2025-04-03,103.36515315702636,105.48218161280622,101.45782230020173,101.65754699707033,338769400,Q2,train
QQQ,2025-04-03,453.7426062022167,457.35115906183495,447.4798490710848,447.9967651367188,70456300,Q2,train
AAPL,2025-04-04,192.70471987275084,198.65810753704545,186.19475800144227,187.22840881347656,125910900,Q2,train
MSFT,2025-04-04,359.90499587925865,370.2436198076782,355.30895597122804,355.6647644042969,49209900,Q2,train
NVDA,2025-04-04,98.77159334909084,99.9898797349743,91.9811059228115,94.1780242919922,532273800,Q2,train
QQQ,2025-04-04,435.5507906868112,437.7675929050692,420.1722106933594,420.1722106933594,117088400,Q2,train
AAPL,2025-04-07,176.11674047268428,192.96311894309864,173.55251067175698,180.3507080078125,160466300,Q2,train
MSFT,2025-04-07,346.808801297969,366.6953473866903,340.7894661963344,353.7077941894531,50425000,Q2,train
NVDA,2025-04-07,87.33759621246332,101.60759784636036,86.4987754744505,97.50334930419922,611041300,Q2,train
QQQ,2025-04-07,406.2450094034349,440.52125924890055,400.0120731655039,421.1861877441406,161557000,Q2,train
AAPL,2025-04-08,185.5586531084637,189.17640027021665,168.17558356470508,171.36595153808594,120859500,Q2,train
MSFT,2025-04-08,363.98709615832223,369.3145404099518,346.1860561796805,350.446044921875,35868900,Q2,train
NVDA,2025-04-08,103.66472218207365,105.70186824827938,94.3278084260022,96.1652374267578,476243400,Q2,train
QQQ,2025-04-08,435.5706295141457,440.5212103571544,407.3682912604791,413.6012268066406,101248100,Q2,train
AAPL,2025-04-09,170.89883496621582,199.38363475051756,170.83920418374143,197.6343994140625,184395900,Q2,train
MSFT,2025-04-09,349.43791334353114,388.6673960004068,349.00301621371585,385.9591674804688,50199700,Q2,train
NVDA,2025-04-09,98.751610451276,114.9389248904037,97.39351305704147,114.17000579833984,612918300,Q2,train
QQQ,2025-04-09,413.114152907282,465.0652963428223,412.97496569005153,463.2461242675781,142876900,Q2,train
AAPL,2025-04-10,187.9141974958541,193.5892830219747,181.88129692496372,189.2559356689453,121880000,Q2,train
MSFT,2025-04-10,377.6269854135807,379.4456324184745,363.5324334212975,376.92523193359375,38024400,Q2,train
NVDA,2025-04-10,109.21694044618194,110.70485307181583,99.01124202201945,107.4194564819336,437812400,Q2,train
QQQ,2025-04-10,450.8796663706337,452.89766878987024,430.07336033484415,443.5432739257813,108384100,Q2,train
AAPL,2025-04-11,184.96235041538483,198.32017705332044,184.92258644836303,196.9386749267578,87435900,Q2,train
MSFT,2025-04-11,376.2234920445777,385.52428234575257,374.4937970946495,383.94287109375,23839200,Q2,train
NVDA,2025-04-11,108.348157786305,111.39389245819964,107.32958859529616,110.7747573852539,313417300,Q2,train
QQQ,2025-04-11,442.0222794815872,453.0964608286063,438.7218921533725,451.7146606445313,52483800,Q2,train
AAPL,2025-04-14,210.14743595954587,211.638266220138,199.9302804535287,201.28196716308597,101352900,Q2,train
MSFT,2025-04-14,388.6575040815548,390.0709046779098,379.7520366679256,383.3102722167969,19251200,Q2,train
NVDA,2025-04-14,113.95031245540224,114.13006086401796,108.91736463288024,110.55506896972656,264705000,Q2,train
QQQ,2025-04-14,461.7152518499013,462.3017615875565,449.955174921676,454.7765197753906,43941200,Q2,train
AAPL,2025-04-15,200.6259945192588,202.26590170954893,198.57859009217825,200.9042816162109,51343900,Q2,train
MSFT,2025-04-15,384.0021370485829,387.342923812398,379.7026039659422,381.25439453125,17199900,Q2,train
NVDA,2025-04-15,110.81470199440513,113.46099492172468,110.3453585264742,112.04297637939452,228966900,Q2,train
QQQ,2025-04-15,455.83027629002765,459.6475802526805,453.4543853814207,455.2835083007813,35404200,Q2,train
AAPL,2025-04-16,197.1473909296092,199.47308245703653,191.19400339685228,193.0823974609375,59732400,Q2,train
MSFT,2025-04-16,376.2531229065895,377.1821883945702,363.7301188576812,367.2982177734375,21967800,Q2,train
NVDA,2025-04-16,104.40368647017546,106.64054948152403,100.30941828019424,104.34376525878906,397016900,Q2,train
QQQ,2025-04-16,446.3764289285455,449.94520996662885,435.17304059444126,441.5550842285156,48980600,Q2,train
AAPL,2025-04-17,195.99447418061752,197.6145145196776,193.2314700862815,195.77581787109372,52164700,Q2,train
MSFT,2025-04-17,369.4133653600013,369.976758868816,362.6329766642394,363.51263427734375,21120200,Q2,train
NVDA,2025-04-17,104.30381795694564,104.3237942331935,99.90998190333625,101.34796142578124,292517500,Q2,train
QQQ,2025-04-17,444.5274509761507,445.10401010316673,438.7517574071589,441.4755859375,44837000,Q2,train
AAPL,2025-04-21,192.08849990403365,192.6152586778503,188.64964501381647,191.9791717529297,46742500,Q2,train
MSFT,2025-04-21,358.6102059570081,360.25094859286406,351.543173455908,354.953125,20807300,Q2,train
NVDA,2025-04-21,98.6317735699764,99.3008417327631,94.90699776234818,96.77438354492188,288501100,Q2,train
QQQ,2025-04-21,435.640213497503,436.4851660029056,425.4010649605608,430.5504455566406,44149300,Q2,train
AAPL,2025-04-22,194.921085932704,200.3576482646354,194.77200897005903,198.5189666748047,52976400,Q2,train
MSFT,2025-04-22,359.1637542302739,363.5028019496421,355.68457702509073,362.5638427734375,19485000,Q2,train
NVDA,2025-04-22,98.6417555090913,99.67031279819464,97.14385476914264,98.75160217285156,241004800,Q2,train
QQQ,2025-04-22,436.22677695266526,444.9349886334612,435.0338562821401,441.8533325195313,52304400,Q2,train
AAPL,2025-04-23,204.74067860292735,206.7284521815966,201.56024391015845,203.3492431640625,52929200,Q2,train
MSFT,2025-04-23,371.6965961898571,375.9763723537339,368.6918606799084,370.0459899902344,20545500,Q2,train
NVDA,2025-04-23,104.37371808015348,104.65333261230082,101.87721689778672,102.56625366210938,247526000,Q2,train
QQQ,2025-04-23,455.4624310494103,460.641633756553,450.20368411807647,451.8737487792969,55801100,Q2,train
AAPL,2025-04-24,203.6374845300284,207.5534013078127,201.69940812530305,207.09620666503903,47311000,Q2,train
MSFT,2025-04-24,371.3408006891215,383.9428636514652,370.8367085183124,382.8061828613281,22232300,Q2,train
NVDA,2025-04-24,103.335183205014,106.39089830035944,102.96569827687256,106.2810516357422,220815000,Q2,train
QQQ,2025-04-24,453.78240723852906,464.8963308873722,453.1362241937562,464.5881652832031,45956100,Q2,train
AAPL,2025-04-25,205.10842646651813,208.46776890662989,204.9394675201618,208.00064086914065,38222300,Q2,train
MSFT,2025-04-25,382.5096738423667,387.6098064465498,380.1375268589871,387.3034057617188,18973200,Q2,train
NVDA,2025-04-25,106.70047033928223,111.76337496991528,105.58204256681438,110.85465240478516,251064700,Q2,train
QQQ,2025-04-25,464.210432874224,470.2942617606861,462.639783263479,469.7673950195313,38697100,Q2,train
AAPL,2025-04-28,208.71623364812055,210.2070638884643,206.1917677806294,208.8553771972656,38743100,Q2,train
MSFT,2025-04-28,387.4121350910717,388.1830836548117,382.1538852231593,386.6214294433594,16579400,Q2,train
NVDA,2025-04-28,109.53649833991804,110.21554702841466,105.8716284785824,108.57784271240234,207708500,Q2,train
QQQ,2025-04-28,470.2346173749268,472.0040972114499,463.2759840321813,469.6182861328125,33550800,Q2,train
AAPL,2025-04-29,207.4142395090872,210.94254069563792,207.0961884524305,209.91883850097656,36827600,Q2,train
MSFT,2025-04-29,386.7597585973815,390.51568553400665,385.8504501911824,389.4679870605469,14974000,Q2,train
NVDA,2025-04-29,107.5193148494054,110.04577291521682,107.2896409990865,108.86742401123048,170444300,Q2,train
QQQ,2025-04-29,467.3915080044207,473.6045731544733,466.8149185696458,472.7198181152344,30613100,Q2,train
AAPL,2025-04-30,208.0205233254963,212.2743578831654,205.4065960245207,211.20095825195312,52286500,Q2,train
MSFT,2025-04-30,385.7713570331464,392.0575779640377,379.979364791359,390.673828125,36461100,Q2,train
NVDA,2025-04-30,104.32379376082017,108.76756286621094,103.93434018163836,108.76756286621094,235044600,Q2,train
QQQ,2025-04-30,464.36947606745446,474.3799741649081,459.697238824554,472.6601867675781,46810600,Q2,train
AAPL,2025-05-01,207.80185982414437,213.2483553954001,207.62295230903425,212.0159454345703,57365700,Q2,train
MSFT,2025-05-01,426.1078811300293,431.9196612018972,419.96994327038766,420.4641418457031,58938100,Q2,train
NVDA,2025-05-01,112.92174799120272,114.7791455573913,111.14424029465428,111.45380401611328,236121500,Q2,train
QQQ,2025-05-01,480.5532529218463,484.3009628787672,477.8990181556589,478.8334655761719,43316500,Q2,train
AAPL,2025-05-02,204.83013207172812,205.7246393133032,200.92416412992952,204.09466552734372,101010600,Q2,train
MSFT,2025-05-02,426.7305579775838,434.3412277785372,425.0008630376841,430.2294921875,30757400,Q2,train
NVDA,2025-05-02,114.0202079642077,115.23850182065684,113.21134397896935,114.33975982666016,190194800,Q2,train
QQQ,2025-05-02,483.66474747370063,488.0089176296903,481.9648310617846,485.9411926269531,39218100,Q2,train
AAPL,2025-05-05,201.85841873478097,202.85230555245,196.99831280299983,197.6741485595703,69018500,Q2,train
MSFT,2025-05-05,427.8474632490504,434.400541084053,427.0962717736997,431.1091918945313,20136100,Q2,train
NVDA,2025-05-05,112.75199066583208,114.5095221313392,112.50234053074917,113.66071319580078,133163200,Q2,train
QQQ,2025-05-05,481.7362227016212,486.14003597307794,481.2391774925475,483.058349609375,28309500,Q2,train
AAPL,2025-05-06,196.99833957685837,199.4234110025321,195.8156116766073,197.29649353027344,51216500,Q2,train
MSFT,2025-05-06,427.18521188154574,432.6510462950511,426.1671641389629,428.2823181152344,15104200,Q2,train
NVDA,2025-05-06,111.32398889038711,114.57942108749386,110.66490889275714,113.381103515625,158525600,Q2,train
QQQ,2025-05-06,476.7259597673839,482.18350601169135,475.36406085912887,478.5650329589844,32786300,Q2,train
AAPL,2025-05-07,197.9524407308952,198.2207944248892,192.0686324392914,195.05029296875,68536700,Q2,train
MSFT,2025-05-07,428.80620435216304,433.0365428333408,426.1078693467033,428.3218994140625,23295300,Q2,train
NVDA,2025-05-07,112.89179643623136,117.51531428959991,112.12286973799952,116.89617919921876,206758800,Q2,train
QQQ,2025-05-07,479.2311171129095,482.9291348492083,473.9624497932624,480.4439086914063,38006300,Q2,train
AAPL,2025-05-08,196.5113045675241,198.82706269335063,193.4898801219913,196.28271484375,50478900,Q2,train
MSFT,2025-05-08,432.8487322038109,438.5221520354275,430.6050816589352,433.0859680175781,23491300,Q2,train
NVDA,2025-05-08,118.08452294119296,118.51392151118236,115.68787993703612,117.20575714111328,198428100,Q2,train
QQQ,2025-05-08,485.6430214704163,489.7883921245775,481.3088015351198,485.4044494628906,39577600,Q2,train
AAPL,2025-05-09,197.7834732241415,199.31405222350435,196.3323918231404,197.31634521484372,36453900,Q2,train
MSFT,2025-05-09,434.8946881691784,435.6260923106028,430.8224972788424,433.6394348144531,15324200,Q2,train
NVDA,2025-05-09,117.1857803819228,118.06455379711826,115.0487756801452,116.48676300048828,132972200,Q2,train
QQQ,2025-05-09,487.3130565449711,488.63521379310254,483.326774588034,485.0863037109375,27767400,Q2,train
AAPL,2025-05-12,209.95528044040137,210.2538405413652,205.7555765269304,209.7761383056641,63775800,Q2,train
MSFT,2025-05-12,440.7658165502587,444.1560114514232,434.67728663767485,444.04730224609375,22821900,Q2,train
NVDA,2025-05-12,121.79931583574869,122.82787322998048,120.11167839159091,122.82787322998048,225023300,Q2,train
QQQ,2025-05-12,503.9938823982519,504.8885880284101,498.5164649212852,504.8488159179688,45090600,Q2,train
AAPL,2025-05-13,209.4178625594749,212.3735786127325,207.99474788922345,211.9058380126953,51909300,Q2,train
MSFT,2025-05-13,442.5844751269483,445.4409573721911,440.1925407492767,443.9287109375,23618800,Q2,train
NVDA,2025-05-13,124.80509195257008,131.0363568449821,124.29580357204036,129.74815368652344,330430100,Q2,train
QQQ,2025-05-13,506.1510665570221,514.3324413872226,505.4154493764172,512.5430908203125,53269600,Q2,train
AAPL,2025-05-14,211.40824098508045,212.91098786371117,209.56714827780408,211.3087310791016,49325800,Q2,train
MSFT,2025-05-14,442.940276452347,448.6334230518337,442.940276452347,447.6845703125,19902800,Q2,train
NVDA,2025-05-14,133.01361454835225,135.25048567508128,131.49573716816334,135.15061950683594,281180800,Q2,train
QQQ,2025-05-14,513.7161211405411,516.1615447200978,512.7021295054291,515.6148071289062,47014500,Q2,train
AAPL,2025-05-15,209.9353730316401,211.93571508448807,208.53215118256117,210.43296813964844,45029500,Q2,train
MSFT,2025-05-15,446.3576953837484,451.7246558325709,446.0210270484144,448.6946105957031,21992300,Q2,train
NVDA,2025-05-15,134.10204362723803,136.10924022234616,132.47433530494334,134.64129638671875,226632600,Q2,train
QQQ,2025-05-15,513.4676100523011,518.8456125999866,512.125551562593,516.1814575195312,50153300,Q2,train
AAPL,2025-05-16,211.33859654598928,211.54759317457453,208.76105751069144,210.24388122558597,54737900,Q2,train
MSFT,2025-05-16,447.6251542704443,449.9125407132096,444.3376746324017,449.8234252929688,23849800,Q2,train
NVDA,2025-05-16,136.02937003025397,136.15919297953724,133.27323795943153,135.21051025390625,226542500,Q2,train
QQQ,2025-05-16,517.5830873308704,518.6169801912382,514.0441278903378,518.4281005859375,48394600,Q2,train
AAPL,2025-05-19,206.90999202317107,208.4724326946764,203.2775387890809,207.7758026123047,46140500,Q2,train
MSFT,2025-05-19,446.4666664897976,455.0914021356244,446.387432629396,454.3784484863281,21336500,Q2,train
NVDA,2025-05-19,132.20473687113784,135.6798627990254,132.20473687113784,135.3802947998047,193154600,Q2,train
QQQ,2025-05-19,511.2010686059385,519.442117353632,511.2010686059385,518.9251708984375,52536200,Q2,train
AAPL,2025-05-20,206.67113760639387,207.46729276724128,204.0438362053752,205.8650360107422,42496600,Q2,train
MSFT,2025-05-20,451.1305396548173,453.8536217989008,449.87298168888566,453.685302734375,15441800,Q2,train
NVDA,2025-05-20,134.10205468200522,134.39165736048994,132.4343936724944,134.1919403076172,161514200,Q2,train
QQQ,2025-05-20,516.4000527652197,517.8514464284522,513.6066614830175,517.1953735351562,42517600,Q2,train
AAPL,2025-05-21,204.1831685508297,206.0441693385156,199.74462882701684,201.11798095703125,59211800,Q2,train
MSFT,2025-05-21,450.12052955644793,453.2991005803846,447.38753565613104,448.1401062011719,19216900,Q2,train
NVDA,2025-05-21,132.87380141479636,137.20772462329396,130.4072565649854,131.61557006835938,270608700,Q2,train
QQQ,2025-05-21,513.2191016405527,519.909311026266,508.2187974987168,510.0081481933594,71292800,Q2,train
AAPL,2025-05-22,199.74461200022,201.77479312617928,198.7394602788173,200.3914794921875,46742400,Q2,train
MSFT,2025-05-22,450.4967994491365,455.7449090739042,449.4570590917957,450.40765380859375,18025600,Q2,train
NVDA,2025-05-22,132.04495280891254,134.0621302833829,131.36591171623223,132.6441192626953,187344000,Q2,train
QQQ,2025-05-22,510.6244154502221,514.650529851829,509.272467154716,510.9624328613281,55607200,Q2,train
AAPL,2025-05-23,192.7384848883374,196.7491001935844,192.5295034494263,194.33079528808597,78432900,Q2,train
MSFT,2025-05-23,445.5754438212613,449.2491205375805,444.5159101158957,445.7734680175781,16883500,Q2,train
NVDA,2025-05-23,129.8180590665907,132.49430097030302,128.97923834191374,131.1062469482422,198821300,Q2,train
QQQ,2025-05-23,503.1886765918508,508.8152319544728,502.5922162782397,506.2305908203125,58368100,Q2,train
AAPL,2025-05-27,197.34620772495165,199.77447409530296,196.4803819774073,199.2470245361328,56288500,Q2,train
MSFT,2025-05-27,452.0118507212909,456.43809825868186,451.6553587930952,456.1806335449219,20974300,Q2,train
NVDA,2025-05-27,133.96224703921547,135.47014350181522,133.1234263008756,135.31036376953125,192953600,Q2,train
QQQ,2025-05-27,513.099785560271,518.6269257716245,511.5490069592283,518.1397705078125,47226300,Q2,train
AAPL,2025-05-28,199.6251894151235,201.7548957380012,198.9385057789635,199.4560089111328,45339700,Q2,train
MSFT,2025-05-28,456.7053805592909,457.9926435100278,452.457364471685,452.8831481933594,17086300,Q2,train
NVDA,2025-05-28,135.83961638539918,137.0579101389624,134.60134635659116,134.62132263183594,304021100,Q2,train
QQQ,2025-05-28,519.0940785672615,520.5852140545883,515.3264980787542,515.8433837890625,46637200,Q2,train
AAPL,2025-05-29,202.60082660426147,202.82971610271787,197.55520490499055,198.98828125,51396800,Q2,train
MSFT,2025-05-29,457.0321797296883,457.2005290082406,450.8532686393741,454.1902770996094,13974800,Q2,train
NVDA,2025-05-29,142.0509238917618,143.28919402135628,137.71700129433316,138.99520874023438,369241900,Q2,train
QQQ,2025-05-29,523.2196247969079,523.3687019543887,514.2628604553026,516.857421875,58513300,Q2,train
AAPL,2025-05-30,198.41106448584637,200.98861863398105,195.8335255231089,199.8839569091797,70819900,Q2,train
MSFT,2025-05-30,455.2200705832806,457.1608768265464,451.0809934148865,455.8537902832031,34770500,Q2,train
NVDA,2025-05-30,138.5258751739265,139.42460961066672,132.73398869983464,134.94090270996094,333170900,Q2,train
QQQ,2025-05-30,516.3703642123456,517.6030267064441,508.9047349583655,516.0422973632812,67662800,Q2,train
AAPL,2025-06-02,199.31669015009305,201.15779807678396,199.15745607510848,200.7298583984375,35423300,Q2,train
MSFT,2025-06-02,452.6653502978312,457.5866729937457,452.4177973951138,457.4480590820313,16626500,Q2,train
NVDA,2025-06-02,135.30038976970178,137.9266987725352,135.21050414256473,137.187744140625,197663100,Q2,train
QQQ,2025-06-02,514.1834116366912,520.3567360983059,512.9208971603309,520.1181640625,44762800,Q2,train
AAPL,2025-06-03,200.3815341795081,202.78989241693247,199.99341064507595,202.29229736328125,46381600,Q2,train
MSFT,2025-06-03,456.9529759669727,459.5968543955761,456.3489311405408,458.4382934570313,15743800,Q2,train
NVDA,2025-06-03,138.5857816307834,141.801276586457,137.75694135463797,141.02236938476562,225578800,Q2,train
QQQ,2025-06-03,520.4659496294596,525.6153304447355,519.6010958649408,524.183837890625,44070300,Q2,train
AAPL,2025-06-04,201.9340306292736,205.24801554678163,201.1279290627925,201.84446716308597,43604000,Q2,train
MSFT,2025-06-04,459.4582001214203,461.1316602074749,458.4877818372015,459.3294677734375,14162700,Q2,train
NVDA,2025-06-04,141.99101618842522,142.19073325311265,139.34471555965237,141.7213897705078,167120800,Q2,train
QQQ,2025-06-04,524.8896842213366,526.708886650537,522.8617009643712,525.6452026367188,41359300,Q2,train
AAPL,2025-06-05,202.5212149488215,203.76520275563243,199.18732155240892,199.6650238037109,55126100,Q2,train
MSFT,2025-06-05,460.4087959802116,465.0528909924181,459.487906406924,463.1021728515625,20131700,Q2,train
NVDA,2025-06-05,141.97103980754113,143.79848066110154,138.63571759363617,139.79409790039062,231397900,Q2,train
QQQ,2025-06-05,527.0468212855055,529.8998557728775,519.5712423411791,521.6886596679688,61031200,Q2,train
AAPL,2025-06-06,202.0236053289331,204.7106157617459,201.07817770068,202.93917846679688,46607700,Q2,train
MSFT,2025-06-06,465.4885869985769,468.7067748339504,464.1914121655199,465.7757568359375,15285600,Q2,train
NVDA,2025-06-06,142.31057053380505,143.0695167658335,141.3119699021351,141.5216827392578,153986200,Q2,train
QQQ,2025-06-06,526.8678742932818,528.6572247503295,525.088474447436,526.788330078125,42467000,Q2,train
AAPL,2025-06-09,203.40694095782152,205.00919791789676,199.0579642885024,200.4810791015625,72862600,Q2,train
MSFT,2025-06-09,465.10242514198006,468.7958952647425,464.0329796350046,468.12255859375,16469900,Q2,train
NVDA,2025-06-09,142.98961854621228,144.7970831461155,141.74136782943543,142.43040466308594,185114500,Q2,train
QQQ,2025-06-09,527.0070935472497,529.2039944759547,525.8837665533798,527.5637817382812,33688700,Q2,train
AAPL,2025-06-10,199.63513956616535,203.36710243054736,199.605285078082,201.69517517089844,54672600,Q2,train
MSFT,2025-06-10,466.5778321078869,468.172058367284,462.3892259287077,466.31048583984375,15375900,Q2,train
NVDA,2025-06-10,142.49031793007975,144.088069701399,141.33193761060437,143.758544921875,155881900,Q2,train
QQQ,2025-06-10,528.0310266756026,531.7390254485366,525.7645319173196,531.0531005859375,40664800,Q2,train
AAPL,2025-06-11,202.5211970741936,203.51638723180636,197.45568281643992,197.8238983154297,60989900,Q2,train
MSFT,2025-06-11,465.4192790589967,470.81594475736864,465.0628173622344,467.9938354492188,16399200,Q2,train
NVDA,2025-06-11,144.4176611881815,144.79716064315863,141.6813000562032,142.64002990722656,167694000,Q2,train
QQQ,2025-06-11,532.4547240748923,533.607902979141,526.9772759658763,529.263671875,53701000,Q2,train
AAPL,2025-06-12,198.12246436103905,198.7195693623348,196.4107360236097,198.24188232421875,43904600,Q2,train
MSFT,2025-06-12,470.3702965389571,475.7174632765806,468.88497916047487,474.1826171875,18950600,Q2,train
NVDA,2025-06-12,141.78117540604916,144.80714416503906,141.66133988719625,144.80714416503906,162365000,Q2,train
QQQ,2025-06-12,527.9514667987352,531.4804753804111,527.7029442130614,530.5062255859375,34104900,Q2,train
AAPL,2025-06-13,198.769334334526,199.4062554549193,194.7587190445596,195.50511169433597,51447300,Q2,train
MSFT,2025-06-13,471.746732054574,474.4896074244908,468.13246560456287,470.3109130859375,16814500,Q2,train
NVDA,2025-06-13,142.29048989356696,143.3890329315276,140.6626682408541,141.7811737060547,180820600,Q2,train
QQQ,2025-06-13,524.5616632957901,528.7269048823287,522.6231747023902,523.845947265625,55814400,Q2,train
AAPL,2025-06-16,196.3510290449251,197.7343428123237,195.61458283187795,197.46563720703125,43020700,Q2,train
MSFT,2025-06-16,470.5584575569121,475.98482813726486,470.3505215770748,474.4500122070313,15626100,Q2,train
NVDA,2025-06-16,143.159329390418,145.98555166191812,143.00951976951112,144.49754333496094,183133700,Q2,train
QQQ,2025-06-16,527.3649267684334,532.2061418831144,527.3152343861935,531.1325073242188,37622100,Q2,train
AAPL,2025-06-17,196.2514839890114,197.43576263348731,194.27106541566712,194.6989898681641,38856200,Q2,train
MSFT,2025-06-17,470.7466055851971,474.0539088222925,469.4395189734987,473.36077880859375,15414100,Q2,train
NVDA,2025-06-17,144.29781716982143,145.02684191909495,143.58875484653294,143.9282989501953,139108000,Q2,train
QQQ,2025-06-17,528.5678931016404,530.1783148927323,524.790300579849,525.9534301757812,42180900,Q2,train
AAPL,2025-06-18,194.9975394291991,196.61970405840012,194.1317289512304,195.63446044921875,45394700,Q2,train
MSFT,2025-06-18,473.3212114965306,476.2918467151281,469.8158534773037,475.5392761230469,17526500,Q2,train
NVDA,2025-06-18,143.81845298832403,145.45627108510786,142.9296373487004,145.2864990234375,161494100,Q2,train
QQQ,2025-06-18,526.9673174269449,529.4028511373086,524.2833217813045,525.8638916015625,43983500,Q2,train
AAPL,2025-06-20,197.28649906078425,200.7298484455588,195.9131318065836,200.03321838378903,96813500,Q2,train
MSFT,2025-06-20,477.5097592999014,478.7277002496467,472.2022093150259,472.7270202636719,37576200,Q2,train
NVDA,2025-06-20,145.2565234707711,146.00552584195606,142.46024490398213,143.65866088867188,242956200,Q2,train
QQQ,2025-06-20,529.1145785233912,530.4068839390565,521.7781863439574,523.7166748046875,61643500,Q2,train
AAPL,2025-06-23,200.6602176062245,201.3269932602472,198.0030614260212,200.5308380126953,55814300,Q2,train
MSFT,2025-06-23,473.52910172023695,482.97572926336846,467.8849134818946,481.2428588867188,24864000,Q2,train
NVDA,2025-06-23,142.31046402404658,144.58743022935184,141.84108794116847,143.97824096679688,154308900,Q2,train
QQQ,2025-06-23,524.2849177292203,529.6192118620138,521.1400908129034,529.1017456054688,50666100,Q2,train
AAPL,2025-06-24,201.61557243039425,202.46149014710028,199.23706853700068,199.3365936279297,54064000,Q2,train
MSFT,2025-06-24,484.1639726922143,487.0355802812341,482.03499358247046,485.3125915527344,22305600,Q2,train
NVDA,2025-06-24,145.36637857516104,147.76319531946535,145.3064608232896,147.70326232910156,187566100,Q2,train
QQQ,2025-06-24,534.3167082454886,538.1084445385619,533.6996847563094,537.19287109375,45442000,Q2,train
AAPL,2025-06-25,200.48105886821315,202.690382284235,199.65504919597095,200.5905303955078,39525700,Q2,train
MSFT,2025-06-25,487.2237477118272,489.7190701858364,484.5996928885684,487.4514770507813,17495100,Q2,train
NVDA,2025-06-25,149.0714471780808,154.24454949233478,149.06145072732096,154.104736328125,269146500,Q2,train
QQQ,2025-06-25,539.4618115177252,540.7058200544818,536.7946645040316,538.5661010742188,44804200,Q2,train
AAPL,2025-06-26,200.4611428555203,201.66532960796235,198.50063224789568,200.03321838378903,50799100,Q2,train
MSFT,2025-06-26,488.154593387658,493.1650623635013,487.98624409592895,492.5808410644531,21578900,Q2,train
NVDA,2025-06-26,155.77252682686714,156.51154803915952,153.79516469048193,154.81381225585938,198145700,Q2,train
QQQ,2025-06-26,540.7456288167091,544.0497229160504,538.9244439782782,543.6018676757812,43811400,Q2,train
AAPL,2025-06-27,200.91894034324127,202.24254507531293,199.03803155248616,200.1128387451172,73188600,Q2,train
MSFT,2025-06-27,492.6797669341534,494.41263722515527,488.20402140418383,491.0855407714844,34539200,Q2,train
NVDA,2025-06-27,155.83244416127852,158.4989061985097,155.05348286000648,157.54017639160156,263234500,Q2,train
QQQ,2025-06-27,544.6369129629151,547.3538082383178,541.9299187322695,545.4629516601562,57577100,Q2,train
AAPL,2025-06-30,201.03836190454115,206.3924899085516,198.3015889216639,204.18316650390625,91912800,Q2,train
MSFT,2025-06-30,492.174794746513,495.8583832017286,490.4815111095117,492.5411682128906,28369000,Q2,train
NVDA,2025-06-30,158.18928922556665,158.4489531245615,155.7525477292889,157.77984619140625,194580300,Q2,train
QQQ,2025-06-30,548.6177271894713,550.150323841353,546.3785118204822,548.9959106445312,45548700,Q2,train
AAPL,2025-07-01,205.6759415551798,209.17901505124104,205.1484920031366,206.82041931152344,78788900,Q3,validation
MSFT,2025-07-01,491.61039147776194,493.1749126279045,486.17413905224953,487.233642578125,19945400,Q3,validation
NVDA,2025-07-01,156.0820975676339,156.99089075003695,151.288494680634,153.09608459472656,213143600,Q3,validation
QQQ,2025-07-01,547.0950823478822,548.0704264374054,542.0493759591154,544.3682250976562,56166700,Q3,validation
AAPL,2025-07-02,207.90517762155156,212.3138626915596,207.13887695509675,211.41819763183597,67941800,Q3,validation
MSFT,2025-07-02,485.1937811955959,488.6694336459704,483.9164299655294,486.2830200195313,16319600,Q3,validation
NVDA,2025-07-02,152.77652287552658,157.3903883520798,152.76654166200262,157.0408477783203,171224100,Q3,validation
QQQ,2025-07-02,543.5421378206258,548.3589656247289,543.5023514145969,548.159912109375,36538300,Q3,validation
AAPL,2025-07-03,211.12959751601144,213.6175730473592,210.7912364882436,212.5228729248047,34955800,Q3,validation
MSFT,2025-07-03,488.9764203666982,495.2345653483035,488.6100468852986,493.9571838378906,13984800,Q3,validation
NVDA,2025-07-03,158.15934077500395,160.76586971787668,157.56014800239086,159.1280517578125,143716100,Q3,validation
QQQ,2025-07-03,550.528547956803,554.5292991491806,550.528547956803,553.553955078125,26443500,Q3,validation
AAPL,2025-07-07,211.65701970580335,215.18994753990864,207.79569250723537,208.94015502929688,50229000,Q3,validation
MSFT,2025-07-07,492.5114761959092,493.86806132382594,490.3825271883607,492.84814453125,13981600,Q3,validation
NVDA,2025-07-07,157.98955517353815,159.09807923203843,157.13069855849747,158.02951049804688,140139000,Q3,validation
QQQ,2025-07-07,550.8669428006658,551.6830197478901,546.9458251844275,549.3840942382812,45349300,Q3,validation
AAPL,2025-07-08,209.08947184941584,210.4130614823681,207.44739887083225,208.99989318847656,42848900,Q3,validation
MSFT,2025-07-08,492.37280697303856,493.3234318678901,489.2734398258723,491.7588806152344,11846600,Q3,validation
NVDA,2025-07-08,159.11806346268276,160.00687898854957,158.17931139836438,159.78717041015625,138133000,Q3,validation
QQQ,2025-07-08,550.7276203014773,551.3546055319305,548.4585193260065,549.692626953125,36153300,Q3,validation
AAPL,2025-07-09,208.52219391164948,210.31353924447487,206.22330706177223,210.12445068359372,48749400,Q3,validation
MSFT,2025-07-09,495.40288075164045,501.8194631786975,494.8483646402868,498.58148193359375,18659500,Q3,validation
NVDA,2025-07-09,161.0055497766517,164.2012901564699,160.9456320255445,162.66334533691406,183656400,Q3,validation
QQQ,2025-07-09,551.8223265771115,554.9572527460838,550.4489361357153,553.5838623046875,43045500,Q3,validation
AAPL,2025-07-10,209.49746585002455,212.4531817093425,209.01977884626092,211.38833618164065,44443600,Q3,validation
MSFT,2025-07-10,498.1259594248799,499.502368126141,492.8778497571002,496.57135009765625,16492100,Q3,validation
NVDA,2025-07-10,164.10143771292147,164.28119097215313,161.3950357038234,163.88172912597656,167704100,Q3,validation
QQQ,2025-07-10,554.2208201829343,554.6288283109999,550.1006487780387,552.7877197265625,34710900,Q3,validation
AAPL,2025-07-11,209.55718962168865,211.1096837700706,208.8505979590809,210.14434814453125,39765800,Q3,validation
MSFT,2025-07-11,493.5908084590741,500.08659454551145,492.9273533491097,498.3933410644531,16459500,Q3,validation
NVDA,2025-07-11,163.50223698698784,167.66668863474402,163.25256951238498,164.7006378173828,193633300,Q3,validation
QQQ,2025-07-11,550.6479296881262,553.1259849885996,549.4039211443059,551.5436401367188,39618600,Q3,validation
AAPL,2025-07-14,208.92025854176603,209.89555581124029,206.5417547175356,207.61656188964844,38840100,Q3,validation
MSFT,2025-07-14,496.6109349689791,499.0369655948213,496.1257409313552,498.0962524414063,12058800,Q3,validation
NVDA,2025-07-14,165.15003478890583,165.2698855378492,161.80449980139463,163.85177612304688,136975800,Q3,validation
QQQ,2025-07-14,551.3346764161255,554.280510790838,548.9860026438791,553.5440673828125,36453300,Q3,validation
AAPL,2025-07-15,208.2137043224775,210.8708604550018,207.915144211828,208.10423278808597,42296300,Q3,validation
MSFT,2025-07-15,498.0962552049,503.3245715280963,497.8685258646023,500.8688659667969,14927200,Q3,validation
NVDA,2025-07-15,170.96229989605533,172.17068192225182,168.97494134085255,170.4729461669922,230627400,Q3,validation
QQQ,2025-07-15,557.5646229155932,558.1119745200461,553.9918036921638,554.051513671875,43277700,Q3,validation
AAPL,2025-07-16,209.28851120731295,211.37840160704656,207.63649175890595,209.1491851806641,47490500,Q3,validation
MSFT,2025-07-16,500.2351113436526,501.7600457375481,496.9773367906475,500.6708068847656,15154400,Q3,validation
NVDA,2025-07-16,170.83247408910898,171.52155877211666,168.67534340451817,171.14205932617188,158831500,Q3,validation
QQQ,2025-07-16,554.6089344039383,557.5248833529374,548.9163193085661,554.6188354492188,52314700,Q3,validation
AAPL,2025-07-17,209.55718424596665,210.7812638030366,208.58188702565155,209.00982666015625,48068100,Q3,validation
MSFT,2025-07-17,500.7302212088446,508.34495123446135,500.6708109272005,506.6913146972656,17503100,Q3,validation
NVDA,2025-07-17,171.7911900263939,173.92834287299638,170.60277047944578,172.76988220214844,160841100,Q3,validation
QQQ,2025-07-17,555.3453275516479,559.6147429299454,554.5392124594489,559.107177734375,40423800,Q3,validation
AAPL,2025-07-18,209.8557390930104,210.77131219576944,208.69136845628208,210.16424560546875,48974600,Q3,validation
MSFT,2025-07-18,509.4440951702841,509.6025628871289,502.4631147852394,505.0574645996094,21209700,Q3,validation
NVDA,2025-07-18,173.40903901870553,174.01822826089457,171.03219980516573,172.18067932128906,146456400,Q3,validation
QQQ,2025-07-18,560.4208944407413,562.0231629422733,557.2959302535468,558.56982421875,50484700,Q3,validation
AAPL,2025-07-21,211.07983063398711,214.74212298846783,210.61209006251647,211.4579925537109,51377400,Q3,validation
MSFT,2025-07-21,501.7501372202775,507.0775109565722,500.6014880788464,505.0673522949219,14066800,Q3,validation
NVDA,2025-07-21,172.52021135087202,173.1493782135921,170.77253916642036,171.15203857421875,123126100,Q3,validation
QQQ,2025-07-21,559.3958946507648,563.3468370391857,559.3660092861638,561.4658813476562,39595200,Q3,validation
AAPL,2025-07-22,212.11484021935428,213.9161320652676,211.20921348603292,213.3687744140625,46404100,Q3,validation
MSFT,2025-07-22,505.968437121084,506.1961966744728,500.32421875,500.32421875,13868600,Q3,validation
NVDA,2025-07-22,171.1120956061046,171.1620321483939,164.3610926233022,166.80783081054688,193114300,Q3,validation
QQQ,2025-07-22,561.5952444003194,561.6449925970527,555.9325146805868,558.5598754882812,43270600,Q3,validation
AAPL,2025-07-23,213.96589762082587,214.11517007989065,211.38835859165647,213.11997985839844,46989300,Q3,validation
MSFT,2025-07-23,501.7897565706271,501.82937349813983,495.7989881406536,500.9183654785156,16396600,Q3,validation
NVDA,2025-07-23,169.30451898143798,171.03221376466186,167.7465962646817,170.5528564453125,154082200,Q3,validation
QQQ,2025-07-23,559.644679980569,561.1473913894928,556.897899192682,561.1076049804688,40215300,Q3,validation
AAPL,2025-07-24,212.87115278650077,214.6525515397873,212.5029373149323,212.73182678222656,46022600,Q3,validation
MSFT,2025-07-24,503.7899711970312,508.6420022469781,502.334358860161,505.87933349609375,16107000,Q3,validation
NVDA,2025-07-24,172.21065238052367,173.5988030318276,171.07216922217725,173.50892639160156,128984600,Q3,validation
QQQ,2025-07-24,562.4212388074466,563.5259038068097,560.590031519654,562.3018188476562,42275500,Q3,validation
AAPL,2025-07-25,213.6673206036272,214.2047317845148,212.3735703810196,212.8512725830078,40268800,Q3,validation
MSFT,2025-07-25,507.4537274302719,513.2167663968169,505.3643953860848,508.681640625,19125700,Q3,validation
NVDA,2025-07-25,173.3790803717594,174.4876045602178,172.72995103806022,173.26922607421875,122316800,Q3,validation
QQQ,2025-07-25,562.2221732082169,564.9789154964288,561.5653634434884,563.6552734375,30630800,Q3,validation
AAPL,2025-07-28,213.000569237894,213.8166325366559,212.03523347491875,213.02047729492188,37858000,Q3,validation
MSFT,2025-07-28,509.0480107678364,509.9589885432546,505.12675096242896,507.48345947265625,14308000,Q3,validation
NVDA,2025-07-28,173.78854323017163,176.7645753161742,173.73860668662087,176.51490783691406,140023500,Q3,validation
QQQ,2025-07-28,565.0188240471344,566.3125810251406,564.1529987987896,565.4169311523438,31498700,Q3,validation
AAPL,2025-07-29,213.14982178903043,213.7767964509494,209.80599741985404,210.2538299560547,51411700,Q3,validation
MSFT,2025-07-29,510.4838129736145,512.5533213636355,506.5526415108228,507.5527648925781,16469200,Q3,validation
NVDA,2025-07-29,177.72328828972238,179.14139760883538,174.7871965738649,175.2765350341797,154077500,Q3,validation
QQQ,2025-07-29,568.0243008153843,569.3678058353573,563.8145950597007,564.5410766601562,45463300,Q3,validation
AAPL,2025-07-30,210.88077731884883,211.3684259373732,206.720889966108,208.04449462890625,45512500,Q3,validation
MSFT,2025-07-30,510.127348903314,510.89974304598894,504.45345515414937,508.21624755859375,26380400,Q3,validation
NVDA,2025-07-30,176.27521653092245,179.65072563032518,175.80584046425426,179.03155517578125,174312200,Q3,validation
QQQ,2025-07-30,565.4566306884598,567.88493787487,562.3416283337683,565.2974243164062,43433800,Q3,validation
AAPL,2025-07-31,207.48719786288635,208.8306954413449,206.16359315375277,206.57162475585935,80698400,Q3,validation
MSFT,2025-07-31,549.7951084550788,550.0129864113624,526.6935178159886,528.27783203125,51617300,Q3,validation
NVDA,2025-07-31,182.6567315862202,183.0562087176856,175.69600066981488,177.6334228515625,221685400,Q3,validation
QQQ,2025-07-31,571.7861083195327,571.8757036606775,561.1672684870435,562.3018188476562,64613600,Q3,validation
AAPL,2025-08-01,209.8557561748323,212.5527283441607,200.530828701964,201.40660095214844,104434500,Q3,validation
MSFT,2025-08-01,529.7632164041114,530.5553736121248,515.7616096000787,518.9797973632812,28977600,Q3,validation
NVDA,2025-08-01,173.85844036702034,176.3051785902702,170.66269971388826,173.4889373779297,204529000,Q3,validation
QQQ,2025-08-01,556.1515061828632,556.3405979294319,549.0357523301388,551.2252197265625,69400800,Q3,validation
AAPL,2025-08-04,203.52634207300895,206.88014336875773,200.70995198839023,202.37193298339844,75109300,Q3,validation
MSFT,2025-08-04,523.0991177691142,532.981410508703,522.960473635689,530.39697265625,25349000,Q3,validation
NVDA,2025-08-04,174.9270158880054,179.96030526461158,174.28786778877773,179.7605743408203,148174600,Q3,validation
QQQ,2025-08-04,556.3703965814645,561.6151562999452,556.2709001900665,561.3961791992188,47669800,Q3,validation
AAPL,2025-08-05,202.42167200915333,204.35234334482283,201.18764593221573,201.9439849853516,44155100,Q3,validation
MSFT,2025-08-05,531.9218555369729,532.0406760929504,522.0791498987046,522.5841674804688,19171600,Q3,validation
NVDA,2025-08-05,179.38107983649965,180.0202279532499,175.6660266458598,178.02288818359375,156407600,Q3,validation
QQQ,2025-08-05,562.6800492447384,563.8444243211386,557.047144120063,557.5845947265625,48666600,Q3,validation
AAPL,2025-08-06,204.64097466073488,214.3440795363061,204.601158547166,212.2243194580078,108483100,Q3,validation
MSFT,2025-08-06,525.70337986457,526.4955370830186,518.9006307843745,519.8016967773438,21355700,Q3,validation
NVDA,2025-08-06,176.09546439011424,179.66070799076476,176.01556896990587,179.1813507080078,137192300,Q3,validation
QQQ,2025-08-06,558.4205125100245,565.0386624956789,557.9428326498341,564.6007690429688,41823700,Q3,validation
AAPL,2025-08-07,217.8272171299369,219.78774287041324,215.5382768294147,218.9716796875,90224800,Q3,validation
MSFT,2025-08-07,521.6434435727333,522.9208551796034,512.483986539974,515.7418212890625,16079100,Q3,validation
NVDA,2025-08-07,181.32851054269395,183.6354356942093,178.5621905082108,180.52957153320312,151878400,Q3,validation
QQQ,2025-08-07,568.9298809926769,570.5719965866228,562.4013265086303,566.5115356445312,44463000,Q3,validation
AAPL,2025-08-08,219.7678474336444,229.88892965735025,218.1954451401473,228.2468719482422,113854000,Q3,validation
MSFT,2025-08-08,517.4845698020915,519.524403327164,514.3257923084495,516.9300537109375,15531000,Q3,validation
NVDA,2025-08-08,181.3085211979325,183.05619350177665,180.16004168373897,182.4569854736328,123396700,Q3,validation
QQQ,2025-08-08,567.7158183687225,572.0151196938974,567.4172684314073,571.796142578125,35255500,Q3,validation
AAPL,2025-08-11,227.08116933177635,228.71513292468896,223.9327956372812,226.3438873291016,61806100,Q3,validation
MSFT,2025-08-11,517.1875004407061,522.4257584225397,514.6327376205326,516.6627197265625,20194400,Q3,validation
NVDA,2025-08-11,181.80785936297343,183.59547178906817,180.01025048518693,181.81784057617188,138323200,Q3,validation
QQQ,2025-08-11,571.9353942373868,574.0352659921666,568.8303539029688,570.1041870117188,33112900,Q3,validation
AAPL,2025-08-12,227.1708307452597,229.95057099439725,226.23430307406312,228.80479431152344,55626200,Q3,validation
MSFT,2025-08-12,518.6233787752558,525.7825900386109,517.5836685759962,524.0596313476562,18667000,Q3,validation
NVDA,2025-08-12,182.7166509044063,184.234618174838,179.22130626788388,182.9163818359375,145485700,Q3,validation
QQQ,2025-08-12,572.4031383383943,577.568264258411,569.7459530883017,577.2697143554688,42143300,Q3,validation
AAPL,2025-08-13,230.2195756343437,234.1351043372746,229.5819165003467,232.47125244140625,69878500,Q3,validation
MSFT,2025-08-13,526.901545781552,527.4857972911225,514.2862580919234,515.4844360351562,19619200,Q3,validation
NVDA,2025-08-13,182.3770937521473,183.72530422356277,179.11145412417423,181.3484649658203,179871700,Q3,validation
QQQ,2025-08-13,579.9667943828545,580.5241078283162,576.1650966595718,577.5584106445312,41209300,Q3,validation
AAPL,2025-08-14,233.198551357138,234.2546476473393,230.00037411625505,231.9232635498047,51916300,Q3,validation
MSFT,2025-08-14,517.445017549053,520.8018496782777,515.0487221853349,517.3657836914062,20269100,Q3,validation
NVDA,2025-08-14,179.51090820642335,182.7765629312542,179.22130065055427,181.77789306640625,129554000,Q3,validation
QQQ,2025-08-14,575.508266162602,579.0909866487473,575.139983732242,577.1105346679688,45425000,Q3,validation
AAPL,2025-08-15,233.13877413921492,233.41774239633352,228.4959213987516,230.73764038085935,56038700,Q3,validation
MSFT,2025-08-15,517.6529556536844,520.9503168823401,513.9990723038397,515.078369140625,25213300,Q3,validation
NVDA,2025-08-15,181.6380820439347,181.658044469753,177.8031781362909,180.20997619628903,156602200,Q3,validation
QQQ,2025-08-15,577.0209851959504,577.060832349756,572.8112791786587,574.5728149414062,49480200,Q3,validation
AAPL,2025-08-18,230.8472538899505,232.26202593201924,229.26310933608104,230.0402374267578,37476200,Q3,validation
MSFT,2025-08-18,516.4845535034275,517.7024945692299,508.9886435903528,512.0384521484375,23760600,Q3,validation
NVDA,2025-08-18,180.359785616326,182.69666946783065,180.3497891649352,181.7678985595703,132008000,Q3,validation
QQQ,2025-08-18,573.6771004174088,575.0007426774456,572.4828399211221,574.3438720703125,29831000,Q3,validation
AAPL,2025-08-19,230.4287923573085,232.01293684851592,228.50590285589897,229.71144104003903,39402600,Q3,validation
MSFT,2025-08-19,509.9589996924715,510.1174069638556,503.5721224631474,504.7801818847656,21481000,Q3,validation
NVDA,2025-08-19,182.1873495042791,182.25726371442747,175.25659293377495,175.40638732910156,185229200,Q3,validation
QQQ,2025-08-19,573.6272978127284,573.7964659713523,565.5262993771687,566.5513916015625,53752600,Q3,validation
AAPL,2025-08-20,229.13358225147155,229.6217843388592,224.939085159242,225.17819213867188,42263900,Q3,validation
MSFT,2025-08-20,504.8792394940632,505.9981835608303,499.5023971639381,500.7698669433594,27723000,Q3,validation
NVDA,2025-08-20,174.93701244991922,175.76591033294957,168.57548977611862,175.1667022705078,215142700,Q3,validation
QQQ,2025-08-20,565.6059676042936,565.7253875756548,556.1614636230435,563.1876220703125,76781100,Q3,validation
AAPL,2025-08-21,225.4372491279448,225.68632903786573,222.9564077521854,224.07228088378903,30621200,Q3,validation
MSFT,2025-08-21,499.57962247206007,503.48747238505433,498.6175369804135,500.1251220703125,18443300,Q3,validation
NVDA,2025-08-21,174.61742144674352,176.66468235557974,173.57879631630271,174.7472381591797,140040900,Q3,validation
QQQ,2025-08-21,561.6450181787756,563.774775630925,558.2911756152315,560.5802001953125,46436900,Q3,validation
AAPL,2025-08-22,225.33760837029212,228.2468598588307,224.58041092619504,226.9217529296875,42477800,Q3,validation
MSFT,2025-08-22,500.135066677745,506.5621975190336,498.3100856343386,503.09075927734375,24324200,Q3,validation
NVDA,2025-08-22,172.38040151215634,178.35244288234992,170.97227338198675,177.7532501220703,172789400,Q3,validation
QQQ,2025-08-22,561.9634564557491,571.238791941298,560.5702032580724,569.2284545898438,51502100,Q3,validation
AAPL,2025-08-25,225.6464541310901,228.45608264282487,225.3973742361901,226.32395935058597,30983100,Q3,validation
MSFT,2025-08-25,502.4956437530773,504.0429109301173,500.00611695670057,500.1449890136719,21638600,Q3,validation
NVDA,2025-08-25,178.11278178635797,181.6680441727565,176.33515059315872,179.57083129882812,163012800,Q3,validation
QQQ,2025-08-25,567.6661203876056,570.5422225712209,566.4320126331755,567.5864868164062,34044700,Q3,validation
AAPL,2025-08-26,226.0350268937484,228.6453946309622,223.86305742355088,228.46604919433597,54575100,Q3,validation
MSFT,2025-08-26,500.2441292309945,500.8590951140394,494.4418926777319,497.9430847167969,30835700,Q3,validation
NVDA,2025-08-26,179.82049655621498,182.14739921043056,178.57215920342722,181.5282287597656,168688200,Q3,validation
QQQ,2025-08-26,567.0987131018536,570.1738681264644,566.0736209319145,569.8653564453125,34103000,Q3,validation
AAPL,2025-08-27,227.76862267507164,230.05018785299507,227.41990473660533,229.64170837402344,31259500,Q3,validation
MSFT,2025-08-27,497.9034268047853,503.1502662118434,495.8205578102606,502.604736328125,17277900,Q3,validation
NVDA,2025-08-27,181.7379436715125,182.24727507184863,178.86178472902657,181.35845947265625,235518900,Q3,validation
QQQ,2025-08-27,568.8503542214644,571.6567843025553,567.6361701841732,570.7412109375,36927100,Q3,validation
AAPL,2025-08-28,229.97051505486425,232.55097936868037,228.49595098757067,231.7041015625,38074700,Q3,validation
MSFT,2025-08-28,502.95187030654046,506.91922816363694,501.3748491905692,505.4810791015625,18015600,Q3,validation
NVDA,2025-08-28,180.5794881684096,184.22462699678687,176.17535050737845,179.9303436279297,281787800,Q3,validation
QQQ,2025-08-28,571.3581690220095,575.2295381040836,569.716114225579,574.31396484375,46787900,Q3,validation
AAPL,2025-08-29,231.65426265633036,232.52107103838583,230.51845893056876,231.2856292724609,39418400,Q3,validation
MSFT,2025-08-29,504.5090702372647,505.44140176386463,500.3730863144936,502.5551452636719,20961600,Q3,validation
NVDA,2025-08-29,177.87308356836775,177.91302365652732,172.91967451951007,173.94830322265625,243257900,Q3,validation
QQQ,2025-08-29,571.9055458127416,572.273828233091,565.8148847062891,567.666015625,56030400,Q3,validation
AAPL,2025-09-02,228.4062860305561,230.00040359535527,226.13467838242784,228.8745574951172,44075600,Q3,validation
MSFT,2025-09-02,496.38587753866574,501.87074834041937,492.75574161607386,500.9979248046875,18128000,Q3,validation
NVDA,2025-09-02,169.77389508693437,172.15073449446965,166.997593786357,170.5528564453125,231164900,Q3,validation
QQQ,2025-09-02,558.6196567038037,563.2572947461856,556.8581208195213,562.9089965820312,65876800,Q3,validation
AAPL,2025-09-03,236.33698891571112,237.9709525201245,233.49747185558655,237.59234619140625,66427800,Q3,validation
MSFT,2025-09-03,499.6787766683557,503.6461342434815,498.22077154875547,501.2260437011719,16345100,Q3,validation
NVDA,2025-09-03,170.83246833565184,172.18067877773825,168.6553752976972,170.39305114746094,164424900,Q3,validation
QQQ,2025-09-03,566.5015849549442,568.9597775003773,564.0135677896833,567.3375854492188,54230200,Q3,validation
AAPL,2025-09-04,237.5723998534893,239.0170601981439,235.8687018920251,238.8975067138672,47549400,Q3,validation
MSFT,2025-09-04,500.1846427841772,504.00323087503085,499.0440334241921,503.82470703125,15509500,Q3,validation
NVDA,2025-09-04,170.34312465674856,171.6314020660847,169.1846639665207,171.43167114257812,141670100,Q3,validation
QQQ,2025-09-04,568.0043701424134,572.8410610450118,566.3026052373926,572.4728393554688,47526300,Q3,validation
AAPL,2025-09-05,239.1166874327268,240.43183651086892,237.61225041390915,238.80783081054688,54870400,Q3,validation
MSFT,2025-09-05,504.9157294675595,507.7920578951392,488.3519981058333,490.9605407714844,31994800,Q3,validation
NVDA,2025-09-05,167.8065026792569,168.80517258283567,163.8517783946414,166.7978515625,224441400,Q3,validation
QQQ,2025-09-05,577.7076484747704,578.3346336864022,568.7906334517568,573.2988891601562,68342500,Q3,validation
AAPL,2025-09-08,238.41927329094256,239.2661357937392,235.4701607098454,237.00450134277344,48999500,Q3,validation
MSFT,2025-09-08,494.0451682561979,497.10997900607424,490.9903158559839,494.1344604492188,16771000,Q3,validation
NVDA,2025-09-08,167.32715219255022,170.73262035939155,167.12742125141602,168.0861358642578,163769100,Q3,validation
QQQ,2025-09-08,575.5977945125156,578.0559870759845,575.0006946855148,576.0953979492188,46371400,Q3,validation
AAPL,2025-09-09,236.12774389612645,237.9011915581232,232.5011411802574,233.4875030517578,66313900,Q3,validation
MSFT,2025-09-09,497.33805669614713,498.1513723235736,493.6385148559322,494.34271240234375,14410500,Q3,validation
NVDA,2025-09-09,168.86509051949955,170.7525760297424,166.51822538667548,170.53286743164062,157548400,Q3,validation
QQQ,2025-09-09,576.8915385805233,578.1554707195171,574.274139701763,577.7275390625,44007600,Q3,validation
AAPL,2025-09-10,231.3354573908009,231.56460664903227,225.118417424808,225.955322265625,83440800,Q3,validation
MSFT,2025-09-10,498.8754294126598,499.1233892811019,492.66650462093776,496.2867126464844,21611800,Q3,validation
NVDA,2025-09-10,176.40506201448144,179.05153132643002,175.23661998400823,177.09414672851562,226852000,Q3,validation
QQQ,2025-09-10,580.942094267134,580.9719796320359,575.7769677758832,577.9166870117188,49308000,Q3,validation
AAPL,2025-09-11,226.04499474029723,229.6018477916261,225.81583028738916,229.1833953857422,50208600,Q3,validation
MSFT,2025-09-11,498.15138006137016,499.0638857033828,493.8170463660224,496.9215087890625,18881600,Q3,validation
NVDA,2025-09-11,179.45110250300584,180.05034427267074,176.2551819566126,176.94430541992188,151159300,Q3,validation
QQQ,2025-09-11,580.4444560297375,582.0766099053841,578.8322257294989,581.2804565429688,44745800,Q3,validation
AAPL,2025-09-12,228.37638560886936,233.6469097348115,228.17712472443904,233.2085418701172,55824200,Q3,validation
MSFT,2025-09-12,502.5154742767582,508.367321245748,499.73833579713096,505.7389526367188,23624900,Q3,validation
NVDA,2025-09-12,177.5435664999128,178.37251110105626,176.22524055900428,177.593505859375,124911000,Q3,validation
QQQ,2025-09-12,582.2358530939185,585.0423439865303,581.3003561297145,583.8480834960938,50745900,Q3,validation
AAPL,2025-09-15,236.1277410783948,237.31336381412063,234.1649902844441,235.82884216308597,42699500,Q3,validation
MSFT,2025-09-15,504.6380259393042,511.2634762434591,502.862624765238,511.1543884277344,17143800,Q3,validation
NVDA,2025-09-15,175.44622258887705,178.62217970015598,174.28769658655634,177.52357482910156,147061600,Q3,validation
QQQ,2025-09-15,585.6195335974215,588.9534523182087,585.4702282697297,588.843994140625,44360300,Q3,validation
AAPL,2025-09-16,236.30708253667356,240.3322223551857,235.45026224943368,237.2735137939453,63421100,Q3,validation
MSFT,2025-09-16,512.6619733694059,513.0090929577493,504.449544036503,504.8859558105469,19711900,Q3,validation
NVDA,2025-09-16,176.77453647764895,177.27389957504343,174.15787872389456,174.65724182128906,140737800,Q3,validation
QQQ,2025-09-16,589.7695130089575,590.018314719858,587.6596793599289,588.3463745117188,36942100,Q3,validation
AAPL,2025-09-17,238.09051246512183,239.21635855568803,236.8550706028844,238.1104431152344,46508000,Q3,validation
MSFT,2025-09-17,506.4530809454648,507.11762672901375,501.8013512662406,505.8579711914063,15816600,Q3,validation
NVDA,2025-09-17,172.42008695754546,172.97937117956877,168.1954794867923,170.0730743408203,211843800,Q3,validation
QQQ,2025-09-17,588.2667613743852,588.9136701422223,581.5690385221046,587.1720581054688,69384800,Q3,validation
AAPL,2025-09-18,239.0868055705458,240.31227437025743,235.77901734043184,237.00450134277344,44249600,Q3,validation
MSFT,2025-09-18,507.31595138937655,508.883074673213,503.5172196080818,504.30078125,18913700,Q3,validation
NVDA,2025-09-18,173.7583871307785,176.87442336525442,172.73969733735942,176.01551818847656,191763300,Q3,validation
QQQ,2025-09-18,592.0585449007204,595.2731046813599,590.1179399259114,592.4666137695312,61069300,Q3,validation
AAPL,2025-09-19,240.3421770415445,245.3935247988757,239.32594197772087,244.59646606445312,163741300,Q3,validation
MSFT,2025-09-19,506.3935778296786,515.0622454615835,506.1456179521661,513.7034301757812,52474100,Q3,validation
NVDA,2025-09-19,175.54609885389235,177.8531538116004,174.95683884616588,176.4449462890625,237182100,Q3,validation
QQQ,2025-09-19,594.4668964152456,597.173829761915,592.9939490424024,596.4771728515625,58196100,Q3,validation
AAPL,2025-09-22,247.38616206443075,255.69547916115812,247.2068166293636,255.13751220703125,105517400,Q3,validation
MSFT,2025-09-22,511.3825425873763,513.5149611406991,508.35738375283694,510.2518310546875,20009300,Q3,validation
NVDA,2025-09-22,175.07671637070237,184.31493427279133,174.4874715349329,183.37612915039065,269637000,Q3,validation
QQQ,2025-09-22,595.56457167487,600.6759063866804,595.5446250028239,600.0083618164062,57154800,Q3,validation
AAPL,2025-09-23,254.9382669065294,256.3928850249964,252.646728760892,253.49359130859372,60275200,Q3,validation
MSFT,2025-09-23,509.6071158201621,510.3907077578639,503.170087241692,505.0744323730469,19799600,Q3,validation
NVDA,2025-09-23,181.73821238324945,182.18763613663097,175.9855548133895,178.2027130126953,192559600,Q3,validation
QQQ,2025-09-23,600.1777560752951,600.3770403666388,594.8073576106723,596.02294921875,64635500,Q3,validation
AAPL,2025-09-24,254.2807025242173,254.7987929994329,250.11607847800005,251.38140869140625,42303700,Q3,validation
MSFT,2025-09-24,506.215041937542,508.2978806442568,502.7832857896144,505.9869079589844,13533700,Q3,validation
NVDA,2025-09-24,179.54100413716742,179.5509859124944,175.17656050171237,176.74456787109375,143564100,Q3,validation
QQQ,2025-09-24,597.3979183069385,597.7167610032964,591.2005236200914,593.9305419921875,49850300,Q3,validation
AAPL,2025-09-25,252.27808820484515,256.22352044118514,250.7836088309123,255.9246063232422,55202100,Q3,validation
MSFT,2025-09-25,504.1519897302721,505.84805701475193,500.9186136455738,502.8923645019531,15786500,Q3,validation
NVDA,2025-09-25,174.2577508730865,180.03038734713982,172.90947958662534,177.4636688232422,191586700,Q3,validation
QQQ,2025-09-25,590.0447574609248,592.9541133753095,586.358211090951,591.3699340820312,70920200,Q3,validation
AAPL,2025-09-26,253.1648106749593,256.6519291955366,252.84598111295836,254.51980590820312,46076300,Q3,validation
MSFT,2025-09-26,505.8976246789574,509.7459665668784,502.4856945681329,507.28619384765625,16213100,Q3,validation
NVDA,2025-09-26,177.94304916264082,179.54101721374016,174.70717071687335,177.96302795410156,148573700,Q3,validation
QQQ,2025-09-26,592.1869260081028,594.1298414316656,588.9089213733314,593.801025390625,54337400,Q3,validation
AAPL,2025-09-29,253.62311772285491,254.06150078407973,252.07881928540596,253.49359130859372,40127700,Q3,validation
MSFT,2025-09-29,507.325895548039,512.6322125671903,504.7272809455784,510.4005737304688,17617800,Q3,validation
NVDA,2025-09-29,180.2001578366391,183.76561762390497,180.09031258631592,181.6183624267578,193063500,Q3,validation
QQQ,2025-09-29,596.929586249639,599.858888854889,595.2357610619866,596.5509643554688,48332900,Q3,validation
AAPL,2025-09-30,253.9220203508673,254.97811672142572,252.17846100632588,253.69287109375,37704300,Q3,validation
MSFT,2025-09-30,509.0516808953517,513.9315141469417,505.5009089039439,513.7232666015625,19728200,Q3,validation
NVDA,2025-09-30,181.848063160254,187.11135435179563,181.2488213615314,186.3423309326172,236981000,Q3,validation
QQQ,2025-09-30,596.2521164355429,598.5238479838199,593.9305790157047,598.18505859375,46533800,Q3,validation
AAPL,2025-10-01,254.10134722927504,257.83756097799323,253.9917514638179,254.5098419189453,48713900,Q4,test
MSFT,2025-10-01,510.5989067561486,516.2623314762835,507.5143007767599,515.4688720703125,22632300,Q4,test
NVDA,2025-10-01,185.00405809785752,187.9003581593927,183.665753326035,187.0015106201172,173844900,Q4,test
QQQ,2025-10-01,594.9966151966095,601.592517201177,594.1696797218984,601.0545043945312,46899600,Q4,test
AAPL,2025-10-02,255.6356607808825,257.229778167004,253.2146115335708,256.18365478515625,42630200,Q4,test
MSFT,2025-10-02,513.4158303625842,517.343476169315,506.5126054199375,511.53131103515625,21222900,Q4,test
NVDA,2025-10-02,189.3585011391996,190.806651138866,187.8204541960536,188.6493988037109,136805800,Q4,test
QQQ,2025-10-02,604.8506282086944,604.9502399376884,600.7356543050928,603.5254516601562,43765400,Q4,test
AAPL,2025-10-03,253.73271197999827,258.2858846694617,253.01536064819075,257.07037353515625,49155600,Q4,test
MSFT,2025-10-03,512.8801529316524,516.2425031799986,510.7973143114264,513.1281127929688,15112300,Q4,test
NVDA,2025-10-03,188.94900408551683,190.11751186051177,185.1438598655547,187.3809967041016,137596900,Q4,test
QQQ,2025-10-03,604.3027001978111,605.1197232184186,599.2013385970163,600.9848022460938,46482100,Q4,test
AAPL,2025-10-06,257.0404730386864,258.11651518827176,254.11130630837613,255.74526977539065,44664100,Q4,test
MSFT,2025-10-06,514.377848960065,526.6965386672223,513.9712214168786,524.256591796875,21388600,Q4,test
NVDA,2025-10-06,185.2637228157064,186.991514993276,183.09648864167903,185.3036651611328,157678100,Q4,test
QQQ,2025-10-06,606.2355880916678,607.1422494333636,603.7645725777412,605.498291015625,41962100,Q4,test
AAPL,2025-10-07,255.86484387966763,256.45266881763376,254.48991791397023,255.53607177734372,31955800,Q4,test
MSFT,2025-10-07,523.9788663400786,525.4765536672338,517.1847899970462,519.7040405273438,14615200,Q4,test
NVDA,2025-10-07,185.99277739696944,188.8191743935438,183.76562222076905,184.8042907714844,140088000,Q4,test
QQQ,2025-10-07,606.8035324139453,607.4910236381941,600.835342343377,602.3099365234375,58209500,Q4,test
AAPL,2025-10-08,255.57591915435188,257.5685585594684,255.16742442767125,257.1102600097656,36496900,Q4,test
MSFT,2025-10-08,519.0098207695767,522.6498549115006,518.8213688365025,520.5669555664062,13363400,Q4,test
NVDA,2025-10-08,186.33235229407293,189.35849142592937,186.30237648821537,188.86911010742188,130168900,Q4,test
QQQ,2025-10-08,603.2066381307736,609.523591030116,603.0572205300643,609.2147216796875,50629800,Q4,test
AAPL,2025-10-09,256.86113993459566,257.0504430809132,252.20832947523732,253.10501098632807,38322000,Q4,test
MSFT,2025-10-09,518.07745494396,520.0512058016051,513.1777655449532,518.136962890625,18343600,Q4,test
NVDA,2025-10-09,191.9851285494953,195.05122522476876,190.816620752273,192.32470703125,182997200,Q4,test
QQQ,2025-10-09,609.2545466200572,609.3840783602061,605.2691043090726,608.4774169921875,45551000,Q4,test
AAPL,2025-10-10,254.00171816056968,255.436420799504,243.10197943699816,244.3673095703125,61999100,Q4,test
MSFT,2025-10-10,515.3994727403434,519.3073226434543,505.4711500363669,506.790283203125,24133800,Q4,test
NVDA,2025-10-10,193.26350393527704,195.3708168536685,181.81811007166195,182.92669677734372,268774400,Q4,test
QQQ,2025-10-10,609.174937229752,610.9484275974415,586.9062397942465,587.3546142578125,97614800,Q4,test
AAPL,2025-10-13,248.46219085423505,248.7710475029622,244.6562426215344,246.7485198974609,38142900,Q4,test
MSFT,2025-10-13,512.1958293204747,512.1958293204747,507.50444767633473,509.8551025390625,14284200,Q4,test
NVDA,2025-10-13,187.73057886865317,189.86785248459336,185.72314454487463,188.08013916015625,153482800,Q4,test
QQQ,2025-10-13,597.497493628088,600.7556121211176,595.056398092238,599.8190307617188,65872600,Q4,test
AAPL,2025-10-14,245.69241642712316,247.93413549962375,243.79940008876653,246.8581085205078,35478000,Q4,test
MSFT,2025-10-14,506.0662273255252,511.0750344503804,501.8707357721012,509.37896728515625,14684300,Q4,test
NVDA,2025-10-14,184.5346420566055,184.56460262310264,179.47109296765566,179.80067443847656,205641400,Q4,test
QQQ,2025-10-14,593.1434568492728,600.4966033203683,587.9823159734815,595.8236694335938,69203200,Q4,test
AAPL,2025-10-15,248.5717898296712,250.8932163906544,246.559219921403,248.42233276367188,33893600,Q4,test
MSFT,2025-10-15,510.7577169104775,512.9694997370561,505.8381709448021,509.24017333984375,14694700,Q4,test
NVDA,2025-10-15,184.56460739230215,184.63451030281777,177.06416377208902,179.60093688964844,214450500,Q4,test
QQQ,2025-10-15,601.8117836952674,604.4919961772353,593.7611729131481,600.0282592773438,62805500,Q4,test
AAPL,2025-10-16,247.33635013275975,248.1234359576197,244.22783772705108,246.53929138183597,39777000,Q4,test
MSFT,2025-10-16,508.3970827878481,512.6321960787722,503.9833851231019,507.4349670410156,15559600,Q4,test
NVDA,2025-10-16,181.99786281424812,183.04652832403656,179.5410050089342,181.57839965820312,179723300,Q4,test
QQQ,2025-10-16,602.9077579751356,606.0961241101174,593.3327470469682,597.806396484375,70982000,Q4,test
AAPL,2025-10-17,247.10719170360767,252.44746537322092,246.35995200283696,251.3614654541016,49147000,Q4,test
MSFT,2025-10-17,504.8859867353243,511.2734052578957,503.1700935064365,509.3889465332031,19867800,Q4,test
NVDA,2025-10-17,179.9504818191574,183.8655019863948,179.52103686227596,182.9866180419922,173135200,Q4,test
QQQ,2025-10-17,595.7738386787643,603.306322454893,594.1995718879336,601.7320556640625,72024900,Q4,test
AAPL,2025-10-20,254.94822099113512,263.4069798400544,254.68918336894043,261.2748413085937,90483000,Q4,test
MSFT,2025-10-20,510.4105508898797,514.4672014016805,509.24018745186737,512.57275390625,14665600,Q4,test
NVDA,2025-10-20,182.89672994644727,184.96408521149223,181.4985041529273,182.4073486328125,128544700,Q4,test
QQQ,2025-10-20,604.9303809627713,610.5697551235123,604.8606284241672,609.3143310546875,45761700,Q4,test
AAPL,2025-10-21,260.916147926868,264.313600971564,260.8663137101643,261.8028564453125,46695900,Q4,test
MSFT,2025-10-21,513.2769402267872,514.4572316509175,508.8533142722573,513.4356079101562,15586200,Q4,test
NVDA,2025-10-21,182.55715836486127,182.55715836486127,179.5709767314294,180.9292449951172,124240200,Q4,test
QQQ,2025-10-21,609.41403175621,610.4900574537519,607.1024677916307,609.1549682617188,44538200,Q4,test
AAPL,2025-10-22,261.6833338430701,261.882609922878,254.4899051977633,257.4988098144531,45015300,Q4,test
MSFT,2025-10-22,516.8971212574951,520.9437823737373,513.4851913413816,516.2920532226562,18962700,Q4,test
NVDA,2025-10-22,180.9092591258601,183.20633238125785,176.53483359319367,180.05035400390625,162249600,Q4,test
QQQ,2025-10-22,608.5969960402966,609.1848147458128,597.5573034367524,603.286376953125,61478800,Q4,test
AAPL,2025-10-23,258.98329410338334,259.66078406832133,257.06040475940137,258.6246032714844,32754900,Q4,test
MSFT,2025-10-23,518.1964698863214,519.6743010066873,514.3778516149157,516.3119506835938,14023500,Q4,test
NVDA,2025-10-23,180.1901742303588,182.7968501503985,179.5609718650331,181.92796325683597,111363700,Q4,test
QQQ,2025-10-23,602.7084409478078,609.1449520725764,602.3199065464308,608.3578491210938,42844300,Q4,test
AAPL,2025-10-24,260.2287466983284,263.1579290692685,258.2261343576155,261.8527526855469,38253700,Q4,test
MSFT,2025-10-24,518.5237814648117,521.0628883153897,516.4607987679614,519.3370971679688,15532400,Q4,test
NVDA,2025-10-24,183.6058200325102,187.23120099697576,183.26625678365264,186.02273559570312,131296700,Q4,test
QQQ,2025-10-24,613.7481193370727,616.1692681518385,612.8912638677524,614.8540649414062,47632500,Q4,test
AAPL,2025-10-27,263.90514984178776,268.1295353654346,263.67598537979285,267.8206787109375,44888200,Q4,test
MSFT,2025-10-27,527.4404441110845,530.2175826339089,524.6930292943027,527.1825561523438,18734700,Q4,test
NVDA,2025-10-27,189.7480043855645,191.75543864774096,188.18997864549505,191.24609375,153452700,Q4,test
QQQ,2025-10-27,622.2471236453642,626.262425126202,621.7589166953564,625.8041381835938,54098600,Q4,test
AAPL,2025-10-28,268.00000632210845,268.8967183092297,267.1631014853557,268.0099792480469,41534800,Q4,test
MSFT,2025-10-28,545.5116410650497,549.2012543795508,536.356983260493,537.6463623046875,29986700,Q4,test
NVDA,2025-10-28,192.8040950113927,202.8912204382634,191.66554775855596,200.77392578125,297986200,Q4,test
QQQ,2025-10-28,628.0658962701283,632.3701816547181,626.9599505234498,630.6165771484375,61195700,Q4,test
AAPL,2025-10-29,268.28892986747474,270.4110953948544,266.1269030442272,268.7073974609375,51086700,Q4,test
MSFT,2025-10-29,540.4929653309738,541.8121286840217,532.3499420595073,537.130615234375,36023000,Q4,test
NVDA,2025-10-29,207.715080745974,211.9197249544373,204.51915980095316,206.7762756347656,308829600,Q4,test
QQQ,2025-10-29,633.2769001713006,634.6917152842577,627.9563074763624,633.4562377929688,67422800,Q4,test
AAPL,2025-10-30,270.98894793982623,273.1310593223432,267.49188695276854,270.401123046875,69886500,Q4,test
MSFT,2025-10-30,526.1509968235328,530.6043464776645,517.8592331602406,521.4695434570312,41023100,Q4,test
NVDA,2025-10-30,204.8886770404504,205.89740027142088,201.1534507471854,202.63156127929688,178864400,Q4,test
QQQ,2025-10-30,629.869267455657,631.1944440896802,623.6619603385896,623.7715454101562,61628600,Q4,test
AAPL,2025-10-31,275.9705701844509,276.29937269597025,268.16940070155243,269.3749389648437,86167100,Q4,test
MSFT,2025-10-31,524.5640198650095,525.0004316167937,510.896444053691,513.5843505859375,34006400,Q4,test
NVDA,2025-10-31,206.18701808603035,207.7050861560208,201.81260775338424,202.2320709228516,179802200,Q4,test
QQQ,2025-10-31,631.8620549483691,631.8919749599486,624.409296291661,626.7806396484375,66305100,Q4,test
AAPL,2025-11-03,269.424736694289,269.8531467885877,265.2700709373508,268.05975341796875,50194600,Q4,test
MSFT,2025-11-03,515.5680119038287,520.676008789008,510.3906395365282,512.8107299804688,22374700,Q4,test
NVDA,2025-11-03,207.8149540137207,211.07079600988305,205.2981596683369,206.61648559570312,180267300,Q4,test
QQQ,2025-11-03,632.7985429356352,633.5059808284601,627.5576766411583,629.7796020507812,37154300,Q4,test
AAPL,2025-11-04,267.3424445625432,270.49081837885313,266.6350661079627,269.0461730957031,49274800,Q4,test
MSFT,2025-11-04,507.5837474278435,511.34279700787874,503.6957236126803,510.1327819824219,20958700,Q4,test
NVDA,2025-11-04,202.7414122562426,203.7101778590782,197.67786326579136,198.43690490722656,188919300,Q4,test
QQQ,2025-11-04,621.0116391030107,624.6682653310116,616.2091739056606,616.9962768554688,63830800,Q4,test
AAPL,2025-11-05,267.6214146886098,270.7000692568828,265.94760492323326,269.14581298828125,43683100,Q4,test
MSFT,2025-11-05,509.1112106662694,510.6287541811956,502.4460479183387,503.0213317871094,23024300,Q4,test
NVDA,2025-11-05,198.5168123443512,202.66152000582164,194.40205001057663,194.9613494873047,171350300,Q4,test
QQQ,2025-11-05,616.2391121345779,624.3195827183903,614.9638020768305,621.01171875,48688500,Q4,test
AAPL,2025-11-06,266.90407480138714,272.3937751745226,266.90407480138714,268.7771301269531,51204000,Q4,test
MSFT,2025-11-06,501.5335392553728,501.5732213085109,491.7639146320967,493.04339599609375,27406500,Q4,test
NVDA,2025-11-06,196.16981228388872,197.3682807609907,186.14260723026615,187.84043884277344,223029800,Q4,test
QQQ,2025-11-06,619.5270737190788,619.7761638844125,608.078899450419,609.4439086914062,72115100,Q4,test
AAPL,2025-11-07,268.80702532983145,271.2878818962731,265.7881780523408,267.48193359375,48227400,Q4,test
MSFT,2025-11-07,492.89463000746537,495.304792622274,489.2248119110569,492.76568603515625,24019800,Q4,test
NVDA,2025-11-07,184.6644490263876,188.08010568481336,178.682089465448,187.91030883789065,264942300,Q4,test
QQQ,2025-11-07,606.0961466218313,607.7301926884926,596.4912153281726,607.5209350585938,81835400,Q4,test
AAPL,2025-11-10,268.2298830249396,272.9869540449525,266.7339548671466,268.6986083984375,41312400,Q4,test
MSFT,2025-11-10,495.9594336108676,502.7138582055711,494.729532044403,501.8707885742188,26101500,Q4,test
NVDA,2025-11-10,194.8614791513322,199.6853287651845,193.5431531870904,198.7964630126953,198897100,Q4,test
QQQ,2025-11-10,616.6675408883244,622.037939599601,614.6449603115116,620.9618530273438,55919900,Q4,test
AAPL,2025-11-11,269.07757258136417,275.16101963639426,269.0675899882029,274.5028076171875,46208300,Q4,test
MSFT,2025-11-11,500.6805581155917,505.4414057875519,498.2505695472254,504.5289001464844,17980000,Q4,test
NVDA,2025-11-11,194.91140808059745,195.17107140540628,191.05632435423007,192.91395568847656,176483300,Q4,test
QQQ,2025-11-11,618.3115007347396,620.4536395227035,615.2726130875191,619.307861328125,44868800,Q4,test
AAPL,2025-11-12,274.2535066981436,274.9815360542478,270.9624767916609,272.7276611328125,48398000,Q4,test
MSFT,2025-11-12,505.20330782589343,507.4944847122113,495.0468819438319,506.96881103515625,26574900,Q4,test
NVDA,2025-11-12,195.47068348463264,195.64046510157328,190.8865341091802,193.5531311035156,154935300,Q4,test
QQQ,2025-11-12,622.5659665942537,622.5858524528388,615.5615225825271,618.8196411132812,47444400,Q4,test
AAPL,2025-11-13,273.36590026791555,275.9488963676571,271.3513946141157,272.2090759277344,49602800,Q4,test
MSFT,2025-11-13,506.1455939798088,509.3095642884979,497.1992129195551,499.1828918457031,25273100,Q4,test
NVDA,2025-11-13,190.8066439854392,191.1961465947379,183.61581837719612,186.6219787597656,207423100,Q4,test
QQQ,2025-11-13,615.2925422980531,615.8704485105809,603.8742880136988,606.1858520507812,71333600,Q4,test
AAPL,2025-11-14,270.31417782757546,275.21085247368256,268.8681323529343,271.6705017089844,47431300,Q4,test
MSFT,2025-11-14,494.1641988801248,507.4250879884235,493.38063720960855,506.01666259765625,28505700,Q4,test
NVDA,2025-11-14,182.62706393415107,190.7666759402113,180.34996953708983,189.92774963378903,186591900,Q4,test
QQQ,2025-11-14,597.3679891941105,611.1177533949825,594.9966460866717,606.6441040039062,80087300,Q4,test
AAPL,2025-11-17,268.0902717401977,269.7557213346742,265.00866346949266,266.73394775390625,45018300,Q4,test
MSFT,2025-11-17,504.300789978241,507.9408238780629,500.7896697837805,503.3486022949219,19092800,Q4,test
NVDA,2025-11-17,185.73311754704963,188.75925679396332,184.08522536919267,186.36231994628903,173628900,Q4,test
QQQ,2025-11-17,604.0934805750228,610.2509824067986,597.686888568112,601.4630737304688,63850400,Q4,test
AAPL,2025-11-18,269.2570854665072,269.9751321987233,264.59977951795884,266.7140197753906,45677300,Q4,test
MSFT,2025-11-18,491.3275301094218,498.87544447228873,482.8076324047851,489.7604370117188,33815100,Q4,test
NVDA,2025-11-18,183.1464291447985,184.5646186262563,179.42116916755387,181.1289978027344,213598900,Q4,test
QQQ,2025-11-18,597.4376601960547,600.1178722930534,589.1878271266753,594.1397094726562,83327300,Q4,test
AAPL,2025-11-19,264.8091896065648,271.47104873805114,264.77927226211665,267.8309631347656,40424500,Q4,test
MSFT,2025-11-19,486.1005596390223,491.1490192137945,478.8898668850605,483.1448669433594,23245300,Q4,test
NVDA,2025-11-19,184.5546024199349,187.62069907956396,182.5971076589588,186.28240966796875,247246400,Q4,test
QQQ,2025-11-19,594.897031094223,603.9539148983285,592.4260762649179,597.6868286132812,73111500,Q4,test
AAPL,2025-11-20,270.0948061865016,274.68232536305425,265.1981613886433,265.5272521972656,45823600,Q4,test
MSFT,2025-11-20,489.6038857855625,490.4584800066478,472.5023882781575,475.4139099121094,26802500,Q4,test
NVDA,2025-11-20,195.70039225393623,195.7503316108911,179.62090987236718,180.40989685058597,343504800,Q4,test
QQQ,2025-11-20,609.3940199569162,611.7952828795123,582.6218174922989,583.5384521484375,117743200,Q4,test
AAPL,2025-11-21,265.2280517805383,272.5879921198442,264.9488130991126,270.75299072265625,59030800,Q4,test
MSFT,2025-11-21,475.4834301610789,475.9007957312625,465.3179114267742,469.1436462402344,31769200,Q4,test
NVDA,2025-11-21,181.00913979899244,184.32490281868388,172.70971237567008,178.6521453857422,346926200,Q4,test
QQQ,2025-11-21,585.3319113971087,594.807310091711,578.6264242609341,587.9224853515625,103344200,Q4,test
AAPL,2025-11-24,270.16459800357205,276.24804478801667,270.16459800357205,275.1709899902344,65585800,Q4,test
MSFT,2025-11-24,472.005536687022,473.8935527687319,465.0695286203208,471.0118408203125,34421000,Q4,test
NVDA,2025-11-24,179.2613745727385,183.26626122561635,176.25519889972114,182.3174743652344,256618300,Q4,test
QQQ,2025-11-24,593.1135933516537,604.4720682054578,592.9939741263881,602.9575805664062,60168100,Q4,test
AAPL,2025-11-25,274.52277261748515,279.6189174225992,274.50283786370125,276.2181701660156,46914200,Q4,test
MSFT,2025-11-25,471.08136597664605,476.1293271988992,461.9592459889855,473.9829406738281,28019800,Q4,test
NVDA,2025-11-25,174.68720886729724,177.9330691207534,169.3340356551,177.593505859375,320600300,Q4,test
QQQ,2025-11-25,601.3136469136847,608.0390815394395,595.1461718391749,606.674072265625,57560900,Q4,test
AAPL,2025-11-26,276.2081750495132,278.7712060098946,275.8790842359358,276.79656982421875,33431400,Q4,test
MSFT,2025-11-26,483.244191691805,485.2315832491155,478.16642081896737,482.4393005371094,25709100,Q4,test
NVDA,2025-11-26,181.39863013804072,182.6769983530976,178.01294919921247,180.03036499023438,183852000,Q4,test
QQQ,2025-11-26,610.2808195033393,613.9474190856081,608.1685399702174,612.034423828125,42393600,Q4,test
AAPL,2025-11-28,276.50736791500816,278.242634823177,275.2407959413455,278.0930480957031,20135600,Q4,test
MSFT,2025-11-28,484.5260924315005,489.5243812398697,483.5820692635899,488.9082946777344,14386700,Q4,test
NVDA,2025-11-28,178.7819702942556,179.0616124091028,176.27517303639212,176.7745361328125,121332800,Q4,test
QQQ,2025-11-28,613.8676901015607,617.06602939224,613.1801988825557,616.9962768554688,23034400,Q4,test
AAPL,2025-12-01,277.2553332443013,282.65065109438723,275.3904143522869,282.3315124511719,46587700,Q4,test
MSFT,2025-12-01,485.3607732415945,486.7718042788117,481.5946577130528,483.6714782714844,23964000,Q4,test
NVDA,2025-12-01,174.5373804488289,180.07033197943204,173.45875435362808,179.69081115722656,188131000,Q4,test
QQQ,2025-12-01,611.3967336448243,617.1855860502521,610.2907880213397,614.923828125,40957600,Q4,test
AAPL,2025-12-02,282.231773534172,286.619823290159,281.86278279875575,285.4131164550781,53669500,Q4,test
MSFT,2025-12-02,483.6516286444489,490.38888506208144,483.2541563831954,486.9109497070313,19562700,Q4,test
NVDA,2025-12-02,181.5284722516508,185.4235136530611,179.7707195907086,181.22886657714844,182632200,Q4,test
QQQ,2025-12-02,617.2055331651553,621.4798980663827,615.3423437866954,619.7362670898438,54541800,Q4,test
AAPL,2025-12-03,285.4231155973949,287.8365294074879,282.5309633672564,283.378662109375,43538700,Q4,test
MSFT,2025-12-03,473.3171775583083,481.1872310931236,472.2042431453193,474.7182922363281,34615100,Q4,test
NVDA,2025-12-03,180.849359498178,182.21760964702736,178.88186747602086,179.3612518310547,165138000,Q4,test
QQQ,2025-12-03,617.3649020590889,621.9481361371779,615.7807228836753,621.250732421875,47841600,Q4,test
AAPL,2025-12-04,283.3287830094401,283.95707766942763,277.8337308175164,279.9380187988281,43989100,Q4,test
MSFT,2025-12-04,476.7355071807625,478.2856702042714,473.4861025034468,477.8086853027344,22318200,Q4,test
NVDA,2025-12-04,181.39873533031871,184.29521152983364,179.7407692190929,183.15660095214844,167364900,Q4,test
QQQ,2025-12-04,622.6556605829674,622.665633919662,617.285262025035,620.6729125976562,47067800,Q4,test
AAPL,2025-12-05,279.77845592816414,280.37683325787106,277.2951945750906,278.0232238769531,47265800,Q4,test
MSFT,2025-12-05,479.4780948278929,480.3525519991133,475.86105782216015,480.1140747070313,22608700,Q4,test
NVDA,2025-12-05,183.66598269849337,184.43504894381925,180.6896172324408,182.1877899169922,143971100,Q4,test
QQQ,2025-12-05,622.1076409382764,626.6310962033638,621.440096358939,623.20361328125,53614200,Q4,test
AAPL,2025-12-08,277.374989388386,278.9108174051644,275.4003533668138,277.1356506347656,38211800,Q4,test
MSFT,2025-12-08,481.8331998835391,489.1964595164875,481.32640529111774,487.9245300292969,21965900,Q4,test
NVDA,2025-12-08,182.41751577930148,187.7709870845105,182.17780264974235,185.323974609375,204378100,Q4,test
QQQ,2025-12-08,624.9273247300189,626.5513972974647,619.4273950138578,622.0079956054688,43462400,Q4,test
AAPL,2025-12-09,277.4049018876359,279.26982065807096,276.16827776921565,276.42755126953125,32193300,Q4,test
MSFT,2025-12-09,486.016607703579,489.0175580151932,485.4203841758893,488.9181823730469,14696100,Q4,test
NVDA,2025-12-09,185.33395229946427,185.4937610485011,183.09669077375295,184.7446746826172,144719700,Q4,test
QQQ,2025-12-09,620.7425928652799,623.5921694288306,618.7398984397635,622.775146484375,37156000,Q4,test
AAPL,2025-12-10,276.9960211276047,278.9905919368044,275.68957968235776,278.0232238769531,33038300,Q4,test
MSFT,2025-12-10,480.97857754952304,481.19719183884354,472.084987996716,475.5430603027344,35756200,Q4,test
NVDA,2025-12-10,184.74467463147755,185.2540478736652,181.8182359713298,183.55612182617188,162785400,Q4,test
QQQ,2025-12-10,621.5795410824109,626.920080160108,618.7299643381673,625.3258666992188,55031400,Q4,test
AAPL,2025-12-11,278.34237127554803,278.8310314000742,273.0667227973629,277.2752685546875,33248000,Q4,test
MSFT,2025-12-11,473.6252433732215,482.96597801292137,472.8600781839672,480.422119140625,24669200,Q4,test
NVDA,2025-12-11,180.060377409269,181.09911899111663,176.40483245042134,180.70957946777344,182136600,Q4,test
QQQ,2025-12-11,621.5496792982444,623.5025679748155,615.4718431258982,623.3032836914062,58272800,Q4,test
AAPL,2025-12-12,277.14562382282355,278.4620479370953,276.0685689150702,277.52459716796875,39532900,Q4,test
MSFT,2025-12-12,476.7951206875852,479.40854546431024,473.3370484252935,475.5132446289063,21248100,Q4,test
NVDA,2025-12-12,180.88937065842447,182.59729422559732,174.40727135263347,174.80679321289062,204274900,Q4,test
QQQ,2025-12-12,619.8160122611713,621.2706598008424,609.1349951238292,611.3867797851562,75158700,Q4,test
AAPL,2025-12-15,279.3894873363706,279.3894873363706,272.0993337942639,273.3658752441406,50409100,Q4,test
MSFT,2025-12-15,477.0733729131614,477.6894594742654,469.5411415575728,471.82666015625,23727700,Q4,test
NVDA,2025-12-15,177.72322484137152,178.20263580820242,174.81676632707214,176.07522583007812,164775600,Q4,test
QQQ,2025-12-15,616.1195138735233,616.1693197420918,607.102462393675,608.3179931640625,49538200,Q4,test
AAPL,2025-12-16,272.07941349564567,274.752131096348,271.0522107383373,273.8645324707031,37648600,Q4,test
MSFT,2025-12-16,468.9350114671635,474.8773235577871,467.911505956298,473.38677978515625,20705600,Q4,test
NVDA,2025-12-16,176.04526619844617,178.27256047932946,174.686922405521,177.5034942626953,148588100,Q4,test
QQQ,2025-12-16,606.0462710202155,611.2771638485672,604.7011478051123,609.5235595703125,55152800,Q4,test
AAPL,2025-12-17,274.2634587890498,275.41033087528734,270.9026119684932,271.10205078125,50138700,Q4,test
MSFT,2025-12-17,473.903466892556,476.9739832708393,472.0055042784347,473.1184387207031,24527200,Q4,test
NVDA,2025-12-17,175.88546784627562,175.91543007880583,170.10251312474713,170.73175048828125,222775500,Q4,test
QQQ,2025-12-17,610.8288396926666,611.4167192166101,598.0953825829183,598.224853515625,70654300,Q4,test
AAPL,2025-12-18,272.8672697170699,272.88723490520505,266.22537510199504,271.4511413574219,51630700,Q4,test
MSFT,2025-12-18,475.1753869914404,486.5134594689822,474.8772903878124,480.9288940429688,28573500,Q4,test
NVDA,2025-12-18,174.3173807251694,175.93540231223645,171.6106906687844,173.9278564453125,176096000,Q4,test
QQQ,2025-12-18,607.5806797208244,610.6992932536183,604.7111563372118,606.8931884765625,78875800,Q4,test
AAPL,2025-12-19,271.4112306527045,273.8545921928022,269.1673383776201,272.9271240234375,144632000,Q4,test
MSFT,2025-12-19,484.2875529363844,484.7744844818215,479.4482594182398,482.8566589355469,70836100,Q4,test
NVDA,2025-12-19,176.4547863729682,181.22896236326451,176.12518653595592,180.76953125,324925900,Q4,test
QQQ,2025-12-19,609.722906345813,615.3722541519244,609.6431804668954,614.8043212890625,60369800,Q4,test
AAPL,2025-12-22,272.1192896847017,273.13654030849926,269.7756932559407,270.23443603515625,36571800,Q4,test
MSFT,2025-12-22,483.0554234208069,485.64898536737695,479.6470539215635,481.8630065917969,16963000,Q4,test
NVDA,2025-12-22,183.6959478478248,183.935660967629,182.1278683380167,183.4662322998047,129064400,Q4,test
QQQ,2025-12-22,619.8862552767364,620.1855972768566,616.3147325600856,617.7513427734375,43703100,Q4,test
AAPL,2025-12-23,270.1048034873943,271.7603010837797,268.8282792538215,271.62066650390625,29642000,Q4,test
MSFT,2025-12-23,481.9226163967179,484.7546252629152,481.6841087754749,483.7808227539063,14683600,Q4,test
NVDA,2025-12-23,182.74711840334103,189.099371651584,182.67719635774475,188.97952270507807,174873600,Q4,test
QQQ,2025-12-23,616.7437078609482,620.9437513214359,616.3247143117193,620.6444702148438,41120400,Q4,test
AAPL,2025-12-24,271.60070067851706,274.6823088952694,271.46109654935304,273.06671142578125,17910600,Q4,test
MSFT,2025-12-24,482.61817584356095,486.0762481946253,481.77352833631136,484.94342041015625,5855900,Q4,test
NVDA,2025-12-24,187.71105179508496,188.67987134928,186.3626902843432,188.38023376464844,65528500,Q4,test
QQQ,2025-12-24,620.524833532521,622.8094781897531,620.2554500580117,622.4602661132812,18468700,Q4,test
AAPL,2025-12-26,273.41578359787746,274.6224904749486,272.11929424741834,272.6578369140625,21521800,Q4,test
MSFT,2025-12-26,483.64171061957336,485.04282544173617,482.8964387136479,484.6354064941406,8842200,Q4,test
NVDA,2025-12-26,189.68863982420257,192.45526970950263,187.7709805748158,190.2978973388672,139740300,Q4,test
QQQ,2025-12-26,623.1884327551913,624.0464530908596,621.672054895625,622.4202880859375,28959800,Q4,test
AAPL,2025-12-29,271.9497734782625,273.6152231466168,271.6107000753325,273.0168762207031,23715200,Q4,test
MSFT,2025-12-29,481.8033366009864,485.2713556042012,481.1276307272214,484.02923583984375,10893400,Q4,test
NVDA,2025-12-29,187.4813341773615,188.53004285167208,185.68352392965696,187.9907073974609,120006100,Q4,test
QQQ,2025-12-29,618.6392040742111,621.312944373981,617.2724362589381,619.4074096679688,32458300,Q4,test
AAPL,2025-12-30,272.0694584675055,273.3360001129787,271.54089836280934,272.3387145996094,22139600,Q4,test
MSFT,2025-12-30,482.8666136001516,486.5929730105466,482.43933166580535,484.4068603515625,13944500,Q4,test
NVDA,2025-12-30,188.0106981731968,188.75978454971104,186.70228116711607,187.31153869628903,97687300,Q4,test
QQQ,2025-12-30,618.3798323976478,620.7142858196408,617.7612369489017,617.9707641601562,31226800,Q4,test
AAPL,2025-12-31,272.3187639976345,272.9370761103812,271.0123224859311,271.1220092773437,27293600,Q4,test
MSFT,2025-12-31,484.7645645601486,485.0626915008753,480.25317705215497,480.5711669921875,15601600,Q4,test
NVDA,2025-12-31,189.33906392286715,190.32784810299728,186.26281429981768,186.27279663085935,120100500,Q4,test
QQQ,2025-12-31,618.1903012408169,618.4995685313527,612.6034567489972,612.8628540039062,40746500,Q4,test
