Ticker,Date,Open,High,Low,Close,Volume
AAPL,2021-08-31,148.9001358629917,149.0366872034825,147.56386751356777,148.090576171875,86453100
MSFT,2021-08-31,292.16009628967475,292.2368615601045,289.3576806580345,289.7223815917969,26285300
NVDA,2021-08-31,22.62075868040585,22.62075868040585,22.047640789736928,22.3117733001709,259850000
QQQ,2021-08-31,369.28089840437747,369.3488101474605,367.19432268536974,368.7374267578125,29628200
AAPL,2021-09-01,149.06600170091482,151.163044100905,148.5880643927795,148.75387573242188,80313700
MSFT,2021-09-01,290.6725629329241,292.8991369938273,289.34813475379116,289.6744384765625,18983800
NVDA,2021-09-01,22.411444728207552,22.622751099548815,22.28386320003959,22.36758804321289,201767000
QQQ,2021-09-01,369.79526233368057,371.4159629281201,369.1450214515688,369.34881591796875,28138300
AAPL,2021-09-02,150.08036655286702,150.9094380524186,148.64656965264444,149.86578369140625,71115500
MSFT,2021-09-02,290.0295511305213,291.14280883019796,288.0908835783772,289.0218200683594,16285600
NVDA,2021-09-02,22.4443354699411,22.51909087939799,22.222065406056725,22.322734832763672,187834000
QQQ,2021-09-02,370.69780864908336,371.02777146554007,367.9610216445504,369.17413330078125,25453400
AAPL,2021-09-03,149.97309277453053,150.82167596581917,149.3195957587932,150.4998016357422,57808700
MSFT,2021-09-03,288.8683465578248,290.4135229329207,288.16776428642396,289.0123291015625,14747900
NVDA,2021-09-03,22.2519691858628,22.91080616281464,22.12737809725463,22.768274307250977,280532000
QQQ,2021-09-03,368.0290360927829,370.7075966391146,368.0096369645449,370.3096923828125,24605400
AAPL,2021-09-07,151.15326259436534,153.38685589495006,150.58754556278473,152.83090209960938,82278300
MSFT,2021-09-07,288.8875018649386,288.96426715610795,286.1906707011484,288.0909118652344,17180400
NVDA,2021-09-07,22.758309804466514,22.824093892750362,22.448326313698814,22.58786964416504,198107000
QQQ,2021-09-07,370.41631491144716,371.4838589668425,369.26143038110774,370.8336181640625,23970200
AAPL,2021-09-08,153.1137802396808,153.17230013553674,150.1876663830064,151.2898406982422,74420200
MSFT,2021-09-08,287.706983807336,288.5035443993684,285.4900165884035,288.1196594238281,15046800
NVDA,2021-09-08,22.439353122725205,22.53603592576677,21.905105352001236,22.26592254638672,254434000
QQQ,2021-09-08,370.65893385630363,370.65893385630363,367.28165038780526,369.5428771972656,32949200
AAPL,2021-09-09,151.6604308143289,152.2651560265842,150.1583512521099,150.27540588378906,57305700
MSFT,2021-09-09,288.70516404309024,289.9720110672176,285.03899884685137,285.2789306640625,19927000
NVDA,2021-09-09,22.23901265299159,22.464273188352024,22.058604988452572,22.104454040527344,196856000
QQQ,2021-09-09,369.76613774278206,370.87248014416735,368.0289536026869,368.2715759277344,29399000
AAPL,2021-09-10,151.1825274626448,151.65070144497142,145.03768627305047,145.30104064941406,140893200
MSFT,2021-09-10,286.4018157451152,287.84140660459923,283.48423673576656,283.8009338378906,19633400
NVDA,2021-09-10,22.2748946360381,22.55198511877038,22.197150672313043,22.404470443725586,248376000
QQQ,2021-09-10,369.9796779687276,370.69783063437353,365.146630181552,365.4765930175781,40249400
AAPL,2021-09-13,146.9201475258426,147.69068411470718,145.0864451705449,145.8667449951172,102404300
MSFT,2021-09-13,285.5668027729655,286.5169525710251,282.23654837919304,285.02935791015625,23652900
NVDA,2021-09-13,22.60979183386128,22.888876529423555,21.786493788006073,22.079532623291016,297500000
QQQ,2021-09-13,367.8057176495254,368.2327352961627,363.17649451023095,365.2242126464844,48741800
AAPL,2021-09-14,146.64705797915482,147.34932639599026,143.2917788504928,144.4719696044922,109296300
MSFT,2021-09-14,287.4958964728086,289.25221376514764,286.0947028700539,287.7166442871094,21853400
NVDA,2021-09-14,22.202132041411108,22.336690647857136,22.013751133052175,22.169240951538086,199755000
QQQ,2021-09-14,366.7091621882257,367.43702934088356,363.23482267768145,364.1859130859375,41826600
AAPL,2021-09-15,144.9011324843855,145.75946384011283,142.76506733146184,145.35955810546875,83281300
MSFT,2021-09-15,291.0469559386454,293.0239921430995,289.6649460671842,292.54412841796875,28356300
NVDA,2021-09-15,22.236020817611784,22.293831645548725,21.894142459272885,22.267915725708008,166538000
QQQ,2021-09-15,364.64195049764095,367.24285467894634,362.3515803792951,366.8934631347656,34097900
AAPL,2021-09-16,144.7840715894616,145.30101702156867,143.5941177955223,145.1254425048828,68034100
MSFT,2021-09-16,291.5267848065768,293.01435046119434,288.6476028000496,292.927978515625,19550800
NVDA,2021-09-16,22.11043394136282,22.204126304937887,21.855270869830687,22.169240951538086,156033000
QQQ,2021-09-16,365.56400181317724,367.71848982966424,363.6424514315747,367.1459045410156,35193100
AAPL,2021-09-17,145.15474141357228,145.15474141357228,142.17009319848557,142.46270751953125,129868800
MSFT,2021-09-17,291.9202715592397,292.23696868760265,287.4671227397801,287.7934265136719,41372500
NVDA,2021-09-17,22.22704878803294,22.247979999045086,21.758586993159383,21.828357696533203,294503000
QQQ,2021-09-17,366.6702766200241,366.71878923852006,361.7596031021072,362.7980041503906,60912300
AAPL,2021-09-20,140.25840615619828,141.27278583373996,137.79071777768286,139.41958618164062,123478900
MSFT,2021-09-20,284.3959685720782,286.68973080217256,277.860228217035,282.4477233886719,38278700
NVDA,2021-09-20,21.076824957284188,21.362886747600268,20.594409012672557,21.043933868408203,349440000
QQQ,2021-09-20,357.0113567892473,358.75046688054283,350.66703692248456,355.3014221191406,76203200
AAPL,2021-09-21,140.38516176883357,141.03867353306788,139.2634909051742,139.89747619628906,75834000
MSFT,2021-09-21,283.78175309872546,285.5572543702067,282.22699963878074,282.9275817871094,22364100
NVDA,2021-09-21,21.34693855063017,21.354911802354714,20.881467187077302,21.176498413085938,204688000
QQQ,2021-09-21,357.12797879738775,358.3230148534642,354.6116280954116,355.7386474609375,41927500
AAPL,2021-09-22,140.8923904729101,142.82362160529345,140.160861950327,142.25791931152344,76404300
MSFT,2021-09-22,284.7798868463927,288.12932568723215,282.6492911094491,286.55535888671875,26626300
NVDA,2021-09-22,21.296108496012426,21.888165314452635,21.126664510196306,21.86922836303711,268726000
QQQ,2021-09-22,356.65187839398413,360.51871870143844,355.55400493496865,359.0613708496094,46972900
AAPL,2021-09-23,143.03818581433492,143.45760318499043,142.05306622379317,143.21376037597656,64838200
MSFT,2021-09-23,286.8145429004646,288.78197237941265,285.5476956875188,287.4959411621094,18604600
NVDA,2021-09-23,22.067576479469295,22.46128483770894,21.81839426303045,22.408458709716797,248555000
QQQ,2021-09-23,360.21751377392695,363.4042463619607,359.5762772004437,362.3743896484375,44652000
AAPL,2021-09-24,142.07256662788618,143.83798604484667,141.97502355876833,143.30152893066406,53477900
MSFT,2021-09-24,286.21945226743645,287.72620170617705,284.971789339243,287.2943420410156,14999000
NVDA,2021-09-24,21.997802477816837,22.076544517927047,21.78948654099759,22.008766174316406,217655000
QQQ,2021-09-24,360.1106895280067,363.1322731716639,359.7414899525931,362.7144775390625,36056800
AAPL,2021-09-27,141.88723117083788,142.3651683544505,140.2778748536838,141.78968811035156,74150700
MSFT,2021-09-27,284.21366203503686,284.53035916304015,281.142522901756,282.322998046875,23571700
NVDA,2021-09-27,21.638981339967028,21.7276909027937,21.255242424863432,21.58914566040039,245215000
QQQ,2021-09-27,359.6734544973048,360.6935861132538,357.2736872299661,359.8191833496094,43338100
AAPL,2021-09-28,139.72192610299075,141.18498292082313,138.20034939372246,138.41493225097656,108972300
MSFT,2021-09-28,278.12895381807755,279.0694970956445,271.3628882146194,272.10186767578125,43186200
NVDA,2021-09-28,21.14460514549343,21.34893447038271,20.58344521216512,20.631288528442383,343069000
QQQ,2021-09-28,355.2722726687899,359.77059480277074,349.1319732652067,349.6371765136719,97701600
AAPL,2021-09-29,138.961106448078,140.89233684538155,138.53194083023718,139.31224060058594,74602000
MSFT,2021-09-29,273.6182975889951,275.2210260039281,271.6124707643782,272.5625915527344,26353700
NVDA,2021-09-29,20.87149907318932,20.94824684688675,20.400044932702517,20.44988250732422,218394000
QQQ,2021-09-29,350.9002374139958,353.0376631925343,348.44217849629433,349.06396484375,58076600
AAPL,2021-09-30,140.12188182425004,140.82415053780213,137.80049274984233,138.01507568359375,89056700
MSFT,2021-09-30,274.20362889854306,276.2382457189751,270.27834846883263,270.5662841796875,32343600
NVDA,2021-09-30,20.70006144475727,20.99708693414732,20.620323224212417,20.648231506347656,221009000
QQQ,2021-09-30,350.7059150777573,352.36728337983305,346.945962244198,347.781494140625,61384600
AAPL,2021-10-01,138.40514469326044,139.40002732180153,135.68386603878685,139.1366729736328,94639600
MSFT,2021-10-01,270.75833592609666,278.30180981633697,269.9617749341886,277.4572448730469,30086300
NVDA,2021-10-01,20.68212181172919,20.79076450155357,20.13691029679446,20.674148559570312,240978000
QQQ,2021-10-01,348.40332487128245,350.97796700376824,344.3033180915017,349.9383850097656,56375500
AAPL,2021-10-04,138.26858674850567,138.70751560218017,134.8645515046284,135.71311950683594,98322000
MSFT,2021-10-04,275.82561222271863,276.16152262576014,268.96356808295144,271.7083740234375,31350700
NVDA,2021-10-04,20.43692580745961,20.47480160606298,19.49103082581489,19.667451858520508,345635000
QQQ,2021-10-04,348.3256447001927,348.6559734049248,340.3588255658776,342.5934143066406,76766000
AAPL,2021-10-05,136.0545015739937,138.73677173382114,135.92769858570284,137.6345977783203,80861100
MSFT,2021-10-05,272.61052278816857,278.7047968877301,272.61052278816857,277.130859375,24993000
NVDA,2021-10-05,19.884739402108554,20.580456026751712,19.789052772537165,20.38409996032715,279282000
QQQ,2021-10-05,343.6523598204089,349.4623310874055,343.42891877348393,347.218017578125,47232900
AAPL,2021-10-06,136.03499804431914,138.6489852474294,134.96208396365105,138.502685546875,83221100
MSFT,2021-10-06,274.27090536434855,281.80477159124865,274.0117895006264,281.3056945800781,28002600
NVDA,2021-10-06,20.054183467600772,20.652219202114356,20.014313404708272,20.632286071777344,297202000
QQQ,2021-10-06,344.01182553733474,349.71493870708895,343.10827693175275,349.4429016113281,56806500
AAPL,2021-10-07,139.53660933038944,140.66804355787346,139.2049866756737,139.7609405517578,61732700
MSFT,2021-10-07,283.2922830435044,284.6935059183277,282.08304662293614,282.9755859375,20430500
NVDA,2021-10-07,21.02300615012372,21.252255254335836,20.903399740291803,21.00606346130371,256919000
QQQ,2021-10-07,352.48383820617084,355.29167583028516,351.9494892129102,352.6490173339844,39411200
AAPL,2021-10-08,140.48271316225515,140.62901288949595,139.04891630336158,139.3805389404297,58773200
MSFT,2021-10-08,284.2904075857707,284.6935059183277,281.92948674808355,282.9755859375,17685700
NVDA,2021-10-08,21.03197660701689,21.136632686521562,20.707042768746597,20.762859344482422,151258000
QQQ,2021-10-08,353.72742604039263,353.96062183778866,350.35609379081643,350.8904724121094,41822300
AAPL,2021-10-11,138.76606124094116,141.2434974770439,138.31738395190774,139.29275512695312,64452200
MSFT,2021-10-11,281.12340501267863,285.9700173933724,280.96023844326857,282.3806457519531,19298600
NVDA,2021-10-11,20.507697674953654,20.994100339135553,20.44390594615488,20.627304077148438,163388000
QQQ,2021-10-11,349.35550699695233,352.87259898817007,348.1119043516564,348.1993713378906,34847200
AAPL,2021-10-12,139.70242001460875,139.72193160685052,137.56635459515326,138.0247802734375,73035900
MSFT,2021-10-12,283.44585132765303,283.54182991335233,280.57627613312303,281.0849304199219,17974100
NVDA,2021-10-12,20.759868133383815,20.988119137089015,20.460850231226793,20.603382110595703,162134000
QQQ,2021-10-12,349.64685059679607,350.08403709898795,346.3435352088206,346.9847717285156,43905100
AAPL,2021-10-13,137.76137304172593,137.91742105400974,135.7716083345949,137.4394989013672,78762700
MSFT,2021-10-13,283.03312739677557,285.3076759763524,281.6703020046008,284.3767395019531,23416300
NVDA,2021-10-13,20.849576975737335,20.921341967295426,20.645247602040758,20.870508193969727,180652000
QQQ,2021-10-13,349.28740081060675,350.4338405855879,347.2665286701431,349.7634582519531,40120800
AAPL,2021-10-14,138.61000380183043,140.33641501765865,138.02477512030043,140.2193603515625,69907100
MSFT,2021-10-14,287.1599913093113,291.05648172385895,285.83556297646015,290.55743408203125,27262900
NVDA,2021-10-14,21.218361862587606,21.683833248654274,21.052904524091133,21.674863815307617,243589000
QQQ,2021-10-14,353.34852170552784,356.4186710500105,352.6878645383114,356.2049255371094,43433900
AAPL,2021-10-15,140.22909633879294,141.33125547588753,139.97549034735292,141.27273559570312,67940300
MSFT,2021-10-15,290.1639328949292,292.18897261999524,288.41722227281656,291.9586181640625,25384800
NVDA,2021-10-15,21.738651631224155,21.859256088546132,21.591136975232704,21.790481567382812,226994000
QQQ,2021-10-15,357.41945343905405,358.56589339676304,356.3895965753738,358.4493103027344,40419900
AAPL,2021-10-18,139.91701670031637,143.22352497013978,139.63416555830162,142.940673828125,85589200
MSFT,2021-10-18,291.3443647732367,295.7974833177158,290.49980023328027,294.91455078125,22729300
NVDA,2021-10-18,21.677854960050606,22.218081780697908,21.57319699245635,22.149307250976562,189494000
QQQ,2021-10-18,357.15710508473506,362.2675480418583,356.5547393437458,362.0538024902344,34513500
AAPL,2021-10-19,143.38927699692093,145.49608180607396,142.9406146975332,145.09617614746094,76378900
MSFT,2021-10-19,295.9318739981731,296.8435972219743,294.8473776272357,295.81671142578125,17682100
NVDA,2021-10-19,22.203128841785272,22.305792542429998,21.964912250814812,22.217084884643555,161473000
QQQ,2021-10-19,363.12254656253174,364.8422065438889,362.10241481338824,364.79364013671875,29091000
AAPL,2021-10-20,145.03768735830047,146.0618300447265,144.47197030405582,145.58389282226562,58418800
MSFT,2021-10-20,296.75725195686545,297.2275382211196,293.7820916523756,295.0297546386719,16537100
NVDA,2021-10-20,22.232037672694034,22.359619226163996,21.91009429442329,22.030698776245117,146276000
QQQ,2021-10-20,365.25026030158716,365.8623511829623,362.84076768993475,364.31756591796875,31390300
AAPL,2021-10-21,145.14498028007083,145.95454013073487,144.2281290062348,145.79847717285156,61421000
MSFT,2021-10-21,294.79942529790196,298.49435169218145,294.0220192983192,298.2448425292969,16918100
NVDA,2021-10-21,22.024714435687386,22.63670618326787,22.010760294577082,22.617767333984375,187590000
QQQ,2021-10-21,363.52095646810983,366.7368359491613,363.21977353059697,366.5425109863281,25469300
AAPL,2021-10-22,146.0032792710822,146.48120150945985,144.97913680130506,145.0279083251953,58883400
MSFT,2021-10-22,297.89931136627246,298.5615254647834,295.40401483593905,296.7092590332031,17449300
NVDA,2021-10-22,22.748339913629675,23.054334844956028,22.48719785150225,22.651657104492188,249384000
QQQ,2021-10-22,365.2890716192735,366.2509116189009,361.80115632839295,363.4625244140625,36275800
AAPL,2021-10-25,145.0181647887637,145.69117321411855,143.98427382696465,144.97915649414062,50720600
MSFT,2021-10-25,296.90120994069343,296.9396072317386,294.1180067552253,295.72076416015625,17554500
NVDA,2021-10-25,22.897850050486433,23.27860041757706,22.69551498837549,23.090219497680664,230235000
QQQ,2021-10-25,364.8810801691298,368.096959102957,362.93794947075344,367.1836853027344,32597800
AAPL,2021-10-26,145.6521738906202,147.12497895180522,145.34004798248478,145.64242553710938,60893400
MSFT,2021-10-26,298.4751735047065,299.81878579139044,296.1718339720267,297.6210021972656,28107300
NVDA,2021-10-26,23.9105291901344,25.176375311741033,23.845741281251218,24.636146545410156,485898000
QQQ,2021-10-26,369.4182048651285,371.8276673125815,367.1641667402482,368.3397521972656,47191300
AAPL,2021-10-27,145.68139374679356,146.04227620616098,144.83282585239843,145.1839599609375,56094900
MSFT,2021-10-27,303.27377289207794,312.96702275678115,303.27377289207794,310.155029296875,52588700
NVDA,2021-10-27,24.393941025402942,25.007925176618038,24.202567761764556,24.371015548706055,245990000
QQQ,2021-10-27,368.78666228399317,372.25515675683704,368.52435038471594,369.1947326660156,45760500
AAPL,2021-10-28,146.1301073675776,149.39759166799496,146.03256430303534,148.8123779296875,100077900
MSFT,2021-10-28,311.2683843629812,311.786645375774,308.4179927254557,311.28759765625,26297900
NVDA,2021-10-28,24.79662140845552,24.868386389920456,24.442783111276334,24.85941505432129,234204000
QQQ,2021-10-28,371.0893270341014,373.5473857182244,370.3217822509706,373.2947692871094,38007000
AAPL,2021-10-29,143.5941814336041,146.24719288277356,142.80413296583427,146.1106414794922,124953200
MSFT,2021-10-29,311.0764222231841,318.62947157711153,310.8556743947785,318.2647705078125,34766000
NVDA,2021-10-29,24.91921749719109,25.624901707362692,24.91822131585797,25.483366012573242,292503000
QQQ,2021-10-29,370.22467997203256,375.29625214903933,369.8749306873248,375.1310729980469,37310100
AAPL,2021-11-01,145.3205502265068,146.01305539533712,144.15985619885288,145.29129028320312,74588300
MSFT,2021-11-01,318.01525586042806,318.14002510806927,313.2262255270214,316.10540771484375,27073200
NVDA,2021-11-01,25.565098331318534,25.80929583390009,25.144477876307487,25.742515563964844,265740000
QQQ,2021-11-01,375.5682866192368,376.53985193637055,373.4891522584772,376.4135437011719,30765300
AAPL,2021-11-02,144.9986747309846,147.8370082711022,144.98891149464504,146.32518005371094,69122000
MSFT,2021-11-02,317.00752073679007,320.02107850414706,316.71000761817237,319.7139587402344,26487100
NVDA,2021-11-02,25.737529816984793,26.590728607704555,25.71560052254652,26.314634323120117,294112000
QQQ,2021-11-02,375.80146575410737,378.4635749766438,375.7528993465057,377.98748779296875,25135300
AAPL,2021-11-03,146.68605801297326,148.22714612515688,146.1301042293714,147.75897216796875,54511500
MSFT,2021-11-03,320.4529715980219,321.41269899381626,317.3338575616903,320.5489501953125,21500100
NVDA,2021-11-03,26.582757025267508,26.696384427226477,26.14918053197211,26.5109920501709,239910000
QQQ,2021-11-03,378.4732740352497,382.41782702389656,377.4337216341692,382.00006103515625,33748900
AAPL,2021-11-04,147.8468215465748,148.6758784354682,146.9299699069843,147.24209594726562,60394600
MSFT,2021-11-04,319.4836051186062,322.98660357874707,316.23972246138726,322.890625,23992200
NVDA,2021-11-04,27.139928992611882,31.26239905171974,27.02929203332066,29.703516006469727,1153631000
QQQ,2021-11-04,383.26314430394444,387.8489343530829,382.7190700311504,386.89678955078125,40265300
AAPL,2021-11-05,148.36536141475236,148.6681654176707,146.57782514412813,147.76951599121094,65463900
MSFT,2021-11-05,324.8772526985791,325.1459751338179,320.951972099872,322.5259094238281,22570100
NVDA,2021-11-05,30.088251003295557,31.297282321186877,29.313792339899493,29.654674530029297,851260000
QQQ,2021-11-05,388.6650478197639,389.58801720000713,385.86693460211114,387.2659912109375,43383800
AAPL,2021-11-08,147.8964665160418,148.0527572213007,146.67547332752292,146.948974609375,55020900
MSFT,2021-11-08,323.7159701176598,324.05188049254014,320.9711644072854,323.41845703125,20897000
NVDA,2021-11-08,30.050377560399664,30.998266887418577,29.80916860642571,30.703235626220703,503101000
QQQ,2021-11-08,387.2368408654585,388.25697270785713,386.100096265513,386.7413330078125,29256300
AAPL,2021-11-09,146.71456416967115,147.9160175036458,146.57781350486675,147.31040954589844,56787900
MSFT,2021-11-09,323.5336374688277,325.078813563159,321.0575540639552,322.4203796386719,21307400
NVDA,2021-11-09,32.176401244543264,32.20430952982085,29.865983049867186,30.55671501159668,646746000
QQQ,2021-11-09,387.81003104170816,388.20837639562905,382.71903806443726,384.0792236328125,50490700
AAPL,2021-11-10,146.53876287411308,146.64621090035791,144.4191199061072,144.48748779296875,65187100
MSFT,2021-11-10,321.0960356460347,321.1536169527602,316.6333086434541,317.47784423828125,25500900
NVDA,2021-11-10,29.25996904882886,30.74908123163005,28.683858832683175,29.36263084411621,636206000
QQQ,2021-11-10,381.31027352271906,384.118082109329,376.51073807726664,378.4344482421875,54937400
AAPL,2021-11-11,145.50333134171993,145.96241109507744,144.25302053135974,144.43861389160156,41000000
MSFT,2021-11-11,317.9096735712425,320.3281758647958,317.19948472941286,319.0421447753906,16849800
NVDA,2021-11-11,30.368334246239346,30.489934904320453,29.679594643475284,30.29058837890625,332172000
QQQ,2021-11-11,381.4074750101516,381.5823496839912,379.1437107938653,379.4837646484375,32243000
AAPL,2021-11-12,144.98560270947831,146.90988909643477,144.05765090115398,146.50941467285156,63804000
MSFT,2021-11-12,320.47213819174647,323.64883306583664,320.34736896230555,323.15936279296875,23831000
NVDA,2021-11-12,29.911832261950494,30.579640650645906,29.53307424388538,30.29058837890625,413054000
QQQ,2021-11-12,380.6301585760676,384.01121677531194,379.0368067694047,383.47686767578125,34730600
AAPL,2021-11-15,146.88062009926887,148.35558969382197,145.96243066007273,146.5192108154297,59222800
MSFT,2021-11-15,323.9463532471072,324.27265700662844,320.57770113283607,322.5355529785156,16723000
NVDA,2021-11-15,30.45205524331211,30.54375334062734,29.15132398754459,29.92677879333496,384909000
QQQ,2021-11-15,384.65245709370566,384.9730606264677,380.95079532997596,383.389404296875,33716900
AAPL,2021-11-16,146.46054157578936,147.9745757408434,145.8744590265109,147.49594116210938,59256200
MSFT,2021-11-16,322.1612942198898,326.95035397533974,321.9981569596239,325.8370666503906,20886800
NVDA,2021-11-16,29.661652535322734,30.29058701140295,29.608824510774056,30.104198455810547,264484000
QQQ,2021-11-16,382.66067673603766,386.6149544360584,382.4663814751148,386.1194763183594,27872900
AAPL,2021-11-17,147.49599850722544,151.40317727562876,147.48623592599793,149.92822265625,88807000
MSFT,2021-11-17,325.8850760747881,329.0098960712893,324.9812796361216,326.0581359863281,19053400
NVDA,2021-11-17,30.318494131813672,30.409197952977312,28.70578699749506,29.165279388427734,428508000
QQQ,2021-11-17,386.4400388847189,388.3540234185503,385.36161579881247,386.3234558105469,28703300
AAPL,2021-11-18,150.14313374583702,154.9880275581461,149.49844560723523,154.2065887451172,137827700
MSFT,2021-11-18,325.1543261152059,329.2598774584323,324.1351564442823,328.12530517578125,22463500
NVDA,2021-11-18,32.26111820971524,32.65283033546003,31.218538566380822,31.571380615234375,781711000
QQQ,2021-11-18,388.3637430417237,390.83149714282047,386.14857571447345,390.3262939453125,45721500
AAPL,2021-11-19,153.9916731226482,157.28348128204507,152.89766786630707,156.8243865966797,117305600
MSFT,2021-11-19,329.44260130183307,331.8078416400719,329.01954636756113,329.89447021484375,21963400
NVDA,2021-11-19,32.137524780788404,32.97976178244582,31.800631120790957,32.877098083496094,533867000
QQQ,2021-11-19,391.9585808347099,393.77540319697215,391.1327444019126,392.5026550292969,45191700
AAPL,2021-11-22,157.9281509208038,161.8548695638248,157.26393771700205,157.28347778320312,117467900
MSFT,2021-11-22,331.3462958819071,336.2018030638584,326.4715696014347,326.74078369140625,31031100
NVDA,2021-11-22,33.407363819183516,34.53366864131643,31.795654367226565,31.851470947265625,754335000
QQQ,2021-11-22,394.03774784218194,397.08844748180036,387.83915645266666,387.9460144042969,61715400
AAPL,2021-11-23,157.3811042204667,158.04533214291368,155.36891020179667,157.6643829345703,96041900
MSFT,2021-11-23,324.067875438659,326.3754584116151,320.7123087229874,324.6736145019531,30427600
NVDA,2021-11-23,31.431840673643133,32.25414264484403,30.77898266433961,31.64215087890625,532163000
QQQ,2021-11-23,386.7898566580349,388.8496000494453,381.747459907539,386.17779541015625,70098700
AAPL,2021-11-24,157.01974088138022,158.3774848564214,155.9354982175197,158.18212890625,69463600
MSFT,2021-11-24,323.32755315823283,325.1351461786082,321.0488427828943,324.894775390625,21661300
NVDA,2021-11-24,31.35809177967249,32.74753112029503,30.826834275154358,32.56712341308594,435162000
QQQ,2021-11-24,383.70024480865015,387.70308876680224,381.37821935323643,387.4213562011719,46954400
AAPL,2021-11-26,155.867151508964,156.72672078738918,152.73163368073872,153.1711883544922,76959800
MSFT,2021-11-26,321.4718586551738,324.91395501030433,315.4818087833129,316.9817199707031,24217200
NVDA,2021-11-26,32.49335390329238,32.60299466798655,31.24744493690994,31.399944305419922,283069000
QQQ,2021-11-26,384.84671448351963,386.23607538819647,378.6869940757919,380.07635498046875,51533300
AAPL,2021-11-29,155.67175446958956,157.44952783966656,155.10521179906075,156.52157592773438,88748200
MSFT,2021-11-29,322.0390929755921,325.97155461447386,321.84678465390203,323.66400146484375,28563500
NVDA,2021-11-29,32.26012831114146,33.30270435529742,31.93120595307024,33.266822814941406,454964000
QQQ,2021-11-29,384.63292407598084,389.33529563140667,383.9042502464245,388.3248596191406,54447100
AAPL,2021-11-30,156.277350409369,161.67902255964896,156.20896764318036,161.46412658691406,174048100
MSFT,2021-11-30,322.4045459611877,324.7697863608636,316.3183410190401,317.8567199707031,42885600
NVDA,2021-11-30,33.060498227989086,33.24389825426,31.75976866465923,32.56911087036133,622066000
QQQ,2021-11-30,387.44087411876046,389.7823504423858,380.6107701003991,382.6219177246094,81332700
AAPL,2021-12-01,163.59356203535145,166.34813007275002,160.71202083002768,160.9464569091797,152052500
MSFT,2021-12-01,322.22180934894953,326.21195801552415,316.70290620086416,317.3663024902344,33337600
NVDA,2021-12-01,33.114390390664795,33.184169646455935,31.281179063188567,31.33600616455078,484368000
QQQ,2021-12-01,386.9550697583902,389.09252551727917,375.6460638199846,376.1123962402344,77766500
AAPL,2021-12-02,155.05637149837315,160.38966136948252,154.13818224096923,159.95986938476562,136739200
MSFT,2021-12-02,317.57784067361735,320.6449739601022,315.1741330410827,316.7990417480469,30766000
NVDA,2021-12-02,31.1157068428457,32.375726406688585,30.92730092976172,32.02483367919922,472890000
QQQ,2021-12-02,374.82984957942165,380.6009493514841,373.41137266182295,378.822998046875,84416600
AAPL,2021-12-03,160.21384675586103,161.1320360204304,156.01362719703414,158.0844268798828,118023100
MSFT,2021-12-03,319.20279534885117,319.88546954113923,305.7804982116358,310.5686950683594,41779300
NVDA,2021-12-03,31.899227266863253,32.027822639120906,30.035115336865402,30.596343994140625,544325000
QQQ,2021-12-03,380.1832061761861,381.1839172255173,368.1260775304697,372.2358093261719,105349100
AAPL,2021-12-06,160.47759138079394,163.98429560873123,160.4678287996897,161.48370361328125,107497000
MSFT,2021-12-06,311.4724773249387,314.8376683407075,306.93427569570224,313.6261901855469,30032600
NVDA,2021-12-06,29.78590623666465,30.14576949876079,27.94970768746351,29.942413330078125,658938000
QQQ,2021-12-06,372.7215760878553,376.5786912592903,368.51468201368897,375.218505859375,67588800
AAPL,2021-12-07,165.15641265166715,167.59839885439817,164.43357936996645,167.20767211914062,120405400
MSFT,2021-12-07,318.8662948497607,322.8660390443126,317.38560254163633,322.01995849609375,31021900
NVDA,2021-12-07,30.859506976245633,32.34680875654143,30.554469012712545,32.32487487792969,593053000
QQQ,2021-12-07,381.85426024187535,387.1298520358076,381.81538933285583,386.51776123046875,56005300
AAPL,2021-12-08,168.13567063026588,171.87679598965886,166.7388465074218,171.0172119140625,116998900
MSFT,2021-12-08,322.3949855406202,322.57766972777796,318.05868616462965,322.0680847167969,24761000
NVDA,2021-12-08,31.898226458005908,32.188310380047575,31.322045727763758,31.725770950317383,475551000
QQQ,2021-12-08,386.84813523155293,388.45121190853195,384.9535711997848,388.2471618652344,39204000
AAPL,2021-12-09,170.85120731256126,172.64850643323703,169.88417495185135,170.5093231201172,108923700
MSFT,2021-12-09,321.52949874236566,323.52937025532185,319.32769469493525,320.26995849609375,22214200
NVDA,2021-12-09,31.63406386343503,32.10358318046431,30.332176907618503,30.39398193359375,488507000
QQQ,2021-12-09,387.0229891078201,388.8203905916405,382.340037900193,382.53436279296875,49973700
AAPL,2021-12-10,171.14419733842757,175.46162790674452,170.63625994665398,175.28579711914062,115402700
MSFT,2021-12-10,322.0776255201496,329.7887095654795,321.894941380308,329.346435546875,38095700
NVDA,2021-12-10,31.051903118678588,31.206415682530494,29.766962833942674,30.102901458740234,488825000
QQQ,2021-12-10,385.3422284930987,386.9550304656138,382.17491609468055,386.6927185058594,52545800
AAPL,2021-12-13,176.9170250648393,177.90359710458122,171.4567470785072,171.66188049316406,153237000
MSFT,2021-12-13,327.55799800380936,330.5482251781573,326.0196194452533,326.3273010253906,28899400
NVDA,2021-12-13,30.15373687601913,30.198595232835125,28.027453044551194,28.072311401367188,598344000
QQQ,2021-12-13,386.6829763172521,387.0035798094843,380.73700162639506,381.106201171875,50166400
AAPL,2021-12-14,171.1832561903654,173.6154801461527,168.21380712036787,170.28460693359375,139380400
MSFT,2021-12-14,320.3853706539691,321.75068944249216,311.6262451506804,315.6933288574219,44438700
NVDA,2021-12-14,27.61176761656936,28.58768456683166,27.16418223461943,28.247758865356445,667035000
QQQ,2021-12-14,376.28728003763007,378.9979558954656,372.72165150529594,377.1617126464844,75199200
AAPL,2021-12-15,171.04649539113694,175.33462289814014,168.31146765189683,175.13926696777344,131063300
MSFT,2021-12-15,315.9528888428843,322.2794628998093,312.00120811857875,321.76025390625,35381100
NVDA,2021-12-15,28.31055963968994,30.403946500307338,27.75032926972712,30.363075256347656,698297000
QQQ,2021-12-15,376.90909348999844,386.11954439644194,372.9645402349824,385.7600402832031,73858000
AAPL,2021-12-16,175.11975249855263,176.93659123544322,166.78769490587976,168.2626495361328,150185800
MSFT,2021-12-16,322.77946305235776,323.7890378493558,310.57824093079836,312.3858337402344,35034800
NVDA,2021-12-16,31.053895348302806,31.061869576386897,28.004528853648427,28.2976016998291,707366000
QQQ,2021-12-16,386.7218756836491,387.1493668046247,374.2566757853387,375.84033203125,82591400
AAPL,2021-12-17,165.98672717242667,169.44458898529163,165.75230596796482,167.1686553955078,195432700
MSFT,2021-12-17,308.5207023277349,312.405102273891,305.03051397428044,311.3282165527344,47750300
NVDA,2021-12-17,27.896871959169967,28.830921489909592,27.672580135131074,27.713451385498047,713758000
QQQ,2021-12-17,372.43008976290076,378.1234774774166,370.91445036309227,373.9651794433594,80492500
AAPL,2021-12-20,164.37502357405398,166.6216545378973,163.5740596088574,165.8109130859375,107499100
MSFT,2021-12-20,307.72269664260455,310.3667755304143,305.3382370063855,307.5881042480469,28326500
NVDA,2021-12-20,27.219008583039486,28.055365116089646,27.059512623643005,27.631704330444336,461847000
QQQ,2021-12-20,369.24804728232675,371.1255560766206,367.20514837555993,370.33758544921875,65336800
AAPL,2021-12-21,167.57886880713295,169.1808112556796,165.19548774606798,168.97569274902344,91185900
MSFT,2021-12-21,310.8378750297764,315.10686227817746,307.48227910762097,314.6838073730469,24740600
NVDA,2021-12-21,28.284645850680768,29.028296854991318,27.31470852270142,28.98343849182129,524385000
QQQ,2021-12-21,373.6062015583831,378.9371901124146,369.8609215154893,378.6258850097656,48899500
AAPL,2021-12-22,169.02455200604697,171.7791202742142,168.15520530032774,171.56422424316406,92135300
MSFT,2021-12-22,315.65485969090975,320.7603321144237,313.203089758129,320.36614990234375,24831500
NVDA,2021-12-22,28.800013421604074,29.461921824667396,28.359404087389027,29.307409286499023,395184000
QQQ,2021-12-22,378.33401801404176,383.4412499594031,377.67251700140145,383.2369689941406,37042200
AAPL,2021-12-23,171.76933180091095,172.74612637491737,171.20278915942293,172.18934631347656,68356600
MSFT,2021-12-23,319.9334876096026,323.4333000256045,319.91426851160736,321.79876708984375,19617800
NVDA,2021-12-23,29.661295177874464,29.964338677580162,29.338316106879212,29.54665756225586,343022000
QQQ,2021-12-23,383.58727222666715,387.59522966719413,383.4219117710974,386.1263122558594,29595500
AAPL,2021-12-27,172.98059559497133,176.23332421872217,172.961070429452,176.14541625976562,74919600
MSFT,2021-12-27,322.53907121652355,329.2887004933562,322.5102279009017,329.2598571777344,19947000
NVDA,2021-12-27,29.566596240467327,30.989102457785446,29.54665876702278,30.847549438476562,403686000
QQQ,2021-12-27,387.4200560757079,392.5078430175781,387.39087307820034,392.5078430175781,32820700
AAPL,2021-12-28,175.97930746687297,177.12215528727302,174.38712760111903,175.12948608398438,79144300
MSFT,2021-12-28,329.9329216504245,330.567504020854,327.21193737349995,328.1061096191406,15661500
NVDA,2021-12-28,31.213395052745707,31.231338018752773,29.917487766927692,30.226512908935547,420591000
QQQ,2021-12-28,393.4027971113481,393.57789509151775,389.813140079433,390.68865966796875,33113700
AAPL,2021-12-29,175.16861028282216,176.43844648209003,174.00622210590865,175.2174530029297,62348900
MSFT,2021-12-29,328.1541263644873,331.0385752783578,326.59652864573826,328.77911376953125,15042000
NVDA,2021-12-29,30.17766937777833,30.45180300742928,29.273524079864508,29.906524658203125,343139000
QQQ,2021-12-29,390.82491370262477,392.08954996149595,388.25669093436284,390.6303405761719,32248500
AAPL,2021-12-30,175.30532209148024,176.3798020768136,173.95734081982604,174.06478881835938,59773000
MSFT,2021-12-30,328.7407262620481,329.91373694625986,325.7697466785753,326.25048828125,15994500
NVDA,2021-12-30,29.73306863749012,30.36108570963226,29.44697370362588,29.492828369140625,308864000
QQQ,2021-12-30,390.4163132880544,392.59541944240806,388.8792924991095,389.4629821777344,23850100
AAPL,2021-12-31,173.9573548573712,175.0709001571645,173.14661351296067,173.44943237304688,64062300
MSFT,2021-12-31,325.47161689597885,326.28885396518314,322.91406861710993,323.365966796875,18000800
NVDA,2021-12-31,29.58055069803875,29.935430483532848,29.23863045980728,29.318378448486328,266530000
QQQ,2021-12-31,388.7917829486263,390.1537058784763,386.53486512905016,387.031005859375,34752900
AAPL,2022-01-03,173.70338274431063,178.63619837680892,173.5861721636794,177.786376953125,104487900
MSFT,2022-01-03,322.4333104284771,324.9812343560376,317.07784340008425,321.8564147949219,28865100
NVDA,2022-01-03,29.72110791823675,30.614286167328913,29.691201708964883,30.02614402770996,391547000
QQQ,2022-01-03,388.19832024519195,391.00974454371743,386.0873473183604,390.7568054199219,40575900
AAPL,2022-01-04,178.392045920856,178.69484993569185,174.9634865026278,175.530029296875,99310400
MSFT,2022-01-04,321.93336411107276,322.28913749513237,313.55885476913005,316.3375549316406,32674300
NVDA,2022-01-04,30.18165084016446,30.372049319821922,28.25972307978426,29.1977596282959,527154000
QQQ,2022-01-04,391.3015267055708,391.3404472631714,382.5949296886275,385.6884460449219,58027200
AAPL,2022-01-05,175.44206970266174,175.98907226585013,170.58739959731207,170.86090087890625,94537600
MSFT,2022-01-05,313.30884042531306,313.51077298431005,303.80941290749814,304.1940002441406,40054300
NVDA,2022-01-05,28.857832469761814,29.323362739600288,27.446293309746405,27.51706886291504,498064000
QQQ,2022-01-05,384.00552916746227,385.12428010378204,373.5867825549278,373.8397216796875,75739800
AAPL,2022-01-06,168.6924202141222,171.23209207239668,167.65702034880644,168.0086669921875,96904000
MSFT,2022-01-06,301.0884814026268,306.42473117892956,299.4924156466347,301.7903747558594,39646100
NVDA,2022-01-06,27.552954288101756,28.348441526045892,26.979766244192536,28.08926010131836,454186000
QQQ,2022-01-06,372.020529806364,376.81645685721696,369.7927954770154,373.5769958496094,70814300
AAPL,2022-01-07,168.8780217142409,170.09901499255682,167.06118311991872,168.1747283935547,86709100
MSFT,2022-01-07,302.0499324142328,304.3094237353557,298.14631308588326,301.9441833496094,32720000
NVDA,2022-01-07,28.052379478532124,28.332494693927416,26.971791660779605,27.16119384765625,409939000
QQQ,2022-01-07,373.58676631105357,375.26973173594047,367.7596666339239,369.5301513671875,72652300
AAPL,2022-01-10,165.1564129469489,168.4970482896935,164.26752639043735,168.19424438476562,106765600
MSFT,2022-01-10,297.56939515988586,302.597962334878,292.95428801782003,302.165283203125,44289500
NVDA,2022-01-10,26.497288278632688,27.382492201861595,25.563238883232685,27.313709259033203,594681000
QQQ,2022-01-10,364.6272827725465,370.2890228474581,359.2671102907393,369.7734069824219,91770500
AAPL,2022-01-11,168.32126400156088,171.1148824378415,166.85607200254188,171.0172119140625,76138300
MSFT,2022-01-11,301.3095522143525,304.41512357671206,297.95398587837894,302.8479309082031,29386800
NVDA,2022-01-11,27.236958685916807,27.976622674926933,26.754483567462675,27.729402542114258,404089000
QQQ,2022-01-11,369.043805080659,375.49351597304263,366.9620149157509,375.3281555175781,68295700
AAPL,2022-01-12,172.03304652412405,173.06844633316717,170.76322556870227,171.4567413330078,74805200
MSFT,2022-01-12,307.3572996957186,310.95323691547827,304.8670327735876,306.0111999511719,34372200
NVDA,2022-01-12,27.97861047249407,28.50494756627951,27.52105632637495,27.910825729370117,383413000
QQQ,2022-01-12,377.8962372540875,379.58894000178645,374.5400741286229,376.8164367675781,54576400
AAPL,2022-01-13,171.7009330010287,172.52143678948505,167.80351764880953,168.19424438476562,84505800
MSFT,2022-01-13,308.1264806975711,308.5206922774309,292.2908533568236,293.0600280761719,45366000
NVDA,2022-01-13,28.289627869102336,28.390309630110426,26.41455104320911,26.491310119628906,540171000
QQQ,2022-01-13,378.19784650025264,378.8788226987878,366.4560985140958,367.3899841308594,77994000
AAPL,2022-01-14,167.36399798657283,169.74737940608347,167.11979931497876,169.05386352539062,80440800
MSFT,2022-01-14,292.53120896925554,298.84815945566663,292.0504674590349,298.2520446777344,39846400
NVDA,2022-01-14,26.217180131117058,27.111356726681148,26.127463390407048,26.857158660888672,395832000
QQQ,2022-01-14,364.8704215155353,370.0068369648737,364.66611084234313,369.67608642578125,80121200
AAPL,2022-01-18,167.5300826077829,168.53618013042404,165.47882232581372,165.85977172851562,90956700
MSFT,2022-01-18,292.3581471597959,297.8674260520063,290.1178753051929,290.9928283691406,42333200
NVDA,2022-01-18,26.177300546732358,26.554110383396345,25.688843914417376,25.82142448425293,424270000
QQQ,2022-01-18,363.8684414821431,365.98915188546283,359.71453998380207,360.47332763671875,75450900
AAPL,2022-01-19,166.0550783276264,167.11001826086033,162.08929472408371,162.37255859375,94815000
MSFT,2022-01-19,294.4926786966677,301.8191755170397,291.04095775062984,291.64666748046875,45933900
NVDA,2022-01-19,25.996872119985937,26.459409683048193,24.97310593684919,24.98805809020996,488315000
QQQ,2022-01-19,362.0298017987283,364.5007377255495,356.25133090845486,356.5140075683594,81791500
AAPL,2022-01-20,163.10514273299674,165.74248492301732,160.37011513031928,160.6924591064453,91420500
MSFT,2022-01-20,297.1656180407453,299.64623177263644,289.54106334856164,289.98333740234375,35380700
NVDA,2022-01-20,25.22431303336184,25.49844661807642,24.002172240904777,24.073945999145508,435181000
QQQ,2022-01-20,359.73400638356384,363.7030425438633,351.3484218440726,351.8834533691406,88610700
AAPL,2022-01-21,160.60457194151562,162.470253269675,158.5337720868401,158.64122009277344,122848900
MSFT,2022-01-21,291.03131903917586,292.39660859622313,284.22400232617673,284.6278381347656,57984400
NVDA,2022-01-21,23.43297273498428,24.744828429105826,23.18974164646766,23.300392150878906,718958000
QQQ,2022-01-21,349.6945894956713,352.33088555988303,341.8440376029221,342.12615966796875,143388900
AAPL,2022-01-24,156.30669005524535,158.53378075020058,151.11013516388041,157.8695526123047,162294600
MSFT,2022-01-24,280.94540441346044,285.666261131879,265.4174271692936,284.95477294921875,85731500
NVDA,2022-01-24,22.25967504955575,23.306367476743638,20.82221696787781,23.29839324951172,913982000
QQQ,2022-01-24,336.503361180351,344.35391352228993,325.0631519590181,343.6923828125,198685800
AAPL,2022-01-25,155.29081165334586,158.98309429431202,153.37630245676536,156.07225036621094,115798400
MSFT,2022-01-25,280.29152732225515,283.627874669316,274.18613344698997,277.37823486328125,72848600
NVDA,2022-01-25,22.474999365021613,22.870750425042836,21.93071925859125,22.253698348999023,664616000
QQQ,2022-01-25,337.2427024792045,341.48412280913794,332.38837987086396,335.72509765625,124398400
AAPL,2022-01-26,159.70591419723806,160.575260779249,154.15772812433738,155.9843292236328,108275300
MSFT,2022-01-26,296.1272067657119,296.6175725961171,281.74342604783857,285.28167724609375,90428900
NVDA,2022-01-26,23.166811526105583,23.98123803745793,22.229771275614063,22.700284957885742,755959000
QQQ,2022-01-26,343.3129977401189,347.17503907067993,331.51285522302607,335.1997985839844,146559500
AAPL,2022-01-27,158.68029600296296,160.0380400395087,154.6070638933257,155.52525329589844,121954600
MSFT,2022-01-27,291.0024351218943,295.46370078193985,286.4546101746923,288.2910461425781,53481300
NVDA,2022-01-27,23.49377731200437,23.919432592467135,21.606737447782898,21.87489128112793,573353000
QQQ,2022-01-27,339.89843625241,341.717578860409,330.8026935247298,331.82415771484375,95255700
AAPL,2022-01-28,161.86463986114418,166.39696621279427,159.02216399560837,166.37742614746094,179935700
MSFT,2022-01-28,288.66601248138005,296.5982461549812,283.1086426691968,296.38671875,49743700
NVDA,2022-01-28,21.942676819297425,22.78601318376408,21.22893211104231,22.768070220947266,543774000
QQQ,2022-01-28,333.7016857380433,342.44720335065784,328.7598436579798,342.2331848144531,108167900
AAPL,2022-01-31,166.21138037947398,170.93906288440527,165.576454917367,170.7241668701172,115541600
MSFT,2022-01-31,297.05023502997614,300.34811523788875,294.5695920371354,299.0020446777344,46444500
NVDA,2022-01-31,23.108991809594748,24.43181423649078,22.979402057018028,24.408885955810547,564680000
QQQ,2022-01-31,343.59518904683466,353.76099683287447,341.9608519381852,353.17730712890625,94326400
AAPL,2022-02-01,169.9720379540269,170.78277933201363,168.31148996868112,170.55812072753906,86213900
MSFT,2022-02-01,298.45399507702996,298.6655225486515,293.37736510025144,296.8675537109375,40950400
NVDA,2022-02-01,25.02494549207549,25.065816744698257,23.814767780089298,24.560413360595703,518925000
QQQ,2022-02-01,354.51972302915703,356.2318712803387,349.37360008983933,355.580078125,74433000
AAPL,2022-02-02,170.69487983616585,171.79866265554188,169.30783310188434,171.75958251953125,84914300
MSFT,2022-02-02,297.7040676548464,302.98260138344097,296.98295520702135,301.38653564453125,36636000
NVDA,2022-02-02,25.71276773896164,25.73569411876658,24.475674886992383,25.162506103515625,543419000
QQQ,2022-02-02,359.704782025708,360.0355325270616,354.3835316340809,358.46929931640625,78777100
AAPL,2022-02-03,170.43110878285196,172.15027672857178,168.12587305039293,168.8877716064453,89418100
MSFT,2022-02-03,297.5693697082304,299.2423701113963,288.40643772478234,289.6467590332031,43730000
NVDA,2022-02-03,24.380977535591192,24.998027675942943,23.70511318165473,23.872583389282227,410178000
QQQ,2022-02-03,348.78022424897017,352.0877595673493,342.87528317586026,343.9356384277344,95384800
AAPL,2022-02-04,167.90975737649003,170.27662529840396,166.93171820745542,168.6041717529297,82465400
MSFT,2022-02-04,288.6468494123292,296.9059861831538,288.41610284488047,294.1561584472656,35096500
NVDA,2022-02-04,23.89650713053911,24.55741930721573,23.557577711661764,24.242414474487305,354829000
QQQ,2022-02-04,344.4512625092367,351.5722121816899,342.3986553419763,348.2744140625,86318300
AAPL,2022-02-07,169.0638417050099,170.12990075671365,167.19578341710826,167.89019775390625,77251200
MSFT,2022-02-07,294.3772490807872,295.9829091831595,288.34873217729285,289.3583068847656,28533300
NVDA,2022-02-07,24.29524950581425,25.102698190128145,24.125784779344208,24.650129318237305,376868000
QQQ,2022-02-07,348.8677094298636,351.2316210641107,344.2176975846905,345.4726257324219,58198100
AAPL,2022-02-08,167.9586430232075,171.49915455646115,167.6652283214683,170.99057006835938,74829200
MSFT,2022-02-08,289.6467780186861,293.7907677485287,288.3968617508122,292.82928466796875,32421200
NVDA,2022-02-08,24.28229068862886,25.1505481244359,23.90448448091836,25.028932571411133,410359000
QQQ,2022-02-08,344.33447295829444,350.44369468405654,343.2060142079704,349.3541564941406,64720900
AAPL,2022-02-09,172.18379236064646,172.77060688626915,171.05903840340724,172.4087371826172,71285000
MSFT,2022-02-09,297.9347607103794,299.9154135304483,295.5503014236904,299.22314453125,31284700
NVDA,2022-02-09,25.54131148574977,26.640838580536943,25.27315951224319,26.620901107788086,524282000
QQQ,2022-02-09,353.86799703006915,356.8350441003599,352.27258059296145,356.7572326660156,55766400
AAPL,2022-02-10,170.31571564595043,171.62628436106874,167.78259814649985,168.34007263183594,90865900
MSFT,2022-02-10,292.3292805293152,297.2136009412112,289.1179310391646,290.73321533203125,45386200
NVDA,2022-02-10,25.913138706568642,26.84020840080806,25.519382164128384,25.74267578125,513200000
QQQ,2022-02-10,349.74327756855774,356.52373803272644,346.84433406588846,348.68292236328125,112468500
AAPL,2022-02-11,168.54547473503922,169.27900403758753,164.34967876719554,164.93650817871094,98670700
MSFT,2022-02-11,291.51201390296524,292.56965100167986,282.88751078774607,283.6759338378906,39175600
NVDA,2022-02-11,25.83438755548586,26.06964442204501,23.698136487325115,23.873580932617188,605472000
QQQ,2022-02-11,348.6829650660236,350.2783816942469,336.3964163917307,337.6221618652344,101569100
AAPL,2022-02-14,163.69440078491326,165.85587378073802,162.90219149496014,165.17124938964844,86185500
MSFT,2022-02-14,282.45490783075724,285.3297625384846,280.12813492881736,283.6375427246094,36359500
NVDA,2022-02-14,23.858630725496297,24.79666745710509,23.680193553099095,24.190582275390625,440424000
QQQ,2022-02-14,337.06756867725016,341.4354881578317,334.53829662301456,338.0403747558594,80254400
AAPL,2022-02-15,167.21538330696293,169.15189697697923,166.5111938044669,168.9954071044922,62527400
MSFT,2022-02-15,288.4545460706531,289.2140965718555,285.57969173022536,288.8968200683594,27058300
NVDA,2022-02-15,24.870429246985168,26.461403743864466,24.705949858768733,26.411561965942383,699869000
QQQ,2022-02-15,343.31308852518026,346.678990144254,342.25273317860683,346.4455261230469,55128800
AAPL,2022-02-16,168.07604144255788,169.5333102903167,166.31556790878483,168.7606658935547,61177400
MSFT,2022-02-16,287.4709041609937,289.8795822189875,282.9522217719727,288.55963134765625,29982100
NVDA,2022-02-16,26.176300241357357,26.498282934115505,25.471526148883136,26.427505493164062,732676000
QQQ,2022-02-16,344.19830964180295,347.37937534683465,341.17286680940686,346.3579406738281,58947100
AAPL,2022-02-17,167.274027503072,168.13470669398032,164.77024977354867,165.17124938964844,69589300
MSFT,2022-02-17,285.53430336959343,285.958233038907,279.40664080865434,280.1099853515625,32461600
NVDA,2022-02-17,25.549287576906618,25.70380014996148,24.08890276641559,24.429824829101562,810595000
QQQ,2022-02-17,343.14761274914025,343.84803432565775,335.63754850169113,336.0558776855469,61801400
AAPL,2022-02-18,166.09065524599768,166.79482987221778,162.5403675088088,163.62599182128906,82772700
MSFT,2022-02-18,282.34522991631013,283.12563925409984,275.85144328731116,277.4122619628906,34264000
NVDA,2022-02-18,24.590316828988254,24.907316200447443,23.02725575627355,23.567548751831055,761255000
QQQ,2022-02-18,336.9898283493977,337.37894492539755,329.9175373534109,332.22308349609375,80001500
AAPL,2022-02-22,161.35688974047144,163.02934320107533,158.58903724171788,160.71139526367188,91162800
MSFT,2022-02-22,274.5893178506724,280.8904283246642,274.10758220532034,277.2099609375,41736100
NVDA,2022-02-22,22.962457916801178,23.98821671585555,22.927568291074294,23.31633949279785,633422000
QQQ,2022-02-22,329.2851761441837,334.6842686128457,325.2577737302446,328.8863220214844,85967100
AAPL,2022-02-23,161.904625236065,162.50122982841887,156.24178404281724,156.5547637939453,90009200
MSFT,2022-02-23,279.58007749575995,281.04457259903455,269.86830032930663,270.0320739746094,37811200
NVDA,2022-02-23,23.727044613283795,24.078933611616357,22.230771994916,22.316499710083008,566511000
QQQ,2022-02-23,332.03817840867356,332.8747773875307,320.15048692148855,320.4617919921875,86215400
AAPL,2022-02-24,149.22921086821898,159.27367681919955,148.66194638721413,159.1660919189453,141147500
MSFT,2022-02-24,262.55549170711595,284.37810398388814,261.60163542289047,283.82891845703125,56989700
NVDA,2022-02-24,20.94881900592277,23.72504833875335,20.82421265561137,23.6732120513916,735801000
QQQ,2022-02-24,310.1694970315348,331.7658045821459,309.60528254944063,331.2307434082031,130614100
AAPL,2022-02-25,160.24193771015948,161.4938266826065,157.3371601146723,161.22976684570312,91974200
MSFT,2022-02-25,284.35889947396316,286.7579333141939,280.99636504653614,286.4496154785156,32546700
NVDA,2022-02-25,23.64630285356059,24.14073932913622,23.307373366996057,24.080928802490234,528866000
QQQ,2022-02-25,332.0285103049562,336.57152871228726,328.21512629807074,336.3672180175781,78842100
AAPL,2022-02-28,159.47904685433394,161.78721963459702,158.86287747049465,161.49380493164062,95056600
MSFT,2022-02-28,283.5591880367457,288.212770094987,282.29704319923974,287.87554931640625,34627500
NVDA,2022-02-28,23.916442673962294,24.58732353254716,23.63234037536328,24.308204650878906,477319000
QQQ,2022-02-28,333.1959142882069,339.06193542376275,332.03827235026506,337.3692321777344,77515500
AAPL,2022-03-01,161.08304074169718,162.94132403155473,158.41299811175085,159.61598205566406,83474400
MSFT,2022-03-01,285.5727965486782,289.01239505161357,281.4780448269364,284.17578125,31217800
NVDA,2022-03-01,24.214506278553596,24.300235899548934,23.059155656499062,23.40306854248047,412056000
QQQ,2022-03-01,336.34774671347776,338.61437211753906,329.6840182452462,332.2035827636719,67407000
AAPL,2022-03-02,160.7798480922219,163.6846254319098,159.37146939131958,162.90219116210938,79724800
MSFT,2022-03-02,284.57084383733564,290.4576682481348,282.9715074955346,289.22442626953125,31873000
NVDA,2022-03-02,23.685222229370265,24.336276568768735,23.345238595457605,24.147838592529297,389642000
QQQ,2022-03-02,333.750339065548,339.11051074418504,330.98757301152676,337.77777099609375,70609000
AAPL,2022-03-03,164.77023477279693,165.2005743290728,161.9143626273284,162.5794219970703,76678400
MSFT,2022-03-03,291.82580808856017,292.05703176941057,283.30869674167064,285.11041259765625,27314500
NVDA,2022-03-03,24.189718352855724,24.253528765706868,23.399081570051635,23.643352508544922,365095000
QQQ,2022-03-03,340.4140119353788,340.521036037841,331.09454309415395,332.9526062011719,71089400
AAPL,2022-03-04,160.87764280753723,161.9143617747294,158.54013016070306,159.5866241455078,83737200
MSFT,2022-03-04,283.53992798121607,284.8598787290603,276.68001821827283,279.271728515625,32356500
NVDA,2022-03-04,23.314329501450473,23.609447114971164,22.41501653226553,22.867664337158203,431415000
QQQ,2022-03-04,330.59846912175567,332.0284954824209,325.8122790448653,328.1275329589844,76936300
AAPL,2022-03-07,159.7724565579089,161.39600492959968,155.54732078440395,155.80162048339844,96418800
MSFT,2022-03-07,277.99032843801785,279.10795849514665,268.3556169829133,268.72174072265625,43157200
NVDA,2022-03-07,22.749018838877227,22.964376798114145,21.2664496692882,21.28838348388672,450821000
QQQ,2022-03-07,328.11775851142414,329.27540007745154,315.8214758794869,316.0257568359375,89933800
AAPL,2022-03-08,155.33215089914594,159.302986589477,152.37846913530916,153.98245239257812,131148300
MSFT,2022-03-08,267.6523109324147,273.5872975701551,260.13724667838545,265.7735595703125,48159500
NVDA,2022-03-08,21.24551620790643,22.30634551586361,20.58847910622701,21.449905395507812,557467000
QQQ,2022-03-08,315.23780069650655,324.14870801818853,311.2395819280208,314.5568542480469,116153900
AAPL,2022-03-09,157.9337564869507,159.8213797915154,155.90922322313332,159.37147521972656,91454900
MSFT,2022-03-09,273.0862641319039,279.0212499230222,270.52342735372963,277.96142578125,35204500
NVDA,2022-03-09,22.320299923146024,23.150818288505107,22.18071764381372,22.945432662963867,492742000
QQQ,2022-03-09,322.72839753239333,327.2324941605689,320.14072995348494,325.8802795410156,64723400
AAPL,2022-03-10,156.68188663700346,156.86771648439594,152.5545597614365,155.03878784179688,105342000
MSFT,2022-03-10,272.68158699777644,276.13083008813146,270.33071510240313,275.15771484375,30628000
NVDA,2022-03-10,22.463875524126543,22.72010983636164,21.816808864999828,22.590497970581055,428066000
QQQ,2022-03-10,321.82372966537287,323.46777439300604,317.8254810506982,322.261474609375,69362700
AAPL,2022-03-11,155.43973102802846,155.78205064733166,151.10702542359093,151.33197021484375,96970100
MSFT,2022-03-11,277.44115846333716,278.93455646472097,269.2227503051047,269.8393859863281,27209300
NVDA,2022-03-11,22.9534068346535,23.076041459647897,21.980314929450074,22.034154891967773,367209000
QQQ,2022-03-11,325.2285266941595,325.53983175609693,315.0918745614951,315.5782775878906,66228400
AAPL,2022-03-14,148.1240608517471,150.73542420084024,146.80371664532285,147.31228637695312,108732100
MSFT,2022-03-14,270.0994808190958,274.97464216380376,265.7446020938021,266.3419494628906,30660700
NVDA,2022-03-14,21.80384262804617,22.195671367540292,21.095958926406958,21.266448974609375,385354000
QQQ,2022-03-14,314.34280967569686,317.70871014612084,308.81727868302414,309.5177001953125,79802600
AAPL,2022-03-15,147.58611061794517,152.15356685525754,147.07754097449947,151.68409729003906,92964300
MSFT,2022-03-15,270.1090844059089,277.3062135170462,268.54826618468866,276.6606750488281,34245100
NVDA,2022-03-15,21.453891221892214,22.969363152831257,21.25847601527962,22.904556274414062,491996000
QQQ,2022-03-15,312.1540286427411,320.0045810582813,310.54890450229607,319.226318359375,76471000
AAPL,2022-03-16,153.60106822684398,156.48628104894496,151.06795013405093,156.0852813720703,102300200
MSFT,2022-03-16,278.54913550581284,283.80970925762125,272.8550467725236,283.63629150390625,37826300
NVDA,2022-03-16,23.429984670978083,24.523716417538445,23.102962788581674,24.423017501831055,671422000
QQQ,2022-03-16,323.13700512453204,331.1821006306383,319.4695072428963,331.06536865234375,105243000
AAPL,2022-03-17,155.12682808541686,157.4643416281666,154.168353662837,157.09268188476562,75615400
MSFT,2022-03-17,282.5764817272433,284.81171260660994,278.7996616158856,284.43597412109375,30816600
NVDA,2022-03-17,24.04813783867153,24.767984935801795,23.83477472930563,24.69221305847168,471941000
QQQ,2022-03-17,329.16848355779564,335.13179129960196,327.87466416050165,335.07342529296875,67810000
AAPL,2022-03-18,156.98506332691767,160.86788006337628,156.25153394230247,160.3788604736328,123511700
MSFT,2022-03-18,284.58046582678224,290.00481304770483,282.0369173074508,289.45562744140625,43390600
NVDA,2022-03-18,24.72511591515251,26.489842995481,24.55063805480904,26.374187469482422,730719000
QQQ,2022-03-18,333.41961616057836,342.2235308402903,332.2619743080111,341.9316711425781,85446300
AAPL,2022-03-21,159.9191646814939,162.6968070121453,159.4301451412394,161.74810791015625,95811400
MSFT,2022-03-21,287.9719290179041,289.17626805109586,284.1276588300462,288.2320556640625,28351200
NVDA,2022-03-21,26.428031082315883,27.07110997338283,25.88963892188784,26.654354095458984,591727000
QQQ,2022-03-21,341.0979851574126,343.31872462820326,336.5980383257074,340.9810791015625,73799100
AAPL,2022-03-22,161.8752422072329,165.69937857870127,161.2884277154457,165.11256408691406,81532000
MSFT,2022-03-22,288.8486670583763,293.85872928601555,287.85629285362114,292.95306396484375,27599700
NVDA,2022-03-22,26.647373045195117,27.1568522339767,25.994325666723434,26.444978713989258,547007000
QQQ,2022-03-22,341.47778831063994,348.5491026772083,341.09794028339115,347.6822204589844,63345900
AAPL,2022-03-23,164.30079784879288,168.84867380689857,163.9682532045546,166.4720458984375,98062700
MSFT,2022-03-23,289.5326860173236,292.1533283713497,286.84459363513463,288.5499267578125,25715400
NVDA,2022-03-23,26.048159533733372,26.53271160406256,25.498802493887702,25.557626724243164,502120000
QQQ,2022-03-23,344.8089089212396,348.3640355512725,342.6271087174735,342.685546875,70615500
AAPL,2022-03-24,167.3034064993506,170.31576944635216,166.47208201761543,170.247314453125,90131400
MSFT,2022-03-24,288.2127385462436,293.08789961459325,287.42268524354915,292.9915466308594,24484500
NVDA,2022-03-24,26.088045093021876,28.23562710130492,25.82981594503605,28.066133499145508,877379000
QQQ,2022-03-24,344.6043789419513,350.35105593205935,342.4518273333575,350.3023376464844,53555300
AAPL,2022-03-25,170.06147670026667,171.4307257382337,168.95628752581777,170.88302612304688,80546200
MSFT,2022-03-25,294.0803119983577,294.3404386258809,288.35729097039587,292.5869140625,22566500
NVDA,2022-03-25,27.802915490968033,28.27350932502247,27.18974806430795,27.609493255615234,579016000
QQQ,2022-03-25,350.2437928647377,351.29573893041794,345.7146582511813,350.0100402832031,57584200
AAPL,2022-03-28,168.38901573521346,171.87083307439428,168.22275085370143,171.7436981201172,90371900
MSFT,2022-03-28,293.2131884282858,299.4468485037341,293.2131884282858,299.35052490234375,29578200
NVDA,2022-03-28,27.673304055239864,28.165831710193313,27.12494158890915,28.134923934936523,425494000
QQQ,2022-03-28,350.00039138443765,355.5230355072366,348.7634106520698,355.4256286621094,56833900
AAPL,2022-03-29,172.80975399507543,175.07879724912362,172.46743429498167,175.0299072265625,100589400
MSFT,2022-03-29,302.44322106271255,304.2834544196327,297.7607361570676,303.888427734375,30393400
NVDA,2022-03-29,28.60950676132991,28.85975839254765,27.896636856560235,28.57062339782715,488984000
QQQ,2022-03-29,359.31183941200896,362.1656780545059,356.54565799435034,361.5423278808594,68073000
AAPL,2022-03-30,174.62892784398144,175.66564716075908,172.81954908822692,173.86605834960938,92633200
MSFT,2022-03-30,302.2987874689132,304.4087921284796,300.19839752916613,302.3951110839844,28163600
NVDA,2022-03-30,28.219671024878537,28.411098411151755,27.421056956130638,27.607500076293945,463487000
QQQ,2022-03-30,359.68200152367945,361.33782852557766,356.06843686648347,357.5489196777344,68757700
AAPL,2022-03-31,173.93448350287292,174.1203133341303,170.5700263491638,170.77542114257812,103049300
MSFT,2022-03-31,302.43362184596117,303.6283461991608,296.64317958234875,297.0478210449219,33422100
NVDA,2022-03-31,27.69922486553173,28.1638360522598,27.188751204527012,27.204702377319336,523440000
QQQ,2022-03-31,357.6949804858477,358.0456391088496,352.279493961754,353.1171569824219,67011400
AAPL,2022-04-01,170.208175340956,171.0395147015426,168.1640768197994,170.48202514648438,78751300
MSFT,2022-04-01,298.0690573372068,298.8013048013512,294.37897586444814,298.11724853515625,27110500
NVDA,2022-04-01,27.29343862106805,27.41407840137785,26.188740006342908,26.632413864135742,517235000
QQQ,2022-04-01,353.3801084265365,354.1593035284398,349.26979035656285,352.445068359375,54527800
AAPL,2022-04-04,170.73630961524591,174.57022147286082,170.60915974417932,174.5213165283203,76468400
MSFT,2022-04-04,298.76279420407815,303.59940925877385,298.3966704273003,303.46453857421875,24289600
NVDA,2022-04-04,26.648369216228314,27.475896299662303,26.533712066907064,27.278486251831055,397120000
QQQ,2022-04-04,353.28270198196543,359.7111656148351,353.0197303227817,359.701416015625,45950200
AAPL,2022-04-05,173.6019328264619,174.38436705774205,170.589570736433,171.21551513671875,73401800
MSFT,2022-04-05,301.8266373690895,303.36819729800135,298.550840896908,299.5239562988281,23156700
NVDA,2022-04-05,27.17280089255996,27.237607768198263,25.743073244909805,25.853742599487305,436615000
QQQ,2022-04-05,358.2502217162296,358.96125893501994,350.5750266015486,351.7146301269531,62738700
AAPL,2022-04-06,168.57481703992445,169.81693085468368,166.39379406221198,168.05645751953125,89058800
MSFT,2022-04-06,294.04178495987475,295.7856655216376,285.8715384021488,288.55963134765625,40110400
NVDA,2022-04-06,24.859712215391237,25.224620987328382,23.931486259303167,24.33428192138672,703833000
QQQ,2022-04-06,346.4062655140077,347.5069003465268,341.4485636915753,344.0783996582031,90077100
AAPL,2022-04-07,167.4011755212215,169.55285855113002,166.11994669119974,168.35964965820312,77594700
MSFT,2022-04-07,285.8232966137455,292.5579491702881,285.5246229703635,290.3612365722656,31411200
NVDA,2022-04-07,24.368179386256767,24.64834229932388,23.40804924530621,24.135873794555664,557992000
QQQ,2022-04-07,343.0849038199109,347.0880960702405,339.6271839292701,344.8965759277344,63777400
AAPL,2022-04-08,168.00756384278074,168.00756384278074,165.48422104719532,166.35467529296875,76575500
MSFT,2022-04-08,289.46525511827485,290.1204083993762,285.4572118764955,286.12200927734375,24361900
NVDA,2022-04-08,23.84574022331702,23.851722863847915,22.993288112629596,23.05011749267578,524781000
QQQ,2022-04-08,343.1628781374533,343.9128544106506,339.4421564054095,340.07525634765625,61956100
AAPL,2022-04-11,165.00498773482366,165.31795249524248,161.8654755697351,162.1099853515625,72246700
MSFT,2022-04-11,281.13131042163127,281.9213345739858,274.589331792798,274.83984375,34569300
NVDA,2022-04-11,22.147815823189774,22.253499000395795,21.595465570939584,21.851699829101562,575207000
QQQ,2022-04-11,335.84797458933093,336.7635452464772,331.6889676814274,332.0298767089844,66107400
AAPL,2022-04-12,164.33012199148104,166.13948524268093,162.98042335456353,163.97802734375,79265200
MSFT,2022-04-12,278.6743681898196,280.11957482236716,270.24399616662504,271.75665283203125,30966700
NVDA,2022-04-12,22.469853150059922,22.657292742627583,21.218591274800133,21.439929962158203,662258000
QQQ,2022-04-12,336.77334394794974,338.6531740869484,329.2539936675608,330.6273498535156,72790200
AAPL,2022-04-13,163.7139749230824,167.28381189911025,163.10759541750994,166.65786743164062,70618900
MSFT,2022-04-13,272.4022274692682,278.0385105603026,271.02444128433206,277.11358642578125,21907200
NVDA,2022-04-13,21.663267032253867,22.432966395854017,21.39107965829104,22.136850357055664,516943000
QQQ,2022-04-13,330.9681858074025,338.39987787475087,330.2474287909676,337.34796142578125,61367800
AAPL,2022-04-14,166.87298301618785,167.5087172198714,161.41552446835271,161.6600341796875,75329400
MSFT,2022-04-14,277.56640502923614,277.7783698621316,269.1167734779353,269.6081237792969,28221600
NVDA,2022-04-14,22.437946450799743,22.70913730080681,21.09994582726885,21.19466209411621,569097000
QQQ,2022-04-14,337.4356714950059,337.95189506250176,329.41956693429603,329.63385009765625,73519400
AAPL,2022-04-18,160.32017704396847,162.94132974863555,159.977872292766,161.44493103027344,69023900
MSFT,2022-04-18,268.7217442498862,272.14205510022083,268.17255863306326,270.2729187011719,20778000
NVDA,2022-04-18,21.13684014323295,22.02219313271973,21.016200346382977,21.718103408813477,525701000
QQQ,2022-04-18,328.58191656925595,332.1760118780032,327.062465025245,329.8870849609375,58560600
AAPL,2022-04-19,161.3960167105301,164.13452917950872,160.31039271090148,163.72373962402344,67723800
MSFT,2022-04-19,269.17453350895715,275.7165098517803,268.2399654599824,274.8782653808594,22297700
NVDA,2022-04-19,21.655286167385736,22.3063404800413,21.25049567770769,22.13186264038086,512781000
QQQ,2022-04-19,329.2441815884501,337.8349460281546,328.221484275128,337.2602844238281,56515700
AAPL,2022-04-20,165.0538631380032,165.1712379709988,162.45229063171516,163.55746459960938,67929800
MSFT,2022-04-20,278.8285886738467,279.11764770587973,274.94580050630236,275.8996276855469,22906700
NVDA,2022-04-20,22.449913552276662,22.602457585796717,21.1368379554735,21.417997360229492,468974000
QQQ,2022-04-20,338.068698508038,338.5264838163348,331.1240112611551,332.3415222167969,65500000
AAPL,2022-04-21,165.2006123983915,167.76307044383682,162.26649466439048,162.76528930664062,87227800
MSFT,2022-04-21,278.0384980731543,282.5860831842899,269.82973426697856,270.5523376464844,29454600
NVDA,2022-04-21,21.6443221623934,22.325287868143974,19.940414139309308,20.12286949157715,656209000
QQQ,2022-04-21,336.2180920752476,338.82842846347995,324.5397363520494,325.46502685546875,75801000
AAPL,2022-04-22,162.80440987833427,164.18343379206294,157.95332893712188,158.23695373535156,84882400
MSFT,2022-04-22,271.39056854763874,272.8550636325426,263.393769113378,264.02001953125,29405800
NVDA,2022-04-22,20.24251007228569,20.424965416989473,19.441902979823055,19.456857681274414,624713000
QQQ,2022-04-22,325.6208967999029,326.83840786440084,316.51390809257975,316.9424743652344,82562100
AAPL,2022-04-25,157.5816658069576,159.58664908398902,154.98009296481885,159.3030242919922,96046400
MSFT,2022-04-25,263.3070532274066,270.8413756866367,260.87908697872507,270.46563720703125,35678900
NVDA,2022-04-25,19.14478957941765,19.8855759292998,19.039106397949094,19.84270477294922,641566000
QQQ,2022-04-25,315.31589645643817,321.32551442948113,314.0496671138111,321.0138244628906,101755900
AAPL,2022-04-26,158.6868628689345,158.7748828167284,153.2783071958642,153.35655212402344,95623200
MSFT,2022-04-26,267.3632197682349,268.1917907684052,260.13718680152584,260.3491516113281,46518400
NVDA,2022-04-26,19.659250704582643,19.729041835581757,18.61437288191269,18.73202133178711,653143000
QQQ,2022-04-26,318.95871630604034,319.1437803869639,308.6244657518132,308.897216796875,105819600
AAPL,2022-04-27,152.48609759207858,156.2808795981602,151.967738002025,153.13160705566406,88063200
MSFT,2022-04-27,271.7952151207864,280.34119944845656,268.96260761022705,272.8742980957031,63477700
NVDA,2022-04-27,18.542587544483734,19.10989247416375,18.23550655747405,18.36013412475586,499460000
QQQ,2022-04-27,308.9945743408159,314.4879988119312,306.81280391367983,308.5270690917969,111204200
AAPL,2022-04-28,155.7527344180899,160.9070049099631,155.43975472715812,160.04632568359375,130216800
MSFT,2022-04-28,274.7722962798131,280.3508015911793,271.1785388721603,279.05010986328125,33646600
NVDA,2022-04-28,18.910486477885513,19.977299987584416,18.43490842453144,19.723058700561523,570327000
QQQ,2022-04-28,313.48478157123293,321.3158217288803,309.2673062384134,319.48468017578125,99450000
AAPL,2022-04-29,158.28585264208988,162.55010393809633,153.79665651995063,154.1878662109375,131747600
MSFT,2022-04-29,278.0674307607547,279.29105809866707,266.3998077256145,267.3825378417969,37073900
NVDA,2022-04-29,19.344191306241132,20.068027989686986,18.461827974802564,18.49173927307129,500435000
QQQ,2022-04-29,315.28674394766375,318.7249947332458,304.47523745955675,305.10833740234375,91977900
AAPL,2022-05-02,153.26855492396695,154.7551640085493,149.9040971322451,154.49110412597656,123055300
MSFT,2022-05-02,267.56553951466765,274.53144585501184,266.12997704590924,274.07861328125,35151100
NVDA,2022-05-02,18.48576074197281,19.515682143130196,18.336208020718836,19.47480583190918,572049000
QQQ,2022-05-02,304.69921802742374,310.4361452229706,301.60187658563825,310.202392578125,115511800
AAPL,2022-05-03,154.67686742533908,157.18065989099466,152.88706912402677,155.9776611328125,88966500
MSFT,2022-05-03,273.58726807497914,273.7510711128351,269.9164452309345,271.4869079589844,25978600
NVDA,2022-05-03,19.342200337321106,19.7659352569291,19.07599562451621,19.543598175048828,475751000
QQQ,2022-05-03,310.2219097961596,312.8225272678492,307.7674174743805,310.5335998535156,78185500
AAPL,2022-05-04,156.1635144371754,162.82395888042848,155.76251479077115,162.3740692138672,108256500
MSFT,2022-05-04,272.2673535703565,280.2545389514792,266.6214258152803,279.3874206542969,33599300
NVDA,2022-05-04,19.863641752299557,20.33921986356432,18.695132726502678,20.27341651916504,648855000
QQQ,2022-05-04,311.0107952993053,321.705424266024,305.7316834384654,321.0333557128906,116083400
AAPL,2022-05-05,160.25171284753384,160.47665766238154,151.5471558846843,153.3271942138672,130525300
MSFT,2022-05-05,275.1095502622621,275.8899595127689,264.3186620189304,267.2187194824219,43260400
NVDA,2022-05-05,19.807809899114023,19.86563575823811,18.444882087815973,18.787857055664062,626331000
QQQ,2022-05-05,316.71844594551925,316.79635356866515,301.57259168354466,304.86474609375,154607400
AAPL,2022-05-06,152.8080631040653,156.16767394547392,151.0156200226824,154.052001953125,116124600
MSFT,2022-05-06,264.7714617150036,269.04927528391744,261.36076616080453,264.69439697265625,37780300
NVDA,2022-05-06,18.680179051563016,19.453866151773262,17.936401353934347,18.619359970092773,633297000
QQQ,2022-05-06,302.8680460761537,306.90042702253174,297.17980856751376,301.21221923828125,139572800
AAPL,2022-05-09,151.75023984870148,152.63177739233632,148.38085428930862,148.93914794921875,131577900
MSFT,2022-05-09,260.19503987214216,262.41101195577926,253.70125314465557,254.9152069091797,47726000
NVDA,2022-05-09,17.98026782674294,18.200608121706267,16.776863370793325,16.899497985839844,644455000
QQQ,2022-05-09,295.59225120251307,301.30967906735975,288.0339321273305,289.4267578125,113387300
AAPL,2022-05-10,152.328132388233,153.52309446613708,149.79127784510368,151.33885192871094,115366700
MSFT,2022-05-10,261.76549132988686,263.7502396394238,255.3873167232384,259.6554870605469,39336400
NVDA,2022-05-10,17.636295630660026,18.1437798648561,16.974274428777502,17.54257583618164,761474000
QQQ,2022-05-10,296.59546557688515,297.81297672621145,288.86183237841306,292.94293212890625,124124600
AAPL,2022-05-11,150.34957266016625,152.25954795565056,142.81739949520818,143.4932403564453,142689800
MSFT,2022-05-11,255.97500607449467,261.44751510704526,249.82805548109343,251.0323944091797,48975900
NVDA,2022-05-11,17.295320682799783,17.700111281920936,16.518642115598364,16.580455780029297,670167000
QQQ,2022-05-11,290.68319437612166,296.18633825965026,283.38787783221585,284.2547302246094,140326100
AAPL,2022-05-12,139.83985189657713,143.19944882474022,135.95132933498297,139.6341552734375,182602000
MSFT,2022-05-12,248.27687299785254,250.38687708360916,240.88705133910193,246.02235412597656,51033800
NVDA,2022-05-12,16.170683436226323,16.737988627732648,15.520626270125627,16.126813888549805,708728000
QQQ,2022-05-12,279.9788571911552,288.0631187959251,277.53408545389686,283.5826721191406,120910900
AAPL,2022-05-13,141.6224448185645,145.06041547307086,140.17282438448345,144.09072875976562,113990900
MSFT,2022-05-13,247.94929795851922,253.4314509690828,246.02235572360212,251.58157348632812,34925100
NVDA,2022-05-13,16.73798356385744,17.874586549641382,16.543564832253985,17.653247833251953,670437000
QQQ,2022-05-13,288.03388809989207,295.12467108754123,286.4364993748133,294.09222412109375,83684900
AAPL,2022-05-16,142.56276758428663,144.4923369438145,141.22087499257742,142.55296325683594,86643800
MSFT,2022-05-16,250.46393914300643,256.10989508341936,246.43663699814542,251.94769287109375,32550900
NVDA,2022-05-16,17.456837299175664,17.73500542241008,17.055038053763205,17.212566375732422,521446000
QQQ,2022-05-16,292.34874379462224,294.40391787849285,289.40724783468886,290.6831970214844,59190400
AAPL,2022-05-17,145.8048723944533,146.69619959644388,143.66960585263107,146.1770782470703,78336300
MSFT,2022-05-17,256.3893090476885,258.5282163055622,252.87264501904795,257.0733947753906,28828800
NVDA,2022-05-17,18.020149031920944,18.31626502100498,17.58146135414091,18.12284278869629,585830000
QQQ,2022-05-17,296.53695364221903,298.59209768325974,292.7382960219003,298.2122497558594,62715300
AAPL,2022-05-18,143.83611196408933,144.33563953601612,137.02873918633358,137.92987060546875,109742900
MSFT,2022-05-18,253.98310507106706,254.56254010236933,244.10384241044304,245.36892700195312,31356000
NVDA,2022-05-18,17.6522521071145,18.06402177879582,16.813758061200716,16.887537002563477,545161000
QQQ,2022-05-18,293.7025593968439,294.39409717490724,282.3163965690185,283.5728759765625,79477100
AAPL,2022-05-19,137.00917165386505,138.75263855251626,133.79649006900493,134.53109741210938,136095600
MSFT,2022-05-19,245.19508938818183,248.83585464293373,243.24435524609143,244.46115112304688,32692300
NVDA,2022-05-19,16.886539645818328,17.634305160902688,16.68414342710916,17.072982788085938,621310000
QQQ,2022-05-19,281.77102563484806,286.738476663522,280.10544911695507,282.053466796875,79920700
AAPL,2022-05-20,136.23534285932448,137.81230015984903,129.8883411847853,134.76612854003906,137426100
MSFT,2022-05-20,248.42057161150723,249.6760190694131,237.99085911430905,243.90103149414062,39199300
NVDA,2022-05-20,17.28035996987774,17.358126686206212,15.708058031276178,16.64426040649414,739105000
QQQ,2022-05-20,285.5111693670965,286.1637385375953,272.9269641320652,281.17681884765625,91764200
AAPL,2022-05-23,134.9620011760451,140.31973647724712,134.82487512400195,140.17282104492188,117726300
MSFT,2022-05-23,246.73058943517603,252.53453266305888,244.74120368329199,251.7136688232422,33175400
NVDA,2022-05-23,16.225514794885957,16.86460579941811,16.13079851441161,16.84765625,639889000
QQQ,2022-05-23,282.2191085702212,286.2320209059807,279.82305474608825,285.8521728515625,63648400
AAPL,2022-05-24,137.92003986063096,139.05623582746938,134.51146690573626,137.47927856445312,104132700
MSFT,2022-05-24,249.04828011075938,252.37031292551026,244.80877669553468,250.7189483642578,29043900
NVDA,2022-05-24,16.46081535470086,16.547556066863233,15.732989600282986,16.10587501525879,588550000
QQQ,2022-05-24,280.6411741346291,281.3521815700702,274.913997352395,279.7742919921875,73491100
AAPL,2022-05-25,135.58883984827878,138.8798794260536,135.5006906054065,137.63595581054688,92482700
MSFT,2022-05-25,249.28970863330227,255.50888672812104,248.31432695707377,253.51951599121094,28547900
NVDA,2022-05-25,15.97227052482503,17.060019607721216,15.952329656354774,16.92442512512207,781132000
QQQ,2022-05-25,278.28405253294534,285.76446288510164,278.07951900291783,283.6898193359375,67144500
AAPL,2022-05-26,134.57020484609697,141.37755994588284,134.32533585009304,140.8290557861328,90601500
MSFT,2022-05-26,253.27814016507855,257.95219866287647,252.4669428526963,256.78369140625,25002100
NVDA,2022-05-26,15.988224037593847,18.038098454950646,15.97426580795554,17.79781723022461,996575000
QQQ,2022-05-26,282.89118504350165,293.0988103784084,282.60871410197825,291.55010986328125,59462200
AAPL,2022-05-27,142.4060433122878,146.6079896103765,142.27870662441157,146.56881713867188,90978500
MSFT,2022-05-27,259.27522501006564,263.96858669067194,258.38675406725025,263.87200927734375,26910800
NVDA,2022-05-27,18.1318174179565,18.82474642934616,18.046073205336302,18.754955291748047,738379000
QQQ,2022-05-27,294.6766361236019,301.21222696962036,294.5597598213431,301.0661315917969,66985600
AAPL,2022-05-31,146.01052282850958,147.56788638378129,143.82628016379354,145.7852325439453,103718400
MSFT,2022-05-31,263.1863562668899,265.3495488346776,259.70977573202504,262.5489807128906,37827700
NVDA,2022-05-31,18.923450248875827,19.14279599466487,18.295328116993222,18.616369247436523,664100000
QQQ,2022-05-31,301.03690079620924,303.23814042662764,296.42007896599904,300.2674255371094,60968300
AAPL,2022-06-01,146.8234773391278,148.62572491730577,144.6490389655957,145.6579132080078,74286600
MSFT,2022-06-01,265.7647953206282,268.1694163803511,260.7817020928469,263.0801086425781,25292200
NVDA,2022-06-01,18.668214653926945,18.99623300147652,18.06800706571725,18.265417098999023,544514000
QQQ,2022-06-01,302.40051240627986,304.5238444499757,295.83570262602854,298.04669189453125,65341700
AAPL,2022-06-02,144.7959487531145,148.16534881431244,143.84585577263883,148.10658264160156,72348100
MSFT,2022-06-02,255.38343546239255,265.2337143251771,252.63114082746247,265.1661071777344,44008200
NVDA,2022-06-02,18.237500543404728,19.560546538437922,18.14378074438324,19.533626556396484,648656000
QQQ,2022-06-02,296.92661969357243,306.38423780833415,295.514294896039,306.20892333984375,59291300
AAPL,2022-06-03,143.8850177275583,144.93306421639832,141.49510885340763,142.39622497558594,88570300
MSFT,2022-06-03,261.04245577782234,264.0748154478667,259.2076029156242,260.76239013671875,28059000
NVDA,2022-06-03,19.025145546199308,19.27440066641679,18.46681270771289,18.664222717285156,598779000
QQQ,2022-06-03,300.99794802786283,302.40052312325975,296.9947859978607,298.24151611328125,60914700
AAPL,2022-06-06,144.01238876362018,145.5207905259265,141.9260996131152,143.14065551757812,71598400
MSFT,2022-06-06,262.73246453455715,264.7797759619563,258.0584066884809,259.53594970703125,22400300
NVDA,2022-06-06,19.081977060607624,19.27938709229923,18.508689459205605,18.73002815246582,422406000
QQQ,2022-06-06,302.67323523378644,304.23165526192764,297.6765653234213,299.2349853515625,51785000
AAPL,2022-06-07,141.3873963509184,145.94195473174813,141.14252729935507,145.6579132080078,67808200
MSFT,2022-06-07,257.49836222355793,263.76584558835543,256.8223496712607,263.1574401855469,22860700
NVDA,2022-06-07,18.416963933581936,18.94339066834296,18.133809698571795,18.869611740112305,388914000
QQQ,2022-06-07,295.9136101442326,302.59532594620396,294.8227250478429,301.81610107421875,44900300
AAPL,2022-06-08,145.5305644824367,146.79408210793065,144.4335560047601,144.9232940673828,53950200
MSFT,2022-06-08,262.3945479893219,263.64032922553787,260.36653956255816,261.1391296386719,17372300
NVDA,2022-06-08,18.74695362356912,19.12689931949138,18.4836845843309,18.596372604370117,363252000
QQQ,2022-06-08,301.01743035758443,303.61804712763023,298.7966913157756,299.64410400390625,38342100
AAPL,2022-06-09,144.06133943857793,144.91347882072873,139.60472041542363,139.71246337890625,69473000
MSFT,2022-06-09,258.5992099165968,263.36017868447857,255.5572129915601,255.71173095703125,26439700
NVDA,2022-06-09,18.42983530392258,18.880583584037574,17.991052933850728,17.99803352355957,395574000
QQQ,2022-06-09,297.959125360913,301.0174984578301,291.4527517501581,291.6183166503906,55900500
AAPL,2022-06-10,137.40091085996173,137.87105521943323,134.24699651333503,134.31556701660156,91437900
MSFT,2022-06-10,251.6460754214227,251.6460754214227,243.8720791834992,244.31631469726562,31422800
NVDA,2022-06-10,17.5512700639211,17.64800161515912,16.822293135540402,16.927003860473633,465248000
QQQ,2022-06-10,286.017744711797,287.2060369132065,280.88472784247693,281.332763671875,85963500
AAPL,2022-06-13,130.1429810735186,132.4251621177248,128.74233746263164,129.17330932617188,122207100
MSFT,2022-06-13,236.70648773027727,240.48243824868035,233.24922504255844,233.95419311523438,46135800
NVDA,2022-06-13,15.955703971257755,16.266840472595092,15.562794707707624,15.603681564331055,604153000
QQQ,2022-06-13,272.4789956879142,275.00167522673036,267.3946679306064,268.2518005371094,94442000
AAPL,2022-06-14,130.39766413988795,131.1420606306549,128.7815195311164,130.03524780273438,84784300
MSFT,2022-06-14,235.49933694664017,237.31488645148173,233.2299000655882,236.1077423095703,28651500
NVDA,2022-06-14,15.687448327103725,16.021520910273885,15.369331242158152,15.792158126831055,469680000
QQQ,2022-06-14,270.44334634056844,271.4173553543754,266.2356202670673,268.73883056640625,64697500
AAPL,2022-06-15,131.53387967535357,134.52128569573054,129.44760509851972,132.65048217773438,91533000
MSFT,2022-06-15,239.79671901174797,246.5470730031909,237.9715180249655,243.12843322753906,33111700
NVDA,2022-06-15,16.05043621718236,16.82129668540045,15.88190446378965,16.48124122619629,563936000
QQQ,2022-06-15,272.15764219949926,279.3750236427179,269.4206492177023,275.44976806640625,86051400
AAPL,2022-06-16,129.36921686332983,129.67285209068328,126.39160087860697,127.39067077636719,108123900
MSFT,2022-06-16,237.5466102902709,238.93724247462407,234.68810167633953,236.5712432861328,33169200
NVDA,2022-06-16,15.816088757865616,15.897862458387,15.35835993661818,15.557806015014648,545749000
QQQ,2022-06-16,268.4271234740811,268.8849088704275,262.28112936584387,264.3363037109375,81910300
AAPL,2022-06-17,127.40045357119396,130.3486710219844,127.14578023984714,128.85986328125,134520300
MSFT,2022-06-17,236.3105209841857,241.9116724347951,235.66349352878527,239.1593780517578,43084800
NVDA,2022-06-17,15.604675799839594,15.950715197159008,15.285562074810612,15.836033821105957,630334000
QQQ,2022-06-17,265.1056742683673,269.9854672463517,263.4790964252964,267.5504455566406,82703400
AAPL,2022-06-21,130.68167733148658,134.2469691337133,130.58373870544858,133.08139038085938,81000500
MSFT,2022-06-21,241.67987371090587,246.0159401392919,240.95558733169304,245.0405731201172,29928300
NVDA,2022-06-21,16.429386318006205,16.960909651002094,16.36157379723121,16.52013397216797,483089000
QQQ,2022-06-21,272.02692974453197,276.6135840600137,271.9195970898148,274.30072021484375,51633700
AAPL,2022-06-22,132.0235937967665,134.93263938077834,131.16166488175563,132.57211303710938,73409200
MSFT,2022-06-22,243.254000161548,248.35298995386094,241.7861089374633,244.4514923095703,25939900
NVDA,2022-06-22,16.18107890643938,16.615872682415247,16.135206727012413,16.314708709716797,437135000
QQQ,2022-06-22,271.8024660137112,278.3018394534136,271.2071926784864,273.900634765625,67472900
AAPL,2022-06-23,134.01196741784136,135.74562987459043,132.8463881175349,135.4322052001953,72433800
MSFT,2022-06-23,246.8078492299289,250.47755532769025,244.93435931975776,249.9850311279297,25861400
NVDA,2022-06-23,16.473265177528255,16.539082437023865,15.809109627633456,16.18008041381836,463680000
QQQ,2022-06-23,276.37924669266306,278.82871750635326,273.5491977794671,277.9797058105469,57457800
AAPL,2022-06-24,137.0287064173905,138.99746302987265,136.90138468183136,138.75259399414062,89116800
MSFT,2022-06-24,252.8338959418169,258.79237173531016,252.74698510975713,258.52197265625,33923200
NVDA,2022-06-24,16.454322028084334,17.092549667784507,16.264847484272696,17.078588485717773,472153000
QQQ,2022-06-24,280.80006451551657,287.92401558987484,280.56586254296246,287.5043640136719,58422300
AAPL,2022-06-27,139.7712426067131,140.5450371291734,138.0767530642211,138.75259399414062,70207900
MSFT,2022-06-27,259.01448667805846,259.1013975165965,254.25351742662792,255.80833435058594,24615100
NVDA,2022-06-27,17.264076320904433,17.282026142414455,16.579974519067164,16.822301864624023,427968000
QQQ,2022-06-27,288.8607582467373,289.4267560880805,284.26436735805646,285.3963928222656,54151500
AAPL,2022-06-28,139.21294709984699,140.47646473111445,134.50166930718802,134.61920166015625,67083400
MSFT,2022-06-28,254.92950951957212,257.7590479870569,247.53212753900692,247.6866455078125,27295500
NVDA,2022-06-28,16.853210426478878,17.15437435755345,15.900854507260869,15.937752723693848,461149000
QQQ,2022-06-28,285.9332140355885,288.5192934621976,276.51596567297554,276.7013854980469,61609800
AAPL,2022-06-29,134.63881999394516,137.78293057588337,133.86502534038587,136.3724822998047,66242400
MSFT,2022-06-29,248.75856369685934,252.9884007989355,246.99130319168566,251.3370361328125,20069800
NVDA,2022-06-29,15.770218251263673,15.776201206281394,15.128001145361374,15.498970985412598,482352000
QQQ,2022-06-29,276.56473159358586,278.45794354155225,274.06647805469794,276.955078125,57302700
AAPL,2022-06-30,134.43309207438057,135.5301005021527,131.02451949836083,133.91397094726562,98964500
MSFT,2022-06-30,248.23707094153858,250.6320551562228,244.22935890804,248.0246124267578,31730900
NVDA,2022-06-30,15.318472470620367,15.523902477901675,14.820854376855518,15.117032051086426,686070000
QQQ,2022-06-30,273.97862381270477,277.09168696089944,269.12849346614837,273.51995849609375,79313600
AAPL,2022-07-01,133.24794276909347,136.1863715256026,132.87575195629162,136.07862854003906,71051600
MSFT,2022-07-01,247.5997090497768,250.86380133736168,245.88072261210712,250.68031311035156,22837700
NVDA,2022-07-01,14.857751323588166,15.021296837715987,14.352155016267275,14.482791900634766,577610000
QQQ,2022-07-01,272.2220832289671,275.71572495682835,270.34837814829655,275.32537841796875,56675100
AAPL,2022-07-05,134.94243962271915,138.70362462604172,134.11966825992553,138.65464782714844,73353800
MSFT,2022-07-05,247.3775600381912,253.96374346725312,246.00624649481796,253.83819580078125,22941000
NVDA,2022-07-05,14.13575420188145,14.929549863734284,14.016086557176527,14.922569274902344,651397000
QQQ,2022-07-05,271.5974236177196,280.15588879023824,270.0750517249355,280.0387878417969,61829300
AAPL,2022-07-06,138.44897021265854,141.16210859174285,138.1845074474581,139.9867401123047,74064300
MSFT,2022-07-06,254.70735692498906,258.8019795069243,253.40363564931488,257.0830078125,23824400
NVDA,2022-07-06,14.9684432720513,15.276587784305496,14.748054467101642,15.08811092376709,529066000
QQQ,2022-07-06,280.4193717221738,283.93254878255703,278.7018118745375,281.8343811035156,63194700
AAPL,2022-07-07,140.34911940865916,143.54222096010838,140.33933002838788,143.34632873535156,66253700
MSFT,2022-07-07,256.0304528288306,259.8353737242691,255.93387539808108,259.197998046875,20859900
NVDA,2022-07-07,15.413208995404638,15.900854523259023,15.346394102933195,15.814095497131348,492903000
QQQ,2022-07-07,282.6444776054049,288.56808365550654,282.6444776054049,287.8654479980469,56620100
AAPL,2022-07-08,142.27870461467543,144.5217134378149,142.02404618814074,144.0221710205078,64547800
MSFT,2022-07-08,255.71170926657888,258.9082238859461,254.2631366183598,258.4833068847656,19658800
NVDA,2022-07-08,15.387280900081658,15.99260071355022,15.3463940472355,15.794151306152344,467972000
QQQ,2022-07-08,285.0353208882049,289.5926984461402,284.0984834291946,288.2264709472656,59895500
AAPL,2022-07-11,142.68029721118097,143.63039032716094,140.8290877786715,141.89671325683594,63141600
MSFT,2022-07-11,256.5421992795978,257.3920332460969,253.19116684927542,255.44129943847656,19455200
NVDA,2022-07-11,15.483013354753316,15.484010989302513,14.996364558759826,15.1100492477417,437321000
QQQ,2022-07-11,285.81604417604984,286.0404777553998,281.19037756980873,282.06866455078125,55273900
AAPL,2022-07-12,142.76844044820817,145.40323372369386,142.07302074051665,142.86639404296875,77588800
MSFT,2022-07-12,256.76434994360125,256.8222904951569,243.3988410088484,244.97296142578125,35868500
NVDA,2022-07-12,15.22572805239749,15.388276870570849,14.83581079611465,15.040243148803711,458483000
QQQ,2022-07-12,283.3177929939941,285.2305115091865,277.74549076739095,279.336181640625,55797100
AAPL,2022-07-13,140.0552923046931,143.44427122627144,139.2031379384123,142.5039825439453,71185600
MSFT,2022-07-13,241.61229886642806,244.85710267048802,239.60360939385333,244.05555725097656,29497400
NVDA,2022-07-13,14.549604826352052,15.332431245073302,14.42495091379048,15.122014999389648,521918000
QQQ,2022-07-13,273.8322492499436,281.10254575215123,273.2662215205759,278.76043701171875,73939400
AAPL,2022-07-14,141.1228918514691,145.89293478252006,140.30992504725015,145.42279052734375,78140700
MSFT,2022-07-14,241.9792718550764,246.39258278636146,237.50800563214514,245.36892700195312,25102800
NVDA,2022-07-14,15.066172037556123,15.430161276206992,14.687223985290593,15.32944107055664,456235000
QQQ,2022-07-14,276.16459414754115,280.62437810279306,273.0515309298952,279.755859375,63741800
AAPL,2022-07-15,146.7059412883577,147.76377735798872,145.1583671279135,147.0879364013672,76259900
MSFT,2022-07-15,246.95272643826956,251.44329684800084,246.0352998179171,247.91844177246094,29774100
NVDA,2022-07-15,15.615648276832916,15.73830694346338,15.40224003829484,15.718362808227539,385935000
QQQ,2022-07-15,282.7421043242773,284.93783728464246,281.1318763281155,284.8304748535156,63818100
AAPL,2022-07-18,147.64625063740658,148.4592176926782,143.68915834296686,144.05157470703125,81420900
MSFT,2022-07-18,250.84453005870418,251.89715611893087,244.6156697955208,245.53309631347656,20975000
NVDA,2022-07-18,16.25686691896844,16.850218938777058,15.957698248928537,16.05642318725586,670517000
QQQ,2022-07-18,287.6116464040557,289.01691741139587,281.24891307414424,282.4199523925781,59519600
AAPL,2022-07-19,144.88409097349603,148.1261542059037,143.89482557447934,147.90087890625,82982400
MSFT,2022-07-19,248.74893867803232,250.81558360506327,244.98265483156152,250.63209533691406,25012600
NVDA,2022-07-19,16.440356240924725,17.062629156569145,16.127226415976143,16.944955825805664,702366000
QQQ,2022-07-19,286.0405509143733,291.39815945349034,284.4401210835056,291.1053771972656,55172600
AAPL,2022-07-20,148.01842499581136,150.56506886066487,147.2838179131366,149.89901733398438,64823400
MSFT,2022-07-20,250.98935133409913,255.78895661231545,250.0333028054799,253.27809143066406,22788300
NVDA,2022-07-20,16.900082197018165,17.88335248572077,16.754486493931914,17.757699966430664,760538000
QQQ,2022-07-20,291.52500565321566,296.90209088858387,290.74428281343535,295.7212829589844,67769400
AAPL,2022-07-21,151.32906041419434,152.3771070356204,148.821603940378,152.16162109375,65086600
MSFT,2022-07-21,250.88314483137592,255.80829794667736,248.21776161035194,255.75999450683594,22404700
NVDA,2022-07-21,17.835484504614854,18.093766321144624,17.496425663382336,18.00002670288086,557049000
QQQ,2022-07-21,296.17994578756554,300.0249201186976,293.5255477180764,299.96636962890625,55049400
AAPL,2022-07-22,152.20081233549695,153.0725455912705,150.26145356507448,150.927490234375,66675400
MSFT,2022-07-22,256.1462886118709,256.23319944277154,250.1878423691355,251.43359375,21881300
NVDA,2022-07-22,17.843457714010622,17.91725223020256,17.08955040089698,17.271047592163086,536671000
QQQ,2022-07-22,299.03921292663256,301.1080759178699,292.8814060911661,294.706298828125,57127700
AAPL,2022-07-25,150.84909422530328,151.85795331530994,149.15460492057616,149.81085205078125,53623900
MSFT,2022-07-25,252.05168504603222,252.53454268022003,248.00533571383517,249.95606994628906,21056000
NVDA,2022-07-25,16.971880453577725,17.076591197104143,16.602905897371375,16.97686767578125,480748000
QQQ,2022-07-25,294.7355934056734,295.2040270459721,291.0272572099381,293.0278015136719,40582400
AAPL,2022-07-26,149.13502930916428,149.94799628582763,147.70500253719806,148.48858642578125,55138700
MSFT,2022-07-26,250.95072573000826,250.9700588947091,241.01353801634696,243.26364135742188,39348000
NVDA,2022-07-26,16.84223788619785,16.872155507315675,16.43237655784187,16.487224578857422,397865000
QQQ,2022-07-26,291.32974903463776,291.58348762062855,286.46011245335563,287.27008056640625,50074100
AAPL,2022-07-27,149.4484808165071,154.10099277980115,149.0371026048061,153.5720672607422,78620700
MSFT,2022-07-27,252.20619754450755,260.7913907687193,249.97539768074358,259.52630615234375,45994000
NVDA,2022-07-27,16.984842903526864,17.886341221329417,16.866172897497414,17.740745544433594,569776000
QQQ,2022-07-27,291.82744986147276,301.09831895746373,291.2614222284855,299.4100341796875,69304400
AAPL,2022-07-28,153.75814339733685,154.4046011657363,151.24089776552904,154.1205596923828,81378700
MSFT,2022-07-28,260.5016528744498,268.3142846363358,258.68610373864,266.9333190917969,33459300
NVDA,2022-07-28,17.925235866496404,18.089778068252926,17.39171718778261,17.9342098236084,474646000
QQQ,2022-07-28,299.1954599297295,302.91356549576466,295.4480791144159,302.3377990722656,55139900
AAPL,2022-07-29,157.9307736596815,160.2717215621507,156.22647941293425,159.17469787597656,101786900
MSFT,2022-07-29,268.17914544538223,272.33170936707273,267.1458230211277,271.1148986816406,32152800
NVDA,2022-07-29,17.763679641541707,18.19348605858086,17.64301437349248,18.11271095275879,435460000
QQQ,2022-07-29,303.879687273535,308.7590936927906,302.4548791564084,307.85150146484375,57501000
AAPL,2022-08-01,157.7054219228439,160.23247174092782,157.58788958801776,158.19515991210938,67829400
MSFT,2022-08-01,268.29496636983305,271.6363322420064,266.38283993190936,268.47845458984375,21539600
NVDA,2022-08-01,18.1316566089599,18.793819576388735,17.94018878450944,18.38994026184082,476469000
QQQ,2022-08-01,306.08512341017763,311.1206738276758,304.9921412634084,307.6660461425781,46358800
AAPL,2022-08-02,156.81413161603723,159.07671904499605,156.35377664743476,156.72596740722656,59907000
MSFT,2022-08-02,266.5373945260248,268.3626103956282,263.0415102262708,265.3978576660156,22754200
NVDA,2022-08-02,18.071825862895118,18.885566611126666,18.041908238318054,18.474706649780273,489527000
QQQ,2022-08-02,305.3727520054132,310.86693803333435,304.3187836531633,306.74871826171875,48676500
AAPL,2022-08-03,157.53896009762985,163.17094866506537,157.45081082004532,162.72039794921875,82507500
MSFT,2022-08-03,267.2713577584934,273.7802690088794,267.12647689627147,272.78558349609375,23518900
NVDA,2022-08-03,18.133655821615758,18.915485636087563,18.08678506318179,18.8406925201416,418146000
QQQ,2022-08-03,308.42724130700196,315.922031555984,308.3686908175321,315.102294921875,53735700
AAPL,2022-08-04,162.60282888470158,163.75861850349844,161.05525478751719,162.4069366455078,55474100
MSFT,2022-08-04,272.13850053519735,274.0699307149256,270.5644096945988,273.9250793457031,18098700
NVDA,2022-08-04,18.796816360490926,19.220638962108396,18.708062062276774,19.161802291870117,409652000
QQQ,2022-08-04,315.1803332975884,316.88812529432516,313.0333828747934,316.5758361816406,38973700
AAPL,2022-08-05,160.08234575425365,162.67175374212067,159.87636348602825,162.18133544921875,56697000
MSFT,2022-08-05,269.5793210761695,273.92503832985716,269.1254338730442,273.2104187011719,16774600
NVDA,2022-08-05,18.75792279078178,19.17576338661587,18.614322361680482,18.93642807006836,386068000
QQQ,2022-08-05,311.4914928430166,316.0195656918979,310.7107998702354,313.98974609375,53894000
AAPL,2022-08-08,163.18179581085533,164.59420304327227,161.05338198319762,161.71054077148438,60276900
MSFT,2022-08-08,274.31132650610414,276.1172382628998,269.7435135418717,270.709228515625,18739200
NVDA,2022-08-08,17.45354536402082,18.188504443935763,17.19426496293747,17.743738174438477,981859000
QQQ,2022-08-08,314.9070169086077,318.5958456002332,311.51094058079286,312.9747619628906,43878500
AAPL,2022-08-09,160.87685067478762,162.64235984823435,160.12160217379457,161.7595977783203,63135500
MSFT,2022-08-09,270.0526827966579,273.3747168336782,268.0922521391709,272.6214599609375,23405200
NVDA,2022-08-09,17.204240919850708,17.3987007837384,16.677702739944937,17.038700103759766,668263000
QQQ,2022-08-09,311.0817372464422,311.33547596833984,307.8125580234197,309.4324951171875,39764200
AAPL,2022-08-10,164.46672330332,166.0949161402945,163.70167172283962,165.99684143066406,70170500
MSFT,2022-08-10,278.29016718582943,279.8739248174104,277.1023268586765,279.2462158203125,24687800
NVDA,2022-08-10,17.649004232789324,18.067841567146683,17.26905848827763,18.046899795532227,597422000
QQQ,2022-08-10,316.76126202887053,318.3617214257896,314.29228388628064,318.0689392089844,51459600
AAPL,2022-08-11,166.80107516257124,167.713261012407,164.9669154508603,165.26116943359375,57149200
MSFT,2022-08-11,280.87827114074025,281.2259144656879,276.687070719345,277.1795654296875,20065900
NVDA,2022-08-11,18.080804181955322,18.65520971795895,17.82650909360647,17.89232635498047,509327000
QQQ,2022-08-11,320.39159961995324,322.3921444497628,315.56097508538966,316.26361083984375,45897700
AAPL,2022-08-12,166.56571053244468,168.87066800455992,166.15374591104305,168.80201721191406,68039400
MSFT,2022-08-12,278.58952057102715,281.90191650390625,277.10231096943915,281.90191650390625,22619700
NVDA,2022-08-12,18.109721945226894,18.666177625548745,17.903294316475968,18.657201766967773,478094000
QQQ,2022-08-12,318.31287551508046,322.61651454334356,317.25893707907943,322.4213562011719,40928400
AAPL,2022-08-15,168.2331286414766,170.06728863023804,168.0663881848966,169.87112426757812,54091700
MSFT,2022-08-15,281.02315975011504,284.09412741241835,280.1636589641089,283.4084777832031,18085700
NVDA,2022-08-15,18.649226086629287,19.110943606719005,18.56147037086015,18.97930908203125,457666000
QQQ,2022-08-15,321.4747554105668,325.5246558976248,321.4552187289758,325.0269470214844,38266600
AAPL,2022-08-16,169.46896318920653,170.38114909928223,168.3704308785935,169.71417236328125,56377100
MSFT,2022-08-16,281.97912247538005,283.95885597173196,280.4629722748616,282.6744384765625,18102900
NVDA,2022-08-16,18.867617579479603,19.08900306515244,18.449777011947884,18.826730728149414,451240000
QQQ,2022-08-16,324.05114354482527,326.35423890952364,321.2210937184744,324.2658386230469,41186900
AAPL,2022-08-17,169.45917459589717,172.77439273368478,169.26301023326062,171.20506286621094,79542000
MSFT,2022-08-17,280.4003270281888,283.89397534875775,280.13904101217713,281.9294128417969,18253400
NVDA,2022-08-17,18.47171418656249,18.636256345075683,18.094760535224413,18.28423309326172,446799000
QQQ,2022-08-17,321.13322746982783,323.43629276250306,318.48856802587005,320.56719970703125,47842200
AAPL,2022-08-18,170.4203849105247,171.54834118381174,169.8024529702403,170.81271362304688,62290100
MSFT,2022-08-18,280.8357203997343,282.50027733774294,279.76148592010856,280.8163757324219,17186200
NVDA,2022-08-18,18.25033399183685,18.812771727418596,18.13266064622917,18.721027374267578,415447000
QQQ,2022-08-18,320.51842863638876,322.5189732145217,318.90823058794865,321.3381652832031,41937200
AAPL,2022-08-19,169.71418188591318,170.4105825645676,168.02714147630917,168.23312377929688,70346300
MSFT,2022-08-19,279.58728744368415,279.9260110820991,276.35495606289055,276.9259338378906,20570000
NVDA,2022-08-19,18.35504444387847,18.468729162588712,17.72080548388627,17.79958724975586,441588000
QQQ,2022-08-19,318.3031923010288,318.95701604420105,314.3118118825432,315.072998046875,51770600
AAPL,2022-08-22,166.43816395511286,166.6049043800519,163.9370276482697,164.35879516601562,69026800
MSFT,2022-08-22,272.98716276174565,273.3549182202422,268.28383861490187,268.7967529296875,25061100
NVDA,2022-08-22,17.44157616837466,17.509388691765842,16.91902677104241,16.986839294433594,409593000
QQQ,2022-08-22,310.81817780266437,311.05237977233116,305.96804680393296,306.77801513671875,51098900
AAPL,2022-08-23,163.87819481513557,165.47696339789675,163.4564272588674,164.0253143310547,54147100
MSFT,2022-08-23,267.5289001464844,269.8708743926488,266.52241649828346,267.5289001464844,17527400
NVDA,2022-08-23,16.941964523094743,17.41664650068236,16.923016122259966,17.133432388305664,369986000
QQQ,2022-08-23,306.543737855867,309.3542799275079,305.7727835197443,306.52423095703125,39497100
AAPL,2022-08-24,164.11361274111158,164.88846719098774,163.06411023124903,164.319580078125,53841500
MSFT,2022-08-24,266.5321774149117,268.29351690361904,266.24183017802443,266.8999328613281,18137000
NVDA,2022-08-24,16.96490062655106,17.357810823683003,16.84822587028311,17.174320220947266,522661000
QQQ,2022-08-24,306.04609597851845,309.22747829484655,305.4410543854446,307.412353515625,38057100
AAPL,2022-08-25,165.5456215718219,166.87956011908489,165.1238689631101,166.77166748046875,51218200
MSFT,2022-08-25,268.39027578883355,270.0258011315452,265.67085828538086,269.8612976074219,16583400
NVDA,2022-08-25,16.797364674114142,17.897311489093674,16.786395448843106,17.863405227661133,770691000
QQQ,2022-08-25,309.1884976481489,312.8675896671283,308.1443271611861,312.8480529785156,38098300
AAPL,2022-08-26,167.3013082441995,167.7721056277997,160.42563400937078,160.48448181152344,78961000
MSFT,2022-08-26,270.08381644498274,271.3032096749944,259.34164963640063,259.4480895996094,27549300
NVDA,2022-08-26,17.807561673056387,17.874375614644485,16.192045948797936,16.214982986450195,769127000
QQQ,2022-08-26,312.55524449489485,313.75558914966086,299.93710712291096,300.0249328613281,69047700
AAPL,2022-08-29,158.06181135805244,159.77827539995786,156.7573118566176,158.28741455078125,73314000
MSFT,2022-08-29,257.28042972633637,258.7804542374899,255.34489898479367,256.680419921875,20338500
NVDA,2022-08-29,15.97564717969457,16.29276564803654,15.723347381626995,15.75725269317627,496132000
QQQ,2022-08-29,297.2729504113789,299.81024769280765,295.96527307144606,297.0680236816406,48321900
AAPL,2022-08-30,159.02305667853338,159.44480926961938,154.6975633016655,155.86476135253906,77906200
MSFT,2022-08-30,258.07387544076863,258.44160128944475,252.2575990184028,254.49313354492188,22767100
NVDA,2022-08-30,15.915813141555713,15.994593942634191,15.13996723606161,15.425175666809082,530181000
QQQ,2022-08-30,298.7172280617715,299.33203795561866,291.24197482667506,293.7597351074219,51184500
AAPL,2022-08-31,157.23795081091825,157.50278094726974,154.1286998362425,154.20716857910156,87991100
MSFT,2022-08-31,256.835186498961,258.4997140694314,252.90603313757336,253.04153442382812,24791800
NVDA,2022-08-31,15.341407879469896,15.496976116815032,14.91758433882462,15.052210807800293,573710000
QQQ,2022-08-31,296.6581011353187,297.555924896819,291.9446082866473,292.05194091796875,50044000
AAPL,2022-09-01,153.6382716729597,155.38415993328115,151.70602203096658,154.9329833984375,74229900
MSFT,2022-09-01,250.52530228623345,252.48020634323478,247.17684390348873,252.0059814453125,23263400
NVDA,2022-09-01,14.169659947404499,14.340186988303111,13.233260527452883,13.89841365814209,1178865000
QQQ,2022-09-01,289.5635389594154,292.54973375123365,285.8844766914661,292.17889404296875,57990700
AAPL,2022-09-02,156.6886721974106,157.2869832188541,152.00027368828214,152.8241729736328,76957800
MSFT,2022-09-02,253.26411708214042,256.20610147316614,246.26716536821394,247.805908203125,22855400
NVDA,2022-09-02,14.060963550220945,14.131766129658757,13.55337197606146,13.609217643737793,743157000
QQQ,2022-09-02,295.0478932133879,296.42388916155085,286.4406146175746,288.05084228515625,64666800
AAPL,2022-09-06,153.47153612406976,154.07965015411935,150.74481100262022,151.56871032714844,73714800
MSFT,2022-09-06,247.94142082307454,249.51885306650013,243.81873220604314,245.0865020751953,21328200
NVDA,2022-09-06,13.6929833994128,13.74085083822802,13.314035378216058,13.427720069885254,535751000
QQQ,2022-09-06,288.52902944390166,289.446360123515,283.8545503145779,285.9819641113281,57005400
AAPL,2022-09-07,151.85312983190147,153.6676685648947,150.66631095885003,152.97128295898438,87449600
MSFT,2022-09-07,246.48973931975843,250.4865986759276,245.057451273247,249.7704620361328,24126700
NVDA,2022-09-07,13.529468012385438,13.803788702525829,13.313004492414725,13.680094718933105,512657000
QQQ,2022-09-07,286.46018830853086,292.7546044547529,286.19668131283277,291.75921630859375,49260400
AAPL,2022-09-08,151.6765739248584,153.36361410419434,149.75412756943635,151.50003051757812,84923800
MSFT,2022-09-08,249.20917715444372,252.03503444444726,246.57684037919475,250.1865997314453,20319900
NVDA,2022-09-08,13.425725497360691,13.973368965250524,13.335948799799713,13.955412864685059,624873000
QQQ,2022-09-08,289.6903525885628,294.5892657011136,288.32412480633064,293.2718200683594,55649800
AAPL,2022-09-09,152.49069467763707,154.79566708651402,151.7844910019974,154.35427856445312,68028800
MSFT,2022-09-09,252.10280861891394,256.68034817535016,251.89958621733555,255.93515014648438,22084700
NVDA,2022-09-09,14.122001845912337,14.43821857334682,14.091079295828678,14.351433753967285,486612000
QQQ,2022-09-09,295.5260862300546,300.1810585439501,293.2718030746139,299.683349609375,56125200
AAPL,2022-09-12,156.53170218353472,161.11220709833708,156.24726616785827,160.29811096191406,104956000
MSFT,2022-09-12,257.212644911898,258.8288258614007,256.61263518710047,258.0545959472656,18747700
NVDA,2022-09-12,14.333476599142045,14.511036035425132,14.162898875313989,14.46914005279541,484159000
QQQ,2022-09-12,301.0593360378884,303.57709631157707,300.74704692101136,303.24530029296875,45905700
AAPL,2022-09-13,156.8357744463717,157.46350930410847,150.43091231518306,150.89190673828125,122656600
MSFT,2022-09-13,250.49632403928555,252.00603528741846,243.48002680941664,243.8671417236328,33353300
NVDA,2022-09-13,13.767878093148786,13.887581309355834,13.06661601426547,13.098536491394043,714956000
QQQ,2022-09-13,294.5209158923819,295.7114920734445,285.7282470797957,286.6163024902344,79562200
AAPL,2022-09-14,151.82370097735972,154.08944624806267,150.66632089509483,152.333740234375,87965400
MSFT,2022-09-14,245.3574762961727,246.03490888980133,241.80578027171973,244.08970642089844,23913000
NVDA,2022-09-14,13.221230840390966,13.25714208600549,12.881074316326442,13.095542907714844,588507000
QQQ,2022-09-14,287.75811085001067,289.76842392232237,285.9917680998876,288.89013671875,54907200
AAPL,2022-09-15,151.6863795720259,152.26508456095567,148.47905455230304,149.4500732421875,90481100
MSFT,2022-09-15,241.71864109172554,243.2960878234106,236.15399296543862,237.47015380859375,31530900
NVDA,2022-09-15,12.982823422794079,13.200283922132007,12.758379308646864,12.897035598754883,523625000
QQQ,2022-09-15,286.97740905861184,289.37806861756616,282.4785809670192,284.07904052734375,65299400
AAPL,2022-09-16,148.31230899881908,148.44962552428208,145.5267216779744,147.81207275390625,162278800
MSFT,2022-09-16,236.386307438201,237.39279145182186,234.2572270866671,236.85084533691406,39791800
NVDA,2022-09-16,12.710497048087857,13.179335313818578,12.585806090810705,13.165369987487793,670751000
QQQ,2022-09-16,280.78059431997553,282.73235709718057,278.731237447603,282.3420104980469,79920400
AAPL,2022-09-19,146.4487439883553,151.59813732109004,146.24277663621996,151.51966857910156,81474200
MSFT,2022-09-19,234.65397254260654,237.23790323040416,233.0861980227324,236.6378936767578,26826900
NVDA,2022-09-19,12.97983183509863,13.429717086609914,12.977836924096026,13.348917007446289,569685000
QQQ,2022-09-19,279.7013441584104,284.6970440569441,279.6426884526191,284.5406188964844,52613800
AAPL,2022-09-20,150.46030665039189,155.0506290557297,150.14644676638997,153.8932342529297,107689800
MSFT,2022-09-20,234.2669028613096,235.66047218929285,231.91522600942378,234.6346435546875,26660300
NVDA,2022-09-20,13.182330992088998,13.449668111931604,13.024721595787252,13.143426895141602,524818000
QQQ,2022-09-20,282.0378083355816,284.5601224196741,279.9750135616922,282.2724609375,51271100
AAPL,2022-09-21,154.32483969180942,155.69802002410492,150.6565200858437,150.7742156982422,101696800
MSFT,2022-09-21,236.39593765111695,239.67666009077757,231.19903006597912,231.24742126464844,28625600
NVDA,2022-09-21,13.18033355166007,13.996311035255735,13.077587561187178,13.228214263916016,807679000
QQQ,2022-09-21,283.11330785148755,287.37581184198143,277.0813167842155,277.2181701660156,82931000
AAPL,2022-09-22,149.45988650515864,151.50983141556574,148.0180554999838,149.81298828125,86652500
MSFT,2022-09-22,230.20225587391255,235.99917354124665,229.91193818738796,233.21200561523438,31061200
NVDA,2022-09-22,13.03768878499316,13.116493957539719,12.397276654319372,12.529947280883789,759162000
QQQ,2022-09-22,275.6930108460692,276.6999734866087,272.58413937353527,273.8061828613281,62757100
AAPL,2022-09-23,148.29271727039426,148.5673503753869,145.71311171309017,147.54727172851562,96029900
MSFT,2022-09-23,231.8184307644762,233.35718839815166,227.61833404254136,230.2506561279297,34176000
NVDA,2022-09-23,12.389295442898492,12.579823238873681,12.22669830375946,12.485057830810547,663309000
QQQ,2022-09-23,271.34259005966226,271.6358984690643,265.93626954877664,269.3482360839844,74815200
AAPL,2022-09-26,146.7920383807957,150.82327820825114,146.77241745430226,147.88076782226562,93339400
MSFT,2022-09-26,229.40869154061323,233.6668515472966,229.26351793341072,229.79579162597656,27694200
NVDA,2022-09-26,12.460120427776888,12.62770532564667,12.183804789833953,12.197770118713379,547343000
QQQ,2022-09-26,268.8789156867109,273.2391588301352,267.4417912419773,268.2336730957031,71176700
AAPL,2022-09-27,149.81302224747262,151.75507497309587,147.07647912072952,148.85179138183594,84442700
MSFT,2022-09-27,232.24421970145121,234.0055589313427,226.94087211261905,228.789306640625,27018700
NVDA,2022-09-27,12.47607929062904,12.70451323216134,12.227695289178223,12.382311820983887,553854000
QQQ,2022-09-27,271.5967278751962,273.94304548411566,266.0241974483463,268.3412170410156,69780100
AAPL,2022-09-28,144.81072915722658,147.75323924438212,142.06438341593866,146.96856689453125,146691400
MSFT,2022-09-28,229.1764446378298,234.51851197700628,227.16349151340208,233.29913330078125,29029700
NVDA,2022-09-28,12.37932021781137,12.791299318139588,12.323458902869692,12.704514503479004,542414000
QQQ,2022-09-28,268.3215980019203,274.9597456370678,266.84538996650616,273.6790466308594,79652100
AAPL,2022-09-29,143.30025780798485,143.9083718149734,137.98410935439225,139.74961853027344,128138200
MSFT,2022-09-29,231.18938529349765,232.21521385312766,226.853802133828,229.8441925048828,27484200
NVDA,2022-09-29,12.417225794477423,12.469097284845578,11.916466992118151,12.189789772033691,532763000
QQQ,2022-09-29,269.69036575980726,270.0716577150531,262.8273790808432,265.78961181640625,81216000
AAPL,2022-09-30,138.5725835278908,140.35771319334796,135.35544091221504,135.55160522460938,124925300
MSFT,2022-09-30,230.608739886535,232.78621136819163,225.2279682767935,225.39248657226562,35694800
NVDA,2022-09-30,12.057117275528151,12.601767882452046,12.045146859340639,12.108988761901855,565638000
QQQ,2022-09-30,264.9683877032516,269.0353524973825,261.12628967839305,261.28271484375,78482400
AAPL,2022-10-03,135.56147592361143,140.32834390512355,135.05143653979655,139.72021484375,114311700
MSFT,2022-10-03,227.82157728205974,233.82171772604818,227.09575348399042,232.97976684570312,28880400
NVDA,2022-10-03,12.316476553047927,12.646658600455845,12.075074233627726,12.48106861114502,547478000
QQQ,2022-10-03,263.0521722036864,269.00596386306034,261.5466064329693,267.41241455078125,61267400
AAPL,2022-10-04,142.25071445031105,143.41791226395273,141.49546616506458,143.3002166748047,87830100
MSFT,2022-10-04,237.1895532288344,242.2896796214913,237.08309847338114,240.85739135742188,34888400
NVDA,2022-10-04,12.847159012438114,13.187316515119232,12.847159012438114,13.13444709777832,584182000
QQQ,2022-10-04,272.7504019516992,276.52408888205673,272.7504019516992,275.8201904296875,66696900
AAPL,2022-10-05,141.30916116839794,144.55572849466822,140.26946161653336,143.59449768066406,79471000
MSFT,2022-10-05,238.0605054835281,242.50254306214893,236.23143031780648,241.16702270507812,20347100
NVDA,2022-10-05,12.87908032737509,13.2880665303076,12.58979733374113,13.176342964172363,507131000
QQQ,2022-10-05,272.05623146486425,277.4625511231233,269.2602100468539,275.6734924316406,55766300
AAPL,2022-10-06,143.0158044200555,144.7126478104947,142.43711432828448,142.64308166503906,68402200
MSFT,2022-10-06,239.9379683013216,242.27028548507374,238.1476119193884,238.834716796875,20239900
NVDA,2022-10-06,13.187315633969387,13.622237554535424,13.070604321982783,13.097537994384766,644157000
QQQ,2022-10-06,274.67631791285686,277.8243037680566,273.18053757441095,273.503173828125,53489400
AAPL,2022-10-07,139.80842665549343,140.35770766147775,136.77764549427565,137.40538024902344,85925600
MSFT,2022-10-07,233.13458913635256,233.54106344265196,225.65376961113512,226.6892852783203,37769600
NVDA,2022-10-07,12.474083761565735,12.638675790831929,11.992278089651654,12.046144485473633,672478000
QQQ,2022-10-07,268.86903098137174,268.99612824070186,261.75185297422036,263.0814514160156,71354700
AAPL,2022-10-10,137.72909545898438,139.1709266873786,135.91455644051044,137.72909545898438,74899000
MSFT,2022-10-10,225.5376480865996,226.99896799750226,219.42136587622,221.86013793945312,29743600
NVDA,2022-10-10,12.007242834813725,12.094027654115829,11.379798085400415,11.64115047454834,698699000
QQQ,2022-10-10,263.2770705805112,263.66814841441,257.74368321845105,260.45172119140625,60393000
AAPL,2022-10-11,137.21904887976436,138.64127407342733,135.57125040118655,136.31668090820312,77033700
MSFT,2022-10-11,220.28265795591057,221.67624187674608,216.8858082240652,218.14390563964844,30474000
NVDA,2022-10-11,11.532417118510912,11.816712348676244,11.255104551505667,11.557355880737305,667482000
QQQ,2022-10-11,258.7799963749924,261.6444597639264,255.19206279838772,256.87359619140625,66522500
AAPL,2022-10-12,136.46381898254117,137.67024396939837,135.51240615749046,135.68894958496094,70433700
MSFT,2022-10-12,218.13423774935973,220.5149462849339,216.74066847271945,218.47296142578125,21903900
NVDA,2022-10-12,11.550373264718909,11.705986765590792,11.31695158643632,11.47156810760498,492590000
QQQ,2022-10-12,257.50899316310165,259.4251489637878,256.0914406437089,256.7855529785156,50580200
AAPL,2022-10-13,132.4031536839207,140.8383404618952,131.7950247428473,140.24984741210938,113224000
MSFT,2022-10-13,212.76314712814823,228.48932881951694,212.0663551272384,226.6892852783203,42551800
NVDA,2022-10-13,10.943878772492898,12.048142554613705,10.786269365232858,11.930434226989746,850103000
QQQ,2022-10-13,249.45330502988705,264.12761327109695,248.57342473862707,262.80780029296875,112894100
AAPL,2022-10-14,141.54453406151188,141.75051634248345,135.5418185741853,135.72817993164062,88598000
MSFT,2022-10-14,227.9473631652827,229.5925754900993,220.97945807089755,221.19236755371094,30198600
NVDA,2022-10-14,12.027192471424224,12.081058872016744,11.176301596444594,11.199244499206543,713432000
QQQ,2022-10-14,265.1346064671202,265.7309494570083,254.32196646625434,254.9085235595703,77244300
AAPL,2022-10-17,138.3666666620457,140.16158499262147,137.5819941601383,139.6809844970703,85250900
MSFT,2022-10-17,228.21836002283007,231.25714167375685,227.5602721133645,229.87322998046875,28142300
NVDA,2022-10-17,11.489525901270087,11.918463198926593,11.488528921337277,11.858611106872559,580774000
QQQ,2022-10-17,260.8720549473756,264.1960071537805,260.77428550467795,263.325927734375,64576500
AAPL,2022-10-18,142.7019309504816,143.88873492707052,137.91544326382163,140.99526977539062,99136600
MSFT,2022-10-18,235.39917762563184,236.06692311030656,227.78285659055385,230.8119659423828,26329600
NVDA,2022-10-18,12.313481973149718,12.4611158389974,11.589277019716143,11.937414169311523,659362000
QQQ,2022-10-18,270.34543152432246,271.0102162282568,262.72964578334796,265.40838623046875,69781000
AAPL,2022-10-19,138.974750883936,142.1722730567363,138.78838952105372,141.10316467285156,61758300
MSFT,2022-10-19,229.39900168382854,231.88616474151667,226.73764801989628,228.8570556640625,19985700
NVDA,2022-10-19,11.84963214701234,12.319468398644798,11.804743321043421,12.021206855773926,523131000
QQQ,2022-10-19,263.89295658178486,267.5590871120454,262.07457015959795,264.4404296875,53115400
AAPL,2022-10-20,140.27927658716155,143.0942732786787,139.91635681145763,140.64218139648438,64522000
MSFT,2022-10-20,228.16996380022994,233.53137553473397,227.29896641864062,228.53770446777344,21811000
NVDA,2022-10-20,12.083052622860917,12.737430913529549,12.07507202855851,12.16385269165039,652398000
QQQ,2022-10-20,263.5507981813768,268.6931672043855,261.9279505332129,263.09130859375,60605500
AAPL,2022-10-21,140.13212478208789,145.0167019837592,139.916339525803,144.44781494140625,86548600
MSFT,2022-10-21,227.17318083073934,235.166915097807,226.9409118947973,234.31527709960938,26299700
NVDA,2022-10-21,12.068090417832614,12.467102092739703,11.85761257031653,12.4351806640625,609494000
QQQ,2022-10-21,261.98664687419677,269.79794124035857,260.8525866557526,269.26025390625,77897700
AAPL,2022-10-24,144.3693587197694,147.3510957532076,143.2021606323234,146.58604431152344,75981900
MSFT,2022-10-24,235.90238686212638,239.85086976349376,233.52169327420833,239.27989196777344,24911200
NVDA,2022-10-24,12.477078338119243,12.678578622776968,12.034175742763328,12.567852973937988,517457000
QQQ,2022-10-24,269.5241608272236,273.1511778563182,265.88735790217254,272.2224426269531,63963600
AAPL,2022-10-25,147.21375676214043,149.56777350297594,146.49775025875292,149.42063903808594,74732300
MSFT,2022-10-25,239.28957660185964,242.9477272430807,237.90567969361152,242.57998657226562,34775500
NVDA,2022-10-25,12.662616631719668,13.267118353397784,12.632690116328606,13.228214263916016,505482000
QQQ,2022-10-25,273.16097158157777,278.23489911038496,271.68473333216065,277.8536071777344,59014500
AAPL,2022-10-26,148.06712385627637,149.07738452163943,145.20306734701933,146.48797607421875,88194300
MSFT,2022-10-26,223.71824496136685,230.61841449713438,222.64402516459023,223.86341857910156,82543200
NVDA,2022-10-26,12.837185850244591,13.354901886783574,12.676583621317251,12.864118576049805,532953000
QQQ,2022-10-26,272.2322261526919,277.6287902965968,271.2252633241817,271.7140808105469,63492400
AAPL,2022-10-27,145.23247083964995,146.19368643958677,141.3679725525205,142.02513122558594,109180200
MSFT,2022-10-27,223.5924250678105,226.15701124638468,218.50198634809382,219.4407196044922,40424600
NVDA,2022-10-27,13.596305021274278,13.803791001482493,13.089560488943963,13.143426895141602,583113000
QQQ,2022-10-27,270.5995535840702,272.05621993697093,266.2490666463493,266.7672119140625,57760300
AAPL,2022-10-28,145.3599625074013,154.48174471225758,144.98725482427943,152.75547790527344,164762400
MSFT,2022-10-28,218.94715681380413,228.97320270821285,218.76327910286216,228.2667236328125,40647700
NVDA,2022-10-28,13.071604141512527,13.815760155792058,13.028710226197942,13.799798965454102,521040000
QQQ,2022-10-28,266.14155297108766,275.3997564380177,265.97534191478553,274.93048095703125,62651300
AAPL,2022-10-31,150.22497632532892,151.28428192484714,149.0087332370563,150.40151977539062,97943200
MSFT,2022-10-31,226.22473999169745,227.34735093033876,223.69887276321543,224.6472930908203,28357300
NVDA,2022-10-31,13.743936087967768,13.803788166627177,13.264125332932366,13.463630676269531,486341000
QQQ,2022-10-31,272.68191903600575,273.5031287103649,269.8174263186617,271.7336120605469,47742000
AAPL,2022-11-01,152.10817643552318,152.47108127109797,146.27220032701106,147.7630615234375,80379300
MSFT,2022-11-01,227.0376938120004,228.14094541319034,220.00203754140927,220.81495666503906,30592300
NVDA,2022-11-01,13.776853766844887,13.89057223464228,13.485575885802234,13.509516716003418,432817000
QQQ,2022-11-01,275.2041929031402,275.7614518928756,268.595372187097,268.95709228515625,45895900
AAPL,2022-11-02,146.09561013902547,149.2539052221096,142.22130852087065,142.250732421875,93604600
MSFT,2022-11-02,222.06337802281334,223.8440621960301,212.94701812750728,213.00509643554688,38407000
NVDA,2022-11-02,13.815757888249985,14.174867488215076,13.17833780130498,13.186317443847656,672628000
QQQ,2022-11-02,268.9277677479085,271.9877694465551,259.6695649953625,259.7380065917969,79803100
AAPL,2022-11-03,139.33766635298934,140.0634909361085,136.09109910411752,136.21861267089844,97918500
MSFT,2022-11-03,212.9954026993864,213.3050945982589,207.08235775345725,207.34365844726562,36633900
NVDA,2022-11-03,13.010753571214046,13.746928905168618,12.923968770800348,13.387818336486816,500065000
QQQ,2022-11-03,257.1278135643522,258.584480295548,254.28289188335145,254.66415405273438,70038900
AAPL,2022-11-04,139.59828641105477,140.1681172493776,132.0234984378513,135.95335388183594,140814800
MSFT,2022-11-04,210.53731016893326,214.4470748558158,206.55010773152472,214.25352478027344,36789100
NVDA,2022-11-04,13.951423355113537,14.1938226319805,13.663137321682004,14.121003150939941,612576000
QQQ,2022-11-04,259.59143276846174,260.64726549152124,253.28567478294306,258.76043701171875,78313200
AAPL,2022-11-07,134.70562941235488,136.70984922405512,133.29087896117363,136.48388671875,83374600
MSFT,2022-11-07,214.83416409790135,221.04721381188003,214.14704442988435,220.5246124267578,33498000
NVDA,2022-11-07,14.192823644192917,14.3763687541529,13.919501841346959,14.265643119812012,410061000
QQQ,2022-11-07,259.80650185570005,262.1430638319726,257.675264711144,261.6053466796875,47333800
AAPL,2022-11-08,137.94771058910516,138.94981261597127,135.07891882338652,137.0536651611328,89908500
MSFT,2022-11-08,221.32785232766216,224.18275612145348,218.5600438397234,221.49237060546875,28192500
NVDA,2022-11-08,14.764407269491864,14.854184915550686,14.180853521426073,14.565899848937988,595292000
QQQ,2022-11-08,263.12070123011625,266.74771876778345,259.58163742819613,263.5117492675781,63213800
AAPL,2022-11-09,136.07123106652006,136.12035725287217,132.2297941583769,132.5048828125,74917800
MSFT,2022-11-09,220.04074269428185,221.26013615245242,217.09874333274988,217.27293395996094,27852900
NVDA,2022-11-09,14.12698780032859,14.175867398651944,13.724984235954823,13.741942405700684,454414000
QQQ,2022-11-09,261.77154881663506,262.55364485772475,257.1473246731768,257.43084716796875,64862100
AAPL,2022-11-10,138.7631733571785,144.29443359375,137.05368118428237,144.29443359375,118854000
MSFT,2022-11-10,227.84092326094827,235.48627617138314,227.42479136911933,235.14755249023438,46268000
NVDA,2022-11-10,14.763411236851555,15.734005334197544,14.511036451418649,15.71106243133545,700819000
QQQ,2022-11-10,269.8369900252469,276.71951751892516,267.7252952822844,276.4262390136719,99256700
AAPL,2022-11-11,143.26287971945007,147.3793904835366,141.83829520447486,147.0748291015625,93979700
MSFT,2022-11-11,235.15722211445575,239.99604710310476,234.1313788126477,239.1444091796875,34620200
NVDA,2022-11-11,15.767918688568072,16.34847952206211,15.44372241385744,16.286632537841797,655487000
QQQ,2022-11-11,276.24049229556425,282.18452870756767,274.90113736604735,281.51971435546875,66961800
AAPL,2022-11-14,146.35763570725214,147.64466090619808,144.8446330372058,145.6797332763672,73374100
MSFT,2022-11-14,234.18946032496393,236.0475673740293,231.49907477577239,233.76364135742188,31123300
NVDA,2022-11-14,16.17790566297231,16.49911010478808,15.882636965812782,16.254714965820312,527852000
QQQ,2022-11-14,279.4666506715696,282.74173299667166,278.0784260572565,279.0560607910156,55290700
AAPL,2022-11-15,149.55059165160992,150.89656181776536,145.95477172830098,147.4088134765625,89868300
MSFT,2022-11-15,237.74114480461608,239.03794631342942,232.29262332719875,234.1700897216797,31390100
NVDA,2022-11-15,16.68065721766376,16.955973916165302,16.34149766989013,16.62479591369629,545876000
QQQ,2022-11-15,285.6746934620761,286.70122803572764,279.57426106914244,282.91778564453125,73985400
AAPL,2022-11-16,146.51483522710427,147.2418488642614,144.70709039322372,146.1807861328125,64218300
MSFT,2022-11-16,235.6258570860806,236.60606394497793,233.32579470204732,234.59713745117188,24093300
NVDA,2022-11-16,16.122042368496476,16.321546754871036,15.833756370696808,15.870664596557617,649547000
QQQ,2022-11-16,280.9624604558637,283.005713469215,278.23485119486327,279.0560607910156,48859800
AAPL,2022-11-17,143.8621718356149,148.8236171893066,143.5870831617381,148.0769500732422,80389400
MSFT,2022-11-17,230.76369976880173,236.0722947974397,230.6181318208113,234.54861450195312,23123500
NVDA,2022-11-17,15.676148882942353,16.225787271704426,15.496593581923413,15.638242721557617,710894000
QQQ,2022-11-17,274.5980274668299,279.9163623922659,274.4416023413709,278.44012451171875,55462100
AAPL,2022-11-18,149.63908030699184,150.02224064395415,147.34011828521793,148.636962890625,74829600
MSFT,2022-11-18,236.3245938837583,236.5478177930803,231.9767921721455,234.1021728515625,27613500
NVDA,2022-11-18,15.926527067026893,15.962439267152297,15.082618903576678,15.370904922485352,492072000
QQQ,2022-11-18,281.45126632473546,281.54900592608294,276.00583391974624,278.4499206542969,53588600
AAPL,2022-11-21,147.52674987775407,147.73305885560603,145.12953609848137,145.41444396972656,58724100
MSFT,2022-11-21,234.30595375905,237.45035420758848,234.0730450796648,234.9076690673828,26394700
NVDA,2022-11-21,15.109553050431892,15.438737129847263,15.042718303446582,15.279132843017578,404739000
QQQ,2022-11-21,277.0617493138327,278.21535143793466,274.7545450656288,275.5855407714844,40083500
AAPL,2022-11-22,145.53237828985053,147.78221396265934,144.35340964940343,147.54641723632812,51804100
MSFT,2022-11-22,236.40218676626338,238.07143450191685,233.6071793553725,237.79969787597656,19665700
NVDA,2022-11-22,15.290103580749188,16.018299245315394,15.0846125617215,15.998348236083984,472866000
QQQ,2022-11-22,276.3186884823213,279.711052281029,274.187422141993,279.5546569824219,41873400
AAPL,2022-11-23,146.82919031011303,149.1674586072914,146.72111870836432,148.42079162597656,58301400
MSFT,2022-11-23,237.8773882479825,240.95384732065142,237.06217820148206,240.27450561523438,19508500
NVDA,2022-11-23,16.05820212549382,16.486142404800624,16.008326496462395,16.478160858154297,427241000
QQQ,2022-11-23,279.5742086482621,282.9861443541074,279.3982415549333,282.3604736328125,46390000
AAPL,2022-11-25,145.70915449021354,146.26916586255766,144.54002056510447,145.51266479492188,35195900
MSFT,2022-11-25,240.01245273021934,241.36143645953254,239.44956540890726,240.18714904785156,9200800
NVDA,2022-11-25,16.277656134662113,16.446237020144476,16.132017196689414,16.229774475097656,167934000
QQQ,2022-11-25,280.7669413787728,281.47083963013006,280.0141733212983,280.50299072265625,15498800
AAPL,2022-11-28,142.5947981424062,144.06849387144769,140.8656672171658,141.69093322753906,69246000
MSFT,2022-11-28,238.81873915133238,239.3719120438035,233.69454115958348,234.62620544433594,24778200
NVDA,2022-11-28,15.986378789361892,16.316561753105944,15.686124245692138,15.787871360778809,303741000
QQQ,2022-11-28,278.52823025811415,280.5421561500874,275.4584715998371,276.38720703125,38714200
AAPL,2022-11-29,141.75967888062996,142.2705641956943,137.88878454429147,138.69439697265625,83763800
MSFT,2022-11-29,234.2768683035418,235.62585219825684,231.18100986954173,233.2384490966797,17956300
NVDA,2022-11-29,15.787870048545495,15.892610948250487,15.481629846314512,15.600335121154785,298384000
QQQ,2022-11-29,276.6120032182411,277.0128370816902,272.92633062269323,274.2950134277344,35618900
AAPL,2022-11-30,138.92038744793726,146.1120302873751,138.08530213977906,145.4341278076172,111380900
MSFT,2022-11-30,233.47133933183883,247.79580032500542,232.78228328422537,247.6114044189453,47594200
NVDA,2022-11-30,15.662198222921692,16.892465330806235,15.56242050073122,16.885480880737305,565298000
QQQ,2022-11-30,274.5589139736449,286.9064444868369,273.7083765941686,286.79888916015625,74718100
AAPL,2022-12-01,145.61096061666942,146.51482547786148,144.03901260255705,145.70919799804688,71250400
MSFT,2022-12-01,246.378856625145,248.56246413319528,243.51590752074188,247.17466735839844,26041500
NVDA,2022-12-01,16.96130961638063,17.226718672364875,16.598116373493134,17.097007751464844,470977000
QQQ,2022-12-01,287.121581571721,289.13550697653733,284.3744300291789,287.1509094238281,51547300
AAPL,2022-12-02,143.40040769964443,145.4046270438478,143.09583136119605,145.21795654296875,65447400
MSFT,2022-12-02,242.44839236600893,248.50425481236772,242.32222362886404,247.4949493408203,21528500
NVDA,2022-12-02,16.622065055941654,16.895457726979757,16.408538823613274,16.83858299255371,371389000
QQQ,2022-12-02,282.08675429003557,286.8869447509054,281.910757350936,286.0070495605469,53583200
AAPL,2022-12-05,145.17867816271277,148.27343309869434,143.21375058654476,144.0586700439453,68826400
MSFT,2022-12-05,244.57375787361877,246.3303613663216,240.74031627098933,242.81716918945312,23435300
NVDA,2022-12-05,16.64202269753776,16.95732209492753,16.435480895818028,16.57317543029785,352255000
QQQ,2022-12-05,283.88561918438853,285.15653258522,279.75021293114065,281.2069091796875,41482100
AAPL,2022-12-06,144.49096870660432,144.71693119940028,139.431270776129,140.40391540527344,64727200
MSFT,2022-12-06,243.41890331596056,244.42820886485632,236.58662873937655,237.8870849609375,22463700
NVDA,2022-12-06,16.493352558842304,16.536256494140442,15.783928452332743,15.951556205749512,352694000
QQQ,2022-12-06,281.0505193835465,281.1873727687558,273.991993519204,275.3802185058594,53937600
AAPL,2022-12-07,139.69652452502783,140.85582456681212,137.54492649061714,138.46844482421875,69721100
MSFT,2022-12-07,237.60565848816955,238.89641517033584,235.06297311301404,237.1592254638672,20481500
NVDA,2022-12-07,15.737031971375904,16.150114595724432,15.632264273659429,16.084260940551758,372388000
QQQ,2022-12-07,274.1972647022958,276.2503039825609,272.54505931577694,274.25592041015625,45614300
AAPL,2022-12-08,139.86354485762612,141.0032064446931,138.62564588690643,140.14845275878906,62128300
MSFT,2022-12-08,237.61533452681962,241.4002634352855,235.88785939315616,240.09979248046875,22611800
NVDA,2022-12-08,16.236922259213415,17.140913726572844,15.923617339692608,17.130935668945312,515456000
QQQ,2022-12-08,275.6051249500692,278.4695887400075,273.53254323400387,277.5017395019531,42594900
AAPL,2022-12-09,139.84387422747133,143.0172426533997,138.42912415381502,139.6670379638672,76097000
MSFT,2022-12-09,237.4794974313884,240.98297573692605,236.95543802882835,238.17825317382812,20609700
NVDA,2022-12-09,17.121954302942694,17.54401680190964,16.937365000489294,16.963306427001953,465338000
QQQ,2022-12-09,276.4849765282159,279.251700531662,275.2922605288438,275.7322082519531,47860500
AAPL,2022-12-12,140.19754337716597,141.9659807375352,138.5863037802082,141.95616149902344,70462700
MSFT,2022-12-12,240.14831706074776,245.08811932166867,239.8765804009923,245.0590057373047,30665100
NVDA,2022-12-12,16.99923286063879,17.4991216906694,16.759765123442325,17.49612808227539,457328000
QQQ,2022-12-12,275.908093532643,279.2516176649539,274.87180303489004,279.19293212890625,35732500
AAPL,2022-12-13,146.87833415604433,147.34009332894186,141.71058010364294,142.91900634765625,93886200
MSFT,2022-12-13,253.96816645301047,256.13237523471446,245.6025264426085,249.33892822265625,42196900
NVDA,2022-12-13,18.489912854613223,18.748339371405248,17.671731278565026,18.031930923461914,656589000
QQQ,2022-12-13,290.0153845506873,290.2402513163145,279.5155953648504,282.1943054199219,80667700
AAPL,2022-12-14,142.8011107216781,144.0881358235322,138.68458524913544,140.69863891601562,82291200
MSFT,2022-12-14,249.54269464575677,254.8415744130712,246.80589919892807,249.63003540039062,35410900
NVDA,2022-12-14,17.947122938893273,18.21153673692968,17.38138052214265,17.634817123413086,496888000
QQQ,2022-12-14,281.6077090523937,284.8925776911261,276.856417960983,280.1021728515625,64984400
AAPL,2022-12-15,138.63543512859985,139.31333739130548,133.64451838807022,134.1062774658203,98931900
MSFT,2022-12-15,246.2333179219407,246.6991500991899,240.04157204816326,241.66229248046875,35560400
NVDA,2022-12-15,17.107987414571323,17.281601445328924,16.662977044280925,16.914417266845703,478542000
QQQ,2022-12-15,276.01566388796755,276.68047833241644,269.5046413384967,270.6973571777344,60554100
AAPL,2022-12-16,134.29299371012456,135.23615066480997,131.3848939522239,132.15121459960938,160156900
MSFT,2022-12-16,241.21590435148062,242.46783311149383,236.3246140510361,237.4698028564453,86102000
NVDA,2022-12-16,16.82661330300129,17.003220944622573,16.373619336340138,16.53426170349121,478232000
QQQ,2022-12-16,270.0227941935211,271.5576584419353,266.5130583502916,268.11639404296875,68300400
AAPL,2022-12-19,132.74070852472047,132.829126684755,129.01717664823065,130.0487518310547,79592600
MSFT,2022-12-19,237.6347483108368,237.9744265437408,231.6662265103739,233.35487365722656,29696400
NVDA,2022-12-19,16.53525994983705,16.57217667143344,16.109206574205285,16.21796417236328,354039000
QQQ,2022-12-19,268.3858829093709,268.47407711477496,263.11360998326035,264.348388671875,44167900
AAPL,2022-12-20,129.08591954394805,130.91330283228723,127.6122238272619,129.97996520996094,77432800
MSFT,2022-12-20,232.3358335702815,235.74227076964473,231.38475533277932,234.66502380371094,25150800
NVDA,2022-12-20,16.028385941930914,16.27384085919094,15.81685699546008,16.049339294433594,403260000
QQQ,2022-12-20,263.1821610584661,265.8869024245036,261.60441519925917,264.1425476074219,51064200
AAPL,2022-12-21,130.64802045895354,134.41085828161889,130.42205800232537,133.07470703125,85928000
MSFT,2022-12-21,234.55829818550004,238.37232600874938,233.02491849714485,237.21743774414062,23690600
NVDA,2022-12-21,16.078275356146534,16.590138515163844,16.066300925017234,16.46441650390625,325025000
QQQ,2022-12-21,265.18133792927495,269.27762774929147,264.3385435697956,267.9742736816406,46394700
AAPL,2022-12-22,131.9939809440485,132.20028988979308,128.01500065859045,129.91114807128906,77852100
MSFT,2022-12-22,234.14101004366566,234.84948021515527,226.9690712195299,231.16160583496094,28651700
NVDA,2022-12-22,16.058317929250357,16.102221001275094,14.849005155476785,15.304991722106934,565045000
QQQ,2022-12-22,264.9657495187062,265.09315110385836,257.2043313066332,261.4182434082031,60278400
AAPL,2022-12-23,128.62416529925937,130.09786107261186,127.36661277196195,129.5476837158203,63814900
MSFT,2022-12-23,229.14295316711923,231.8215067666557,227.0369865095698,231.68563842773438,21207000
NVDA,2022-12-23,15.162308930007534,15.304991533429133,14.850003158774006,15.172286987304688,349326000
QQQ,2022-12-23,260.1540269074568,262.67257043969306,258.2528725584856,262.00616455078125,39373600
AAPL,2022-12-27,129.07608787315525,129.10556058535423,126.46273078933113,127.749755859375,69007800
MSFT,2022-12-27,231.65651213728756,231.87972122287346,228.87120393787913,229.96786499023438,16688600
NVDA,2022-12-27,15.040582308063698,15.06652469064024,14.024838544585242,14.08969497680664,464902000
QQQ,2022-12-27,261.39857457771546,261.5063874007909,257.762874969266,258.3018493652344,38009000
AAPL,2022-12-28,127.39607559848972,128.73222692892008,123.66271775984323,123.8297348022461,85438400
MSFT,2022-12-28,229.89995135219928,232.64644670853528,227.26021075559856,227.60958862304688,17457100
NVDA,2022-12-28,13.89612425706417,14.230381609035915,13.853219366158653,14.0048828125,351066000
QQQ,2022-12-28,257.9001177088302,260.15404897861896,254.5290002209293,254.89158630371094,47139000
AAPL,2022-12-29,125.74554124055933,128.19187403447657,125.49010604619004,127.3371353149414,75703700
MSFT,2022-12-29,228.6965364200889,234.78152813488126,228.6965364200889,233.89837646484375,19770700
NVDA,2022-12-29,14.370070713593025,14.650446912717559,14.195458504097823,14.570624351501465,354923000
QQQ,2022-12-29,257.69428953978155,262.04538214653854,256.9985154694248,261.1046142578125,45893600
AAPL,2022-12-30,126.1581553688859,127.67114272748928,125.19533773599038,127.6514892578125,77034200
MSFT,2022-12-30,231.18096089501935,232.87932229950997,229.67669497504897,232.7434539794922,21938500
NVDA,2022-12-30,14.302219345783994,14.596565369641379,14.201443443017887,14.581599235534668,310490000
QQQ,2022-12-30,258.34113754746767,261.07527757710335,257.03778328615977,260.9478759765625,37858300
AAPL,2023-01-03,127.9953746812147,128.6044974020352,121.99252063798394,122.87673950195312,112117500
MSFT,2023-01-03,235.90728230837536,238.49849510687616,230.39487805775428,232.51055908203125,25740000
NVDA,2023-01-03,14.818074155568226,14.962753137456133,14.064747927725566,14.283262252807617,401277000
QQQ,2023-01-03,263.2703795073479,264.7403425754029,256.8809508045334,259.18389892578125,42335300
AAPL,2023-01-04,124.66482384759799,126.40378887161263,122.88656686996354,124.14411926269531,89113600
MSFT,2023-01-04,225.42597193507248,225.99855889308043,219.29246770974694,222.33981323242188,50623400
NVDA,2023-01-04,14.534705251277302,14.820070487005857,14.209427782320121,14.716300964355469,431324000
QQQ,2023-01-04,261.300672498505,262.09445023311,257.27295778358507,260.4186706542969,47754900
AAPL,2023-01-05,124.90061292758642,125.52938912334946,122.57217865426507,122.8276138305664,80962700
MSFT,2023-01-05,220.49584400645332,220.83552222933494,215.21636361108918,215.75013732910156,39585600
NVDA,2023-01-05,14.458871444768125,14.531709547094541,14.116631516373118,14.233372688293457,389168000
QQQ,2023-01-05,258.75267965136567,258.9192587002767,256.02834958663533,256.3419189453125,45396700
AAPL,2023-01-06,123.80028171885589,128.00521863758777,122.69991942060877,127.34696960449219,87754700
MSFT,2023-01-06,216.4198034707522,219.09835714227594,212.87751216247153,218.2928466796875,43613600
NVDA,2023-01-06,14.44191076025438,14.976722686175162,14.00288666985135,14.826057434082031,405044000
QQQ,2023-01-06,258.0766004567067,264.5346365777936,255.12686409957652,263.4174499511719,54659700
AAPL,2023-01-09,128.18204084518473,131.07048653770673,127.6122100970975,127.86764526367188,70790800
MSFT,2023-01-09,219.76798480761224,224.41665135349578,219.7291716302323,220.418212890625,27369800
NVDA,2023-01-09,15.25011511747284,16.020402921173815,15.107431553171974,15.593352317810059,504231000
QQQ,2023-01-09,265.40672993298676,269.7774418403852,264.5149786181728,265.12255859375,45568700
AAPL,2023-01-10,127.97574077291436,128.95820466182693,125.87326865028986,128.4375,63896200
MSFT,2023-01-10,221.0393352972296,224.48458614807703,220.62203068917864,222.09718322753906,27033900
NVDA,2023-01-10,15.472618665402736,15.926609787228095,15.437696417809999,15.873727798461914,384101000
QQQ,2023-01-10,264.09361482175257,267.47454260367743,263.58403827618673,267.3667297363281,35247800
AAPL,2023-01-11,128.94836939344688,131.1687321095965,128.17222961380043,131.1490936279297,69458900
MSFT,2023-01-11,224.4651718383663,228.98766979827053,224.2904903213458,228.81298828125,28669300
NVDA,2023-01-11,15.804881372380587,15.992464284529852,15.528495081310508,15.965523719787598,353285000
QQQ,2023-01-11,268.4348413268979,272.0999392967966,267.65084316056124,271.99212646484375,44077000
AAPL,2023-01-12,131.5322547782573,131.90558081812333,129.13504077259947,131.07049560546875,71379600
MSFT,2023-01-12,228.3180371449277,232.8211212975009,226.66820302336927,231.47213745117188,27269500
NVDA,2023-01-12,16.064309475307514,16.600117791074528,15.457656552133493,16.474397659301758,551409000
QQQ,2023-01-12,272.55078814271513,274.4911504479409,268.25849055952096,273.462158203125,60600000
AAPL,2023-01-13,129.71468306570503,132.55400260182785,129.35117628841525,132.3968048095703,57809700
MSFT,2023-01-13,230.00668936190732,232.30675151679418,227.98806347571494,232.17088317871094,21333300
NVDA,2023-01-13,16.24190878461204,16.88448193196626,16.129160360121443,16.86153221130371,447287000
QQQ,2023-01-13,270.96322776853043,275.5887133592469,270.6300396848258,275.3437194824219,44802900
AAPL,2023-01-17,132.46561675484807,134.88246968730516,131.77789498509242,133.55615234375,63646600
MSFT,2023-01-17,230.9480815858975,233.80133166035085,230.0940435204723,233.2578582763672,29831300
NVDA,2023-01-17,16.861534824609727,17.68869739083552,16.861534824609727,17.66275405883789,511102000
QQQ,2023-01-17,275.14771295019546,277.1860787569483,273.98153970173576,275.9023132324219,36269700
AAPL,2023-01-18,134.42069543585905,136.1792989256054,132.6620769549058,132.83892822265625,69672800
MSFT,2023-01-18,234.4418366169308,235.22793302598163,228.57035512507287,228.85179138183594,30028700
NVDA,2023-01-18,17.62783226446367,17.833374940410984,17.243685577032387,17.338476181030273,439624000
QQQ,2023-01-18,277.4408347282873,278.9892126837552,272.1097958051242,272.3155822753906,47754500
AAPL,2023-01-19,131.72872356322017,133.86066781311564,131.42416224055012,132.89785766601562,58280400
MSFT,2023-01-19,226.8817052615486,228.57036731781892,223.8731729886452,225.08628845214844,28623000
NVDA,2023-01-19,16.9982261040619,17.158870328406007,16.693903966162893,16.727827072143555,452932000
QQQ,2023-01-19,270.68874786597183,271.82552267383755,268.4054188347509,269.6401672363281,44150400
AAPL,2023-01-20,132.90769302903612,135.59964906296133,131.86628386729487,135.4522705078125,80223600
MSFT,2023-01-20,227.92981370488926,233.6363129556783,227.5901354890902,233.13165283203125,35389800
NVDA,2023-01-20,16.973286475081306,17.816414337109105,16.787699916065623,17.79945182800293,564967000
QQQ,2023-01-20,271.24737024419835,277.3525971911707,270.18898017810113,277.0194091796875,60613600
AAPL,2023-01-23,135.6978804326285,140.806703627411,135.4817372209474,138.6354522705078,81760300
MSFT,2023-01-23,233.98568794215404,237.93558370839386,232.5784623295547,235.42201232910156,31934000
NVDA,2023-01-23,18.023952936401,19.202336426570977,17.778499909823832,19.15045166015625,655163000
QQQ,2023-01-23,277.8622257606587,284.39864475391676,277.06844810068554,283.1736755371094,52799900
AAPL,2023-01-24,137.84949253259393,140.64952034187644,137.83967329148908,140.0305633544922,66435100
MSFT,2023-01-24,235.34438219144687,236.7515930613996,233.34517042755766,234.89794921875,40234400
NVDA,2023-01-24,18.785259468912272,19.45177965907979,18.778275018636265,19.222288131713867,496204000
QQQ,2023-01-24,281.55662679768386,283.75176132070635,281.03724122191636,282.59539794921875,44875100
AAPL,2023-01-25,138.41935368230486,139.9323416606216,136.37582674384313,139.37234497070312,65799300
MSFT,2023-01-25,227.56102470477651,236.12077368624207,224.08666058005855,233.51014709472656,66526600
NVDA,2023-01-25,18.871071892196763,19.32705950006516,18.538809936927446,19.280162811279297,449537000
QQQ,2023-01-25,278.08756867530457,282.5856515284954,275.54943634148947,281.9682922363281,50872000
AAPL,2023-01-26,140.65933109437518,141.72039372676826,139.41159795380088,141.43548583984375,54105100
MSFT,2023-01-26,236.4604658112775,240.98296392015405,234.85915928502237,240.68211364746094,33454500
NVDA,2023-01-26,19.65732458647775,20.12129386890338,19.235262010529773,19.758100509643555,489535000
QQQ,2023-01-26,285.38846018754776,287.64239182663204,282.7425144316851,287.46600341796875,51596300
AAPL,2023-01-27,140.64949717713105,144.64811636457318,140.57089828761406,143.37091064453125,70555800
MSFT,2023-01-27,241.64289751902396,242.458107545592,239.5466304719591,240.83738708496094,26498900
NVDA,2023-01-27,19.418849333138702,20.582264478452693,19.361976503519905,20.319847106933594,542142000
QQQ,2023-01-27,286.152809973951,292.28746540168373,286.0352177137922,290.3275146484375,56441900
AAPL,2023-01-30,142.41796049282078,142.99761054282715,140.34496125408572,140.49232482910156,64015300
MSFT,2023-01-30,237.2950768809861,238.35292478678218,235.05324194345323,235.54820251464844,25867400
NVDA,2023-01-30,19.905771381530464,20.095348779096263,19.107543848870183,19.119518280029297,488611000
QQQ,2023-01-30,287.06422753687195,288.485204031386,284.08512343019765,284.4574890136719,49405800
AAPL,2023-01-31,140.19756045993424,141.8088002532181,139.78492752410364,141.75967407226562,65874500
MSFT,2023-01-31,236.26636386768823,240.63357952072695,235.78111768401726,240.49771118164062,26541100
NVDA,2023-01-31,19.12750161644277,19.643355663941833,18.907990025151328,19.493688583374023,498017000
QQQ,2023-01-31,284.4966755594997,288.81837095968,284.3888926131909,288.7203674316406,46705100
AAPL,2023-02-01,141.44531098955775,144.03901475780756,138.84178798038548,142.87969970703125,77663600
MSFT,2023-02-01,240.68207771157887,247.6502049501311,238.22673350670416,245.2919158935547,31259900
NVDA,2023-02-01,19.647345080075983,21.145016818201913,19.567522516028927,20.896570205688477,660477000
QQQ,2023-02-01,288.5146061711699,297.35397489362185,286.44684220280044,294.8942565917969,67562200
AAPL,2023-02-02,146.2888426135127,148.52885870656533,145.57164829200897,148.17518615722656,118339000
MSFT,2023-02-02,251.18282257259764,256.8796075980904,249.65914256333582,256.7922668457031,39940400
NVDA,2023-02-02,20.953441855430544,21.900337276933485,20.65410773302951,21.660869598388672,564276000
QQQ,2023-02-02,301.41101371232133,307.39864851001664,300.5878380395017,305.4779052734375,83070600
AAPL,2023-02-03,145.4341223704264,154.62016535520215,145.23763259886508,151.79066467285156,154357300
MSFT,2023-02-03,251.8815727441677,256.4040702889057,249.5135692294624,250.7266845703125,29077300
NVDA,2023-02-03,20.95344207269312,21.696791212168588,20.74290942748652,21.053220748901367,429366000
QQQ,2023-02-03,298.83372911935095,306.13455850213956,298.44174490358915,300.04888916015625,76170800
AAPL,2023-02-06,149.89452545981646,150.41523013113607,148.13590667152536,149.06924438476562,69858300
MSFT,2023-02-06,249.84354121530777,250.67815038089995,247.26202813154237,249.19329833984375,22518000
NVDA,2023-02-06,20.759872338931974,21.522178471104034,20.739916222678673,21.042245864868164,452197000
QQQ,2023-02-06,297.4323268010993,299.7842616499401,296.16815023108865,297.5107116699219,40802300
AAPL,2023-02-07,147.99834440627268,152.50784959474223,147.99834440627268,151.93801879882812,83322600
MSFT,2023-02-07,252.84241675056464,260.83926569165476,252.40568326679633,259.66497802734375,50841400
NVDA,2023-02-07,21.334595540764557,22.209652016752774,21.10310954039303,22.123842239379883,664150000
QQQ,2023-02-07,297.3833489851689,304.80177050137615,296.2661924961063,303.6748046875,67584000
AAPL,2023-02-08,151.18150996746658,151.86923151834947,148.5190269025848,149.25587463378906,64120100
MSFT,2023-02-08,265.13852274513965,268.59347315321855,258.35476105655573,258.85943603515625,54686000
NVDA,2023-02-08,22.337365045310303,22.82727757872674,21.95920561326959,22.15576934814453,559651000
QQQ,2023-02-08,302.36165759241106,303.30242572488396,297.58918155909504,298.275146484375,56720900
AAPL,2023-02-09,151.0832773681269,151.62363543992853,147.782198500911,148.22430419921875,56007100
MSFT,2023-02-09,265.7207756113508,265.89548673151216,255.04536048337422,255.84117126464844,42375100
NVDA,2023-02-09,22.555885970462455,22.96896773808155,22.07096331622083,22.2874813079834,523876000
QQQ,2023-02-09,302.65563587730645,302.8026262239471,294.18866293953266,295.6390075683594,49137800
AAPL,2023-02-10,147.0632318137508,148.9130734935689,146.8270751036462,148.58836364746094,57450700
MSFT,2023-02-10,253.81288289399168,256.29734113427406,252.96855922241394,255.33656311035156,25818500
NVDA,2023-02-10,21.641912436236254,22.02905079986804,20.76486152389426,21.217853546142578,550737000
QQQ,2023-02-10,293.48307362724574,295.53121883431214,291.297717495013,293.69866943359375,50050100
AAPL,2023-02-13,148.52932389765635,151.7862414824205,148.49980618651492,151.38282775878906,62199000
MSFT,2023-02-13,259.7426206728503,266.49724001770915,259.26705921966635,263.31402587890625,44630900
NVDA,2023-02-13,21.490248862723064,21.999118385629707,20.915525681631326,21.739694595336914,474919000
QQQ,2023-02-13,295.0999539885517,298.99045695593253,293.92397171731164,298.4024658203125,39636700
AAPL,2023-02-14,149.68057287811524,151.30412220458746,148.44078385852455,150.74325561523438,61707600
MSFT,2023-02-14,264.62413161713886,266.85625191813295,261.33414871350027,264.1388854980469,37047900
NVDA,2023-02-14,21.530157577256894,22.997896827890425,21.318627718423105,22.92007064819336,675474000
QQQ,2023-02-14,296.82479185684485,301.55806033599276,294.8844296115814,300.60748291015625,64079100
AAPL,2023-02-15,150.6547103127393,153.0063833860837,150.42840282421838,152.839111328125,65573800
MSFT,2023-02-15,261.05478666212923,263.39953537520864,258.9727165508735,262.0277099609375,28922400
NVDA,2023-02-15,22.4990023350932,22.80432360374554,22.056985701653954,22.713525772094727,420575000
QQQ,2023-02-15,298.794551977369,303.077040528768,298.10858700695474,302.91046142578125,43100600
AAPL,2023-02-16,151.0482514150965,153.8230360580732,150.89082864502956,151.24505615234375,68167900
MSFT,2023-02-16,256.8711190669115,259.5174708073064,254.80852706316685,255.0517578125,29603600
NVDA,2023-02-16,22.08393238042942,22.50000774301944,21.87838968971364,21.953224182128906,412026000
QQQ,2023-02-16,298.2849528065457,302.2538416898936,297.0795721536685,297.2265625,59498600
AAPL,2023-02-17,149.90689371085574,150.54646418705764,148.43094798353164,150.1036834716797,59144100
MSFT,2023-02-17,252.36654467181947,253.04757304733442,249.06832101285343,251.07254028320312,30000100
NVDA,2023-02-17,21.58304317749563,21.691800771351655,20.92849743532747,21.3405818939209,465888000
QQQ,2023-02-17,295.04126135109993,295.8840260127928,292.13073262006327,295.12945556640625,58230700
AAPL,2023-02-21,147.79137232815333,148.87373860585663,146.0300835825423,146.0989532470703,58867200
MSFT,2023-02-21,247.58947974202172,248.5721416274502,244.77773242454728,245.8284912109375,28397400
NVDA,2023-02-21,20.953441579866375,21.44634583081081,20.5722885301492,20.609207153320312,410015000
QQQ,2023-02-21,291.3074820247996,292.7480469851319,288.0049698813135,288.14215087890625,46526700
AAPL,2023-02-22,146.4826819914061,147.54536466728035,144.80011234851025,146.5220489501953,51011300
MSFT,2023-02-22,247.2100181685843,247.45324893497764,243.5615566726842,244.6998748779297,22491100
NVDA,2023-02-22,20.661092053593148,21.05721124102222,20.37572493019937,20.70798683166504,513184000
QQQ,2023-02-22,288.7203131204909,290.42546054300556,286.7015664298325,288.35772705078125,51389200
AAPL,2023-02-23,147.68314896878456,147.92913996180903,144.87886065676489,147.00421142578125,48394200
MSFT,2023-02-23,248.64023054148305,249.88557094928385,243.69777930306105,247.8716278076172,29219100
NVDA,2023-02-23,23.388035501899783,23.835042267919597,22.97395461774742,23.61153793334961,1117995000
QQQ,2023-02-23,292.0032780111049,292.16007766757474,286.6917980591671,290.8763122558594,69294400
AAPL,2023-02-24,144.75087922117172,144.82959810728704,143.3831704798644,144.3572998046875,55469600
MSFT,2023-02-24,243.1918464363868,244.20367985270448,241.3822090117807,242.4718780517578,24990900
NVDA,2023-02-24,23.17350941362294,23.421957916477858,22.89612587509221,23.234373092651367,589716000
QQQ,2023-02-24,285.91757364312804,287.10333526015967,284.24179452010475,286.0057678222656,74332000
AAPL,2023-02-27,145.3413038601465,146.7778826433076,145.08546365545737,145.5479278564453,44998500
MSFT,2023-02-27,245.62415477191715,245.97440765666494,242.63727394286974,243.3864288330078,21190000
NVDA,2023-02-27,23.61752427082776,23.8270577925176,23.40200353334105,23.448898315429688,452994000
QQQ,2023-02-27,289.1613320021509,290.55288024334476,287.4659638902868,288.053955078125,48995000
AAPL,2023-02-28,144.6918692589824,146.689314426437,144.47539603761436,145.0460968017578,50547000
MSFT,2023-02-28,242.32595921726772,244.68043129479227,241.99515408663171,242.66647338867188,22491000
NVDA,2023-02-28,23.320182165733303,23.772178848920596,23.154549835484183,23.164527893066406,455963000
QQQ,2023-02-28,287.42674592207146,290.19028346864906,287.0935579060723,287.6815490722656,48243100
AAPL,2023-03-01,144.47539591550134,144.8689754008769,142.68457472462396,142.97976684570312,55479000
MSFT,2023-03-01,243.97020688018864,244.13560203633548,239.1347775749903,239.60179138183594,27565300
NVDA,2023-03-01,23.14057875941402,23.204437941311127,22.458095290551928,22.647674560546875,460026000
QQQ,2023-03-01,287.38764375571253,288.04421063661897,284.38892091939636,285.368896484375,58287000
AAPL,2023-03-02,142.0647116163666,144.35734928778834,141.59239813777418,143.57017517089844,52238100
MSFT,2023-03-02,239.8742028427946,244.592871158647,238.95965271701235,244.31072998046875,24808200
NVDA,2023-03-02,22.438144871095187,23.328165597904217,22.382267363825353,23.262311935424805,389415000
QQQ,2023-03-02,282.8797300624582,288.5341779040145,282.59552879500677,287.7305908203125,53565900
AAPL,2023-03-03,145.66599039801153,148.6867663889097,144.96738452683869,148.60804748535156,70732300
MSFT,2023-03-03,245.36148024067188,248.69859936512998,244.58313878749726,248.37753295898438,30760100
NVDA,2023-03-03,23.268298244670323,23.8470122834048,23.07871895003249,23.837034225463867,412393000
QQQ,2023-03-03,289.4749432455241,293.9142305420157,288.9653369053291,293.67901611328125,60511500
AAPL,2023-03-06,151.32379221822697,153.79355106354063,150.99909736370918,151.3631591796875,87558000
MSFT,2023-03-06,249.48670630896015,253.07679554061426,249.04889380779935,249.914794921875,24109800
NVDA,2023-03-06,23.83803229096399,24.19423923751773,23.43492676138987,23.501779556274414,437429000
QQQ,2023-03-06,294.91379755285436,297.9125198668912,293.8162298962756,294.01220703125,56736300
AAPL,2023-03-07,151.23521425072406,151.55992406603715,148.70643540651363,149.1688995361328,56182000
MSFT,2023-03-07,249.36018084473946,250.71255821742662,246.528985881538,247.26840209960938,21473200
NVDA,2023-03-07,23.551679757416153,24.07560444760807,23.19341364689186,23.240318298339844,515154000
QQQ,2023-03-07,294.06126431559863,294.9824437058501,289.7983647809635,290.40594482421875,65955800
AAPL,2023-03-08,150.35952840818192,151.00894821688513,149.39524794362458,150.41856384277344,47204800
MSFT,2023-03-08,247.16137194826737,247.6478334867659,244.01883456634258,246.83058166503906,17340200
NVDA,2023-03-08,23.438905826491442,24.150447084590173,23.37603510396069,24.131484985351562,513573000
QQQ,2023-03-08,290.8272701587182,292.45403280782995,288.975132322113,291.85626220703125,50876300
AAPL,2023-03-09,151.09746808583355,152.0617483379844,147.8208670608722,148.1750946044922,53833600
MSFT,2023-03-09,248.8931916251687,252.53191447494493,244.76799238551584,245.4879608154297,26653400
NVDA,2023-03-09,24.125499097663184,24.403929057492398,23.33512096029611,23.38801383972168,501257000
QQQ,2023-03-09,292.35597236360513,294.95293042760073,285.98613390989306,286.7995300292969,71456700
AAPL,2023-03-10,147.80120650188752,148.5194958597798,145.242894659562,146.11862182617188,68572400
MSFT,2023-03-10,244.28156241943404,245.9452528022764,240.89579379056408,241.85897827148438,28333900
NVDA,2023-03-10,23.36106553205838,23.578619542231447,22.679463555166457,22.9179744720459,474866000
QQQ,2023-03-10,286.9662054618756,288.4557873254567,281.62535706186685,282.77191162109375,98593600
AAPL,2023-03-13,145.43970497520198,150.68423448355665,145.33146834316847,148.0570526123047,84457100
MSFT,2023-03-13,240.70116918441778,250.92660047438005,239.07638938766013,247.0446319580078,33339700
NVDA,2023-03-13,22.70541142718648,23.2502929083055,22.251343209013474,22.91897201538086,421890000
QQQ,2023-03-13,280.98838499588663,288.57338577191166,279.4792143568282,284.86907958984375,97123600
AAPL,2023-03-14,148.85406081281639,150.94005952145656,147.69299059245188,150.14305114746094,73695900
MSFT,2023-03-14,249.79801983882402,254.00105499083594,248.93211882541823,253.7286376953125,33620300
NVDA,2023-03-14,23.447888767567775,24.169407892174178,23.411961279895785,24.01372718811035,474910000
QQQ,2023-03-14,288.4165004306945,291.9640058907072,287.5737361087998,291.41522216796875,73602500
AAPL,2023-03-15,148.76549840164833,150.79246155107444,147.51586009545082,150.53663635253906,77167900
MSFT,2023-03-15,252.94062390775835,259.26462569990724,252.19145392381762,258.2527770996094,46028000
NVDA,2023-03-15,23.71234953099833,24.2362742238191,23.312171498969583,24.178394317626953,524486000
QQQ,2023-03-15,288.8085334957989,293.2772187994073,287.36796850276227,292.94403076171875,83631500
AAPL,2023-03-16,149.71995500240442,153.9510028988609,149.20828955550553,153.3507843017578,76161100
MSFT,2023-03-16,258.0289586598438,269.07164313641664,256.1512239726221,268.7214050292969,54768800
NVDA,2023-03-16,23.977802891862606,25.535605516897093,23.845073897032023,25.48870277404785,583253000
QQQ,2023-03-16,292.0327082473355,301.02887644464795,291.2389304597185,300.6662902832031,98198100
AAPL,2023-03-17,153.5770871091514,154.2265068856699,151.80594908869074,152.514404296875,98944600
MSFT,2023-03-17,270.72558821466924,275.6582857099673,268.83811504692954,271.8638916015625,69527400
NVDA,2023-03-17,25.92880271607246,26.344948734040642,25.61544454374299,25.67232894897461,848547000
QQQ,2023-03-17,300.5780825063804,302.9594157617402,297.2951586443175,299.24530029296875,89923700
AAPL,2023-03-20,152.5832627325511,155.28916298853815,151.6780028890537,154.87588500976562,73641400
MSFT,2023-03-20,269.4802097016117,269.96667117719255,262.5432643092286,264.85882568359375,43466600
NVDA,2023-03-20,25.56255140531931,25.970714347329455,25.07854386503028,25.846967697143555,432747000
QQQ,2023-03-20,298.6289679407681,300.63119141205766,296.42060944375663,300.30731201171875,56359500
AAPL,2023-03-21,154.79717806171172,156.8438093660786,154.0296725549558,156.72573852539062,73938300
MSFT,2023-03-21,267.4370730210024,267.5538190277959,262.22219041795455,266.3668518066406,34558700
NVDA,2023-03-21,26.126395026788483,26.337960836204616,25.329031245204536,26.145355224609375,547408000
QQQ,2023-03-21,302.2407682542948,305.0478221056915,300.7292615905123,304.5963439941406,49757000
AAPL,2023-03-22,156.7454546452784,159.5399085601911,155.27934300701256,155.2990264892578,75701800
MSFT,2023-03-22,265.9971973475459,273.43034485869043,264.81022985408475,264.9172668457031,34873300
NVDA,2023-03-22,26.370891881444173,27.53250995771594,26.183277100976117,26.41380500793457,797295000
QQQ,2023-03-22,304.52762457022,309.41546731911467,300.2876003277634,300.4544372558594,75791900
AAPL,2023-03-23,156.28299079055427,158.95937384680835,155.15142327717084,156.38137817382812,67622100
MSFT,2023-03-23,270.41426299778846,273.44977847868375,267.7484630649204,270.141845703125,36610900
NVDA,2023-03-23,27.059477978352234,27.442692460706514,26.635348987272323,27.13532257080078,564889000
QQQ,2023-03-23,304.1841703718912,308.33586449885354,301.32802358760387,304.0173034667969,74576000
AAPL,2023-03-24,156.31251228008384,157.76877470893055,155.31871410467124,157.6802215576172,59196500
MSFT,2023-03-24,269.7332324450906,273.03145651581804,267.8263111878216,272.97308349609375,28172000
NVDA,2023-03-24,26.975651684052345,27.111372891793874,26.301035262211116,26.724166870117188,454920000
QQQ,2023-03-24,303.5952799906133,305.23435576063616,301.2691474607354,305.13623046875,57195200
AAPL,2023-03-27,157.37517430078694,158.19186606543823,155.33836200567538,155.74179077148438,52390300
MSFT,2023-03-27,272.90498464073,273.83898269172226,268.059815935794,268.89654541015625,26840200
NVDA,2023-03-27,26.782052080395054,26.944718450224425,26.311018361963345,26.4766788482666,361026000
QQQ,2023-03-27,305.833089590293,306.9127374035687,302.19176055680384,303.045654296875,50287400
AAPL,2023-03-28,155.43676283008696,155.94842821050446,153.47866946121147,155.12188720703125,45992200
MSFT,2023-03-28,268.32248351379377,268.6630125541161,264.68373074732534,267.77764892578125,21878600
NVDA,2023-03-28,26.392847592513167,26.45871243560378,25.79706988863312,26.35592269897461,356104000
QQQ,2023-03-28,302.466559225668,302.49600280278304,299.1294607378363,301.43597412109375,48585900
AAPL,2023-03-29,156.8143056879684,158.46737267599337,156.7946372221569,158.19186401367188,51305700
MSFT,2023-03-29,271.4066242065595,273.527619165426,270.8715283691032,272.9146728515625,25087000
NVDA,2023-03-29,26.770074250919894,27.02255456693602,26.542540461107045,26.928747177124023,393694000
QQQ,2023-03-29,305.1263998840245,307.55068761030134,304.3117443176052,306.9323425292969,53274300
AAPL,2023-03-30,158.9396863414281,159.8646148025582,158.68386113447403,159.75637817382812,49501700
MSFT,2023-03-30,276.53391335276035,276.7576666390423,273.85837511849326,276.3587646484375,25053400
NVDA,2023-03-30,27.173248891114078,27.442696524698064,27.046508115727384,27.326932907104492,364516000
QQQ,2023-03-30,309.4056958218703,310.4657245286793,307.02067616071264,309.8375549316406,58354800
AAPL,2023-03-31,159.83511792767183,162.35406341845376,159.3136181978193,162.2556610107422,68749800
MSFT,2023-03-31,276.04750748202,281.4374805787577,275.33726286422353,280.4937438964844,32766000
NVDA,2023-03-31,27.08442659853217,27.77700578403353,27.049498418004845,27.720123291015625,433933000
QQQ,2023-03-31,310.06333534027965,315.2259960757609,309.7590750261057,314.99041748046875,62138100
AAPL,2023-04-03,161.63575413574327,163.62335040456196,161.58655293789977,163.50527954101562,56976200
MSFT,2023-04-03,278.7619923385716,280.4646082302999,276.261601851509,279.4527893066406,24883300
NVDA,2023-04-03,27.45267583533266,27.942669731519793,27.28002971948546,27.90774154663086,398716000
QQQ,2023-04-03,312.8702977614963,314.4897840605009,311.54530708451983,314.2247619628906,47126800
AAPL,2023-04-04,163.92839947620809,164.16454121432164,162.46228779099377,162.9739532470703,46278300
MSFT,2023-04-04,279.4527472277195,282.5855611844231,277.93498937950386,279.4040832519531,25824300
NVDA,2023-04-04,27.908735793018696,27.94266656976958,27.251084780335454,27.396785736083984,368592000
QQQ,2023-04-04,314.6665077964357,315.6774438935838,311.94775434717684,313.1648254394531,45875400
AAPL,2023-04-05,162.09822184489292,162.40324825832465,159.20536551321473,161.13392639160156,51511700
MSFT,2023-04-05,278.11008412867955,279.3748723279069,275.25942646851195,276.6409606933594,22064800
NVDA,2023-04-05,26.774064682882994,26.942717354778598,26.340953337844432,26.825958251953125,515015000
QQQ,2023-04-05,312.2127972814154,313.15502177624506,308.25738336194655,310.0731506347656,62795700
AAPL,2023-04-06,159.82525040692016,162.31469290771022,159.40215313314846,162.01950073242188,45390100
MSFT,2023-04-06,275.5415966022882,284.171421432575,274.39355424617895,283.7044372558594,29770300
NVDA,2023-04-06,26.529562651009662,27.024547263842212,26.37288455652641,26.98163604736328,397654000
QQQ,2023-04-06,308.4242120369294,312.6544425683742,307.0305093772387,312.1636962890625,46916500
AAPL,2023-04-10,158.8314525568901,159.43167114257812,157.51294452082058,159.43167114257812,47716900
MSFT,2023-04-10,281.3791115118309,281.75856581319096,277.00095709388467,281.55426025390625,23103000
NVDA,2023-04-10,26.768077072918704,27.564443419953324,26.614393073942708,27.52252960205078,395279000
QQQ,2023-04-10,309.2388628884362,312.03612262814016,307.452539270489,311.9870300292969,45134700
AAPL,2023-04-11,159.74652133194326,159.7563555644006,157.93601661540757,158.22137451171875,47644200
MSFT,2023-04-11,278.0128240085293,278.2366070491665,274.01412362630157,275.171875,27276600
NVDA,2023-04-11,27.66723481289394,27.7330996597478,27.070457767266205,27.113370895385742,314378000
QQQ,2023-04-11,311.94769536151995,312.0066124581122,309.47434546263446,309.9847106933594,40113600
AAPL,2023-04-12,158.6346580327857,159.46118408911326,157.2177476424543,157.53262329101562,50133100
MSFT,2023-04-12,277.07878271017614,279.2386732168352,274.32539366289427,275.81396484375,27403400
NVDA,2023-04-12,27.31395651647884,27.4117554199044,26.39384357131544,26.44074821472168,446259000
QQQ,2023-04-12,311.93793154691537,312.52683299595236,306.7850962851923,307.24639892578125,62813300
AAPL,2023-04-13,159.0380889195549,163.14121655398105,158.83144989570576,162.90505981445312,68445600
MSFT,2023-04-13,275.91129524198396,282.05043844818863,275.5026841124763,281.9920654296875,24222700
NVDA,2023-04-13,26.67926041012461,26.831947015202942,26.275090880655256,26.408815383911133,353615000
QQQ,2023-04-13,309.00335653036205,313.7341588846754,307.82558317448485,313.2630615234375,54613800
AAPL,2023-04-14,161.95057076563972,163.65283866101953,161.19292957831368,162.56063842773438,49386500
MSFT,2023-04-14,279.22891147364464,280.6688482565068,276.00853859815146,278.3922119140625,20987900
NVDA,2023-04-14,26.449729310820583,26.82795296952223,26.166310441978037,26.703208923339844,395660000
QQQ,2023-04-14,311.7122292583174,314.4309529600365,309.7688631396703,312.6741027832031,56278300
AAPL,2023-04-17,162.44259843625022,162.73779061232008,161.39959909302152,162.58035278320312,41516200
MSFT,2023-04-17,282.07960200286976,283.7043967289592,278.4116924129814,280.9801940917969,23836200
NVDA,2023-04-17,26.510607005107396,26.950704014318593,26.378877313961777,26.946712493896484,321471000
QQQ,2023-04-17,312.2618850971799,313.29247036616664,310.1909499532342,312.9391174316406,43007000
AAPL,2023-04-18,163.4363837761115,164.72537387764507,162.99358808032773,163.80044555664062,49923000
MSFT,2023-04-18,283.6751943988744,283.86005216252715,279.23866745372095,280.56182861328125,20161800
NVDA,2023-04-18,27.476627054688475,28.05244531067526,27.300986821273888,27.6103515625,604812000
QQQ,2023-04-18,315.04932442631457,315.47138904102917,311.7613479245438,312.958740234375,46746900
AAPL,2023-04-19,163.1412083770297,165.46336364998885,162.8853681685066,164.94186401367188,47720200
MSFT,2023-04-19,278.2462970182061,281.2234396408052,276.8355761901663,280.63970947265625,17150300
NVDA,2023-04-19,27.304975350464428,27.94266686552096,27.176239781728775,27.873807907104492,358660000
QQQ,2023-04-19,310.55407195884237,313.87152168372256,310.4264731305352,312.8114929199219,38960100
AAPL,2023-04-20,163.4265370188754,165.17799130758831,162.9050374280842,163.97755432128906,52456400
MSFT,2023-04-20,277.52630699953454,281.2039550334732,277.3608970127179,278.3630065917969,23244400
NVDA,2023-04-20,27.61433652183975,27.972602540569465,26.944711027253327,27.048498153686523,427713000
QQQ,2023-04-20,309.8473756449807,313.3611056829367,309.14069983335924,310.42645263671875,62462100
AAPL,2023-04-21,162.4032359760057,163.78077935638615,161.85221862385353,162.37371826171875,58337300
MSFT,2023-04-21,277.2928600656761,278.5187231488767,275.3956478853203,278.0225524902344,21676400
NVDA,2023-04-21,26.896811075410813,27.12733896388513,26.667282494525807,27.06346893310547,345103000
QQQ,2023-04-21,310.0633393438064,311.52575377293005,308.28684008542274,310.7503662109375,59002300
AAPL,2023-04-24,162.3540163618739,162.94440060882783,161.26181601487568,162.67872619628906,41949600
MSFT,2023-04-24,274.45190651995864,277.234482358,271.173160031667,274.14056396484375,26611000
NVDA,2023-04-24,26.9576876302619,27.309963550008472,26.616386963271044,26.98662757873535,339282000
QQQ,2023-04-24,310.52463472855015,311.85945029215236,307.93347987763684,310.10260009765625,44043100
AAPL,2023-04-25,162.54099521393778,163.6430299514636,161.10440134757968,161.14376831054688,48714100
MSFT,2023-04-25,271.941745821894,273.9751515427264,267.91382992661585,267.9624938964844,45772200
NVDA,2023-04-25,27.022557264988468,27.191211864022204,26.17130503524893,26.187271118164062,378527000
QQQ,2023-04-25,308.473335566847,309.1407433849651,304.15477386644125,304.2528991699219,57121600
AAPL,2023-04-26,160.44515464932056,162.62955575633885,160.18932943478703,161.13392639160156,45498800
MSFT,2023-04-26,288.66631890750085,291.45860367890464,284.80381270160626,287.372314453125,64599200
NVDA,2023-04-26,26.946713672472086,27.274041202719886,26.65032090270942,26.900806427001953,406337000
QQQ,2023-04-26,307.63903402208973,309.11127287941105,305.5778936312846,306.09808349609375,55400500
AAPL,2023-04-27,162.54097091629146,165.85692388096987,162.54097091629146,165.70933532714844,64902300
MSFT,2023-04-27,287.9560567732343,296.936147852177,287.2555509397699,296.5761413574219,46462600
NVDA,2023-04-27,27.306972360442714,27.43870204664904,26.57048262204744,27.170251846313477,377161000
QQQ,2023-04-27,309.85726838658866,314.9217445401851,309.21927414668374,314.42120361328125,65430400
AAPL,2023-04-28,165.7880799666726,167.12627144742981,165.18786139778672,166.958984375,55275900
MSFT,2023-04-28,295.7783383038111,300.5651029592613,295.097280309873,298.9403381347656,36469600
NVDA,2023-04-28,27.169255299832017,27.701162985929276,27.015569392110717,27.692182540893555,292216000
QQQ,2023-04-28,314.18551113317454,316.67851016315626,313.0568008876314,316.5901794433594,59712600
AAPL,2023-05-01,166.56539597816914,167.71663185783257,165.9356597273935,166.87042236328125,52472900
MSFT,2023-05-01,298.6582633895383,300.24413310215317,296.8875358766026,297.28643798828125,21294100
NVDA,2023-05-01,27.782992788233905,28.998499127200773,27.72311618189631,28.850801467895508,570329000
QQQ,2023-05-01,316.1289565631733,317.64046359518244,315.14746393639973,316.22711181640625,41013400
AAPL,2023-05-02,167.36241202489828,167.6182522416185,164.8533011388869,165.83726501464844,48425700
MSFT,2023-05-02,299.42684782678805,300.8083821173536,295.681087639922,297.1404724121094,26404400
NVDA,2023-05-02,28.621275795478528,28.776956510510566,28.025498077141993,28.152236938476562,402730000
QQQ,2023-05-02,316.1583963914901,316.48230572803664,311.7318551123893,313.4691162109375,56519400
AAPL,2023-05-03,166.7818533947913,168.17908009941613,164.47938185396285,164.7647247314453,65136000
MSFT,2023-05-03,298.31766627691815,300.25377368049993,295.85617210321027,296.15777587890625,22360800
NVDA,2023-05-03,27.782995617159955,28.30891697061435,27.415749094927655,27.745073318481445,383387000
QQQ,2023-05-03,313.832279731987,316.50194097973383,311.30983639348045,311.4178161621094,59882100
AAPL,2023-05-04,162.24578626436005,164.36130237503923,161.67508547315035,163.13134765625,81235400
MSFT,2023-05-04,297.94798558856564,299.42684782678805,295.1848873161754,297.1404724121094,22519900
NVDA,2023-05-04,27.594378381183077,27.801952644290193,27.18422068244442,27.50556182861328,321850000
QQQ,2023-05-04,311.1919941513549,312.3403534983685,309.28789639998797,310.3184814453125,50224500
AAPL,2023-05-05,168.23812815446027,171.504895212846,168.02165491497223,170.78660583496094,113453200
MSFT,2023-05-05,297.4421422377088,303.52291347139607,296.03139143498703,302.2386474609375,28197100
NVDA,2023-05-05,27.769027213873315,28.696124060234265,27.674222409101244,28.621278762817383,361494000
QQQ,2023-05-05,312.5759436628054,317.7680478062891,310.3577608434829,316.9141540527344,51806100
AAPL,2023-05-08,169.7140651629481,171.06210572406735,169.35000337616833,170.71771240234375,55962800
MSFT,2023-05-08,301.7326922255804,301.8008039789724,297.80207398264633,300.2927551269531,21318600
NVDA,2023-05-08,28.46359684267218,29.160167550884644,28.291950055367597,29.09130859375,344979000
QQQ,2023-05-08,316.45279521060826,318.0428081183412,315.37314757178615,317.69927978515625,36465800
AAPL,2023-05-09,170.27492954930042,170.75706217667226,168.84818511789587,169.0154571533203,45326900
MSFT,2023-05-09,299.66033160181695,301.6451031506541,298.0160890953245,298.6874084472656,21340800
NVDA,2023-05-09,28.839828282414175,28.913676170511692,28.3917482221622,28.51249885559082,314869000
QQQ,2023-05-09,316.0405176716163,316.9042356800561,315.3731101024647,315.68719482421875,31768800
AAPL,2023-05-10,170.24541483030967,171.23921282792068,169.14336520388548,170.77674865722656,53724500
MSFT,2023-05-10,300.2635487654328,304.52495706862396,299.33928955394174,303.8536376953125,30078000
NVDA,2023-05-10,28.945606561729885,29.053387119106517,28.402721772055823,28.82585334777832,369350000
QQQ,2023-05-10,318.1213560020154,319.9763912725399,315.6480055940912,319.12249755859375,60446600
AAPL,2023-05-11,171.06211698775132,171.79024060925457,169.40904995436452,170.96371459960938,49514700
MSFT,2023-05-11,301.7034867589505,302.695857722587,297.9674652772338,301.71319580078125,31680200
NVDA,2023-05-11,28.836833229798795,28.89072351358173,28.18816453314951,28.51948356628418,322149000
QQQ,2023-05-11,319.67218699558043,320.7027423579291,318.12141174329184,320.1629333496094,44278500
AAPL,2023-05-12,171.0720697527437,171.50561502670146,168.4905238476374,170.03749084472656,45533100
MSFT,2023-05-12,302.14127044452766,302.2385686971637,298.29824184109515,300.60406494140625,19774700
NVDA,2023-05-12,28.470583157825374,28.72107056378974,27.988572349830026,28.281970977783203,274222000
QQQ,2023-05-12,320.6929009402905,321.1149655466189,316.9632408273955,319.0145568847656,48432800
AAPL,2023-05-15,170.61883064941935,170.66809989196608,168.95362948142878,169.54483032226562,37266700
MSFT,2023-05-15,300.73054195833356,301.50886857686805,299.26141854774806,301.0807800292969,16336500
NVDA,2023-05-15,28.449626392092515,28.90968288930767,28.09435634331566,28.893714904785156,293926000
QQQ,2023-05-15,319.4856645520145,320.97752251513634,317.96433305634275,320.7419738769531,33375600
AAPL,2023-05-16,169.46600254116325,170.5991199454283,169.27878844040285,169.54483032226562,42110300
MSFT,2023-05-16,301.4407853698495,305.21573217875385,301.4407853698495,303.299072265625,26730300
NVDA,2023-05-16,28.781946830273363,29.808841156723194,28.77296638486964,29.15318489074707,449405000
QQQ,2023-05-16,320.0254243410232,322.81285929154046,319.98615625643214,321.1050720214844,40019200
AAPL,2023-05-17,169.19011716888295,170.39219951568867,167.91903983890595,170.15573120117188,57951600
MSFT,2023-05-17,304.49838322404014,306.5849748220485,302.98703781876026,306.16571044921875,24315000
NVDA,2023-05-17,29.523423532319487,30.137164031905737,29.369739532230806,30.116207122802734,432535000
QQQ,2023-05-17,322.1650875880521,325.5708677503054,320.9873145634712,324.9917907714844,47486100
AAPL,2023-05-18,170.46119076780954,172.6683237371227,170.04735615510018,172.48110961914062,65496700
MSFT,2023-05-18,306.68252689685806,311.0800126585323,305.8927386445008,310.5729675292969,27276000
NVDA,2023-05-18,30.347732971846412,31.76282877397273,30.257917101676483,31.613136291503906,748725000
QQQ,2023-05-18,325.3844324017041,331.2439447177348,325.36481333171304,331.02801513671875,64213500
AAPL,2023-05-19,173.80143807257875,173.80143807257875,172.3727201425523,172.58949279785156,55809500
MSFT,2023-05-19,308.83734438329236,310.7972045125446,308.47658062453104,310.3974304199219,27546700
NVDA,2023-05-19,31.471431780342787,31.515342318077742,30.85270224828464,31.199989318847656,473908000
QQQ,2023-05-19,331.24391752243963,331.9505933702211,329.2220452265491,330.2820739746094,61554900
AAPL,2023-05-22,171.42682777563832,172.14612580242743,170.9046067635048,171.6436004638672,43570900
MSFT,2023-05-22,310.65094892902596,314.5413890695808,310.0756729757329,313.16656494140625,24115700
NVDA,2023-05-22,30.837727010931786,31.455460948812917,30.617180758045432,31.112165451049805,372000000
QQQ,2023-05-22,330.02685483940945,332.40207988096876,330.0170303294707,331.3911437988281,43015900
AAPL,2023-05-23,170.58927970470205,170.83561089353927,168.76642289336164,169.0423126220703,50747300
MSFT,2023-05-23,312.04526511786804,314.66815212283035,307.3845270869392,307.394287109375,30797200
NVDA,2023-05-23,30.936525465603022,31.223935873295638,30.568281535055462,30.625164031982422,356253000
QQQ,2023-05-23,329.67354301090694,330.8218725069687,326.8370151983698,327.1903381347656,48216700
AAPL,2023-05-24,168.57922839342694,169.8897122746601,168.0176010356781,169.31822204589844,45143500
MSFT,2023-05-24,306.87751903685313,308.60334694737196,304.81038789466385,306.01947021484375,23384900
NVDA,2023-05-24,30.14814019154648,30.54432854642124,29.74496810397816,30.4754695892334,721419000
QQQ,2023-05-24,325.2372071881873,326.7487142213428,323.460707928602,325.51202392578125,62891200
AAPL,2023-05-25,169.87981912776905,171.34794317011776,169.17038420782944,170.45130920410156,56058300
MSFT,2023-05-25,315.175173290878,318.7438600972789,312.0160206042334,317.788330078125,43301700
NVDA,2023-05-25,38.44412443571779,39.399165745558044,36.55998955658973,37.90223693847656,1543911000
QQQ,2023-05-25,332.86339520970245,334.69878147156203,330.4391074318428,333.4326477050781,66862800
AAPL,2023-05-26,170.77652387763237,173.19056694623742,170.5695990272421,172.8555450439453,54835000
MSFT,2023-05-26,315.93572275471354,325.0816974555801,315.79923121389265,324.5844421386719,36630600
NVDA,2023-05-26,37.812419131021514,39.08979709643769,37.47311513309701,38.86625671386719,714397000
QQQ,2023-05-26,334.4534083996253,342.7862705013703,334.3552531548107,341.9519958496094,63007000
AAPL,2023-05-30,174.36309800636275,176.36330631715728,173.9788219031772,174.69810485839844,55964400
MSFT,2023-05-30,326.86600894737563,327.36326419300417,322.2735022093098,322.9462890625,29503100
NVDA,2023-05-30,40.51188361880298,41.852132355940626,39.867206384616175,40.028873443603516,923401000
QQQ,2023-05-30,346.18220186431466,347.37962387982896,342.0795705146639,343.50274658203125,72652200
AAPL,2023-05-31,174.72766202276017,176.71802248155805,174.16601962684186,174.64883422851562,99625300
MSFT,2023-05-31,323.9994675036547,327.5583950923326,319.1631966660686,320.19677734375,45950600
NVDA,2023-05-31,39.40714336242504,40.21249015793831,37.74455429743757,37.75653076171875,1002580000
QQQ,2023-05-31,341.9225630348241,344.11130225670985,340.0970012254624,341.5495910644531,65105400
AAPL,2023-06-01,175.0922328882,177.47671735788407,174.33352850038895,177.44715881347656,68901800
MSFT,2023-06-01,317.7980281716673,325.2084138620462,316.61822604492374,324.2821044921875,26773900
NVDA,2023-06-01,38.41018533563602,39.967989732477896,38.261492175606385,39.68856430053711,635873000
QQQ,2023-06-01,341.29439159721204,346.8201691113252,340.2441874526576,345.49517822265625,50488600
AAPL,2023-06-02,178.37336820267623,179.11236188910445,176.62933889294345,178.29454040527344,61996900
MSFT,2023-06-02,325.9104672337744,329.0793797798021,324.25287030723234,327.0317687988281,25873800
NVDA,2023-06-02,40.014895164925456,40.4170698367897,38.97802122010776,39.2464714050293,482731000
QQQ,2023-06-02,347.25202910838146,349.2444576542266,345.49517912675213,348.0863037109375,53372100
AAPL,2023-06-05,179.9498694414483,182.23581511366768,175.42721727327233,176.9446258544922,121946500
MSFT,2023-06-05,326.8562818593042,330.11294548453895,326.31025620693947,327.5583190917969,21307100
NVDA,2023-06-05,38.82932526473996,39.48398018738729,38.62773924122982,39.090789794921875,396094000
QQQ,2023-06-05,347.8703928659199,350.883582144611,347.30114037340985,348.3316955566406,47266200
AAPL,2023-06-06,177.32891962025158,177.476712338109,174.8261860088602,176.580078125,64848400
MSFT,2023-06-06,326.96356317095973,327.0025735098163,323.8824307932031,325.354736328125,20396200
NVDA,2023-06-06,38.75049794421731,39.07982029424169,38.06989131464503,38.57485580444336,388729000
QQQ,2023-06-06,347.7231632246743,349.2346700680704,346.3981423533168,348.2727966308594,41390400
AAPL,2023-06-07,175.82136104700194,178.5507149734009,174.71780207381394,175.21046447753906,61944600
MSFT,2023-06-07,323.37529757305805,326.14443575419256,314.4535968237107,315.3116455078125,40717100
NVDA,2023-06-07,38.8393365135724,39.42220064737449,37.28336583715142,37.40213394165039,511998000
QQQ,2023-06-07,348.55747375650026,350.5106344564043,341.73608816769587,342.3642578125,69225900
AAPL,2023-06-08,175.2892895872439,178.18614713091944,174.85575927069235,177.9201202392578,50214900
MSFT,2023-06-08,315.85770223750364,318.4903491637824,315.28242630303987,317.144775390625,23277700
NVDA,2023-06-08,37.650659835337656,38.78844295333315,37.4320876337174,38.43513107299805,417772000
QQQ,2023-06-08,342.6586610808147,347.0753773858951,342.4329369727751,346.61407470703125,47153900
AAPL,2023-06-09,178.83646640490514,179.5557493602978,177.97923856717878,178.3043975830078,48900000
MSFT,2023-06-09,316.8814888323344,321.75673881470783,316.3159729270914,318.6365966796875,22529000
NVDA,2023-06-09,38.96109737948555,39.6337866781629,38.492013810296655,38.694618225097656,427717000
QQQ,2023-06-09,348.06671625868603,351.04063755935596,346.49632214996257,347.9391174316406,53196900
AAPL,2023-06-12,178.6098569544308,181.191403498661,178.3142564640164,181.09286499023438,54274900
MSFT,2023-06-12,320.38188031031484,323.81407497291605,317.04722634427355,323.5703125,24260300
NVDA,2023-06-12,39.12378209838564,39.45313848189554,38.542912981212005,39.40523147583008,388701000
QQQ,2023-06-12,349.5978615036992,353.91642307560437,348.6261933870345,353.8182678222656,44606500
AAPL,2023-06-13,180.11737806569877,181.4475575367352,179.76266053311636,180.61988830566406,54929100
MSFT,2023-06-13,326.1249342097831,328.57231892797256,322.1467437962909,325.9494323730469,22951300
NVDA,2023-06-13,40.107864800357326,41.0210866253636,39.66273283742683,40.942237854003906,613208000
QQQ,2023-06-13,356.5664308825815,357.3712319959438,353.3667556384782,356.5369873046875,57097800
AAPL,2023-06-14,180.67899811094975,181.68403358526143,179.34881869349235,181.25048828125,57462900
MSFT,2023-06-14,325.99819005349843,330.5809366273575,324.5063648507166,328.92333984375,26003800
NVDA,2023-06-14,40.74463080916541,42.916398894689806,40.47315646710425,42.91340637207031,740465000
QQQ,2023-06-14,356.5467826318429,359.4127540150757,353.74955286754476,359.12811279296875,69525600
AAPL,2023-06-15,181.26036948430115,183.78279874291368,181.08300318978328,183.2802734375,65433200
MSFT,2023-06-15,329.0598905688736,341.1114945004108,328.78687775426107,339.4149169921875,38899100
NVDA,2023-06-15,42.51916882992291,43.20483334915505,42.065051672698964,42.570068359375,568622000
QQQ,2023-06-15,357.86198333051135,364.8894735642349,357.2436681859802,363.4074401855469,71138800
AAPL,2023-06-16,183.98970387223915,184.245897953939,181.56581317602513,182.20626831054688,101256200
MSFT,2023-06-16,342.55463113018976,342.70088270371474,333.4184158445692,333.7889099121094,46552000
NVDA,2023-06-16,43.36551525859182,43.635988226566326,42.578047952217986,42.60898971557617,655709000
QQQ,2023-06-16,365.82193301981806,365.9495318537329,360.67892124082596,361.1205749511719,80932000
AAPL,2023-06-20,181.70376647980103,183.3689679486228,181.70376647980103,182.29495239257812,49799100
MSFT,2023-06-20,330.8441729587754,333.54505041870027,327.48023896465304,329.6156005859375,26375400
NVDA,2023-06-20,42.914401391724816,43.90447325497645,42.591030025374586,43.72282409667969,451153000
QQQ,2023-06-20,359.66992816528324,361.9992516934067,357.6452823141966,360.6036071777344,49204700
AAPL,2023-06-21,182.1865534203878,182.68907870149724,179.91045548906328,181.26036071777344,49515700
MSFT,2023-06-21,327.9775897528391,329.3036733312241,323.784886322757,325.2377014160156,25117800
NVDA,2023-06-21,43.416422222584046,43.53020280046162,41.998187390967416,42.961307525634766,551603000
QQQ,2023-06-21,359.46348986847545,359.89594138420165,354.76552112387077,355.68939208984375,53378300
AAPL,2023-06-22,181.0435838743865,184.3050065515812,180.97460392176268,184.2557373046875,51245300
MSFT,2023-06-22,325.7836965611128,331.63399647710884,325.0231587622799,331.2342224121094,23556800
NVDA,2023-06-22,42.170846843287116,43.341566542076215,42.15188658669768,42.941349029541016,417737000
QQQ,2023-06-22,354.44123298126794,360.0433972788197,354.0382653924448,359.88616943359375,47603000
AAPL,2023-06-23,182.82700770116728,184.807505007212,182.29492392440986,183.94041442871094,53117000
MSFT,2023-06-23,326.01771828331994,329.5279043913859,325.13044892910204,326.6612548828125,23146900
NVDA,2023-06-23,42.381435491620046,42.72576209923424,41.93330719856048,42.126930236816406,358140000
QQQ,2023-06-23,355.9940362893382,358.61822910430584,354.6279059428646,356.3183898925781,48922900
AAPL,2023-06-26,184.0882672784463,185.290364953315,182.51174130111704,182.55116271972656,48088700
MSFT,2023-06-26,325.39367934124914,327.7240333118318,320.29415725203825,320.40142822265625,21520600
NVDA,2023-06-26,42.37844394803587,42.68085624285854,40.02203424973249,40.553001403808594,594322000
QQQ,2023-06-26,355.78764942462146,358.57890804736354,351.4533266707655,351.5417785644531,52685500
AAPL,2023-06-27,183.1620179856705,185.6253298715582,182.94524533692336,185.3001708984375,50730800
MSFT,2023-06-27,323.5800965917035,327.7630696544983,321.08397083431,326.2225036621094,24354100
NVDA,2023-06-27,40.71967665079335,41.85845711307234,40.36936115095312,41.79458236694336,462175000
QQQ,2023-06-27,353.08482384345353,358.3135332350128,352.35753276050247,357.5862121582031,49428100
AAPL,2023-06-28,185.17208134019785,187.11317238738192,184.84693738882143,186.47271728515625,51216800
MSFT,2023-06-28,326.31026905867196,329.5474425224492,325.48147052492266,327.4705810546875,20259500
NVDA,2023-06-28,40.58094379252524,41.76364114383004,40.43922159164072,41.03705596923828,582639000
QQQ,2023-06-28,355.76805334391855,360.23012057412603,355.6894094314815,358.28411865234375,46498000
AAPL,2023-06-29,186.30524420235466,187.28072131986815,186.1672993101183,186.80775451660156,46347300
MSFT,2023-06-29,326.35897729326905,327.72404134255896,324.3211263632283,326.69049072265625,16997000
NVDA,2023-06-29,41.47719520674288,41.51911336113598,40.521057714884826,40.74262619018555,380514000
QQQ,2023-06-29,357.9892028503114,358.6280720795625,355.92526531964336,357.56658935546875,46151000
AAPL,2023-06-30,188.81778728912292,191.62595381515632,188.45320690668942,191.12344360351562,85213200
MSFT,2023-06-30,329.32315064368396,334.17891054970244,328.78688502474677,332.0435485839844,26832800
NVDA,2023-06-30,41.59896098123988,42.467268355429134,41.420308161971434,42.219749450683594,501148000
QQQ,2023-06-30,361.24238851694764,364.1319369850528,360.9279028966516,363.080322265625,58712500
AAPL,2023-07-03,190.93627177904648,191.03481029014517,188.94591112680644,189.63565063476562,31458200
MSFT,2023-07-03,330.72726202126387,332.39458944231734,328.1726353949494,329.55718994140625,12508700
NVDA,2023-07-03,42.434326127886784,42.81458581035407,42.11994000015232,42.330528259277344,198209000
QQQ,2023-07-03,363.7191990468585,364.56442610409556,362.63807025771337,363.9354248046875,19432900
AAPL,2023-07-05,188.75866963191964,190.14796610334872,187.82259909124357,188.52218627929688,46920300
MSFT,2023-07-05,326.7294540565752,333.12577875846375,326.3784503898892,329.7131042480469,18172400
NVDA,2023-07-05,42.05307299440359,43.09304679541421,42.003170973529485,42.23472213745117,323618000
QQQ,2023-07-05,362.372725830964,365.62592029282894,362.33340387544496,363.92559814453125,34460900
AAPL,2023-07-06,187.05407174607458,189.20208780415717,186.42346442381324,188.9951629638672,45094300
MSFT,2023-07-06,328.88439044633213,334.432427956872,327.1293121494876,332.7553405761719,28161200
NVDA,2023-07-06,41.76264574505463,42.096993500956245,41.2656128948708,42.021141052246094,303582000
QQQ,2023-07-06,360.2203126942512,361.5962812236896,358.264442790466,361.15399169921875,49374700
AAPL,2023-07-07,188.60102706839623,189.84253092683244,187.4481988352347,187.88172912597656,46815000
MSFT,2023-07-07,330.8539769415479,333.26235165945616,328.5918537740865,328.8063659667969,21214800
NVDA,2023-07-07,42.239712723775206,43.129980526432945,42.097990517388034,42.42036056518555,355881000
QQQ,2023-07-07,360.92792588819304,364.12215218790664,359.7288612774692,359.95489501953125,47133700
AAPL,2023-07-10,186.4825877482977,187.20188576037833,184.29516523716504,185.84213256835938,59922200
MSFT,2023-07-10,326.25171917261997,326.86600540201454,319.4166095021663,323.5508117675781,32791400
NVDA,2023-07-10,42.57406186731793,42.72776176918797,41.56801853142634,42.09798812866211,353908000
QQQ,2023-07-10,359.67971589726346,360.7510067003448,357.1734886966623,360.0728454589844,48498800
AAPL,2023-07-11,186.384037813756,186.5219826806886,183.86160879849567,185.31988525390625,46638100
MSFT,2023-07-11,322.80001130179477,324.5550891855568,318.8413111644658,324.1748352050781,26698200
NVDA,2023-07-11,42.39839653240351,42.67485834432988,41.985203882736315,42.32254409790039,298244000
QQQ,2023-07-11,360.4955145791754,362.3039346865907,358.3627408147586,361.8518371582031,38214100
AAPL,2023-07-12,186.89640150427806,188.88676181703667,185.70416691161034,186.98509216308594,60750200
MSFT,2023-07-12,328.20182929500714,333.1258197926784,327.29503995487715,328.786865234375,29995300
NVDA,2023-07-12,42.949321638490275,43.849568091588466,42.69381892243994,43.81663131713867,481277000
QQQ,2023-07-12,365.9501931335994,367.7684509021404,363.9451935946004,366.4219665527344,61975400
AAPL,2023-07-13,187.7043680387378,188.38424453327508,186.99493300399138,187.7437744140625,41342300
MSFT,2023-07-13,331.08802584608395,335.163728322895,330.56149043448164,334.1106872558594,20567200
NVDA,2023-07-13,44.43144469055369,46.06525908080091,44.405494267990946,45.88760757446289,478204000
QQQ,2023-07-13,369.59656492256886,373.46895267792223,369.01669355737863,372.64337158203125,46960000
AAPL,2023-07-14,187.43834550769154,188.37440112570727,186.8471596075647,187.8916015625,41616200
MSFT,2023-07-14,338.9176246633776,342.66181307865304,335.71946186556954,336.6262512207031,28352700
NVDA,2023-07-14,46.492428621249765,47.99450350820883,44.972390985691305,45.38059616088867,772075000
QQQ,2023-07-14,373.0758237437194,376.28969622897483,371.6900172609404,372.56475830078125,55148500
AAPL,2023-07-17,189.08384794751433,191.46834750746484,188.9951723122315,191.1431884765625,50520200
MSFT,2023-07-17,337.05526407197954,338.33257714303016,333.6621092446477,337.1040344238281,20363900
NVDA,2023-07-17,46.19900764034249,46.405602120259054,45.174003879546035,46.370670318603516,510488000
QQQ,2023-07-17,373.28220093014846,376.918716845104,372.80061946885183,376.0439758300781,40868900
AAPL,2023-07-18,190.5125801606121,191.47819437683242,189.5962201627232,190.88699340820312,48288200
MSFT,2023-07-18,337.20153461943244,357.62884439822335,333.63287773911316,350.5207214355469,64738600
NVDA,2023-07-18,46.61019966194242,47.8028759240553,45.645080740043866,47.40165710449219,569164000
QQQ,2023-07-18,375.40510969416385,380.4863996234186,373.4787539929025,379.1202392578125,55262000
AAPL,2023-07-19,190.26624291356026,195.32094939257118,189.8228346836756,192.2368927001953,80507300
MSFT,2023-07-19,352.72433009882633,353.4166072525743,343.64661716979606,346.2207336425781,39732900
NVDA,2023-07-19,47.37171457968649,47.725026374946644,46.65111827083296,46.98546600341797,427502000
QQQ,2023-07-19,380.18170336657397,381.32179994850327,377.7049304495396,379.0317687988281,54093000
AAPL,2023-07-20,192.22701989757815,193.58677299126168,189.67503216410122,190.29579162597656,59581200
MSFT,2023-07-20,344.74842283159865,349.03863672095343,336.7530012262202,338.215576171875,33778400
NVDA,2023-07-20,46.416572252146125,46.99544633379389,44.974382199398164,45.43149185180664,537865000
QQQ,2023-07-20,376.04401778523453,377.50846830037983,369.27227262896486,370.29443359375,71941700
AAPL,2023-07-21,191.25156585425083,192.10879369152832,188.42367321559357,189.12326049804688,71951700
MSFT,2023-07-21,340.43870595783125,341.56000752112044,331.35123269865875,335.19293212890625,69405400
NVDA,2023-07-21,45.698971418551594,45.776822685139486,44.01425371443011,44.22284698486328,963769000
QQQ,2023-07-21,372.6728429155879,373.4001640896318,368.7513253445873,369.18377685546875,60499600
AAPL,2023-07-24,190.57168949200457,192.04967681854123,189.42870901778204,189.92137145996094,45377800
MSFT,2023-07-24,337.2210689969038,338.2643797019485,333.7693834548789,336.49951171875,26678100
NVDA,2023-07-24,44.64402903720118,45.02129625877823,43.95437445925072,44.52526092529297,382516000
QQQ,2023-07-24,370.156820667256,371.1003377122522,367.9159489392237,369.7735290527344,40380100
AAPL,2023-07-25,190.49282690419068,191.58653792745972,190.08884016702333,190.778564453125,37283200
MSFT,2023-07-25,338.4496449197473,343.11041322520174,336.460564028573,342.2231140136719,41637700
NVDA,2023-07-25,44.85361925028961,46.09320109466631,44.83565269586211,45.59018325805664,348081000
QQQ,2023-07-25,370.48117246878263,373.9407549455864,370.4614964927392,372.2797546386719,38894400
AAPL,2023-07-26,190.82783906853456,192.76892999363082,190.4829844332044,191.64566040039062,47471900
MSFT,2023-07-26,332.92100566860665,336.0704272308137,324.79882418149936,329.3425598144531,58383700
NVDA,2023-07-26,45.93151461260815,45.963453882826926,44.543220492794724,45.36362075805664,364237000
QQQ,2023-07-26,371.23793110681225,372.73183551991457,368.7415117640106,371.0413513183594,47075700
AAPL,2023-07-27,193.14338839624878,194.30606454519102,189.72430983845956,190.3844757080078,47460200
MSFT,2023-07-27,331.9850338749244,332.8138025679025,320.8401897883476,322.4685363769531,39635300
NVDA,2023-07-27,46.428548757899605,47.302844902001375,45.6610430080092,45.810752868652344,455976000
QQQ,2023-07-27,376.4960604398785,378.10790044992103,368.8692218728485,370.15673828125,63940200
AAPL,2023-07-28,191.8131810983056,193.74442436278966,191.29096014596897,192.95616149902344,48291400
MSFT,2023-07-28,325.3449560601863,331.52676966933615,324.8574310459994,329.92767333984375,28484900
NVDA,2023-07-28,46.57726209617673,46.93556524542494,46.29082136263418,46.65910339355469,331194000
QQQ,2023-07-28,374.206049043493,377.9211786460314,373.69498364625855,376.8990478515625,56902900
AAPL,2023-07-31,193.1827862905988,193.60648379116893,192.39452340931743,193.5670623779297,38824100
MSFT,2023-07-31,328.5138989953868,329.27443689751834,325.0426931980882,327.5388488769531,25446000
NVDA,2023-07-31,46.66309454574556,47.03836291442901,46.41557565297474,46.63814163208008,251055000
QQQ,2023-07-31,377.20370891876894,378.27499960431606,375.7785806707894,377.0955810546875,44019900
AAPL,2023-08-01,193.3601546102926,193.842954166062,192.41423613585215,192.73939514160156,35175100
MSFT,2023-08-01,326.8270321220212,330.093455775555,325.374217054016,327.9483337402344,18311900
NVDA,2023-08-01,46.36966307349115,46.808809981833214,45.9375063312931,46.41657257080078,237858000
QQQ,2023-08-01,375.7491432709596,376.97769191496076,374.1569490273522,376.2209167480469,41060600
AAPL,2023-08-02,192.17773571935334,192.3156805851802,189.03456234552243,189.75384521484375,50389300
MSFT,2023-08-02,325.3059183538415,325.3059183538415,318.2172862001048,319.328857421875,27761300
NVDA,2023-08-02,45.74188936339505,45.750870737209425,43.302641133046315,44.182926177978516,530142000
QQQ,2023-08-02,372.75147785059374,372.75147785059374,366.72667080407234,367.9650573730469,72687100
AAPL,2023-08-03,188.75871726757424,189.54696523884948,187.8916264573319,188.3645782470703,61235200
MSFT,2023-08-03,317.8663510212776,321.6495503895118,317.81761041591994,318.5098876953125,18253700
NVDA,2023-08-03,43.714830257264936,45.03026820175156,43.714830257264936,44.42844009399414,324176000
QQQ,2023-08-03,365.5570171209187,369.49820978351374,365.3899213498128,367.3752746582031,47666400
AAPL,2023-08-04,182.79747042079737,184.6301752435833,179.25029494609427,179.31927490234375,115956800
MSFT,2023-08-04,323.5995474758658,326.778219494072,319.0753019099241,319.6018371582031,23741500
NVDA,2023-08-04,44.89753933286693,45.553259657619556,44.306691262413594,44.59313201904297,362666000
QQQ,2023-08-04,369.30168863408903,371.6113658724889,365.1541075912585,365.6553649902344,61702800
AAPL,2023-08-07,179.4572213905704,180.44254624962392,174.74736976708382,176.22535705566406,97576100
MSFT,2023-08-07,320.1772319748529,322.8488600222548,319.3484333469873,321.8738098144531,17741500
NVDA,2023-08-07,45.02329239286848,45.45145915668349,44.47635751419299,45.328697204589844,322154000
QQQ,2023-08-07,367.4638565778944,368.84966319151647,365.1345329059706,368.7513732910156,37230400
AAPL,2023-08-08,177.05302113799038,177.62451134366992,174.97398514494694,177.16140747070312,67823000
MSFT,2023-08-08,318.8023993344605,320.54774749284115,314.9412089435367,317.91510009765625,22327600
NVDA,2023-08-08,44.76579924242118,45.1540429033625,43.97034785445162,44.57716751098633,353843000
QQQ,2023-08-08,366.2451507614084,366.2647967442284,362.4906984659723,365.6161193847656,44726500
AAPL,2023-08-09,178.21570618554995,178.2748232727554,174.41235154839882,175.57504272460938,60378500
MSFT,2023-08-09,318.32463292180273,318.9486495627494,313.03984786233747,314.1904296875,22373300
NVDA,2023-08-09,44.187917131866904,44.22584525940291,42.05207850406444,42.47126388549805,586449000
QQQ,2023-08-09,365.9010914931724,366.05834931171427,360.83947730891896,361.59625244140625,51150900
AAPL,2023-08-10,176.8461269648941,178.09749392589254,174.99372618677373,175.35829162597656,54686900
MSFT,2023-08-10,317.8857952635295,320.0699275319088,313.16655676040074,314.8728942871094,20113700
NVDA,2023-08-10,42.07803421130193,43.48928663606157,41.75366530069566,42.30559158325195,492705000
QQQ,2023-08-10,364.6037180742225,367.93552607556165,360.74116871206576,362.2645568847656,72035300
AAPL,2023-08-11,174.953720563952,176.23636037713308,174.19399178686675,175.4174346923828,52036700
MSFT,2023-08-11,312.26953644201075,314.3658880842269,311.2457160426732,313.0008239746094,24355500
NVDA,2023-08-11,41.669820039034846,41.93630299373014,40.55998266636193,40.77556228637695,533085000
QQQ,2023-08-11,359.70918530416867,361.6847010137196,358.4315067818279,359.95489501953125,48707200
AAPL,2023-08-14,175.59504844195268,177.2920967961584,174.9438523177461,177.06517028808594,43675600
MSFT,2023-08-14,313.37132372944086,315.974690482468,312.09398089474894,315.9552001953125,18836100
NVDA,2023-08-14,40.407280716905284,43.71483628671642,40.2326217412967,43.66792678833008,690286000
QQQ,2023-08-14,359.1587741724269,364.1122901045981,358.44132104712014,363.9943542480469,42130800
AAPL,2023-08-15,176.49291042563854,177.08489459113486,174.68732936330193,175.0819854736328,43622600
MSFT,2023-08-15,314.9410999147791,316.9789505199591,312.8934892891786,313.82952880859375,16966300
NVDA,2023-08-15,44.4733696589914,45.17999337738196,43.625019909517064,43.85457229614258,676512000
QQQ,2023-08-15,363.02141617787123,363.81754340068306,359.46354362503484,360.13189697265625,45539900
AAPL,2023-08-16,174.76626971305478,176.15744233651847,174.14467201512105,174.2137451171875,46964900
MSFT,2023-08-16,313.45831419457073,316.9954936708588,312.48119971164607,313.0674743652344,20698900
NVDA,2023-08-16,44.43343331071029,44.58813070182248,43.32159721036821,43.40144348144531,527451000
QQQ,2023-08-16,359.59122992630523,361.12445606745706,356.2201000129945,356.3183898925781,53190500
AAPL,2023-08-17,174.7761369036864,175.1411945839284,171.1649745274817,171.67803955078125,66062900
MSFT,2023-08-17,313.2042327148122,314.50378164094593,308.9733110073384,309.62799072265625,21257200
NVDA,2023-08-17,43.88450205046222,43.97632221329704,42.91738449342878,43.25971984863281,452395000
QQQ,2023-08-17,357.7139772368915,358.05797679257125,352.0135245770987,352.4263000488281,62604300
AAPL,2023-08-18,170.0007364455324,172.76337470680727,169.6652772069575,172.16151428222656,61172200
MSFT,2023-08-18,307.29267431715726,311.0936633520083,304.4199558180871,309.2371520996094,24755000
NVDA,2023-08-18,42.55209527796399,43.49326242209668,41.57899267212394,43.214805603027344,583768000
QQQ,2023-08-18,349.1633574955248,353.2421329350638,348.6227781037681,351.9841003417969,61191400
AAPL,2023-08-21,172.73378585948967,173.77963828216437,171.42153223598535,173.49349975585938,46311900
MSFT,2023-08-21,310.65399674996837,315.383227213463,309.7843803763491,314.51361083984375,24040000
NVDA,2023-08-21,44.40748419324704,46.97348422125593,44.136013716733004,46.875675201416016,692573000
QQQ,2023-08-21,353.4485407972548,358.33325161164004,352.9866052878671,357.65509033203125,50696500
AAPL,2023-08-22,174.69721483499137,175.30893640777694,173.89802631437342,174.8649444580078,42038900
MSFT,2023-08-22,318.050696980202,318.6174101401044,314.1031469540319,315.08026123046875,16084600
NVDA,2023-08-22,48.04140287567031,48.09330371430153,45.24485304459103,45.579200744628906,755293000
QQQ,2023-08-22,360.2595950388818,360.269433026143,356.4560132078878,357.1440124511719,44530200
AAPL,2023-08-23,176.1377232252428,179.12728783194132,175.9502562936072,178.70301818847656,52722800
MSFT,2023-08-23,316.40920172771865,321.66608212966844,316.05742502712076,319.51641845703125,21166400
NVDA,2023-08-23,45.77682532419549,47.108231304990525,45.120103708429646,47.02439498901367,779046000
QQQ,2023-08-23,358.32334581662815,363.86657088030654,358.1071200873245,362.7756042480469,51770600
AAPL,2023-08-24,178.25906735623116,178.68333709746736,173.66124859770403,174.0263214111328,54945800
MSFT,2023-08-24,325.23254709942444,325.35957674760573,312.6375276630827,312.6473083496094,23281400
NVDA,2023-08-24,50.11836604551162,50.16826807045973,47.06731047667301,47.0713005065918,1156044000
QQQ,2023-08-24,366.24509019972004,366.3433500914388,354.81466936489005,355.02105712890625,66842500
AAPL,2023-08-25,175.01294998434398,176.7593193055493,173.47376987845638,176.22653198242188,51449600
MSFT,2023-08-25,314.11304831019385,317.9140087997657,311.5041390694246,315.5885009765625,21684100
NVDA,2023-08-25,46.92059855717943,47.71205604609622,44.93646092899701,45.928531646728516,925341000
QQQ,2023-08-25,355.8564013078831,359.4634023984213,352.4262739840041,357.7729187011719,69960500
AAPL,2023-08-28,177.6867593505913,178.1800870283186,176.1673167274641,177.78543090820312,43820700
MSFT,2023-08-28,318.207066953983,318.68584344960186,314.3572339791844,316.29193115234375,14808500
NVDA,2023-08-28,46.3916241394205,46.88865698143186,44.800725372190506,46.74393844604492,685192000
QQQ,2023-08-28,360.6920066314646,361.3996517770629,357.99903788003854,360.4659729003906,40910000
AAPL,2023-08-29,177.30196426395187,182.4325690983829,177.1046362040057,181.66297912597656,53003900
MSFT,2023-08-29,314.51357886440167,321.45109687018396,314.51357886440167,320.8941345214844,19284600
NVDA,2023-08-29,46.57526237156326,48.98556752704201,46.30079556232575,48.689144134521484,701397000
QQQ,2023-08-29,360.2694025048502,368.6923385554893,359.94507888520656,368.3385009765625,58492400
AAPL,2023-08-30,182.47204640358012,185.34321714142652,182.27471834075723,185.1458740234375,60813900
MSFT,2023-08-30,321.14822344769897,322.262118428765,318.97902814860515,321.2654724121094,15222100
NVDA,2023-08-30,48.94864322959215,49.82992584763343,48.33084725951484,49.168216705322266,735206000
QQQ,2023-08-30,368.44663740934226,370.97254048337203,367.44412257396607,370.39263916015625,41731500
AAPL,2023-08-31,185.33334709899387,186.59626480914432,184.97815055206615,185.36294555664062,60794500
MSFT,2023-08-31,321.6661416627534,323.3369992971247,319.3015111852131,320.25909423828125,26411000
NVDA,2023-08-31,49.28399374905417,49.64728445636799,48.86281334141854,49.25904083251953,528570000
QQQ,2023-08-31,370.47126610291014,373.20355681458847,370.4024601871893,371.50323486328125,35730700
AAPL,2023-09-01,186.961330634287,187.38558521498553,185.76747101772168,186.93173217773438,45766500
MSFT,2023-09-01,323.7278057381443,324.3922364479654,319.30147820313266,321.1384582519531,14942000
NVDA,2023-09-01,49.665238548597735,49.7031628603495,48.04838590640615,48.4146728515625,463830000
QQQ,2023-09-01,373.87188211383943,374.2944956090259,369.6260112017312,371.110107421875,39801200
AAPL,2023-09-05,185.76746926717502,187.44478036173828,185.10641198511868,187.16851806640625,45280000
MSFT,2023-09-05,321.47061510740485,327.1867399112931,321.13839981294905,325.9164733886719,18553900
NVDA,2023-09-05,48.129240595849275,48.75602175102256,47.76694740479326,48.453609466552734,382653000
QQQ,2023-09-05,370.30417020396686,372.800589196893,369.380299316676,371.5818786621094,32344200
AAPL,2023-09-06,185.88585963952747,186.32986658571798,179.04834537431464,180.46913146972656,81755800
MSFT,2023-09-06,325.7503980121673,326.80566842614127,322.62362005663084,325.2618408203125,17535800
NVDA,2023-09-06,48.35080099771677,48.45859779156676,46.49326626281809,46.97336959838867,468670000
QQQ,2023-09-06,370.805440073003,371.149439669224,366.3040513379726,368.30902099609375,42998700
AAPL,2023-09-07,172.84232185634463,175.83190219369152,171.2242072644891,175.19056701660156,112488800
MSFT,2023-09-07,323.7082861250948,325.4572996917217,321.4999977101508,322.35986328125,18381000
NVDA,2023-09-07,45.44023695298754,46.257712272283236,45.067930357984686,46.154903411865234,433330000
QQQ,2023-09-07,363.8567908141635,366.4514999788388,362.8149839509158,365.675048828125,52060700
AAPL,2023-09-08,175.97000602806156,177.83478423163749,175.41746632815568,175.80226135253906,65551300
MSFT,2023-09-08,322.53566438985524,328.4667555070914,321.92007759322064,326.6199951171875,19530100
NVDA,2023-09-08,45.856458279277405,46.519219579428515,45.186706235848995,45.487144470214844,473069000
QQQ,2023-09-08,365.6258703550477,368.4171289383869,365.22290284914124,366.1860656738281,35800100
AAPL,2023-09-11,177.66702357259294,177.89395007164453,174.9734438173143,176.96649169921875,58953100
MSFT,2023-09-11,329.52203220068384,330.6750497904705,327.75345762157895,330.2060241699219,16583300
NVDA,2023-09-11,46.06205927503978,46.07703073193703,44.22947984502411,45.093868255615234,473966000
QQQ,2023-09-11,369.21324644388017,371.0118283442909,367.24756874146516,370.5007629394531,39936600
AAPL,2023-09-12,177.09474383722204,177.72620255078303,172.4870659491005,173.9473114013672,90370200
MSFT,2023-09-12,328.13454656577954,329.08234867340195,323.89387388585794,324.1772155761719,17565500
NVDA,2023-09-12,44.654695251427476,45.58795561962286,44.44807996157311,44.78644943237305,349256000
QQQ,2023-09-12,368.8299383335772,370.4811304591035,366.10748541432696,366.39251708984375,41391000
AAPL,2023-09-13,174.1545030340495,174.9339690689215,171.65826659533536,171.8852081298828,84267900
MSFT,2023-09-13,323.7277859536388,329.141008354495,323.59100543664357,328.36907958984375,16544400
NVDA,2023-09-13,44.516948715229006,45.844473946840324,44.420129217307256,45.40030288696289,398355000
QQQ,2023-09-13,366.62837381440505,369.39014857434654,365.49811513938084,367.7881164550781,46300700
AAPL,2023-09-14,171.67802028548886,173.75000241444866,171.2636268707299,173.39480590820312,60895800
MSFT,2023-09-14,331.3882919194356,333.0591489375493,328.8673502748984,330.9486083984375,20267000
NVDA,2023-09-14,45.864436629731664,45.90136648262812,45.04696145729557,45.496124267578125,370097000
QQQ,2023-09-14,369.5375911776395,371.77846268664996,367.4736534672886,370.7956237792969,48039400
AAPL,2023-09-15,174.1249606133089,174.1446979390041,171.50046839224674,172.67457580566406,109259500
MSFT,2023-09-15,329.20939816193993,329.6783939916595,322.1057573596053,322.6627197265625,37679800
NVDA,2023-09-15,45.25656332752661,45.514082288276775,43.726417212467545,43.8182487487793,506831000
QQQ,2023-09-15,369.45892537267173,369.8618928673542,363.5127328219973,364.4464416503906,69811200
AAPL,2023-09-18,174.12495542511192,176.98626535892447,173.81909463420754,175.59507751464844,67257600
MSFT,2023-09-18,320.29803185345907,322.8385348088435,318.89098498029716,321.5292053222656,16834200
NVDA,2023-09-18,42.66839815481211,44.15961559349167,41.921789942113186,43.88412857055664,500271000
QQQ,2023-09-18,363.5075090480625,365.93863645323245,363.22206476755633,364.826416015625,36903500
AAPL,2023-09-19,175.15104027243933,177.2328834055171,174.76624533576447,176.68035888671875,51826900
MSFT,2023-09-19,318.7054070395551,321.8517165023023,317.0833936077872,321.1286315917969,16505900
NVDA,2023-09-19,43.7513779115944,43.8841296709857,42.921924053303314,43.438961029052734,373064000
QQQ,2023-09-19,363.50746579523855,364.846047022524,361.0271075817854,364.0487976074219,37621700
AAPL,2023-09-20,176.86782730089922,177.30195805066697,173.0593371622532,173.1481475830078,58436200
MSFT,2023-09-20,321.9690173569062,322.0471733986375,313.17498661327795,313.42901611328125,21436500
NVDA,2023-09-20,43.51880884841662,43.821246018935675,42.14437412203361,42.160343170166016,367108000
QQQ,2023-09-20,365.11188593011985,365.4662057206334,358.72400713649756,358.8027648925781,45514200
AAPL,2023-09-21,172.22069958579337,173.94734650075085,171.53990496478352,171.6089630126953,63149100
MSFT,2023-09-21,311.95362752791766,317.904252069436,307.79110964581065,312.2174377441406,35560400
NVDA,2023-09-21,41.505572228064345,42.02160786318076,40.903694380315116,40.94062423706055,450736000
QQQ,2023-09-21,355.12154499734396,355.9089722370328,352.0605060828978,352.2278137207031,69734800
AAPL,2023-09-22,172.33907993619778,174.71692282922322,171.72735846610487,172.4574737548828,56725400
MSFT,2023-09-22,313.9663650092456,314.09339463566073,308.91467110299936,309.7550048828125,21447900
NVDA,2023-09-22,41.494585230845004,42.03657715904044,41.154220620543846,41.53251647949219,479236000
QQQ,2023-09-22,353.9699695629412,356.1058002061891,351.9620676839268,352.27703857421875,51589700
AAPL,2023-09-25,171.87535356826675,174.6083930174941,171.82601779128095,173.7302703857422,46172700
MSFT,2023-09-25,309.34467850848546,310.39997887585656,307.7910700190704,310.27294921875,17836000
NVDA,2023-09-25,41.5135611839681,42.45680138074449,41.10033054981687,42.14338684082031,419091000
QQQ,2023-09-25,351.3124427906293,354.0388663136453,350.3281813107885,353.95025634765625,39168000
AAPL,2023-09-26,172.48711848209095,172.86203732750283,169.36928354767613,169.665283203125,64588900
MSFT,2023-09-26,307.918083681108,308.650919524038,302.92501329864484,304.99652099609375,26297600
NVDA,2023-09-26,41.92278696484624,42.74026210135053,41.577430601284675,41.83295440673828,402282000
QQQ,2023-09-26,351.37153040361153,351.91289229277817,347.6510228478301,348.6352844238281,53657700
AAPL,2023-09-27,170.31643241476104,170.730825832551,166.79408083596385,168.15565490722656,66921800
MSFT,2023-09-27,305.1528159801847,307.1070447852302,302.6025617027996,305.6316223144531,19410100
NVDA,2023-09-27,42.2511801171412,42.79217068875673,41.55148521974545,42.388919830322266,444935000
QQQ,2023-09-27,349.7869158699708,351.3617405439319,345.8301647465173,349.4522705078125,56066000
AAPL,2023-09-28,167.08022534636603,169.7343308371659,165.38317681816312,168.41221618652344,56294400
MSFT,2023-09-28,303.87278132742597,308.26004502387354,302.36804670236813,306.462158203125,19683600
NVDA,2023-09-28,42.38093579889095,43.36509986355093,42.03658080053992,43.008766174316406,424663000
QQQ,2023-09-28,348.536874378989,354.50152754238655,347.68057155948935,352.3755187988281,56453300
AAPL,2023-09-29,169.72445084440017,170.7604419321708,168.06686209293406,168.92526245117188,51861100
MSFT,2023-09-29,310.4780935014134,312.1587314237549,307.77149741019485,308.52386474609375,24147300
NVDA,2023-09-29,43.74539144535937,44.061802514667,43.226359256277895,43.41800308227539,397830000
QQQ,2023-09-29,355.84993269784667,357.23774510147166,351.4010512242257,352.6313781738281,64829600
AAPL,2023-10-02,168.9351592248721,171.97406003104268,168.64902069337074,171.431396484375,52164500
MSFT,2023-10-02,309.0417036720847,314.52333029570326,307.96687199890835,314.43536376953125,20570000
NVDA,2023-10-02,43.94800606273331,45.09087429927052,43.779322054087544,44.6986083984375,433298000
QQQ,2023-10-02,352.8971481752992,356.9719754148044,352.2869108139904,355.5743408203125,51625100
AAPL,2023-10-03,169.96124934298015,171.31297744317223,168.54047825044546,170.09938049316406,49594600
MSFT,2023-10-03,313.48759919542874,314.03481069195016,304.0877634575696,306.2178955078125,21033500
NVDA,2023-10-03,44.7245629218231,45.045965740925496,43.16547120468859,43.43596649169922,470850000
QQQ,2023-10-03,353.13337228482897,355.3282864453552,347.7199335363626,349.3341369628906,60478500
AAPL,2023-10-04,168.80684851428336,171.8852232303615,168.68845469814508,171.34255981445312,53020300
MSFT,2023-10-04,306.8432936513831,312.7157618822206,306.81398140643597,311.66046142578125,20720100
NVDA,2023-10-04,43.660548982906214,44.06080325905543,43.21138616245394,43.95899200439453,361821000
QQQ,2023-10-04,350.17073233689933,354.9345547909679,349.70812819170675,354.0881042480469,54786700
AAPL,2023-10-05,171.47083294671847,173.10868450108188,170.3756448658088,172.57589721679688,48527900
MSFT,2023-10-05,311.78742886180316,312.65707498694155,307.6933171593875,312.0512390136719,16965600
NVDA,2023-10-05,43.96796969540584,44.816389117042256,43.80627261934712,44.60478210449219,393483000
QQQ,2023-10-05,354.0782930886823,354.48184398872326,349.55071331458714,353.0448303222656,45897400
AAPL,2023-10-06,171.48071432556827,175.61480292776608,170.8689777300858,175.12147521972656,57266700
MSFT,2023-10-06,309.3055602997531,321.65630098463043,309.06128169271835,319.7704772949219,25673600
NVDA,2023-10-06,44.11070969679084,45.70373848025028,43.9440208476475,45.676788330078125,434436000
QQQ,2023-10-06,350.0525901245861,360.15112254352925,349.26519295376465,358.9601745605469,75049100
AAPL,2023-10-09,174.45052401213385,176.6606373398207,173.45400756283908,176.6014404296875,42390800
MSFT,2023-10-09,317.3179038998877,322.7408769349448,315.78382712320234,322.2718811035156,19891200
NVDA,2023-10-09,44.75850060605626,45.520080342411596,44.28538419676615,45.188697814941406,409675000
QQQ,2023-10-09,356.597960109658,361.3322559289201,355.1018933143861,360.7909240722656,45304800
AAPL,2023-10-10,175.72333700059065,177.32171396949087,175.57532965392068,176.00946044921875,43698000
MSFT,2023-10-10,323.3858260604153,323.5226364118613,320.17114063147403,320.8746643066406,20557100
NVDA,2023-10-10,45.22562871384522,46.17285906419018,45.004041982640686,45.71271896362305,368582000
QQQ,2023-10-10,361.12553610202554,365.43660625124284,360.6235831654883,362.7889404296875,46968800
AAPL,2023-10-11,175.82199530812358,177.44998580714199,175.23001108089,177.40065002441406,47551100
MSFT,2023-10-11,323.6300480505899,325.20321772099476,321.60744393030456,324.8123779296875,20063200
NVDA,2023-10-11,46.109976834306515,46.77174426177856,45.96424879463127,46.718841552734375,378137000
QQQ,2023-10-11,364.117679517273,365.56454503556677,362.39522199726974,365.3775329589844,38215100
AAPL,2023-10-12,177.6670336186698,179.906730392158,176.6507647716162,178.29849243164062,56743100
MSFT,2023-10-12,323.0047438226922,325.99471177384464,321.1970760539996,323.58123779296875,19313100
NVDA,2023-10-12,46.68989946190785,47.52035097000379,46.243733198035265,46.85758590698242,481325000
QQQ,2023-10-12,365.8795378416843,367.85788302935276,361.7161008874376,364.10784912109375,49587900
AAPL,2023-10-13,178.9990143278533,179.50220314362676,175.7627859383901,176.46331787109375,51427100
MSFT,2023-10-13,324.7733126546174,326.19011074612195,318.8910644547027,320.229736328125,21072400
NVDA,2023-10-13,46.87255982126832,47.02827139098628,45.19568766753486,45.37635040283203,474115000
QQQ,2023-10-13,364.7378190364302,365.3185297611744,358.13340224170594,359.53106689453125,52469900
AAPL,2023-10-16,174.39132507709223,176.6902337432856,174.15452238414363,176.3350372314453,52517000
MSFT,2023-10-16,323.47370563502346,328.4472441018182,323.03402205271703,325.02734375,22158000
NVDA,2023-10-16,44.97908693457242,46.13892190023753,44.82836714020883,46.0091667175293,375099000
QQQ,2023-10-16,360.84997115156034,364.649236422345,360.7023379238582,363.5960693359375,44201100
AAPL,2023-10-17,174.29266779074965,176.03905203817294,172.467364361049,174.78599548339844,57549400
MSFT,2023-10-17,322.0471280716989,325.8285559881701,319.91702585909127,324.4606018066406,18338500
NVDA,2023-10-17,43.918066921379186,44.670664500769895,42.40089687991119,43.85618209838867,812333000
QQQ,2023-10-17,360.0527212874597,364.0980519457113,357.93656492665207,362.4051208496094,50999100
AAPL,2023-10-18,173.2369747453516,175.21028574818484,172.77324545527233,173.49349975585938,54764400
MSFT,2023-10-18,324.88080471636374,327.90986576215903,320.7866923974695,322.5552673339844,23153600
NVDA,2023-10-18,42.51168892025405,43.13852165493323,41.74711648202066,42.11742401123047,627294000
QQQ,2023-10-18,359.9149119768525,362.11964810076057,356.3223335114042,357.6510925292969,54280500
AAPL,2023-10-19,173.69080766680926,175.46679037407037,172.85215962113486,173.11856079101562,59302900
MSFT,2023-10-19,324.5485406563444,329.1703024841639,323.33692834747904,323.737548828125,25052100
NVDA,2023-10-19,42.731286777485096,43.216381906827145,41.8040157217801,42.02260971069336,501233000
QQQ,2023-10-19,359.06844869661955,360.2593967452439,353.50737702332975,354.30462646484375,72274200
AAPL,2023-10-20,172.97056355030566,173.0790962513972,170.3361953203569,170.572998046875,64244000
MSFT,2023-10-20,324.12835446088064,324.32378924714186,318.0018585787794,319.1939392089844,25027700
NVDA,2023-10-20,41.81199826924351,42.39092011000652,41.00150997673177,41.3099365234375,477266000
QQQ,2023-10-20,353.802661937845,354.373550479642,348.79277406044923,349.0191650390625,72559700
AAPL,2023-10-23,168.62926966195786,171.68789221712717,167.66233657820504,170.69137573242188,55980100
MSFT,2023-10-23,318.0214287466955,325.1152889172781,316.96615830256553,321.7833251953125,24374700
NVDA,2023-10-23,41.15222663549808,43.16746801501632,40.86875508234883,42.89497375488281,478530000
QQQ,2023-10-23,347.70025266627835,353.60582210048005,345.59391848351896,350.07232666015625,60665200
AAPL,2023-10-24,170.74072378645857,171.35244533043914,169.16206908920728,171.12551879882812,43816600
MSFT,2023-10-24,323.7179434195226,324.2455934709326,320.1026385377484,322.965576171875,31153600
NVDA,2023-10-24,42.99678817947999,43.615632642963874,42.61150915403504,43.581695556640625,401463000
QQQ,2023-10-24,351.88340614278565,354.2456281895767,350.19047483575025,353.4779052734375,47082100
AAPL,2023-10-25,169.58634726553433,170.7505934954682,168.37275019582236,168.81675720214844,57157000
MSFT,2023-10-25,337.12405114410626,338.27706897512115,329.89340944141463,332.8736267089844,55053800
NVDA,2023-10-25,43.31718712471628,43.56872058494652,41.477620479123594,41.701202392578125,398379000
QQQ,2023-10-25,351.08612173446545,351.26328161200416,344.2454916580146,344.8262023925781,71190500
AAPL,2023-10-26,168.0964746462511,169.0930062294273,163.459197305812,164.6629180908203,70625300
MSFT,2023-10-26,332.7465382675552,333.8115893601042,319.45777677753637,320.38604736328125,37828500
NVDA,2023-10-26,41.77506880872993,42.177318286010724,39.80574303401105,40.250911712646484,541001000
QQQ,2023-10-26,343.62540266266313,344.56046319125295,336.9619624891379,338.2513427734375,78621400
AAPL,2023-10-27,164.68262749452305,166.70527372020223,164.60369326977082,165.9751434326172,58499100
MSFT,2023-10-27,322.8679522434815,329.0140110865285,320.88441090808146,322.26214599609375,29856500
NVDA,2023-10-27,41.0534152286562,41.12927392659706,39.94048973150051,40.42458724975586,416784000
QQQ,2023-10-27,340.9777343824353,343.34980841162735,338.664713645482,339.8753662109375,63476700
AAPL,2023-10-30,166.76450604315932,168.88580920893756,166.61649869462795,168.01754760742188,51131000
MSFT,2023-10-30,325.7797742554051,331.6815546418734,324.235916527097,329.59051513671875,22828100
NVDA,2023-10-30,41.01049849985918,41.68823125867914,40.405624059194345,41.08435821533203,388028000
QQQ,2023-10-30,342.3556989748793,345.02306953665595,340.9974431987372,343.70416259765625,55298500
AAPL,2023-10-31,167.09008588386948,168.61938959873203,165.6594236135805,168.4911346435547,44846000
MSFT,2023-10-31,331.09518568729226,331.24174686809175,327.0303866312015,330.3721008300781,20265300
NVDA,2023-10-31,40.37467609597359,40.80287807912132,39.15694672159714,40.70405960083008,517969000
QQQ,2023-10-31,343.73372681024495,345.72192464531696,341.16478813513004,345.347900390625,47671900
AAPL,2023-11-01,168.71805482147735,171.9049471971035,167.84979334743332,171.64842224121094,56934900
MSFT,2023-11-01,332.0136865785613,339.46907368839175,331.8768762591472,338.14996337890625,28158800
NVDA,2023-11-01,40.807870455778854,42.30208459844571,40.79289899587781,42.24618911743164,437593000
QQQ,2023-11-01,346.18448935280355,351.9030468160759,346.0860571858595,351.3420104980469,58992700
AAPL,2023-11-02,173.17774724497193,175.40758286457637,173.11855033416663,175.2003936767578,77334800
MSFT,2023-11-02,339.29324086548826,340.84684939451466,336.87976677643417,340.3485412597656,24348100
NVDA,2023-11-02,43.24732164549146,43.802286120371775,42.81413164942189,43.424991607666016,409172000
QQQ,2023-11-02,355.84991038203907,357.9562143682843,354.6294056992231,357.7200012207031,58162400
AAPL,2023-11-03,171.91482054448556,174.46039296073306,171.03669795189808,174.2926483154297,79829200
MSFT,2023-11-03,341.62851616542054,346.27959030223104,339.38113512943426,344.7259521484375,23637700
NVDA,2023-11-03,43.93802957100558,45.22462694220357,43.64158173973637,44.92119598388672,424610000
QQQ,2023-11-03,359.0094151473788,363.21220132553935,358.7830241681351,361.9228210449219,53280500
AAPL,2023-11-06,174.02626772873157,177.03555436857033,173.858538133294,176.83822631835938,63841300
MSFT,2023-11-06,345.36113640793855,349.35753118619317,345.2634189928444,348.3706359863281,23828300
NVDA,2023-11-06,45.200677734191665,45.849468936509936,44.815394894536624,45.665809631347656,400733000
QQQ,2023-11-06,362.6905613761771,363.9602672996411,361.1354412045345,363.39923095703125,38848700
AAPL,2023-11-07,176.78889227095914,180.00539823599848,176.58170308551922,179.3936767578125,70530000
MSFT,2023-11-07,351.17493911544506,354.16490704694723,349.44545721598166,352.2790832519531,25833900
NVDA,2023-11-07,45.63386992886557,46.13193749816825,45.073913725971586,45.86943054199219,343165000
QQQ,2023-11-07,364.4425414885638,367.7004450680254,363.241741103211,366.8343200683594,50777400
AAPL,2023-11-08,179.91661457451394,181.00192645947115,179.16674685036813,180.44940185546875,49340300
MSFT,2023-11-08,353.4027369651116,355.54261993465985,352.2985928972702,354.8879699707031,26767800
NVDA,2023-11-08,46.014157765591044,46.77973167159943,45.882403587242706,46.48727798461914,346719000
QQQ,2023-11-08,367.20830712864307,367.90715449646547,364.7870319858255,367.0705261230469,35663400
AAPL,2023-11-09,180.51849360423827,181.66300252138785,179.38383076688,179.975830078125,53763500
MSFT,2023-11-09,354.00856480709007,356.441600143659,352.11296032697913,352.4354248046875,24847300
NVDA,2023-11-09,47.37861498022088,48.14019475321026,46.662950986381574,46.862579345703125,540496000
QQQ,2023-11-09,367.7595489495898,368.90126606687403,363.7535966985052,364.2457275390625,53859400
AAPL,2023-11-10,181.75415237279827,184.32284238950194,181.31944959381738,184.15487670898438,66133400
MSFT,2023-11-10,353.2171409877726,361.63011305149536,352.80676956173966,361.2099609375,28042100
NVDA,2023-11-10,47.41155087354873,48.38174104695151,47.194955890683396,48.2449951171875,421245000
QQQ,2023-11-10,365.96817762056844,372.5824171770866,365.43666791374335,372.4347839355469,58309800
AAPL,2023-11-13,183.58184574005094,183.78930789371245,181.99123723697815,182.57412719726562,43627500
MSFT,2023-11-13,359.7930334339709,360.0373120121586,357.52612107178936,358.28826904296875,19986500
NVDA,2023-11-13,48.230024106474055,49.02454332437156,48.00943495548385,48.52946472167969,384136000
QQQ,2023-11-13,370.8599423722135,372.3264825668153,369.3343188464061,371.2733154296875,40733500
AAPL,2023-11-14,185.43922075842696,185.84428607992842,184.05608926427885,185.18235778808594,60108400
MSFT,2023-11-14,362.5192275200011,363.4377174527681,358.9429851939613,361.796142578125,27683900
NVDA,2023-11-14,49.58749116388393,49.74120373030796,48.948683517262864,49.563533782958984,416954000
QQQ,2023-11-14,377.6710039696422,380.1808890311,377.14934653163624,379.2655029296875,67792600
AAPL,2023-11-15,185.5873915048758,187.21751156501972,185.5182274044454,185.74545288085938,53790500
MSFT,2023-11-15,363.5193564786247,365.3306930182784,359.4365063311856,361.9430236816406,26860100
NVDA,2023-11-15,49.84202172257436,49.866972887678294,48.11025170692205,48.79697036743164,475497000
QQQ,2023-11-15,381.155284969226,381.6474157438796,378.19264809388204,379.5509338378906,54141400
AAPL,2023-11-16,187.28668991537342,188.65994715340477,186.37775779056014,187.4250030517578,54412900
MSFT,2023-11-16,363.20609957538716,368.48345088606146,362.4424045116938,368.3072204589844,27182300
NVDA,2023-11-16,48.588356005845505,49.432781344923285,48.240006851203624,49.38786315917969,339756000
QQQ,2023-11-16,378.78321698316876,380.11197610306954,377.52336338174916,379.8757629394531,45343500
AAPL,2023-11-17,187.95848017105547,188.08691917335904,186.29872264128753,187.4052276611328,50922700
MSFT,2023-11-17,365.800587792621,366.54471142393174,359.3287679224242,362.11920166015625,40157000
NVDA,2023-11-17,49.43178055903223,49.62442196935827,48.915744960766254,49.20620346069336,325205000
QQQ,2023-11-17,379.14743197399827,380.978174311578,378.2419280525446,379.9643859863281,46571900
AAPL,2023-11-20,187.6028350817968,189.59850904887813,187.592960955599,189.14404296875,46505100
MSFT,2023-11-20,363.4606399313925,370.95073116555085,363.24523724780994,369.5506286621094,52465100
NVDA,2023-11-20,49.22017851068948,50.453877068941594,49.08942192234672,50.31513595581055,414120000
QQQ,2023-11-20,379.97414315566067,385.24980045802454,379.97414315566067,384.59033203125,44429600
AAPL,2023-11-21,189.10451024981845,189.21318592585277,187.45462685911554,188.34378051757812,38134500
MSFT,2023-11-21,367.81760182816333,368.35609354646346,363.36268990163154,365.2719421386719,28423100
NVDA,2023-11-21,50.03265822480747,50.42292897370047,49.130342262240724,49.85099792480469,565747000
QQQ,2023-11-21,382.8875887400645,383.104127478915,380.6139470007728,382.3560791015625,43337000
AAPL,2023-11-22,189.18354656200316,190.60618938615343,188.53149251239262,189.00570678710938,39617700
MSFT,2023-11-22,370.0988850281661,371.85147806167527,367.1322205576516,369.9520263671875,23345300
NVDA,2023-11-22,49.759176257408164,50.24127480470822,47.601199364673555,48.62528991699219,899420000
QQQ,2023-11-22,384.42303401897493,386.8836878506186,382.91711507550013,383.9210510253906,44121000
AAPL,2023-11-24,188.57102324664504,188.60066069963858,186.97054048498805,187.68186950683594,24048300
MSFT,2023-11-24,369.44291677497637,370.0695536363756,367.29872033158176,369.54083251953125,10176600
NVDA,2023-11-24,48.37974251431558,48.829902895158824,47.656090292901155,47.687034606933594,294645000
QQQ,2023-11-24,383.51751122375975,384.1080741677964,382.3856164361023,383.3797302246094,15718800
AAPL,2023-11-27,187.6324520630897,188.37341847212542,186.62473352580105,187.50401306152344,40552600
MSFT,2023-11-27,368.9043706026068,372.68370265137486,368.33650717542696,370.69610595703125,22179200
NVDA,2023-11-27,47.710997549377275,48.43963786164908,47.56327430743016,48.15217590332031,395662000
QQQ,2023-11-27,382.8876500230149,384.9939544223412,382.16912817517203,383.0451354980469,34139700
AAPL,2023-11-28,187.4941619704054,188.77850691885152,187.11873411970524,188.106689453125,38415400
MSFT,2023-11-28,370.44160282909473,374.994400937648,370.25557188472965,374.70068359375,20453100
NVDA,2023-11-28,48.146180818273855,48.233020614585215,47.38460109717888,47.73195266723633,401491000
QQQ,2023-11-28,382.2970268974436,384.62972193238,381.9426771250106,384.04901123046875,35491100
AAPL,2023-11-29,188.60063575450744,189.77630481775705,186.69388951411068,187.0890655517578,43014200
MSFT,2023-11-29,375.738494499301,376.2671856758015,369.5505906614915,370.9311218261719,28963400
NVDA,2023-11-29,48.288914999950215,48.67120123627393,47.7708804254883,48.050357818603516,382005000
QQQ,2023-11-29,386.50966582887696,387.93685707414187,383.3304902471519,383.67498779296875,38811700
AAPL,2023-11-30,187.55341843722022,188.02764780463457,185.92329832735996,187.66209411621094,48794400
MSFT,2023-11-30,370.578664516551,372.1452267516367,367.6218003340975,370.9898986816406,30554400
NVDA,2023-11-30,47.934573676190574,48.02041588268528,46.335559349897565,46.68291091918945,526247000
QQQ,2023-11-30,383.9407456818497,384.40334982807576,379.7478117570499,382.7104187011719,52834400
AAPL,2023-12-01,188.0375263099119,189.25270705783993,186.95076949469112,188.9365692138672,45704800
MSFT,2023-12-01,368.884854564053,370.2555853515813,363.5487602115402,366.681884765625,33040500
NVDA,2023-12-01,46.43837031596677,47.11211268040661,46.10099843511436,46.677921295166016,369317000
QQQ,2023-12-01,381.6474735109709,384.3935720596323,379.9939210667959,383.8030090332031,40490100
AAPL,2023-12-04,187.69172432124148,187.7608884211111,185.19219887595256,187.14834594726562,43389500
MSFT,2023-12-04,361.3848999985792,361.7961042236622,355.31448343294096,361.424072265625,32063300
NVDA,2023-12-04,45.99119263522652,45.99119263522652,44.92617831886354,45.42524719238281,437543000
QQQ,2023-12-04,380.0135687287101,380.51555177142023,376.6375585502535,380.2399597167969,51186900
AAPL,2023-12-05,187.91897362196437,192.05849343193452,187.8893210956394,191.09030151367188,66628400
MSFT,2023-12-05,358.7902991826528,365.2816906598943,357.9776315061035,364.7333984375,23065000
NVDA,2023-12-05,45.385325095795785,46.51731180808335,45.19067140687653,46.483375549316406,371718000
QQQ,2023-12-05,378.3403190869991,382.38561971941857,378.1631291761713,381.1946716308594,42933000
AAPL,2023-12-06,192.10788966712872,192.4141533735728,189.79607806848605,190.00355529785156,41089700
MSFT,2023-12-06,365.73212951183393,366.35873644463544,360.3372921206186,361.0911865234375,21182100
NVDA,2023-12-06,47.13123231768673,47.302928042436164,45.331429760080255,45.42226791381836,380590000
QQQ,2023-12-06,384.12777611720855,384.2262082878161,378.64546165801414,378.98992919921875,41994100
AAPL,2023-12-07,191.29777821822415,192.6512720749557,191.2582515665674,191.93006896972656,47477700
MSFT,2023-12-07,360.5331422311326,363.68583789268007,358.66306211428184,363.1962890625,23118900
NVDA,2023-12-07,45.6189146142351,46.54626712955494,45.52308427817849,46.51332473754883,350823000
QQQ,2023-12-07,381.96237452044045,385.1119933558489,380.8698286160153,384.28521728515625,49593500
AAPL,2023-12-08,191.86093042429425,193.62937898399056,191.3373152825971,193.35275268554688,53406400
MSFT,2023-12-08,361.4828549867559,366.6328881744278,360.53312909562084,366.40771484375,20154400
NVDA,2023-12-08,46.51232804934258,47.65629461849747,46.467405912391875,47.42171096801758,359224000
QQQ,2023-12-08,382.5529786032287,386.44079399552544,382.36596649169275,385.9978942871094,46687500
AAPL,2023-12-11,190.78403090604945,191.15945870925907,189.11438419177532,190.85317993164062,60943700
MSFT,2023-12-11,360.7778472321054,363.83262656393555,358.44759046804216,363.53887939453125,27708800
NVDA,2023-12-11,47.40673492251671,47.446661054028745,45.74868283771919,46.54426574707031,509728000
QQQ,2023-12-11,385.5746580939018,389.56093589114397,385.36797155305123,389.295166015625,41198000
AAPL,2023-12-12,190.75441983366463,192.37466599656702,189.41079996137955,192.3647918701172,52696900
MSFT,2023-12-12,363.0983520859286,366.59373770012405,362.7164896784692,366.5545654296875,24838300
NVDA,2023-12-12,45.96430321028968,47.581427820158346,45.96430321028968,47.572444915771484,372387000
QQQ,2023-12-12,389.3344997805244,392.51367542874294,388.20260499540507,392.39556884765625,39221200
AAPL,2023-12-13,192.74019585543422,195.6151493963814,192.50309623143957,195.5756378173828,70404200
MSFT,2023-12-13,368.16027437565873,369.7464376106383,363.0200118977458,366.5447692871094,30955500
NVDA,2023-12-13,47.544488916025955,48.50777677637629,47.52352626972847,48.0026741027832,447792000
QQQ,2023-12-13,393.3306498850675,397.99604066159475,392.56292697200246,397.38580322265625,55408100
AAPL,2023-12-14,195.63490356313392,197.21562292408947,193.79730618821,195.72381591796875,66831600
MSFT,2023-12-14,365.50693426286074,365.9475401487158,356.5188251808004,358.28118896484375,43277500
NVDA,2023-12-14,48.30413587026834,48.58363781796952,47.33785498826681,48.26420593261719,391232000
QQQ,2023-12-14,398.60626257953487,399.9054650273427,394.03927446369323,397.0412902832031,55447800
AAPL,2023-12-15,195.1507809689053,196.01029713155143,194.6271659416612,195.1903076171875,128538400
MSFT,2023-12-15,359.1819921925265,364.61597239957655,358.6238993402138,362.98089599609375,78502300
NVDA,2023-12-15,48.10848894942567,49.31634111544804,48.034618938742405,48.803253173828125,479948000
QQQ,2023-12-15,397.8188547219358,400.1417277666197,397.2184695510884,398.9606018066406,62896600
AAPL,2023-12-18,193.7281513997374,194.26165570440122,192.04863040265064,193.5305633544922,55751900
MSFT,2023-12-18,361.7275930990288,365.20337736605416,360.9736688806633,364.8606872558594,21802900
NVDA,2023-12-18,49.31235079913167,50.34351507731144,49.062794375670336,49.9881477355957,412587000
QQQ,2023-12-18,399.3530667480488,402.37092028167035,399.0276249383445,401.47344970703125,46610000
AAPL,2023-12-19,193.79731295132126,194.5777909959987,193.53056080250687,194.5679168701172,40714100
MSFT,2023-12-19,363.72489468578055,365.4579162597656,362.109389902321,365.4579162597656,20603700
NVDA,2023-12-19,49.33629886505029,49.61181008886036,48.808238224699814,49.5159797668457,464444000
QQQ,2023-12-19,401.9272487889655,403.6432753707948,401.73986311654954,403.5249328613281,35711900
AAPL,2023-12-20,194.5283816611859,195.2989855460905,192.4833221435547,192.4833221435547,52242800
MSFT,2023-12-20,367.1616214647713,368.1700908565403,362.78505374172363,362.8731689453125,26316700
NVDA,2023-12-20,49.56689784156496,49.91028926259113,48.012661158302954,48.025638580322266,397894000
QQQ,2023-12-20,402.7260026011045,404.8168000697406,397.35105072781244,397.528564453125,54042400
AAPL,2023-12-21,193.73803856316968,194.70623052718972,191.16934877699248,192.3351287841797,46482500
MSFT,2023-12-21,364.77259031859234,366.5839268091088,362.3052751851502,365.73211669921875,17708000
NVDA,2023-12-21,48.72440052942188,49.007897053711915,48.333093912374395,48.90308380126953,300425000
QQQ,2023-12-21,401.45380904002565,402.5189517146843,398.89948313848276,402.1540222167969,45568900
AAPL,2023-12-22,192.8291141147171,193.05635469466722,190.64574127695036,191.26815795898438,37149600
MSFT,2023-12-22,365.8691843460341,367.33783074743565,364.9194584779402,366.7503662109375,17107500
NVDA,2023-12-22,49.10769729948913,49.295363396892185,48.380988582599,48.74334716796875,252507000
QQQ,2023-12-22,403.36704094129067,404.3236828046268,400.8817585167201,402.7555847167969,34314000
AAPL,2023-12-26,191.27801448490152,191.55464074590694,190.5074106042434,190.72476196289062,28919300
MSFT,2023-12-26,367.1615944273694,369.0610461329153,365.69294804965995,366.8287048339844,12673100
NVDA,2023-12-26,48.88110985273242,49.51198840359391,48.873124626710656,49.191558837890625,244200000
QQQ,2023-12-26,403.6136052446442,405.8917883667709,403.5149764749767,405.2211608886719,22722500
AAPL,2023-12-27,190.17149315937536,191.16932243864449,188.78834689776542,190.8235321044922,48087700
MSFT,2023-12-27,365.87894525127507,367.22030403850823,365.0173346750331,366.2510070800781,14905400
NVDA,2023-12-27,49.42315016052461,49.591849010515,48.99790354922427,49.329315185546875,233648000
QQQ,2023-12-27,405.5033831511548,406.3322463869044,404.644888619348,406.04608154296875,31980500
AAPL,2023-12-28,191.80161980345068,192.3153607227681,190.8433020640508,191.2483673095703,34049900
MSFT,2023-12-28,367.5238451750327,368.59105792655595,366.3391454974242,367.43572998046875,14327000
NVDA,2023-12-28,49.55491912329638,49.79548883206165,49.324326187941345,49.43413162231445,246587000
QQQ,2023-12-28,407.20059203535254,407.4472786001535,405.493510166212,405.8487243652344,27029200
AAPL,2023-12-29,191.56452296375952,192.0585006042798,189.4206618129017,190.21102905273438,42672100
MSFT,2023-12-29,368.14072884940924,369.2764857473798,365.6734134446601,368.1799011230469,18730800
NVDA,2023-12-29,49.72461566156116,49.90829110638661,48.664499712290464,49.43413162231445,389293000
QQQ,2023-12-29,405.8289987195395,406.18424303030133,402.1780255292888,404.0923156738281,42662100
AAPL,2024-01-02,184.89579853453512,186.1702691079172,181.6750702031571,183.40399169921875,82488700
MSFT,2024-01-02,366.0454121665628,368.0427796247224,359.1036138103624,363.117919921875,25258600
NVDA,2024-01-02,49.1566219566508,49.20753015338818,47.51054964423797,48.0825309753418,411254000
QQQ,2024-01-02,400.461137079369,400.7078236681065,394.9353514690267,397.25421142578125,58026900
AAPL,2024-01-03,182.00112426612563,183.6411336613478,181.22063114701328,182.03076171875,58414500
MSFT,2024-01-03,361.2968150611858,365.45797986261033,360.8072662610182,362.85357666015625,23083500
NVDA,2024-01-03,47.40074566328975,48.09850289557728,47.23603751691528,47.484596252441406,320896000
QQQ,2024-01-03,394.62939807730413,395.68522373186335,392.6164575232952,393.05059814453125,47002800
AAPL,2024-01-04,179.95603270422265,180.88471299934187,178.70134046081682,179.71893310546875,71983600
MSFT,2024-01-04,362.92215399405467,365.30135421024977,359.49531207816057,360.24920654296875,20901500
NVDA,2024-01-04,47.68224124777032,48.413942329548256,47.42370194062123,47.91283416748047,306535000
QQQ,2024-01-04,391.1856845267472,394.2939291818346,390.8107161348315,391.0278015136719,39432800
AAPL,2024-01-05,179.79799818956093,180.5587129492039,177.99991223040004,178.99774169921875,62379700
MSFT,2024-01-05,361.25764113124956,364.2830491168241,358.8392688743441,360.0631408691406,21004600
NVDA,2024-01-05,48.37601228101952,49.459086175725254,48.220287041681374,49.009883880615234,415039000
QQQ,2024-01-05,391.19565680032923,394.264423920479,390.10035254098545,391.4916687011719,44922800
AAPL,2024-01-08,179.89676064456035,183.36449308108033,179.3138706884217,183.32496643066406,59144500
MSFT,2024-01-08,361.58071261682426,367.35741205524755,361.2967958412056,366.8580627441406,23134000
NVDA,2024-01-08,49.42414836733732,52.18224626703925,49.391205977221674,52.160282135009766,642510000
QQQ,2024-01-08,392.7151704947561,399.86908153761993,392.56716456476687,399.58294677734375,42473800
AAPL,2024-01-09,181.7047124117811,182.91989304556353,180.52904335165846,182.91001892089844,42841800
MSFT,2024-01-09,364.2341014424794,368.1308907001316,363.4312342532303,367.9350891113281,20830000
NVDA,2024-01-09,52.30802056933756,54.228606407883284,51.59827982301823,53.04570770263672,773100000
QQQ,2024-01-09,396.5831820153857,401.2998278033739,396.385820723595,400.3722839355469,39132900
AAPL,2024-01-10,182.129538572139,184.15483457675245,181.70471001714742,183.94737243652344,46792900
MSFT,2024-01-10,368.5029465849431,376.1399255368866,368.4540036584579,374.7691650390625,25514200
NVDA,2024-01-10,53.52087170860792,54.50312317370562,53.39409433002728,54.25356674194336,533796000
QQQ,2024-01-10,400.68805977012255,404.0923162885945,399.7999941615258,403.0858459472656,33962800
AAPL,2024-01-11,184.29316874581366,184.7970355796361,181.4083411771675,183.3546142578125,49128400
MSFT,2024-01-11,377.93166039806545,382.5138298348758,372.42913685903,376.5903015136719,27850800
NVDA,2024-01-11,54.9014155282273,55.247799966123495,53.46496957614301,54.724727630615234,596759000
QQQ,2024-01-11,404.35876183167534,405.7500776839411,398.8823019732114,403.9245910644531,54536200
AAPL,2024-01-12,183.81896194364214,184.49077939116623,182.95944565085554,183.68064880371094,40477800
MSFT,2024-01-12,377.4323756542809,380.55569981393256,376.6099371438589,380.35009765625,21661200
NVDA,2024-01-12,54.523089827328256,54.8724711273318,54.23360725157901,54.61293029785156,352994000
QQQ,2024-01-12,404.96063810423556,405.79937840440965,402.7404591342418,404.13177490234375,39595000
AAPL,2024-01-16,179.96593271976667,182.04062970854807,178.7507369031224,181.41822814941406,65603000
MSFT,2024-01-16,385.43158211314164,385.7938434606626,379.51782397721394,382.1124267578125,27202300
NVDA,2024-01-16,54.92038130782368,56.73415487746208,54.80259064863885,56.281959533691406,449580000
QQQ,2024-01-16,402.8983611364545,405.67111570510156,401.43796583773303,404.0923156738281,43903000
AAPL,2024-01-17,179.08665457169852,180.72664884969066,178.12833676151584,180.4796600341797,47317400
MSFT,2024-01-17,379.87028626114164,381.9557389879291,376.7665338147622,381.3291320800781,22234100
NVDA,2024-01-17,56.24702551752996,56.370806056804064,54.64287831771136,55.953548431396484,474394000
QQQ,2024-01-17,400.78679371902757,402.18795672683933,397.5798679575851,401.81298828125,54386000
AAPL,2024-01-18,183.84857190455077,186.86183815424235,183.59170899023258,186.3579864501953,78005800
MSFT,2024-01-18,383.5321225973024,385.75466344784127,381.96556042243856,385.6371765136719,23392100
NVDA,2024-01-18,57.15840086229008,57.497797746406825,56.00744677307047,57.005672454833984,491650000
QQQ,2024-01-18,405.0790927808669,408.0985341433326,403.73713222559695,407.516357421875,59562500
AAPL,2024-01-19,187.04954979006996,189.6379874512041,186.54569809210085,189.252685546875,68903000
MSFT,2024-01-19,387.4877057228784,390.3368835449219,385.27493541414515,390.3368835449219,29331100
NVDA,2024-01-19,57.88610696898355,59.394427545023596,57.12346261571884,59.38544464111328,543501000
QQQ,2024-01-19,409.71680918810495,415.7556918630463,409.13463247146666,415.5978088378906,70325100
AAPL,2024-01-22,189.98376623580117,192.9772689432648,189.94423959032406,191.5546112060547,60133900
MSFT,2024-01-22,391.6585969965062,392.24606151114637,385.3630068278654,388.22198486328125,27016900
NVDA,2024-01-22,59.942448676756726,60.223949787892636,58.9651857256467,59.54814910888672,452955000
QQQ,2024-01-22,417.79826002605955,419.10077238644385,415.53860253748337,416.1405334472656,44880600
AAPL,2024-01-23,192.67104017695664,193.39224330006388,191.49537099853464,192.8291015625,42355600
MSFT,2024-01-23,387.477951202476,391.0320809683564,385.6959860498246,390.5621032714844,20525900
NVDA,2024-01-23,59.464301820428496,59.803698694627826,58.48104894335419,59.76676559448242,294654000
QQQ,2024-01-23,416.831207947934,418.08439494816366,414.9958743913693,417.8673095703125,33003800
AAPL,2024-01-24,193.06621990928542,194.01466361551059,191.99922639290756,192.1573028564453,53631300
MSFT,2024-01-24,393.1468390669837,397.1513444657461,392.07962632176026,394.1455078125,24867000
NVDA,2024-01-24,60.197006547482026,62.73748925623283,59.83165479543139,61.25312805175781,560271000
QQQ,2024-01-24,421.77486503694314,424.1529273697124,419.69281456588413,420.1861877441406,46948000
AAPL,2024-01-25,192.86862433386716,193.90598035718745,190.78403816176663,191.83126831054688,54822100
MSFT,2024-01-25,395.8687958055948,398.5025710526844,394.1162025271926,396.40728759765625,21021200
NVDA,2024-01-25,62.239368666397,62.607717226695215,60.742030169454694,61.50767135620117,482777000
QQQ,2024-01-25,422.68261931824196,423.3536296702719,418.36069593474804,420.69927978515625,44367200
AAPL,2024-01-26,191.9300946873343,192.41418317249008,189.62815685740148,190.1023712158203,44594000
MSFT,2024-01-26,395.9177438676681,397.6801377075614,394.01829188316384,395.4869384765625,17803300
NVDA,2024-01-26,60.85183724757184,61.67337885004867,60.465526677085045,60.92271041870117,390309000
QQQ,2024-01-26,418.81461765684946,420.56114783250166,417.5417064505357,418.1929626464844,37137000
AAPL,2024-01-29,189.69728055859,189.88499446653958,187.29655655692048,189.420654296875,47145600
MSFT,2024-01-29,397.57238286313674,401.41045873539736,395.8785331996652,401.1558837890625,24510200
NVDA,2024-01-29,61.12335021592604,62.37811980223714,60.798929932553925,62.354164123535156,348733000
QQQ,2024-01-29,418.6468527875806,422.6727946600037,417.995596599009,422.4754333496094,38694700
AAPL,2024-01-30,188.64014902264395,189.48979101081807,185.21194362297624,185.7750701904297,55859400
MSFT,2024-01-30,403.64280098293807,404.41626660201007,397.9542461080957,400.04949951171875,33477600
NVDA,2024-01-30,62.788396424260334,63.38034275629544,62.14952879417416,62.66261672973633,410735000
QQQ,2024-01-30,421.4394001414047,422.0116998127057,418.7554486863462,419.6632385253906,36739000
AAPL,2024-01-31,184.7871410441138,184.846431021382,182.12955411744667,182.17893981933594,55467800
MSFT,2024-01-31,398.4535945955144,406.6388669659615,388.9073919493629,389.2696533203125,47871100
NVDA,2024-01-31,61.330983989988475,62.15851544921119,60.59229912426738,61.41783142089844,453795000
QQQ,2024-01-31,415.2721531538391,417.2653696796535,411.265965905402,411.4435729980469,64010600
AAPL,2024-02-01,181.77388729281213,184.6982263171025,181.6059367135455,184.60931396484375,64885400
MSFT,2024-02-01,393.430744217634,399.4717890769623,393.401372487154,395.3399963378906,30657700
NVDA,2024-02-01,61.98981163068563,63.07887923181449,61.5406131324354,62.91516876220703,369146000
QQQ,2024-02-01,413.2395314697367,416.78194741657956,412.2725091612711,416.28857421875,51008600
AAPL,2024-02-02,177.69365314728918,185.07368095456727,177.0909997696198,183.61151123046875,102551700
MSFT,2024-02-02,395.36939499914837,404.0246140998081,395.12462060191353,402.62451171875,28256700
NVDA,2024-02-02,63.8604917267368,66.48183193924027,63.57699522405565,66.04261779785156,476578000
QQQ,2024-02-02,418.1830657905494,424.5377143092311,417.18647251424335,423.32403564453125,59602400
AAPL,2024-02-05,185.88377376602236,186.97053056814926,183.60159955655655,185.41943359375,69668800
MSFT,2024-02-05,401.3320936868834,402.5657662041655,395.5456233801517,397.1709289550781,25352300
NVDA,2024-02-05,68.10394628020288,69.37369252800232,67.08575942583846,69.208984375,680078000
QQQ,2024-02-05,423.3832928537203,423.91611423807007,419.367227704789,422.7715148925781,39889200
AAPL,2024-02-06,184.60931480628852,187.02980210381148,184.5204024536245,187.01992797851562,43490800
MSFT,2024-02-06,397.396205732411,399.4425164761791,394.48828417448937,397.01434326171875,18382600
NVDA,2024-02-06,69.50645284574946,69.630233381063,66.18236704818828,68.1019515991211,683111000
QQQ,2024-02-06,423.9160682702638,424.5179991788691,419.58426762321915,421.9228515625,35846100
AAPL,2024-02-07,188.3437971267345,188.74886241631054,186.33824908078662,187.1286163330078,53439000
MSFT,2024-02-07,398.92350430633786,405.64009909216526,398.8843320384044,405.39532470703125,22340500
NVDA,2024-02-07,68.19778404882926,70.09541214076467,67.48005798042527,69.97462463378906,495575000
QQQ,2024-02-07,424.7054804561285,427.09338964924376,423.4029681072797,426.2645263671875,37712700
AAPL,2024-02-08,187.10883150171134,187.25701874915856,185.09340956143063,186.05172729492188,40962000
MSFT,2024-02-08,405.39538860876115,406.87383568951475,403.9071708692484,405.4541320800781,21225300
NVDA,2024-02-08,69.9496558671256,70.66837949372972,69.33175856710787,69.51742553710938,414422000
QQQ,2024-02-08,426.3829751534842,427.8137694878013,425.7021478372285,427.0539855957031,29889900
AAPL,2024-02-09,186.6155602859614,187.941120969739,185.9725760341758,186.81341552734375,45155200
MSFT,2024-02-09,406.5702855474464,412.0238664464446,406.41362634312986,411.7594909667969,22032800
NVDA,2024-02-09,70.40784541342238,72.05691457870752,70.08741583954979,72.00501251220703,436637000
QQQ,2024-02-09,428.1887101367379,432.04689194825363,427.3993251082334,431.2574768066406,36943900
AAPL,2024-02-12,186.38808349311134,186.6353875018477,184.77565652599384,185.13177490234375,41781900
MSFT,2024-02-12,411.769283442755,411.94551383927785,406.0807287884979,406.580078125,21202900
NVDA,2024-02-12,72.47116950777065,74.47860256491589,71.12356661094503,72.11979675292969,613710000
QQQ,2024-02-12,431.1489601223572,433.31981417558666,428.88930250964694,429.5701599121094,33203300
AAPL,2024-02-13,183.76664838776776,184.2019058140478,181.53101071537256,183.0445098876953,56529500
MSFT,2024-02-13,396.4757753769111,401.49855072964925,394.9581860838381,397.8269348144531,27824900
NVDA,2024-02-13,70.2750920169868,73.31967588505927,69.49647717607553,72.0000228881836,602580000
QQQ,2024-02-13,421.6169602202019,425.55406834305234,419.69279287918516,422.8701171875,64491700
AAPL,2024-02-14,183.3215042025078,183.5292310959524,180.472557481369,182.1641082763672,54630500
MSFT,2024-02-14,400.2791853329973,402.0153819358465,396.84600689910087,401.67205810546875,20401200
NVDA,2024-02-14,73.07211558631658,74.1042774694229,71.8103584587589,73.76887512207031,504917000
QQQ,2024-02-14,425.5442266157376,427.90253465627023,423.1957655614689,427.4782409667969,45092700
AAPL,2024-02-15,181.57057328309747,182.50043860227981,179.3943014199978,181.87722778320312,65434500
MSFT,2024-02-15,400.34791702088137,401.3190066322356,396.57141418180584,398.7980651855469,21825500
NVDA,2024-02-15,73.73792526857264,73.8437323619661,72.27153019209926,72.52906799316406,420122000
QQQ,2024-02-15,428.16901342001694,429.2149622005433,425.6133137308573,428.7511901855469,38796100
AAPL,2024-02-16,181.44199396902647,182.8565806751117,179.71086599707365,180.34396362304688,49752500
MSFT,2024-02-16,400.17133095818804,400.49504745207923,395.73763633762957,396.3457946777344,22296500
NVDA,2024-02-16,73.96851471281462,74.2699807907232,72.37235296886776,72.4841537475586,495327000
QQQ,2024-02-16,429.12612415809764,429.2247747002088,424.15291424350715,424.8633728027344,53716500
AAPL,2024-02-20,179.82956623009554,180.46266385305907,178.0588762686663,179.60205078125,53665600
MSFT,2024-02-20,395.5413968145009,396.7675320143623,390.41126629664336,395.1000061035156,24307900
NVDA,2024-02-20,71.81934960299229,71.82833631589585,67.61382690331146,69.32878112792969,704833000
QQQ,2024-02-20,422.8700811679179,424.3798016822506,417.8870247947105,421.6564025878906,53999500
AAPL,2024-02-21,179.9779444437335,180.91769653606136,178.71174929095213,180.35385131835938,41371400
MSFT,2024-02-21,392.53007321174096,394.60959394201785,389.63638185870155,394.5016784667969,18518900
NVDA,2024-02-21,67.88533642606332,68.76577530674938,66.13045996080022,67.35228729248047,673755000
QQQ,2024-02-21,418.92310656439344,420.05788883742673,416.0418243903044,419.96905517578125,49779000
AAPL,2024-02-22,181.50131240098546,182.9653626660908,180.4923231436991,182.3817138671875,52292200
MSFT,2024-02-22,402.35868459808347,404.9482663429582,400.7696183104428,403.7908020019531,27009900
NVDA,2024-02-22,74.89189836868567,78.4355956825634,74.0883262285213,78.39866638183594,865100000
QQQ,2024-02-22,428.73137801666724,433.3000180733952,427.96171712915435,432.2639465332031,53887800
AAPL,2024-02-23,183.0148347964746,183.04451006700117,180.2648157032703,180.55169677734375,45119700
MSFT,2024-02-23,407.73411674298126,407.92046175721333,401.162019956702,402.505859375,16295900
NVDA,2024-02-23,80.64665337566204,82.24780364536768,77.4323654765101,78.67715454101562,829388000
QQQ,2024-02-23,433.82298476432334,434.7505286525933,430.0141586762791,430.99102783203125,39853900
AAPL,2024-02-26,180.27473021897956,180.78911167382452,178.70186529911302,179.2063751220703,40867400
MSFT,2024-02-26,403.60448178020243,404.2911294979053,399.5827521513917,399.75933837890625,16193500
NVDA,2024-02-26,79.55858308487059,80.5029113343283,78.36570371037314,78.95166778564453,503973000
QQQ,2024-02-26,431.80017024641353,432.7869165083509,430.576584404699,430.7640686035156,33043200
AAPL,2024-02-27,179.1470080612827,181.93658908973126,177.62360710096542,180.66050720214844,54318900
MSFT,2024-02-27,400.2007433350152,400.5244598178457,396.13979878680874,399.70050048828125,14835800
NVDA,2024-02-27,79.24014935736925,79.33898034064636,77.0250924240117,78.56135559082031,391705000
QQQ,2024-02-27,431.8692503640229,432.184986282359,429.26422577428366,431.8001708984375,33713200
AAPL,2024-02-28,180.54178846123017,181.14521076395337,178.1874648834917,179.4635467529297,48953900
MSFT,2024-02-28,400.38709194736896,401.48570431449235,397.5817089338175,399.9358825683594,13183100
NVDA,2024-02-28,77.48227691873889,78.7929431019633,76.98815248522881,77.52519989013672,393110000
QQQ,2024-02-28,429.6589206142435,430.8825064645186,428.5438925123563,429.50103759765625,32938800
AAPL,2024-02-29,179.31517776545977,180.6011615069905,177.59393659501978,178.80078125,136682600
MSFT,2024-02-29,400.83837846610305,406.29222617012584,398.1703067167653,405.742919921875,31947300
NVDA,2024-02-29,78.95366047452625,79.84806674793919,78.21097730890395,78.97162628173828,507289000
QQQ,2024-02-29,432.4218263244893,434.2571599221341,429.2543491340669,433.1816101074219,42495200
AAPL,2024-03-01,177.6137198257161,178.5831471920378,175.46712311031385,177.7225341796875,73563100
MSFT,2024-03-01,403.4180998812608,407.93028353505224,403.03556125394095,407.5673522949219,17823400
NVDA,2024-03-01,79.85804776923267,82.15396968894088,79.29404786978826,82.13300323486328,479135000
QQQ,2024-03-01,434.0696969951267,440.66115513774344,434.01049462540504,439.7040100097656,43853000
AAPL,2024-03-04,174.25038035125658,174.99229230011673,171.9158301484072,173.2117156982422,81510100
MSFT,2024-03-04,405.54665828189934,409.38201264934025,404.4480459696284,406.9984130859375,17596000
NVDA,2024-03-04,83.98072393894745,87.53940093463996,83.57045769196934,85.08576202392578,615616000
QQQ,2024-03-04,439.7039937666643,440.12831755147187,437.8883842316844,438.13507080078125,34325700
AAPL,2024-03-05,168.9184826327907,170.18467763470022,167.7907772375202,168.28538513183594,95132400
MSFT,2024-03-05,406.0567462440755,406.3412180011649,392.991071894389,394.9626770019531,26919200
NVDA,2024-03-05,85.12268939106258,85.94826418923283,83.27289368933285,85.81549072265625,520639000
QQQ,2024-03-05,435.09589454205684,435.1057716407656,427.9025059370084,430.27069091796875,57917100
AAPL,2024-03-06,169.21526961759642,169.39333632878757,166.86093094295472,167.2961883544922,68587700
MSFT,2024-03-06,395.2766257394995,397.4248173487459,390.78407881855424,394.4134216308594,22344100
NVDA,2024-03-06,87.86995321567885,89.56900902315816,86.87966241798968,88.5467758178711,582520000
QQQ,2024-03-06,434.48411631091494,436.13196568615194,431.0995838983498,432.9743957519531,46234500
AAPL,2024-03-07,167.32585131213037,168.88881413208614,166.67298033709926,167.17747497558594,71765100
MSFT,2024-03-07,398.3664344564578,401.9565620702222,394.56050584072034,401.32879638671875,18718500
NVDA,2024-03-07,90.00224735235656,92.60674140930558,89.44720809741612,92.5089111328125,608119000
QQQ,2024-03-07,436.556272243528,440.79926890872684,435.01692044917235,439.5461120605469,44526700
AAPL,2024-03-08,167.1775154100546,171.8268279085278,167.118164861082,168.88885498046875,76267000
MSFT,2024-03-08,400.17124800230863,402.5843034085502,396.6105469173114,398.4644775390625,18002200
NVDA,2024-03-08,94.97364703765751,97.23174040772027,86.35655527181379,87.37679290771484,1142269000
QQQ,2024-03-08,439.90140185906074,442.693910981613,432.53040518587756,433.2013854980469,72096000
AAPL,2024-03-11,171.07500788792643,172.49948126334272,170.1946063009313,170.88705444335938,60139500
MSFT,2024-03-11,396.05146623078247,397.93479302965693,393.5991959671877,396.79693603515625,16120800
NVDA,2024-03-11,86.27969890435133,88.6436045203793,84.0206076407832,85.6258316040039,678364000
QQQ,2024-03-11,431.7113612748173,432.8461134391734,429.66878931111285,431.59295654296875,45860000
AAPL,2024-03-12,171.28272310113206,172.15323790323208,169.16580172767317,171.3618621826172,59825400
MSFT,2024-03-12,399.8378019777306,407.63603426425436,399.02366133031137,407.3515625,22457000
NVDA,2024-03-12,87.8969031445505,91.80114256968415,86.0011815049168,91.75422668457031,668075000
QQQ,2024-03-12,433.901940644511,438.1350603881726,430.67526112502065,437.77984619140625,55300900
AAPL,2024-03-13,170.90684419661972,171.3223130850131,168.91851047344855,169.28453063964844,52488700
MSFT,2024-03-13,410.11771230614136,410.1961717884516,403.5946789555971,407.17498779296875,17115900
NVDA,2024-03-13,90.89769886633881,91.34592070136199,88.28222228746216,90.73098754882812,635713000
QQQ,2024-03-13,436.78325473745014,436.8030089363392,433.30004141473387,434.4150695800781,37928700
AAPL,2024-03-14,171.04532782778392,172.43022407386235,170.19460153541087,171.1343536376953,72913500
MSFT,2024-03-14,412.21684262615895,419.6521433696343,410.009799228429,417.1017761230469,34157300
NVDA,2024-03-14,89.42225054534444,90.48940398821422,86.45038860441925,87.79206848144531,602318000
QQQ,2024-03-14,435.64846988201316,436.1714441905976,430.6062109929357,433.31976318359375,52195200
AAPL,2024-03-15,169.32407812222547,170.75843811035156,168.4535633292171,170.75843811035156,121752700
MSFT,2024-03-15,411.28498921650765,414.5317928189051,404.9090862008724,408.46978759765625,45079900
NVDA,2024-03-15,86.77983369344113,89.39131202190967,86.10799973550625,87.68526458740234,642086000
QQQ,2024-03-15,430.2904130549387,433.05329030801596,427.0045314189574,428.1689147949219,73069800
AAPL,2024-03-18,173.67662817447325,175.79354941833483,171.64873273149365,171.84657287597656,75604200
MSFT,2024-03-18,406.3412048651448,412.6975005120342,405.8801768330178,409.35260009765625,20106000
NVDA,2024-03-18,90.23185202169164,92.24536587684682,86.9345566695886,88.30219268798828,668976000
QQQ,2024-03-18,433.4876884393745,435.77008416544805,432.01547173361786,432.25262451171875,47323800
AAPL,2024-03-19,172.45989598897214,174.70542030322298,171.16402557801365,174.18113708496094,55215200
MSFT,2024-03-19,409.8528340561438,413.61954764814055,407.61636469929994,413.364501953125,19837900
NVDA,2024-03-19,86.55022352343148,90.38758481674583,84.86314816147532,89.24356842041016,672171000
QQQ,2024-03-19,430.24684485265067,433.7346638779125,428.15215128325195,433.3295593261719,43004100
AAPL,2024-03-20,173.82502584048726,176.7432098388672,173.2018149693641,176.7432098388672,53423100
MSFT,2024-03-20,413.9432282491302,417.82761603764675,412.6288149554134,417.111572265625,17860100
NVDA,2024-03-20,89.6418701073994,90.25381771221527,88.07059173697641,90.21588134765625,479063000
QQQ,2024-03-20,434.5250629102318,438.803310427028,432.8256140023546,438.4673767089844,43653500
AAPL,2024-03-21,175.1406653733646,175.57592275278003,168.9976284397713,169.52191162109375,106181300
MSFT,2024-03-21,421.6237252238155,422.59484462108253,419.00471729967956,421.1725158691406,21296200
NVDA,2024-03-21,92.14054972284487,92.48794810720764,90.24881917443113,91.27703857421875,480372000
QQQ,2024-03-21,443.51640198843563,443.97089707149223,440.3447662615523,440.5423583984375,39345700
AAPL,2024-03-22,169.90772263085663,171.18381963278856,168.22605856941686,170.422119140625,71160100
MSFT,2024-03-22,421.49625883993525,421.6531778067011,417.9355573407252,420.5545654296875,17648500
NVDA,2024-03-22,90.9835495525749,94.61426754269417,90.67708069798141,94.12611389160156,586719000
QQQ,2024-03-22,440.0285427517674,442.1429563269523,439.17880316614946,441.0462341308594,28253900
AAPL,2024-03-25,168.73054337127422,170.0857641639875,167.62261143010488,169.0075225830078,54288300
MSFT,2024-03-25,417.12140106535213,419.2499850699005,413.5606994442316,414.7868347167969,18060500
NVDA,2024-03-25,93.77871885813295,96.59883562555477,93.34846365413705,94.83788299560547,552136000
QQQ,2024-03-25,438.2500236979711,440.9276637079466,437.2521126584658,439.4455871582031,27789200
AAPL,2024-03-26,168.16670300567833,169.57138777241732,167.7512341389727,167.8798370361328,57388400
MSFT,2024-03-26,417.48433323864253,417.8570831519167,413.30568457627095,413.5999450683594,16725600
NVDA,2024-03-26,95.68540977780971,96.20850660908965,92.34219634403308,92.40109252929688,513648000
QQQ,2024-03-26,440.96713872520985,441.88604904952297,437.79550353364715,438.02276611328125,34142000
AAPL,2024-03-27,168.5722893771007,171.72789059246503,168.27552158079686,171.44100952148438,60273300
MSFT,2024-03-27,416.33666794000516,416.34648660093063,411.0103437373624,413.3841247558594,16705000
NVDA,2024-03-27,92.95114873658731,93.0789259717654,88.96904130951937,90.0940933227539,586067000
QQQ,2024-03-27,441.105517877216,441.20432901385453,436.6493979452697,439.5147399902344,41359200
AAPL,2024-03-28,169.8978451053126,170.37266455083602,168.67121185228598,169.63075256347656,65672700
MSFT,2024-03-28,412.92309148516256,413.815721504757,411.11822405931304,412.68768310546875,21871200
NVDA,2024-03-28,89.8445176119648,91.14227480173439,89.03891256279711,90.19990539550781,435212000
QQQ,2024-03-28,439.4653172142628,440.31505674341986,438.3488147734117,438.70452880859375,36839600
AAPL,2024-04-01,169.3439054236345,169.40325597415293,167.6523392626607,168.1964111328125,46240500
MSFT,2024-04-01,415.856044584665,419.720825298805,414.15906261710444,416.4642028808594,16316000
NVDA,2024-04-01,90.14300148966248,92.0656689808471,89.049892011898,90.2068862915039,452441000
QQQ,2024-04-01,439.6530509460299,442.18245907233614,437.726339451207,439.63330078125,38729000
AAPL,2024-04-02,167.25661278755086,167.51380346702695,166.41577330219988,167.01919555664062,49329500
MSFT,2024-04-02,412.08929633397446,414.3159769269491,409.86264567594,413.3939208984375,17912000
NVDA,2024-04-02,88.295199136712,89.93835929549583,87.46863424504667,89.29747009277344,433064000
QQQ,2024-04-02,434.8215114618378,436.15538646711934,432.79601878365486,435.8392028808594,44259700
AAPL,2024-04-03,166.96973884210524,168.83935621904524,166.76201196368757,167.82046508789062,47691700
MSFT,2024-04-03,411.7166269488562,415.17923184367993,411.0888313055727,412.4228820800781,16502300
NVDA,2024-04-03,88.33114383542578,90.21787822523544,88.24728931215489,88.81031036376953,370067000
QQQ,2024-04-03,433.71488798828096,438.694673809478,433.70502798159896,436.8173828125,39949800
AAPL,2024-04-04,168.45358430225178,170.0660111961713,166.99945068359375,166.99945068359375,53704400
MSFT,2024-04-04,416.87612828288866,420.48589287991564,409.5978068668824,409.9018859863281,19370900
NVDA,2024-04-04,90.24981545155312,90.47742601324012,85.73163346290652,85.756591796875,434965000
QQQ,2024-04-04,440.9967622085378,441.6093791189941,429.9108294700598,430.1380920410156,57267700
AAPL,2024-04-05,167.7611226870966,168.5524984345705,167.12802510796487,167.75123596191406,42104800
MSFT,2024-04-05,411.9912731648726,418.36717662742586,410.33353586981326,417.39605712890625,16554800
NVDA,2024-04-05,86.71594667786945,88.32816244191248,85.7775755946387,87.8559799194336,399678000
QQQ,2024-04-05,431.5609373498813,437.8745980464935,430.7507282504202,435.20684814453125,54744600
AAPL,2024-04-08,167.20715459942008,167.37531948329715,166.425680716199,166.63340759277344,37425500
MSFT,2024-04-08,417.052799785157,419.1225019527215,415.2184760981184,416.4838562011719,14272400
NVDA,2024-04-08,88.54676191015398,88.67654220104028,86.58216705957724,86.98247528076172,283220000
QQQ,2024-04-08,436.1355849917124,437.2125569373429,433.9520007772844,435.33526611328125,28144900
AAPL,2024-04-09,166.88073030235694,168.24585316442327,166.53451377109624,167.84027099609375,42373800
MSFT,2024-04-09,418.2985504874364,419.57371934199267,413.57056515417355,418.1416015625,12496900
NVDA,2024-04-09,87.29094090122678,87.4836082761363,82.87857850073121,85.20654296875,501700000
QQQ,2024-04-09,437.66708927505294,437.94374236584986,432.21305827665964,436.9458312988281,39443600
AAPL,2024-04-10,166.97964653177021,167.2665125006067,165.30786924976792,165.97064208984375,49709300
MSFT,2024-04-10,414.1296507389469,415.93451830181,411.68719880938414,415.1792297363281,16216600
NVDA,2024-04-10,83.78102010903869,87.24901778988773,83.56439211342133,86.88864135742188,431929000
QQQ,2024-04-10,431.7783023964343,433.99152706641837,431.0669044449502,433.1319274902344,61502200
AAPL,2024-04-11,166.5246149420751,173.56784300454478,166.3465633103838,173.15235900878906,91070300
MSFT,2024-04-11,417.6903079757618,421.17251987057847,414.29634428569665,419.760009765625,17966400
NVDA,2024-04-11,87.26897200773683,90.58223837088431,86.77582976459976,90.4594497680664,431637000
QQQ,2024-04-11,434.9993827274123,440.99682993017785,432.7268471276374,440.0483093261719,45474600
AAPL,2024-04-12,172.38078961681583,176.43658160486194,172.3313408879349,174.64610290527344,101670900
MSFT,2024-04-12,415.9541310748391,417.06256218596104,411.75584496590756,413.8451843261719,19253800
NVDA,2024-04-12,89.54403999734934,90.01922323878227,87.37878828439109,88.03365325927734,426805000
QQQ,2024-04-12,435.82934357135736,436.95570613893716,431.6597667487768,433.03314208984375,53665000
AAPL,2024-04-15,173.46888692512982,174.72519524382946,170.6397290741028,170.8276824951172,73531800
MSFT,2024-04-15,418.45548299345114,418.67128401490294,405.5369076275719,405.742919921875,20273500
NVDA,2024-04-15,88.94407438415881,90.45645646962656,85.78055040974887,85.85242462158203,443077000
QQQ,2024-04-15,436.7778637813603,436.8667847613836,425.0694522981349,425.9093017578125,63453600
AAPL,2024-04-16,169.8978273072319,171.88614579113815,166.45536027289515,167.5533905029297,73711200
MSFT,2024-04-16,406.65512826574127,410.4119935798852,405.8311689524943,406.6649169921875,16765600
NVDA,2024-04-16,86.28369399477991,87.96578088273147,85.91533573267348,87.26399993896484,370453000
QQQ,2024-04-16,425.75116924302756,428.57701077839033,424.5655261365261,425.94879150390625,47619000
AAPL,2024-04-17,167.780901063059,168.80967890645843,166.18826293945312,166.18826293945312,50901200
MSFT,2024-04-17,409.2839508985917,410.8828360715611,402.4960529094379,403.97723388671875,15855500
NVDA,2024-04-17,88.18737923912188,88.62163290761173,83.80496405819224,83.88982391357422,495400000
QQQ,2024-04-17,427.92490809219123,427.94465825778315,419.82287756668256,420.75164794921875,56880500
AAPL,2024-04-18,166.21796146542746,166.8213838226369,164.7539260277304,165.23863220214844,43122900
MSFT,2024-04-18,402.7903806947221,404.0263347339794,396.23792042411,396.5517883300781,21029900
NVDA,2024-04-18,84.82321393436638,86.0411075798554,82.25964941091485,84.52472686767578,447260000
QQQ,2024-04-18,421.39392278181145,423.1230122839189,417.77765197619533,418.3507385253906,46549400
AAPL,2024-04-19,164.41758473594675,164.60552308162337,162.31054999578998,163.2206268310547,68149400
MSFT,2024-04-19,396.3162928123119,397.73862151107056,390.175798614413,391.5000305175781,30565800
NVDA,2024-04-19,83.00636595540483,84.17833393456459,75.47539894537725,76.06836700439453,875198000
QQQ,2024-04-19,417.17492743365193,417.69859329896826,408.13426609892537,409.69537353515625,75231000
AAPL,2024-04-22,163.73501821268977,165.45624419964858,162.99310629576294,164.0515594482422,48116400
MSFT,2024-04-22,392.4416972104412,395.15883179011223,388.1943783333411,393.3049011230469,20286900
NVDA,2024-04-22,77.96907171420484,79.93467203595871,76.26802061217705,79.38063049316406,596341000
QQQ,2024-04-22,412.3235850098198,416.1473377835961,408.9938577655325,413.8155517578125,47807700
AAPL,2024-04-23,163.56685559955991,165.24851961582092,163.14148491226467,165.10012817382812,49537800
MSFT,2024-04-23,396.52225575849155,400.4066731426807,395.36479145787155,399.7886962890625,15734500
NVDA,2024-04-23,80.62946711947102,82.62601207910251,80.12534225900131,82.28060913085938,438559000
QQQ,2024-04-23,415.7422375545966,421.18640859511777,413.86494655360076,419.9908752441406,44384700
AAPL,2024-04-24,164.74401450706145,167.47426013692973,164.41758653276062,167.19728088378906,48251800
MSFT,2024-04-24,401.7407287200192,404.59517495198185,399.01380533371923,401.2502746582031,15065300
NVDA,2024-04-24,83.80497344877082,83.93674919660243,79.0462101404743,79.53936004638672,512208000
QQQ,2024-04-24,423.0835051077627,424.5952221276178,419.13130059541714,421.4136962890625,48440300
AAPL,2024-04-25,167.70177351115603,168.77012851479734,166.33665071301928,168.05789184570312,50558300
MSFT,2024-04-25,386.5072107491817,392.25534768176107,380.6217622511499,391.42156982421875,40586500
NVDA,2024-04-25,78.73175981196158,83.17906608261447,78.08787733468318,82.48926544189453,424641000
QQQ,2024-04-25,414.23052802555014,420.23789551957753,413.1436959522945,419.3782958984375,57392200
AAPL,2024-04-26,168.04800546826704,169.49225225997063,167.35554224826544,167.47425842285156,44838400
MSFT,2024-04-26,404.30094095620495,405.1150815807432,398.01331587991365,398.5626220703125,29694700
NVDA,2024-04-26,83.67322387424187,88.178429159811,83.24296857442113,87.58345794677734,551011000
QQQ,2024-04-26,422.5103887021801,427.381473182625,421.81877105316397,425.8500061035156,41874900
AAPL,2024-04-29,171.5003643815301,174.13168243053624,171.2332869429431,171.62896728515625,68169400
MSFT,2024-04-29,397.5130062731547,398.56258512123486,391.5687056006696,394.5702819824219,19582100
NVDA,2024-04-29,87.44367738781547,87.83998710672722,85.11869845127212,87.60540008544922,388971000
QQQ,2024-04-29,427.9545657944638,428.57704279451684,424.84221094712433,427.5791015625,30022200
AAPL,2024-04-30,171.46079655206535,173.10289859543835,168.1667057400835,168.49314880371094,65934800
MSFT,2024-04-30,393.82481984555585,394.4820415046003,381.74005368851095,381.89697265625,28781400
NVDA,2024-04-30,87.08928872900789,88.66556334587189,86.15091777999787,86.25273895263672,363709000
QQQ,2024-04-30,425.99815221246456,427.3913076413745,419.4375097202712,419.51654052734375,43665900
AAPL,2024-05-01,167.75123767315736,170.84748833564953,167.28630498280754,167.47425842285156,50383100
MSFT,2024-05-01,385.1143087080168,394.050396924473,382.85823208751793,387.39984130859375,23562500
NVDA,2024-05-01,84.93002290842145,85.85142484392729,81.11461964994571,82.89753723144531,559863000
QQQ,2024-05-01,418.0938044365129,425.00030192305,415.6335669199923,416.4832763671875,52251700
AAPL,2024-05-02,170.649650682897,171.54984088638673,169.04712555589578,171.16404724121094,94214900
MSFT,2024-05-02,390.0679505478797,392.29460134045365,387.11540734616494,390.2445068359375,17709400
NVDA,2024-05-02,84.30311392551386,86.08802721004574,83.05627099401435,85.66875457763672,377898000
QQQ,2024-05-02,420.2181234298724,422.6981413555137,415.60394164929187,421.79901123046875,36559000
AAPL,2024-05-03,184.637145231003,184.98337684032407,180.69018337477516,181.4024200439453,163224100
MSFT,2024-05-03,394.5998261763426,399.37684524901124,394.18783148090995,398.8962097167969,17446700
NVDA,2024-05-03,87.6373400551101,89.12675929539812,86.8896334546632,88.63561248779297,398341000
QQQ,2024-05-03,429.2489381506173,431.26457091188445,427.4506778454958,430.2765197753906,48515300
AAPL,2024-05-06,180.38352481626606,182.21356516877455,178.47433028646978,179.75042724609375,78569700
MSFT,2024-05-06,400.9560656726651,406.02734455936377,398.61168058742396,405.6448059082031,16996600
NVDA,2024-05-06,89.23557056109705,92.06068332323404,88.90115021604193,91.98081970214844,376203000
QQQ,2024-05-06,432.07470879916997,435.0783924110158,431.3040301921814,434.9894714355469,30227200
AAPL,2024-05-07,181.4716631656838,182.90602327557747,179.36464345444207,180.4329833984375,77305800
MSFT,2024-05-07,406.74337133005633,406.7531899905989,401.2797058272895,401.5249328613281,20018200
NVDA,2024-05-07,90.94062670307744,91.62244547206083,88.85723403089521,90.39756774902344,437342000
QQQ,2024-05-07,435.4341495604902,436.68896365352816,434.3275069549733,435.0586853027344,30996100
AAPL,2024-05-08,180.87816251484435,181.09579125547057,179.4932509750194,180.76934814453125,45057100
MSFT,2024-05-08,400.37727892161104,404.3597634781988,398.9451315189421,402.7020263671875,11792300
NVDA,2024-05-08,89.32842516703573,91.03646805439529,89.26553046184982,90.25582122802734,325721000
QQQ,2024-05-08,432.4403921038488,436.2048648518202,432.32180062860914,434.80181884765625,24896700
AAPL,2024-05-09,180.59127127419717,182.6686309202814,180.1461270912472,182.57960510253906,48983000
MSFT,2024-05-09,402.73150019277335,404.84044690561177,401.28956389363333,404.4480895996094,14689700
NVDA,2024-05-09,90.37260819958134,90.91466942223298,88.07858152551931,88.59368896484375,378013000
QQQ,2024-05-09,435.068517003567,436.3233611678897,433.22086631601803,435.7502746582031,24580100
AAPL,2024-05-10,183.15410154420678,183.34230991411323,180.4102677646858,181.3215789794922,50759500
MSFT,2024-05-10,405.0562460600837,407.44966453116945,403.93799631140473,406.8218688964844,13402300
NVDA,2024-05-10,90.14900450939767,91.24311191356409,89.07286375704587,89.72274017333984,335325000
QQQ,2024-05-10,437.25204627506025,439.0008854831967,435.23641403060265,436.77777099609375,27116600
AAPL,2024-05-13,183.68902280376187,185.33335221774516,182.8767582325011,184.52108764648438,72044800
MSFT,2024-05-13,410.0294239104783,410.36292908810583,402.9766919421273,405.8213195800781,15440200
NVDA,2024-05-13,90.32169428450598,90.84080023922876,88.37606371894472,90.24283599853516,289680000
QQQ,2024-05-13,438.6847440218973,438.78355515027033,436.3727083519989,437.7856140136719,22994200
AAPL,2024-05-14,185.7394637127145,186.52201273815805,184.53098214319476,185.66021728515625,52393600
MSFT,2024-05-14,404.1538152820149,409.5193847249845,403.69278719697195,408.6071472167969,15109300
NVDA,2024-05-14,89.44421267221655,91.49266969851776,88.78036057605543,91.19818115234375,296507000
QQQ,2024-05-14,437.36078681259016,441.1351490219814,437.1730547027617,440.6015930175781,34478300
AAPL,2024-05-15,186.13568203158255,188.849800179078,185.6007724639543,187.9285888671875,70400000
MSFT,2024-05-15,410.66092785109674,416.46855556809163,410.0418362179186,415.7511901855469,22239500
NVDA,2024-05-15,92.31226052004403,94.69813133508781,91.44076747625896,94.4665298461914,417735000
QQQ,2024-05-15,443.0717223950717,447.7353245285619,441.5600055039681,447.4883117675781,41464700
AAPL,2024-05-16,188.67151097089564,189.29556710780693,187.86916171755817,188.04745483398438,52845200
MSFT,2024-05-16,414.49335406459187,418.05067177577746,413.0684896947791,413.6973876953125,17530100
NVDA,2024-05-16,94.74603446168919,95.653460635576,93.94042183353292,94.19598388671875,323952000
QQQ,2024-05-16,447.300603706104,449.25695573333155,446.41136374933757,446.579345703125,34780400
AAPL,2024-05-17,187.72057759120682,189.00830557822601,187.39369174809892,188.07717895507812,41282900
MSFT,2024-05-17,415.2205635959117,415.5939858480529,410.7886784280323,412.930908203125,15352200
NVDA,2024-05-17,94.20598653059943,94.57634022771545,91.64741042469609,92.31924438476562,359691000
QQQ,2024-05-17,446.70770167002837,447.3104284305846,444.16843363827496,446.3619079589844,35803700
AAPL,2024-05-20,187.54228461702792,190.10782534306233,187.22529890901677,189.2361297607422,44361300
MSFT,2024-05-20,412.930965804356,419.37732877198647,412.714775522377,417.97210693359375,16272100
NVDA,2024-05-20,93.58805245494568,95.03554461976276,93.27859039868353,94.61627197265625,318764000
QQQ,2024-05-20,446.57935219702347,450.13631207581267,446.3916200736185,449.4743347167969,24474200
AAPL,2024-05-21,189.28565540299905,190.91016932460286,189.11726241831752,190.5337677001953,42309400
MSFT,2024-05-21,419.43623228216074,425.46988664412265,417.49054998726376,421.60797119140625,21453300
NVDA,2024-05-21,93.43729892728764,95.23519004733342,93.01902406434208,95.2212142944336,328946000
QQQ,2024-05-21,447.6266980809167,450.54143085979473,447.42907579122794,450.35369873046875,23167700
AAPL,2024-05-22,190.45453220558076,190.99934196064652,188.47341681604038,189.0974578857422,34648500
MSFT,2024-05-22,422.6397117823025,424.91953050673135,419.7309951274063,423.062255859375,18073700
NVDA,2024-05-22,95.29409598809328,95.85412388547536,93.08791463591838,94.78597259521484,548648000
QQQ,2024-05-22,450.6105638917276,451.3614923460644,447.6661608786562,450.2647399902344,25120000
AAPL,2024-05-23,189.1766947549615,189.19651013997458,184.86777806929078,185.11541748046875,51005900
MSFT,2024-05-23,425.4698880093599,426.0889796466093,418.0506847119264,419.6033020019531,17211700
NVDA,2024-05-23,101.85174564222405,106.13633099300849,101.34461998726044,103.61968994140625,835065000
QQQ,2024-05-23,455.04691409303155,455.0765544193966,446.4508877649814,448.2392578125,40899200
AAPL,2024-05-24,187.03712172304932,188.78049792280623,186.26447277204775,188.1861572265625,36327000
MSFT,2024-05-24,419.78997344657733,423.5929302999633,417.0581313925194,422.7085266113281,11855300
NVDA,2024-05-24,104.26855020743297,106.29105104139217,102.82205601462691,106.28506469726562,429494000
QQQ,2024-05-24,449.8497773775448,453.7427009819922,448.1503283413245,452.4779968261719,29669500
AAPL,2024-05-28,189.70168159973719,191.1776178733189,187.31444925751387,188.196044921875,52280100
MSFT,2024-05-28,422.1877033571548,423.3570918822038,419.2101919839553,422.8657531738281,15718000
NVDA,2024-05-28,110.0535586136133,114.74044777454472,109.69318217417998,113.70423889160156,652728000
QQQ,2024-05-28,453.6932303817644,454.24653650445447,451.23299315219873,454.187255859375,26216800
AAPL,2024-05-29,187.81962268312432,190.4346940804733,187.72056087959155,188.49319458007812,53068000
MSFT,2024-05-29,418.31595899186647,423.4750155168305,418.31595899186647,421.7356872558594,15517100
NVDA,2024-05-29,112.8547051589029,115.29248024146612,110.70941556106891,114.62663269042969,557442000
QQQ,2024-05-29,450.03756329234886,452.7645640510402,449.89922165344444,450.986083984375,29739200
AAPL,2024-05-30,188.9587703074631,190.36536034504638,188.83000809203267,189.4837646484375,49889100
MSFT,2024-05-30,416.9500674611062,416.9500674611062,407.0643338259667,407.4869079589844,28394500
NVDA,2024-05-30,114.45195291177907,115.61893227920821,109.47356803877526,110.30912017822266,484553000
QQQ,2024-05-30,450.0572632581326,450.19560488160533,444.83046464487313,446.1544494628906,30536800
AAPL,2024-05-31,189.6323431713606,190.7516780595243,188.1167913020161,190.4346923828125,75158300
MSFT,2024-05-31,409.5308671519035,409.5308671519035,397.50290358954135,407.9389343261719,47995300
NVDA,2024-05-31,112.32561724375552,112.52228313915187,106.75526253688238,109.44361114501953,613263000
QQQ,2024-05-31,446.3817152995183,447.07336311604297,437.76590868384545,445.3244934082031,55941300
AAPL,2024-06-03,191.07857147290113,193.14884852262287,190.7021698304424,192.19790649414062,50080500
MSFT,2024-06-03,408.33200300435846,409.21640680558284,401.8365187640821,406.3568115234375,17484700
NVDA,2024-06-03,113.42473014133537,114.80134582519531,111.80952128063097,114.80134582519531,438392000
QQQ,2024-06-03,449.13840270768463,450.1363138301229,442.54808850150624,447.7156066894531,32997500
AAPL,2024-06-04,192.80213237542046,193.47571940906454,191.2073340206378,192.51487731933594,47471400
MSFT,2024-06-04,405.2856495851976,409.226195718034,402.58328662384173,408.86260986328125,14348900
NVDA,2024-06-04,115.51609238971567,116.39856025554492,113.84797397023767,116.23583984375,403324000
QQQ,2024-06-04,447.4586887576052,450.1362987474651,445.73948952356676,448.9407653808594,23767400
AAPL,2024-06-05,193.55497498638144,195.04081158591265,193.02998059705732,194.02053833007812,54156800
MSFT,2024-06-05,410.5725176189358,416.73389525429343,409.0886648755249,416.6651306152344,16988000
NVDA,2024-06-05,118.16652151115385,122.23747225440593,117.26508152569082,122.2284927368164,528402000
QQQ,2024-06-05,452.5076010658575,458.0703027841876,448.9802518119225,457.99127197265625,33817400
AAPL,2024-06-06,193.8422122853953,194.64456149457678,192.3365605546928,192.6436309814453,41181800
MSFT,2024-06-06,416.66508413024746,417.9425528471417,413.29447761268017,417.1662292480469,14861300
NVDA,2024-06-06,123.83368952695288,125.37003219208192,118.11558846545381,120.7889633178711,664696000
QQQ,2024-06-06,458.6730403056571,458.98922386503307,456.6672979648091,457.83319091796875,21966800
AAPL,2024-06-07,192.81202934049514,195.08041469163098,192.30685040959915,195.0308837890625,53103900
MSFT,2024-06-07,418.8171717087438,418.89577271534046,415.67259164399417,416.50787353515625,13621700
NVDA,2024-06-07,119.56308862810559,121.481772978908,117.81811489560457,120.67916107177734,412386000
QQQ,2024-06-07,457.46763107031757,460.17488126832046,456.32148824669326,457.4281005859375,25829700
AAPL,2024-06-10,195.04080033594326,195.43703247512377,190.33565137548777,191.29649353027344,97010200
MSFT,2024-06-10,417.34315052242914,420.66457531575907,416.5471841383872,420.4582214355469,13982900
NVDA,2024-06-10,120.16206002224595,122.88733960177423,116.80786391189227,121.57960510253906,313434100
QQQ,2024-06-10,456.3017739959468,459.6315014350847,456.015230729256,459.2757873535156,20660800
AAPL,2024-06-11,191.82147267998263,205.20391549352811,191.8016724106265,205.19400024414062,172373300
MSFT,2024-06-11,418.1096457911631,425.3224952545953,417.88361916349896,425.1849060058594,14551100
NVDA,2024-06-11,121.56962984389475,122.66782593913159,118.54461678500223,120.71105194091797,222551200
QQQ,2024-06-11,458.001193404112,462.5462342770449,456.5092266656226,462.4276428222656,22053300
AAPL,2024-06-12,205.4119153142898,218.12077055688877,204.94635205432962,211.05810546875,198134300
MSFT,2024-06-12,427.7791794767063,435.71920053687387,425.7450298401941,433.41973876953125,22366200
NVDA,2024-06-12,122.85749488714337,126.67120854134929,122.3683033445049,124.99397277832031,299595000
QQQ,2024-06-12,466.35021160302534,470.80633154634563,465.6585939506412,468.4844055175781,34532600
AAPL,2024-06-13,212.71235034689784,214.70336573665497,209.60200000148347,212.21707153320312,97862700
MSFT,2024-06-13,433.21338970261115,435.7093989946261,431.75901618030764,433.93072509765625,15960600
NVDA,2024-06-13,129.177104537848,129.58643359087407,126.95077798576432,129.39674377441406,260704500
QQQ,2024-06-13,472.01176323840133,472.6737707294216,468.7512067349177,471.0237121582031,25859000
AAPL,2024-06-14,211.83075578674166,213.13828400218216,209.3048308005582,210.4835968017578,70122700
MSFT,2024-06-14,430.68790003484014,435.4637283515464,429.15492551069684,434.9035949707031,13582000
NVDA,2024-06-14,129.7461405645556,132.62139078984768,128.1088400079036,131.66297912597656,309320400
QQQ,2024-06-14,470.8261235583217,473.5334042157013,470.36173831129486,473.4642333984375,23372600
AAPL,2024-06-17,211.35530191551948,216.88261596473237,210.71144542501693,214.6241455078125,93728300
MSFT,2024-06-17,434.9232138540311,443.1285766509554,433.08561180023855,440.60308837890625,20790000
NVDA,2024-06-17,132.77118307637525,133.5099557271365,129.3667902512595,130.7644805908203,288504400
QQQ,2024-06-17,473.7309763615581,481.0425485388574,472.4267718136733,479.2640686035156,37054500
AAPL,2024-06-18,215.53544497511416,216.56563344094587,210.9887887879192,212.2666015625,79943300
MSFT,2024-06-18,441.9199255268032,442.3424996772447,437.18344238899346,438.6083068847656,17112500
NVDA,2024-06-18,130.9242214788469,136.10568428406987,130.474964956118,135.35691833496094,294335100
QQQ,2024-06-18,479.21463933122305,480.09398906770866,477.65350181941676,479.4122314453125,24438600
AAPL,2024-06-20,211.90997342693947,212.21705896960654,206.87795427864972,207.70010375976562,86172500
MSFT,2024-06-20,438.56892206249415,438.79494866589,433.62605582240985,437.9793395996094,19877400
NVDA,2024-06-20,139.56994988249141,140.52836158741297,129.30686774302006,130.56478881835938,517768400
QQQ,2024-06-20,480.6078143162827,481.0227788796813,473.8890489544044,475.7169494628906,33918700
AAPL,2024-06-21,208.40341856791886,209.88925500861833,205.1543907600995,205.5308074951172,241805100
MSFT,2024-06-21,439.63025801243765,442.774807970896,438.77533339876635,441.9886779785156,34187100
NVDA,2024-06-21,126.91083818337023,130.41506492589528,124.09547854511997,126.36174011230469,649445800
QQQ,2024-06-21,475.44026293593026,476.7741378160484,472.9503852718537,474.44232177734375,37456800
AAPL,2024-06-24,205.75865018980198,210.69162338847192,204.63931513285507,206.1746826171875,80727000
MSFT,2024-06-24,442.0082999216464,444.90721036131976,438.6770389987755,439.91522216796875,15913700
NVDA,2024-06-24,123.03719724453093,124.2551908621237,117.8457572795687,117.91564178466797,476060900
QQQ,2024-06-24,473.2172197227776,474.9490574140219,468.9024843141438,469.041015625,37751000
AAPL,2024-06-25,207.17514806736853,209.3841027399326,206.64025353103247,207.09591674804688,55549700
MSFT,2024-06-25,440.4851865060809,443.60028735592437,439.01117026568124,443.138427734375,16413400
NVDA,2024-06-25,121.00056206941291,126.29184395373642,119.1236583558784,125.88251495361328,414192600
QQQ,2024-06-25,471.129109923321,474.7016290052878,470.1889574276186,474.4047546386719,29014700
AAPL,2024-06-26,209.5029286499739,212.8312027309874,208.65104852463386,211.2364044189453,66213200
MSFT,2024-06-26,441.2221891732116,445.7425115856911,440.42622281234816,444.32745361328125,16507000
NVDA,2024-06-26,125.92244899462368,127.90917229563556,122.39825886605338,126.19200897216797,362975900
QQQ,2024-06-26,473.58334212660935,475.92877037792846,473.16771802191516,475.38446044921875,22737100
AAPL,2024-06-27,212.66282504623206,213.70291360533915,210.34492376459474,212.07839965820312,49772700
MSFT,2024-06-27,444.3470860716105,448.267989524247,443.9441847148766,445.0054931640625,14806300
NVDA,2024-06-27,123.8957921998042,126.2019962793405,122.71773358253314,123.78597259521484,252571700
QQQ,2024-06-27,475.1370763918568,478.0861593754013,474.32557950230506,476.6116027832031,26222100
AAPL,2024-06-28,213.7326216506115,214.0297919592074,208.31427026634478,208.63124084472656,82542700
MSFT,2024-06-28,445.22171482768863,447.4916975183524,438.6770788922511,439.2077331542969,28362300
NVDA,2024-06-28,124.37501298465715,127.49986001719877,122.54802231076043,123.33672332763672,315516700
QQQ,2024-06-28,477.403281069795,482.1435762094865,473.4942643131208,474.13751220703125,34881600
AAPL,2024-07-01,210.0873668962765,215.4561875080808,209.91897391071575,214.703369140625,60402900
MSFT,2024-07-01,440.88808384173325,449.447196335744,437.94005138791704,448.81829833984375,17662800
NVDA,2024-07-01,123.26683813440599,124.6345790000873,118.63447360818265,124.09547424316406,284885500
QQQ,2024-07-01,475.05793318372764,477.4824878396145,471.3171649653183,476.9184265136719,24898300
AAPL,2024-07-02,214.1090169642201,218.29908645117231,213.0689435868198,218.19012451171875,58046200
MSFT,2024-07-02,445.3494309967801,451.6287242891569,445.2609636362825,451.3240966796875,13979800
NVDA,2024-07-02,120.93067286767031,123.20692743216773,120.8308389451457,122.4681396484375,218374000
QQQ,2024-07-02,475.4240826231297,481.98527819601577,475.2954269921551,481.9259033203125,26723600
AAPL,2024-07-03,217.9226407298708,219.4580078125,216.96179878656707,219.4580078125,37369800
MSFT,2024-07-03,450.25300481306164,453.03396893483153,449.94837718806366,452.7882995605469,9932800
NVDA,2024-07-03,121.45983599496338,128.06893920898438,121.16032653936864,128.06893920898438,215749000
QQQ,2024-07-03,481.17377316359585,486.0724117323164,481.17377316359585,485.9437561035156,18064900
AAPL,2024-07-05,219.55710192478037,224.3117817727132,219.55710192478037,224.20281982421875,60412400
MSFT,2024-07-05,451.6483951731934,460.2370169877969,451.01949716215944,459.460693359375,16000300
NVDA,2024-07-05,127.17038486367325,128.6379747149119,125.47318537524079,125.62294006347656,214176700
QQQ,2024-07-05,486.7849168172166,491.44602546018973,486.4880122572662,491.0105895996094,28495900
AAPL,2024-07-08,224.94572057418634,225.69855401964364,221.14198303770854,225.66883850097656,59085900
MSFT,2024-07-08,458.46817132419625,459.598274429734,456.4143789671548,458.1635437011719,12962300
NVDA,2024-07-08,127.28019823232947,130.55480700867955,126.83094180644568,127.98902893066406,237677300
QQQ,2024-07-08,491.37678420928336,492.73256089290976,490.35747522663445,492.1783752441406,22109400
AAPL,2024-07-09,225.7778183894468,227.23393947620644,224.23255073363126,226.52073669433594,48076100
MSFT,2024-07-09,458.9104170237532,459.23468742094946,450.0663190511327,451.57965087890625,17207200
NVDA,2024-07-09,130.1355144487565,133.59980576329167,128.43829962119838,131.163818359375,285366600
QQQ,2024-07-09,493.69247152313164,494.8107486472105,491.08976215311105,492.6038818359375,25614500
AAPL,2024-07-10,227.13486087511765,230.8791673967792,227.0853299721382,230.7801055908203,62627700
MSFT,2024-07-10,453.2305038870679,458.37972423311413,450.91136946375343,458.1733703613281,18196100
NVDA,2024-07-10,133.8094467425138,134.87769332438475,132.20209545632153,134.68800354003906,248978600
QQQ,2024-07-10,494.52378120012463,498.2942369269607,493.2175036938141,497.74005126953125,28046900
AAPL,2024-07-11,229.2051413563895,230.19569903805672,223.63821202212716,225.4212188720703,64710600
MSFT,2024-07-11,454.9600551032178,456.72886266734906,443.7280281074878,446.823486328125,23111200
NVDA,2024-07-11,135.52661932549566,135.92595502009132,126.84093848175796,127.19036102294922,374782700
QQQ,2024-07-11,497.84886011902,498.05667216311593,485.636935294942,486.824462890625,49966600
AAPL,2024-07-12,226.75843028372813,230.4433055423661,226.5206910327904,228.36312866210938,53046500
MSFT,2024-07-12,446.45987718044813,448.4547114032981,442.8436310012122,445.6933898925781,16324300
NVDA,2024-07-12,128.04893020829968,131.70291097832524,127.01064833229333,129.02732849121094,252680500
QQQ,2024-07-12,487.398546818786,494.43474194079687,486.9334234559476,489.6845703125,37109400
AAPL,2024-07-15,234.2470836578572,234.99000194235262,230.88909361652622,232.1867218017578,62631300
MSFT,2024-07-15,445.4476817175394,449.33910606074033,443.61007966105154,446.09625244140625,14429400
NVDA,2024-07-15,130.3451595951711,131.1737956487568,126.97072416574117,128.22865295410156,208326200
QQQ,2024-07-15,491.45594988459715,495.8103089222989,488.962114418248,491.000732421875,31151400
AAPL,2024-07-16,232.78106107648213,234.03907359612094,230.13627381333595,232.60276794433594,43234300
MSFT,2024-07-16,446.35175028412175,446.430351284593,438.92271119875926,441.733154296875,17175700
NVDA,2024-07-16,128.22865593379024,128.82765950066548,124.37500690887067,126.1520767211914,214769500
QQQ,2024-07-16,492.45546558304693,493.2669624935249,488.0318560940838,491.1887512207031,25950600
AAPL,2024-07-17,227.2834515580279,229.2744821236097,224.49998695797876,226.71884155273438,57345900
MSFT,2024-07-17,434.92324477920374,437.14410559537976,431.5723108003405,435.8371276855469,21778000
NVDA,2024-07-17,121.15031675281162,121.64949400158038,116.52793817127537,117.79584503173828,390086200
QQQ,2024-07-17,483.21237345638946,483.72696575198995,476.70067742779014,476.7699279785156,56268800
AAPL,2024-07-18,228.10560948409145,228.26410233218343,220.17124832102243,222.06320190429688,66034600
MSFT,2024-07-18,436.6428686281901,436.94749622050165,426.87505295560237,432.74163818359375,20794800
NVDA,2024-07-18,121.6494756183127,122.19857355571662,116.36818021041026,120.8907241821289,320979500
QQQ,2024-07-18,480.49093325016867,480.6690578747681,471.32702835165105,474.51361083984375,49347400
AAPL,2024-07-19,222.6971648700337,224.65846466815103,221.17169771561296,222.1919708251953,49151500
MSFT,2024-07-19,425.59766083378145,433.49839687991425,424.5167095108502,429.5381774902344,20940400
NVDA,2024-07-19,120.15197050658449,121.3999137142076,117.17687816504188,117.73595428466797,217223800
QQQ,2024-07-19,474.17716317121153,476.69081038315727,469.0212433135794,470.3077392578125,42042900
AAPL,2024-07-22,224.86647978572938,225.62921338494564,220.98349573063444,221.8452911376953,48201800
MSFT,2024-07-22,434.1370778123692,436.89839903999433,431.3069619660928,435.26715087890625,15808800
NVDA,2024-07-22,120.15196984200875,123.86585002604772,119.66277824004172,123.33672332763672,258068900
QQQ,2024-07-22,476.1663054051844,478.3335790011108,472.75209900040915,477.31427001953125,40300000
AAPL,2024-07-23,222.25140445670337,224.7971447504236,220.57735968997056,222.88536071777344,39960300
MSFT,2024-07-23,436.21051790501895,440.6227600869156,435.4243879336588,437.1440734863281,13107100
NVDA,2024-07-23,122.57795729865761,124.4848179409612,121.89907597271183,122.38826751708984,173911000
QQQ,2024-07-23,476.413675873234,479.4023218426893,475.15686747764715,475.6318664550781,23282500
AAPL,2024-07-24,221.88492258576645,222.67737176080064,215.07979609138368,216.47647094726562,61777600
MSFT,2024-07-24,432.82031037979385,433.8324669900576,420.18306232506063,421.4703674316406,26805800
NVDA,2024-07-24,118.97391446537992,119.75262982559674,113.25334693957731,114.06201171875,327776900
QQQ,2024-07-24,468.90248253079744,469.2686376662744,457.7098653963061,458.5708312988281,58818600
AAPL,2024-07-25,216.86277641061952,218.76466037633443,212.59347540961954,215.43638610839844,51391200
MSFT,2024-07-25,421.3721232816147,422.35480083589914,410.2777152857788,411.15228271484375,29943800
NVDA,2024-07-25,112.85399693651604,116.43808604158575,106.12508953993542,112.09524536132812,460067000
QQQ,2024-07-25,458.90727360561084,463.08347745644176,450.9012394618867,453.5138244628906,59256800
AAPL,2024-07-26,216.6349499920164,217.41749898154802,213.9703475571551,215.90194702148438,41601300
MSFT,2024-07-26,410.9557819937685,421.49008700580964,410.04186903933714,417.9032897949219,23583800
NVDA,2024-07-26,115.99880916186419,116.00878722251285,111.3963944118867,112.87395477294922,293399100
QQQ,2024-07-26,457.848383450134,461.0943407799324,454.9982686823399,458.1650695800781,39992100
AAPL,2024-07-29,214.91140862229943,217.2293100492215,213.71282713597697,216.1793212890625,36311800
MSFT,2024-07-29,424.10394408211863,424.66407745687695,417.34314804369717,419.3379821777344,15125800
NVDA,2024-07-29,113.50293810461493,116.08867288971433,111.11687119487814,111.40638732910156,248152100
QQQ,2024-07-29,460.8766312425985,463.05381067459047,456.8290828356766,459.0854187011719,28218500
AAPL,2024-07-30,217.1203256536185,218.24956072806748,214.07930652606245,216.7340087890625,41643800
MSFT,2024-07-30,420.31083428857175,421.6177822082065,410.13027948455533,415.593994140625,32687600
NVDA,2024-07-30,111.33649361290321,111.8057214597651,102.37127421675278,103.55931854248047,486833300
QQQ,2024-07-30,461.0152138765976,461.7178367342233,449.43662944102124,452.78155517578125,41317200
AAPL,2024-07-31,219.34909118598728,221.70662325926872,218.54674189777583,219.98304748535156,50036300
MSFT,2024-07-31,413.2159000993034,414.4737261342931,405.06949500365346,411.1031494140625,42891400
NVDA,2024-07-31,112.71421539482289,118.1452582531107,110.6975352036146,116.82743072509766,473174200
QQQ,2024-07-31,463.01422923671885,467.88318054552457,461.56939023161044,466.1810302734375,44552100
AAPL,2024-08-01,222.2514024343897,222.36036437427163,214.97081319041698,216.29815673828125,62501000
MSFT,2024-08-01,413.50088916463085,420.05533154219523,405.9342601346404,409.8846130371094,30296400
NVDA,2024-08-01,117.3365974252001,119.96227450650746,106.63423649015627,109.03028869628906,523462300
QQQ,2024-08-01,466.8638300127631,470.6144736045948,451.2476045693235,454.889404296875,56653900
AAPL,2024-08-02,217.08067881945357,223.4697870434651,215.6542886583774,217.7839813232422,105568600
MSFT,2024-08-02,405.3445889736249,407.8111188309651,397.33577420400843,401.41387939453125,29437900
NVDA,2024-08-02,103.58926418951675,108.54110155423277,101.20319756374683,107.0934829711914,482027500
QQQ,2024-08-02,446.2104252259462,448.86260343484975,439.85704229778526,444.0926208496094,66323200
AAPL,2024-08-05,197.210135996183,211.48407659683002,194.14931622004067,207.2940216064453,119548600
MSFT,2024-08-05,382.42860065253456,394.09297731515574,378.9007621776494,388.30499267578125,40709200
NVDA,2024-08-05,91.90851949250676,103.23984998207244,90.54077860317504,100.28471374511719,552842400
QQQ,2024-08-05,420.30213280152026,437.6996954353394,419.0552302659208,430.85150146484375,87483500
AAPL,2024-08-06,203.36148541473497,208.00720313955475,199.17143085232243,205.27325439453125,69660500
MSFT,2024-08-06,393.07100276300895,398.6427974223072,391.59698650264767,392.687744140625,24946500
NVDA,2024-08-06,103.6691316762756,107.5327664843651,100.38455194570304,104.07846069335938,409012100
QQQ,2024-08-06,432.6922358150409,442.4301081222253,430.04993302092026,434.9683532714844,63164400
AAPL,2024-08-07,204.9463646139573,211.62272838414273,204.441185671316,207.83880615234375,63516400
MSFT,2024-08-07,401.56132604317764,402.9763539760022,390.58480577308114,391.5281677246094,20650900
NVDA,2024-08-07,107.6325862976113,108.6209626457341,98.52759897070796,98.74723815917969,411440400
QQQ,2024-08-07,441.85608592677744,444.3400455113918,429.8618783945526,430.2577209472656,54929200
AAPL,2024-08-08,211.097744151489,212.17744837655164,206.8581585633277,211.2958526611328,47161100
MSFT,2024-08-08,395.4688081189503,398.82954899227735,393.0121139178282,395.7144775390625,20203000
NVDA,2024-08-08,101.83215768316434,105.3263983879788,97.3595262295921,104.79727172851562,391910000
QQQ,2024-08-08,436.48245194310226,444.33014311023425,432.61302829327946,443.4197082519531,47890100
AAPL,2024-08-09,210.09728825409005,214.7330909034816,209.96851092003678,214.1981964111328,42201600
MSFT,2024-08-09,397.03117577316215,400.9815283942931,395.2918474526737,398.9866943359375,19276700
NVDA,2024-08-09,105.46617163856445,106.42459107060563,103.2598090475883,104.57763671875,290844200
QQQ,2024-08-09,442.1034582237035,447.36825136339667,440.98518120033026,445.7353820800781,33574000
AAPL,2024-08-12,214.27752324509848,217.6889728146819,213.81142108338884,215.72540283203125,38028100
MSFT,2024-08-12,400.0086698442997,401.67923346079886,397.2375123110676,399.76300048828125,16762900
NVDA,2024-08-12,106.14505252549102,110.88723650727509,106.08515369153115,108.84060668945312,325559900
QQQ,2024-08-12,446.7052794147843,449.65433226208825,443.8947276771572,446.69537353515625,27795000
AAPL,2024-08-13,217.19314118814535,220.04925425523973,217.19314118814535,219.4344024658203,44155300
MSFT,2024-08-13,402.49487016333154,407.7620371122612,402.475227409518,406.83831787109375,19414300
NVDA,2024-08-13,112.25498947976828,116.03875418683985,111.39640394640423,115.94889831542969,312646700
QQQ,2024-08-13,451.08926269593627,458.0463003756158,450.9507011946519,457.7790832519531,40084500
AAPL,2024-08-14,218.7401920302427,221.1797757696837,217.87739912826086,219.88064575195312,41960600
MSFT,2024-08-14,407.61463319199424,410.48406481515934,405.3053649551057,409.6389465332031,18267000
NVDA,2024-08-14,118.33496052966188,118.40484504167927,113.88230026594151,117.88570404052734,339246400
QQQ,2024-08-14,458.69948537304487,460.2828556615313,453.6425036465701,457.9275817871094,34733700
AAPL,2024-08-15,222.73678951211636,223.4805677293667,220.91204211865187,222.8557891845703,46414000
MSFT,2024-08-15,413.27153919674845,414.56116454959863,411.16483466760724,414.482421875,20752100
NVDA,2024-08-15,118.56457753138926,123.03720123653866,117.27669936691132,122.65782928466797,318086700
QQQ,2024-08-15,463.89498501162524,469.8920888985799,463.5189240086724,469.4962463378906,38280600
AAPL,2024-08-16,222.06239369045758,224.94825642777528,221.79462933024135,224.1747283935547,44340200
MSFT,2024-08-16,414.05913029915934,414.787612725286,410.8104315549657,411.9622497558594,22775600
NVDA,2024-08-16,121.73935978002291,124.79432235385619,120.98060816739599,124.37501525878906,302589900
QQQ,2024-08-16,467.7149534002889,471.46562770160637,466.75501924509746,470.0999450683594,38383600
AAPL,2024-08-19,223.84746435464618,224.11522871504155,221.18968933533225,224.01605224609375,40687800
MSFT,2024-08-19,412.44459964164133,415.19121979816396,409.98347800679744,414.9746398925781,15234000
NVDA,2024-08-19,124.07548340044629,129.78607177734375,123.21689800857207,129.78607177734375,318333600
QQQ,2024-08-19,470.23844913548015,476.314709281999,468.4571123615935,476.2751159667969,23737700
AAPL,2024-08-20,223.8970689622142,225.28544883578485,223.57971634413767,224.63092041015625,30299000
MSFT,2024-08-20,415.14201975205145,419.23729981689326,415.082955234779,418.19378662109375,16387600
NVDA,2024-08-20,128.18870516059542,129.66628071339343,125.68284097768198,127.04060363769531,300087400
QQQ,2024-08-20,475.36469707718084,477.92781315701507,473.5833602435094,475.275634765625,29209300
AAPL,2024-08-21,224.64085012661386,226.08872985229075,223.1830436738614,224.52183532714844,34765500
MSFT,2024-08-21,417.48497282390196,419.7689009161739,415.1616884163413,417.5440673828125,16067300
NVDA,2024-08-21,127.11050029285343,129.13716641620366,126.45159025428316,128.28855895996094,257883600
QQQ,2024-08-21,476.0573465078451,479.34289669443905,474.34532087150325,477.4923095703125,25658800
AAPL,2024-08-22,225.90030886909642,226.44574924370923,222.04257986640772,222.6673583984375,43695300
MSFT,2024-08-22,417.7606059891525,420.1528389914807,408.1622318516386,409.0876159667969,19361900
NVDA,2024-08-22,129.80604926899383,130.5348437487765,122.89743071735391,123.536376953125,376189100
QQQ,2024-08-22,479.8080615794647,480.50080867680515,468.89253816247736,469.9217529296875,37739600
AAPL,2024-08-23,223.78797197411373,226.32673228874265,222.46900358067504,224.9581756591797,38677300
MSFT,2024-08-23,410.4954277824997,412.73996960606866,405.6814592418378,410.3083801269531,18493800
NVDA,2024-08-23,125.6529157045682,129.38676754540884,125.0139693437825,129.15713500976562,323230300
QQQ,2024-08-23,474.2662190268282,477.72989443042314,470.3473261692852,475.0183410644531,36061500
AAPL,2024-08-26,224.87883517993083,225.39452559231563,222.0326490158817,225.29534912109375,30602200
MSFT,2024-08-26,409.89490950861074,410.7907614506505,404.94313363943934,407.0596923828125,13152800
NVDA,2024-08-26,129.35680584239554,131.04401222890846,124.1653576328901,126.25191497802734,331964700
QQQ,2024-08-26,474.47406807156517,475.39440887231615,468.3284964516656,470.4067077636719,27452600
AAPL,2024-08-27,224.12514736512034,226.95151036486342,223.02435510684418,226.1383056640625,35934600
MSFT,2024-08-27,406.43949576869113,407.9161688910183,403.8700989564779,407.4042663574219,13492900
NVDA,2024-08-27,124.84424526829238,128.98741074794592,123.67616460225028,128.08889770507812,303134600
QQQ,2024-08-27,468.77380546465093,472.8807286031664,466.8143440444415,471.81195068359375,27510000
AAPL,2024-08-28,226.02921369079436,227.95312221094204,223.80779089178384,224.611083984375,38052200
MSFT,2024-08-28,408.4280692350888,408.5461982686738,400.97578558888256,404.2146301269531,14882700
NVDA,2024-08-28,127.90917706049713,128.118838213882,122.43819852070378,125.40331268310547,448101100
QQQ,2024-08-28,471.3468628213856,472.0692672340193,463.03404773017155,466.4581298828125,37372400
AAPL,2024-08-29,228.19113851748892,230.98773644426686,226.98125820388418,227.88369750976562,51906300
MSFT,2024-08-29,408.48716903331825,415.4865852646763,404.2146650393698,406.6954650878906,17045200
NVDA,2024-08-29,121.1602924143949,124.22524016378769,116.51794286125214,117.39649200439453,453023300
QQQ,2024-08-29,468.3680414193151,472.96977514887374,464.4986179028176,465.7752380371094,41081500
AAPL,2024-08-30,228.28039594132485,228.4886453526855,225.59287085733376,227.1002655029297,52990800
MSFT,2024-08-30,409.1369250633482,410.9975176628722,405.72088654420793,410.6529846191406,24308300
NVDA,2024-08-30,119.33331674975315,121.54966504357485,117.02712020356385,119.173583984375,333751600
QQQ,2024-08-30,470.1098112366977,471.9504927515124,465.626826998042,471.3270263671875,33466500
AAPL,2024-09-03,226.65400042223428,227.10026429068756,219.335218503661,220.9219512939453,50190600
MSFT,2024-09-03,411.4109748667296,413.35034007836833,400.7001678121759,403.07269287109375,20313600
NVDA,2024-09-03,115.8191103772934,116.01877823521122,107.1134577156826,107.8222885131836,477155100
QQQ,2024-09-03,468.28892418329235,468.41754961460447,454.6420347086688,457.0171203613281,44985200
AAPL,2024-09-04,219.82114598403248,219.94014563997789,215.67581475954933,219.0178680419922,43840200
MSFT,2024-09-04,399.59761488778184,404.8447137580876,398.0815553280134,402.5411071777344,15135800
NVDA,2024-09-04,105.23655349888746,113.0836130103624,103.94867525541761,106.03523254394531,372470300
QQQ,2024-09-04,453.9097213390106,459.6297325855357,452.9794746829276,455.8295593261719,32505100
AAPL,2024-09-05,219.79140861107143,223.60946073514918,219.6823205428289,220.53518676757812,36615400
MSFT,2024-09-05,401.2809872314555,406.67577709695456,399.8141682348964,402.0390319824219,14195500
NVDA,2024-09-05,104.817243866478,109.4695798052194,104.58762658147727,107.0335922241211,306850700
QQQ,2024-09-05,454.2065727199707,460.5302382843721,453.18726380172785,456.2550964355469,34452400
AAPL,2024-09-06,222.09215251756703,223.37145940933704,217.94683622588397,218.98812866210938,48423000
MSFT,2024-09-06,402.6985921439958,404.2638620080845,394.56703607993364,395.45306396484375,19609500
NVDA,2024-09-06,107.86223127024085,107.97205088494898,100.78389323668084,102.66080474853516,413638100
QQQ,2024-09-06,455.5524424798757,456.4332200932518,443.53845342028677,444.03326416015625,50624400
AAPL,2024-09-09,218.98812757352732,219.4343914347755,214.91222272734436,219.07737731933594,67180000
MSFT,2024-09-09,400.9069042814964,402.2949806412775,395.8960636873458,399.4105529785156,15295100
NVDA,2024-09-09,104.7074122640328,106.37466998895037,103.5193756446925,106.2947998046875,273912000
QQQ,2024-09-09,448.3578832044554,450.7329685991711,445.15151943163164,449.74334716796875,32981200
AAPL,2024-09-10,217.10388142289187,219.6426417511051,214.9320468059923,218.2840118408203,51591000
MSFT,2024-09-10,401.8519747424291,409.85551750473985,401.3597503882825,407.7586669921875,19594300
NVDA,2024-09-10,107.63258781478571,109.21997530676359,104.77729355808466,107.92211151123047,268283700
QQQ,2024-09-10,451.50485270688176,454.40446632835733,447.53649147485345,453.8997497558594,29680300
AAPL,2024-09-11,219.6228241682371,221.2392917639212,216.08243282408242,220.8128662109375,44587100
MSFT,2024-09-11,409.03843011648604,417.39638986900843,403.21048066101315,416.461181640625,19266900
NVDA,2024-09-11,109.20999835891277,116.99716652085532,107.24323877137772,116.7176284790039,441422400
QQQ,2024-09-11,455.1367841888939,464.49859422789,446.59634662801955,463.7563781738281,57843000
AAPL,2024-09-12,220.6541869199912,221.69547936785247,217.9964268983011,220.9219512939453,37455600
MSFT,2024-09-12,416.7270008247058,420.7238603737511,413.22236565404535,420.359619140625,17395700
NVDA,2024-09-12,116.65772468720782,120.6015672152285,115.2000032170065,118.95413970947266,366052700
QQQ,2024-09-12,463.78610782015113,469.1201821772386,462.00480120861374,468.3086853027344,40067800
AAPL,2024-09-13,221.72523244234597,222.18140791181287,220.06908820245332,220.65419006347656,36766600
MSFT,2024-09-13,419.20778281644255,425.11447510259467,418.84354159900835,423.8937683105469,15874600
NVDA,2024-09-13,118.8942191250157,119.77284345041441,117.41652479583126,118.9141845703125,238358300
QQQ,2024-09-13,467.57640460415297,471.5843598337803,467.3487807735019,470.4067077636719,29111800
AAPL,2024-09-16,214.74362792854853,215.4179946756504,212.14536768072225,214.5254669189453,59357400
MSFT,2024-09-16,423.90356722052456,426.7879943677343,421.5605747785227,424.6320495605469,13834700
NVDA,2024-09-16,116.60780299971084,117.99563392468083,114.18159360974668,116.59781646728516,248772300
QQQ,2024-09-16,468.27896118522233,468.94199062278676,465.0132225862614,468.32843017578125,22585600
AAPL,2024-09-17,213.96016573653907,215.10061943149995,212.7205355758407,214.9915313720703,45519300
MSFT,2024-09-17,433.3838592052121,434.9786612819886,425.54762597309116,428.3828430175781,18874200
NVDA,2024-09-17,117.98564481894722,118.61466685067687,114.65085910577872,115.40966796875,231925900
QQQ,2024-09-17,471.3468249743636,472.6432267020708,466.08203143235426,468.57586669921875,30084400
AAPL,2024-09-18,215.745241460142,220.86243852013078,215.7353147340035,218.85919189453125,59894900
MSFT,2024-09-18,428.23513248274287,429.2491133188561,423.71651710377296,424.11029052734375,18898000
NVDA,2024-09-18,115.70920340593533,117.51637724987856,113.04337060887723,113.1931381225586,310318900
QQQ,2024-09-18,469.7733253245315,473.8604366394035,465.9434648552166,466.5471496582031,39909200
AAPL,2024-09-19,223.12354184254357,227.91347512552952,222.76652771175563,226.97134399414062,66781300
MSFT,2024-09-19,434.36830593406904,434.63409626466625,430.1056262859268,431.8677978515625,21706600
NVDA,2024-09-19,117.16692604230532,119.47332749554481,117.06708357128667,117.68611907958984,293506400
QQQ,2024-09-19,477.6011982117997,481.1836532649459,475.50320554918557,478.3434143066406,52782500
AAPL,2024-09-20,228.06222073119503,231.15633305592988,225.7317097608303,226.30690002441406,318679900
MSFT,2024-09-20,430.4206942067389,432.4092699149114,427.46734788448686,428.5010070800781,55167100
NVDA,2024-09-20,116.87737463970251,118.43494609535816,115.2099818009,115.81903076171875,382462400
QQQ,2024-09-20,477.4824523914932,478.670010233335,473.33593602484865,477.4329833984375,34577700
AAPL,2024-09-23,225.45404067299683,227.54653724680347,223.93673438033483,224.5912628173828,54146000
MSFT,2024-09-23,427.52638627626743,429.67247726227924,423.6968964015023,426.76837158203125,15128900
NVDA,2024-09-23,116.36816938577523,116.80747774675662,114.68080357526898,116.07862091064453,206228500
QQQ,2024-09-23,478.60932938150205,479.78863625808964,477.2714569319046,478.6985168457031,24843000
AAPL,2024-09-24,226.75316007712865,227.44736512534206,223.85738561877668,225.48377990722656,43556100
MSFT,2024-09-24,426.26624401276456,426.6108070315339,419.4735546779715,422.4958190917969,17015800
NVDA,2024-09-24,116.33821493002908,121.60998405209612,115.19999404233639,120.68143463134766,354966800
QQQ,2024-09-24,480.10574366251944,481.9589315670274,475.85432326157445,481.007568359375,25952600
AAPL,2024-09-25,223.06400902085235,225.40443143928672,222.16156973744518,224.4920654296875,42308700
MSFT,2024-09-25,423.14550369143143,426.38434780743177,421.905118957441,425.3900451660156,13396400
NVDA,2024-09-25,121.82963321276459,124.74508350925583,121.42027681497308,123.31731414794922,284692900
QQQ,2024-09-25,480.3832116885974,483.40581684032236,480.2048367630411,481.4535217285156,26549900
AAPL,2024-09-26,225.41439220107114,226.6044343440515,223.5400716645202,225.632568359375,36636700
MSFT,2024-09-26,428.32378449228514,428.5305103087993,422.45647860828996,424.6025695800781,14492000
NVDA,2024-09-26,126.6021852727835,127.47082313052574,121.609985658202,123.84648895263672,302582900
QQQ,2024-09-26,488.9357120142865,489.26276299508504,481.4337419762806,485.0707702636719,32020200
AAPL,2024-09-27,226.56473891662026,227.61594290444046,225.41435845997736,225.90028381347656,34026000
MSFT,2024-09-27,424.8093096047705,425.1341945131492,420.82230422369577,421.3637390136719,14896100
NVDA,2024-09-27,123.77659196922,123.83649592385486,119.07394109309165,121.21060180664062,271009200
QQQ,2024-09-27,486.0914480623736,486.23020427686686,481.1958457378582,482.3751525878906,22851100
AAPL,2024-09-30,228.1316114938428,231.0670623779297,227.7448474882838,231.0670623779297,54541900
MSFT,2024-09-30,421.55078212730024,423.7264354508624,418.75495134014767,423.6082763671875,16807300
NVDA,2024-09-30,118.1254274144435,121.31045327548797,117.96568098439478,121.25054931640625,226553700
QQQ,2024-09-30,481.41389274489046,484.0202596018101,478.5796124436247,483.6833190917969,30281100
AAPL,2024-10-01,227.6159583693189,227.74486962890148,221.88390914906273,224.3334197998047,63285000
MSFT,2024-10-01,421.78703621784,421.81656847562806,412.2969368087723,414.147705078125,19092900
NVDA,2024-10-01,121.58002164337385,122.24898215671047,115.60935538711523,116.81746673583984,302094500
QQQ,2024-10-01,483.31659702888425,483.61388855158015,473.10915459585954,476.9443664550781,42735400
AAPL,2024-10-02,224.01605029183685,225.48376819979168,221.16986421787885,224.89866638183594,32880600
MSFT,2024-10-02,416.0082934736332,416.2445815766932,410.22958475813624,410.64306640625,16582300
NVDA,2024-10-02,116.25834508658102,119.19375323018366,114.96037016184738,118.66458129882812,221845900
QQQ,2024-10-02,476.0426111384499,479.53099347672526,473.42635462803594,477.61834716796875,23744000
AAPL,2024-10-03,223.2722952944607,224.92843958391967,221.46740141968138,223.7978973388672,34044200
MSFT,2024-10-03,411.1353013004486,413.02542591560956,407.84724636027164,410.062255859375,13686400
NVDA,2024-10-03,120.73135113827638,124.16598683922703,120.15225416683853,122.65834045410156,277118000
QQQ,2024-10-03,475.4281875265743,480.1949538329901,474.6849283697324,477.2615661621094,25337200
AAPL,2024-10-04,226.00938361911108,226.10856009308668,222.27066963907552,224.91851806640625,37245100
MSFT,2024-10-04,411.73581262468696,413.2223397680441,408.51667620718774,409.5897216796875,19169700
NVDA,2024-10-04,124.7450859792245,124.84492844767553,121.63993722019764,124.72511291503906,243678100
QQQ,2024-10-04,483.06883884762647,483.49496677336424,478.05432026317817,482.94000244140625,30686600
AAPL,2024-10-07,222.63756184665417,223.81769210120316,219.49386178700007,219.8508758544922,39505400
MSFT,2024-10-07,409.5306729821077,410.6233966552464,402.6395318501973,403.171142578125,20919800
NVDA,2024-10-07,124.7949925984476,130.43617917860723,124.75505409102715,127.52073669433594,346250200
QQQ,2024-10-07,481.0274062437878,482.19679333270193,476.5480119306122,477.7669677734375,24975100
AAPL,2024-10-08,222.43925780658088,224.10531361949606,221.3979653574062,223.89706420898438,31855700
MSFT,2024-10-08,404.5099947662806,409.19598053892946,401.82246884384335,408.2607421875,19229300
NVDA,2024-10-08,130.0567764001493,133.27175410957346,129.2180905372518,132.68267822265625,285722500
QQQ,2024-10-08,480.30397136476074,485.5860530274448,479.50125391077506,484.9022521972656,28272000
AAPL,2024-10-09,223.36153007501719,227.84403724277382,222.96485445261254,227.63577270507812,33591100
MSFT,2024-10-09,409.3928325735408,413.8425600403991,407.857094965171,410.96795654296875,14974300
NVDA,2024-10-09,133.9007832398008,134.31014727855833,131.1750464230449,132.44305419921875,246191600
QQQ,2024-10-09,484.6049871224668,489.29248592230044,483.5644363639998,488.7176818847656,24995000
AAPL,2024-10-10,225.89039642732237,227.59612897487835,225.28545621996582,227.1399383544922,28183500
MSFT,2024-10-10,408.77263914925425,410.859665558973,406.7249690560659,409.3731384277344,13848400
NVDA,2024-10-10,131.70421594134592,134.7893916948541,130.79563194093248,134.5996856689453,242311300
QQQ,2024-10-10,486.4383376827158,490.0257969581118,485.13019433844016,488.1626892089844,25750400
AAPL,2024-10-11,227.39779019694814,227.5068782710055,225.45404318616428,225.6623077392578,31759200
MSFT,2024-10-11,409.66850956364067,410.64310419410805,406.82343830885475,409.845703125,14144900
NVDA,2024-10-11,133.80094550922416,135.56818866211125,133.45150063299445,134.5897216796875,170209500
QQQ,2024-10-11,486.32930368033,489.9465223032904,485.7644497271091,488.9257507324219,20644500
AAPL,2024-10-14,226.80274288926017,229.8076053434174,226.70358155060512,229.3811798095703,39882100
MSFT,2024-10-14,411.2730758524341,417.4455877275933,411.0269637053987,412.6217956542969,16653100
NVDA,2024-10-14,136.2570891265267,139.3822107684187,136.0873561782587,137.85459899902344,232347700
QQQ,2024-10-14,491.3140720656338,494.34656675942244,490.8086764455291,493.0285339355469,26060100
AAPL,2024-10-15,231.67203496624026,235.51985237359267,230.4423162246621,231.91004943847656,64751400
MSFT,2024-10-15,415.61450241094855,415.90985501650863,408.80213492837686,412.2279968261719,18900200
NVDA,2024-10-15,137.654906403531,138.3538265330219,128.5391603262797,131.3946990966797,377831000
QQQ,2024-10-15,493.355600435728,494.019591930527,484.28784466660454,486.4383544921875,34784500
AAPL,2024-10-16,229.67869350471682,230.19436878170097,227.93328446814013,229.85719299316406,34082200
MSFT,2024-10-16,408.7135954364056,409.88506179410496,404.0965284555642,409.6488037109375,15508900
NVDA,2024-10-16,133.7709642153392,136.40684475827754,131.37471471629812,135.5082550048828,264879700
QQQ,2024-10-16,486.76533460642946,487.2707604745814,483.18779530560226,486.4977722167969,22996800
AAPL,2024-10-17,231.49350124327563,231.91003031839952,228.60765355789445,230.22412109375,32993800
MSFT,2024-10-17,415.79171565844746,415.9295528895068,409.12700914123224,410.23944091796875,14820000
NVDA,2024-10-17,139.12262899690117,140.6702140778628,136.65648092397825,136.7163848876953,306435900
QQQ,2024-10-17,491.97807225486406,492.02761076485535,486.7752584875692,486.834716796875,27210700
AAPL,2024-10-18,234.2206797118992,234.2206797118992,232.0686835146529,233.05047607421875,46431500
MSFT,2024-10-18,410.6529471112624,413.12389293089865,409.78662744422246,411.6570739746094,17145300
NVDA,2024-10-18,138.45366668655112,138.6833036103306,137.06583575895257,137.7847137451172,176090200
QQQ,2024-10-18,489.61946873591097,491.1159067857121,488.8662898112495,490.0257873535156,25335000
AAPL,2024-10-21,232.5050454306036,234.88514457730523,232.5050454306036,234.51820373535156,36254500
MSFT,2024-10-21,409.6487883889798,412.44461909285747,407.31564977599334,412.2674255371094,14206100
NVDA,2024-10-21,137.91451267760561,143.48580932617188,137.78471061125512,143.48580932617188,264554500
QQQ,2024-10-21,488.81674495745733,491.7699720639436,486.894178959246,490.9672546386719,30336500
AAPL,2024-10-22,231.94969236544068,234.26036494372266,230.67040061866737,233.90335083007812,38846600
MSFT,2024-10-22,411.9819772653469,423.88395989968774,411.53899332193106,420.8617248535156,25482200
NVDA,2024-10-22,142.6870350476968,144.19467365659466,141.55879320187643,143.365966796875,226311600
QQQ,2024-10-22,488.30140014441923,492.9789784395571,487.54822127484874,491.5023498535156,26685800
AAPL,2024-10-23,232.13812257917175,233.18932661738793,225.87054472777703,228.8456573486328,52287000
MSFT,2024-10-23,424.1595150969288,424.3760949935698,415.95907136722593,417.99688720703125,19654400
NVDA,2024-10-23,141.80843319617813,142.20780310560568,137.2455702792771,139.34228515625,285930000
QQQ,2024-10-23,489.1537078148346,489.80777949555636,480.6904551648371,483.970703125,39346600
AAPL,2024-10-24,228.0721400698136,228.9051831435476,226.51517225997247,228.65725708007812,31109500
MSFT,2024-10-24,418.7155536346828,419.35546932603506,415.83112614516494,418.1249084472656,13581600
NVDA,2024-10-24,140.6003278006047,141.1294997806309,138.24400879643727,140.1909637451172,172354900
QQQ,2024-10-24,487.68697675640317,488.56899209054706,485.0409912405532,487.8951110839844,22024900
AAPL,2024-10-25,227.83413589840254,231.28526239164006,227.6655479946858,229.4902801513672,38802300
MSFT,2024-10-25,420.1233311665373,425.7937351729216,419.9362835126177,421.49169921875,16899100
NVDA,2024-10-25,140.71013437273555,143.90515439009727,140.5803475394567,141.31918334960938,205122100
QQQ,2024-10-25,490.68978912710674,495.7835760452956,489.98614869868027,490.8681640625,38762100
AAPL,2024-10-28,231.38443735420992,232.78272881287972,230.62082086290692,231.46376037597656,36087100
MSFT,2024-10-28,424.9471252042487,425.2227696357769,419.670464602579,419.9559631347656,14882400
NVDA,2024-10-28,142.77687691949686,142.91665786792092,139.83148285521668,140.30075073242188,173586700
QQQ,2024-10-28,493.9799130042475,494.0393713144082,490.65012666208736,490.9474182128906,20477800
AAPL,2024-10-29,231.16627329542206,232.38606532055925,230.39274516902225,231.73153686523438,35417200
MSFT,2024-10-29,421.3440208086144,426.43363353122214,419.17822176857095,425.23260498046875,17644100
NVDA,2024-10-29,140.0711387385227,142.03806672701694,138.6833077693045,141.02964782714844,157593600
QQQ,2024-10-29,491.2645761995589,496.8439798063239,489.41138819730327,495.6646728515625,28014100
AAPL,2024-10-30,230.68031899274527,231.53318522639518,227.64570650368097,228.19114685058594,47070900
MSFT,2024-10-30,430.6372355196224,431.68074872313076,425.3802831426112,425.8035888671875,29749100
NVDA,2024-10-30,139.32230457284558,140.11108066863528,136.59656776236113,139.12261962890625,179418100
QQQ,2024-10-30,494.9015965333086,495.8529597761459,491.43305383710356,491.91864013671875,29756000
AAPL,2024-10-31,227.43741116025222,227.92335160936318,223.50034473329782,224.03587341308594,64370100
MSFT,2024-10-31,408.90056227484143,409.6881391925744,399.981460227055,400.03070068359375,53971000
NVDA,2024-10-31,137.38533225522045,137.39531116933003,131.90389188236236,132.55287170410156,270039600
QQQ,2024-10-31,487.9546149950835,488.00415351011384,479.40217446492693,479.50128173828125,41245200
AAPL,2024-11-01,219.13688241025088,223.4805517303345,218.44269248362247,221.060791015625,65276700
MSFT,2024-11-01,402.64932353081855,409.0383852046151,401.16279656048295,403.9881591796875,24230400
NVDA,2024-11-01,134.48984636430032,137.09577501351765,134.36005954202903,135.18875122070312,207127800
QQQ,2024-11-01,481.1364259666195,486.33924004761803,480.8391344021652,483.049072265625,33655800
AAPL,2024-11-04,219.15671602208408,220.94177147156717,217.88733586004025,220.16824340820312,44944500
MSFT,2024-11-04,403.42703719981586,404.0374205874987,399.26283871579096,402.1078796386719,19672300
NVDA,2024-11-04,136.99593186321135,138.7432015157854,135.3584911981984,135.83773803710938,187528200
QQQ,2024-11-04,482.4445325917277,484.98152122615164,479.89762415814664,481.6418151855469,23291600
AAPL,2024-11-05,219.9599772111233,222.0921350198155,219.30544885909725,221.59628295898438,28111300
MSFT,2024-11-05,402.019305938334,408.4477546696806,401.73380740675793,405.0612487792969,17626000
NVDA,2024-11-05,137.2355728771189,140.15101580482042,137.11576495412646,139.69174194335938,160537400
QQQ,2024-11-05,483.2274401655053,488.45009377025474,483.1382526974681,487.7861022949219,24353600
AAPL,2024-11-06,220.76327216240406,224.19457534628128,219.35505401685137,220.8723602294922,54561100
MSFT,2024-11-06,406.0063586804049,413.91148078515863,404.13588205792996,413.6456604003906,26681800
NVDA,2024-11-06,142.7369532584381,146.26144435454805,141.73851350917226,145.3828125,242043900
QQQ,2024-11-06,496.0610489877298,501.8584762261197,495.10968577343385,501.0359191894531,43082200
AAPL,2024-11-07,222.7665171269793,225.9895557457087,222.7070172967094,225.59286499023438,42137700
MSFT,2024-11-07,414.72850912180576,420.21189508853655,413.3502870767265,418.81396484375,19901800
NVDA,2024-11-07,146.1616297903136,148.69766066609404,145.9419717733186,148.6477508544922,207323300
QQQ,2024-11-07,503.83056030755586,509.70728521710686,503.7711019992823,508.9243469238281,32853100
AAPL,2024-11-08,225.53329235935942,227.01256271730918,224.77877343219782,225.32481384277344,38328800
MSFT,2024-11-08,418.70576053564287,419.8674028807744,415.2208034572557,415.968994140625,16891400
NVDA,2024-11-08,148.5378942315628,149.53633403774526,146.03180056765603,147.39967346191406,175665800
QQQ,2024-11-08,508.42889322268616,510.29200105591366,507.8045506782223,509.51904296875,22924500
AAPL,2024-11-11,223.3789433198207,224.07389700260043,219.90415975706793,222.61448669433594,42005600
MSFT,2024-11-11,415.94927334689254,418.20366938728347,409.5306783384117,411.5094299316406,24503300
NVDA,2024-11-11,148.44806475709808,148.61781297860173,143.3460505403585,145.0334014892578,182325600
QQQ,2024-11-11,510.7379579512957,510.94609229061626,506.3279717617133,509.22174072265625,24167500
AAPL,2024-11-12,222.93218846295187,223.96468891324545,221.75075962779928,222.61448669433594,40398300
MSFT,2024-11-12,411.7456911405818,417.8394313280264,410.7120319666306,416.45135498046875,19401200
NVDA,2024-11-12,146.55101593198214,149.4165337385062,145.7822128979203,148.05865478515625,198634700
QQQ,2024-11-12,509.1523347344934,510.0342895835151,505.24771417717085,508.3000183105469,25835300
AAPL,2024-11-13,222.39605879884869,225.01703765642938,221.15506473467502,223.49806213378906,48566200
MSFT,2024-11-13,415.0829505962656,422.65333320998997,411.70626883397995,418.58758544921875,21502200
NVDA,2024-11-13,148.83742831045777,149.0970171738845,145.67236073742527,146.0417938232422,191903300
QQQ,2024-11-13,507.7946721174008,510.3514400261562,505.36668014613633,507.64599609375,24567400
AAPL,2024-11-14,223.39881774279925,227.22107081675753,223.37895759377815,226.5757598876953,44923900
MSFT,2024-11-14,418.390720208814,421.51143597611144,413.4684764416515,420.2513427734375,30246900
NVDA,2024-11-14,147.40965302668107,148.76753177848803,145.32291747893564,146.53102111816406,194463300
QQQ,2024-11-14,507.30907205086606,508.18113740505333,503.2062669199819,504.1180114746094,28679500
AAPL,2024-11-15,224.76884409236825,225.28510187679902,222.65420045885568,223.37893676757812,47923700
MSFT,2024-11-15,413.29122260558944,416.22486023548765,407.207337406915,408.5461730957031,28247600
NVDA,2024-11-15,144.64398997756967,145.0134231170618,139.86146934373124,141.7584991455078,250132900
QQQ,2024-11-15,498.4196764454938,498.8061554755535,490.0456112891242,492.10693359375,51461100
AAPL,2024-11-18,223.6271499370396,228.08480645929455,223.5477244921184,226.377197265625,44633700
MSFT,2024-11-18,408.41825976061074,411.8933627455597,405.6913474607701,409.29443359375,24727000
NVDA,2024-11-18,139.28237084466085,141.3291757571169,136.93603090489682,139.9313507080078,221205300
QQQ,2024-11-18,493.6529120920853,497.6268806924794,492.265501060555,495.5259094238281,27080800
AAPL,2024-11-19,225.34464764897942,228.5017442258817,225.02696106605572,226.63528442382812,36211800
MSFT,2024-11-19,406.6855735772408,411.4404774532615,405.149836063281,411.2928161621094,18133500
NVDA,2024-11-19,141.09952959154865,146.90046279249913,140.77004260660007,146.7806396484375,227834900
QQQ,2024-11-19,492.94930559999926,499.42061410574536,492.6123348353257,498.93499755859375,24523000
AAPL,2024-11-20,226.41689814964724,228.27342054954684,224.26253412411586,227.35012817382812,35169600
MSFT,2024-11-20,410.3870777929387,410.800559418531,404.19488776660336,409.0285339355469,19191700
NVDA,2024-11-20,147.18003223590216,147.32979212988033,142.50732548898966,145.6623992919922,309871700
QQQ,2024-11-20,498.6376632087343,498.95479434633813,492.096977151282,498.6475830078125,29565500
AAPL,2024-11-21,227.2310031211041,228.5017799491732,224.08384369933498,226.87359619140625,42108300
MSFT,2024-11-21,413.80284233986384,414.0790385036892,404.71793020151534,407.26287841796875,20780200
NVDA,2024-11-21,149.11701974284432,152.65149063112756,140.4805046221909,146.44119262695312,400946600
QQQ,2024-11-21,501.6900000053646,502.4035299899302,493.088021478257,500.44134521484375,34526700
AAPL,2024-11-22,226.4168797117104,229.05771868234922,226.4168797117104,228.21383666992188,38168300
MSFT,2024-11-22,405.7832773797643,411.73138418459337,405.4774898240383,411.3368225097656,24814600
NVDA,2024-11-22,145.70231714314025,146.93040910376754,140.87986616890575,141.72853088378906,236406200
QQQ,2024-11-22,499.8863672514566,501.9773883931018,498.2610927916357,501.2440490722656,23826600
AAPL,2024-11-25,229.79240040372403,231.5694972757357,228.08479132337303,231.19223022460938,90152800
MSFT,2024-11-25,412.69804256956826,415.36135617252853,409.2159842267064,413.10247802734375,27691100
NVDA,2024-11-25,141.76848775116036,141.82839170792872,135.60811535874635,135.80780029296875,344941900
QQQ,2024-11-25,505.31708246990956,506.85316942781503,499.727789745264,502.0368347167969,26375200
AAPL,2024-11-26,231.64893863936055,233.87280565588551,231.64893863936055,233.36647033691406,45986200
MSFT,2024-11-26,413.891635863064,423.21330950979313,413.161695275106,422.17755126953125,23458900
NVDA,2024-11-26,137.48518763604767,139.08269776121745,135.45835561529256,136.70640563964844,190287700
QQQ,2024-11-26,503.5134355358176,505.55494837109245,502.6710994101925,504.7323913574219,26557100
AAPL,2024-11-27,232.78070364946953,233.99191506726265,232.12545514826604,233.2373809814453,33498400
MSFT,2024-11-27,419.33668746447955,421.4279216336492,416.28865548862075,417.2454833984375,18332400
NVDA,2024-11-27,134.79938868035538,137.00594794359344,131.59440457977618,135.12887573242188,226370900
QQQ,2024-11-27,503.6026531011734,503.67200096615676,497.4187167746415,500.7584228515625,24957400
AAPL,2024-11-29,233.11825362062933,236.0966394139658,232.28430923421996,235.62010192871094,28481400
MSFT,2024-11-29,414.38481768654003,419.1097738504757,412.1259094010287,417.70904541015625,16271900
NVDA,2024-11-29,136.56660913585418,139.1326070072914,135.83775227020575,138.03431701660156,141863200
QQQ,2024-11-29,501.38275454356886,505.7531216213566,500.7683318681806,505.15850830078125,15334000
AAPL,2024-12-02,235.56052304560976,239.05515126765505,235.45131496686756,237.86380004882812,48137100
MSFT,2024-12-02,415.84477479075025,427.11953971126485,415.58829615007085,425.1269836425781,20207200
NVDA,2024-12-02,138.6134117376161,140.23087948399635,137.60499293345052,138.41372680664062,171682800
QQQ,2024-12-02,506.41706928251216,511.61988246214554,506.03056007239013,510.6585693359375,25147200
AAPL,2024-12-03,238.08224409194108,241.01098726633802,237.1787967118795,240.9017791748047,38861000
MSFT,2024-12-03,424.0023874596203,426.5966745404958,421.93090130394285,425.34393310546875,18302000
NVDA,2024-12-03,138.04430354930304,140.32074544201365,137.73478959893222,140.0411834716797,164414000
QQQ,2024-12-03,509.33074852467934,512.5019997630951,508.755944494111,512.2244873046875,18597900
AAPL,2024-12-04,241.12019505186365,242.35126670496282,239.5118714775545,241.25918579101562,44383900
MSFT,2024-12-04,427.1490975254907,433.698935348809,426.754535872994,431.4794921875,26009400
NVDA,2024-12-04,141.77845844597738,145.56253876730494,140.07111960214385,144.91355895996094,231224300
QQQ,2024-12-04,515.6435501948254,518.8148017935981,514.9299898539697,518.55712890625,26086200
AAPL,2024-12-05,242.2321233137982,242.77814859306412,240.38552350615552,241.28895568847656,40033900
MSFT,2024-12-05,431.9727342727058,438.62119043191433,430.2465005729482,436.60888671875,21697800
NVDA,2024-12-05,144.89360218968224,146.32146235801875,143.73532840807314,144.8436737060547,172621200
QQQ,2024-12-05,518.6066968232258,519.330116519792,516.733668869725,517.1201782226562,18169600
AAPL,2024-12-06,241.15989600483465,242.86750503393802,240.33587413565135,241.09039306640625,36870600
MSFT,2024-12-06,436.29321828806303,440.04162946603964,435.7704172944161,437.5459899902344,18821000
NVDA,2024-12-06,144.38438282581114,145.482733396531,141.09928024490165,142.22760009765625,188505600
QQQ,2024-12-06,517.7839983547849,521.9858801083601,517.6551619389516,521.748046875,23762600
AAPL,2024-12-09,240.08767817050534,245.45870413211114,240.0082527322972,244.97222900390625,44649200
MSFT,2024-12-09,436.5891705079944,442.2413336019405,434.51768404131514,439.96270751953125,19144400
NVDA,2024-12-09,138.76274660606958,139.74128080496888,136.92549436926976,138.6029815673828,189308600
QQQ,2024-12-09,520.8264895371643,521.6192872606202,516.5353894459821,517.6849975585938,20674400
AAPL,2024-12-10,245.11122909402775,246.42172615122828,243.5723933612922,245.98489379882812,36914800
MSFT,2024-12-10,438.3548361326827,443.51378920495125,435.6027181772746,437.3092041015625,18469500
NVDA,2024-12-10,138.80270319338828,141.60852572754877,133.59048602384692,134.86859130859375,210020900
QQQ,2024-12-10,518.9137744707876,520.6579655236552,514.4938385293885,515.9208984375,24350000
AAPL,2024-12-11,246.17352158557497,248.9930565140259,244.48575750906295,244.714111328125,45205800
MSFT,2024-12-11,438.0194510528632,444.23391032066826,438.0194510528632,442.8923645019531,19200200
NVDA,2024-12-11,137.155160163518,139.96096726526153,135.00837248215075,139.1022491455078,184905200
QQQ,2024-12-11,520.2814024633593,525.8409663614733,519.8751140774373,525.1571655273438,32168600
AAPL,2024-12-12,245.11120954102955,246.9478867446912,243.90992066775823,246.1735076904297,32777500
MSFT,2024-12-12,443.0106891858234,449.96496224230685,443.0106891858234,443.45458984375,20834800
NVDA,2024-12-12,136.8755860719742,138.2335586289744,135.59749604609573,137.13519287109375,159211400
QQQ,2024-12-12,522.9373315206931,524.2058562213963,521.2922778164673,521.7679443359375,23577500
AAPL,2024-12-13,246.03453629863122,247.4939314395242,244.46591792091505,246.34230041503906,33155300
MSFT,2024-12-13,442.34983294961415,445.2992167545738,439.5286583553318,441.1957092285156,20177800
NVDA,2024-12-13,138.73282912929213,139.39184866053722,132.342363021888,134.04981994628906,231514900
QQQ,2024-12-13,525.6924016663945,528.3780062636245,522.5607689543002,525.7617797851562,28780400
AAPL,2024-12-16,246.20327957624434,249.56885459541954,245.86571770543418,249.23129272460938,51694800
MSFT,2024-12-16,441.19569319284585,446.039014950384,439.23272866925197,445.45703125,23598800
NVDA,2024-12-16,133.9798724705664,134.19954557462145,130.2254857362255,131.80313110351562,237951100
QQQ,2024-12-16,528.2887896903175,534.3042408794819,528.2094917796982,533.3330078125,31979900
AAPL,2024-12-17,248.2782345553336,252.0012166921119,247.98039295462073,251.6537322998047,51356400
MSFT,2024-12-17,444.8849272856994,449.1068002031095,443.4644812477741,448.2880554199219,22733500
NVDA,2024-12-17,128.89747709842524,131.39374870651014,126.67080709010266,130.19554138183594,259410300
QQQ,2024-12-17,531.5392783661994,532.6492071689107,529.3293405604305,530.9843139648438,28579100
AAPL,2024-12-18,250.34325221557475,252.44797328398425,245.95509905753715,246.2628631591797,56774100
MSFT,2024-12-18,445.19070178831043,446.50262602359174,431.08488976149135,431.44989013671875,24444500
NVDA,2024-12-18,133.66035727519176,136.49611794642954,128.08867764771298,128.71774291992188,277444500
QQQ,2024-12-18,530.3402258870792,532.0546577112797,510.381224801886,511.82806396484375,54703200
AAPL,2024-12-19,245.7168011678756,250.18437937092787,245.30975151809525,247.99029541015625,60882300
MSFT,2024-12-19,435.62238649827736,437.1611978449551,430.39437744906724,431.0947265625,22963700
NVDA,2024-12-19,131.56349862817564,133.8301176053825,129.3568029702355,130.485107421875,209719200
QQQ,2024-12-19,516.5056307829288,517.0705149732767,509.21179579232137,509.5487060546875,46441800
AAPL,2024-12-20,246.25292226826556,253.16278373693368,243.9198625662762,252.65646362304688,147495300
MSFT,2024-12-20,427.22800034083093,437.7136411325363,422.80886164173944,430.6706237792969,64263700
NVDA,2024-12-20,129.61640819653473,135.07825184796977,128.02878306565836,134.49911499023438,306528600
QQQ,2024-12-20,505.852200874932,520.1029592084699,504.71254304884667,513.998291015625,60530000
AAPL,2024-12-23,252.93444954402884,253.80809906094288,251.62395254537785,253.43084716796875,40858800
MSFT,2024-12-23,430.80871372187636,431.70635881030796,426.9518110200716,429.3389587402344,19152500
NVDA,2024-12-23,136.0767567466981,139.58151660116854,134.91848306333998,139.46170043945312,176053500
QQQ,2024-12-23,515.7106909460335,519.3833613273813,512.3159805407604,519.0061645507812,29672800
AAPL,2024-12-24,253.64927033575188,256.34965954757746,253.45069916161225,256.3397521972656,23234700
MSFT,2024-12-24,428.74712104240933,433.6299083717355,428.2933766162313,433.3635559082031,7164500
NVDA,2024-12-24,139.79122163679293,141.6883821217358,138.44322876231024,140.01089477539062,105157000
QQQ,2024-12-24,520.9516062143355,526.1330021589947,520.316321172994,526.043701171875,17558200
AAPL,2024-12-26,256.32980188696064,258.2260444048055,255.77383898408218,257.15380859375,27237100
MSFT,2024-12-26,433.1169230295789,434.9516783695283,430.7002140852734,432.16009521484375,8194200
NVDA,2024-12-26,139.49166074428362,140.63995487774488,137.52459740894255,139.7213134765625,116205600
QQQ,2024-12-26,524.4157698857358,527.3141743842485,522.4206139118845,525.686279296875,19090500
AAPL,2024-12-27,255.97238682838486,256.836144148833,251.2367643772991,253.74853515625,42355300
MSFT,2024-12-27,428.69777768381334,429.30935275325726,420.5598195240772,424.68304443359375,18117700
NVDA,2024-12-27,138.34337590905767,138.81267619141968,134.50910636621433,136.8056640625,170582600
QQQ,2024-12-27,522.1228814363513,522.559632331355,514.0330843757536,518.6983642578125,33839600
AAPL,2024-12-30,250.4127477342041,251.67360197393796,248.9434149702759,250.38296508789062,35557500
MSFT,2024-12-30,420.27376177490316,421.7435167493127,416.17025429217676,419.0604553222656,13158700
NVDA,2024-12-30,134.628921256616,140.06081067569033,133.82013169900247,137.2849578857422,167734700
QQQ,2024-12-30,511.7005373751371,515.5220627362082,508.04770850678767,511.7997741699219,34584000
AAPL,2024-12-31,250.6212497119267,251.4551941340452,247.63292614272083,248.6157989501953,39480700
MSFT,2024-12-31,420.313230174155,420.9346790911402,414.94710727917607,415.77569580078125,13246500
NVDA,2024-12-31,137.82416524884428,137.8641141320975,133.63043143330796,134.08973693847656,155659200
QQQ,2024-12-31,513.0802618771279,513.8345947756108,506.4893152844088,507.4521484375,29117000
AAPL,2025-01-02,247.13654201152733,247.305330553937,240.07778153574023,242.09315490722656,55740700
MSFT,2025-01-02,419.7509810335182,420.2836558558519,409.21603069875914,412.8953552246094,16896500
NVDA,2025-01-02,135.79717669922962,138.6728864930968,134.42922472124587,138.10372924804688,198247200
QQQ,2025-01-02,510.49940358547883,512.8221380642742,501.9728857721829,506.4595031738281,36389800
AAPL,2025-01-03,241.60667419433594,242.42075849453866,240.147263834766,241.60667419433594,40244100
MSFT,2025-01-03,415.3613950253171,418.27134378737713,413.8423310893823,417.6005859375,16662900
NVDA,2025-01-03,139.8011917981673,144.6838985290199,139.52161059265686,144.25454711914062,229322500
QQQ,2025-01-03,509.55634989003045,515.8098417331423,508.7424629551306,514.7477416992188,29059500
AAPL,2025-01-06,242.5498168429892,245.54806288478193,241.4478134561986,243.23484802246094,45045600
MSFT,2025-01-06,422.1873855590837,428.42156165470556,419.70162020085996,422.0394287109375,20573600
NVDA,2025-01-06,148.36840963752263,151.93309314343088,147.599568879649,149.2071533203125,265377400
QQQ,2025-01-06,520.1476411928097,524.018784806924,518.1723564940825,520.6637573242188,36109700
AAPL,2025-01-07,241.22939201717418,243.78088314896328,239.61114601786818,240.46495056152344,40856000
MSFT,2025-01-07,423.1738448521772,424.801430542522,415.0851952170159,416.6338806152344,18139100
NVDA,2025-01-07,152.80177547515166,152.9016324332477,139.80118875754107,139.93099975585938,351782200
QQQ,2025-01-07,521.7060311004783,522.1030388371797,509.48700174108643,511.3729248046875,36690300
AAPL,2025-01-08,240.17703689438372,241.9541489627904,238.32051453305579,240.951416015625,37628900
MSFT,2025-01-08,417.7090917280971,421.1714329663283,415.81518360520914,418.7941589355469,15054600
NVDA,2025-01-08,142.36737985085435,143.73533196712347,137.3548616440079,139.90106201171875,227349900
QQQ,2025-01-08,511.27374292356757,513.100111993596,506.7970606664675,511.46234130859375,30777800
AAPL,2025-01-10,238.28080700459313,238.42973539672147,231.3213170399406,235.14358520507812,61710900
MSFT,2025-01-10,418.86316848876044,418.94206877538755,409.3836648034606,413.26031494140625,20201100
NVDA,2025-01-10,137.24501786219508,139.71133557177419,134.0198390250661,135.7073211669922,207602500
QQQ,2025-01-10,507.7002616861164,507.7994984696709,500.19613120906627,503.44195556640625,40532500
AAPL,2025-01-13,231.84750029737077,232.97928640713008,228.06495238182922,232.7112274169922,49630700
MSFT,2025-01-13,409.6007318390263,412.81646832203865,406.69081302742603,411.5242614746094,17604800
NVDA,2025-01-13,129.79612279360126,133.29090247342435,129.31682775328372,133.03128051757812,204808900
QQQ,2025-01-13,497.49620898526393,502.28056678713506,496.00729379112454,501.823974609375,31694200
AAPL,2025-01-14,233.05868390458076,234.41880854341963,230.7951119565212,231.59927368164062,39435300
MSFT,2025-01-14,412.1358238822972,414.03960580749714,405.1421150215387,410.02490234375,16935900
NVDA,2025-01-14,135.84711813885167,136.1766278538369,129.85606565410438,131.56350708007812,195590500
QQQ,2025-01-14,504.98052179626774,506.39004165996994,497.8833646668992,501.3475646972656,33737200
AAPL,2025-01-15,232.94947976770305,237.2383625727966,232.74098609709984,236.1562042236328,39832000
MSFT,2025-01-15,413.43787278736687,422.3353628905166,412.58953664498,420.5203552246094,19637800
NVDA,2025-01-15,133.45068552943664,136.2465130176968,131.09420431967888,136.03683471679688,185217300
QQQ,2025-01-15,509.2388513156959,514.0231792721111,507.680415704871,512.8817138671875,34957600
AAPL,2025-01-16,235.63995285298606,236.29518618874627,226.38709407905125,226.6154327392578,71759100
MSFT,2025-01-16,422.87788427352234,423.6571336957602,418.6264203199314,418.8138122558594,15300000
NVDA,2025-01-16,138.43325045720013,138.5430870275282,133.2909365646461,133.37081909179688,209235600
QQQ,2025-01-16,515.1448776433202,515.2243034314204,509.1594689969779,509.28851318359375,28229000
AAPL,2025-01-17,230.44764042021458,230.6164138035219,226.833866130533,228.32305908203125,68488300
MSFT,2025-01-17,428.1947089431654,428.57942688248704,422.3551241092644,423.20343017578125,26197500
NVDA,2025-01-17,136.4861555399997,138.29345383465838,135.25799411499426,137.504638671875,201188800
QQQ,2025-01-17,518.9862432829292,520.1972592877152,509.31822917298143,517.8844604492188,51837900
AAPL,2025-01-21,222.38612124582832,222.80309340530198,217.79941234276583,221.03591918945312,98070400
MSFT,2025-01-21,424.3575888899967,425.0480643283389,419.8200541536477,422.6806640625,26085700
NVDA,2025-01-21,138.95247218370304,141.6184885428412,136.88555189361048,140.61997985839844,197749000
QQQ,2025-01-21,520.6041714349437,522.0831509199561,516.2168513724278,520.9218139648438,23628000
AAPL,2025-01-22,218.2064751614249,222.5052806842356,218.2064751614249,222.21737670898438,64126500
MSFT,2025-01-22,431.6175824572203,441.1957044539868,430.0787709144918,440.1402587890625,27803800
NVDA,2025-01-22,144.4442829463215,147.56960504936464,143.45575377479585,146.85069274902344,237651400
QQQ,2025-01-22,525.6565483001042,529.8751413083515,525.3488415863966,527.5822143554688,33593000
AAPL,2025-01-23,223.1208199792776,225.394314538592,220.69839703644928,222.04859924316406,60234800
MSFT,2025-01-23,435.9973147591307,440.6828062638951,435.50410512705025,440.6433410644531,18389300
NVDA,2025-01-23,144.8337106624021,147.01045262591376,143.5056920734559,147.00047302246094,155915500
QQQ,2025-01-23,525.130545961952,528.8230878847827,524.5449397957133,528.7039794921875,23096600
AAPL,2025-01-24,223.160517277336,224.00439930767484,219.81480209957203,221.1749267578125,54697900
MSFT,2025-01-24,439.11439458237174,440.5841496239721,435.40544858930485,438.0293273925781,15549500
NVDA,2025-01-24,148.14872775799392,148.74783905952535,141.66841618539428,142.4073028564453,234657600
QQQ,2025-01-24,529.0811499069405,529.8454186239994,524.247142698527,525.7161865234375,19878300
AAPL,2025-01-27,222.40601266103107,230.47742834163907,222.36629236472388,228.2039337158203,94863400
MSFT,2025-01-27,418.2516444520013,429.2896784954125,417.74856099112463,428.6583557128906,35647800
NVDA,2025-01-27,124.61389107098998,128.20851331467108,116.52596435964819,118.24340057373047,818830900
QQQ,2025-01-27,507.2237341179043,514.1620686543571,506.3800095193755,510.4100341796875,60771700
AAPL,2025-01-28,229.18679454547646,238.4594987479956,229.147074251248,236.54339599609375,75707600
MSFT,2025-01-28,428.6977608632086,442.2906153004339,425.5214900534852,441.12664794921875,23491700
NVDA,2025-01-28,121.62833781559046,128.8076175411123,116.0766320864675,128.79763793945312,579666400
QQQ,2025-01-28,511.4126509421013,519.1351881754546,507.9980993704096,517.9539794921875,33194200
AAPL,2025-01-29,232.43321505583046,238.1318651456976,232.3240069742682,237.63546752929688,45486100
MSFT,2025-01-29,440.62361853818396,440.81104060450724,434.41903300783486,436.32281494140625,23581400
NVDA,2025-01-29,126.31135328562937,126.70077107762197,119.8709750783515,123.5155258178711,467120600
QQQ,2025-01-29,518.5991606876129,518.7282048637726,513.0802502522747,516.981201171875,26649000
AAPL,2025-01-30,236.95044029141235,239.05516137192973,235.50096771104396,235.8782196044922,55658300
MSFT,2025-01-30,413.0827588425547,417.1172097708342,407.54896156269734,409.3540954589844,54586300
NVDA,2025-01-30,122.91641979157204,124.81358785050304,117.92387627755191,124.464111328125,392925500
QQQ,2025-01-30,519.8399711897874,522.2122638046841,514.3806144435209,519.184814453125,27431300
AAPL,2025-01-31,245.40906406001392,245.40906406001392,231.75812916176676,234.2996826171875,100959800
MSFT,2025-01-31,413.2899333042713,414.976701732093,409.27519987674,409.42315673828125,34161900
NVDA,2025-01-31,123.59540412169352,127.6593341751579,119.01225290264883,119.89093780517578,388161100
QQQ,2025-01-31,523.0261489535886,527.5921922182381,517.3385119017584,518.4303588867188,38755200
AAPL,2025-02-03,228.33299411580026,230.15973381299622,224.0738938399255,226.36724853515625,73063300
MSFT,2025-02-03,406.010204945589,409.7684602096033,403.11012968787463,405.3394470214844,25679100
NVDA,2025-02-03,114.57887527254843,118.39317826666118,112.84147223806173,116.48603057861328,371235700
QQQ,2025-02-03,509.6755846757201,517.0010535797855,507.27348469906485,514.2813110351562,40580800
AAPL,2025-02-04,225.61275471542785,231.45039651675455,225.01707141571288,231.12277221679688,45067300
MSFT,2025-02-04,407.0853452090854,408.29865167160733,404.1753965052981,406.7696838378906,20532100
NVDA,2025-02-04,116.78557844108887,121.01925326141507,116.52596404203554,118.47306060791016,256550000
QQQ,2025-02-04,514.7974286874838,521.2295233442737,514.4003603770645,520.59423828125,26046800
AAPL,2025-02-05,226.88350440739822,230.99367626573292,226.625383087866,230.7951202392578,39620300
MSFT,2025-02-05,406.74997908357795,408.2098602907994,404.8264495269334,407.6772155761719,16316700
NVDA,2025-02-05,121.57842315704723,124.8135892575584,120.57991444298676,124.64384460449219,262230800
QQQ,2025-02-05,517.9638671852232,523.11551659981,516.7727228160936,522.9566650390625,21134100
AAPL,2025-02-06,229.62361584180033,232.11554171369926,228.7698112868805,231.5397186279297,29925300
MSFT,2025-02-06,408.3775613386283,412.5205341470821,408.3775613386283,410.1728515625,16309800
NVDA,2025-02-06,127.22996749994309,128.57796024161053,125.02326434711814,128.4880828857422,251483600
QQQ,2025-02-06,523.4628423892975,525.8947492260023,521.8548188906348,525.686279296875,19434500
AAPL,2025-02-07,230.92419948813392,232.31410688860944,225.622660920367,225.99000549316406,39707200
MSFT,2025-02-07,410.82388435232116,412.96439718513943,402.5576865372201,404.1852722167969,22886800
NVDA,2025-02-07,129.02729180363133,130.17557068191934,124.8135839892709,129.6463623046875,228186300
QQQ,2025-02-07,526.2224643480172,528.1679418559564,518.3311999658048,519.0557861328125,29605500
AAPL,2025-02-10,228.16660736242451,229.1803610121675,225.81108525741098,226.25833129882812,33115600
MSFT,2025-02-10,408.0914590052598,409.8176925215145,405.33937124502273,406.6217041015625,20817900
NVDA,2025-02-10,129.89599772289156,134.79867927002743,129.76620194780145,133.37081909179688,216989100
QQQ,2025-02-10,523.3239005134812,526.4407109622551,522.8574028177311,525.3389282226562,20852800
AAPL,2025-02-11,226.8049592810601,233.7919821040532,226.7353950927951,231.19793701171875,53718400
MSFT,2025-02-11,404.07678288840276,406.88805357704496,403.741373863551,405.8523254394531,18140600
NVDA,2025-02-11,132.38228609427233,134.27944654160947,130.82461495038982,132.60195922851562,178902400
QQQ,2025-02-11,522.0733504071393,526.0040485358071,521.94430621765,524.0883178710938,19325500
AAPL,2025-02-12,229.78663009476247,235.51142789245534,229.26980470124647,235.42196655273438,45243300
MSFT,2025-02-12,401.67976029438313,405.17169274595005,398.8783333348811,403.48492431640625,19121700
NVDA,2025-02-12,129.826117774307,132.04280851778788,128.8875170693692,130.94444274902344,160278600
QQQ,2025-02-12,518.4403344445669,525.2794337785684,518.0929450820138,524.39599609375,25009400
AAPL,2025-02-13,235.4617298072221,240.85852795215618,234.1299251101732,240.05348205566406,53614100
MSFT,2025-02-13,401.4726062482461,405.4182829681306,400.8412835235649,404.96453857421875,23891700
NVDA,2025-02-13,131.36380821970238,136.29644386397356,130.9743904181038,135.08824157714844,197430000
QQQ,2025-02-13,526.0635234537466,532.2574012792994,525.2793832223591,531.9398193359375,28714800
AAPL,2025-02-14,239.77517912233392,244.04889519264196,239.51677402617887,243.10470581054688,40896200
MSFT,2025-02-14,402.25188608897315,403.3566707547541,400.3678218416371,402.8831787109375,22758500
NVDA,2025-02-14,136.2764682668825,139.04234173663804,135.29793396994222,138.6429443359375,195479600
QQQ,2025-02-14,532.0489565555039,534.8580601398642,531.7114424599516,534.1731567382812,17862600
AAPL,2025-02-18,242.65747382373942,243.6811760890431,240.3615975750387,242.97552490234375,48822500
MSFT,2025-02-18,402.4590402622825,405.0237362453633,400.9794114377888,404.0767822265625,21423100
NVDA,2025-02-18,141.05932980350207,143.226091877041,137.72429913092634,139.19210815429688,219176600
QQQ,2025-02-18,535.7414804029439,536.0095045421328,532.078746365208,535.3841552734375,20565000
AAPL,2025-02-19,243.16435439309654,244.50609250836237,241.6735241546838,243.37306213378906,32204200
MSFT,2025-02-19,402.34067225656025,409.8473079963777,402.11378500109834,409.1370849609375,24114200
NVDA,2025-02-19,139.30195061666387,141.14919790373787,137.01537227663152,139.02236938476562,167536000
QQQ,2025-02-19,534.5900283086233,536.8134652370089,532.4956355398415,535.5330200195312,19666900
AAPL,2025-02-20,243.44265077076676,245.2713989598738,242.7966152101895,244.32720947265625,32316900
MSFT,2025-02-20,410.47144681938056,414.4447923675228,407.75335474991726,411.30169677734375,23508700
NVDA,2025-02-20,139.8211794831435,140.45024487315197,136.5860056380014,139.90106201171875,143903600
QQQ,2025-02-20,534.7488640035847,535.1161249242239,528.52523935916,533.2599487304688,26550800
AAPL,2025-02-21,244.44645306890683,247.1697083342209,243.72091995824803,244.0489044189453,53197400
MSFT,2025-02-21,412.4976421272199,413.1993956224997,403.15730762956775,403.47357177734375,27524800
NVDA,2025-02-21,139.83115735009994,141.24905316966826,133.83012530319377,134.22952270507812,228217600
QQQ,2025-02-21,534.4014135025412,534.4212850908257,521.8250608987436,522.1923217773438,47093800
AAPL,2025-02-24,243.43269920852308,247.33868242018207,242.92582237394555,245.58944702148438,51326400
MSFT,2025-02-24,403.7700887978409,404.62009578289485,394.6867174896375,399.3124084472656,26443700
NVDA,2025-02-24,136.35635785611953,138.38332947991822,129.88602516626045,130.08572387695312,251381100
QQQ,2025-02-24,523.9790766643296,525.1602852244356,515.6908057368098,516.0282592773438,39268400
AAPL,2025-02-25,246.48393846255715,248.47171215983582,243.41283173998391,245.52980041503906,48013300
MSFT,2025-02-25,396.44608593506547,397.25657880262406,392.09714469383994,393.283203125,29387400
NVDA,2025-02-25,129.78614928447132,130.0058224050398,124.25441810041912,126.44114685058594,271428700
QQQ,2025-02-25,515.402907751773,515.4823335308943,505.67533996149535,509.52667236328125,48940000
AAPL,2025-02-26,242.83637220684057,243.48239258336395,237.66816369812489,238.89064025878906,44433600
MSFT,2025-02-26,393.3919357776839,398.9170718958632,389.6755530638089,395.09197998046875,19619000
NVDA,2025-02-26,129.79615892181477,133.53057192522448,128.29839578499454,131.084228515625,322553800
QQQ,2025-02-26,511.72040130693927,515.8198259825109,507.59110865878125,510.7575378417969,34457600
AAPL,2025-02-27,237.94643641845556,240.97779411500133,235.61079643123784,235.84933471679688,41153600
MSFT,2025-02-27,396.61410618114576,401.03224256641477,387.6197164134029,387.97552490234375,21127400
NVDA,2025-02-27,134.7986697104659,134.8086493121392,119.83102696232622,119.97081756591797,443175800
QQQ,2025-02-27,514.3011233717788,515.2341793751592,496.35471414579564,496.5730895996094,52448000
AAPL,2025-02-28,235.50146657809572,240.61004395755495,228.79273089598732,240.361572265625,56833400
MSFT,2025-02-28,388.10398215130573,393.01631660620876,382.0846478468725,392.38372802734375,32845700
NVDA,2025-02-28,117.8439993429124,124.90345590188022,116.22642004317107,124.73371124267578,389091100
QQQ,2025-02-28,496.43413947250224,505.0202115627976,493.2577747457523,504.41473388671875,47654000
AAPL,2025-03-03,240.31186830369816,242.53818006191796,234.66659889731284,236.57485961914062,47184000
MSFT,2025-03-03,394.1925506012372,394.1925506012372,381.6794393165997,383.9823913574219,23007700
NVDA,2025-03-03,123.32581202011416,123.51552349340123,112.11255593535711,113.88990020751953,411381400
QQQ,2025-03-03,507.73993161461107,509.2486881332856,489.93250314963643,493.3768615722656,44587200
AAPL,2025-03-04,236.25683384188991,238.60240725621293,233.24534293735957,234.48770141601562,53798100
MSFT,2025-03-04,378.9513820023961,388.02485870202906,376.5792353713358,384.1009216308594,29342900
NVDA,2025-03-04,110.48499132597254,119.13207287466713,109.9457957033308,115.81702423095703,398163300
QQQ,2025-03-04,490.5280988504062,500.0174498903787,484.1356867718227,491.8879699707031,67875400
AAPL,2025-03-05,233.98082285378285,235.1039197629907,227.82866128733946,234.2988739013672,47227600
MSFT,2025-03-05,384.822503579622,397.0094560898268,384.2986543499986,396.3669738769531,23433100
NVDA,2025-03-05,117.40465751759531,118.10361057672029,114.3392360416895,117.12507629394531,284337900
QQQ,2025-03-05,492.5331995401363,499.90828614862966,487.62970266721254,498.3002624511719,46323700
AAPL,2025-03-06,233.00682927336524,236.4059203890797,231.73465535282332,233.89138793945312,45170400
MSFT,2025-03-06,389.70521049036057,397.4838909032578,388.12376908504734,392.2849426269531,23304600
NVDA,2025-03-06,113.36069823382532,115.17798387118098,110.05563667803439,110.40511322021484,321181900
QQQ,2025-03-06,490.0416743008981,494.89552185491164,482.6070344726668,484.5922546386719,57574300
AAPL,2025-03-07,233.67273718007357,239.89446338205195,233.32487071745646,237.60853576660156,46273600
MSFT,2025-03-07,387.76795648683793,390.2191619837315,381.0666253730808,388.7464599609375,22034100
NVDA,2025-03-07,111.08409477767312,113.31077256873955,107.39959517379882,112.5219497680664,341755500
QQQ,2025-03-07,483.5599718062666,489.6347411717219,476.9789615630039,488.15576171875,54714700
AAPL,2025-03-10,234.10009611136832,234.71631625547707,222.84930513729455,226.08937072753906,72071200
MSFT,2025-03-10,381.3631114017718,381.9166113327009,372.8431337183802,375.7490234375,32840100
NVDA,2025-03-10,109.73610085349598,111.6831896506324,105.30272006245755,106.8204574584961,366487400
QQQ,2025-03-10,479.87744712390025,480.39359355913183,465.19673274957023,469.2366638183594,76668000
AAPL,2025-03-11,222.4418047589131,224.4593937721428,216.1206840338927,219.48995971679688,76137400
MSFT,2025-03-11,374.6025176419591,381.5212976511773,372.53677123025375,376.03570556640625,30380200
NVDA,2025-03-11,106.83044416478043,112.0726148635708,104.6137536218378,108.59780883789062,354865700
QQQ,2025-03-11,468.8593867741882,475.27163953814954,463.5588524754523,468.11492919921875,68760800
AAPL,2025-03-12,218.7942505386503,220.39440897367027,213.5962265598192,215.653564453125,62547500
MSFT,2025-03-12,378.5066728711865,380.7503233781215,374.55308456142495,378.82293701171875,24253600
NVDA,2025-03-12,113.9602977987337,116.5966026479449,112.72202762810602,115.5780258178711,323857500
QQQ,2025-03-12,475.61912817116786,477.50508157643935,468.3035955192933,473.39569091796875,46971100
AAPL,2025-03-13,214.6298526174969,215.5144112677834,207.14588618522245,208.39817810058594,61368300
MSFT,2025-03-13,378.71423026442886,380.8491715851453,373.07049136146827,374.3751525878906,20473000
NVDA,2025-03-13,116.86621875800482,117.59520049683546,113.63075517539951,115.41825103759766,299033100
QQQ,2025-03-13,472.73064021166954,472.7604173080319,462.9832001082339,464.87908935546875,46563300
AAPL,2025-03-14,209.95857893569573,212.64207016591416,208.29878985935505,212.1848907470703,60107600
MSFT,2025-03-14,375.3734195488383,385.7021804869834,375.10656321193693,384.0515441894531,19952800
NVDA,2025-03-14,118.44401014075397,121.70943054003341,117.98465480860956,121.49972534179688,277593500
QQQ,2025-03-14,470.2292461988736,477.00876061202655,469.62373821824536,476.11541748046875,43563000
AAPL,2025-03-17,212.00600336087763,213.9043309003415,208.68642489319868,212.69178771972656,48073400
MSFT,2025-03-17,382.2132080479099,388.15345468919406,381.0963143894263,384.19000244140625,22474300
NVDA,2025-03-17,122.56822336901756,122.71801496792263,117.86481592318836,119.36271667480469,255501500
QQQ,2025-03-17,476.06574086012523,482.2497130174167,474.2691189068619,479.202392578125,41744400
AAPL,2025-03-18,212.85081593904235,213.83475423543342,210.19713981325924,211.38980102539062,42432400
MSFT,2025-03-18,382.57883477918654,382.8753418143747,376.6781034710803,379.07000732421875,19486900
NVDA,2025-03-18,117.83486627342975,118.85343549406599,114.37970924440411,115.26846313476562,299686900
QQQ,2025-03-18,475.86724027334935,476.0657441300447,468.9189691557921,471.0332336425781,39072300
AAPL,2025-03-19,212.91042558181826,217.42266485537363,212.44329758558237,213.9241943359375,54385400
MSFT,2025-03-19,381.0567221702146,385.158563988563,379.54447585576617,383.3201599121094,19185500
NVDA,2025-03-19,117.10587965509883,120.2814296141779,115.51810848491796,117.35552978515625,273426200
QQQ,2025-03-19,473.2864979024419,481.7435264527976,471.36083156550126,477.33636474609375,40430300
AAPL,2025-03-20,212.68187056105958,216.16047483161037,210.92268644075222,212.79119873046875,48862900
MSFT,2025-03-20,381.2642891356356,387.24410971121733,378.8328407062668,382.3515319824219,18470500
NVDA,2025-03-20,116.3868956857552,120.03178155242583,116.30700581426807,118.36412048339844,248829700
QQQ,2025-03-20,473.35596661844284,480.96927004322396,472.6611273475336,475.7183837890625,36780500
AAPL,2025-03-21,210.26669685360034,217.5021918152461,209.9884097524224,216.93568420410156,94127800
MSFT,2025-03-21,378.77352451177876,387.194656647968,378.3583844724842,386.7202453613281,39675900
NVDA,2025-03-21,116.77634740953133,117.82487338576216,115.25847035053427,117.5352783203125,266498500
QQQ,2025-03-21,470.5765974343295,478.05095050682746,469.41526054496114,477.2866516113281,42234900
AAPL,2025-03-24,219.64898417718916,220.1260455978378,217.24377992596973,219.38063049316406,44299500
MSFT,2025-03-24,390.81219242783766,390.81219242783766,385.2870564688155,388.51910400390625,21004500
NVDA,2025-03-24,119.71223179694545,122.04896105750126,119.17298658297102,121.24009704589844,228452500
QQQ,2025-03-24,484.8576794709337,488.60541998448804,481.53742091872255,487.76043701171875,34567200
AAPL,2025-03-25,219.42042332259138,222.73006864258363,218.73463890959596,222.3822021484375,34493600
MSFT,2025-03-25,389.34940942223693,391.7610706609813,388.0842623065983,390.57501220703125,15775000
NVDA,2025-03-25,120.38129181712452,121.12025404464302,118.75356814650013,120.5210952758789,167447200
QQQ,2025-03-25,488.4861096315565,490.70291186860106,487.5218407035887,490.5438537597656,26035200
AAPL,2025-03-26,222.1436270366165,223.64440576884627,219.12221792138408,220.1757354736328,34466100
MSFT,2025-03-26,390.4168262767483,390.7232269425197,384.061440622416,385.4451904296875,16108400
NVDA,2025-03-26,118.5638454632065,118.6736845133834,112.55226594608844,113.60079956054688,293463300
QQQ,2025-03-26,489.3907271556028,490.2456607367531,479.96676889831855,481.5175476074219,34627100
AAPL,2025-03-27,220.03659916949772,223.61459773398053,219.21167130142226,222.4815673828125,37094800
MSFT,2025-03-27,385.60330465875484,387.6888077325019,382.9049701422927,386.0480651855469,13766800
NVDA,2025-03-27,111.19417323533278,114.28983351449122,110.50514401476981,111.27406311035156,236902100
QQQ,2025-03-27,479.55920474042404,483.70454516246133,477.41196560654595,478.77386474609375,33469800
AAPL,2025-03-28,220.31488968867507,222.44180687800483,216.34927581514728,216.56793212890625,39818600
MSFT,2025-03-28,383.5771397086297,384.6149747790714,372.5565178920864,374.4048156738281,21632000
NVDA,2025-03-28,111.33397804410711,112.71205173921601,108.91736643615505,109.51652526855469,229872500
QQQ,2025-03-28,476.9745201773356,477.6803158784236,465.2840071747282,466.16876220703125,46363800
AAPL,2025-03-31,215.683368745432,224.24073468961828,214.90813825561798,220.77207946777344,65299300
MSFT,2025-03-31,368.2174556076631,372.6948931611048,362.97893300010196,371.0343933105469,35184700
NVDA,2025-03-31,104.98287310192077,110.80471613819729,103.50494855407659,108.22832489013672,299212700
QQQ,2025-03-31,459.19026229129486,467.08331235256605,454.6273605455005,466.1488952636719,53000300
AAPL,2025-04-01,218.46627993939285,222.31261744007998,217.56183920876018,221.82562255859375,36412700
MSFT,2025-04-01,370.30297052308924,378.4078388750376,368.89946352111616,377.7554931640625,19689500
NVDA,2025-04-01,108.36813339033893,110.04578269736857,106.32100673854832,109.99585723876953,222614000
QQQ,2025-04-01,464.538472789733,470.8310825660288,461.6755176682955,469.9065856933594,41156200
AAPL,2025-04-02,219.96706548863506,223.81340310480923,219.66889637265393,222.52134704589844,35905900
MSFT,2025-04-02,373.584455994143,380.61194495123306,372.2501138660857,377.7060852050781,16092600
NVDA,2025-04-02,107.1398479774266,111.82328673498283,106.64054773013802,110.26546478271484,220601200
QQQ,2025-04-02,463.3654253458386,476.7260031222664,463.1069521266998,473.3361511230469,49894500
AAPL,2025-04-03,204.28348559152053,206.22157697816277,200.0197179050274,201.94786071777344,103419000
MSFT,2025-04-03,370.4413527847735,373.10014336261634,365.0644702169303,368.78082275390625,30198000
NVDA,2025-04-03,103.36515315702636,105.48218161280622,101.45782230020173,101.65754699707031,338769400
QQQ,2025-04-03,453.7426062022167,457.35115906183495,447.47984907108474,447.99676513671875,70456300
AAPL,2025-04-04,192.70471987275084,198.65810753704542,186.19475800144227,187.22840881347656,125910900
MSFT,2025-04-04,359.90499587925865,370.2436198076782,355.30895597122804,355.6647644042969,49209900
NVDA,2025-04-04,98.77159334909085,99.9898797349743,91.9811059228115,94.17802429199219,532273800
QQQ,2025-04-04,435.55079068681124,437.7675929050692,420.1722106933594,420.1722106933594,117088400
AAPL,2025-04-07,176.11674047268428,192.96311894309866,173.55251067175698,180.3507080078125,160466300
MSFT,2025-04-07,346.808801297969,366.6953473866903,340.78946619633433,353.7077941894531,50425000
NVDA,2025-04-07,87.33759621246332,101.60759784636036,86.4987754744505,97.50334930419922,611041300
QQQ,2025-04-07,406.24500940343484,440.52125924890055,400.01207316550386,421.1861877441406,161557000
AAPL,2025-04-08,185.55865310846366,189.17640027021665,168.17558356470508,171.36595153808594,120859500
MSFT,2025-04-08,363.98709615832223,369.3145404099518,346.1860561796805,350.446044921875,35868900
NVDA,2025-04-08,103.66472218207363,105.70186824827938,94.3278084260022,96.16523742675781,476243400
QQQ,2025-04-08,435.57062951414565,440.5212103571544,407.36829126047905,413.6012268066406,101248100
AAPL,2025-04-09,170.89883496621582,199.38363475051753,170.83920418374143,197.6343994140625,184395900
MSFT,2025-04-09,349.43791334353114,388.66739600040677,349.00301621371585,385.95916748046875,50199700
NVDA,2025-04-09,98.75161045127601,114.9389248904037,97.39351305704149,114.17000579833984,612918300
QQQ,2025-04-09,413.11415290728195,465.06529634282225,412.97496569005153,463.2461242675781,142876900
AAPL,2025-04-10,187.9141974958541,193.5892830219747,181.88129692496375,189.2559356689453,121880000
MSFT,2025-04-10,377.6269854135807,379.44563241847453,363.5324334212975,376.92523193359375,38024400
NVDA,2025-04-10,109.21694044618194,110.70485307181585,99.01124202201945,107.4194564819336,437812400
QQQ,2025-04-10,450.8796663706337,452.89766878987024,430.07336033484415,443.54327392578125,108384100
AAPL,2025-04-11,184.96235041538483,198.32017705332044,184.92258644836306,196.9386749267578,87435900
MSFT,2025-04-11,376.2234920445777,385.52428234575257,374.4937970946495,383.94287109375,23839200
NVDA,2025-04-11,108.34815778630501,111.39389245819964,107.32958859529616,110.7747573852539,313417300
QQQ,2025-04-11,442.0222794815872,453.0964608286063,438.72189215337244,451.71466064453125,52483800
AAPL,2025-04-14,210.14743595954587,211.63826622013798,199.9302804535287,201.28196716308594,101352900
MSFT,2025-04-14,388.6575040815548,390.0709046779098,379.75203666792555,383.3102722167969,19251200
NVDA,2025-04-14,113.95031245540225,114.13006086401796,108.91736463288024,110.55506896972656,264705000
QQQ,2025-04-14,461.7152518499013,462.30176158755654,449.955174921676,454.7765197753906,43941200
AAPL,2025-04-15,200.6259945192588,202.26590170954893,198.57859009217825,200.90428161621094,51343900
MSFT,2025-04-15,384.00213704858294,387.342923812398,379.7026039659422,381.25439453125,17199900
NVDA,2025-04-15,110.81470199440513,113.46099492172469,110.3453585264742,112.04297637939453,228966900
QQQ,2025-04-15,455.83027629002765,459.6475802526805,453.45438538142065,455.28350830078125,35404200
AAPL,2025-04-16,197.1473909296092,199.47308245703653,191.19400339685228,193.0823974609375,59732400
MSFT,2025-04-16,376.25312290658945,377.1821883945702,363.7301188576812,367.2982177734375,21967800
NVDA,2025-04-16,104.40368647017546,106.64054948152403,100.30941828019425,104.34376525878906,397016900
QQQ,2025-04-16,446.37642892854547,449.94520996662885,435.17304059444126,441.5550842285156,48980600
AAPL,2025-04-17,195.99447418061752,197.61451451967758,193.2314700862815,195.77581787109375,52164700
MSFT,2025-04-17,369.4133653600013,369.97675886881603,362.6329766642394,363.51263427734375,21120200
NVDA,2025-04-17,104.30381795694564,104.3237942331935,99.90998190333623,101.34796142578125,292517500
QQQ,2025-04-17,444.5274509761507,445.10401010316673,438.7517574071589,441.4755859375,44837000
AAPL,2025-04-21,192.08849990403363,192.6152586778503,188.64964501381652,191.9791717529297,46742500
MSFT,2025-04-21,358.6102059570081,360.25094859286406,351.543173455908,354.953125,20807300
NVDA,2025-04-21,98.63177356997639,99.3008417327631,94.90699776234818,96.77438354492188,288501100
QQQ,2025-04-21,435.640213497503,436.48516600290554,425.4010649605608,430.5504455566406,44149300
AAPL,2025-04-22,194.92108593270402,200.3576482646354,194.77200897005906,198.5189666748047,52976400
MSFT,2025-04-22,359.1637542302739,363.5028019496421,355.68457702509073,362.5638427734375,19485000
NVDA,2025-04-22,98.6417555090913,99.67031279819463,97.14385476914264,98.75160217285156,241004800
QQQ,2025-04-22,436.22677695266526,444.9349886334612,435.03385628214005,441.85333251953125,52304400
AAPL,2025-04-23,204.74067860292737,206.7284521815966,201.56024391015845,203.3492431640625,52929200
MSFT,2025-04-23,371.6965961898571,375.9763723537339,368.69186067990836,370.0459899902344,20545500
NVDA,2025-04-23,104.37371808015347,104.65333261230082,101.87721689778672,102.56625366210938,247526000
QQQ,2025-04-23,455.46243104941027,460.641633756553,450.20368411807647,451.8737487792969,55801100
AAPL,2025-04-24,203.6374845300284,207.5534013078127,201.69940812530302,207.09620666503906,47311000
MSFT,2025-04-24,371.3408006891215,383.9428636514652,370.8367085183124,382.8061828613281,22232300
NVDA,2025-04-24,103.33518320501399,106.39089830035945,102.96569827687256,106.28105163574219,220815000
QQQ,2025-04-24,453.78240723852906,464.89633088737224,453.1362241937562,464.5881652832031,45956100
AAPL,2025-04-25,205.10842646651815,208.46776890662989,204.9394675201618,208.00064086914062,38222300
MSFT,2025-04-25,382.5096738423667,387.60980644654984,380.1375268589871,387.30340576171875,18973200
NVDA,2025-04-25,106.70047033928225,111.76337496991529,105.58204256681438,110.85465240478516,251064700
QQQ,2025-04-25,464.210432874224,470.2942617606861,462.639783263479,469.76739501953125,38697100
AAPL,2025-04-28,208.71623364812058,210.2070638884643,206.1917677806294,208.85537719726562,38743100
MSFT,2025-04-28,387.4121350910717,388.1830836548117,382.15388522315925,386.6214294433594,16579400
NVDA,2025-04-28,109.53649833991803,110.21554702841466,105.8716284785824,108.57784271240234,207708500
QQQ,2025-04-28,470.2346173749268,472.0040972114499,463.2759840321813,469.6182861328125,33550800
AAPL,2025-04-29,207.4142395090872,210.94254069563792,207.09618845243054,209.91883850097656,36827600
MSFT,2025-04-29,386.75975859738145,390.51568553400665,385.85045019118235,389.4679870605469,14974000
NVDA,2025-04-29,107.5193148494054,110.04577291521682,107.2896409990865,108.86742401123047,170444300
QQQ,2025-04-29,467.3915080044207,473.6045731544733,466.8149185696458,472.7198181152344,30613100
AAPL,2025-04-30,208.0205233254963,212.2743578831654,205.4065960245207,211.20095825195312,52286500
MSFT,2025-04-30,385.77135703314644,392.05757796403765,379.979364791359,390.673828125,36461100
NVDA,2025-04-30,104.32379376082015,108.76756286621094,103.93434018163836,108.76756286621094,235044600
QQQ,2025-04-30,464.36947606745446,474.37997416490805,459.697238824554,472.6601867675781,46810600
AAPL,2025-05-01,207.80185982414434,213.2483553954001,207.62295230903422,212.0159454345703,57365700
MSFT,2025-05-01,426.10788113002934,431.9196612018972,419.96994327038766,420.4641418457031,58938100
NVDA,2025-05-01,112.92174799120272,114.7791455573913,111.14424029465428,111.45380401611328,236121500
QQQ,2025-05-01,480.5532529218463,484.30096287876717,477.89901815565884,478.8334655761719,43316500
AAPL,2025-05-02,204.83013207172814,205.72463931330321,200.92416412992952,204.09466552734375,101010600
MSFT,2025-05-02,426.7305579775838,434.3412277785372,425.0008630376841,430.2294921875,30757400
NVDA,2025-05-02,114.0202079642077,115.23850182065685,113.21134397896935,114.33975982666016,190194800
QQQ,2025-05-02,483.66474747370063,488.00891762969025,481.9648310617846,485.9411926269531,39218100
AAPL,2025-05-05,201.85841873478097,202.85230555244996,196.99831280299983,197.6741485595703,69018500
MSFT,2025-05-05,427.8474632490504,434.40054108405303,427.09627177369964,431.10919189453125,20136100
NVDA,2025-05-05,112.75199066583207,114.5095221313392,112.50234053074915,113.66071319580078,133163200
QQQ,2025-05-05,481.73622270162116,486.14003597307794,481.2391774925475,483.058349609375,28309500
AAPL,2025-05-06,196.99833957685834,199.4234110025321,195.8156116766073,197.29649353027344,51216500
MSFT,2025-05-06,427.18521188154574,432.65104629505106,426.16716413896285,428.2823181152344,15104200
NVDA,2025-05-06,111.32398889038713,114.57942108749386,110.66490889275714,113.381103515625,158525600
QQQ,2025-05-06,476.7259597673839,482.18350601169135,475.36406085912887,478.5650329589844,32786300
AAPL,2025-05-07,197.9524407308952,198.2207944248892,192.0686324392914,195.05029296875,68536700
MSFT,2025-05-07,428.80620435216304,433.0365428333408,426.1078693467033,428.3218994140625,23295300
NVDA,2025-05-07,112.89179643623137,117.51531428959993,112.12286973799952,116.89617919921875,206758800
QQQ,2025-05-07,479.2311171129095,482.9291348492083,473.9624497932624,480.44390869140625,38006300
AAPL,2025-05-08,196.51130456752412,198.82706269335065,193.48988012199126,196.28271484375,50478900
MSFT,2025-05-08,432.8487322038109,438.5221520354275,430.60508165893515,433.0859680175781,23491300
NVDA,2025-05-08,118.08452294119296,118.51392151118237,115.68787993703612,117.20575714111328,198428100
QQQ,2025-05-08,485.6430214704163,489.7883921245775,481.3088015351198,485.4044494628906,39577600
AAPL,2025-05-09,197.7834732241415,199.31405222350435,196.3323918231404,197.31634521484375,36453900
MSFT,2025-05-09,434.8946881691784,435.6260923106028,430.82249727884243,433.6394348144531,15324200
NVDA,2025-05-09,117.1857803819228,118.06455379711826,115.0487756801452,116.48676300048828,132972200
QQQ,2025-05-09,487.31305654497106,488.63521379310254,483.326774588034,485.0863037109375,27767400
AAPL,2025-05-12,209.95528044040137,210.25384054136518,205.75557652693038,209.77613830566406,63775800
MSFT,2025-05-12,440.7658165502587,444.1560114514232,434.67728663767485,444.04730224609375,22821900
NVDA,2025-05-12,121.79931583574867,122.82787322998047,120.11167839159091,122.82787322998047,225023300
QQQ,2025-05-12,503.99388239825186,504.88858802841014,498.51646492128515,504.84881591796875,45090600
AAPL,2025-05-13,209.4178625594749,212.3735786127325,207.99474788922345,211.9058380126953,51909300
MSFT,2025-05-13,442.5844751269483,445.4409573721911,440.19254074927665,443.9287109375,23618800
NVDA,2025-05-13,124.80509195257008,131.0363568449821,124.29580357204036,129.74815368652344,330430100
QQQ,2025-05-13,506.1510665570221,514.3324413872226,505.4154493764172,512.5430908203125,53269600
AAPL,2025-05-14,211.40824098508043,212.91098786371114,209.56714827780408,211.30873107910156,49325800
MSFT,2025-05-14,442.940276452347,448.6334230518337,442.940276452347,447.6845703125,19902800
NVDA,2025-05-14,133.01361454835225,135.25048567508128,131.49573716816334,135.15061950683594,281180800
QQQ,2025-05-14,513.7161211405411,516.1615447200978,512.7021295054291,515.6148071289062,47014500
AAPL,2025-05-15,209.9353730316401,211.93571508448807,208.53215118256114,210.43296813964844,45029500
MSFT,2025-05-15,446.3576953837484,451.7246558325709,446.0210270484144,448.6946105957031,21992300
NVDA,2025-05-15,134.10204362723803,136.10924022234616,132.47433530494334,134.64129638671875,226632600
QQQ,2025-05-15,513.4676100523011,518.8456125999866,512.125551562593,516.1814575195312,50153300
AAPL,2025-05-16,211.33859654598928,211.54759317457453,208.76105751069144,210.24388122558594,54737900
MSFT,2025-05-16,447.6251542704443,449.91254071320964,444.3376746324017,449.82342529296875,23849800
NVDA,2025-05-16,136.02937003025397,136.15919297953724,133.27323795943153,135.21051025390625,226542500
QQQ,2025-05-16,517.5830873308704,518.6169801912382,514.0441278903378,518.4281005859375,48394600
AAPL,2025-05-19,206.90999202317107,208.47243269467637,203.2775387890809,207.7758026123047,46140500
MSFT,2025-05-19,446.4666664897976,455.0914021356244,446.38743262939596,454.3784484863281,21336500
NVDA,2025-05-19,132.20473687113784,135.6798627990254,132.20473687113784,135.3802947998047,193154600
QQQ,2025-05-19,511.2010686059385,519.442117353632,511.2010686059385,518.9251708984375,52536200
AAPL,2025-05-20,206.67113760639387,207.46729276724128,204.04383620537516,205.8650360107422,42496600
MSFT,2025-05-20,451.1305396548173,453.85362179890075,449.87298168888566,453.685302734375,15441800
NVDA,2025-05-20,134.10205468200522,134.39165736048994,132.4343936724944,134.1919403076172,161514200
QQQ,2025-05-20,516.4000527652197,517.8514464284522,513.6066614830175,517.1953735351562,42517600
AAPL,2025-05-21,204.1831685508297,206.04416933851562,199.74462882701684,201.11798095703125,59211800
MSFT,2025-05-21,450.12052955644793,453.2991005803846,447.38753565613104,448.1401062011719,19216900
NVDA,2025-05-21,132.87380141479636,137.20772462329396,130.4072565649854,131.61557006835938,270608700
QQQ,2025-05-21,513.2191016405527,519.909311026266,508.2187974987168,510.0081481933594,71292800
AAPL,2025-05-22,199.74461200022,201.77479312617928,198.73946027881726,200.3914794921875,46742400
MSFT,2025-05-22,450.4967994491365,455.74490907390424,449.4570590917957,450.40765380859375,18025600
NVDA,2025-05-22,132.04495280891254,134.0621302833829,131.36591171623223,132.6441192626953,187344000
QQQ,2025-05-22,510.6244154502221,514.650529851829,509.272467154716,510.9624328613281,55607200
AAPL,2025-05-23,192.7384848883374,196.74910019358438,192.5295034494263,194.33079528808594,78432900
MSFT,2025-05-23,445.5754438212613,449.2491205375805,444.51591011589574,445.7734680175781,16883500
NVDA,2025-05-23,129.8180590665907,132.49430097030302,128.97923834191374,131.1062469482422,198821300
QQQ,2025-05-23,503.1886765918508,508.8152319544728,502.59221627823973,506.2305908203125,58368100
AAPL,2025-05-27,197.34620772495165,199.77447409530296,196.48038197740732,199.2470245361328,56288500
MSFT,2025-05-27,452.0118507212909,456.43809825868186,451.6553587930952,456.1806335449219,20974300
NVDA,2025-05-27,133.96224703921547,135.47014350181522,133.1234263008756,135.31036376953125,192953600
QQQ,2025-05-27,513.099785560271,518.6269257716245,511.5490069592283,518.1397705078125,47226300
AAPL,2025-05-28,199.6251894151235,201.75489573800118,198.9385057789635,199.4560089111328,45339700
MSFT,2025-05-28,456.7053805592909,457.9926435100278,452.457364471685,452.8831481933594,17086300
NVDA,2025-05-28,135.83961638539918,137.0579101389624,134.60134635659116,134.62132263183594,304021100
QQQ,2025-05-28,519.0940785672615,520.5852140545883,515.3264980787542,515.8433837890625,46637200
AAPL,2025-05-29,202.60082660426147,202.82971610271787,197.55520490499057,198.98828125,51396800
MSFT,2025-05-29,457.0321797296883,457.2005290082406,450.8532686393741,454.1902770996094,13974800
NVDA,2025-05-29,142.0509238917618,143.28919402135628,137.71700129433316,138.99520874023438,369241900
QQQ,2025-05-29,523.2196247969079,523.3687019543887,514.2628604553026,516.857421875,58513300
AAPL,2025-05-30,198.41106448584634,200.98861863398105,195.8335255231089,199.8839569091797,70819900
MSFT,2025-05-30,455.2200705832806,457.16087682654637,451.08099341488645,455.8537902832031,34770500
NVDA,2025-05-30,138.5258751739265,139.42460961066672,132.73398869983464,134.94090270996094,333170900
QQQ,2025-05-30,516.3703642123456,517.6030267064441,508.9047349583655,516.0422973632812,67662800
AAPL,2025-06-02,199.31669015009302,201.15779807678393,199.15745607510846,200.7298583984375,35423300
MSFT,2025-06-02,452.66535029783114,457.58667299374565,452.41779739511384,457.44805908203125,16626500
NVDA,2025-06-02,135.30038976970178,137.9266987725352,135.21050414256473,137.187744140625,197663100
QQQ,2025-06-02,514.1834116366912,520.3567360983059,512.9208971603309,520.1181640625,44762800
AAPL,2025-06-03,200.38153417950807,202.78989241693247,199.99341064507593,202.29229736328125,46381600
MSFT,2025-06-03,456.9529759669727,459.5968543955761,456.3489311405408,458.43829345703125,15743800
NVDA,2025-06-03,138.5857816307834,141.801276586457,137.75694135463795,141.02236938476562,225578800
QQQ,2025-06-03,520.4659496294596,525.6153304447355,519.6010958649408,524.183837890625,44070300
AAPL,2025-06-04,201.9340306292736,205.24801554678163,201.1279290627925,201.84446716308594,43604000
MSFT,2025-06-04,459.4582001214203,461.1316602074749,458.48778183720145,459.3294677734375,14162700
NVDA,2025-06-04,141.99101618842522,142.19073325311263,139.34471555965237,141.7213897705078,167120800
QQQ,2025-06-04,524.8896842213366,526.708886650537,522.8617009643712,525.6452026367188,41359300
AAPL,2025-06-05,202.5212149488215,203.76520275563243,199.18732155240895,199.66502380371094,55126100
MSFT,2025-06-05,460.40879598021155,465.05289099241804,459.487906406924,463.1021728515625,20131700
NVDA,2025-06-05,141.97103980754113,143.79848066110154,138.63571759363617,139.79409790039062,231397900
QQQ,2025-06-05,527.0468212855055,529.8998557728775,519.5712423411791,521.6886596679688,61031200
AAPL,2025-06-06,202.0236053289331,204.7106157617459,201.07817770068002,202.93917846679688,46607700
MSFT,2025-06-06,465.4885869985769,468.7067748339504,464.19141216551986,465.7757568359375,15285600
NVDA,2025-06-06,142.31057053380505,143.0695167658335,141.3119699021351,141.5216827392578,153986200
QQQ,2025-06-06,526.8678742932818,528.6572247503295,525.088474447436,526.788330078125,42467000
AAPL,2025-06-09,203.40694095782152,205.00919791789673,199.0579642885024,200.4810791015625,72862600
MSFT,2025-06-09,465.10242514198006,468.7958952647425,464.0329796350046,468.12255859375,16469900
NVDA,2025-06-09,142.98961854621228,144.7970831461155,141.74136782943543,142.43040466308594,185114500
QQQ,2025-06-09,527.0070935472497,529.2039944759547,525.8837665533798,527.5637817382812,33688700
AAPL,2025-06-10,199.63513956616538,203.36710243054736,199.60528507808198,201.69517517089844,54672600
MSFT,2025-06-10,466.57783210788693,468.172058367284,462.38922592870773,466.31048583984375,15375900
NVDA,2025-06-10,142.49031793007975,144.088069701399,141.33193761060437,143.758544921875,155881900
QQQ,2025-06-10,528.0310266756026,531.7390254485366,525.7645319173196,531.0531005859375,40664800
AAPL,2025-06-11,202.5211970741936,203.51638723180633,197.45568281643992,197.8238983154297,60989900
MSFT,2025-06-11,465.4192790589967,470.81594475736864,465.0628173622344,467.99383544921875,16399200
NVDA,2025-06-11,144.4176611881815,144.79716064315863,141.6813000562032,142.64002990722656,167694000
QQQ,2025-06-11,532.4547240748923,533.607902979141,526.9772759658763,529.263671875,53701000
AAPL,2025-06-12,198.12246436103902,198.71956936233477,196.4107360236097,198.24188232421875,43904600
MSFT,2025-06-12,470.3702965389571,475.7174632765806,468.88497916047487,474.1826171875,18950600
NVDA,2025-06-12,141.78117540604916,144.80714416503906,141.66133988719625,144.80714416503906,162365000
QQQ,2025-06-12,527.9514667987352,531.4804753804111,527.7029442130614,530.5062255859375,34104900
AAPL,2025-06-13,198.769334334526,199.40625545491926,194.7587190445596,195.50511169433594,51447300
MSFT,2025-06-13,471.74673205457395,474.48960742449077,468.13246560456287,470.3109130859375,16814500
NVDA,2025-06-13,142.29048989356696,143.3890329315276,140.6626682408541,141.7811737060547,180820600
QQQ,2025-06-13,524.5616632957901,528.7269048823287,522.6231747023902,523.845947265625,55814400
AAPL,2025-06-16,196.3510290449251,197.73434281232372,195.61458283187793,197.46563720703125,43020700
MSFT,2025-06-16,470.5584575569121,475.98482813726486,470.3505215770748,474.45001220703125,15626100
NVDA,2025-06-16,143.159329390418,145.98555166191812,143.00951976951112,144.49754333496094,183133700
QQQ,2025-06-16,527.3649267684334,532.2061418831144,527.3152343861935,531.1325073242188,37622100
AAPL,2025-06-17,196.2514839890114,197.43576263348734,194.27106541566712,194.69898986816406,38856200
MSFT,2025-06-17,470.7466055851971,474.0539088222925,469.4395189734987,473.36077880859375,15414100
NVDA,2025-06-17,144.29781716982143,145.02684191909495,143.58875484653294,143.9282989501953,139108000
QQQ,2025-06-17,528.5678931016404,530.1783148927323,524.790300579849,525.9534301757812,42180900
AAPL,2025-06-18,194.9975394291991,196.61970405840015,194.1317289512304,195.63446044921875,45394700
MSFT,2025-06-18,473.3212114965306,476.2918467151281,469.8158534773037,475.5392761230469,17526500
NVDA,2025-06-18,143.81845298832403,145.45627108510786,142.9296373487004,145.2864990234375,161494100
QQQ,2025-06-18,526.9673174269449,529.4028511373086,524.2833217813045,525.8638916015625,43983500
AAPL,2025-06-20,197.28649906078425,200.72984844555882,195.9131318065836,200.03321838378906,96813500
MSFT,2025-06-20,477.5097592999014,478.7277002496467,472.2022093150259,472.7270202636719,37576200
NVDA,2025-06-20,145.2565234707711,146.00552584195606,142.46024490398213,143.65866088867188,242956200
QQQ,2025-06-20,529.1145785233912,530.4068839390565,521.7781863439574,523.7166748046875,61643500
AAPL,2025-06-23,200.6602176062245,201.3269932602472,198.00306142602122,200.5308380126953,55814300
MSFT,2025-06-23,473.52910172023695,482.97572926336846,467.8849134818946,481.24285888671875,24864000
NVDA,2025-06-23,142.31046402404658,144.58743022935184,141.84108794116847,143.97824096679688,154308900
QQQ,2025-06-23,524.2849177292203,529.6192118620138,521.1400908129034,529.1017456054688,50666100
AAPL,2025-06-24,201.61557243039425,202.46149014710028,199.23706853700068,199.3365936279297,54064000
MSFT,2025-06-24,484.16397269221426,487.0355802812341,482.03499358247046,485.3125915527344,22305600
NVDA,2025-06-24,145.36637857516104,147.76319531946535,145.3064608232896,147.70326232910156,187566100
QQQ,2025-06-24,534.3167082454886,538.1084445385619,533.6996847563094,537.19287109375,45442000
AAPL,2025-06-25,200.48105886821313,202.690382284235,199.65504919597097,200.5905303955078,39525700
MSFT,2025-06-25,487.2237477118272,489.71907018583636,484.59969288856837,487.45147705078125,17495100
NVDA,2025-06-25,149.0714471780808,154.24454949233478,149.06145072732096,154.104736328125,269146500
QQQ,2025-06-25,539.4618115177252,540.7058200544818,536.7946645040316,538.5661010742188,44804200
AAPL,2025-06-26,200.4611428555203,201.66532960796235,198.50063224789568,200.03321838378906,50799100
MSFT,2025-06-26,488.154593387658,493.16506236350125,487.98624409592895,492.5808410644531,21578900
NVDA,2025-06-26,155.77252682686714,156.51154803915952,153.79516469048193,154.81381225585938,198145700
QQQ,2025-06-26,540.7456288167091,544.0497229160504,538.9244439782782,543.6018676757812,43811400
AAPL,2025-06-27,200.91894034324127,202.24254507531293,199.03803155248616,200.1128387451172,73188600
MSFT,2025-06-27,492.6797669341534,494.41263722515527,488.20402140418383,491.0855407714844,34539200
NVDA,2025-06-27,155.83244416127852,158.4989061985097,155.05348286000648,157.54017639160156,263234500
QQQ,2025-06-27,544.6369129629151,547.3538082383178,541.9299187322695,545.4629516601562,57577100
AAPL,2025-06-30,201.03836190454115,206.39248990855162,198.3015889216639,204.18316650390625,91912800
MSFT,2025-06-30,492.17479474651304,495.8583832017286,490.4815111095117,492.5411682128906,28369000
NVDA,2025-06-30,158.18928922556665,158.4489531245615,155.7525477292889,157.77984619140625,194580300
QQQ,2025-06-30,548.6177271894713,550.150323841353,546.3785118204822,548.9959106445312,45548700
AAPL,2025-07-01,205.6759415551798,209.17901505124104,205.1484920031366,206.82041931152344,78788900
MSFT,2025-07-01,491.61039147776194,493.1749126279045,486.17413905224953,487.233642578125,19945400
NVDA,2025-07-01,156.0820975676339,156.99089075003695,151.288494680634,153.09608459472656,213143600
QQQ,2025-07-01,547.0950823478822,548.0704264374054,542.0493759591154,544.3682250976562,56166700
AAPL,2025-07-02,207.90517762155153,212.3138626915596,207.13887695509675,211.41819763183594,67941800
MSFT,2025-07-02,485.1937811955959,488.66943364597034,483.9164299655294,486.28302001953125,16319600
NVDA,2025-07-02,152.77652287552658,157.3903883520798,152.76654166200262,157.0408477783203,171224100
QQQ,2025-07-02,543.5421378206258,548.3589656247289,543.5023514145969,548.159912109375,36538300
AAPL,2025-07-03,211.12959751601144,213.61757304735917,210.79123648824356,212.5228729248047,34955800
MSFT,2025-07-03,488.9764203666982,495.2345653483035,488.6100468852986,493.9571838378906,13984800
NVDA,2025-07-03,158.15934077500395,160.76586971787668,157.56014800239086,159.1280517578125,143716100
QQQ,2025-07-03,550.528547956803,554.5292991491806,550.528547956803,553.553955078125,26443500
AAPL,2025-07-07,211.65701970580338,215.18994753990862,207.79569250723537,208.94015502929688,50229000
MSFT,2025-07-07,492.51147619590915,493.86806132382594,490.38252718836065,492.84814453125,13981600
NVDA,2025-07-07,157.98955517353815,159.09807923203843,157.13069855849747,158.02951049804688,140139000
QQQ,2025-07-07,550.8669428006658,551.6830197478901,546.9458251844275,549.3840942382812,45349300
AAPL,2025-07-08,209.08947184941582,210.41306148236814,207.44739887083225,208.99989318847656,42848900
MSFT,2025-07-08,492.37280697303856,493.3234318678901,489.2734398258723,491.7588806152344,11846600
NVDA,2025-07-08,159.11806346268276,160.00687898854957,158.17931139836438,159.78717041015625,138133000
QQQ,2025-07-08,550.7276203014773,551.3546055319305,548.4585193260065,549.692626953125,36153300
AAPL,2025-07-09,208.52219391164948,210.31353924447487,206.22330706177223,210.12445068359375,48749400
MSFT,2025-07-09,495.40288075164045,501.8194631786975,494.8483646402868,498.58148193359375,18659500
NVDA,2025-07-09,161.0055497766517,164.2012901564699,160.9456320255445,162.66334533691406,183656400
QQQ,2025-07-09,551.8223265771115,554.9572527460838,550.4489361357153,553.5838623046875,43045500
AAPL,2025-07-10,209.49746585002458,212.45318170934252,209.01977884626095,211.38833618164062,44443600
MSFT,2025-07-10,498.12595942487985,499.502368126141,492.8778497571002,496.57135009765625,16492100
NVDA,2025-07-10,164.10143771292147,164.28119097215313,161.3950357038234,163.88172912597656,167704100
QQQ,2025-07-10,554.2208201829343,554.6288283109999,550.1006487780387,552.7877197265625,34710900
AAPL,2025-07-11,209.55718962168862,211.1096837700706,208.85059795908091,210.14434814453125,39765800
MSFT,2025-07-11,493.59080845907414,500.08659454551145,492.9273533491097,498.3933410644531,16459500
NVDA,2025-07-11,163.50223698698784,167.66668863474402,163.25256951238498,164.7006378173828,193633300
QQQ,2025-07-11,550.6479296881262,553.1259849885996,549.4039211443059,551.5436401367188,39618600
AAPL,2025-07-14,208.92025854176603,209.89555581124029,206.54175471753558,207.61656188964844,38840100
MSFT,2025-07-14,496.6109349689791,499.0369655948213,496.1257409313552,498.09625244140625,12058800
NVDA,2025-07-14,165.15003478890583,165.2698855378492,161.80449980139463,163.85177612304688,136975800
QQQ,2025-07-14,551.3346764161255,554.280510790838,548.9860026438791,553.5440673828125,36453300
AAPL,2025-07-15,208.2137043224775,210.8708604550018,207.915144211828,208.10423278808594,42296300
MSFT,2025-07-15,498.0962552049,503.3245715280963,497.8685258646023,500.8688659667969,14927200
NVDA,2025-07-15,170.96229989605533,172.17068192225182,168.97494134085255,170.4729461669922,230627400
QQQ,2025-07-15,557.5646229155932,558.1119745200461,553.9918036921638,554.051513671875,43277700
AAPL,2025-07-16,209.28851120731298,211.37840160704656,207.63649175890595,209.14918518066406,47490500
MSFT,2025-07-16,500.2351113436526,501.7600457375481,496.9773367906475,500.6708068847656,15154400
NVDA,2025-07-16,170.83247408910898,171.52155877211666,168.67534340451815,171.14205932617188,158831500
QQQ,2025-07-16,554.6089344039383,557.5248833529374,548.9163193085661,554.6188354492188,52314700
AAPL,2025-07-17,209.55718424596662,210.7812638030366,208.58188702565155,209.00982666015625,48068100
MSFT,2025-07-17,500.7302212088446,508.34495123446135,500.67081092720053,506.6913146972656,17503100
NVDA,2025-07-17,171.7911900263939,173.92834287299638,170.60277047944578,172.76988220214844,160841100
QQQ,2025-07-17,555.3453275516479,559.6147429299454,554.5392124594489,559.107177734375,40423800
AAPL,2025-07-18,209.85573909301036,210.77131219576944,208.69136845628208,210.16424560546875,48974600
MSFT,2025-07-18,509.44409517028413,509.6025628871289,502.46311478523944,505.0574645996094,21209700
NVDA,2025-07-18,173.40903901870553,174.01822826089457,171.03219980516573,172.18067932128906,146456400
QQQ,2025-07-18,560.4208944407413,562.0231629422733,557.2959302535468,558.56982421875,50484700
AAPL,2025-07-21,211.07983063398711,214.74212298846783,210.61209006251647,211.45799255371094,51377400
MSFT,2025-07-21,501.75013722027745,507.0775109565722,500.6014880788464,505.0673522949219,14066800
NVDA,2025-07-21,172.52021135087202,173.1493782135921,170.77253916642036,171.15203857421875,123126100
QQQ,2025-07-21,559.3958946507648,563.3468370391857,559.3660092861638,561.4658813476562,39595200
AAPL,2025-07-22,212.11484021935428,213.91613206526756,211.20921348603295,213.3687744140625,46404100
MSFT,2025-07-22,505.968437121084,506.19619667447284,500.32421875,500.32421875,13868600
NVDA,2025-07-22,171.1120956061046,171.1620321483939,164.3610926233022,166.80783081054688,193114300
QQQ,2025-07-22,561.5952444003194,561.6449925970527,555.9325146805868,558.5598754882812,43270600
AAPL,2025-07-23,213.96589762082587,214.11517007989065,211.38835859165647,213.11997985839844,46989300
MSFT,2025-07-23,501.78975657062705,501.82937349813983,495.7989881406536,500.9183654785156,16396600
NVDA,2025-07-23,169.30451898143798,171.03221376466186,167.7465962646817,170.5528564453125,154082200
QQQ,2025-07-23,559.644679980569,561.1473913894928,556.897899192682,561.1076049804688,40215300
AAPL,2025-07-24,212.87115278650074,214.65255153978734,212.5029373149323,212.73182678222656,46022600
MSFT,2025-07-24,503.7899711970312,508.6420022469781,502.334358860161,505.87933349609375,16107000
NVDA,2025-07-24,172.21065238052367,173.5988030318276,171.07216922217725,173.50892639160156,128984600
QQQ,2025-07-24,562.4212388074466,563.5259038068097,560.590031519654,562.3018188476562,42275500
AAPL,2025-07-25,213.6673206036272,214.2047317845148,212.37357038101962,212.8512725830078,40268800
MSFT,2025-07-25,507.4537274302719,513.2167663968169,505.3643953860848,508.681640625,19125700
NVDA,2025-07-25,173.37908037175941,174.4876045602178,172.72995103806022,173.26922607421875,122316800
QQQ,2025-07-25,562.2221732082169,564.9789154964288,561.5653634434884,563.6552734375,30630800
AAPL,2025-07-28,213.000569237894,213.8166325366559,212.03523347491873,213.02047729492188,37858000
MSFT,2025-07-28,509.0480107678364,509.9589885432546,505.12675096242896,507.48345947265625,14308000
NVDA,2025-07-28,173.78854323017163,176.7645753161742,173.73860668662087,176.51490783691406,140023500
QQQ,2025-07-28,565.0188240471344,566.3125810251406,564.1529987987896,565.4169311523438,31498700
AAPL,2025-07-29,213.14982178903043,213.7767964509494,209.80599741985404,210.2538299560547,51411700
MSFT,2025-07-29,510.48381297361453,512.5533213636355,506.55264151082275,507.5527648925781,16469200
NVDA,2025-07-29,177.72328828972238,179.14139760883538,174.7871965738649,175.2765350341797,154077500
QQQ,2025-07-29,568.0243008153843,569.3678058353573,563.8145950597007,564.5410766601562,45463300
AAPL,2025-07-30,210.88077731884883,211.36842593737322,206.72088996610802,208.04449462890625,45512500
MSFT,2025-07-30,510.127348903314,510.89974304598894,504.45345515414937,508.21624755859375,26380400
NVDA,2025-07-30,176.27521653092245,179.65072563032518,175.80584046425426,179.03155517578125,174312200
QQQ,2025-07-30,565.4566306884598,567.88493787487,562.3416283337683,565.2974243164062,43433800
AAPL,2025-07-31,207.48719786288635,208.83069544134486,206.16359315375274,206.57162475585938,80698400
MSFT,2025-07-31,549.7951084550788,550.0129864113624,526.6935178159886,528.27783203125,51617300
NVDA,2025-07-31,182.6567315862202,183.0562087176856,175.69600066981488,177.6334228515625,221685400
QQQ,2025-07-31,571.7861083195327,571.8757036606775,561.1672684870435,562.3018188476562,64613600
AAPL,2025-08-01,209.8557561748323,212.5527283441607,200.530828701964,201.40660095214844,104434500
MSFT,2025-08-01,529.7632164041114,530.5553736121248,515.7616096000787,518.9797973632812,28977600
NVDA,2025-08-01,173.85844036702034,176.3051785902702,170.66269971388826,173.4889373779297,204529000
QQQ,2025-08-01,556.1515061828632,556.3405979294319,549.0357523301388,551.2252197265625,69400800
AAPL,2025-08-04,203.52634207300898,206.88014336875773,200.70995198839026,202.37193298339844,75109300
MSFT,2025-08-04,523.0991177691142,532.981410508703,522.960473635689,530.39697265625,25349000
NVDA,2025-08-04,174.9270158880054,179.96030526461158,174.28786778877773,179.7605743408203,148174600
QQQ,2025-08-04,556.3703965814645,561.6151562999452,556.2709001900665,561.3961791992188,47669800
AAPL,2025-08-05,202.42167200915333,204.35234334482283,201.18764593221573,201.94398498535156,44155100
MSFT,2025-08-05,531.9218555369729,532.0406760929504,522.0791498987046,522.5841674804688,19171600
NVDA,2025-08-05,179.38107983649965,180.0202279532499,175.6660266458598,178.02288818359375,156407600
QQQ,2025-08-05,562.6800492447384,563.8444243211386,557.047144120063,557.5845947265625,48666600
AAPL,2025-08-06,204.64097466073486,214.34407953630614,204.60115854716602,212.2243194580078,108483100
MSFT,2025-08-06,525.70337986457,526.4955370830186,518.9006307843745,519.8016967773438,21355700
NVDA,2025-08-06,176.09546439011424,179.66070799076476,176.01556896990587,179.1813507080078,137192300
QQQ,2025-08-06,558.4205125100245,565.0386624956789,557.9428326498341,564.6007690429688,41823700
AAPL,2025-08-07,217.8272171299369,219.78774287041324,215.5382768294147,218.9716796875,90224800
MSFT,2025-08-07,521.6434435727333,522.9208551796034,512.483986539974,515.7418212890625,16079100
NVDA,2025-08-07,181.32851054269395,183.6354356942093,178.5621905082108,180.52957153320312,151878400
QQQ,2025-08-07,568.9298809926769,570.5719965866228,562.4013265086303,566.5115356445312,44463000
AAPL,2025-08-08,219.76784743364436,229.88892965735022,218.19544514014734,228.2468719482422,113854000
MSFT,2025-08-08,517.4845698020915,519.524403327164,514.3257923084495,516.9300537109375,15531000
NVDA,2025-08-08,181.30852119793246,183.05619350177665,180.16004168373897,182.4569854736328,123396700
QQQ,2025-08-08,567.7158183687225,572.0151196938974,567.4172684314073,571.796142578125,35255500
AAPL,2025-08-11,227.08116933177635,228.71513292468896,223.9327956372812,226.34388732910156,61806100
MSFT,2025-08-11,517.1875004407061,522.4257584225397,514.6327376205326,516.6627197265625,20194400
NVDA,2025-08-11,181.80785936297346,183.59547178906817,180.01025048518693,181.81784057617188,138323200
QQQ,2025-08-11,571.9353942373868,574.0352659921666,568.8303539029688,570.1041870117188,33112900
AAPL,2025-08-12,227.17083074525974,229.95057099439725,226.23430307406312,228.80479431152344,55626200
MSFT,2025-08-12,518.6233787752558,525.7825900386109,517.5836685759962,524.0596313476562,18667000
NVDA,2025-08-12,182.7166509044063,184.234618174838,179.22130626788388,182.9163818359375,145485700
QQQ,2025-08-12,572.4031383383943,577.568264258411,569.7459530883017,577.2697143554688,42143300
AAPL,2025-08-13,230.2195756343437,234.1351043372746,229.58191650034667,232.47125244140625,69878500
MSFT,2025-08-13,526.901545781552,527.4857972911225,514.2862580919234,515.4844360351562,19619200
NVDA,2025-08-13,182.37709375214726,183.72530422356274,179.11145412417423,181.3484649658203,179871700
QQQ,2025-08-13,579.9667943828545,580.5241078283162,576.1650966595718,577.5584106445312,41209300
AAPL,2025-08-14,233.19855135713797,234.2546476473393,230.00037411625505,231.9232635498047,51916300
MSFT,2025-08-14,517.445017549053,520.8018496782777,515.0487221853349,517.3657836914062,20269100
NVDA,2025-08-14,179.51090820642335,182.7765629312542,179.22130065055427,181.77789306640625,129554000
QQQ,2025-08-14,575.508266162602,579.0909866487473,575.139983732242,577.1105346679688,45425000
AAPL,2025-08-15,233.13877413921495,233.41774239633352,228.49592139875156,230.73764038085938,56038700
MSFT,2025-08-15,517.6529556536844,520.9503168823401,513.9990723038397,515.078369140625,25213300
NVDA,2025-08-15,181.6380820439347,181.658044469753,177.8031781362909,180.20997619628906,156602200
QQQ,2025-08-15,577.0209851959504,577.060832349756,572.8112791786587,574.5728149414062,49480200
AAPL,2025-08-18,230.8472538899505,232.26202593201924,229.26310933608104,230.0402374267578,37476200
MSFT,2025-08-18,516.4845535034275,517.7024945692299,508.98864359035275,512.0384521484375,23760600
NVDA,2025-08-18,180.359785616326,182.69666946783065,180.3497891649352,181.7678985595703,132008000
QQQ,2025-08-18,573.6771004174088,575.0007426774456,572.4828399211221,574.3438720703125,29831000
AAPL,2025-08-19,230.4287923573085,232.01293684851592,228.50590285589897,229.71144104003906,39402600
MSFT,2025-08-19,509.9589996924715,510.11740696385556,503.5721224631474,504.7801818847656,21481000
NVDA,2025-08-19,182.1873495042791,182.25726371442747,175.25659293377495,175.40638732910156,185229200
QQQ,2025-08-19,573.6272978127284,573.7964659713523,565.5262993771687,566.5513916015625,53752600
AAPL,2025-08-20,229.13358225147155,229.6217843388592,224.93908515924198,225.17819213867188,42263900
MSFT,2025-08-20,504.87923949406314,505.9981835608303,499.50239716393804,500.7698669433594,27723000
NVDA,2025-08-20,174.93701244991922,175.76591033294957,168.57548977611862,175.1667022705078,215142700
QQQ,2025-08-20,565.6059676042936,565.7253875756548,556.1614636230435,563.1876220703125,76781100
AAPL,2025-08-21,225.43724912794482,225.68632903786573,222.9564077521854,224.07228088378906,30621200
MSFT,2025-08-21,499.57962247206007,503.48747238505433,498.6175369804135,500.1251220703125,18443300
NVDA,2025-08-21,174.61742144674352,176.66468235557974,173.57879631630271,174.7472381591797,140040900
QQQ,2025-08-21,561.6450181787756,563.774775630925,558.2911756152315,560.5802001953125,46436900
AAPL,2025-08-22,225.33760837029214,228.2468598588307,224.58041092619504,226.9217529296875,42477800
MSFT,2025-08-22,500.13506667774504,506.5621975190336,498.3100856343386,503.09075927734375,24324200
NVDA,2025-08-22,172.38040151215634,178.35244288234992,170.97227338198675,177.7532501220703,172789400
QQQ,2025-08-22,561.9634564557491,571.238791941298,560.5702032580724,569.2284545898438,51502100
AAPL,2025-08-25,225.64645413109014,228.45608264282492,225.3973742361901,226.32395935058594,30983100
MSFT,2025-08-25,502.4956437530773,504.04291093011733,500.00611695670057,500.1449890136719,21638600
NVDA,2025-08-25,178.11278178635797,181.6680441727565,176.33515059315872,179.57083129882812,163012800
QQQ,2025-08-25,567.6661203876056,570.5422225712209,566.4320126331755,567.5864868164062,34044700
AAPL,2025-08-26,226.03502689374838,228.6453946309622,223.86305742355088,228.46604919433594,54575100
MSFT,2025-08-26,500.24412923099453,500.8590951140394,494.44189267773186,497.9430847167969,30835700
NVDA,2025-08-26,179.82049655621498,182.14739921043056,178.57215920342722,181.52822875976562,168688200
QQQ,2025-08-26,567.0987131018536,570.1738681264644,566.0736209319145,569.8653564453125,34103000
AAPL,2025-08-27,227.76862267507164,230.05018785299507,227.41990473660533,229.64170837402344,31259500
MSFT,2025-08-27,497.9034268047853,503.1502662118434,495.8205578102606,502.604736328125,17277900
NVDA,2025-08-27,181.7379436715125,182.24727507184866,178.86178472902657,181.35845947265625,235518900
QQQ,2025-08-27,568.8503542214644,571.6567843025553,567.6361701841732,570.7412109375,36927100
AAPL,2025-08-28,229.97051505486425,232.55097936868034,228.49595098757067,231.7041015625,38074700
MSFT,2025-08-28,502.95187030654046,506.91922816363694,501.3748491905692,505.4810791015625,18015600
NVDA,2025-08-28,180.5794881684096,184.22462699678687,176.17535050737845,179.9303436279297,281787800
QQQ,2025-08-28,571.3581690220095,575.2295381040836,569.716114225579,574.31396484375,46787900
AAPL,2025-08-29,231.65426265633033,232.52107103838586,230.51845893056873,231.28562927246094,39418400
MSFT,2025-08-29,504.5090702372647,505.44140176386463,500.3730863144936,502.5551452636719,20961600
NVDA,2025-08-29,177.87308356836775,177.91302365652732,172.91967451951007,173.94830322265625,243257900
QQQ,2025-08-29,571.9055458127416,572.273828233091,565.8148847062891,567.666015625,56030400
AAPL,2025-09-02,228.4062860305561,230.00040359535532,226.13467838242784,228.8745574951172,44075600
MSFT,2025-09-02,496.38587753866574,501.87074834041937,492.75574161607386,500.9979248046875,18128000
NVDA,2025-09-02,169.77389508693435,172.15073449446965,166.997593786357,170.5528564453125,231164900
QQQ,2025-09-02,558.6196567038037,563.2572947461856,556.8581208195213,562.9089965820312,65876800
AAPL,2025-09-03,236.33698891571112,237.9709525201245,233.49747185558658,237.59234619140625,66427800
MSFT,2025-09-03,499.6787766683557,503.6461342434815,498.22077154875547,501.2260437011719,16345100
NVDA,2025-09-03,170.83246833565184,172.18067877773825,168.6553752976972,170.39305114746094,164424900
QQQ,2025-09-03,566.5015849549442,568.9597775003773,564.0135677896833,567.3375854492188,54230200
AAPL,2025-09-04,237.57239985348932,239.0170601981439,235.8687018920251,238.8975067138672,47549400
MSFT,2025-09-04,500.1846427841772,504.00323087503085,499.0440334241921,503.82470703125,15509500
NVDA,2025-09-04,170.34312465674856,171.6314020660847,169.1846639665207,171.43167114257812,141670100
QQQ,2025-09-04,568.0043701424134,572.8410610450118,566.3026052373926,572.4728393554688,47526300
AAPL,2025-09-05,239.11668743272676,240.43183651086895,237.61225041390915,238.80783081054688,54870400
MSFT,2025-09-05,504.9157294675595,507.79205789513924,488.35199810583333,490.9605407714844,31994800
NVDA,2025-09-05,167.8065026792569,168.80517258283567,163.8517783946414,166.7978515625,224441400
QQQ,2025-09-05,577.7076484747704,578.3346336864022,568.7906334517568,573.2988891601562,68342500
AAPL,2025-09-08,238.41927329094256,239.2661357937392,235.4701607098454,237.00450134277344,48999500
MSFT,2025-09-08,494.0451682561979,497.10997900607424,490.99031585598385,494.13446044921875,16771000
NVDA,2025-09-08,167.32715219255022,170.73262035939155,167.12742125141602,168.0861358642578,163769100
QQQ,2025-09-08,575.5977945125156,578.0559870759845,575.0006946855148,576.0953979492188,46371400
AAPL,2025-09-09,236.12774389612645,237.90119155812317,232.5011411802574,233.4875030517578,66313900
MSFT,2025-09-09,497.33805669614713,498.15137232357364,493.63851485593227,494.34271240234375,14410500
NVDA,2025-09-09,168.86509051949957,170.75257602974241,166.51822538667548,170.53286743164062,157548400
QQQ,2025-09-09,576.8915385805233,578.1554707195171,574.274139701763,577.7275390625,44007600
AAPL,2025-09-10,231.33545739080094,231.56460664903227,225.118417424808,225.955322265625,83440800
MSFT,2025-09-10,498.8754294126598,499.1233892811019,492.66650462093776,496.2867126464844,21611800
NVDA,2025-09-10,176.40506201448144,179.05153132643002,175.23661998400823,177.09414672851562,226852000
QQQ,2025-09-10,580.942094267134,580.9719796320359,575.7769677758832,577.9166870117188,49308000
AAPL,2025-09-11,226.04499474029723,229.60184779162614,225.81583028738913,229.1833953857422,50208600
MSFT,2025-09-11,498.15138006137016,499.0638857033828,493.8170463660224,496.9215087890625,18881600
NVDA,2025-09-11,179.45110250300584,180.05034427267074,176.2551819566126,176.94430541992188,151159300
QQQ,2025-09-11,580.4444560297375,582.0766099053841,578.8322257294989,581.2804565429688,44745800
AAPL,2025-09-12,228.37638560886936,233.6469097348115,228.17712472443904,233.2085418701172,55824200
MSFT,2025-09-12,502.5154742767582,508.367321245748,499.73833579713096,505.73895263671875,23624900
NVDA,2025-09-12,177.5435664999128,178.37251110105626,176.22524055900428,177.593505859375,124911000
QQQ,2025-09-12,582.2358530939185,585.0423439865303,581.3003561297145,583.8480834960938,50745900
AAPL,2025-09-15,236.1277410783948,237.31336381412066,234.16499028444412,235.82884216308594,42699500
MSFT,2025-09-15,504.63802593930427,511.2634762434591,502.86262476523797,511.1543884277344,17143800
NVDA,2025-09-15,175.44622258887705,178.62217970015598,174.28769658655634,177.52357482910156,147061600
QQQ,2025-09-15,585.6195335974215,588.9534523182087,585.4702282697297,588.843994140625,44360300
AAPL,2025-09-16,236.30708253667353,240.33222235518573,235.45026224943368,237.2735137939453,63421100
MSFT,2025-09-16,512.6619733694059,513.0090929577493,504.449544036503,504.8859558105469,19711900
NVDA,2025-09-16,176.77453647764895,177.27389957504343,174.15787872389456,174.65724182128906,140737800
QQQ,2025-09-16,589.7695130089575,590.018314719858,587.6596793599289,588.3463745117188,36942100
AAPL,2025-09-17,238.09051246512186,239.21635855568803,236.85507060288438,238.11044311523438,46508000
MSFT,2025-09-17,506.4530809454648,507.11762672901375,501.8013512662406,505.85797119140625,15816600
NVDA,2025-09-17,172.42008695754546,172.97937117956877,168.1954794867923,170.0730743408203,211843800
QQQ,2025-09-17,588.2667613743852,588.9136701422223,581.5690385221046,587.1720581054688,69384800
AAPL,2025-09-18,239.0868055705458,240.31227437025743,235.77901734043184,237.00450134277344,44249600
MSFT,2025-09-18,507.31595138937655,508.883074673213,503.5172196080818,504.30078125,18913700
NVDA,2025-09-18,173.7583871307785,176.87442336525442,172.73969733735942,176.01551818847656,191763300
QQQ,2025-09-18,592.0585449007204,595.2731046813599,590.1179399259114,592.4666137695312,61069300
AAPL,2025-09-19,240.34217704154452,245.3935247988757,239.32594197772087,244.59646606445312,163741300
MSFT,2025-09-19,506.39357782967863,515.0622454615835,506.1456179521661,513.7034301757812,52474100
NVDA,2025-09-19,175.54609885389235,177.8531538116004,174.95683884616588,176.4449462890625,237182100
QQQ,2025-09-19,594.4668964152456,597.173829761915,592.9939490424024,596.4771728515625,58196100
AAPL,2025-09-22,247.38616206443075,255.69547916115815,247.2068166293636,255.13751220703125,105517400
MSFT,2025-09-22,511.3825425873763,513.5149611406991,508.35738375283694,510.2518310546875,20009300
NVDA,2025-09-22,175.07671637070237,184.31493427279133,174.48747153493287,183.37612915039062,269637000
QQQ,2025-09-22,595.56457167487,600.6759063866804,595.5446250028239,600.0083618164062,57154800
AAPL,2025-09-23,254.9382669065294,256.3928850249964,252.64672876089196,253.49359130859375,60275200
MSFT,2025-09-23,509.60711582016205,510.3907077578639,503.17008724169204,505.0744323730469,19799600
NVDA,2025-09-23,181.73821238324945,182.18763613663097,175.9855548133895,178.2027130126953,192559600
QQQ,2025-09-23,600.1777560752951,600.3770403666388,594.8073576106723,596.02294921875,64635500
AAPL,2025-09-24,254.2807025242173,254.79879299943292,250.11607847800005,251.38140869140625,42303700
MSFT,2025-09-24,506.215041937542,508.29788064425674,502.7832857896144,505.9869079589844,13533700
NVDA,2025-09-24,179.54100413716742,179.5509859124944,175.17656050171237,176.74456787109375,143564100
QQQ,2025-09-24,597.3979183069385,597.7167610032964,591.2005236200914,593.9305419921875,49850300
AAPL,2025-09-25,252.27808820484515,256.22352044118514,250.7836088309123,255.9246063232422,55202100
MSFT,2025-09-25,504.15198973027213,505.84805701475193,500.9186136455738,502.8923645019531,15786500
NVDA,2025-09-25,174.2577508730865,180.03038734713982,172.90947958662534,177.4636688232422,191586700
QQQ,2025-09-25,590.0447574609248,592.9541133753095,586.358211090951,591.3699340820312,70920200
AAPL,2025-09-26,253.16481067495934,256.6519291955366,252.84598111295833,254.51980590820312,46076300
MSFT,2025-09-26,505.8976246789574,509.74596656687834,502.4856945681329,507.28619384765625,16213100
NVDA,2025-09-26,177.94304916264082,179.54101721374016,174.70717071687335,177.96302795410156,148573700
QQQ,2025-09-26,592.1869260081028,594.1298414316656,588.9089213733314,593.801025390625,54337400
AAPL,2025-09-29,253.62311772285494,254.06150078407975,252.07881928540593,253.49359130859375,40127700
MSFT,2025-09-29,507.325895548039,512.6322125671903,504.72728094557834,510.40057373046875,17617800
NVDA,2025-09-29,180.2001578366391,183.76561762390497,180.09031258631592,181.6183624267578,193063500
QQQ,2025-09-29,596.929586249639,599.858888854889,595.2357610619866,596.5509643554688,48332900
AAPL,2025-09-30,253.92202035086734,254.97811672142575,252.17846100632588,253.69287109375,37704300
MSFT,2025-09-30,509.05168089535164,513.9315141469417,505.5009089039439,513.7232666015625,19728200
NVDA,2025-09-30,181.848063160254,187.11135435179565,181.2488213615314,186.3423309326172,236981000
QQQ,2025-09-30,596.2521164355429,598.5238479838199,593.9305790157047,598.18505859375,46533800
AAPL,2025-10-01,254.10134722927504,257.83756097799323,253.9917514638179,254.5098419189453,48713900
MSFT,2025-10-01,510.5989067561486,516.2623314762835,507.51430077675985,515.4688720703125,22632300
NVDA,2025-10-01,185.00405809785752,187.9003581593927,183.665753326035,187.0015106201172,173844900
QQQ,2025-10-01,594.9966151966095,601.592517201177,594.1696797218984,601.0545043945312,46899600
AAPL,2025-10-02,255.63566078088252,257.229778167004,253.21461153357077,256.18365478515625,42630200
MSFT,2025-10-02,513.4158303625842,517.343476169315,506.5126054199375,511.53131103515625,21222900
NVDA,2025-10-02,189.35850113919957,190.80665113886596,187.82045419605362,188.64939880371094,136805800
QQQ,2025-10-02,604.8506282086944,604.9502399376884,600.7356543050928,603.5254516601562,43765400
AAPL,2025-10-03,253.73271197999827,258.2858846694617,253.01536064819075,257.07037353515625,49155600
MSFT,2025-10-03,512.8801529316524,516.2425031799986,510.7973143114264,513.1281127929688,15112300
NVDA,2025-10-03,188.94900408551683,190.11751186051177,185.1438598655547,187.38099670410156,137596900
QQQ,2025-10-03,604.3027001978111,605.1197232184186,599.2013385970163,600.9848022460938,46482100
AAPL,2025-10-06,257.0404730386864,258.11651518827176,254.11130630837613,255.74526977539062,44664100
MSFT,2025-10-06,514.377848960065,526.6965386672223,513.9712214168786,524.256591796875,21388600
NVDA,2025-10-06,185.26372281570642,186.99151499327596,183.09648864167906,185.3036651611328,157678100
QQQ,2025-10-06,606.2355880916678,607.1422494333636,603.7645725777412,605.498291015625,41962100
AAPL,2025-10-07,255.86484387966763,256.45266881763376,254.48991791397023,255.53607177734375,31955800
MSFT,2025-10-07,523.9788663400786,525.4765536672338,517.1847899970462,519.7040405273438,14615200
NVDA,2025-10-07,185.99277739696944,188.8191743935438,183.76562222076905,184.80429077148438,140088000
QQQ,2025-10-07,606.8035324139453,607.4910236381941,600.835342343377,602.3099365234375,58209500
AAPL,2025-10-08,255.57591915435188,257.5685585594684,255.16742442767125,257.1102600097656,36496900
MSFT,2025-10-08,519.0098207695767,522.6498549115006,518.8213688365025,520.5669555664062,13363400
NVDA,2025-10-08,186.33235229407293,189.35849142592937,186.30237648821537,188.86911010742188,130168900
QQQ,2025-10-08,603.2066381307736,609.523591030116,603.0572205300643,609.2147216796875,50629800
AAPL,2025-10-09,256.86113993459566,257.0504430809132,252.20832947523735,253.10501098632812,38322000
MSFT,2025-10-09,518.07745494396,520.0512058016051,513.1777655449532,518.136962890625,18343600
NVDA,2025-10-09,191.9851285494953,195.05122522476873,190.816620752273,192.32470703125,182997200
QQQ,2025-10-09,609.2545466200572,609.3840783602061,605.2691043090726,608.4774169921875,45551000
AAPL,2025-10-10,254.00171816056968,255.436420799504,243.10197943699816,244.3673095703125,61999100
MSFT,2025-10-10,515.3994727403434,519.3073226434543,505.47115003636685,506.790283203125,24133800
NVDA,2025-10-10,193.26350393527704,195.37081685366852,181.81811007166195,182.92669677734375,268774400
QQQ,2025-10-10,609.174937229752,610.9484275974415,586.9062397942465,587.3546142578125,97614800
AAPL,2025-10-13,248.46219085423505,248.7710475029622,244.6562426215344,246.74851989746094,38142900
MSFT,2025-10-13,512.1958293204747,512.1958293204747,507.50444767633473,509.8551025390625,14284200
NVDA,2025-10-13,187.73057886865314,189.86785248459339,185.72314454487463,188.08013916015625,153482800
QQQ,2025-10-13,597.497493628088,600.7556121211176,595.056398092238,599.8190307617188,65872600
AAPL,2025-10-14,245.69241642712313,247.93413549962378,243.79940008876653,246.8581085205078,35478000
MSFT,2025-10-14,506.06622732552523,511.07503445038043,501.87073577210117,509.37896728515625,14684300
NVDA,2025-10-14,184.5346420566055,184.56460262310264,179.47109296765566,179.80067443847656,205641400
QQQ,2025-10-14,593.1434568492728,600.4966033203683,587.9823159734815,595.8236694335938,69203200
AAPL,2025-10-15,248.57178982967116,250.89321639065437,246.559219921403,248.42233276367188,33893600
MSFT,2025-10-15,510.7577169104775,512.9694997370561,505.8381709448021,509.24017333984375,14694700
NVDA,2025-10-15,184.56460739230218,184.63451030281777,177.06416377208902,179.60093688964844,214450500
QQQ,2025-10-15,601.8117836952674,604.4919961772353,593.7611729131481,600.0282592773438,62805500
AAPL,2025-10-16,247.33635013275978,248.1234359576197,244.22783772705108,246.53929138183594,39777000
MSFT,2025-10-16,508.3970827878481,512.6321960787722,503.9833851231019,507.4349670410156,15559600
NVDA,2025-10-16,181.99786281424815,183.04652832403656,179.5410050089342,181.57839965820312,179723300
QQQ,2025-10-16,602.9077579751356,606.0961241101174,593.3327470469682,597.806396484375,70982000
AAPL,2025-10-17,247.10719170360767,252.44746537322095,246.35995200283696,251.36146545410156,49147000
MSFT,2025-10-17,504.8859867353243,511.2734052578957,503.1700935064365,509.3889465332031,19867800
NVDA,2025-10-17,179.9504818191574,183.86550198639478,179.52103686227596,182.9866180419922,173135200
QQQ,2025-10-17,595.7738386787643,603.306322454893,594.1995718879336,601.7320556640625,72024900
AAPL,2025-10-20,254.94822099113512,263.4069798400544,254.68918336894043,261.27484130859375,90483000
MSFT,2025-10-20,510.41055088987974,514.4672014016805,509.24018745186737,512.57275390625,14665600
NVDA,2025-10-20,182.89672994644732,184.96408521149223,181.4985041529273,182.4073486328125,128544700
QQQ,2025-10-20,604.9303809627713,610.5697551235123,604.8606284241672,609.3143310546875,45761700
AAPL,2025-10-21,260.916147926868,264.313600971564,260.8663137101643,261.8028564453125,46695900
MSFT,2025-10-21,513.2769402267872,514.4572316509175,508.8533142722573,513.4356079101562,15586200
NVDA,2025-10-21,182.55715836486127,182.55715836486127,179.5709767314294,180.9292449951172,124240200
QQQ,2025-10-21,609.41403175621,610.4900574537519,607.1024677916307,609.1549682617188,44538200
AAPL,2025-10-22,261.6833338430701,261.882609922878,254.4899051977633,257.4988098144531,45015300
MSFT,2025-10-22,516.8971212574951,520.9437823737373,513.4851913413816,516.2920532226562,18962700
NVDA,2025-10-22,180.9092591258601,183.20633238125785,176.53483359319367,180.05035400390625,162249600
QQQ,2025-10-22,608.5969960402966,609.1848147458128,597.5573034367524,603.286376953125,61478800
AAPL,2025-10-23,258.98329410338334,259.66078406832133,257.06040475940137,258.6246032714844,32754900
MSFT,2025-10-23,518.1964698863214,519.6743010066873,514.3778516149157,516.3119506835938,14023500
NVDA,2025-10-23,180.19017423035882,182.7968501503985,179.5609718650331,181.92796325683594,111363700
QQQ,2025-10-23,602.7084409478078,609.1449520725764,602.3199065464308,608.3578491210938,42844300
AAPL,2025-10-24,260.2287466983284,263.1579290692685,258.2261343576155,261.8527526855469,38253700
MSFT,2025-10-24,518.5237814648117,521.0628883153897,516.4607987679614,519.3370971679688,15532400
NVDA,2025-10-24,183.6058200325102,187.23120099697576,183.26625678365264,186.02273559570312,131296700
QQQ,2025-10-24,613.7481193370727,616.1692681518385,612.8912638677524,614.8540649414062,47632500
AAPL,2025-10-27,263.90514984178776,268.1295353654346,263.67598537979285,267.8206787109375,44888200
MSFT,2025-10-27,527.4404441110845,530.2175826339089,524.6930292943027,527.1825561523438,18734700
NVDA,2025-10-27,189.74800438556454,191.75543864774096,188.18997864549505,191.24609375,153452700
QQQ,2025-10-27,622.2471236453642,626.262425126202,621.7589166953564,625.8041381835938,54098600
AAPL,2025-10-28,268.00000632210845,268.89671830922975,267.1631014853557,268.0099792480469,41534800
MSFT,2025-10-28,545.5116410650497,549.2012543795508,536.356983260493,537.6463623046875,29986700
NVDA,2025-10-28,192.8040950113927,202.8912204382634,191.66554775855593,200.77392578125,297986200
QQQ,2025-10-28,628.0658962701283,632.3701816547181,626.9599505234498,630.6165771484375,61195700
AAPL,2025-10-29,268.28892986747474,270.4110953948544,266.1269030442272,268.7073974609375,51086700
MSFT,2025-10-29,540.4929653309738,541.8121286840217,532.3499420595073,537.130615234375,36023000
NVDA,2025-10-29,207.715080745974,211.9197249544373,204.51915980095313,206.77627563476562,308829600
QQQ,2025-10-29,633.2769001713006,634.6917152842577,627.9563074763624,633.4562377929688,67422800
AAPL,2025-10-30,270.98894793982623,273.1310593223432,267.49188695276854,270.401123046875,69886500
MSFT,2025-10-30,526.1509968235328,530.6043464776645,517.8592331602406,521.4695434570312,41023100
NVDA,2025-10-30,204.88867704045037,205.89740027142088,201.1534507471854,202.63156127929688,178864400
QQQ,2025-10-30,629.869267455657,631.1944440896802,623.6619603385896,623.7715454101562,61628600
AAPL,2025-10-31,275.9705701844509,276.29937269597025,268.16940070155243,269.37493896484375,86167100
MSFT,2025-10-31,524.5640198650095,525.0004316167937,510.896444053691,513.5843505859375,34006400
NVDA,2025-10-31,206.18701808603035,207.70508615602077,201.81260775338424,202.23207092285156,179802200
QQQ,2025-10-31,631.8620549483691,631.8919749599486,624.409296291661,626.7806396484375,66305100
AAPL,2025-11-03,269.424736694289,269.8531467885877,265.2700709373508,268.05975341796875,50194600
MSFT,2025-11-03,515.5680119038287,520.676008789008,510.3906395365282,512.8107299804688,22374700
NVDA,2025-11-03,207.8149540137207,211.07079600988305,205.2981596683369,206.61648559570312,180267300
QQQ,2025-11-03,632.7985429356352,633.5059808284601,627.5576766411583,629.7796020507812,37154300
AAPL,2025-11-04,267.3424445625432,270.49081837885313,266.6350661079627,269.0461730957031,49274800
MSFT,2025-11-04,507.5837474278435,511.34279700787874,503.6957236126803,510.1327819824219,20958700
NVDA,2025-11-04,202.7414122562426,203.71017785907821,197.67786326579136,198.43690490722656,188919300
QQQ,2025-11-04,621.0116391030107,624.6682653310116,616.2091739056606,616.9962768554688,63830800
AAPL,2025-11-05,267.6214146886098,270.7000692568828,265.94760492323326,269.14581298828125,43683100
MSFT,2025-11-05,509.1112106662694,510.6287541811956,502.4460479183387,503.0213317871094,23024300
NVDA,2025-11-05,198.51681234435117,202.66152000582164,194.40205001057666,194.9613494873047,171350300
QQQ,2025-11-05,616.2391121345779,624.3195827183903,614.9638020768305,621.01171875,48688500
AAPL,2025-11-06,266.90407480138714,272.3937751745226,266.90407480138714,268.7771301269531,51204000
MSFT,2025-11-06,501.53353925537283,501.5732213085109,491.7639146320967,493.04339599609375,27406500
NVDA,2025-11-06,196.16981228388872,197.3682807609907,186.14260723026618,187.84043884277344,223029800
QQQ,2025-11-06,619.5270737190788,619.7761638844125,608.078899450419,609.4439086914062,72115100
AAPL,2025-11-07,268.80702532983145,271.2878818962731,265.7881780523408,267.48193359375,48227400
MSFT,2025-11-07,492.89463000746537,495.30479262227396,489.2248119110569,492.76568603515625,24019800
NVDA,2025-11-07,184.66444902638756,188.08010568481336,178.682089465448,187.91030883789062,264942300
QQQ,2025-11-07,606.0961466218313,607.7301926884926,596.4912153281726,607.5209350585938,81835400
AAPL,2025-11-10,268.22988302493957,272.9869540449525,266.7339548671466,268.6986083984375,41312400
MSFT,2025-11-10,495.9594336108676,502.7138582055711,494.729532044403,501.87078857421875,26101500
NVDA,2025-11-10,194.8614791513322,199.68532876518447,193.5431531870904,198.7964630126953,198897100
QQQ,2025-11-10,616.6675408883244,622.037939599601,614.6449603115116,620.9618530273438,55919900
AAPL,2025-11-11,269.07757258136417,275.16101963639426,269.0675899882029,274.5028076171875,46208300
MSFT,2025-11-11,500.68055811559174,505.4414057875519,498.2505695472254,504.5289001464844,17980000
NVDA,2025-11-11,194.91140808059743,195.17107140540628,191.05632435423007,192.91395568847656,176483300
QQQ,2025-11-11,618.3115007347396,620.4536395227035,615.2726130875191,619.307861328125,44868800
AAPL,2025-11-12,274.2535066981436,274.9815360542478,270.9624767916609,272.7276611328125,48398000
MSFT,2025-11-12,505.20330782589343,507.4944847122113,495.04688194383186,506.96881103515625,26574900
NVDA,2025-11-12,195.47068348463264,195.64046510157328,190.8865341091802,193.55313110351562,154935300
QQQ,2025-11-12,622.5659665942537,622.5858524528388,615.5615225825271,618.8196411132812,47444400
AAPL,2025-11-13,273.36590026791555,275.9488963676571,271.3513946141157,272.2090759277344,49602800
MSFT,2025-11-13,506.1455939798088,509.3095642884979,497.1992129195551,499.1828918457031,25273100
NVDA,2025-11-13,190.8066439854392,191.1961465947379,183.61581837719615,186.62197875976562,207423100
QQQ,2025-11-13,615.2925422980531,615.8704485105809,603.8742880136988,606.1858520507812,71333600
AAPL,2025-11-14,270.31417782757546,275.21085247368256,268.8681323529343,271.6705017089844,47431300
MSFT,2025-11-14,494.1641988801248,507.4250879884235,493.38063720960855,506.01666259765625,28505700
NVDA,2025-11-14,182.62706393415107,190.76667594021126,180.34996953708986,189.92774963378906,186591900
QQQ,2025-11-14,597.3679891941105,611.1177533949825,594.9966460866717,606.6441040039062,80087300
AAPL,2025-11-17,268.09027174019775,269.7557213346742,265.00866346949266,266.73394775390625,45018300
MSFT,2025-11-17,504.300789978241,507.94082387806293,500.7896697837805,503.3486022949219,19092800
NVDA,2025-11-17,185.73311754704963,188.75925679396335,184.08522536919267,186.36231994628906,173628900
QQQ,2025-11-17,604.0934805750228,610.2509824067986,597.686888568112,601.4630737304688,63850400
AAPL,2025-11-18,269.2570854665072,269.9751321987233,264.59977951795884,266.7140197753906,45677300
MSFT,2025-11-18,491.3275301094218,498.87544447228873,482.8076324047851,489.76043701171875,33815100
NVDA,2025-11-18,183.1464291447985,184.5646186262563,179.42116916755387,181.12899780273438,213598900
QQQ,2025-11-18,597.4376601960547,600.1178722930534,589.1878271266753,594.1397094726562,83327300
AAPL,2025-11-19,264.80918960656476,271.47104873805114,264.77927226211665,267.8309631347656,40424500
MSFT,2025-11-19,486.1005596390223,491.14901921379453,478.88986688506054,483.1448669433594,23245300
NVDA,2025-11-19,184.5546024199349,187.62069907956393,182.5971076589588,186.28240966796875,247246400
QQQ,2025-11-19,594.897031094223,603.9539148983285,592.4260762649179,597.6868286132812,73111500
AAPL,2025-11-20,270.09480618650156,274.68232536305425,265.1981613886433,265.5272521972656,45823600
MSFT,2025-11-20,489.6038857855625,490.4584800066478,472.50238827815747,475.4139099121094,26802500
NVDA,2025-11-20,195.70039225393623,195.7503316108911,179.62090987236718,180.40989685058594,343504800
QQQ,2025-11-20,609.3940199569162,611.7952828795123,582.6218174922989,583.5384521484375,117743200
AAPL,2025-11-21,265.2280517805383,272.5879921198442,264.9488130991126,270.75299072265625,59030800
MSFT,2025-11-21,475.4834301610789,475.9007957312625,465.3179114267742,469.1436462402344,31769200
NVDA,2025-11-21,181.00913979899244,184.32490281868388,172.70971237567008,178.6521453857422,346926200
QQQ,2025-11-21,585.3319113971087,594.807310091711,578.6264242609341,587.9224853515625,103344200
AAPL,2025-11-24,270.16459800357205,276.24804478801667,270.16459800357205,275.1709899902344,65585800
MSFT,2025-11-24,472.005536687022,473.89355276873187,465.06952862032074,471.0118408203125,34421000
NVDA,2025-11-24,179.2613745727385,183.26626122561635,176.25519889972114,182.31747436523438,256618300
QQQ,2025-11-24,593.1135933516537,604.4720682054578,592.9939741263881,602.9575805664062,60168100
AAPL,2025-11-25,274.52277261748515,279.6189174225992,274.50283786370125,276.2181701660156,46914200
MSFT,2025-11-25,471.08136597664605,476.12932719889915,461.9592459889855,473.9829406738281,28019800
NVDA,2025-11-25,174.68720886729724,177.9330691207534,169.3340356551,177.593505859375,320600300
QQQ,2025-11-25,601.3136469136847,608.0390815394395,595.1461718391749,606.674072265625,57560900
AAPL,2025-11-26,276.2081750495132,278.7712060098946,275.8790842359358,276.79656982421875,33431400
MSFT,2025-11-26,483.24419169180504,485.2315832491155,478.16642081896737,482.4393005371094,25709100
NVDA,2025-11-26,181.39863013804072,182.67699835309762,178.01294919921247,180.03036499023438,183852000
QQQ,2025-11-26,610.2808195033393,613.9474190856081,608.1685399702174,612.034423828125,42393600
AAPL,2025-11-28,276.50736791500816,278.242634823177,275.2407959413455,278.0930480957031,20135600
MSFT,2025-11-28,484.5260924315005,489.5243812398697,483.5820692635899,488.9082946777344,14386700
NVDA,2025-11-28,178.7819702942556,179.0616124091028,176.27517303639212,176.7745361328125,121332800
QQQ,2025-11-28,613.8676901015607,617.06602939224,613.1801988825557,616.9962768554688,23034400
AAPL,2025-12-01,277.2553332443013,282.65065109438723,275.3904143522869,282.3315124511719,46587700
MSFT,2025-12-01,485.3607732415945,486.7718042788117,481.59465771305275,483.6714782714844,23964000
NVDA,2025-12-01,174.5373804488289,180.07033197943204,173.45875435362808,179.69081115722656,188131000
QQQ,2025-12-01,611.3967336448243,617.1855860502521,610.2907880213397,614.923828125,40957600
AAPL,2025-12-02,282.231773534172,286.619823290159,281.86278279875575,285.4131164550781,53669500
MSFT,2025-12-02,483.6516286444489,490.38888506208144,483.2541563831954,486.91094970703125,19562700
NVDA,2025-12-02,181.52847225165078,185.4235136530611,179.7707195907086,181.22886657714844,182632200
QQQ,2025-12-02,617.2055331651553,621.4798980663827,615.3423437866954,619.7362670898438,54541800
AAPL,2025-12-03,285.4231155973949,287.8365294074879,282.5309633672564,283.378662109375,43538700
MSFT,2025-12-03,473.3171775583083,481.18723109312356,472.2042431453193,474.7182922363281,34615100
NVDA,2025-12-03,180.84935949817796,182.21760964702736,178.88186747602086,179.3612518310547,165138000
QQQ,2025-12-03,617.3649020590889,621.9481361371779,615.7807228836753,621.250732421875,47841600
AAPL,2025-12-04,283.3287830094401,283.95707766942763,277.83373081751637,279.9380187988281,43989100
MSFT,2025-12-04,476.7355071807625,478.2856702042714,473.4861025034468,477.8086853027344,22318200
NVDA,2025-12-04,181.39873533031871,184.29521152983364,179.7407692190929,183.15660095214844,167364900
QQQ,2025-12-04,622.6556605829674,622.665633919662,617.285262025035,620.6729125976562,47067800
AAPL,2025-12-05,279.77845592816414,280.37683325787106,277.2951945750906,278.0232238769531,47265800
MSFT,2025-12-05,479.4780948278929,480.35255199911325,475.86105782216015,480.11407470703125,22608700
NVDA,2025-12-05,183.66598269849337,184.43504894381925,180.6896172324408,182.1877899169922,143971100
QQQ,2025-12-05,622.1076409382764,626.6310962033638,621.440096358939,623.20361328125,53614200
AAPL,2025-12-08,277.374989388386,278.9108174051644,275.4003533668138,277.1356506347656,38211800
MSFT,2025-12-08,481.8331998835391,489.1964595164875,481.32640529111774,487.9245300292969,21965900
NVDA,2025-12-08,182.41751577930148,187.7709870845105,182.17780264974235,185.323974609375,204378100
QQQ,2025-12-08,624.9273247300189,626.5513972974647,619.4273950138578,622.0079956054688,43462400
AAPL,2025-12-09,277.4049018876359,279.26982065807096,276.16827776921565,276.42755126953125,32193300
MSFT,2025-12-09,486.016607703579,489.01755801519323,485.42038417588924,488.9181823730469,14696100
NVDA,2025-12-09,185.33395229946427,185.4937610485011,183.09669077375298,184.7446746826172,144719700
QQQ,2025-12-09,620.7425928652799,623.5921694288306,618.7398984397635,622.775146484375,37156000
AAPL,2025-12-10,276.9960211276047,278.9905919368044,275.68957968235776,278.0232238769531,33038300
MSFT,2025-12-10,480.97857754952304,481.19719183884354,472.084987996716,475.5430603027344,35756200
NVDA,2025-12-10,184.74467463147755,185.2540478736652,181.8182359713298,183.55612182617188,162785400
QQQ,2025-12-10,621.5795410824109,626.920080160108,618.7299643381673,625.3258666992188,55031400
AAPL,2025-12-11,278.34237127554803,278.8310314000742,273.0667227973629,277.2752685546875,33248000
MSFT,2025-12-11,473.6252433732215,482.96597801292137,472.86007818396723,480.422119140625,24669200
NVDA,2025-12-11,180.060377409269,181.09911899111663,176.40483245042134,180.70957946777344,182136600
QQQ,2025-12-11,621.5496792982444,623.5025679748155,615.4718431258982,623.3032836914062,58272800
AAPL,2025-12-12,277.14562382282355,278.4620479370953,276.0685689150702,277.52459716796875,39532900
MSFT,2025-12-12,476.79512068758515,479.40854546431024,473.3370484252935,475.51324462890625,21248100
NVDA,2025-12-12,180.88937065842447,182.59729422559735,174.40727135263347,174.80679321289062,204274900
QQQ,2025-12-12,619.8160122611713,621.2706598008424,609.1349951238292,611.3867797851562,75158700
AAPL,2025-12-15,279.3894873363706,279.3894873363706,272.0993337942639,273.3658752441406,50409100
MSFT,2025-12-15,477.0733729131614,477.6894594742654,469.5411415575728,471.82666015625,23727700
NVDA,2025-12-15,177.72322484137152,178.20263580820242,174.81676632707214,176.07522583007812,164775600
QQQ,2025-12-15,616.1195138735233,616.1693197420918,607.102462393675,608.3179931640625,49538200
AAPL,2025-12-16,272.07941349564567,274.752131096348,271.0522107383373,273.8645324707031,37648600
MSFT,2025-12-16,468.9350114671635,474.87732355778707,467.911505956298,473.38677978515625,20705600
NVDA,2025-12-16,176.04526619844617,178.27256047932946,174.686922405521,177.5034942626953,148588100
QQQ,2025-12-16,606.0462710202155,611.2771638485672,604.7011478051123,609.5235595703125,55152800
AAPL,2025-12-17,274.2634587890498,275.41033087528734,270.9026119684932,271.10205078125,50138700
MSFT,2025-12-17,473.903466892556,476.9739832708393,472.0055042784347,473.1184387207031,24527200
NVDA,2025-12-17,175.88546784627562,175.91543007880585,170.10251312474713,170.73175048828125,222775500
QQQ,2025-12-17,610.8288396926666,611.4167192166101,598.0953825829183,598.224853515625,70654300
AAPL,2025-12-18,272.8672697170699,272.88723490520505,266.22537510199504,271.4511413574219,51630700
MSFT,2025-12-18,475.17538699144035,486.5134594689822,474.8772903878124,480.92889404296875,28573500
NVDA,2025-12-18,174.3173807251694,175.93540231223645,171.6106906687844,173.9278564453125,176096000
QQQ,2025-12-18,607.5806797208244,610.6992932536183,604.7111563372118,606.8931884765625,78875800
AAPL,2025-12-19,271.4112306527045,273.8545921928022,269.1673383776201,272.9271240234375,144632000
MSFT,2025-12-19,484.2875529363844,484.77448448182145,479.4482594182398,482.8566589355469,70836100
NVDA,2025-12-19,176.4547863729682,181.22896236326454,176.12518653595592,180.76953125,324925900
QQQ,2025-12-19,609.722906345813,615.3722541519244,609.6431804668954,614.8043212890625,60369800
AAPL,2025-12-22,272.1192896847017,273.13654030849926,269.7756932559407,270.23443603515625,36571800
MSFT,2025-12-22,483.0554234208069,485.64898536737695,479.6470539215635,481.8630065917969,16963000
NVDA,2025-12-22,183.6959478478248,183.935660967629,182.1278683380167,183.4662322998047,129064400
QQQ,2025-12-22,619.8862552767364,620.1855972768566,616.3147325600856,617.7513427734375,43703100
AAPL,2025-12-23,270.1048034873943,271.7603010837797,268.8282792538215,271.62066650390625,29642000
MSFT,2025-12-23,481.9226163967179,484.7546252629152,481.6841087754749,483.78082275390625,14683600
NVDA,2025-12-23,182.74711840334103,189.09937165158402,182.67719635774475,188.97952270507812,174873600
QQQ,2025-12-23,616.7437078609482,620.9437513214359,616.3247143117193,620.6444702148438,41120400
AAPL,2025-12-24,271.60070067851706,274.6823088952694,271.46109654935304,273.06671142578125,17910600
MSFT,2025-12-24,482.61817584356095,486.0762481946253,481.77352833631136,484.94342041015625,5855900
NVDA,2025-12-24,187.71105179508496,188.67987134928,186.36269028434322,188.38023376464844,65528500
QQQ,2025-12-24,620.524833532521,622.8094781897531,620.2554500580117,622.4602661132812,18468700
AAPL,2025-12-26,273.41578359787746,274.6224904749486,272.11929424741834,272.6578369140625,21521800
MSFT,2025-12-26,483.64171061957336,485.04282544173617,482.8964387136479,484.6354064941406,8842200
NVDA,2025-12-26,189.68863982420257,192.45526970950266,187.7709805748158,190.2978973388672,139740300
QQQ,2025-12-26,623.1884327551913,624.0464530908596,621.672054895625,622.4202880859375,28959800
AAPL,2025-12-29,271.9497734782625,273.61522314661676,271.6107000753325,273.0168762207031,23715200
MSFT,2025-12-29,481.80333660098637,485.27135560420123,481.1276307272214,484.02923583984375,10893400
NVDA,2025-12-29,187.4813341773615,188.53004285167208,185.68352392965699,187.99070739746094,120006100
QQQ,2025-12-29,618.6392040742111,621.312944373981,617.2724362589381,619.4074096679688,32458300
AAPL,2025-12-30,272.0694584675055,273.3360001129787,271.54089836280934,272.3387145996094,22139600
MSFT,2025-12-30,482.8666136001516,486.5929730105466,482.43933166580535,484.4068603515625,13944500
NVDA,2025-12-30,188.01069817319677,188.75978454971104,186.70228116711607,187.31153869628906,97687300
QQQ,2025-12-30,618.3798323976478,620.7142858196408,617.7612369489017,617.9707641601562,31226800
AAPL,2025-12-31,272.3187639976345,272.9370761103812,271.0123224859311,271.12200927734375,27293600
MSFT,2025-12-31,484.7645645601486,485.06269150087525,480.25317705215497,480.5711669921875,15601600
NVDA,2025-12-31,189.33906392286715,190.32784810299728,186.26281429981768,186.27279663085938,120100500
QQQ,2025-12-31,618.1903012408169,618.4995685313527,612.6034567489972,612.8628540039062,40746500
AAPL,2026-01-02,271.52092924369913,277.0857683126949,268.2697691424855,270.2743225097656,37838100
MSFT,2026-01-02,481.3363251826272,481.6046121327098,467.1960229709088,469.95849609375,25571600
NVDA,2026-01-02,189.60873357074172,192.69496568024334,188.03065649528438,188.6199493408203,148240500
QQQ,2026-01-02,618.5993746796253,621.3827805917631,608.7127456204436,611.6757202148438,61859200
AAPL,2026-01-05,269.9053450243044,270.7729784841199,265.41756056202854,266.5345153808594,45647200
MSFT,2026-01-05,471.071443053882,473.0687813775576,466.5401924921144,469.86907958984375,25250300
NVDA,2026-01-05,191.52640398377517,193.39413642527967,185.9232371396652,187.89083862304688,183529700
QQQ,2026-01-05,617.8610636312775,619.3475438678657,615.2671519649484,616.5341796875,46828400
AAPL,2026-01-06,266.27521573774703,266.82371056256306,261.40845786144683,261.6477966308594,52352100
MSFT,2026-01-06,470.8130789419108,475.7219388392127,466.7886229022075,475.493408203125,23037700
NVDA,2026-01-06,190.2879203285983,191.935904267691,186.5924305704924,187.0119171142578,176862600
QQQ,2026-01-06,617.7712838046286,622.550039153126,617.0829067758982,621.951416015625,43137500
AAPL,2026-01-07,262.48552563718374,262.964203143993,259.1047135716701,259.623291015625,48309800
MSFT,2026-01-07,476.73551614076564,486.6128550141313,474.936929133209,480.422119140625,25564200
NVDA,2026-01-07,188.34028795646717,191.13686475404677,186.3327268208183,188.87962341308594,153543200
QQQ,2026-01-07,621.5723159557587,626.4607976434537,621.0934661514185,622.550048828125,44880300
AAPL,2026-01-08,256.3222864925608,258.58614386359903,255.00587765735156,258.3368225097656,50419300
MSFT,2026-01-08,478.20615894860083,479.61722033317443,472.8600706717694,475.09588623046875,18162600
NVDA,2026-01-08,188.87962438445808,189.31909080925226,183.4862088297309,184.8145751953125,172457000
QQQ,2026-01-08,621.5623898130801,621.9514248328863,616.3446684463296,619.0083618164062,50435900
AAPL,2026-01-09,258.3767027680543,259.5036402038468,255.52448097015204,258.6659240722656,39997000
MSFT,2026-01-09,471.0714211959582,476.7951186190047,469.2231615927928,476.2585144042969,18491000
NVDA,2026-01-09,184.8545293482555,186.1129888751533,183.44624341374129,184.63479614257812,131327500
QQQ,2026-01-09,619.946120817708,626.4108973206594,617.6016810573577,625.173828125,49688700
AAPL,2026-01-12,258.4565110528425,260.59068617382866,256.1029014720883,259.5435485839844,45263800
MSFT,2026-01-12,473.6649886945649,477.95773148860775,472.68120923483104,474.1717529296875,23519900
NVDA,2026-01-12,182.99680052530172,186.89204340473577,182.79704721562317,184.71470642089844,137968500
QQQ,2026-01-12,620.8440291770474,627.368601054656,620.7941591397378,625.6925659179688,37388700
AAPL,2026-01-13,258.01770778709204,261.0993163539261,257.68861696081353,260.34136962890625,45730800
MSFT,2026-01-13,471.68751939768345,472.7805908527595,463.01257439213845,467.70281982421875,28545800
NVDA,2026-01-13,184.7746378408776,187.88084992986475,183.17658082293008,185.58364868164062,160128900
QQQ,2026-01-13,625.7923733874012,627.9871421828441,622.2307758506613,624.7647705078125,44481400
AAPL,2026-01-14,258.78557762508564,261.1092696408236,256.0131254420647,259.2543029785156,40019400
MSFT,2026-01-14,463.51936213123724,465.24841354789686,454.2879494306214,456.4840087890625,28184300
NVDA,2026-01-14,184.0954710990846,184.2352999433054,180.57975484984624,182.91690063476562,159586100
QQQ,2026-01-14,620.7741807448011,621.9813522711377,613.1122798122711,618.0905151367188,72598700
AAPL,2026-01-15,259.9424426175537,260.3313985459844,256.35220896361545,257.5090637207031,39388600
MSFT,2026-01-15,461.1941211270383,461.3233064418312,453.02593988397814,453.7811584472656,23225800
NVDA,2026-01-15,186.2727952885624,189.46889382188115,186.10300422087673,186.82212829589844,206188600
QQQ,2026-01-15,625.1238996016858,628.5159146085045,619.2877047511574,620.3153076171875,53934900
AAPL,2026-01-16,257.1999111311508,258.1971965798445,254.23797213114116,254.8363494873047,72142800
MSFT,2026-01-16,454.94376661538865,460.2699922453042,453.6023014516422,456.9609680175781,34246700
NVDA,2026-01-16,188.84966224271636,190.20800608356458,185.85331687968656,186.0031280517578,187967200
QQQ,2026-01-16,624.0265108868263,624.6051616315584,617.4221104790464,619.7965087890625,61058100
AAPL,2026-01-20,252.04394930256512,254.09835490933511,242.75922413209136,246.0303192138672,80267500
MSFT,2026-01-20,448.37541805572727,453.92022725149957,446.44764578645413,451.65460205078125,26130000
NVDA,2026-01-20,181.67840938923754,182.15783564218773,177.39364202987932,177.85308837890625,223345300
QQQ,2026-01-20,609.0918377338978,613.611135001854,605.6199939698072,606.6276245117188,81988900
AAPL,2026-01-21,248.02489020045314,250.87712721718017,244.51444112970407,246.9777374267578,54641700
MSFT,2026-01-21,449.74670883889326,449.8361378186282,435.9144504613163,441.3102111816406,37980500
NVDA,2026-01-21,178.8318922054109,185.15418310637224,178.18267486272933,183.09669494628906,200381000
QQQ,2026-01-21,608.0342310571399,618.958448118544,606.4280383777512,614.8282470703125,79837900
AAPL,2026-01-22,248.52352576906395,250.31864258405668,247.47637302553753,247.67584228515625,39708300
MSFT,2026-01-22,444.79810039972057,449.9851935867555,441.89652570286836,448.2959289550781,25349400
NVDA,2026-01-22,184.52493568425237,185.94320399708803,183.70592730123704,184.6148223876953,139636600
QQQ,2026-01-22,620.8838887514372,620.9936758988773,616.3247080096578,619.2976684570312,42254800
AAPL,2026-01-23,246.64863719927277,248.73296007338791,244.0157890837153,247.36666870117188,41689000
MSFT,2026-01-23,449.02131930234236,468.1301005814363,447.6897705604439,463.0125732421875,38000200
NVDA,2026-01-23,187.27158465782284,189.3690325020707,186.59242035942677,187.44137573242188,142748100
QQQ,2026-01-23,618.2701049354484,623.9267921630139,617.1926928942361,621.2530517578125,43645800
AAPL,2026-01-26,250.7973351598156,255.86354695988197,249.12190294519746,254.7166748046875,55969200
MSFT,2026-01-26,462.376577380716,471.26022001105116,459.0874468004336,467.31524658203125,29291200
NVDA,2026-01-26,186.93200550896393,188.88960930416175,185.76343263076708,186.2428436279297,124799600
QQQ,2026-01-26,621.7419335987944,626.1315320367429,620.654474506515,623.9866333007812,35983000
AAPL,2026-01-27,258.4664593428383,261.23891141767155,257.50904348719195,257.5688781738281,49648300
MSFT,2026-01-27,470.7137518035326,479.8259260665289,470.17714753577707,477.55035400390625,29213900
NVDA,2026-01-27,187.01190478720812,189.76853699604698,185.47377232125424,188.29034423828125,143711600
QQQ,2026-01-27,627.428447510711,630.5510790290263,625.8621995501378,629.6432495117188,38997200
AAPL,2026-01-28,256.95060341967536,258.15731035497566,253.8191275531099,255.743896484375,41288000
MSFT,2026-01-28,480.1637149068934,480.69037244143027,474.9865685400099,478.59368896484375,36875400
NVDA,2026-01-28,191.0369866951896,192.1156727976695,189.60872088942648,191.28668212890625,148552700
QQQ,2026-01-28,633.9631070350727,635.1003753282191,630.3216807638972,631.7283325195312,50691700
AAPL,2026-01-29,257.29964922744847,258.94516415300217,253.7193980705993,257.5788879394531,67253000
MSFT,2026-01-29,437.2162272399066,439.7104135269112,418.36581575660404,430.76715087890625,128855300
NVDA,2026-01-29,191.10690928022157,193.244301759811,185.83334250366076,192.27548217773438,171764400
QQQ,2026-01-29,631.159712042883,632.1772678570734,616.8135816536253,627.947265625,79944000
AAPL,2026-01-30,254.47732177254832,261.1890484668085,251.49543285360957,258.775634765625,92443400
MSFT,2026-01-30,436.4013853645445,436.8286672682951,423.7615739365565,427.5773620605469,58566800
NVDA,2026-01-30,190.97707539362895,194.25307849059112,189.23918956869622,190.8971710205078,179489500
QQQ,2026-01-30,624.2360714484229,626.780052376051,617.8411370320566,620.4050903320312,65650700
AAPL,2026-02-02,259.3241487899344,269.7557466562268,258.50636737104884,269.2770690917969,73913400
MSFT,2026-02-02,427.5277051213245,428.0245530606437,419.58808475506504,420.7010192871094,42219900
NVDA,2026-02-02,186.97193993484487,190.06816944570554,184.65477420739685,185.38388061523438,165794100
QQQ,2026-02-02,617.2425627681274,627.0094788951942,617.2026180242116,624.6650390625,49020300
AAPL,2026-02-03,268.4692659190308,271.1419837262723,266.88355520832346,268.7485046386719,64394700
MSFT,2026-02-03,419.34957819955315,419.3893041977899,405.9843574339844,408.6176452636719,61424100
NVDA,2026-02-03,186.01312186532803,186.04308409913696,176.01530661894333,180.12030029296875,204019600
QQQ,2026-02-03,626.8199062679399,628.4959413976924,609.5207880738473,615.0676879882812,81234000
AAPL,2026-02-04,271.55083028665655,278.19275421850585,271.55083028665655,275.7394104003906,90545700
MSFT,2026-02-04,408.4089957411405,417.15350712085007,406.6600813351222,411.5788879394531,45012400
NVDA,2026-02-04,179.241398362594,179.36124730830178,171.70059231104517,173.97781372070312,207014100
QQQ,2026-02-04,613.5712416010163,613.6510093064408,599.0554677378625,604.3230590820312,81850700
AAPL,2026-02-05,277.37501624935936,278.7412924914769,272.48832346973,275.1610412597656,52977400
MSFT,2026-02-05,404.87141244319446,405.72597626088844,389.84673704915224,391.188232421875,66289200
NVDA,2026-02-05,174.7168961324724,176.60460839935587,170.8216531377948,171.67062377929688,206312900
QQQ,2026-02-05,598.7961590682759,603.3852988890579,593.3589849842447,595.6236572265625,89354500
AAPL,2026-02-06,276.3677049075235,280.1474248180158,276.1782182606431,277.364990234375,50453400
MSFT,2026-02-06,396.6535630940219,399.25704122003975,390.4429643868461,398.61114501953125,53515300
NVDA,2026-02-06,176.4747642750831,186.77220252110314,174.38731390455436,185.18414306640625,231346200
QQQ,2026-02-06,598.7761302609774,609.9696699932801,597.3594924154261,608.2138671875,78019300
AAPL,2026-02-09,277.41494619870406,277.70443813431814,271.2160169672847,274.13079833984375,44623400
MSFT,2026-02-09,402.297746078297,412.2744602868579,398.34282592261525,410.9925842285156,45480500
NVDA,2026-02-09,184.03552934237337,193.42408742490235,183.7259094221984,189.80848693847656,196387400
QQQ,2026-02-09,606.1088060763491,615.0078372205985,603.6446538426547,612.8728637695312,56797600
AAPL,2026-02-10,274.40031021957236,274.87943562430115,272.4537718732244,273.19244384765625,34376900
MSFT,2026-02-10,416.97464756162884,421.0090502850332,410.0982892644293,410.6646728515625,44857900
NVDA,2026-02-10,191.1468699498802,192.24552080983682,187.89083145679504,188.31031799316406,136764800
QQQ,2026-02-10,613.8605219833995,615.566515685603,609.5706636004911,610.029541015625,53938900
AAPL,2026-02-11,274.2106536370846,279.6808719096702,273.9610989943363,275.00921630859375,51931300
MSFT,2026-02-11,413.5562839573264,413.83451755028244,398.4819366306212,401.82073974609375,42491000
NVDA,2026-02-11,192.21556708670826,193.02457795983298,188.54005713468442,189.81849670410156,144192700
QQQ,2026-02-11,614.9280269463444,616.0653561148772,606.2584951427149,611.6657104492188,58575100
AAPL,2026-02-12,275.09909064411113,275.22886395053104,259.7165366668213,261.2637939453125,81077200
MSFT,2026-02-12,402.4467839094351,403.6392309547976,395.5008602319473,399.30670166015625,40802400
NVDA,2026-02-12,192.79485804306626,193.3741533411549,186.28279615580217,186.7122802734375,189932500
QQQ,2026-02-12,613.2619605146361,614.3593449076634,598.1576109292407,599.22509765625,81378900
AAPL,2026-02-13,261.5432690161623,261.7628783299504,254.9949421084194,255.32435607910156,56290700
MSFT,2026-02-13,401.90028127287496,402.98340606348665,395.54060384789733,398.7900085449219,34091600
NVDA,2026-02-13,187.25160463564347,187.27158453858374,181.36878053627944,182.58729553222656,161888000
QQQ,2026-02-13,599.0155948438262,605.0513310342399,595.0150312237765,600.5020751953125,69237500
AAPL,2026-02-17,257.5903108294174,265.8156532326085,255.08478749757862,263.4099426269531,58469100
MSFT,2026-02-17,396.7032617740463,397.9950542597942,392.04282577248057,394.3581237792969,32078800
NVDA,2026-02-17,181.5285959992061,186.92201173748992,178.9617194034806,184.7446746826172,162276900
QQQ,2026-02-17,596.9703796848319,602.527265543405,591.9422745141455,599.8834838867188,69013800
AAPL,2026-02-18,263.13045584681157,266.3447212846438,261.9825104325609,263.8791198730469,34203300
MSFT,2026-02-18,395.6201070500213,400.02217209191446,393.8215201082963,397.0808410644531,23223400
NVDA,2026-02-18,188.52005804720127,190.13807962880853,186.53247684939709,187.75099182128906,164749100
QQQ,2026-02-18,600.691591343514,608.3335807359596,599.3048511606997,604.3629150390625,64250700
AAPL,2026-02-19,262.13220471573277,264.00886051677537,259.5867290635135,260.11578369140625,30845300
MSFT,2026-02-19,399.07278661262325,402.7976819572589,395.0690225854118,396.8517761230469,28234000
NVDA,2026-02-19,186.8321237354349,188.20044994409497,185.43383529156333,187.6710968017578,126554500
QQQ,2026-02-19,601.3899824064425,604.3929016136949,599.3348375008546,602.0484008789062,60960800
AAPL,2026-02-20,258.50868117461044,264.2783836675007,257.7001265171608,264.1086730957031,42070500
MSFT,2026-02-20,394.51123443489973,398.5050592846536,393.56508699389525,395.6267395019531,34015200
NVDA,2026-02-20,186.342734664171,190.09814888521723,185.71349722992974,189.58877563476562,178422300
QQQ,2026-02-20,598.7063226521155,608.912204870808,597.818404566386,607.3758544921875,74127300
AAPL,2026-02-23,263.0206001676805,268.95002088588865,262.91081074777924,265.705810546875,37308200
MSFT,2026-02-23,393.4057107487328,393.7642431363039,381.55374731391754,382.918212890625,43238300
NVDA,2026-02-23,191.1668239815537,193.71372053376285,189.34904909171755,191.316650390625,171584800
QQQ,2026-02-23,605.1809875790976,606.5777139403463,597.6387991893799,599.9932250976562,63859100
AAPL,2026-02-24,267.38283777638213,274.4003442568012,267.233111068832,271.6552429199219,47014600
MSFT,2026-02-24,382.58959213032324,387.7884945775691,380.16937672197673,387.4299621582031,33884700
NVDA,2026-02-24,191.2567378902843,193.53395924081437,187.171708627792,192.61508178710938,175123600
QQQ,2026-02-24,600.9809641013653,607.5554060860559,598.3172099190714,606.4380493164062,55023700
AAPL,2026-02-25,271.29586819299504,274.45024283739696,270.567157599074,273.74151611328125,33714300
MSFT,2026-02-25,388.95376053046306,399.84960746436826,388.5852587696308,398.9831237792969,43625500
NVDA,2026-02-25,194.2131137016724,197.38924768090467,193.5539140704845,195.32176208496094,250637100
QQQ,2026-02-25,609.6305248735758,615.3769659271486,609.5606824638733,615.227294921875,55710700
AAPL,2026-02-26,274.4602128097023,275.61811956353745,270.31758130113775,272.4637756347656,32345100
MSFT,2026-02-26,403.0765245044552,405.8453028142193,397.1306190557743,400.0986022949219,34405900
NVDA,2026-02-26,194.03334246429932,194.0533071271398,184.09546670933034,184.66476440429688,360807900
QQQ,2026-02-26,614.1398874724765,614.1398874724765,602.5571907580546,607.8048095703125,96178900
AAPL,2026-02-27,272.3240124520744,272.3240124520744,262.4217010495403,263.7093811035156,72366500
MSFT,2026-02-27,389.30236795593413,395.2183958601928,388.30640407164015,391.15484619140625,51367200
NVDA,2026-02-27,181.0292033274304,182.36756729714082,176.1651407824763,176.97415161132812,311636500
QQQ,2026-02-27,601.5595305738112,606.8869778398549,600.7714135107487,605.859375,68125200
AAPL,2026-03-02,261.94253069595567,266.05518620599753,259.73647625260065,264.2484130859375,41827900
MSFT,2026-03-02,391.2743390590049,399.57073485574693,389.0533591512552,396.9413757324219,35474900
NVDA,2026-03-02,174.79680413295333,183.2365228635074,174.42725972943845,182.25770568847656,209095300
QQQ,2026-03-02,597.449233707877,608.4831769130049,596.5812880631398,606.6575317382812,75264600
AAPL,2026-03-03,263.0106738027697,265.08695529305965,259.6666350681776,263.2801818847656,38568900
MSFT,2026-03-03,391.5532542396072,405.05852201627056,391.0851500003899,402.2996826171875,38199200
NVDA,2026-03-03,178.27256086028186,180.67961330625172,176.70446619030554,179.83065795898438,178099400
QQQ,2026-03-03,594.925270014521,602.5373012472795,590.4757543096065,600.1629028320312,97015500
AAPL,2026-03-04,264.17854815272653,265.67587606267574,260.95432154975975,262.0523376464844,39803100
MSFT,2026-03-04,399.6504140582061,409.3710312257941,398.69429724653685,403.5645751953125,35808000
NVDA,2026-03-04,180.22019302825058,184.47499807110998,179.84065106191534,182.8170166015625,177731200
QQQ,2026-03-04,602.7367763187228,611.4362666076488,602.0085154373871,609.311279296875,70943900
AAPL,2026-03-05,260.3254337562426,261.09405110124777,256.79173142961054,259.8263244628906,49658600
MSFT,2026-03-05,402.78771732924594,409.9486695143622,402.7677785996419,409.0224304199219,39001300
NVDA,2026-03-05,180.94928366467312,183.83576224630102,177.6632984882966,183.11663818359375,198779700
QQQ,2026-03-05,605.9691332548557,611.316491745462,600.8412272682934,607.4755249023438,89602400
AAPL,2026-03-06,258.16927189629365,258.3090066542827,253.916851068475,257.0013427734375,41120000
MSFT,2026-03-06,407.54843921074234,411.38287590243635,406.8612216895844,407.30938720703125,31123900
NVDA,2026-03-06,179.62092189230134,182.53736302725528,176.6046117177772,177.6033935546875,189021900
QQQ,2026-03-06,598.8958365654587,604.5724349663923,596.9205203720956,598.337158203125,86302300
AAPL,2026-03-09,255.2345148744848,260.68477987096253,253.22808575123491,259.41705322265625,38218500
MSFT,2026-03-09,403.2857003455267,408.55432729115563,401.8714182880504,407.757568359375,30131900
NVDA,2026-03-09,176.61458806542097,182.68718325690133,175.34613090826778,182.427490234375,177213600
QQQ,2026-03-09,592.83015152989,607.8347607375977,589.9370196014203,606.3283081054688,93068200
AAPL,2026-03-10,257.19102845716964,262.01244158439727,256.4922936817907,260.3653564453125,30590800
MSFT,2026-03-10,408.37506928692744,408.5443965203919,401.30371964643086,404.122314453125,31706400
NVDA,2026-03-10,182.17778352587916,186.21287029543888,181.78825925636124,184.54490661621094,179118500
QQQ,2026-03-10,606.3483040570791,611.8452732023572,603.9938171455258,606.3383178710938,64078900
AAPL,2026-03-11,260.62486739620806,261.6630231774062,259.08760235948154,260.3453674316406,26218900
MSFT,2026-03-11,403.9330670994013,407.35918518479474,399.96912002302975,403.245849609375,25512100
NVDA,2026-03-11,185.6935753620157,187.40157611978597,184.23526832414757,185.8134307861328,145280400
QQQ,2026-03-11,607.5155254821397,610.9873082570145,603.6047767674571,606.2584838867188,60114800
AAPL,2026-03-12,258.1992253881205,258.48871731031414,253.72719511663234,255.30438232421875,40794000
MSFT,2026-03-12,402.99687655683135,404.4808530373378,400.08864860368743,400.238037109375,27263900
NVDA,2026-03-12,183.83574790315467,184.72471123223085,181.53842231669145,182.9268035888672,155762700
QQQ,2026-03-12,601.3401324342583,602.7168865412752,595.6435611395323,595.8530883789062,71836600
AAPL,2026-03-13,255.024890934378,255.87336762960538,249.07551643845036,249.6744384765625,36930000
MSFT,2026-03-13,399.3815063856616,403.16615688192843,392.65875035547907,393.9534912109375,26848000
NVDA,2026-03-13,184.70472270189353,185.87335881208497,179.73052445930352,180.0401611328125,160988400
QQQ,2026-03-13,598.3172021392496,602.1780807449821,591.1740956767717,592.3213500976562,63145500
AAPL,2026-03-16,251.66090222791988,253.43773019062647,249.4348789230203,252.36964416503906,32074200
MSFT,2026-03-16,396.4633374914087,399.01300251860397,393.1965772756644,398.33575439453125,27733700
NVDA,2026-03-16,182.7570048934839,188.66012868968363,181.19882333613754,183.0067138671875,217307400
QQQ,2026-03-16,598.6264723831473,602.4374809704295,597.6986704778886,598.9656982421875,49077200
AAPL,2026-03-17,252.5093881906664,254.67552076289968,251.7307636559193,253.77711486816406,32361600
MSFT,2026-03-17,398.6544268926901,402.7677623283013,396.1446090107731,397.79791259765625,26228300
NVDA,2026-03-17,184.8445618023411,185.1841623368753,181.4684917186082,181.71820068359375,182497800
QQQ,2026-03-17,601.7192114600242,604.4727195335382,600.4521836848432,601.8887939453125,47106600
AAPL,2026-03-18,252.1799767808244,254.48585937367065,248.55643828829037,249.49476623535156,35757900
MSFT,2026-03-18,395.5271533612366,396.39363710184665,389.42188971563326,390.2087097167969,25908500
NVDA,2026-03-18,182.26756764801692,183.16652908726184,180.12007659614625,180.1899871826172,156683100
QQQ,2026-03-18,600.0730994941966,601.7391485345295,593.1594313501803,593.4986572265625,56128000
AAPL,2026-03-19,248.95572868612365,251.38140795985734,246.85947863088072,248.5165252685547,34864100
MSFT,2026-03-19,388.52551763585893,390.90585551603124,385.4977789148814,387.4498596191406,25138800
NVDA,2026-03-19,177.80276430906588,179.77047215436778,175.5853475010711,178.3521270751953,170968500
QQQ,2026-03-19,588.1213056121308,594.3964663870662,585.6970372512312,591.623046875,75597600
AAPL,2026-03-20,247.53824109812177,248.75606899357115,245.56177255944445,247.54823303222656,88331100
MSFT,2026-03-20,385.22889118681917,385.43803509853177,378.58579850034175,380.3287353515625,50853200
NVDA,2026-03-20,177.79278016290237,178.05247199547227,171.52009228430225,172.4989471435547,241323500
QQQ,2026-03-20,589.6676415345306,589.777367794347,577.177115328303,580.6888427734375,91964700
AAPL,2026-03-23,253.51758537106093,254.14646797882926,249.83415620831627,251.04200744628906,40546100
MSFT,2026-03-23,382.3505545919761,385.64719283721575,380.1395134056624,381.4541931152344,29680100
NVDA,2026-03-23,177.0536408486584,178.16234927411983,174.55655117338722,175.43553161621094,182836300
QQQ,2026-03-23,589.8718065319924,594.426798587646,585.316814476339,587.3545532226562,89936100
AAPL,2026-03-24,249.90403139868116,254.37604644028636,249.10545347620703,251.1917266845703,45152300
MSFT,2026-03-24,380.8167328036651,380.9263046350485,370.34917314154325,371.2355651855469,42733600
NVDA,2026-03-24,174.6264683383626,176.01484951930743,173.777451794472,174.99603271484375,147667800
QQQ,2026-03-24,584.168034177979,587.2846043834495,581.291190762444,583.3389282226562,57750900
AAPL,2026-03-25,253.6473574345128,254.5457480998694,251.15181088451408,252.16998291015625,28476700
MSFT,2026-03-25,375.39872248264555,375.5381416220395,368.13813722010167,369.5424499511719,31181200
NVDA,2026-03-25,176.89383761026875,181.00903649280792,176.64412864426953,178.47198486328125,162602100
QQQ,2026-03-25,588.4933019738706,590.7208345412774,585.0470769253521,587.1747436523438,60475500
AAPL,2026-03-26,251.67088153367666,256.5421934269488,250.32329549316128,252.43951416015625,41796700
MSFT,2026-03-26,369.3233510512375,373.2076042912997,363.71606927386256,364.492919921875,36836600
NVDA,2026-03-26,175.86504388946904,176.30451888215924,170.9407749866337,171.04066467285156,186152200
QQQ,2026-03-26,581.9604215239336,583.9882223389391,572.8005050402526,573.1600952148438,81492100
AAPL,2026-03-27,253.4477020992108,255.03488128462607,247.6281009352486,248.35679626464844,47900000
MSFT,2026-03-27,360.43931657918756,360.9871149414508,355.07108715320055,355.33001708984375,37883400
NVDA,2026-03-27,169.80209026823204,170.77096223786808,166.81556566439232,167.32498168945312,196212700
QQQ,2026-03-27,570.1834096572744,570.3932010852176,560.953562318283,561.9624633789062,82702200
AAPL,2026-03-30,249.62453299565456,250.4230956915925,245.07264337813007,246.19065856933594,39446200
MSFT,2026-03-30,360.4393055378546,363.8853318939423,354.8419936524484,357.51116943359375,44797000
NVDA,2026-03-30,168.58352034150624,169.25273855906806,164.07877596313077,164.97772216796875,185627000
QQQ,2026-03-30,566.7571613464482,567.4264087803426,554.990063621082,557.6671752929688,70602600
AAPL,2026-03-31,247.46837564153284,255.02488248828539,246.65982101631488,253.337890625,49598100
MSFT,2026-03-31,363.07862179545566,371.3949263066763,361.6046146993887,368.67596435546875,45244400
NVDA,2026-03-31,166.77563225072552,174.41672082635512,166.7656493784466,174.1969757080078,226181300
QQQ,2026-03-31,563.6705222317372,578.0048059355398,563.5906539497258,576.54638671875,95878000
AAPL,2026-04-01,253.62737973002484,255.7236296181179,252.8787157917901,255.17462158203125,40059400
MSFT,2026-04-01,371.98254731341393,372.48052926345224,366.7139201659809,367.8791809082031,29417200
NVDA,2026-04-01,175.79511913229018,177.16351944386196,174.54657425208924,175.54541015625,168132000
QQQ,2026-04-01,580.8416686249938,587.0948065489223,579.7828346644924,583.6685791015625,79435100
AAPL,2026-04-02,253.74717405681358,255.6737439434535,250.20349485503914,255.464111328125,31289400
MSFT,2026-04-02,365.7278929006101,372.1319638369453,362.680245817395,371.9526672363281,24099100
NVDA,2026-04-02,171.97954556798163,177.28337661769746,171.170490985778,177.18348693847656,143143200
QQQ,2026-04-02,573.3399058573888,585.4066623334502,571.2921684003409,584.3378295898438,50941700
AAPL,2026-04-06,256.053045051996,261.6929736576745,256.003115847535,258.3988342285156,29329900
MSFT,2026-04-06,371.98252335059567,372.22157533941066,368.0086373714944,371.375,16146600
NVDA,2026-04-06,176.953760088437,177.58301630024127,175.55538077559635,177.43319702148438,107564300
QQQ,2026-04-06,585.5864761740653,589.9616731281693,584.04818857967,587.85400390625,35108500
AAPL,2026-04-07,255.70368128016966,255.7436185540334,245.2623079794448,253.0484161376953,62148000
MSFT,2026-04-07,368.8452727581139,370.9467724245638,365.080530373921,370.78741455078125,21443300
NVDA,2026-04-07,175.52541836668527,178.0225079733855,173.4578360976707,177.89266967773438,132534900
QQQ,2026-04-07,584.9971348275072,588.33343423744,577.7650922119919,587.9439086914062,49948200
AAPL,2026-04-08,257.98960165960847,259.2872736156141,256.0730086009651,258.43878173828125,41032800
MSFT,2026-04-08,383.426192668859,383.4461010048471,369.9109552686541,372.81915283203125,33064800
NVDA,2026-04-08,184.28522303450282,185.0443328296099,180.09011531444295,181.8680419921875,147732700
QQQ,2026-04-08,608.0418015962135,609.2304976949432,601.4590090396181,605.4246826171875,63086000
AAPL,2026-04-09,258.5386040524215,260.65482250105316,255.6138310165902,260.02593994140625,28121600
MSFT,2026-04-09,370.9965632857518,371.99252721403565,365.5685477188417,371.56427001953125,30435300
NVDA,2026-04-09,181.6283100364998,183.86570786090292,180.40972906189933,183.69590759277344,116428500
QQQ,2026-04-09,605.2648690435934,609.8298599139192,602.3680889271087,609.5202026367188,37837500
AAPL,2026-04-10,259.5168819122501,261.7229364827484,258.5585701252562,260.0159912109375,31291500
MSFT,2026-04-10,371.47463812837884,374.12390583360843,368.5365323725683,369.3731384277344,28111100
NVDA,2026-04-10,184.09543736125556,189.77881591864653,184.08545448929232,188.41041564941406,160459500
QQQ,2026-04-10,611.1684052317679,612.9963525292593,608.9108762966896,610.3992309570312,34038500
AAPL,2026-04-13,259.2673359057164,259.71651601158027,256.2027973984465,258.73828125,36234700
MSFT,2026-04-13,372.10205289266787,382.98796126737693,369.5225100750242,382.8186340332031,35745800
NVDA,2026-04-13,185.81343445538195,189.43921351677633,185.52377876103736,189.08961486816406,133648200
QQQ,2026-04-13,608.8109292631304,626.0519920071752,607.4424380458482,616.7122802734375,32972100
AAPL,2026-04-14,258.78816168339415,261.4633801130582,256.73183388682423,258.368896484375,48370700
MSFT,2026-04-14,386.3543213772784,393.09698589720546,384.95994763093,391.5233459472656,37504500
NVDA,2026-04-14,190.61783708872017,196.28123474121094,190.54792650193752,196.28123474121094,161307000
QQQ,2026-04-14,619.5391066149297,627.909912109375,619.4192432257902,627.909912109375,49921100
AAPL,2026-04-15,257.7001261657452,266.08515659729386,257.35074355126085,265.95538330078125,49913500
MSFT,2026-04-15,396.3936283702306,412.69755239260473,395.1287651714373,409.5602722167969,45063400
NVDA,2026-04-15,196.31119931453722,200.166706463506,195.5121427945441,198.63848876953125,185338400
QQQ,2026-04-15,628.389443361703,637.1298380333551,627.5104045058445,636.7003173828125,50102400
AAPL,2026-04-16,266.3246925362851,266.6840670491935,260.804545264895,262.9307556152344,43323100
MSFT,2026-04-16,418.16537187855886,419.12151906860663,410.4765600541581,418.56378173828125,41642400
NVDA,2026-04-16,197.20015246424893,199.6173486077875,195.58204328148997,198.1190948486328,134012900
QQQ,2026-04-16,638.508341093032,641.4750515662109,634.5626649382287,639.7669067382812,42320600
AAPL,2026-04-17,266.4844323486072,271.8149160854778,266.24486962975914,269.7486267089844,61436200
MSFT,2026-04-17,423.10539315661504,429.83808848207923,418.99205736838906,421.0835876464844,48568200
NVDA,2026-04-17,199.66727910555997,201.46518667284232,199.03802288778024,201.44520568847656,160324400
QQQ,2026-04-17,644.8813252169399,649.2864572780229,643.3629742993419,648.1376953125,53488900
AAPL,2026-04-20,269.84841238867654,273.7913879220191,269.80850557942483,272.5635681152344,36590200
MSFT,2026-04-20,419.4501847919345,421.6213787702164,414.6197538627068,416.38262939453125,27582200
NVDA,2026-04-20,199.7471876833392,201.9346406188145,197.6096795882359,201.82476806640625,119381400
QQQ,2026-04-20,647.3285838511964,648.0478251654257,641.8146849601577,646.0799560546875,37138500
AAPL,2026-04-21,271.0163536236942,272.3140256362382,264.9272139873882,265.69586181640625,50209800
MSFT,2026-04-21,418.54386715015573,425.4558591722327,415.51615872358184,422.44805908203125,32048500
NVDA,2026-04-21,201.89470437258373,202.51397775047528,198.76834314349978,199.64732360839844,107945300
QQQ,2026-04-21,647.6981578004061,649.4862317832127,641.5050128476822,643.6226806640625,39580500
AAPL,2026-04-22,267.3429346055621,273.2523721409737,266.39461467279705,272.68341064453125,43249200
MSFT,2026-04-22,424.4698510786937,431.9495495900464,421.9600330275293,431.1726989746094,29378200
NVDA,2026-04-22,200.75603026628932,202.26426696777344,198.76834136586132,202.26426696777344,107501000
QQQ,2026-04-22,649.4363527672372,654.6106593494021,647.8081371457112,654.390869140625,37368400
AAPL,2026-04-23,274.56001085217736,275.2787294551341,271.1660737405759,272.9429016113281,33399600
MSFT,2026-04-23,418.19526527607866,421.9500379562064,409.7494810939023,414.07196044921875,38308000
NVDA,2026-04-23,202.22431724671497,203.59271751351986,196.99041179336916,199.4075927734375,113561800
QQQ,2026-04-23,652.8325617169355,656.1988574654163,644.8114082493845,650.7048950195312,40099800
AAPL,2026-04-24,272.2741016414235,272.5735550213531,269.16962610782736,270.5771179199219,38157100
MSFT,2026-04-24,415.28707116170386,423.23487407473965,414.12178001797366,422.90618896484375,27457400
NVDA,2026-04-24,199.72721882416832,210.70441481695215,199.57738430538978,208.0275421142578,214134400
QQQ,2026-04-24,657.7871447947734,663.7805584259092,655.8093378063087,663.1512451171875,45563100
AAPL,2026-04-27,265.6159889280984,267.88193422863776,264.59781690250213,267.1332702636719,41466800
MSFT,2026-04-27,420.6752229306716,425.38611256831246,415.3866572294081,423.1053771972656,30867300
NVDA,2026-04-27,209.4059296471886,216.5775789683675,207.13858324348888,216.3578338623047,187172400
QQQ,2026-04-27,662.6718094811696,663.7006471456002,659.9647623025988,663.5008544921875,32717000
AAPL,2026-04-28,271.8548539018017,272.7432830913257,268.181416710472,270.2277526855469,40018900
MSFT,2026-04-28,422.8563830057505,428.1847957314844,420.197146128082,427.5174865722656,30438100
NVDA,2026-04-28,209.24613572912838,214.4800260296235,207.95762889823203,212.92184448242188,180275400
QQQ,2026-04-28,656.6883250827437,658.9159186391063,653.0923012400261,656.8281860351562,34147900
AAPL,2026-04-29,267.07336249706583,270.55716597281076,266.56429174844374,269.688720703125,30047900
MSFT,2026-04-29,422.866306449911,425.0972860808559,418.59364353468584,422.7467956542969,38288300
NVDA,2026-04-29,212.4523894424142,212.47237042757808,207.33835459433345,209.00640869140625,123711800
QQQ,2026-04-29,657.906975030037,660.9935487523345,655.8692364466933,660.84375,31724900
AAPL,2026-04-30,270.018146234023,275.50834883767226,267.6623648300734,270.86663818359375,91848200
MSFT,2026-04-30,409.15192465494977,412.74737011555624,396.4035989759817,406.1341552734375,70909400
NVDA,2026-04-30,209.68560172993963,210.05518135667162,198.46867945247158,199.33767700195312,225239200
QQQ,2026-04-30,664.6195670718752,668.165718724101,656.8381407338443,667.0069580078125,40622200
AAPL,2026-05-01,278.36321169794013,286.7083346607987,277.87409435408995,279.6409606933594,79915400
MSFT,2026-05-01,411.1338775963461,415.4264794885345,408.7834174283456,412.76727294921875,31372400
NVDA,2026-05-01,201.0456862731779,202.76368521944246,196.89052532216473,198.21897888183594,128647000
QQQ,2026-05-01,668.425399726581,675.2279215792395,668.0658095505829,673.4099731445312,39172600
AAPL,2026-05-04,279.16182884121525,280.13010214166496,274.3703610857382,276.33685302734375,46668400
MSFT,2026-05-04,409.87897009526375,419.0816663151199,409.14193618030583,411.9505615234375,28066500
NVDA,2026-05-04,199.26774870200734,201.49514834231712,194.51329562325486,198.24893188476562,125368100
QQQ,2026-05-04,673.9193717407993,675.9871067346722,668.165745937857,672.141357421875,34542000
AAPL,2026-05-05,276.43668191704,284.0630869835518,276.00745521106614,283.67376708984375,49311700
MSFT,2026-05-05,413.6437352165572,415.09783400354706,407.1500311208482,409.7196350097656,25700900
NVDA,2026-05-05,199.06798360144137,200.00689171848026,195.80178617585554,196.271240234375,113406600
QQQ,2026-05-05,677.2157986999623,682.0205161358222,676.7662804889583,680.8617553710938,37101100
AAPL,2026-05-06,281.4177950537395,287.5168959460148,280.5693031693742,286.9978332519531,58336100
MSFT,2026-05-06,406.3532485673598,416.73120520087787,403.4748984673602,412.2891845703125,30285900
NVDA,2026-05-06,199.65729931010404,208.0275486883452,198.37879062945476,207.5880584716797,188362800
QQQ,2026-05-06,687.0250065058129,695.1660231170968,685.7263848294704,695.0062255859375,38778500
AAPL,2026-05-07,288.75467457606095,291.60959552514373,285.2709015174152,286.9279479980469,45224300
MSFT,2026-05-07,418.41437649189606,426.25263786097554,417.06984955189336,419.07171630859375,34942400
NVDA,2026-05-07,208.0974592073836,213.95063795079753,206.25960488465944,211.2537841796875,168307900
QQQ,2026-05-07,695.8153383268437,700.4701959320079,691.0106209986512,694.1771240234375,43779100
AAPL,2026-05-08,289.49338424193445,294.2349225642168,289.48339230776435,292.7974853515625,52692800
MSFT,2026-05-08,415.70537649227293,416.9403619714099,412.32904436576047,413.44451904296875,33383800
NVDA,2026-05-08,212.7820061205359,217.5464575316693,212.642169707093,214.94947814941406,136421400
QQQ,2026-05-08,699.1516368844667,710.44921875,698.7321150158692,710.44921875,44320400
AAPL,2026-05-11,291.72841688276577,293.6267735875138,289.979924827367,292.42779541015625,42247300
MSFT,2026-05-11,406.22377045102496,411.02432350049145,403.86334099070683,410.99444580078125,35657900
NVDA,2026-05-11,213.79081709888328,222.04121091513153,213.64099781886503,219.18453979492188,160685800
QQQ,2026-05-11,709.5801817559162,713.805579696499,708.1317613118729,712.5069580078125,36019100
AAPL,2026-05-12,292.3078994315659,295.0155556946294,292.3078994315659,294.54595947265625,45748100
MSFT,2026-05-12,412.8071154720842,413.8229876767416,404.9987623844293,406.1241760253906,38594200
NVDA,2026-05-12,218.29558003818886,223.48952345691538,214.6698009927987,220.52297973632812,159176600
QQQ,2026-05-12,707.4425277497028,709.4003981235137,695.8752835015275,706.463623046875,45873000
AAPL,2026-05-13,293.24708951115105,300.6607090744109,293.24708951115105,298.6124572753906,52684300
MSFT,2026-05-13,401.57265715241186,404.6700902960666,399.41140211310335,403.57452392578125,29667100
NVDA,2026-05-13,224.6681467194947,227.57476278227756,221.3120728008497,225.56710815429688,150405400
QQQ,2026-05-13,709.1806902070881,715.8633489513101,704.0563165931343,713.9254760742188,40012500
AAPL,2026-05-14,299.5616620172475,300.1911240450107,295.12548538387824,297.9530334472656,35324900
MSFT,2026-05-14,402.847493220503,410.1777730080913,399.2620170659624,407.7774963378906,27077500
NVDA,2026-05-14,229.58243343997336,236.26463268418732,229.03307065698914,235.465576171875,180782900
QQQ,2026-05-14,713.8355094170396,721.2374091114184,713.4359241362712,718.9998168945312,33327500
AAPL,2026-05-15,297.643304079477,302.93875555297063,296.26448829773227,299.9713134765625,54862800
MSFT,2026-05-15,412.5979239362014,426.4418454559798,411.2434277199191,420.2170715332031,50771200
NVDA,2026-05-15,229.49252726355346,231.23050718880455,223.97896415639156,225.05770874023438,180977600
QQQ,2026-05-15,709.3604881552494,714.3450008365951,704.7754998097428,708.1517944335938,51792700
AAPL,2026-05-18,299.98126929450746,300.4009207908792,294.6558756451712,297.5833435058594,34483000
MSFT,2026-05-18,414.93848271907115,423.40417602339767,413.9325494355234,421.83056640625,32564100
NVDA,2026-05-18,229.60240180074675,229.7322553439391,218.1157890335498,222.0612030029297,146280900
QQQ,2026-05-18,710.7588622671137,711.2883097073819,698.0827906816122,705.1051025390625,49834500
AAPL,2026-05-19,296.7140952726279,300.2510533099592,296.09463441963413,298.7123718261719,42243600
MSFT,2026-05-19,428.16486989475214,430.9535870211983,414.808990493047,415.7352600097656,33018700
NVDA,2026-05-19,219.36432694236115,224.21866983705235,217.6563261548179,220.35317993164062,140948200
QQQ,2026-05-19,699.0418050981273,705.714465040699,694.4868131207006,700.7599487304688,46827500
AAPL,2026-05-20,297.9230626302997,302.5390768782648,297.82314269813475,301.98956298828125,38229800
MSFT,2026-05-20,412.49835957243755,420.3963455784958,409.63991780241736,419.36053466796875,27864000
NVDA,2026-05-20,222.9201831873553,225.8667612103758,220.2433103590018,223.20985412597656,184201600
QQQ,2026-05-20,704.5157692199168,712.3671875,703.0174157954351,712.3671875,36779200
AAPL,2026-05-21,300.80056674721834,305.27671719779084,300.1411318265125,304.7271728515625,42965100
MSFT,2026-05-21,423.9518891931334,425.5388979071037,414.92886694253497,418.3025207519531,31393500
NVDA,2026-05-21,222.03121805596584,227.13526994336974,217.6762930684293,219.25445556640625,203381800
QQQ,2026-05-21,708.2116871156971,716.3327671783537,705.9941534147096,713.7256469726562,36415400
AAPL,2026-05-22,305.85620846339293,311.13165741506583,305.57645096183757,308.55389404296875,43670200
MSFT,2026-05-22,418.7517174636334,423.60257118762803,415.54772693408205,417.7835388183594,22390300
NVDA,2026-05-22,220.64283833374193,220.75271088945502,214.54994865072538,215.07933044433594,169275700
QQQ,2026-05-22,717.2817668085307,721.3273088449104,715.1640988544713,716.7523193359375,33118600
AAPL,2026-05-26,309.29325163060713,311.5513139598484,307.4048960873393,308.0643005371094,48000500
MSFT,2026-05-26,415.6475333356961,418.9812539216563,412.24393696715845,415.248291015625,30398000
NVDA,2026-05-26,216.28791550863897,217.92600574795006,211.75320730356688,214.60987854003906,187202600
QQQ,2026-05-26,725.1631283460116,730.3673702569255,723.3650554496121,729.4783935546875,34254700
AAPL,2026-05-27,308.0643052358437,312.9900803339556,308.0343323058515,310.5821533203125,50430900
MSFT,2026-05-27,410.23773822181624,415.15846763645,408.8104019854481,411.8946228027344,28901500
NVDA,2026-05-27,213.87072806866348,213.90069192498567,208.53694826896,212.35250854492188,167601200
QQQ,2026-05-27,732.155448805963,732.515039000156,724.6436840304248,728.6492919921875,35148700
AAPL,2026-05-28,310.412282475935,312.5304508120942,309.30325358892543,312.24072265625,48220400
MSFT,2026-05-28,412.2040283766931,428.68298564682067,411.89461329838434,426.18768310546875,47250500
NVDA,2026-05-28,211.03403615445995,215.2691056248748,210.97410844231206,214.00057983398438,143996000
QQQ,2026-05-28,728.9289290608506,735.7913827320126,725.6125662306399,734.79248046875,32840000
AAPL,2026-05-29,311.5113496628706,314.7285763294451,309.2632884033746,311.7911071777344,70026800
MSFT,2026-05-29,431.7372486144539,449.48383969057267,431.54760317786213,449.3940124511719,79654400
NVDA,2026-05-29,214.33020874183248,217.6063892667686,210.88422794322287,210.8942108154297,289410600
QQQ,2026-05-29,737.0300569298091,740.815874477768,734.4428732975097,737.49951171875,37541700
AAPL,2026-06-01,309.363197507879,310.67206624496237,304.7571540774977,306.0460510253906,48849900
MSFT,2026-06-01,463.96658383705716,465.4438139523178,457.40892124774234,459.6546936035156,53628900
NVDA,2026-06-01,215.47885750139108,224.60821672379726,215.44889364463796,224.09881591796875,212850700
QQQ,2026-06-01,736.2309273283665,744.8315224447946,735.1820921097265,741.9246826171875,33890600
AAPL,2026-06-02,307.1950545511415,315.1781903378333,306.42572903356995,314.92840576171875,44534700
MSFT,2026-06-02,446.0403151791343,452.64787129328397,439.6024225764256,440.48077392578125,37036800
NVDA,2026-06-02,226.91551751623658,232.00958636747916,221.09231801448135,222.56060791015625,193362900
QQQ,2026-06-02,741.5850600741305,745.6206032443648,738.4184960219842,745.3408813476562,30085200
AAPL,2026-06-03,313.9092501546009,316.6668815001487,308.5838566628498,309.9926452636719,50836700
MSFT,2026-06-03,437.62618910935214,439.56254639446627,423.45285793258154,426.53704833984375,39037000
NVDA,2026-06-03,221.46188713313538,222.56061267075634,214.2602739078757,214.5,160907000
QQQ,2026-06-03,746.4896389980919,747.828194840854,740.1965670083828,743.39306640625,40270200
AAPL,2026-06-04,312.96009909963743,313.26982953176514,309.38316692864953,310.9618225097656,44869100
MSFT,2026-06-04,434.9911260035114,435.33048350032107,425.60879436274143,427.2456970214844,26899500
NVDA,2026-06-04,213.91000366210938,221.60000610351562,210.97000122070312,218.66000366210938,169022200
QQQ,2026-06-04,734.6726235372454,742.6838392688934,731.815777671541,739.7969970703125,40782600
AAPL,2026-06-05,312.5903972939029,314.8984348439246,306.8853260765596,307.0751647949219,65310500
MSFT,2026-06-05,427.5351398188391,428.66302140752947,413.6213308264138,415.8870849609375,34782200
NVDA,2026-06-05,214.52999877929688,214.8699951171875,204.3300018310547,205.10000610351562,219655500
QQQ,2026-06-05,729.2585667367451,730.8867822650427,703.5468328396532,704.2860107421875,99606600
AAPL,2026-06-08,308.4739595974908,317.1265012321255,300.9105055796523,301.2801818847656,77949100
MSFT,2026-06-08,413.3618539280056,416.37616844333525,407.79232157753756,410.9663391113281,32086700
NVDA,2026-06-08,210.17999267578125,210.47000122070312,206.0,208.63999938964844,138372800
QQQ,2026-06-08,717.0220156925686,722.2363170978037,712.2872288217055,715.283935546875,47401500
AAPL,2026-06-09,300.0212482417878,300.4908444635933,287.5320194610898,290.29962158203125,70108800
MSFT,2026-06-09,408.26144336727174,411.20591258759293,397.7312786929967,402.6520080566406,35317300
NVDA,2026-06-09,210.6199951171875,211.39999389648438,199.33999633789062,208.19000244140625,180962500
QQQ,2026-06-09,722.1863106332692,724.863361278284,685.6165148330579,707.052978515625,91932200
AAPL,2026-06-10,290.4894628291428,294.4960172141002,287.1323727394638,291.3287353515625,52793300
MSFT,2026-06-10,397.80110870103243,404.2789346443135,396.41373636313654,396.61334228515625,32576000
NVDA,2026-06-10,204.42999267578125,207.22000122070312,199.9199981689453,200.4199981689453,161746600
QQQ,2026-06-10,700.8897497708573,710.4992458337158,692.1693523412803,692.9285278320312,65334300
AAPL,2026-06-11,293.4668864344149,296.7440586571729,289.3404406054596,295.375244140625,42572500
MSFT,2026-06-11,394.46741202742857,396.1043451719433,383.278483574852,389.6065673828125,47224100
NVDA,2026-06-11,201.49000549316406,205.66000366210938,199.5399932861328,204.8699951171875,158643200
QQQ,2026-06-11,698.5223198057862,717.5813914617661,694.2370511794155,716.332763671875,71798900
AAPL,2026-06-12,295.7749221682621,296.88398158337014,289.3704417369658,290.879150390625,38742100
MSFT,2026-06-12,390.6945042817559,391.003919361718,381.55171206615995,390.00579833984375,34865800
NVDA,2026-06-12,204.86000061035156,207.07000732421875,203.44000244140625,205.19000244140625,112001800
QQQ,2026-06-12,716.8222099862159,723.2152086039907,710.4992028084189,720.5481567382812,51168400
AAPL,2026-06-15,293.8665449684006,297.5233947188816,291.4486474146935,296.1645812988281,45732600
MSFT,2026-06-15,396.05442037645633,400.99513175706005,392.11186050588947,399.0088806152344,32266400
NVDA,2026-06-15,208.9199981689453,212.7100067138672,208.33999633789062,212.4499969482422,149936700
QQQ,2026-06-15,737.2897407963812,743.9424640540115,736.5705604269921,743.1832885742188,46710200
AAPL,2026-06-16,294.99559499590845,300.2210994929347,293.71669913987887,298.9821472167969,39874400
MSFT,2026-06-16,395.0463355104342,396.094350419825,389.9559121071713,393.0899963378906,31506800
NVDA,2026-06-16,211.17999267578125,211.49000549316406,207.2899932861328,207.41000366210938,125694100
QQQ,2026-06-16,741.4351902855873,743.4029984406948,728.8390476265988,729.0587768554688,45348700
AAPL,2026-06-17,300.59074812548096,301.8096980081642,294.10632015937927,295.6949768066406,42745100
MSFT,2026-06-17,389.51671695343225,389.6364865987809,376.6110198431126,378.1980285644531,41987800
NVDA,2026-06-17,208.52999877929688,209.2100067138672,203.0800018310547,204.64999389648438,128363500
QQQ,2026-06-17,734.38293083454,734.8723831709506,720.058646070882,721.7168579101562,51669300
AAPL,2026-06-18,297.8530937792582,300.31099586682666,295.3652492546472,297.7532043457031,85962200
MSFT,2026-06-18,377.11008548581106,380.6534028700893,372.5786075934489,378.6871032714844,59714200
NVDA,2026-06-18,207.3300018310547,211.38999938964844,206.5,210.69000244140625,241272000
QQQ,2026-06-18,736.390778085872,741.005701773832,731.7059239216511,739.8070068359375,50154600
AAPL,2026-06-22,297.05381866220307,302.1594314563154,296.5043047694293,296.75408935546875,44879900
MSFT,2026-06-22,375.0339909424311,380.9129385065033,366.3802985575179,366.6497802734375,45171100
NVDA,2026-06-22,211.44000244140625,213.99000549316406,207.72000122070312,208.64999389648438,122041400
QQQ,2026-06-22,742.02001953125,745.4500122070312,734.3900146484375,737.9500122070312,43518600
AAPL,2026-06-23,297.2836155142734,301.3800886038737,293.9264950024863,294.04638671875,52010900
MSFT,2026-06-23,371.6802994138851,376.51120135394876,369.9735210485466,373.23736572265625,40647600
NVDA,2026-06-23,202.1699981689453,203.77000427246094,200.0,200.0399932861328,153496200
QQQ,2026-06-23,715.739990234375,723.6099853515625,712.1099853515625,713.6500244140625,53354200
AAPL,2026-06-24,295.1054570720635,299.4417438827621,292.68755959702736,292.8274230957031,53081900
MSFT,2026-06-24,370.87185096853153,378.16811350773463,364.09460041679364,364.7733154296875,44509900
NVDA,2026-06-24,200.1199951171875,201.6699981689453,196.5800018310547,199.0,151810700
QQQ,2026-06-24,715.3699951171875,719.9299926757812,704.4500122070312,710.6199951171875,52480400
AAPL,2026-06-25,287.1523472601469,288.55113481081804,273.5141152813601,274.91290283203125,107013700
MSFT,2026-06-25,362.0883479855026,363.5456265920902,348.54386902384044,352.1670227050781,66179000
NVDA,2026-06-25,200.0800018310547,200.8000030517578,192.1300048828125,195.74000549316406,149550000
QQQ,2026-06-25,725.9000244140625,726.8300170898438,705.2999877929688,716.3800048828125,49668000
AAPL,2026-06-26,274.7630284991681,285.70360492137456,273.9737007161028,283.53546142578125,261775500
MSFT,2026-06-26,356.4789138154501,375.90234020580533,354.762144454129,372.2691955566406,186201600
NVDA,2026-06-26,193.1199951171875,195.5500030517578,191.22000122070312,192.52999877929688,179304100
QQQ,2026-06-26,707.1300048828125,715.5599975585938,702.8099975585938,706.52001953125,47081800
AAPL,2026-06-29,286.4829438934296,288.12151489662153,279.6088673150861,281.4972229003906,66427000
MSFT,2026-06-29,376.790685328561,379.7850483907747,359.2237492715265,367.8774719238281,51229900
NVDA,2026-06-29,193.85000610351562,196.17999267578125,189.8000030517578,194.97000122070312,148835700
QQQ,2026-06-29,713.989990234375,724.5800170898438,705.1699829101562,724.0800170898438,44939100
AAPL,2026-06-30,280.9277417485351,289.69017405322865,280.45814550695326,289.11065673828125,65100200
MSFT,2026-06-30,370.3328407149792,373.44697342275583,366.7595808670141,372.319091796875,44945700
NVDA,2026-06-30,197.24000549316406,200.6300048828125,195.11000061035156,200.08999633789062,166476700
QQQ,2026-06-30,724.1799926757812,737.6199951171875,723.9099731445312,736.4000244140625,42121800
AAPL,2026-07-01,293.1871503157195,296.33442991747245,288.95081360688545,294.1263427734375,50164200
MSFT,2026-07-01,380.1144231011508,388.09939143880604,374.18561213385976,383.5579528808594,48065800
NVDA,2026-07-01,196.1999969482422,199.85000610351562,193.4499969482422,197.5800018310547,146147600
QQQ,2026-07-01,729.1900024414062,731.9199829101562,724.5999755859375,725.1699829101562,40803800
AAPL,2026-07-02,293.866538367699,309.15337194761725,293.4269150966668,308.3640441894531,75352800
MSFT,2026-07-02,383.7575696594082,391.4630649298244,382.97903650468743,389.7562561035156,42128900
NVDA,2026-07-02,197.13999938964844,200.05999755859375,192.35000610351562,194.8300018310547,142068700
QQQ,2026-07-02,725.5800170898438,730.8300170898438,707.5599975585938,712.5999755859375,50959800
AAPL,2026-07-06,307.0951430290638,313.9292760509671,306.7354678654279,312.3905944824219,53590000
MSFT,2026-07-06,386.31276024010407,388.418780928489,380.5036887115837,386.0133056640625,34224500
NVDA,2026-07-06,194.4199981689453,197.5500030517578,193.99000549316406,195.5500030517578,108999000
QQQ,2026-07-06,719.9299926757812,726.0800170898438,718.4500122070312,722.8200073242188,30220400
AAPL,2026-07-07,315.0183186077797,315.20815732134815,309.88273318392555,310.3923034667969,42490000
MSFT,2026-07-07,391.75251064257776,394.8267404517197,387.4905448392632,388.109375,29297500
NVDA,2026-07-07,192.3699951171875,198.41000366210938,191.13999938964844,196.92999267578125,124154600
QQQ,2026-07-07,714.1699829101562,716.3499755859375,704.9000244140625,709.4299926757812,42483100
AAPL,2026-07-08,311.6412289475945,314.5487250421545,306.7854009831778,313.1199645996094,41323500
MSFT,2026-07-08,383.3084264217563,384.58602015004215,380.6134873969759,382.6197204589844,25908300
NVDA,2026-07-08,195.17999267578125,205.16000366210938,195.05999755859375,204.1199951171875,147419100
QQQ,2026-07-08,704.9500122070312,712.260009765625,700.9099731445312,711.4400024414062,35603200
AAPL,2026-07-09,310.24243869469103,316.2572401947346,307.8944576262147,315.947509765625,48124500
MSFT,2026-07-09,373.74643420118315,383.92725049460796,372.64849496928053,383.6377868652344,31083200
NVDA,2026-07-09,204.4600067138672,204.58999633789062,198.9600067138672,202.77999877929688,132037400
QQQ,2026-07-09,718.3300170898438,724.22998046875,715.1300048828125,723.280029296875,33654700
AAPL,2026-07-10,314.4488202226986,316.6369356310425,311.9010296470402,315.0483093261719,34132300
MSFT,2026-07-10,387.07131223677504,391.1736053926777,380.783162110783,384.37640380859375,24644600
NVDA,2026-07-10,202.0,211.0,201.9199981689453,210.9600067138672,148421000
QQQ,2026-07-10,720.7000122070312,726.3900146484375,717.0,725.510009765625,26415900
AAPL,2026-07-13,316.7468014245228,323.171283634363,315.5078797345754,317.03656005859375,43257800
MSFT,2026-07-13,387.02143811329415,392.91034623109437,383.4281962321871,390.2553405761719,28914900
NVDA,2026-07-13,208.5399932861328,210.57000732421875,203.0,203.52999877929688,121411000
QQQ,2026-07-13,717.719970703125,718.739990234375,710.0800170898438,711.739990234375,36552400
AAPL,2026-07-14,313.48965629761443,315.91755515351207,311.64124426456783,314.58868408203125,36336800
MSFT,2026-07-14,382.1007052927433,387.46061042423804,377.93852713765,384.20672607421875,27863900
NVDA,2026-07-14,208.1999969482422,212.5500030517578,203.8000030517578,211.8000030517578,124379600
QQQ,2026-07-14,720.219970703125,722.2899780273438,714.3400268554688,719.6900024414062,29448100
AAPL,2026-07-15,317.34631234952286,328.44675508114506,317.0465830462295,327.2178039550781,60957600
MSFT,2026-07-15,387.07132248997675,398.2103568181361,385.6739591427675,394.8866271972656,36253700
NVDA,2026-07-15,211.9600067138672,213.80999755859375,206.0399932861328,212.5,124797200
QQQ,2026-07-15,723.8499755859375,724.3599853515625,710.22998046875,717.739990234375,32627600
AAPL,2026-07-16,327.72736328456057,334.3915986652446,326.50841333986017,332.97283935546875,62970600
MSFT,2026-07-16,397.56157784187184,405.2271399033625,391.31333055964967,400.3463439941406,37047400
NVDA,2026-07-16,210.1699981689453,211.0800018310547,205.85000610351562,207.39999389648438,122986100
QQQ,2026-07-16,712.010009765625,713.5999755859375,702.6099853515625,705.9400024414062,39402000
AAPL,2026-07-17,331.693929977533,334.7013154010385,328.71648699084636,333.452392578125,63407100
MSFT,2026-07-17,394.1180409920291,397.64143734197864,388.6583483977542,393.08001708984375,33049800
NVDA,2026-07-17,202.63999938964844,206.64999389648438,197.97000122070312,202.80999755859375,144281900
QQQ,2026-07-17,691.6500244140625,702.2999877929688,686.760009765625,695.3300170898438,54109300
AAPL,2026-07-20,333.2226134619852,333.4224228207836,323.4010672140761,326.3085632324219,53468000
MSFT,2026-07-20,390.67455694621333,402.4224305318551,388.91785418191677,401.53411865234375,27915800
NVDA,2026-07-20,205.8699951171875,207.74000549316406,202.27999877929688,203.27999877929688,88701500
QQQ,2026-07-20,702.1599731445312,705.7999877929688,695.510009765625,696.0599975585938,29687600
AAPL,2026-07-21,322.85156758462244,329.3159936819017,321.94234806189104,327.45758056640625,41338900
MSFT,2026-07-21,398.0606303262699,400.7156358198418,395.57531880381754,397.00262451171875,24126600
NVDA,2026-07-21,207.5399932861328,208.64999389648438,204.00999450683594,207.2899932861328,108685600
QQQ,2026-07-21,706.5700073242188,710.0499877929688,702.7999877929688,708.969970703125,33728300
AAPL,2026-07-22,327.58746619388995,328.7164973399543,323.0613709608057,325.60919189453125,38755900
MSFT,2026-07-22,398.8291961465565,400.246541441447,386.2329133568751,389.6065673828125,28142500
NVDA,2026-07-22,205.80999755859375,214.38999938964844,204.9499969482422,212.05999755859375,137645600
QQQ,2026-07-22,703.6199951171875,709.6500244140625,703.6199951171875,705.3499755859375,23692200
AAPL,2026-07-23,321.4527900194849,323.0214140443725,319.0748358849152,321.3828430175781,40840800
MSFT,2026-07-23,389.23725659651495,391.04385321150613,376.68090752842744,380.8630065917969,30351800
NVDA,2026-07-23,209.4600067138672,210.8699951171875,205.9600067138672,208.75999450683594,110505300
QQQ,2026-07-23,694.6699829101562,698.6599731445312,687.7899780273438,691.9600219726562,44028600
AAPL,2026-07-24,321.5127284115298,334.0818750563203,321.3428614810286,332.7330322265625,47489400
MSFT,2026-07-24,386.32274187573427,388.29903252889795,379.9347732203772,380.9828186035156,27659400
NVDA,2026-07-24,207.4499969482422,211.91000366210938,204.80999755859375,206.83999633789062,114836800
QQQ,2026-07-24,690.4099731445312,692.6300048828125,682.47998046875,684.22998046875,42876700
AAPL,2026-07-27,334.2517370375488,339.277401491225,333.73216560461384,336.61968994140625,49604300
MSFT,2026-07-27,389.3470355932277,393.45931979821836,387.2609663085435,388.368896484375,27856200
NVDA,2026-07-27,208.1999969482422,208.75,195.44000244140625,196.50999450683594,154353700
QQQ,2026-07-27,691.6799926757812,692.2999877929688,675.9500122070312,682.1199951171875,42681500
AAPL,2026-07-28,339.73698155301014,342.59453283396704,335.31080637618777,339.78692626953125,51859000
MSFT,2026-07-28,392.4212554523594,399.56780545733704,390.5647345556998,392.61090087890625,32367500
NVDA,2026-07-28,195.0,198.6999969482422,192.74000549316406,197.00999450683594,134111500
QQQ,2026-07-28,676.22998046875,679.4000244140625,667.8800048828125,675.489990234375,51398700
AAPL,2026-07-29,339.43727163464206,344.2730974331505,337.0593175600121,337.8985900878906,56090800
MSFT,2026-07-29,392.6607942930367,400.4960502148319,388.00954678983055,389.8061828613281,47209000
NVDA,2026-07-29,195.85000610351562,197.07000732421875,190.00999450683594,190.00999450683594,147680800
QQQ,2026-07-29,675.510009765625,680.0499877929688,661.1400146484375,661.72998046875,57233300
AAPL,2026-07-30,332.8129674612056,334.4615395264105,329.30598233808786,333.1426696777344,74817800
MSFT,2026-07-30,437.07720086969465,457.8281459885008,431.6274684759506,450.2524108886719,110160700
NVDA,2026-07-30,193.4499969482422,197.25,191.52000427246094,195.0399932861328,129010200
QQQ,2026-07-30,674.760009765625,685.1199951171875,673.2999877929688,683.5499877929688,66753700
AAPL,2026-07-31,304.54735603914753,310.4222943774597,299.7415030462749,308.6438293457031,132489100
MSFT,2026-07-31,449.1544591210436,465.962813447145,448.4857046349594,463.8468017578125,60846000
NVDA,2026-07-31,198.44000244140625,202.0,194.9499969482422,200.75,139961200
QQQ,2026-07-31,692.1099853515625,695.77001953125,680.0499877929688,687.989990234375,50540500
AAPL,2026-08-03,309.313234694189,311.5313230344714,302.29929450581176,303.1585693359375,75052000
MSFT,2026-08-03,475.2353605631651,490.7261876465455,474.10747895013026,486.73370361328125,66762100
NVDA,2026-08-03,197.69000244140625,208.74000549316406,196.85000610351562,206.63999938964844,128406900
QQQ,2026-08-03,688.2999877929688,701.5900268554688,685.8200073242188,700.0700073242188,44965100
AAPL,2026-08-04,302.46913991298527,310.1525156602479,301.0603512911937,309.1134033203125,68001000
MSFT,2026-08-04,479.99640781848416,498.50158065157444,478.2696778930625,491.884033203125,50455500
NVDA,2026-08-04,211.3000030517578,213.05999755859375,209.0500030517578,211.94000244140625,134922000
QQQ,2026-08-04,708.1599731445312,725.6599731445312,707.530029296875,723.8499755859375,59778600
AAPL,2026-08-05,309.09342362565195,311.4414048335362,305.40663118634393,310.7320251464844,49438800
MSFT,2026-08-05,495.42733843271316,497.3038108374591,484.7674131728324,486.5440673828125,33388900
NVDA,2026-08-05,216.86000061035156,222.22000122070312,216.39999389648438,219.22000122070312,158187400
QQQ,2026-08-05,726.25,728.5399780273438,716.9199829101562,717.2999877929688,33540200
AAPL,2026-08-06,314.06913775686996,316.0174696892129,308.96355554648414,312.14080810546875,46139900
MSFT,2026-08-06,487.6319998350186,500.61756372489685,487.60205742358346,498.9207458496094,36441500
NVDA,2026-08-06,221.52999877929688,223.6300048828125,217.0,218.99000549316406,113940600
QQQ,2026-08-06,710.8200073242188,719.3200073242188,708.5,714.6500244140625,33035900
AAPL,2026-08-07,311.1816431226555,314.53873325457766,310.47223295908327,313.05999755859375,34437200
MSFT,2026-08-07,498.2719734340298,504.23075699317457,497.79289485093346,499.0505065917969,28846200
NVDA,2026-08-07,221.5399932861328,224.75999450683594,220.66000366210938,223.9600067138672,105669400
QQQ,2026-08-07,720.1500244140625,723.6300048828125,716.510009765625,723.030029296875,31070400
AAPL,2026-08-10,306.8299865722656,308.260009765625,304.6099853515625,308.260009765625,44812500
MSFT,2026-08-10,502.4940586092805,512.7647021753171,501.32624359045303,505.109130859375,31206100
NVDA,2026-08-10,223.39999389648438,224.13999938964844,216.77000427246094,217.5500030517578,115846600
QQQ,2026-08-10,722.3900146484375,724.6699829101562,720.3300170898438,720.8699951171875,26243200
AAPL,2026-08-11,307.75,309.9700012207031,302.7900085449219,304.9100036621094,37476700
MSFT,2026-08-11,503.3823542433026,504.38047525067043,498.61133704649393,502.86334228515625,23049800
NVDA,2026-08-11,222.1699981689453,222.1999969482422,216.1999969482422,217.5,101273100
QQQ,2026-08-11,723.2899780273438,723.3499755859375,715.5,718.4500122070312,29286100
AAPL,2026-08-12,305.1000061035156,305.6600036621094,300.57000732421875,302.25,41657800
MSFT,2026-08-12,499.0505227551261,500.557695253814,490.59643643442394,491.5047302246094,29001500
NVDA,2026-08-12,221.0399932861328,225.10000610351562,220.1999969482422,224.08999633789062,108783600
QQQ,2026-08-12,727.0800170898438,727.25,722.9199829101562,723.7000122070312,29066000
AAPL,2026-08-13,304.2099914550781,306.0,302.04998779296875,305.260009765625,40349300
MSFT,2026-08-13,492.34314786956145,500.3979918654044,492.0836571155829,495.9463806152344,23039000
NVDA,2026-08-13,225.05999755859375,227.22999572753906,223.7100067138672,225.3000030517578,98867200
QQQ,2026-08-13,725.1500244140625,733.9600219726562,724.030029296875,732.0700073242188,31599700
AAPL,2026-08-14,306.0,307.489990234375,304.29998779296875,305.92999267578125,28229400
MSFT,2026-08-14,495.42733437790497,499.07050046550256,492.991947114923,494.4691467285156,16217600
NVDA,2026-08-14,226.77000427246094,227.49000549316406,224.5,225.16000366210938,75680900
QQQ,2026-08-14,733.4099731445312,734.3900146484375,728.3200073242188,731.0700073242188,23790600
AAPL,2026-08-17,306.2099914550781,307.6600036621094,302.94000244140625,305.5899963378906,38169300
MSFT,2026-08-17,489.21906226283284,491.73431632358415,477.51109147171053,479.44744873046875,29635800
NVDA,2026-08-17,225.97999572753906,227.9199981689453,224.86000061035156,225.00999450683594,93678700
QQQ,2026-08-17,732.9500122070312,734.5800170898438,729.27001953125,729.8699951171875,26452600
AAPL,2026-08-18,307.5799865722656,311.489990234375,305.739990234375,310.0299987792969,53424500
MSFT,2026-08-18,480.6352093836093,483.36006030134655,476.2534434403709,480.72503662109375,24087600
NVDA,2026-08-18,220.4499969482422,221.63999938964844,218.69000244140625,219.74000549316406,103128200
QQQ,2026-08-18,720.2100219726562,722.1300048828125,715.9199829101562,717.510009765625,48997200
AAPL,2026-08-19,310.1400146484375,319.2799987792969,309.6000061035156,316.8299865722656,50505600
MSFT,2026-08-19,479.16797047398614,488.3806080919379,478.4592826108848,483.3999938964844,19961900
NVDA,2026-08-19,221.6699981689453,222.8699951171875,216.75999450683594,217.55999755859375,96797300
QQQ,2026-08-19,720.3900146484375,721.5,712.6099853515625,716.0800170898438,35801700
AAPL,2026-08-20,317.4599914550781,320.2799987792969,310.6499938964844,311.29998779296875,40959200
MSFT,2026-08-20,483.29998779296875,484.1600036621094,479.5,481.1499938964844,20020800
NVDA,2026-08-20,218.36000061035156,219.86000061035156,215.66000366210938,216.85000610351562,92457000
QQQ,2026-08-20,712.0900268554688,714.9400024414062,708.52001953125,710.9299926757812,33396400
AAPL,2026-08-21,312.04998779296875,312.3800048828125,307.010009765625,309.3500061035156,46876800
MSFT,2026-08-21,479.8800048828125,486.3599853515625,478.5299987792969,483.239990234375,22510800
NVDA,2026-08-21,218.4199981689453,218.74000549316406,214.5,214.72000122070312,98869300
QQQ,2026-08-21,715.22998046875,715.6699829101562,709.2000122070312,713.4400024414062,33399400
AAPL,2026-08-24,311.4700012207031,313.3599853515625,309.9700012207031,310.3399963378906,34673600
MSFT,2026-08-24,483.2099914550781,490.6099853515625,481.8599853515625,487.30999755859375,17230800
NVDA,2026-08-24,215.52999877929688,215.58999633789062,207.25,208.47999572753906,135187300
QQQ,2026-08-24,709.6599731445312,709.7899780273438,702.7000122070312,706.3200073242188,37443100
AAPL,2026-08-25,310.7900085449219,313.5899963378906,308.2099914550781,309.8999938964844,25869800
MSFT,2026-08-25,485.44000244140625,492.44000244140625,484.29998779296875,491.7099914550781,19519000
NVDA,2026-08-25,211.02999877929688,214.72999572753906,210.11000061035156,213.0500030517578,122309000
QQQ,2026-08-25,711.219970703125,714.0399780273438,707.4500122070312,710.719970703125,23869600
AAPL,2026-08-26,310.29998779296875,315.42999267578125,308.79998779296875,313.45001220703125,34024500
MSFT,2026-08-26,487.8500061035156,497.3999938964844,487.30999755859375,496.3699951171875,20758900
NVDA,2026-08-26,212.63999938964844,213.60000610351562,209.22999572753906,209.66000366210938,179900000
QQQ,2026-08-26,708.4099731445312,713.02001953125,707.969970703125,711.3699951171875,20392400
AAPL,2026-08-27,310.54998779296875,315.3999938964844,309.3999938964844,314.5799865722656,32419200
MSFT,2026-08-27,494.8800048828125,506.4800109863281,490.0799865722656,505.05999755859375,28688800
NVDA,2026-08-27,222.86000061035156,230.47000122070312,220.89999389648438,227.97999572753906,298909800
QQQ,2026-08-27,716.9299926757812,721.3499755859375,714.530029296875,721.1099853515625,28723500
AAPL,2026-08-28,316.8500061035156,322.3699951171875,315.45001220703125,319.70001220703125,38649400
MSFT,2026-08-28,505.3299865722656,517.780029296875,504.8699951171875,513.530029296875,29207300
NVDA,2026-08-28,227.36000061035156,229.25999450683594,216.80999755859375,217.5500030517578,195116400
QQQ,2026-08-28,719.739990234375,724.1300048828125,715.0900268554688,716.4299926757812,34105400
AAPL,2026-08-31,319.6000061035156,321.239990234375,312.79998779296875,316.8500061035156,41242700
MSFT,2026-08-31,510.3800048828125,512.1900024414062,506.3900146484375,507.2900085449219,27208900
NVDA,2026-08-31,218.8699951171875,221.3000030517578,216.2100067138672,220.77999877929688,124702700
QQQ,2026-08-31,715.1699829101562,717.5800170898438,713.1599731445312,716.760009765625,32237200
