Date,target_date,actual,predicted,probability_up,split,experiment,model,seed
2023-07-03,2023-07-05,0,1,0.5772357723577236,validation,baseline,majority_class,
2023-07-05,2023-07-06,1,1,0.5772357723577236,validation,baseline,majority_class,
2023-07-06,2023-07-07,0,1,0.5772357723577236,validation,baseline,majority_class,
2023-07-07,2023-07-10,0,1,0.5772357723577236,validation,baseline,majority_class,
2023-07-10,2023-07-11,0,1,0.5772357723577236,validation,baseline,majority_class,
2023-07-11,2023-07-12,1,1,0.5772357723577236,validation,baseline,majority_class,
2023-07-12,2023-07-13,1,1,0.5772357723577236,validation,baseline,majority_class,
2023-07-13,2023-07-14,1,1,0.5772357723577236,validation,baseline,majority_class,
2023-07-14,2023-07-17,1,1,0.5772357723577236,validation,baseline,majority_class,
2023-07-17,2023-07-18,0,1,0.5772357723577236,validation,baseline,majority_class,
2023-07-18,2023-07-19,1,1,0.5772357723577236,validation,baseline,majority_class,
2023-07-19,2023-07-20,0,1,0.5772357723577236,validation,baseline,majority_class,
2023-07-20,2023-07-21,0,1,0.5772357723577236,validation,baseline,majority_class,
2023-07-21,2023-07-24,1,1,0.5772357723577236,validation,baseline,majority_class,
2023-07-24,2023-07-25,1,1,0.5772357723577236,validation,baseline,majority_class,
2023-07-25,2023-07-26,1,1,0.5772357723577236,validation,baseline,majority_class,
2023-07-26,2023-07-27,0,1,0.5772357723577236,validation,baseline,majority_class,
2023-07-27,2023-07-28,1,1,0.5772357723577236,validation,baseline,majority_class,
2023-07-28,2023-07-31,1,1,0.5772357723577236,validation,baseline,majority_class,
2023-07-31,2023-08-01,0,1,0.5772357723577236,validation,baseline,majority_class,
2023-08-01,2023-08-02,0,1,0.5772357723577236,validation,baseline,majority_class,
2023-08-02,2023-08-03,0,1,0.5772357723577236,validation,baseline,majority_class,
2023-08-03,2023-08-04,0,1,0.5772357723577236,validation,baseline,majority_class,
2023-08-04,2023-08-07,0,1,0.5772357723577236,validation,baseline,majority_class,
2023-08-07,2023-08-08,1,1,0.5772357723577236,validation,baseline,majority_class,
2023-08-08,2023-08-09,0,1,0.5772357723577236,validation,baseline,majority_class,
2023-08-09,2023-08-10,0,1,0.5772357723577236,validation,baseline,majority_class,
2023-08-10,2023-08-11,1,1,0.5772357723577236,validation,baseline,majority_class,
2023-08-11,2023-08-14,1,1,0.5772357723577236,validation,baseline,majority_class,
2023-08-14,2023-08-15,0,1,0.5772357723577236,validation,baseline,majority_class,
2023-08-15,2023-08-16,0,1,0.5772357723577236,validation,baseline,majority_class,
2023-08-16,2023-08-17,0,1,0.5772357723577236,validation,baseline,majority_class,
2023-08-17,2023-08-18,1,1,0.5772357723577236,validation,baseline,majority_class,
2023-08-18,2023-08-21,1,1,0.5772357723577236,validation,baseline,majority_class,
2023-08-21,2023-08-22,1,1,0.5772357723577236,validation,baseline,majority_class,
2023-08-22,2023-08-23,1,1,0.5772357723577236,validation,baseline,majority_class,
2023-08-23,2023-08-24,0,1,0.5772357723577236,validation,baseline,majority_class,
2023-08-24,2023-08-25,1,1,0.5772357723577236,validation,baseline,majority_class,
2023-08-25,2023-08-28,1,1,0.5772357723577236,validation,baseline,majority_class,
2023-08-28,2023-08-29,1,1,0.5772357723577236,validation,baseline,majority_class,
2023-08-29,2023-08-30,1,1,0.5772357723577236,validation,baseline,majority_class,
2023-08-30,2023-08-31,1,1,0.5772357723577236,validation,baseline,majority_class,
2023-08-31,2023-09-01,1,1,0.5772357723577236,validation,baseline,majority_class,
2023-09-01,2023-09-05,1,1,0.5772357723577236,validation,baseline,majority_class,
2023-09-05,2023-09-06,0,1,0.5772357723577236,validation,baseline,majority_class,
2023-09-06,2023-09-07,0,1,0.5772357723577236,validation,baseline,majority_class,
2023-09-07,2023-09-08,1,1,0.5772357723577236,validation,baseline,majority_class,
2023-09-08,2023-09-11,1,1,0.5772357723577236,validation,baseline,majority_class,
2023-09-11,2023-09-12,0,1,0.5772357723577236,validation,baseline,majority_class,
2023-09-12,2023-09-13,0,1,0.5772357723577236,validation,baseline,majority_class,
2023-09-13,2023-09-14,1,1,0.5772357723577236,validation,baseline,majority_class,
2023-09-14,2023-09-15,0,1,0.5772357723577236,validation,baseline,majority_class,
2023-09-15,2023-09-18,1,1,0.5772357723577236,validation,baseline,majority_class,
2023-09-18,2023-09-19,1,1,0.5772357723577236,validation,baseline,majority_class,
2023-09-19,2023-09-20,0,1,0.5772357723577236,validation,baseline,majority_class,
2023-09-20,2023-09-21,0,1,0.5772357723577236,validation,baseline,majority_class,
2023-09-21,2023-09-22,1,1,0.5772357723577236,validation,baseline,majority_class,
2023-09-22,2023-09-25,1,1,0.5772357723577236,validation,baseline,majority_class,
2023-09-25,2023-09-26,0,1,0.5772357723577236,validation,baseline,majority_class,
2023-09-26,2023-09-27,0,1,0.5772357723577236,validation,baseline,majority_class,
2023-09-27,2023-09-28,1,1,0.5772357723577236,validation,baseline,majority_class,
2023-09-28,2023-09-29,1,1,0.5772357723577236,validation,baseline,majority_class,
2023-07-03,2023-07-05,0,0,0.0,validation,baseline,previous_direction,
2023-07-05,2023-07-06,1,0,0.0,validation,baseline,previous_direction,
2023-07-06,2023-07-07,0,1,1.0,validation,baseline,previous_direction,
2023-07-07,2023-07-10,0,0,0.0,validation,baseline,previous_direction,
2023-07-10,2023-07-11,0,0,0.0,validation,baseline,previous_direction,
2023-07-11,2023-07-12,1,0,0.0,validation,baseline,previous_direction,
2023-07-12,2023-07-13,1,1,1.0,validation,baseline,previous_direction,
2023-07-13,2023-07-14,1,1,1.0,validation,baseline,previous_direction,
2023-07-14,2023-07-17,1,1,1.0,validation,baseline,previous_direction,
2023-07-17,2023-07-18,0,1,1.0,validation,baseline,previous_direction,
2023-07-18,2023-07-19,1,0,0.0,validation,baseline,previous_direction,
2023-07-19,2023-07-20,0,1,1.0,validation,baseline,previous_direction,
2023-07-20,2023-07-21,0,0,0.0,validation,baseline,previous_direction,
2023-07-21,2023-07-24,1,0,0.0,validation,baseline,previous_direction,
2023-07-24,2023-07-25,1,1,1.0,validation,baseline,previous_direction,
2023-07-25,2023-07-26,1,1,1.0,validation,baseline,previous_direction,
2023-07-26,2023-07-27,0,1,1.0,validation,baseline,previous_direction,
2023-07-27,2023-07-28,1,0,0.0,validation,baseline,previous_direction,
2023-07-28,2023-07-31,1,1,1.0,validation,baseline,previous_direction,
2023-07-31,2023-08-01,0,1,1.0,validation,baseline,previous_direction,
2023-08-01,2023-08-02,0,0,0.0,validation,baseline,previous_direction,
2023-08-02,2023-08-03,0,0,0.0,validation,baseline,previous_direction,
2023-08-03,2023-08-04,0,0,0.0,validation,baseline,previous_direction,
2023-08-04,2023-08-07,0,0,0.0,validation,baseline,previous_direction,
2023-08-07,2023-08-08,1,0,0.0,validation,baseline,previous_direction,
2023-08-08,2023-08-09,0,1,1.0,validation,baseline,previous_direction,
2023-08-09,2023-08-10,0,0,0.0,validation,baseline,previous_direction,
2023-08-10,2023-08-11,1,0,0.0,validation,baseline,previous_direction,
2023-08-11,2023-08-14,1,1,1.0,validation,baseline,previous_direction,
2023-08-14,2023-08-15,0,1,1.0,validation,baseline,previous_direction,
2023-08-15,2023-08-16,0,0,0.0,validation,baseline,previous_direction,
2023-08-16,2023-08-17,0,0,0.0,validation,baseline,previous_direction,
2023-08-17,2023-08-18,1,0,0.0,validation,baseline,previous_direction,
2023-08-18,2023-08-21,1,1,1.0,validation,baseline,previous_direction,
2023-08-21,2023-08-22,1,1,1.0,validation,baseline,previous_direction,
2023-08-22,2023-08-23,1,1,1.0,validation,baseline,previous_direction,
2023-08-23,2023-08-24,0,1,1.0,validation,baseline,previous_direction,
2023-08-24,2023-08-25,1,0,0.0,validation,baseline,previous_direction,
2023-08-25,2023-08-28,1,1,1.0,validation,baseline,previous_direction,
2023-08-28,2023-08-29,1,1,1.0,validation,baseline,previous_direction,
2023-08-29,2023-08-30,1,1,1.0,validation,baseline,previous_direction,
2023-08-30,2023-08-31,1,1,1.0,validation,baseline,previous_direction,
2023-08-31,2023-09-01,1,1,1.0,validation,baseline,previous_direction,
2023-09-01,2023-09-05,1,1,1.0,validation,baseline,previous_direction,
2023-09-05,2023-09-06,0,1,1.0,validation,baseline,previous_direction,
2023-09-06,2023-09-07,0,0,0.0,validation,baseline,previous_direction,
2023-09-07,2023-09-08,1,0,0.0,validation,baseline,previous_direction,
2023-09-08,2023-09-11,1,1,1.0,validation,baseline,previous_direction,
2023-09-11,2023-09-12,0,1,1.0,validation,baseline,previous_direction,
2023-09-12,2023-09-13,0,0,0.0,validation,baseline,previous_direction,
2023-09-13,2023-09-14,1,0,0.0,validation,baseline,previous_direction,
2023-09-14,2023-09-15,0,1,1.0,validation,baseline,previous_direction,
2023-09-15,2023-09-18,1,0,0.0,validation,baseline,previous_direction,
2023-09-18,2023-09-19,1,1,1.0,validation,baseline,previous_direction,
2023-09-19,2023-09-20,0,1,1.0,validation,baseline,previous_direction,
2023-09-20,2023-09-21,0,0,0.0,validation,baseline,previous_direction,
2023-09-21,2023-09-22,1,0,0.0,validation,baseline,previous_direction,
2023-09-22,2023-09-25,1,1,1.0,validation,baseline,previous_direction,
2023-09-25,2023-09-26,0,1,1.0,validation,baseline,previous_direction,
2023-09-26,2023-09-27,0,0,0.0,validation,baseline,previous_direction,
2023-09-27,2023-09-28,1,0,0.0,validation,baseline,previous_direction,
2023-09-28,2023-09-29,1,1,1.0,validation,baseline,previous_direction,
2023-10-02,2023-10-03,0,1,0.5772357723577236,test,baseline,majority_class,
2023-10-03,2023-10-04,1,1,0.5772357723577236,test,baseline,majority_class,
2023-10-04,2023-10-05,1,1,0.5772357723577236,test,baseline,majority_class,
2023-10-05,2023-10-06,1,1,0.5772357723577236,test,baseline,majority_class,
2023-10-06,2023-10-09,1,1,0.5772357723577236,test,baseline,majority_class,
2023-10-09,2023-10-10,0,1,0.5772357723577236,test,baseline,majority_class,
2023-10-10,2023-10-11,1,1,0.5772357723577236,test,baseline,majority_class,
2023-10-11,2023-10-12,1,1,0.5772357723577236,test,baseline,majority_class,
2023-10-12,2023-10-13,0,1,0.5772357723577236,test,baseline,majority_class,
2023-10-13,2023-10-16,0,1,0.5772357723577236,test,baseline,majority_class,
2023-10-16,2023-10-17,0,1,0.5772357723577236,test,baseline,majority_class,
2023-10-17,2023-10-18,0,1,0.5772357723577236,test,baseline,majority_class,
2023-10-18,2023-10-19,0,1,0.5772357723577236,test,baseline,majority_class,
2023-10-19,2023-10-20,0,1,0.5772357723577236,test,baseline,majority_class,
2023-10-20,2023-10-23,1,1,0.5772357723577236,test,baseline,majority_class,
2023-10-23,2023-10-24,1,1,0.5772357723577236,test,baseline,majority_class,
2023-10-24,2023-10-25,0,1,0.5772357723577236,test,baseline,majority_class,
2023-10-25,2023-10-26,0,1,0.5772357723577236,test,baseline,majority_class,
2023-10-26,2023-10-27,1,1,0.5772357723577236,test,baseline,majority_class,
2023-10-27,2023-10-30,1,1,0.5772357723577236,test,baseline,majority_class,
2023-10-30,2023-10-31,1,1,0.5772357723577236,test,baseline,majority_class,
2023-10-31,2023-11-01,1,1,0.5772357723577236,test,baseline,majority_class,
2023-11-01,2023-11-02,1,1,0.5772357723577236,test,baseline,majority_class,
2023-11-02,2023-11-03,0,1,0.5772357723577236,test,baseline,majority_class,
2023-11-03,2023-11-06,1,1,0.5772357723577236,test,baseline,majority_class,
2023-11-06,2023-11-07,1,1,0.5772357723577236,test,baseline,majority_class,
2023-11-07,2023-11-08,1,1,0.5772357723577236,test,baseline,majority_class,
2023-11-08,2023-11-09,0,1,0.5772357723577236,test,baseline,majority_class,
2023-11-09,2023-11-10,1,1,0.5772357723577236,test,baseline,majority_class,
2023-11-10,2023-11-13,0,1,0.5772357723577236,test,baseline,majority_class,
2023-11-13,2023-11-14,1,1,0.5772357723577236,test,baseline,majority_class,
2023-11-14,2023-11-15,1,1,0.5772357723577236,test,baseline,majority_class,
2023-11-15,2023-11-16,1,1,0.5772357723577236,test,baseline,majority_class,
2023-11-16,2023-11-17,0,1,0.5772357723577236,test,baseline,majority_class,
2023-11-17,2023-11-20,1,1,0.5772357723577236,test,baseline,majority_class,
2023-11-20,2023-11-21,0,1,0.5772357723577236,test,baseline,majority_class,
2023-11-21,2023-11-22,1,1,0.5772357723577236,test,baseline,majority_class,
2023-11-22,2023-11-24,0,1,0.5772357723577236,test,baseline,majority_class,
2023-11-24,2023-11-27,0,1,0.5772357723577236,test,baseline,majority_class,
2023-11-27,2023-11-28,1,1,0.5772357723577236,test,baseline,majority_class,
2023-11-28,2023-11-29,0,1,0.5772357723577236,test,baseline,majority_class,
2023-11-29,2023-11-30,1,1,0.5772357723577236,test,baseline,majority_class,
2023-11-30,2023-12-01,1,1,0.5772357723577236,test,baseline,majority_class,
2023-12-01,2023-12-04,0,1,0.5772357723577236,test,baseline,majority_class,
2023-12-04,2023-12-05,1,1,0.5772357723577236,test,baseline,majority_class,
2023-12-05,2023-12-06,0,1,0.5772357723577236,test,baseline,majority_class,
2023-12-06,2023-12-07,1,1,0.5772357723577236,test,baseline,majority_class,
2023-12-07,2023-12-08,1,1,0.5772357723577236,test,baseline,majority_class,
2023-12-08,2023-12-11,0,1,0.5772357723577236,test,baseline,majority_class,
2023-12-11,2023-12-12,1,1,0.5772357723577236,test,baseline,majority_class,
2023-12-12,2023-12-13,1,1,0.5772357723577236,test,baseline,majority_class,
2023-12-13,2023-12-14,1,1,0.5772357723577236,test,baseline,majority_class,
2023-12-14,2023-12-15,0,1,0.5772357723577236,test,baseline,majority_class,
2023-12-15,2023-12-18,0,1,0.5772357723577236,test,baseline,majority_class,
2023-12-18,2023-12-19,1,1,0.5772357723577236,test,baseline,majority_class,
2023-12-19,2023-12-20,0,1,0.5772357723577236,test,baseline,majority_class,
2023-12-20,2023-12-21,0,1,0.5772357723577236,test,baseline,majority_class,
2023-12-21,2023-12-22,0,1,0.5772357723577236,test,baseline,majority_class,
2023-12-22,2023-12-26,0,1,0.5772357723577236,test,baseline,majority_class,
2023-12-26,2023-12-27,1,1,0.5772357723577236,test,baseline,majority_class,
2023-12-27,2023-12-28,1,1,0.5772357723577236,test,baseline,majority_class,
2023-12-28,2023-12-29,0,1,0.5772357723577236,test,baseline,majority_class,
2023-10-02,2023-10-03,0,1,1.0,test,baseline,previous_direction,
2023-10-03,2023-10-04,1,0,0.0,test,baseline,previous_direction,
2023-10-04,2023-10-05,1,1,1.0,test,baseline,previous_direction,
2023-10-05,2023-10-06,1,1,1.0,test,baseline,previous_direction,
2023-10-06,2023-10-09,1,1,1.0,test,baseline,previous_direction,
2023-10-09,2023-10-10,0,1,1.0,test,baseline,previous_direction,
2023-10-10,2023-10-11,1,0,0.0,test,baseline,previous_direction,
2023-10-11,2023-10-12,1,1,1.0,test,baseline,previous_direction,
2023-10-12,2023-10-13,0,1,1.0,test,baseline,previous_direction,
2023-10-13,2023-10-16,0,0,0.0,test,baseline,previous_direction,
2023-10-16,2023-10-17,0,0,0.0,test,baseline,previous_direction,
2023-10-17,2023-10-18,0,0,0.0,test,baseline,previous_direction,
2023-10-18,2023-10-19,0,0,0.0,test,baseline,previous_direction,
2023-10-19,2023-10-20,0,0,0.0,test,baseline,previous_direction,
2023-10-20,2023-10-23,1,0,0.0,test,baseline,previous_direction,
2023-10-23,2023-10-24,1,1,1.0,test,baseline,previous_direction,
2023-10-24,2023-10-25,0,1,1.0,test,baseline,previous_direction,
2023-10-25,2023-10-26,0,0,0.0,test,baseline,previous_direction,
2023-10-26,2023-10-27,1,0,0.0,test,baseline,previous_direction,
2023-10-27,2023-10-30,1,1,1.0,test,baseline,previous_direction,
2023-10-30,2023-10-31,1,1,1.0,test,baseline,previous_direction,
2023-10-31,2023-11-01,1,1,1.0,test,baseline,previous_direction,
2023-11-01,2023-11-02,1,1,1.0,test,baseline,previous_direction,
2023-11-02,2023-11-03,0,1,1.0,test,baseline,previous_direction,
2023-11-03,2023-11-06,1,0,0.0,test,baseline,previous_direction,
2023-11-06,2023-11-07,1,1,1.0,test,baseline,previous_direction,
2023-11-07,2023-11-08,1,1,1.0,test,baseline,previous_direction,
2023-11-08,2023-11-09,0,1,1.0,test,baseline,previous_direction,
2023-11-09,2023-11-10,1,0,0.0,test,baseline,previous_direction,
2023-11-10,2023-11-13,0,1,1.0,test,baseline,previous_direction,
2023-11-13,2023-11-14,1,0,0.0,test,baseline,previous_direction,
2023-11-14,2023-11-15,1,1,1.0,test,baseline,previous_direction,
2023-11-15,2023-11-16,1,1,1.0,test,baseline,previous_direction,
2023-11-16,2023-11-17,0,1,1.0,test,baseline,previous_direction,
2023-11-17,2023-11-20,1,0,0.0,test,baseline,previous_direction,
2023-11-20,2023-11-21,0,1,1.0,test,baseline,previous_direction,
2023-11-21,2023-11-22,1,0,0.0,test,baseline,previous_direction,
2023-11-22,2023-11-24,0,1,1.0,test,baseline,previous_direction,
2023-11-24,2023-11-27,0,0,0.0,test,baseline,previous_direction,
2023-11-27,2023-11-28,1,0,0.0,test,baseline,previous_direction,
2023-11-28,2023-11-29,0,1,1.0,test,baseline,previous_direction,
2023-11-29,2023-11-30,1,0,0.0,test,baseline,previous_direction,
2023-11-30,2023-12-01,1,1,1.0,test,baseline,previous_direction,
2023-12-01,2023-12-04,0,1,1.0,test,baseline,previous_direction,
2023-12-04,2023-12-05,1,0,0.0,test,baseline,previous_direction,
2023-12-05,2023-12-06,0,1,1.0,test,baseline,previous_direction,
2023-12-06,2023-12-07,1,0,0.0,test,baseline,previous_direction,
2023-12-07,2023-12-08,1,1,1.0,test,baseline,previous_direction,
2023-12-08,2023-12-11,0,1,1.0,test,baseline,previous_direction,
2023-12-11,2023-12-12,1,0,0.0,test,baseline,previous_direction,
2023-12-12,2023-12-13,1,1,1.0,test,baseline,previous_direction,
2023-12-13,2023-12-14,1,1,1.0,test,baseline,previous_direction,
2023-12-14,2023-12-15,0,1,1.0,test,baseline,previous_direction,
2023-12-15,2023-12-18,0,0,0.0,test,baseline,previous_direction,
2023-12-18,2023-12-19,1,0,0.0,test,baseline,previous_direction,
2023-12-19,2023-12-20,0,1,1.0,test,baseline,previous_direction,
2023-12-20,2023-12-21,0,0,0.0,test,baseline,previous_direction,
2023-12-21,2023-12-22,0,0,0.0,test,baseline,previous_direction,
2023-12-22,2023-12-26,0,0,0.0,test,baseline,previous_direction,
2023-12-26,2023-12-27,1,0,0.0,test,baseline,previous_direction,
2023-12-27,2023-12-28,1,1,1.0,test,baseline,previous_direction,
2023-12-28,2023-12-29,0,1,1.0,test,baseline,previous_direction,
2023-07-03,2023-07-05,0,0,0.3979067468817957,validation,A,logistic_regression,42.0
2023-07-05,2023-07-06,1,1,0.5061307853759726,validation,A,logistic_regression,42.0
2023-07-06,2023-07-07,0,0,0.4808446537929369,validation,A,logistic_regression,42.0
2023-07-07,2023-07-10,0,1,0.5044333535459498,validation,A,logistic_regression,42.0
2023-07-10,2023-07-11,0,1,0.6903527361084076,validation,A,logistic_regression,42.0
2023-07-11,2023-07-12,1,1,0.6377368302970559,validation,A,logistic_regression,42.0
2023-07-12,2023-07-13,1,1,0.5505855933587029,validation,A,logistic_regression,42.0
2023-07-13,2023-07-14,1,1,0.5602043659358718,validation,A,logistic_regression,42.0
2023-07-14,2023-07-17,1,1,0.5352000792097998,validation,A,logistic_regression,42.0
2023-07-17,2023-07-18,0,0,0.3251725071533594,validation,A,logistic_regression,42.0
2023-07-18,2023-07-19,1,0,0.3979073147638696,validation,A,logistic_regression,42.0
2023-07-19,2023-07-20,0,0,0.4430250892614993,validation,A,logistic_regression,42.0
2023-07-20,2023-07-21,0,1,0.5008679495382179,validation,A,logistic_regression,42.0
2023-07-21,2023-07-24,1,1,0.5707694309453739,validation,A,logistic_regression,42.0
2023-07-24,2023-07-25,1,1,0.6143718894318081,validation,A,logistic_regression,42.0
2023-07-25,2023-07-26,1,1,0.6092243926575038,validation,A,logistic_regression,42.0
2023-07-26,2023-07-27,0,1,0.6401230000973469,validation,A,logistic_regression,42.0
2023-07-27,2023-07-28,1,1,0.5878775969726672,validation,A,logistic_regression,42.0
2023-07-28,2023-07-31,1,0,0.4530170223025628,validation,A,logistic_regression,42.0
2023-07-31,2023-08-01,0,0,0.46229711376530114,validation,A,logistic_regression,42.0
2023-08-01,2023-08-02,0,1,0.525628104118296,validation,A,logistic_regression,42.0
2023-08-02,2023-08-03,0,1,0.6018923531900461,validation,A,logistic_regression,42.0
2023-08-03,2023-08-04,0,1,0.6271956197984988,validation,A,logistic_regression,42.0
2023-08-04,2023-08-07,0,1,0.9186749843372578,validation,A,logistic_regression,42.0
2023-08-07,2023-08-08,1,1,0.8804539756560913,validation,A,logistic_regression,42.0
2023-08-08,2023-08-09,0,1,0.8121437635942185,validation,A,logistic_regression,42.0
2023-08-09,2023-08-10,0,1,0.8415251193334095,validation,A,logistic_regression,42.0
2023-08-10,2023-08-11,1,1,0.8337930976497758,validation,A,logistic_regression,42.0
2023-08-11,2023-08-14,1,0,0.4958512716861327,validation,A,logistic_regression,42.0
2023-08-14,2023-08-15,0,0,0.30587024591310313,validation,A,logistic_regression,42.0
2023-08-15,2023-08-16,0,0,0.4667375951206985,validation,A,logistic_regression,42.0
2023-08-16,2023-08-17,0,0,0.4618341663290326,validation,A,logistic_regression,42.0
2023-08-17,2023-08-18,1,1,0.5431308171843714,validation,A,logistic_regression,42.0
2023-08-18,2023-08-21,1,1,0.7729758011164014,validation,A,logistic_regression,42.0
2023-08-21,2023-08-22,1,1,0.8329562729521452,validation,A,logistic_regression,42.0
2023-08-22,2023-08-23,1,1,0.7867887919649207,validation,A,logistic_regression,42.0
2023-08-23,2023-08-24,0,1,0.7067938393594193,validation,A,logistic_regression,42.0
2023-08-24,2023-08-25,1,1,0.7908166331669407,validation,A,logistic_regression,42.0
2023-08-25,2023-08-28,1,1,0.6642842893218075,validation,A,logistic_regression,42.0
2023-08-28,2023-08-29,1,1,0.6443099477389163,validation,A,logistic_regression,42.0
2023-08-29,2023-08-30,1,1,0.6692186005976523,validation,A,logistic_regression,42.0
2023-08-30,2023-08-31,1,1,0.7614887102389915,validation,A,logistic_regression,42.0
2023-08-31,2023-09-01,1,1,0.6802701757263305,validation,A,logistic_regression,42.0
2023-09-01,2023-09-05,1,0,0.4529740525443379,validation,A,logistic_regression,42.0
2023-09-05,2023-09-06,0,0,0.41804824628136483,validation,A,logistic_regression,42.0
2023-09-06,2023-09-07,0,1,0.7860858100717498,validation,A,logistic_regression,42.0
2023-09-07,2023-09-08,1,1,0.8716403193610321,validation,A,logistic_regression,42.0
2023-09-08,2023-09-11,1,1,0.8461594572471574,validation,A,logistic_regression,42.0
2023-09-11,2023-09-12,0,1,0.8644702149352262,validation,A,logistic_regression,42.0
2023-09-12,2023-09-13,0,1,0.932569356954644,validation,A,logistic_regression,42.0
2023-09-13,2023-09-14,1,1,0.8083178839706573,validation,A,logistic_regression,42.0
2023-09-14,2023-09-15,0,0,0.4641199807952113,validation,A,logistic_regression,42.0
2023-09-15,2023-09-18,1,1,0.6110380297481032,validation,A,logistic_regression,42.0
2023-09-18,2023-09-19,1,0,0.46418972904504835,validation,A,logistic_regression,42.0
2023-09-19,2023-09-20,0,0,0.33543371067310707,validation,A,logistic_regression,42.0
2023-09-20,2023-09-21,0,1,0.6271792628733599,validation,A,logistic_regression,42.0
2023-09-21,2023-09-22,1,1,0.789957777739202,validation,A,logistic_regression,42.0
2023-09-22,2023-09-25,1,1,0.6238302977073776,validation,A,logistic_regression,42.0
2023-09-25,2023-09-26,0,1,0.6955255303992482,validation,A,logistic_regression,42.0
2023-09-26,2023-09-27,0,1,0.8993366155212162,validation,A,logistic_regression,42.0
2023-09-27,2023-09-28,1,1,0.8375683537597585,validation,A,logistic_regression,42.0
2023-09-28,2023-09-29,1,1,0.7323194336626411,validation,A,logistic_regression,42.0
2023-07-03,2023-07-05,0,1,0.5253022071208714,validation,A,random_forest,0.0
2023-07-05,2023-07-06,1,1,0.5571201620973081,validation,A,random_forest,0.0
2023-07-06,2023-07-07,0,1,0.5314882325911864,validation,A,random_forest,0.0
2023-07-07,2023-07-10,0,0,0.36095623152679945,validation,A,random_forest,0.0
2023-07-10,2023-07-11,0,1,0.5690739973188511,validation,A,random_forest,0.0
2023-07-11,2023-07-12,1,1,0.5743247381014956,validation,A,random_forest,0.0
2023-07-12,2023-07-13,1,1,0.5229924275347511,validation,A,random_forest,0.0
2023-07-13,2023-07-14,1,0,0.4416862618657481,validation,A,random_forest,0.0
2023-07-14,2023-07-17,1,0,0.4733444138692144,validation,A,random_forest,0.0
2023-07-17,2023-07-18,0,0,0.3793595388752036,validation,A,random_forest,0.0
2023-07-18,2023-07-19,1,0,0.3404093230010979,validation,A,random_forest,0.0
2023-07-19,2023-07-20,0,0,0.4211148619759505,validation,A,random_forest,0.0
2023-07-20,2023-07-21,0,0,0.4207706271636122,validation,A,random_forest,0.0
2023-07-21,2023-07-24,1,0,0.4920044906754114,validation,A,random_forest,0.0
2023-07-24,2023-07-25,1,1,0.5525326217082068,validation,A,random_forest,0.0
2023-07-25,2023-07-26,1,1,0.5002396913983133,validation,A,random_forest,0.0
2023-07-26,2023-07-27,0,1,0.5804040519164363,validation,A,random_forest,0.0
2023-07-27,2023-07-28,1,1,0.6104395163268306,validation,A,random_forest,0.0
2023-07-28,2023-07-31,1,0,0.3422879784214961,validation,A,random_forest,0.0
2023-07-31,2023-08-01,0,0,0.3589134954644029,validation,A,random_forest,0.0
2023-08-01,2023-08-02,0,0,0.33723159015678983,validation,A,random_forest,0.0
2023-08-02,2023-08-03,0,1,0.7438751810495965,validation,A,random_forest,0.0
2023-08-03,2023-08-04,0,1,0.6923675111066934,validation,A,random_forest,0.0
2023-08-04,2023-08-07,0,1,0.7226614480447597,validation,A,random_forest,0.0
2023-08-07,2023-08-08,1,1,0.7233444687277804,validation,A,random_forest,0.0
2023-08-08,2023-08-09,0,1,0.6819466163912763,validation,A,random_forest,0.0
2023-08-09,2023-08-10,0,1,0.6998138212345326,validation,A,random_forest,0.0
2023-08-10,2023-08-11,1,1,0.6693864758430899,validation,A,random_forest,0.0
2023-08-11,2023-08-14,1,1,0.6558464859909185,validation,A,random_forest,0.0
2023-08-14,2023-08-15,0,1,0.528242348915435,validation,A,random_forest,0.0
2023-08-15,2023-08-16,0,1,0.6241945116548568,validation,A,random_forest,0.0
2023-08-16,2023-08-17,0,1,0.6184422058072521,validation,A,random_forest,0.0
2023-08-17,2023-08-18,1,1,0.7617867689152414,validation,A,random_forest,0.0
2023-08-18,2023-08-21,1,1,0.7119314262111426,validation,A,random_forest,0.0
2023-08-21,2023-08-22,1,1,0.6777256717041747,validation,A,random_forest,0.0
2023-08-22,2023-08-23,1,1,0.6284319238023274,validation,A,random_forest,0.0
2023-08-23,2023-08-24,0,0,0.42942692159893253,validation,A,random_forest,0.0
2023-08-24,2023-08-25,1,1,0.6402268360502336,validation,A,random_forest,0.0
2023-08-25,2023-08-28,1,0,0.44784232600309093,validation,A,random_forest,0.0
2023-08-28,2023-08-29,1,0,0.44933960373662035,validation,A,random_forest,0.0
2023-08-29,2023-08-30,1,1,0.5278161210991903,validation,A,random_forest,0.0
2023-08-30,2023-08-31,1,1,0.5456135554150942,validation,A,random_forest,0.0
2023-08-31,2023-09-01,1,1,0.5264075042460259,validation,A,random_forest,0.0
2023-09-01,2023-09-05,1,0,0.3792890522978304,validation,A,random_forest,0.0
2023-09-05,2023-09-06,0,0,0.39066971980717663,validation,A,random_forest,0.0
2023-09-06,2023-09-07,0,1,0.7261769001160451,validation,A,random_forest,0.0
2023-09-07,2023-09-08,1,1,0.7324002869329396,validation,A,random_forest,0.0
2023-09-08,2023-09-11,1,1,0.6398710559532922,validation,A,random_forest,0.0
2023-09-11,2023-09-12,0,1,0.645778477472668,validation,A,random_forest,0.0
2023-09-12,2023-09-13,0,1,0.736663682306629,validation,A,random_forest,0.0
2023-09-13,2023-09-14,1,1,0.7456581539836143,validation,A,random_forest,0.0
2023-09-14,2023-09-15,0,1,0.6769666958361936,validation,A,random_forest,0.0
2023-09-15,2023-09-18,1,1,0.7498660078983942,validation,A,random_forest,0.0
2023-09-18,2023-09-19,1,1,0.6662340109651715,validation,A,random_forest,0.0
2023-09-19,2023-09-20,0,1,0.5948189348952515,validation,A,random_forest,0.0
2023-09-20,2023-09-21,0,1,0.6681178238476323,validation,A,random_forest,0.0
2023-09-21,2023-09-22,1,1,0.7159419430351759,validation,A,random_forest,0.0
2023-09-22,2023-09-25,1,1,0.6950931266387758,validation,A,random_forest,0.0
2023-09-25,2023-09-26,0,1,0.5837407247359518,validation,A,random_forest,0.0
2023-09-26,2023-09-27,0,1,0.7505537919478009,validation,A,random_forest,0.0
2023-09-27,2023-09-28,1,1,0.7075530875346288,validation,A,random_forest,0.0
2023-09-28,2023-09-29,1,1,0.7136391476649911,validation,A,random_forest,0.0
2023-07-03,2023-07-05,0,1,0.5440267928573009,validation,A,random_forest,1.0
2023-07-05,2023-07-06,1,1,0.565470682090703,validation,A,random_forest,1.0
2023-07-06,2023-07-07,0,1,0.5307462305853119,validation,A,random_forest,1.0
2023-07-07,2023-07-10,0,0,0.3581364491086568,validation,A,random_forest,1.0
2023-07-10,2023-07-11,0,1,0.5664086587161133,validation,A,random_forest,1.0
2023-07-11,2023-07-12,1,1,0.5800591652131469,validation,A,random_forest,1.0
2023-07-12,2023-07-13,1,1,0.5648775251012552,validation,A,random_forest,1.0
2023-07-13,2023-07-14,1,0,0.47664293640015565,validation,A,random_forest,1.0
2023-07-14,2023-07-17,1,1,0.5065392617762282,validation,A,random_forest,1.0
2023-07-17,2023-07-18,0,0,0.3973300761336938,validation,A,random_forest,1.0
2023-07-18,2023-07-19,1,0,0.35244812450807816,validation,A,random_forest,1.0
2023-07-19,2023-07-20,0,0,0.4340117348952608,validation,A,random_forest,1.0
2023-07-20,2023-07-21,0,0,0.42010774205909435,validation,A,random_forest,1.0
2023-07-21,2023-07-24,1,0,0.4781496581243928,validation,A,random_forest,1.0
2023-07-24,2023-07-25,1,1,0.619485006118376,validation,A,random_forest,1.0
2023-07-25,2023-07-26,1,1,0.5637773618032369,validation,A,random_forest,1.0
2023-07-26,2023-07-27,0,1,0.6254252855154966,validation,A,random_forest,1.0
2023-07-27,2023-07-28,1,1,0.6309541415194002,validation,A,random_forest,1.0
2023-07-28,2023-07-31,1,0,0.364058943405195,validation,A,random_forest,1.0
2023-07-31,2023-08-01,0,0,0.3736054482171406,validation,A,random_forest,1.0
2023-08-01,2023-08-02,0,0,0.3394318093345236,validation,A,random_forest,1.0
2023-08-02,2023-08-03,0,1,0.7139719253237581,validation,A,random_forest,1.0
2023-08-03,2023-08-04,0,1,0.6911336895836846,validation,A,random_forest,1.0
2023-08-04,2023-08-07,0,1,0.6955515897532067,validation,A,random_forest,1.0
2023-08-07,2023-08-08,1,1,0.7071460392851564,validation,A,random_forest,1.0
2023-08-08,2023-08-09,0,1,0.6775006047897701,validation,A,random_forest,1.0
2023-08-09,2023-08-10,0,1,0.6869789914222748,validation,A,random_forest,1.0
2023-08-10,2023-08-11,1,1,0.6625201516300725,validation,A,random_forest,1.0
2023-08-11,2023-08-14,1,1,0.666964864790362,validation,A,random_forest,1.0
2023-08-14,2023-08-15,0,1,0.5208524148577452,validation,A,random_forest,1.0
2023-08-15,2023-08-16,0,1,0.6235036396964883,validation,A,random_forest,1.0
2023-08-16,2023-08-17,0,1,0.6292031996236287,validation,A,random_forest,1.0
2023-08-17,2023-08-18,1,1,0.7517396190937947,validation,A,random_forest,1.0
2023-08-18,2023-08-21,1,1,0.7134307169310637,validation,A,random_forest,1.0
2023-08-21,2023-08-22,1,1,0.6834947558364357,validation,A,random_forest,1.0
2023-08-22,2023-08-23,1,1,0.6375283280857587,validation,A,random_forest,1.0
2023-08-23,2023-08-24,0,0,0.44424823288462645,validation,A,random_forest,1.0
2023-08-24,2023-08-25,1,1,0.5848562080543127,validation,A,random_forest,1.0
2023-08-25,2023-08-28,1,0,0.45895177599147313,validation,A,random_forest,1.0
2023-08-28,2023-08-29,1,0,0.41998968297009476,validation,A,random_forest,1.0
2023-08-29,2023-08-30,1,1,0.516479093666246,validation,A,random_forest,1.0
2023-08-30,2023-08-31,1,1,0.5189176621823562,validation,A,random_forest,1.0
2023-08-31,2023-09-01,1,1,0.5094367149948952,validation,A,random_forest,1.0
2023-09-01,2023-09-05,1,0,0.39969834289719613,validation,A,random_forest,1.0
2023-09-05,2023-09-06,0,0,0.431895822014513,validation,A,random_forest,1.0
2023-09-06,2023-09-07,0,1,0.7184872967841721,validation,A,random_forest,1.0
2023-09-07,2023-09-08,1,1,0.741010030453121,validation,A,random_forest,1.0
2023-09-08,2023-09-11,1,1,0.6585682682335723,validation,A,random_forest,1.0
2023-09-11,2023-09-12,0,1,0.6531483314157254,validation,A,random_forest,1.0
2023-09-12,2023-09-13,0,1,0.7457387900784364,validation,A,random_forest,1.0
2023-09-13,2023-09-14,1,1,0.7520077120442621,validation,A,random_forest,1.0
2023-09-14,2023-09-15,0,1,0.7016652461242877,validation,A,random_forest,1.0
2023-09-15,2023-09-18,1,1,0.7492844332514474,validation,A,random_forest,1.0
2023-09-18,2023-09-19,1,1,0.6950870809303079,validation,A,random_forest,1.0
2023-09-19,2023-09-20,0,1,0.5300227597935503,validation,A,random_forest,1.0
2023-09-20,2023-09-21,0,1,0.6437095721183316,validation,A,random_forest,1.0
2023-09-21,2023-09-22,1,1,0.721506936681318,validation,A,random_forest,1.0
2023-09-22,2023-09-25,1,1,0.6922548517768378,validation,A,random_forest,1.0
2023-09-25,2023-09-26,0,1,0.6022493652217925,validation,A,random_forest,1.0
2023-09-26,2023-09-27,0,1,0.7471665822691714,validation,A,random_forest,1.0
2023-09-27,2023-09-28,1,1,0.7209324918803707,validation,A,random_forest,1.0
2023-09-28,2023-09-29,1,1,0.7222153059465136,validation,A,random_forest,1.0
2023-07-03,2023-07-05,0,1,0.5342665865076983,validation,A,random_forest,2.0
2023-07-05,2023-07-06,1,1,0.5518146409431626,validation,A,random_forest,2.0
2023-07-06,2023-07-07,0,1,0.5445485749366786,validation,A,random_forest,2.0
2023-07-07,2023-07-10,0,0,0.35342660237524515,validation,A,random_forest,2.0
2023-07-10,2023-07-11,0,1,0.5828253279977846,validation,A,random_forest,2.0
2023-07-11,2023-07-12,1,1,0.5769104160864647,validation,A,random_forest,2.0
2023-07-12,2023-07-13,1,1,0.5503197675918821,validation,A,random_forest,2.0
2023-07-13,2023-07-14,1,1,0.5026216369567157,validation,A,random_forest,2.0
2023-07-14,2023-07-17,1,1,0.546237567322646,validation,A,random_forest,2.0
2023-07-17,2023-07-18,0,0,0.3825546726915123,validation,A,random_forest,2.0
2023-07-18,2023-07-19,1,0,0.3454068594464299,validation,A,random_forest,2.0
2023-07-19,2023-07-20,0,0,0.4225860081448754,validation,A,random_forest,2.0
2023-07-20,2023-07-21,0,0,0.44455014451008906,validation,A,random_forest,2.0
2023-07-21,2023-07-24,1,1,0.510105366337375,validation,A,random_forest,2.0
2023-07-24,2023-07-25,1,1,0.5718890847808943,validation,A,random_forest,2.0
2023-07-25,2023-07-26,1,1,0.5723627613053055,validation,A,random_forest,2.0
2023-07-26,2023-07-27,0,1,0.599438674791656,validation,A,random_forest,2.0
2023-07-27,2023-07-28,1,1,0.6022637069496574,validation,A,random_forest,2.0
2023-07-28,2023-07-31,1,0,0.3795471362433335,validation,A,random_forest,2.0
2023-07-31,2023-08-01,0,0,0.40059829028881033,validation,A,random_forest,2.0
2023-08-01,2023-08-02,0,0,0.37706262089088965,validation,A,random_forest,2.0
2023-08-02,2023-08-03,0,1,0.7215189151093079,validation,A,random_forest,2.0
2023-08-03,2023-08-04,0,1,0.6871190185848994,validation,A,random_forest,2.0
2023-08-04,2023-08-07,0,1,0.7206326653054586,validation,A,random_forest,2.0
2023-08-07,2023-08-08,1,1,0.718290072712866,validation,A,random_forest,2.0
2023-08-08,2023-08-09,0,1,0.6644578584654712,validation,A,random_forest,2.0
2023-08-09,2023-08-10,0,1,0.6695207331581801,validation,A,random_forest,2.0
2023-08-10,2023-08-11,1,1,0.6415819753261609,validation,A,random_forest,2.0
2023-08-11,2023-08-14,1,1,0.6244200364515461,validation,A,random_forest,2.0
2023-08-14,2023-08-15,0,1,0.5060211592581728,validation,A,random_forest,2.0
2023-08-15,2023-08-16,0,1,0.5904751552302591,validation,A,random_forest,2.0
2023-08-16,2023-08-17,0,1,0.5724449784773011,validation,A,random_forest,2.0
2023-08-17,2023-08-18,1,1,0.7355716120497643,validation,A,random_forest,2.0
2023-08-18,2023-08-21,1,1,0.7160567633487597,validation,A,random_forest,2.0
2023-08-21,2023-08-22,1,1,0.6577617010506799,validation,A,random_forest,2.0
2023-08-22,2023-08-23,1,1,0.666444053815948,validation,A,random_forest,2.0
2023-08-23,2023-08-24,0,0,0.4315322838732995,validation,A,random_forest,2.0
2023-08-24,2023-08-25,1,1,0.6460936101090038,validation,A,random_forest,2.0
2023-08-25,2023-08-28,1,0,0.4701409803205329,validation,A,random_forest,2.0
2023-08-28,2023-08-29,1,0,0.42533501425721265,validation,A,random_forest,2.0
2023-08-29,2023-08-30,1,1,0.5037349990044157,validation,A,random_forest,2.0
2023-08-30,2023-08-31,1,1,0.5229162595811417,validation,A,random_forest,2.0
2023-08-31,2023-09-01,1,1,0.500187189989272,validation,A,random_forest,2.0
2023-09-01,2023-09-05,1,0,0.4209523048570576,validation,A,random_forest,2.0
2023-09-05,2023-09-06,0,0,0.43442155406282723,validation,A,random_forest,2.0
2023-09-06,2023-09-07,0,1,0.7517776236799696,validation,A,random_forest,2.0
2023-09-07,2023-09-08,1,1,0.7521340474831966,validation,A,random_forest,2.0
2023-09-08,2023-09-11,1,1,0.632719786817777,validation,A,random_forest,2.0
2023-09-11,2023-09-12,0,1,0.6419654089117528,validation,A,random_forest,2.0
2023-09-12,2023-09-13,0,1,0.7525591994009956,validation,A,random_forest,2.0
2023-09-13,2023-09-14,1,1,0.7540029642847758,validation,A,random_forest,2.0
2023-09-14,2023-09-15,0,1,0.6648950883322191,validation,A,random_forest,2.0
2023-09-15,2023-09-18,1,1,0.7064412303788113,validation,A,random_forest,2.0
2023-09-18,2023-09-19,1,1,0.6583930430321975,validation,A,random_forest,2.0
2023-09-19,2023-09-20,0,1,0.5610552091898124,validation,A,random_forest,2.0
2023-09-20,2023-09-21,0,1,0.687502725251102,validation,A,random_forest,2.0
2023-09-21,2023-09-22,1,1,0.6857600284378578,validation,A,random_forest,2.0
2023-09-22,2023-09-25,1,1,0.7124252247431303,validation,A,random_forest,2.0
2023-09-25,2023-09-26,0,1,0.6148445898206385,validation,A,random_forest,2.0
2023-09-26,2023-09-27,0,1,0.7467012852208303,validation,A,random_forest,2.0
2023-09-27,2023-09-28,1,1,0.6905708194742515,validation,A,random_forest,2.0
2023-09-28,2023-09-29,1,1,0.7034994689074551,validation,A,random_forest,2.0
2023-10-02,2023-10-03,0,1,0.7652873604765026,test,A,logistic_regression,42.0
2023-10-03,2023-10-04,1,1,0.6958490317131683,test,A,logistic_regression,42.0
2023-10-04,2023-10-05,1,1,0.5415654913603783,test,A,logistic_regression,42.0
2023-10-05,2023-10-06,1,0,0.4505597567747658,test,A,logistic_regression,42.0
2023-10-06,2023-10-09,1,0,0.3969619646311404,test,A,logistic_regression,42.0
2023-10-09,2023-10-10,0,0,0.45558410451399867,test,A,logistic_regression,42.0
2023-10-10,2023-10-11,1,1,0.5674725695816425,test,A,logistic_regression,42.0
2023-10-11,2023-10-12,1,1,0.5546265438125241,test,A,logistic_regression,42.0
2023-10-12,2023-10-13,0,1,0.5930807767985328,test,A,logistic_regression,42.0
2023-10-13,2023-10-16,0,1,0.7249364301333411,test,A,logistic_regression,42.0
2023-10-16,2023-10-17,0,1,0.7101492467083665,test,A,logistic_regression,42.0
2023-10-17,2023-10-18,0,1,0.7584573450942106,test,A,logistic_regression,42.0
2023-10-18,2023-10-19,0,1,0.7525425420289629,test,A,logistic_regression,42.0
2023-10-19,2023-10-20,0,1,0.7294293893697719,test,A,logistic_regression,42.0
2023-10-20,2023-10-23,1,1,0.7551570875875941,test,A,logistic_regression,42.0
2023-10-23,2023-10-24,1,1,0.6846305055587456,test,A,logistic_regression,42.0
2023-10-24,2023-10-25,0,1,0.5602555157279986,test,A,logistic_regression,42.0
2023-10-25,2023-10-26,0,1,0.6419251946098632,test,A,logistic_regression,42.0
2023-10-26,2023-10-27,1,1,0.7285037824219095,test,A,logistic_regression,42.0
2023-10-27,2023-10-30,1,1,0.5528786752003062,test,A,logistic_regression,42.0
2023-10-30,2023-10-31,1,1,0.5188000407946969,test,A,logistic_regression,42.0
2023-10-31,2023-11-01,1,1,0.6052003709325211,test,A,logistic_regression,42.0
2023-11-01,2023-11-02,1,0,0.42763771214001867,test,A,logistic_regression,42.0
2023-11-02,2023-11-03,0,0,0.21928215700152995,test,A,logistic_regression,42.0
2023-11-03,2023-11-06,1,0,0.4362651476537355,test,A,logistic_regression,42.0
2023-11-06,2023-11-07,1,0,0.3528529370439953,test,A,logistic_regression,42.0
2023-11-07,2023-11-08,1,0,0.2912522985302051,test,A,logistic_regression,42.0
2023-11-08,2023-11-09,0,1,0.5028818094885553,test,A,logistic_regression,42.0
2023-11-09,2023-11-10,1,1,0.7986357862196505,test,A,logistic_regression,42.0
2023-11-10,2023-11-13,0,1,0.5865742694211302,test,A,logistic_regression,42.0
2023-11-13,2023-11-14,1,1,0.7261322476338015,test,A,logistic_regression,42.0
2023-11-14,2023-11-15,1,1,0.7070185072774873,test,A,logistic_regression,42.0
2023-11-15,2023-11-16,1,1,0.654405121780521,test,A,logistic_regression,42.0
2023-11-16,2023-11-17,0,1,0.5379361245705545,test,A,logistic_regression,42.0
2023-11-17,2023-11-20,1,1,0.6603365966781842,test,A,logistic_regression,42.0
2023-11-20,2023-11-21,0,0,0.4681517095855028,test,A,logistic_regression,42.0
2023-11-21,2023-11-22,1,1,0.5535776684169167,test,A,logistic_regression,42.0
2023-11-22,2023-11-24,0,0,0.46755367956426597,test,A,logistic_regression,42.0
2023-11-24,2023-11-27,0,0,0.45524669961816167,test,A,logistic_regression,42.0
2023-11-27,2023-11-28,1,0,0.4548701335269658,test,A,logistic_regression,42.0
2023-11-28,2023-11-29,0,1,0.5391305937308133,test,A,logistic_regression,42.0
2023-11-29,2023-11-30,1,1,0.5487702109157376,test,A,logistic_regression,42.0
2023-11-30,2023-12-01,1,1,0.5569566545843999,test,A,logistic_regression,42.0
2023-12-01,2023-12-04,0,0,0.4495603318519644,test,A,logistic_regression,42.0
2023-12-04,2023-12-05,1,1,0.5358993619679085,test,A,logistic_regression,42.0
2023-12-05,2023-12-06,0,0,0.3874134881307965,test,A,logistic_regression,42.0
2023-12-06,2023-12-07,1,0,0.4620481875962916,test,A,logistic_regression,42.0
2023-12-07,2023-12-08,1,0,0.4311234442576504,test,A,logistic_regression,42.0
2023-12-08,2023-12-11,0,0,0.45444378331915236,test,A,logistic_regression,42.0
2023-12-11,2023-12-12,1,1,0.5417977217997114,test,A,logistic_regression,42.0
2023-12-12,2023-12-13,1,0,0.4727623129518754,test,A,logistic_regression,42.0
2023-12-13,2023-12-14,1,0,0.41761090250145294,test,A,logistic_regression,42.0
2023-12-14,2023-12-15,0,1,0.5493218201166165,test,A,logistic_regression,42.0
2023-12-15,2023-12-18,0,1,0.7001175730973042,test,A,logistic_regression,42.0
2023-12-18,2023-12-19,1,1,0.5404911734810721,test,A,logistic_regression,42.0
2023-12-19,2023-12-20,0,0,0.4769126044194982,test,A,logistic_regression,42.0
2023-12-20,2023-12-21,0,1,0.6711363155642424,test,A,logistic_regression,42.0
2023-12-21,2023-12-22,0,1,0.6193748024385136,test,A,logistic_regression,42.0
2023-12-22,2023-12-26,0,1,0.5872153750390812,test,A,logistic_regression,42.0
2023-12-26,2023-12-27,1,1,0.6130931329499015,test,A,logistic_regression,42.0
2023-12-27,2023-12-28,1,1,0.6284852208716862,test,A,logistic_regression,42.0
2023-12-28,2023-12-29,0,1,0.5226986128611992,test,A,logistic_regression,42.0
2023-10-02,2023-10-03,0,1,0.696977614333021,test,A,random_forest,0.0
2023-10-03,2023-10-04,1,1,0.6034399225632208,test,A,random_forest,0.0
2023-10-04,2023-10-05,1,1,0.5111601141737552,test,A,random_forest,0.0
2023-10-05,2023-10-06,1,0,0.37230442175805734,test,A,random_forest,0.0
2023-10-06,2023-10-09,1,0,0.41967579198679383,test,A,random_forest,0.0
2023-10-09,2023-10-10,0,0,0.38254699162535616,test,A,random_forest,0.0
2023-10-10,2023-10-11,1,0,0.48916064153349775,test,A,random_forest,0.0
2023-10-11,2023-10-12,1,0,0.4473127884071851,test,A,random_forest,0.0
2023-10-12,2023-10-13,0,1,0.5257047784302035,test,A,random_forest,0.0
2023-10-13,2023-10-16,0,1,0.5565536588540231,test,A,random_forest,0.0
2023-10-16,2023-10-17,0,1,0.6297399465269335,test,A,random_forest,0.0
2023-10-17,2023-10-18,0,1,0.6542883640537354,test,A,random_forest,0.0
2023-10-18,2023-10-19,0,1,0.5800611786232449,test,A,random_forest,0.0
2023-10-19,2023-10-20,0,1,0.6388192270730748,test,A,random_forest,0.0
2023-10-20,2023-10-23,1,1,0.699567171698017,test,A,random_forest,0.0
2023-10-23,2023-10-24,1,1,0.645897307738918,test,A,random_forest,0.0
2023-10-24,2023-10-25,0,1,0.6492280895120182,test,A,random_forest,0.0
2023-10-25,2023-10-26,0,1,0.6933907640841992,test,A,random_forest,0.0
2023-10-26,2023-10-27,1,1,0.7199107173138501,test,A,random_forest,0.0
2023-10-27,2023-10-30,1,1,0.6431731224311106,test,A,random_forest,0.0
2023-10-30,2023-10-31,1,1,0.6799426002266712,test,A,random_forest,0.0
2023-10-31,2023-11-01,1,1,0.725560860297337,test,A,random_forest,0.0
2023-11-01,2023-11-02,1,1,0.5274256536983294,test,A,random_forest,0.0
2023-11-02,2023-11-03,0,0,0.3236883793839975,test,A,random_forest,0.0
2023-11-03,2023-11-06,1,0,0.3975876035947924,test,A,random_forest,0.0
2023-11-06,2023-11-07,1,0,0.3813937306677667,test,A,random_forest,0.0
2023-11-07,2023-11-08,1,0,0.38479503232979917,test,A,random_forest,0.0
2023-11-08,2023-11-09,0,0,0.37741997045305026,test,A,random_forest,0.0
2023-11-09,2023-11-10,1,0,0.4960938756844492,test,A,random_forest,0.0
2023-11-10,2023-11-13,0,0,0.4230244177559786,test,A,random_forest,0.0
2023-11-13,2023-11-14,1,1,0.5261614294915253,test,A,random_forest,0.0
2023-11-14,2023-11-15,1,1,0.5254194521563817,test,A,random_forest,0.0
2023-11-15,2023-11-16,1,1,0.5203839085090376,test,A,random_forest,0.0
2023-11-16,2023-11-17,0,0,0.3851345125338437,test,A,random_forest,0.0
2023-11-17,2023-11-20,1,0,0.3741451648495705,test,A,random_forest,0.0
2023-11-20,2023-11-21,0,0,0.37470208074179323,test,A,random_forest,0.0
2023-11-21,2023-11-22,1,0,0.39315090597194363,test,A,random_forest,0.0
2023-11-22,2023-11-24,0,0,0.381579090647921,test,A,random_forest,0.0
2023-11-24,2023-11-27,0,1,0.5047128657652143,test,A,random_forest,0.0
2023-11-27,2023-11-28,1,0,0.43460565672427764,test,A,random_forest,0.0
2023-11-28,2023-11-29,0,0,0.4617649305418064,test,A,random_forest,0.0
2023-11-29,2023-11-30,1,0,0.44100604133463245,test,A,random_forest,0.0
2023-11-30,2023-12-01,1,0,0.3992405039036539,test,A,random_forest,0.0
2023-12-01,2023-12-04,0,0,0.2879220905612803,test,A,random_forest,0.0
2023-12-04,2023-12-05,1,1,0.549382867018768,test,A,random_forest,0.0
2023-12-05,2023-12-06,0,0,0.32388241674038737,test,A,random_forest,0.0
2023-12-06,2023-12-07,1,0,0.3646186342506351,test,A,random_forest,0.0
2023-12-07,2023-12-08,1,0,0.3832140843530756,test,A,random_forest,0.0
2023-12-08,2023-12-11,0,0,0.3052205421018646,test,A,random_forest,0.0
2023-12-11,2023-12-12,1,0,0.40160427996862275,test,A,random_forest,0.0
2023-12-12,2023-12-13,1,0,0.45603085720944125,test,A,random_forest,0.0
2023-12-13,2023-12-14,1,1,0.5292898879765331,test,A,random_forest,0.0
2023-12-14,2023-12-15,0,1,0.5934621550928807,test,A,random_forest,0.0
2023-12-15,2023-12-18,0,1,0.5477114866976963,test,A,random_forest,0.0
2023-12-18,2023-12-19,1,0,0.4979963095809567,test,A,random_forest,0.0
2023-12-19,2023-12-20,0,0,0.38680175975086845,test,A,random_forest,0.0
2023-12-20,2023-12-21,0,1,0.574991377367423,test,A,random_forest,0.0
2023-12-21,2023-12-22,0,1,0.606489464057898,test,A,random_forest,0.0
2023-12-22,2023-12-26,0,1,0.5094018554992518,test,A,random_forest,0.0
2023-12-26,2023-12-27,1,1,0.5159260878520845,test,A,random_forest,0.0
2023-12-27,2023-12-28,1,1,0.616258777878233,test,A,random_forest,0.0
2023-12-28,2023-12-29,0,1,0.5136251358417926,test,A,random_forest,0.0
2023-10-02,2023-10-03,0,1,0.7201045750720118,test,A,random_forest,1.0
2023-10-03,2023-10-04,1,1,0.6280866978046659,test,A,random_forest,1.0
2023-10-04,2023-10-05,1,1,0.5149256713038329,test,A,random_forest,1.0
2023-10-05,2023-10-06,1,0,0.38220733604568125,test,A,random_forest,1.0
2023-10-06,2023-10-09,1,0,0.40786525481305175,test,A,random_forest,1.0
2023-10-09,2023-10-10,0,0,0.3591806395428975,test,A,random_forest,1.0
2023-10-10,2023-10-11,1,0,0.49231532123592087,test,A,random_forest,1.0
2023-10-11,2023-10-12,1,0,0.48868286533891286,test,A,random_forest,1.0
2023-10-12,2023-10-13,0,1,0.544318766128038,test,A,random_forest,1.0
2023-10-13,2023-10-16,0,1,0.537455100546214,test,A,random_forest,1.0
2023-10-16,2023-10-17,0,1,0.6646670703904082,test,A,random_forest,1.0
2023-10-17,2023-10-18,0,1,0.6725933715329008,test,A,random_forest,1.0
2023-10-18,2023-10-19,0,1,0.5997615932954989,test,A,random_forest,1.0
2023-10-19,2023-10-20,0,1,0.6262678228615165,test,A,random_forest,1.0
2023-10-20,2023-10-23,1,1,0.6840013247594813,test,A,random_forest,1.0
2023-10-23,2023-10-24,1,1,0.660609007275059,test,A,random_forest,1.0
2023-10-24,2023-10-25,0,1,0.6629057213985039,test,A,random_forest,1.0
2023-10-25,2023-10-26,0,1,0.6940174084657824,test,A,random_forest,1.0
2023-10-26,2023-10-27,1,1,0.71688309957508,test,A,random_forest,1.0
2023-10-27,2023-10-30,1,1,0.6662970014417149,test,A,random_forest,1.0
2023-10-30,2023-10-31,1,1,0.6656327902244366,test,A,random_forest,1.0
2023-10-31,2023-11-01,1,1,0.7120438789760166,test,A,random_forest,1.0
2023-11-01,2023-11-02,1,1,0.5285643825438134,test,A,random_forest,1.0
2023-11-02,2023-11-03,0,0,0.33565101156957783,test,A,random_forest,1.0
2023-11-03,2023-11-06,1,0,0.4000518092016396,test,A,random_forest,1.0
2023-11-06,2023-11-07,1,0,0.4176509601396966,test,A,random_forest,1.0
2023-11-07,2023-11-08,1,0,0.4041830349776287,test,A,random_forest,1.0
2023-11-08,2023-11-09,0,0,0.41510168025823513,test,A,random_forest,1.0
2023-11-09,2023-11-10,1,0,0.49539948842770815,test,A,random_forest,1.0
2023-11-10,2023-11-13,0,0,0.4188180578545322,test,A,random_forest,1.0
2023-11-13,2023-11-14,1,1,0.5235081425931157,test,A,random_forest,1.0
2023-11-14,2023-11-15,1,1,0.5203958272653122,test,A,random_forest,1.0
2023-11-15,2023-11-16,1,1,0.5529707005915104,test,A,random_forest,1.0
2023-11-16,2023-11-17,0,0,0.42254918824406884,test,A,random_forest,1.0
2023-11-17,2023-11-20,1,0,0.4236985188367189,test,A,random_forest,1.0
2023-11-20,2023-11-21,0,0,0.39639252748747145,test,A,random_forest,1.0
2023-11-21,2023-11-22,1,0,0.3938836683383941,test,A,random_forest,1.0
2023-11-22,2023-11-24,0,0,0.38572573383613673,test,A,random_forest,1.0
2023-11-24,2023-11-27,0,1,0.5208528626340653,test,A,random_forest,1.0
2023-11-27,2023-11-28,1,0,0.4306203209510638,test,A,random_forest,1.0
2023-11-28,2023-11-29,0,0,0.48571439505148456,test,A,random_forest,1.0
2023-11-29,2023-11-30,1,0,0.4635704741881104,test,A,random_forest,1.0
2023-11-30,2023-12-01,1,0,0.44168364863925413,test,A,random_forest,1.0
2023-12-01,2023-12-04,0,0,0.3074796470758706,test,A,random_forest,1.0
2023-12-04,2023-12-05,1,1,0.5826322989943696,test,A,random_forest,1.0
2023-12-05,2023-12-06,0,0,0.37412348412731056,test,A,random_forest,1.0
2023-12-06,2023-12-07,1,0,0.3771770755593813,test,A,random_forest,1.0
2023-12-07,2023-12-08,1,0,0.39642849639779487,test,A,random_forest,1.0
2023-12-08,2023-12-11,0,0,0.39278125179081325,test,A,random_forest,1.0
2023-12-11,2023-12-12,1,0,0.4054756742408141,test,A,random_forest,1.0
2023-12-12,2023-12-13,1,0,0.4232528467441222,test,A,random_forest,1.0
2023-12-13,2023-12-14,1,1,0.5317956558822432,test,A,random_forest,1.0
2023-12-14,2023-12-15,0,1,0.5936031792081629,test,A,random_forest,1.0
2023-12-15,2023-12-18,0,1,0.5044354243051145,test,A,random_forest,1.0
2023-12-18,2023-12-19,1,0,0.4749203224043802,test,A,random_forest,1.0
2023-12-19,2023-12-20,0,0,0.3667174192144362,test,A,random_forest,1.0
2023-12-20,2023-12-21,0,1,0.5851676390824264,test,A,random_forest,1.0
2023-12-21,2023-12-22,0,1,0.6274038754499812,test,A,random_forest,1.0
2023-12-22,2023-12-26,0,1,0.5161332877032107,test,A,random_forest,1.0
2023-12-26,2023-12-27,1,1,0.5281742443566864,test,A,random_forest,1.0
2023-12-27,2023-12-28,1,1,0.636102113715864,test,A,random_forest,1.0
2023-12-28,2023-12-29,0,1,0.5363294323966784,test,A,random_forest,1.0
2023-10-02,2023-10-03,0,1,0.6821435027840788,test,A,random_forest,2.0
2023-10-03,2023-10-04,1,1,0.6219619888039487,test,A,random_forest,2.0
2023-10-04,2023-10-05,1,1,0.5260961405316747,test,A,random_forest,2.0
2023-10-05,2023-10-06,1,0,0.3881295253275822,test,A,random_forest,2.0
2023-10-06,2023-10-09,1,0,0.4183445048119229,test,A,random_forest,2.0
2023-10-09,2023-10-10,0,0,0.3600970324395518,test,A,random_forest,2.0
2023-10-10,2023-10-11,1,0,0.48503601797528223,test,A,random_forest,2.0
2023-10-11,2023-10-12,1,0,0.44053201730514424,test,A,random_forest,2.0
2023-10-12,2023-10-13,0,1,0.5259225356624198,test,A,random_forest,2.0
2023-10-13,2023-10-16,0,1,0.5380255970761253,test,A,random_forest,2.0
2023-10-16,2023-10-17,0,1,0.6624660443255234,test,A,random_forest,2.0
2023-10-17,2023-10-18,0,1,0.6634268401223781,test,A,random_forest,2.0
2023-10-18,2023-10-19,0,1,0.5676843369995836,test,A,random_forest,2.0
2023-10-19,2023-10-20,0,1,0.6308902465837576,test,A,random_forest,2.0
2023-10-20,2023-10-23,1,1,0.68487270670953,test,A,random_forest,2.0
2023-10-23,2023-10-24,1,1,0.6517172388542526,test,A,random_forest,2.0
2023-10-24,2023-10-25,0,1,0.6306435810337077,test,A,random_forest,2.0
2023-10-25,2023-10-26,0,1,0.671440974044954,test,A,random_forest,2.0
2023-10-26,2023-10-27,1,1,0.7225412885993756,test,A,random_forest,2.0
2023-10-27,2023-10-30,1,1,0.6307232799094394,test,A,random_forest,2.0
2023-10-30,2023-10-31,1,1,0.6384647024729656,test,A,random_forest,2.0
2023-10-31,2023-11-01,1,1,0.6868977329669805,test,A,random_forest,2.0
2023-11-01,2023-11-02,1,1,0.5272752840165233,test,A,random_forest,2.0
2023-11-02,2023-11-03,0,0,0.331778889247649,test,A,random_forest,2.0
2023-11-03,2023-11-06,1,0,0.4477793070497349,test,A,random_forest,2.0
2023-11-06,2023-11-07,1,0,0.38674887752472453,test,A,random_forest,2.0
2023-11-07,2023-11-08,1,0,0.4244422002564022,test,A,random_forest,2.0
2023-11-08,2023-11-09,0,0,0.4226118768237871,test,A,random_forest,2.0
2023-11-09,2023-11-10,1,1,0.5087423400219354,test,A,random_forest,2.0
2023-11-10,2023-11-13,0,0,0.440687317344363,test,A,random_forest,2.0
2023-11-13,2023-11-14,1,1,0.5411884176549141,test,A,random_forest,2.0
2023-11-14,2023-11-15,1,1,0.5087818794846583,test,A,random_forest,2.0
2023-11-15,2023-11-16,1,1,0.5403070977040252,test,A,random_forest,2.0
2023-11-16,2023-11-17,0,0,0.39275063704373847,test,A,random_forest,2.0
2023-11-17,2023-11-20,1,0,0.42214929343082747,test,A,random_forest,2.0
2023-11-20,2023-11-21,0,0,0.4002536703806493,test,A,random_forest,2.0
2023-11-21,2023-11-22,1,0,0.43013034417472973,test,A,random_forest,2.0
2023-11-22,2023-11-24,0,0,0.40553919061151744,test,A,random_forest,2.0
2023-11-24,2023-11-27,0,1,0.5362079192276757,test,A,random_forest,2.0
2023-11-27,2023-11-28,1,0,0.43273379227589676,test,A,random_forest,2.0
2023-11-28,2023-11-29,0,0,0.47370113456465845,test,A,random_forest,2.0
2023-11-29,2023-11-30,1,0,0.4343559518562409,test,A,random_forest,2.0
2023-11-30,2023-12-01,1,0,0.4036596903768682,test,A,random_forest,2.0
2023-12-01,2023-12-04,0,0,0.28940005090473503,test,A,random_forest,2.0
2023-12-04,2023-12-05,1,1,0.5748278658764802,test,A,random_forest,2.0
2023-12-05,2023-12-06,0,0,0.36734580987182797,test,A,random_forest,2.0
2023-12-06,2023-12-07,1,0,0.38205213346778333,test,A,random_forest,2.0
2023-12-07,2023-12-08,1,0,0.4131394138695659,test,A,random_forest,2.0
2023-12-08,2023-12-11,0,0,0.3526297068810231,test,A,random_forest,2.0
2023-12-11,2023-12-12,1,0,0.4418327509440909,test,A,random_forest,2.0
2023-12-12,2023-12-13,1,0,0.4716101286972591,test,A,random_forest,2.0
2023-12-13,2023-12-14,1,0,0.4975943199602245,test,A,random_forest,2.0
2023-12-14,2023-12-15,0,1,0.5705251113093586,test,A,random_forest,2.0
2023-12-15,2023-12-18,0,1,0.5426434766583079,test,A,random_forest,2.0
2023-12-18,2023-12-19,1,0,0.4718251064636247,test,A,random_forest,2.0
2023-12-19,2023-12-20,0,0,0.42394930743673387,test,A,random_forest,2.0
2023-12-20,2023-12-21,0,1,0.5909743520997491,test,A,random_forest,2.0
2023-12-21,2023-12-22,0,1,0.6142770933795288,test,A,random_forest,2.0
2023-12-22,2023-12-26,0,1,0.5237412504238752,test,A,random_forest,2.0
2023-12-26,2023-12-27,1,1,0.5383172649178409,test,A,random_forest,2.0
2023-12-27,2023-12-28,1,1,0.6136662536225568,test,A,random_forest,2.0
2023-12-28,2023-12-29,0,1,0.5594286543359439,test,A,random_forest,2.0
2023-07-03,2023-07-05,0,1,0.5105603421841074,validation,B,logistic_regression,42.0
2023-07-05,2023-07-06,1,1,0.5706839380885177,validation,B,logistic_regression,42.0
2023-07-06,2023-07-07,0,0,0.34205336220359955,validation,B,logistic_regression,42.0
2023-07-07,2023-07-10,0,1,0.5280977631183101,validation,B,logistic_regression,42.0
2023-07-10,2023-07-11,0,1,0.7832986601730844,validation,B,logistic_regression,42.0
2023-07-11,2023-07-12,1,1,0.7103837422948074,validation,B,logistic_regression,42.0
2023-07-12,2023-07-13,1,1,0.6262527097984005,validation,B,logistic_regression,42.0
2023-07-13,2023-07-14,1,1,0.7200171760782872,validation,B,logistic_regression,42.0
2023-07-14,2023-07-17,1,1,0.5033637793340436,validation,B,logistic_regression,42.0
2023-07-17,2023-07-18,0,0,0.27228722109077774,validation,B,logistic_regression,42.0
2023-07-18,2023-07-19,1,1,0.5327510581235896,validation,B,logistic_regression,42.0
2023-07-19,2023-07-20,0,0,0.4069482474477785,validation,B,logistic_regression,42.0
2023-07-20,2023-07-21,0,0,0.3173452262057145,validation,B,logistic_regression,42.0
2023-07-21,2023-07-24,1,1,0.6220238103152055,validation,B,logistic_regression,42.0
2023-07-24,2023-07-25,1,1,0.5700469998702248,validation,B,logistic_regression,42.0
2023-07-25,2023-07-26,1,1,0.6212304064304739,validation,B,logistic_regression,42.0
2023-07-26,2023-07-27,0,1,0.5199431131393841,validation,B,logistic_regression,42.0
2023-07-27,2023-07-28,1,1,0.6350084274654001,validation,B,logistic_regression,42.0
2023-07-28,2023-07-31,1,1,0.5481413172843671,validation,B,logistic_regression,42.0
2023-07-31,2023-08-01,0,0,0.40792294902239296,validation,B,logistic_regression,42.0
2023-08-01,2023-08-02,0,1,0.5176392913436318,validation,B,logistic_regression,42.0
2023-08-02,2023-08-03,0,0,0.4753184347347479,validation,B,logistic_regression,42.0
2023-08-03,2023-08-04,0,1,0.6807557056339953,validation,B,logistic_regression,42.0
2023-08-04,2023-08-07,0,1,0.9908682465242764,validation,B,logistic_regression,42.0
2023-08-07,2023-08-08,1,1,0.971208105630737,validation,B,logistic_regression,42.0
2023-08-08,2023-08-09,0,1,0.6778798861806322,validation,B,logistic_regression,42.0
2023-08-09,2023-08-10,0,1,0.8237711220130708,validation,B,logistic_regression,42.0
2023-08-10,2023-08-11,1,1,0.8606640142882477,validation,B,logistic_regression,42.0
2023-08-11,2023-08-14,1,0,0.39754804303938124,validation,B,logistic_regression,42.0
2023-08-14,2023-08-15,0,0,0.34839059917798765,validation,B,logistic_regression,42.0
2023-08-15,2023-08-16,0,0,0.44036832773288115,validation,B,logistic_regression,42.0
2023-08-16,2023-08-17,0,0,0.35886598215278126,validation,B,logistic_regression,42.0
2023-08-17,2023-08-18,1,1,0.5789118315843815,validation,B,logistic_regression,42.0
2023-08-18,2023-08-21,1,1,0.732837098012451,validation,B,logistic_regression,42.0
2023-08-21,2023-08-22,1,1,0.8865363241690145,validation,B,logistic_regression,42.0
2023-08-22,2023-08-23,1,1,0.6661481328153235,validation,B,logistic_regression,42.0
2023-08-23,2023-08-24,0,1,0.6719292735765382,validation,B,logistic_regression,42.0
2023-08-24,2023-08-25,1,1,0.8057182222403322,validation,B,logistic_regression,42.0
2023-08-25,2023-08-28,1,1,0.62875240540224,validation,B,logistic_regression,42.0
2023-08-28,2023-08-29,1,1,0.6275877372550421,validation,B,logistic_regression,42.0
2023-08-29,2023-08-30,1,1,0.7304523459156171,validation,B,logistic_regression,42.0
2023-08-30,2023-08-31,1,1,0.6250374860042371,validation,B,logistic_regression,42.0
2023-08-31,2023-09-01,1,1,0.6708314570965033,validation,B,logistic_regression,42.0
2023-09-01,2023-09-05,1,0,0.3130770621065435,validation,B,logistic_regression,42.0
2023-09-05,2023-09-06,0,0,0.4042902273673155,validation,B,logistic_regression,42.0
2023-09-06,2023-09-07,0,1,0.9392050666857092,validation,B,logistic_regression,42.0
2023-09-07,2023-09-08,1,1,0.9558100744501612,validation,B,logistic_regression,42.0
2023-09-08,2023-09-11,1,1,0.8277814466311685,validation,B,logistic_regression,42.0
2023-09-11,2023-09-12,0,1,0.898791733383602,validation,B,logistic_regression,42.0
2023-09-12,2023-09-13,0,1,0.9479139301040138,validation,B,logistic_regression,42.0
2023-09-13,2023-09-14,1,1,0.9082547602873516,validation,B,logistic_regression,42.0
2023-09-14,2023-09-15,0,0,0.48831345554394423,validation,B,logistic_regression,42.0
2023-09-15,2023-09-18,1,0,0.4470864194316134,validation,B,logistic_regression,42.0
2023-09-18,2023-09-19,1,0,0.3101071553316248,validation,B,logistic_regression,42.0
2023-09-19,2023-09-20,0,0,0.25529741879497736,validation,B,logistic_regression,42.0
2023-09-20,2023-09-21,0,1,0.6751581715278827,validation,B,logistic_regression,42.0
2023-09-21,2023-09-22,1,1,0.6527310911062438,validation,B,logistic_regression,42.0
2023-09-22,2023-09-25,1,1,0.5726726659376833,validation,B,logistic_regression,42.0
2023-09-25,2023-09-26,0,1,0.6663856579645313,validation,B,logistic_regression,42.0
2023-09-26,2023-09-27,0,1,0.9166773015456688,validation,B,logistic_regression,42.0
2023-09-27,2023-09-28,1,1,0.8992419462620613,validation,B,logistic_regression,42.0
2023-09-28,2023-09-29,1,1,0.8070850713227032,validation,B,logistic_regression,42.0
2023-07-03,2023-07-05,0,1,0.5145581099893689,validation,B,random_forest,0.0
2023-07-05,2023-07-06,1,1,0.5311425261497258,validation,B,random_forest,0.0
2023-07-06,2023-07-07,0,0,0.4891640446500196,validation,B,random_forest,0.0
2023-07-07,2023-07-10,0,0,0.35723220210298395,validation,B,random_forest,0.0
2023-07-10,2023-07-11,0,1,0.569913963113901,validation,B,random_forest,0.0
2023-07-11,2023-07-12,1,1,0.5735265989235,validation,B,random_forest,0.0
2023-07-12,2023-07-13,1,1,0.5755612875547658,validation,B,random_forest,0.0
2023-07-13,2023-07-14,1,1,0.5110805518510907,validation,B,random_forest,0.0
2023-07-14,2023-07-17,1,0,0.4368373345703293,validation,B,random_forest,0.0
2023-07-17,2023-07-18,0,0,0.39227618808344256,validation,B,random_forest,0.0
2023-07-18,2023-07-19,1,0,0.4465963612291289,validation,B,random_forest,0.0
2023-07-19,2023-07-20,0,0,0.38903609383059984,validation,B,random_forest,0.0
2023-07-20,2023-07-21,0,0,0.4724827862018477,validation,B,random_forest,0.0
2023-07-21,2023-07-24,1,0,0.47497943782879265,validation,B,random_forest,0.0
2023-07-24,2023-07-25,1,1,0.5316180357614162,validation,B,random_forest,0.0
2023-07-25,2023-07-26,1,1,0.5464137679754886,validation,B,random_forest,0.0
2023-07-26,2023-07-27,0,1,0.5736988155452362,validation,B,random_forest,0.0
2023-07-27,2023-07-28,1,1,0.6006938457042136,validation,B,random_forest,0.0
2023-07-28,2023-07-31,1,0,0.4839896990732472,validation,B,random_forest,0.0
2023-07-31,2023-08-01,0,0,0.32266914699158944,validation,B,random_forest,0.0
2023-08-01,2023-08-02,0,0,0.31814178832352435,validation,B,random_forest,0.0
2023-08-02,2023-08-03,0,1,0.6561852226664638,validation,B,random_forest,0.0
2023-08-03,2023-08-04,0,1,0.67434275802914,validation,B,random_forest,0.0
2023-08-04,2023-08-07,0,1,0.7386854532501022,validation,B,random_forest,0.0
2023-08-07,2023-08-08,1,1,0.7576655304969351,validation,B,random_forest,0.0
2023-08-08,2023-08-09,0,1,0.6187379546236322,validation,B,random_forest,0.0
2023-08-09,2023-08-10,0,1,0.6612346673512878,validation,B,random_forest,0.0
2023-08-10,2023-08-11,1,1,0.654407403858468,validation,B,random_forest,0.0
2023-08-11,2023-08-14,1,1,0.6079155493245177,validation,B,random_forest,0.0
2023-08-14,2023-08-15,0,1,0.5384315585100012,validation,B,random_forest,0.0
2023-08-15,2023-08-16,0,1,0.6394576191257147,validation,B,random_forest,0.0
2023-08-16,2023-08-17,0,1,0.6020356448460821,validation,B,random_forest,0.0
2023-08-17,2023-08-18,1,1,0.7476877797655067,validation,B,random_forest,0.0
2023-08-18,2023-08-21,1,1,0.6341016536790229,validation,B,random_forest,0.0
2023-08-21,2023-08-22,1,1,0.7184079585236215,validation,B,random_forest,0.0
2023-08-22,2023-08-23,1,1,0.605142350984108,validation,B,random_forest,0.0
2023-08-23,2023-08-24,0,0,0.41633331785018435,validation,B,random_forest,0.0
2023-08-24,2023-08-25,1,1,0.6273404155690684,validation,B,random_forest,0.0
2023-08-25,2023-08-28,1,0,0.42794490577203664,validation,B,random_forest,0.0
2023-08-28,2023-08-29,1,0,0.45120863083633916,validation,B,random_forest,0.0
2023-08-29,2023-08-30,1,1,0.5605376121079844,validation,B,random_forest,0.0
2023-08-30,2023-08-31,1,0,0.4604216889934158,validation,B,random_forest,0.0
2023-08-31,2023-09-01,1,0,0.4994337956499591,validation,B,random_forest,0.0
2023-09-01,2023-09-05,1,0,0.3371507814357276,validation,B,random_forest,0.0
2023-09-05,2023-09-06,0,0,0.3304752511129508,validation,B,random_forest,0.0
2023-09-06,2023-09-07,0,1,0.7571258367832315,validation,B,random_forest,0.0
2023-09-07,2023-09-08,1,1,0.7757213852887566,validation,B,random_forest,0.0
2023-09-08,2023-09-11,1,1,0.5887172408982474,validation,B,random_forest,0.0
2023-09-11,2023-09-12,0,1,0.6690321459720061,validation,B,random_forest,0.0
2023-09-12,2023-09-13,0,1,0.7795319942620933,validation,B,random_forest,0.0
2023-09-13,2023-09-14,1,1,0.744731188422887,validation,B,random_forest,0.0
2023-09-14,2023-09-15,0,1,0.6059259445626508,validation,B,random_forest,0.0
2023-09-15,2023-09-18,1,1,0.6685632257420935,validation,B,random_forest,0.0
2023-09-18,2023-09-19,1,1,0.5732173245271771,validation,B,random_forest,0.0
2023-09-19,2023-09-20,0,1,0.52131643695816,validation,B,random_forest,0.0
2023-09-20,2023-09-21,0,1,0.70771429137894,validation,B,random_forest,0.0
2023-09-21,2023-09-22,1,1,0.6687018242093544,validation,B,random_forest,0.0
2023-09-22,2023-09-25,1,1,0.6400068462406664,validation,B,random_forest,0.0
2023-09-25,2023-09-26,0,1,0.550204887291756,validation,B,random_forest,0.0
2023-09-26,2023-09-27,0,1,0.7697379752413988,validation,B,random_forest,0.0
2023-09-27,2023-09-28,1,1,0.6924685498240394,validation,B,random_forest,0.0
2023-09-28,2023-09-29,1,1,0.7098424605423215,validation,B,random_forest,0.0
2023-07-03,2023-07-05,0,1,0.5206696831607381,validation,B,random_forest,1.0
2023-07-05,2023-07-06,1,1,0.5464889431098212,validation,B,random_forest,1.0
2023-07-06,2023-07-07,0,0,0.47524960642891284,validation,B,random_forest,1.0
2023-07-07,2023-07-10,0,0,0.37278933846383744,validation,B,random_forest,1.0
2023-07-10,2023-07-11,0,1,0.5765658092053502,validation,B,random_forest,1.0
2023-07-11,2023-07-12,1,1,0.5660140343004043,validation,B,random_forest,1.0
2023-07-12,2023-07-13,1,1,0.6036706140320685,validation,B,random_forest,1.0
2023-07-13,2023-07-14,1,1,0.5227024945036146,validation,B,random_forest,1.0
2023-07-14,2023-07-17,1,0,0.46350522698858565,validation,B,random_forest,1.0
2023-07-17,2023-07-18,0,0,0.38326001357805645,validation,B,random_forest,1.0
2023-07-18,2023-07-19,1,0,0.4330271816605774,validation,B,random_forest,1.0
2023-07-19,2023-07-20,0,0,0.3796988597769133,validation,B,random_forest,1.0
2023-07-20,2023-07-21,0,0,0.4801883731179715,validation,B,random_forest,1.0
2023-07-21,2023-07-24,1,1,0.5376924042318102,validation,B,random_forest,1.0
2023-07-24,2023-07-25,1,1,0.5770014494241615,validation,B,random_forest,1.0
2023-07-25,2023-07-26,1,1,0.5605215690956509,validation,B,random_forest,1.0
2023-07-26,2023-07-27,0,1,0.6047661550616611,validation,B,random_forest,1.0
2023-07-27,2023-07-28,1,1,0.647384766510294,validation,B,random_forest,1.0
2023-07-28,2023-07-31,1,0,0.4842241482466783,validation,B,random_forest,1.0
2023-07-31,2023-08-01,0,0,0.33675791731922494,validation,B,random_forest,1.0
2023-08-01,2023-08-02,0,0,0.3685308435086312,validation,B,random_forest,1.0
2023-08-02,2023-08-03,0,1,0.6963568886830883,validation,B,random_forest,1.0
2023-08-03,2023-08-04,0,1,0.6919796737390004,validation,B,random_forest,1.0
2023-08-04,2023-08-07,0,1,0.7503132379754763,validation,B,random_forest,1.0
2023-08-07,2023-08-08,1,1,0.7500680969509236,validation,B,random_forest,1.0
2023-08-08,2023-08-09,0,1,0.6499614218221788,validation,B,random_forest,1.0
2023-08-09,2023-08-10,0,1,0.6936667623670371,validation,B,random_forest,1.0
2023-08-10,2023-08-11,1,1,0.6911160232992843,validation,B,random_forest,1.0
2023-08-11,2023-08-14,1,1,0.6172762468552915,validation,B,random_forest,1.0
2023-08-14,2023-08-15,0,1,0.5103492609158146,validation,B,random_forest,1.0
2023-08-15,2023-08-16,0,1,0.6520465828861132,validation,B,random_forest,1.0
2023-08-16,2023-08-17,0,1,0.6166976517132291,validation,B,random_forest,1.0
2023-08-17,2023-08-18,1,1,0.7933056714822285,validation,B,random_forest,1.0
2023-08-18,2023-08-21,1,1,0.6383372736297088,validation,B,random_forest,1.0
2023-08-21,2023-08-22,1,1,0.7014817777212505,validation,B,random_forest,1.0
2023-08-22,2023-08-23,1,1,0.5979125835958594,validation,B,random_forest,1.0
2023-08-23,2023-08-24,0,0,0.37542577713303754,validation,B,random_forest,1.0
2023-08-24,2023-08-25,1,1,0.672215317794541,validation,B,random_forest,1.0
2023-08-25,2023-08-28,1,0,0.4139580955777515,validation,B,random_forest,1.0
2023-08-28,2023-08-29,1,0,0.41259831280602977,validation,B,random_forest,1.0
2023-08-29,2023-08-30,1,1,0.5605458983143111,validation,B,random_forest,1.0
2023-08-30,2023-08-31,1,0,0.4662690398617289,validation,B,random_forest,1.0
2023-08-31,2023-09-01,1,0,0.4977352687089086,validation,B,random_forest,1.0
2023-09-01,2023-09-05,1,0,0.32415617130981345,validation,B,random_forest,1.0
2023-09-05,2023-09-06,0,0,0.33376923980320605,validation,B,random_forest,1.0
2023-09-06,2023-09-07,0,1,0.7542407346954552,validation,B,random_forest,1.0
2023-09-07,2023-09-08,1,1,0.7884964951924024,validation,B,random_forest,1.0
2023-09-08,2023-09-11,1,1,0.6098722176901508,validation,B,random_forest,1.0
2023-09-11,2023-09-12,0,1,0.6738603183360634,validation,B,random_forest,1.0
2023-09-12,2023-09-13,0,1,0.8058671939524199,validation,B,random_forest,1.0
2023-09-13,2023-09-14,1,1,0.7479653818555614,validation,B,random_forest,1.0
2023-09-14,2023-09-15,0,1,0.6151055278833087,validation,B,random_forest,1.0
2023-09-15,2023-09-18,1,1,0.677226725587805,validation,B,random_forest,1.0
2023-09-18,2023-09-19,1,1,0.6140632989850802,validation,B,random_forest,1.0
2023-09-19,2023-09-20,0,0,0.485134367941077,validation,B,random_forest,1.0
2023-09-20,2023-09-21,0,1,0.7407016945190701,validation,B,random_forest,1.0
2023-09-21,2023-09-22,1,1,0.6849460561654944,validation,B,random_forest,1.0
2023-09-22,2023-09-25,1,1,0.6353972192989694,validation,B,random_forest,1.0
2023-09-25,2023-09-26,0,1,0.5772325021941095,validation,B,random_forest,1.0
2023-09-26,2023-09-27,0,1,0.7904462993790702,validation,B,random_forest,1.0
2023-09-27,2023-09-28,1,1,0.7185234726195342,validation,B,random_forest,1.0
2023-09-28,2023-09-29,1,1,0.7269935605480837,validation,B,random_forest,1.0
2023-07-03,2023-07-05,0,1,0.5095557405409238,validation,B,random_forest,2.0
2023-07-05,2023-07-06,1,1,0.5255925566938898,validation,B,random_forest,2.0
2023-07-06,2023-07-07,0,0,0.4862383148626218,validation,B,random_forest,2.0
2023-07-07,2023-07-10,0,0,0.44406463598066814,validation,B,random_forest,2.0
2023-07-10,2023-07-11,0,1,0.5870567104773973,validation,B,random_forest,2.0
2023-07-11,2023-07-12,1,1,0.5999412836331471,validation,B,random_forest,2.0
2023-07-12,2023-07-13,1,1,0.6233795493331113,validation,B,random_forest,2.0
2023-07-13,2023-07-14,1,1,0.5802938056681067,validation,B,random_forest,2.0
2023-07-14,2023-07-17,1,0,0.460938231665621,validation,B,random_forest,2.0
2023-07-17,2023-07-18,0,0,0.37722827446743645,validation,B,random_forest,2.0
2023-07-18,2023-07-19,1,0,0.4932193794628692,validation,B,random_forest,2.0
2023-07-19,2023-07-20,0,0,0.35784600959250124,validation,B,random_forest,2.0
2023-07-20,2023-07-21,0,0,0.49717590350831575,validation,B,random_forest,2.0
2023-07-21,2023-07-24,1,1,0.5581041868662076,validation,B,random_forest,2.0
2023-07-24,2023-07-25,1,1,0.529387555801444,validation,B,random_forest,2.0
2023-07-25,2023-07-26,1,1,0.566547552009584,validation,B,random_forest,2.0
2023-07-26,2023-07-27,0,1,0.5636725028059136,validation,B,random_forest,2.0
2023-07-27,2023-07-28,1,1,0.6396540744285741,validation,B,random_forest,2.0
2023-07-28,2023-07-31,1,1,0.5206575068162773,validation,B,random_forest,2.0
2023-07-31,2023-08-01,0,0,0.31796117089682896,validation,B,random_forest,2.0
2023-08-01,2023-08-02,0,0,0.36835596437577156,validation,B,random_forest,2.0
2023-08-02,2023-08-03,0,1,0.6983906417493124,validation,B,random_forest,2.0
2023-08-03,2023-08-04,0,1,0.6800364655630516,validation,B,random_forest,2.0
2023-08-04,2023-08-07,0,1,0.7308032469290859,validation,B,random_forest,2.0
2023-08-07,2023-08-08,1,1,0.730180954776221,validation,B,random_forest,2.0
2023-08-08,2023-08-09,0,1,0.6342913220355325,validation,B,random_forest,2.0
2023-08-09,2023-08-10,0,1,0.6683793116358978,validation,B,random_forest,2.0
2023-08-10,2023-08-11,1,1,0.6729651249029718,validation,B,random_forest,2.0
2023-08-11,2023-08-14,1,1,0.5699299460923911,validation,B,random_forest,2.0
2023-08-14,2023-08-15,0,1,0.5419780925032212,validation,B,random_forest,2.0
2023-08-15,2023-08-16,0,1,0.6296642606824068,validation,B,random_forest,2.0
2023-08-16,2023-08-17,0,1,0.5872204349293197,validation,B,random_forest,2.0
2023-08-17,2023-08-18,1,1,0.7629336558930274,validation,B,random_forest,2.0
2023-08-18,2023-08-21,1,1,0.6193423833002603,validation,B,random_forest,2.0
2023-08-21,2023-08-22,1,1,0.7156969040899179,validation,B,random_forest,2.0
2023-08-22,2023-08-23,1,1,0.5563050517174237,validation,B,random_forest,2.0
2023-08-23,2023-08-24,0,0,0.39784799405205623,validation,B,random_forest,2.0
2023-08-24,2023-08-25,1,1,0.6889161009357607,validation,B,random_forest,2.0
2023-08-25,2023-08-28,1,0,0.40466985833595986,validation,B,random_forest,2.0
2023-08-28,2023-08-29,1,0,0.44603193088016296,validation,B,random_forest,2.0
2023-08-29,2023-08-30,1,1,0.5754583343190552,validation,B,random_forest,2.0
2023-08-30,2023-08-31,1,0,0.4155020252462466,validation,B,random_forest,2.0
2023-08-31,2023-09-01,1,1,0.5090620586406763,validation,B,random_forest,2.0
2023-09-01,2023-09-05,1,0,0.2985317464936677,validation,B,random_forest,2.0
2023-09-05,2023-09-06,0,0,0.3671676693267949,validation,B,random_forest,2.0
2023-09-06,2023-09-07,0,1,0.7537429663059866,validation,B,random_forest,2.0
2023-09-07,2023-09-08,1,1,0.7659613603649508,validation,B,random_forest,2.0
2023-09-08,2023-09-11,1,1,0.6006132733084698,validation,B,random_forest,2.0
2023-09-11,2023-09-12,0,1,0.6919043792095415,validation,B,random_forest,2.0
2023-09-12,2023-09-13,0,1,0.7709584139649457,validation,B,random_forest,2.0
2023-09-13,2023-09-14,1,1,0.729922790483468,validation,B,random_forest,2.0
2023-09-14,2023-09-15,0,1,0.6097412873273556,validation,B,random_forest,2.0
2023-09-15,2023-09-18,1,1,0.6873502848771785,validation,B,random_forest,2.0
2023-09-18,2023-09-19,1,1,0.5989347583395604,validation,B,random_forest,2.0
2023-09-19,2023-09-20,0,0,0.49025009435478456,validation,B,random_forest,2.0
2023-09-20,2023-09-21,0,1,0.7313287258889568,validation,B,random_forest,2.0
2023-09-21,2023-09-22,1,1,0.6695437100360486,validation,B,random_forest,2.0
2023-09-22,2023-09-25,1,1,0.6331975950197759,validation,B,random_forest,2.0
2023-09-25,2023-09-26,0,1,0.5681785652472385,validation,B,random_forest,2.0
2023-09-26,2023-09-27,0,1,0.7776042572284361,validation,B,random_forest,2.0
2023-09-27,2023-09-28,1,1,0.722536892368614,validation,B,random_forest,2.0
2023-09-28,2023-09-29,1,1,0.722201641736988,validation,B,random_forest,2.0
2023-10-02,2023-10-03,0,1,0.7119388067362119,test,B,logistic_regression,42.0
2023-10-03,2023-10-04,1,1,0.5224717261581596,test,B,logistic_regression,42.0
2023-10-04,2023-10-05,1,1,0.6410925062000884,test,B,logistic_regression,42.0
2023-10-05,2023-10-06,1,0,0.3205228476601664,test,B,logistic_regression,42.0
2023-10-06,2023-10-09,1,0,0.48317790234331687,test,B,logistic_regression,42.0
2023-10-09,2023-10-10,0,0,0.4177385693785309,test,B,logistic_regression,42.0
2023-10-10,2023-10-11,1,1,0.6566833764428016,test,B,logistic_regression,42.0
2023-10-11,2023-10-12,1,1,0.5442935710130593,test,B,logistic_regression,42.0
2023-10-12,2023-10-13,0,0,0.47596208676511986,test,B,logistic_regression,42.0
2023-10-13,2023-10-16,0,1,0.6672128967741348,test,B,logistic_regression,42.0
2023-10-16,2023-10-17,0,1,0.8176977958813726,test,B,logistic_regression,42.0
2023-10-17,2023-10-18,0,1,0.791242736001375,test,B,logistic_regression,42.0
2023-10-18,2023-10-19,0,1,0.646734356067557,test,B,logistic_regression,42.0
2023-10-19,2023-10-20,0,1,0.6147142731244587,test,B,logistic_regression,42.0
2023-10-20,2023-10-23,1,1,0.7159816084275736,test,B,logistic_regression,42.0
2023-10-23,2023-10-24,1,1,0.7168562012577683,test,B,logistic_regression,42.0
2023-10-24,2023-10-25,0,1,0.6548135001276522,test,B,logistic_regression,42.0
2023-10-25,2023-10-26,0,0,0.4556417478293561,test,B,logistic_regression,42.0
2023-10-26,2023-10-27,1,1,0.7803967899011394,test,B,logistic_regression,42.0
2023-10-27,2023-10-30,1,1,0.5407577250599769,test,B,logistic_regression,42.0
2023-10-30,2023-10-31,1,1,0.5471849404029775,test,B,logistic_regression,42.0
2023-10-31,2023-11-01,1,1,0.6506669236235503,test,B,logistic_regression,42.0
2023-11-01,2023-11-02,1,0,0.49538346701193176,test,B,logistic_regression,42.0
2023-11-02,2023-11-03,0,0,0.24869820844745225,test,B,logistic_regression,42.0
2023-11-03,2023-11-06,1,1,0.6909612133771236,test,B,logistic_regression,42.0
2023-11-06,2023-11-07,1,0,0.26662959659438196,test,B,logistic_regression,42.0
2023-11-07,2023-11-08,1,0,0.2779110395444512,test,B,logistic_regression,42.0
2023-11-08,2023-11-09,0,0,0.41691356779649025,test,B,logistic_regression,42.0
2023-11-09,2023-11-10,1,1,0.7108160988279739,test,B,logistic_regression,42.0
2023-11-10,2023-11-13,0,1,0.6197174541650237,test,B,logistic_regression,42.0
2023-11-13,2023-11-14,1,1,0.7405525528420291,test,B,logistic_regression,42.0
2023-11-14,2023-11-15,1,1,0.7914982041696761,test,B,logistic_regression,42.0
2023-11-15,2023-11-16,1,1,0.6055632969791975,test,B,logistic_regression,42.0
2023-11-16,2023-11-17,0,0,0.431241385356045,test,B,logistic_regression,42.0
2023-11-17,2023-11-20,1,1,0.6363448261741323,test,B,logistic_regression,42.0
2023-11-20,2023-11-21,0,1,0.5096911779409934,test,B,logistic_regression,42.0
2023-11-21,2023-11-22,1,0,0.4843107110722245,test,B,logistic_regression,42.0
2023-11-22,2023-11-24,0,0,0.46165191135468747,test,B,logistic_regression,42.0
2023-11-24,2023-11-27,0,0,0.4886898556887378,test,B,logistic_regression,42.0
2023-11-27,2023-11-28,1,0,0.44254924932892253,test,B,logistic_regression,42.0
2023-11-28,2023-11-29,0,1,0.5148082834980635,test,B,logistic_regression,42.0
2023-11-29,2023-11-30,1,1,0.5981814318673162,test,B,logistic_regression,42.0
2023-11-30,2023-12-01,1,0,0.47429347124857474,test,B,logistic_regression,42.0
2023-12-01,2023-12-04,0,0,0.4057231094959298,test,B,logistic_regression,42.0
2023-12-04,2023-12-05,1,1,0.51452455006297,test,B,logistic_regression,42.0
2023-12-05,2023-12-06,0,0,0.23944827084594517,test,B,logistic_regression,42.0
2023-12-06,2023-12-07,1,0,0.4514308455926686,test,B,logistic_regression,42.0
2023-12-07,2023-12-08,1,1,0.5126162284786634,test,B,logistic_regression,42.0
2023-12-08,2023-12-11,0,0,0.44101350580715354,test,B,logistic_regression,42.0
2023-12-11,2023-12-12,1,1,0.7923694234485512,test,B,logistic_regression,42.0
2023-12-12,2023-12-13,1,1,0.5041289366066438,test,B,logistic_regression,42.0
2023-12-13,2023-12-14,1,0,0.427516636593297,test,B,logistic_regression,42.0
2023-12-14,2023-12-15,0,1,0.5463158524356765,test,B,logistic_regression,42.0
2023-12-15,2023-12-18,0,1,0.79907402390568,test,B,logistic_regression,42.0
2023-12-18,2023-12-19,1,1,0.7133664389613278,test,B,logistic_regression,42.0
2023-12-19,2023-12-20,0,0,0.46316098427933117,test,B,logistic_regression,42.0
2023-12-20,2023-12-21,0,1,0.5733897637532913,test,B,logistic_regression,42.0
2023-12-21,2023-12-22,0,1,0.7627117875861273,test,B,logistic_regression,42.0
2023-12-22,2023-12-26,0,1,0.6504789574209133,test,B,logistic_regression,42.0
2023-12-26,2023-12-27,1,1,0.6878257666308996,test,B,logistic_regression,42.0
2023-12-27,2023-12-28,1,1,0.6329393410448821,test,B,logistic_regression,42.0
2023-12-28,2023-12-29,0,0,0.46334058929735494,test,B,logistic_regression,42.0
2023-10-02,2023-10-03,0,1,0.6219480097529337,test,B,random_forest,0.0
2023-10-03,2023-10-04,1,1,0.6243688384186393,test,B,random_forest,0.0
2023-10-04,2023-10-05,1,1,0.596253035568607,test,B,random_forest,0.0
2023-10-05,2023-10-06,1,0,0.37003302591200804,test,B,random_forest,0.0
2023-10-06,2023-10-09,1,0,0.45542213897932643,test,B,random_forest,0.0
2023-10-09,2023-10-10,0,0,0.35730291912856366,test,B,random_forest,0.0
2023-10-10,2023-10-11,1,1,0.5082359077460614,test,B,random_forest,0.0
2023-10-11,2023-10-12,1,0,0.4519022201284896,test,B,random_forest,0.0
2023-10-12,2023-10-13,0,0,0.4549637532863564,test,B,random_forest,0.0
2023-10-13,2023-10-16,0,1,0.5334581685338462,test,B,random_forest,0.0
2023-10-16,2023-10-17,0,1,0.6877574884027163,test,B,random_forest,0.0
2023-10-17,2023-10-18,0,1,0.6448291050927708,test,B,random_forest,0.0
2023-10-18,2023-10-19,0,1,0.5788487876874708,test,B,random_forest,0.0
2023-10-19,2023-10-20,0,1,0.6274473431284612,test,B,random_forest,0.0
2023-10-20,2023-10-23,1,1,0.6690381736339984,test,B,random_forest,0.0
2023-10-23,2023-10-24,1,1,0.6538286823886179,test,B,random_forest,0.0
2023-10-24,2023-10-25,0,1,0.6944594428685842,test,B,random_forest,0.0
2023-10-25,2023-10-26,0,1,0.6672399302766221,test,B,random_forest,0.0
2023-10-26,2023-10-27,1,1,0.7276754906127375,test,B,random_forest,0.0
2023-10-27,2023-10-30,1,1,0.5778412398246768,test,B,random_forest,0.0
2023-10-30,2023-10-31,1,1,0.6196432826087377,test,B,random_forest,0.0
2023-10-31,2023-11-01,1,1,0.6576960917572898,test,B,random_forest,0.0
2023-11-01,2023-11-02,1,1,0.5173750508575936,test,B,random_forest,0.0
2023-11-02,2023-11-03,0,0,0.4147336711462607,test,B,random_forest,0.0
2023-11-03,2023-11-06,1,1,0.5276485348066258,test,B,random_forest,0.0
2023-11-06,2023-11-07,1,0,0.4026860659532692,test,B,random_forest,0.0
2023-11-07,2023-11-08,1,0,0.4495518794898031,test,B,random_forest,0.0
2023-11-08,2023-11-09,0,0,0.34434261743760863,test,B,random_forest,0.0
2023-11-09,2023-11-10,1,0,0.4503483492927163,test,B,random_forest,0.0
2023-11-10,2023-11-13,0,0,0.46470840880038355,test,B,random_forest,0.0
2023-11-13,2023-11-14,1,1,0.5003644925122418,test,B,random_forest,0.0
2023-11-14,2023-11-15,1,1,0.6231860059777741,test,B,random_forest,0.0
2023-11-15,2023-11-16,1,0,0.4298669440219273,test,B,random_forest,0.0
2023-11-16,2023-11-17,0,0,0.33095570213200315,test,B,random_forest,0.0
2023-11-17,2023-11-20,1,0,0.35237444041767546,test,B,random_forest,0.0
2023-11-20,2023-11-21,0,0,0.4366070188184667,test,B,random_forest,0.0
2023-11-21,2023-11-22,1,0,0.35766097669558505,test,B,random_forest,0.0
2023-11-22,2023-11-24,0,0,0.3336438159743798,test,B,random_forest,0.0
2023-11-24,2023-11-27,0,0,0.4961954334702515,test,B,random_forest,0.0
2023-11-27,2023-11-28,1,0,0.3779263389079212,test,B,random_forest,0.0
2023-11-28,2023-11-29,0,0,0.4550776116319734,test,B,random_forest,0.0
2023-11-29,2023-11-30,1,0,0.4206075428918419,test,B,random_forest,0.0
2023-11-30,2023-12-01,1,0,0.40018597959235785,test,B,random_forest,0.0
2023-12-01,2023-12-04,0,0,0.2848099557273373,test,B,random_forest,0.0
2023-12-04,2023-12-05,1,1,0.5422491351162707,test,B,random_forest,0.0
2023-12-05,2023-12-06,0,0,0.357376011148071,test,B,random_forest,0.0
2023-12-06,2023-12-07,1,0,0.4276080946206793,test,B,random_forest,0.0
2023-12-07,2023-12-08,1,1,0.5109029468965383,test,B,random_forest,0.0
2023-12-08,2023-12-11,0,0,0.3297195887958387,test,B,random_forest,0.0
2023-12-11,2023-12-12,1,0,0.48714918494681075,test,B,random_forest,0.0
2023-12-12,2023-12-13,1,0,0.43721362358443533,test,B,random_forest,0.0
2023-12-13,2023-12-14,1,1,0.5134249998613649,test,B,random_forest,0.0
2023-12-14,2023-12-15,0,1,0.5027732435667557,test,B,random_forest,0.0
2023-12-15,2023-12-18,0,1,0.5201890818885165,test,B,random_forest,0.0
2023-12-18,2023-12-19,1,0,0.4944822195334826,test,B,random_forest,0.0
2023-12-19,2023-12-20,0,0,0.3196407832999126,test,B,random_forest,0.0
2023-12-20,2023-12-21,0,1,0.5319417590850308,test,B,random_forest,0.0
2023-12-21,2023-12-22,0,1,0.639937139408958,test,B,random_forest,0.0
2023-12-22,2023-12-26,0,1,0.5020753997502199,test,B,random_forest,0.0
2023-12-26,2023-12-27,1,1,0.5111231212633232,test,B,random_forest,0.0
2023-12-27,2023-12-28,1,1,0.5743782869172698,test,B,random_forest,0.0
2023-12-28,2023-12-29,0,0,0.4637213283058962,test,B,random_forest,0.0
2023-10-02,2023-10-03,0,1,0.6460444254867916,test,B,random_forest,1.0
2023-10-03,2023-10-04,1,1,0.6495175275191114,test,B,random_forest,1.0
2023-10-04,2023-10-05,1,1,0.579814936469537,test,B,random_forest,1.0
2023-10-05,2023-10-06,1,0,0.3610895283669874,test,B,random_forest,1.0
2023-10-06,2023-10-09,1,0,0.4211904777846304,test,B,random_forest,1.0
2023-10-09,2023-10-10,0,0,0.2964441692445842,test,B,random_forest,1.0
2023-10-10,2023-10-11,1,1,0.5005744953724539,test,B,random_forest,1.0
2023-10-11,2023-10-12,1,0,0.42436866606928614,test,B,random_forest,1.0
2023-10-12,2023-10-13,0,0,0.44162919645015025,test,B,random_forest,1.0
2023-10-13,2023-10-16,0,1,0.5696401192514358,test,B,random_forest,1.0
2023-10-16,2023-10-17,0,1,0.6818343316791227,test,B,random_forest,1.0
2023-10-17,2023-10-18,0,1,0.6748573383916778,test,B,random_forest,1.0
2023-10-18,2023-10-19,0,1,0.5706419561729106,test,B,random_forest,1.0
2023-10-19,2023-10-20,0,1,0.6104346586007451,test,B,random_forest,1.0
2023-10-20,2023-10-23,1,1,0.6854624962871098,test,B,random_forest,1.0
2023-10-23,2023-10-24,1,1,0.6612430487697998,test,B,random_forest,1.0
2023-10-24,2023-10-25,0,1,0.6748148398259851,test,B,random_forest,1.0
2023-10-25,2023-10-26,0,1,0.6728513864625709,test,B,random_forest,1.0
2023-10-26,2023-10-27,1,1,0.7598925184922866,test,B,random_forest,1.0
2023-10-27,2023-10-30,1,1,0.5931005796502589,test,B,random_forest,1.0
2023-10-30,2023-10-31,1,1,0.6247268537208753,test,B,random_forest,1.0
2023-10-31,2023-11-01,1,1,0.6688288652660993,test,B,random_forest,1.0
2023-11-01,2023-11-02,1,0,0.4537741257340482,test,B,random_forest,1.0
2023-11-02,2023-11-03,0,0,0.3272614998248477,test,B,random_forest,1.0
2023-11-03,2023-11-06,1,1,0.5129415021898375,test,B,random_forest,1.0
2023-11-06,2023-11-07,1,0,0.34592711687462485,test,B,random_forest,1.0
2023-11-07,2023-11-08,1,0,0.4176567669309503,test,B,random_forest,1.0
2023-11-08,2023-11-09,0,0,0.33686184574549843,test,B,random_forest,1.0
2023-11-09,2023-11-10,1,0,0.4401700647543858,test,B,random_forest,1.0
2023-11-10,2023-11-13,0,0,0.43703300822637836,test,B,random_forest,1.0
2023-11-13,2023-11-14,1,1,0.530924711982446,test,B,random_forest,1.0
2023-11-14,2023-11-15,1,1,0.6024765074463814,test,B,random_forest,1.0
2023-11-15,2023-11-16,1,0,0.47601476431441775,test,B,random_forest,1.0
2023-11-16,2023-11-17,0,0,0.3377119272042953,test,B,random_forest,1.0
2023-11-17,2023-11-20,1,0,0.3429881946594438,test,B,random_forest,1.0
2023-11-20,2023-11-21,0,0,0.4425918580887897,test,B,random_forest,1.0
2023-11-21,2023-11-22,1,0,0.3900985403855257,test,B,random_forest,1.0
2023-11-22,2023-11-24,0,0,0.35688268906281734,test,B,random_forest,1.0
2023-11-24,2023-11-27,0,0,0.49616285914763136,test,B,random_forest,1.0
2023-11-27,2023-11-28,1,0,0.3973642222203431,test,B,random_forest,1.0
2023-11-28,2023-11-29,0,0,0.4681492385636965,test,B,random_forest,1.0
2023-11-29,2023-11-30,1,0,0.44068354093561557,test,B,random_forest,1.0
2023-11-30,2023-12-01,1,0,0.38123664982737293,test,B,random_forest,1.0
2023-12-01,2023-12-04,0,0,0.3007198293335639,test,B,random_forest,1.0
2023-12-04,2023-12-05,1,1,0.5764022606495356,test,B,random_forest,1.0
2023-12-05,2023-12-06,0,0,0.3129868949500647,test,B,random_forest,1.0
2023-12-06,2023-12-07,1,0,0.4133661134792655,test,B,random_forest,1.0
2023-12-07,2023-12-08,1,1,0.5073008146683569,test,B,random_forest,1.0
2023-12-08,2023-12-11,0,0,0.35663160486729334,test,B,random_forest,1.0
2023-12-11,2023-12-12,1,0,0.477816110279959,test,B,random_forest,1.0
2023-12-12,2023-12-13,1,0,0.4350597665142188,test,B,random_forest,1.0
2023-12-13,2023-12-14,1,1,0.528474432407472,test,B,random_forest,1.0
2023-12-14,2023-12-15,0,1,0.5371542550289916,test,B,random_forest,1.0
2023-12-15,2023-12-18,0,1,0.5370686377503566,test,B,random_forest,1.0
2023-12-18,2023-12-19,1,1,0.5588498480187009,test,B,random_forest,1.0
2023-12-19,2023-12-20,0,0,0.3683461965756543,test,B,random_forest,1.0
2023-12-20,2023-12-21,0,1,0.5704898323207765,test,B,random_forest,1.0
2023-12-21,2023-12-22,0,1,0.6435574885362279,test,B,random_forest,1.0
2023-12-22,2023-12-26,0,1,0.5236131282648586,test,B,random_forest,1.0
2023-12-26,2023-12-27,1,1,0.5361801093273519,test,B,random_forest,1.0
2023-12-27,2023-12-28,1,1,0.5896301330724699,test,B,random_forest,1.0
2023-12-28,2023-12-29,0,0,0.4920536939496073,test,B,random_forest,1.0
2023-10-02,2023-10-03,0,1,0.6171529544540396,test,B,random_forest,2.0
2023-10-03,2023-10-04,1,1,0.6155105125519028,test,B,random_forest,2.0
2023-10-04,2023-10-05,1,1,0.6142416913623646,test,B,random_forest,2.0
2023-10-05,2023-10-06,1,0,0.35975308959597385,test,B,random_forest,2.0
2023-10-06,2023-10-09,1,0,0.43955425784145924,test,B,random_forest,2.0
2023-10-09,2023-10-10,0,0,0.3232738779209773,test,B,random_forest,2.0
2023-10-10,2023-10-11,1,0,0.4926803487071579,test,B,random_forest,2.0
2023-10-11,2023-10-12,1,0,0.4122322761409898,test,B,random_forest,2.0
2023-10-12,2023-10-13,0,0,0.3972022280605043,test,B,random_forest,2.0
2023-10-13,2023-10-16,0,1,0.5504266988665882,test,B,random_forest,2.0
2023-10-16,2023-10-17,0,1,0.6817750987320299,test,B,random_forest,2.0
2023-10-17,2023-10-18,0,1,0.6832620932632048,test,B,random_forest,2.0
2023-10-18,2023-10-19,0,1,0.5990950885528111,test,B,random_forest,2.0
2023-10-19,2023-10-20,0,1,0.6224714666618576,test,B,random_forest,2.0
2023-10-20,2023-10-23,1,1,0.6741452840072548,test,B,random_forest,2.0
2023-10-23,2023-10-24,1,1,0.6319892277091284,test,B,random_forest,2.0
2023-10-24,2023-10-25,0,1,0.6932582184394315,test,B,random_forest,2.0
2023-10-25,2023-10-26,0,1,0.6509001490234492,test,B,random_forest,2.0
2023-10-26,2023-10-27,1,1,0.7419676995614634,test,B,random_forest,2.0
2023-10-27,2023-10-30,1,1,0.5601793562482914,test,B,random_forest,2.0
2023-10-30,2023-10-31,1,1,0.6181036317427924,test,B,random_forest,2.0
2023-10-31,2023-11-01,1,1,0.6679930265608243,test,B,random_forest,2.0
2023-11-01,2023-11-02,1,1,0.5132270475425851,test,B,random_forest,2.0
2023-11-02,2023-11-03,0,0,0.42457917556583624,test,B,random_forest,2.0
2023-11-03,2023-11-06,1,1,0.5623992753202169,test,B,random_forest,2.0
2023-11-06,2023-11-07,1,0,0.3773684426670056,test,B,random_forest,2.0
2023-11-07,2023-11-08,1,0,0.43340619557125404,test,B,random_forest,2.0
2023-11-08,2023-11-09,0,0,0.3412656143223733,test,B,random_forest,2.0
2023-11-09,2023-11-10,1,0,0.42130712094168743,test,B,random_forest,2.0
2023-11-10,2023-11-13,0,0,0.48197695059752865,test,B,random_forest,2.0
2023-11-13,2023-11-14,1,1,0.5090099382689602,test,B,random_forest,2.0
2023-11-14,2023-11-15,1,1,0.6271933030269923,test,B,random_forest,2.0
2023-11-15,2023-11-16,1,0,0.4192907817308889,test,B,random_forest,2.0
2023-11-16,2023-11-17,0,0,0.28180595577145917,test,B,random_forest,2.0
2023-11-17,2023-11-20,1,0,0.3449762684591458,test,B,random_forest,2.0
2023-11-20,2023-11-21,0,0,0.4377210336946201,test,B,random_forest,2.0
2023-11-21,2023-11-22,1,0,0.3856934499638929,test,B,random_forest,2.0
2023-11-22,2023-11-24,0,0,0.34221173338382904,test,B,random_forest,2.0
2023-11-24,2023-11-27,0,0,0.4889594719725966,test,B,random_forest,2.0
2023-11-27,2023-11-28,1,0,0.42815567364168206,test,B,random_forest,2.0
2023-11-28,2023-11-29,0,0,0.4692724272462314,test,B,random_forest,2.0
2023-11-29,2023-11-30,1,0,0.4588975396330363,test,B,random_forest,2.0
2023-11-30,2023-12-01,1,0,0.398849786808618,test,B,random_forest,2.0
2023-12-01,2023-12-04,0,0,0.3051563453059277,test,B,random_forest,2.0
2023-12-04,2023-12-05,1,1,0.5751192528935977,test,B,random_forest,2.0
2023-12-05,2023-12-06,0,0,0.33649386065323833,test,B,random_forest,2.0
2023-12-06,2023-12-07,1,0,0.4663132421654788,test,B,random_forest,2.0
2023-12-07,2023-12-08,1,1,0.5314671256797069,test,B,random_forest,2.0
2023-12-08,2023-12-11,0,0,0.3183570137707023,test,B,random_forest,2.0
2023-12-11,2023-12-12,1,1,0.5266998470633374,test,B,random_forest,2.0
2023-12-12,2023-12-13,1,0,0.45145563520260945,test,B,random_forest,2.0
2023-12-13,2023-12-14,1,1,0.5061422414539426,test,B,random_forest,2.0
2023-12-14,2023-12-15,0,0,0.48736257800615146,test,B,random_forest,2.0
2023-12-15,2023-12-18,0,1,0.5318498288493145,test,B,random_forest,2.0
2023-12-18,2023-12-19,1,1,0.520250340853129,test,B,random_forest,2.0
2023-12-19,2023-12-20,0,0,0.361734195760896,test,B,random_forest,2.0
2023-12-20,2023-12-21,0,1,0.5957577108878267,test,B,random_forest,2.0
2023-12-21,2023-12-22,0,1,0.6788147327738571,test,B,random_forest,2.0
2023-12-22,2023-12-26,0,1,0.5228097894695033,test,B,random_forest,2.0
2023-12-26,2023-12-27,1,1,0.5393704463200699,test,B,random_forest,2.0
2023-12-27,2023-12-28,1,1,0.5753940866482226,test,B,random_forest,2.0
2023-12-28,2023-12-29,0,0,0.45613425935965995,test,B,random_forest,2.0
2023-07-03,2023-07-05,0,0,0.44287701120181017,validation,C,logistic_regression,42.0
2023-07-05,2023-07-06,1,1,0.5972724668852721,validation,C,logistic_regression,42.0
2023-07-06,2023-07-07,0,0,0.4598292318832614,validation,C,logistic_regression,42.0
2023-07-07,2023-07-10,0,0,0.4804163945798535,validation,C,logistic_regression,42.0
2023-07-10,2023-07-11,0,1,0.7396287234959845,validation,C,logistic_regression,42.0
2023-07-11,2023-07-12,1,1,0.7085385170279986,validation,C,logistic_regression,42.0
2023-07-12,2023-07-13,1,1,0.6611684677596548,validation,C,logistic_regression,42.0
2023-07-13,2023-07-14,1,1,0.7721701537479689,validation,C,logistic_regression,42.0
2023-07-14,2023-07-17,1,1,0.6051843641530521,validation,C,logistic_regression,42.0
2023-07-17,2023-07-18,0,0,0.23792709574436774,validation,C,logistic_regression,42.0
2023-07-18,2023-07-19,1,1,0.6509437066303833,validation,C,logistic_regression,42.0
2023-07-19,2023-07-20,0,0,0.2875124129951298,validation,C,logistic_regression,42.0
2023-07-20,2023-07-21,0,0,0.28674647901311223,validation,C,logistic_regression,42.0
2023-07-21,2023-07-24,1,1,0.5747984136920063,validation,C,logistic_regression,42.0
2023-07-24,2023-07-25,1,1,0.5352655481131541,validation,C,logistic_regression,42.0
2023-07-25,2023-07-26,1,1,0.6808677369026147,validation,C,logistic_regression,42.0
2023-07-26,2023-07-27,0,0,0.36331948897423655,validation,C,logistic_regression,42.0
2023-07-27,2023-07-28,1,1,0.6092423029715505,validation,C,logistic_regression,42.0
2023-07-28,2023-07-31,1,1,0.6646257474860257,validation,C,logistic_regression,42.0
2023-07-31,2023-08-01,0,1,0.5022469741964412,validation,C,logistic_regression,42.0
2023-08-01,2023-08-02,0,1,0.6905796349285576,validation,C,logistic_regression,42.0
2023-08-02,2023-08-03,0,1,0.5430796909975759,validation,C,logistic_regression,42.0
2023-08-03,2023-08-04,0,1,0.7030969899136789,validation,C,logistic_regression,42.0
2023-08-04,2023-08-07,0,1,0.9936366965004712,validation,C,logistic_regression,42.0
2023-08-07,2023-08-08,1,1,0.9698579843547612,validation,C,logistic_regression,42.0
2023-08-08,2023-08-09,0,1,0.7154763472319574,validation,C,logistic_regression,42.0
2023-08-09,2023-08-10,0,1,0.837284380297446,validation,C,logistic_regression,42.0
2023-08-10,2023-08-11,1,1,0.8628312246239315,validation,C,logistic_regression,42.0
2023-08-11,2023-08-14,1,0,0.3734465853034088,validation,C,logistic_regression,42.0
2023-08-14,2023-08-15,0,0,0.2701392406801007,validation,C,logistic_regression,42.0
2023-08-15,2023-08-16,0,0,0.41505828091162295,validation,C,logistic_regression,42.0
2023-08-16,2023-08-17,0,0,0.3628648700881402,validation,C,logistic_regression,42.0
2023-08-17,2023-08-18,1,1,0.5248334546501568,validation,C,logistic_regression,42.0
2023-08-18,2023-08-21,1,1,0.7016536093363402,validation,C,logistic_regression,42.0
2023-08-21,2023-08-22,1,1,0.855615601108157,validation,C,logistic_regression,42.0
2023-08-22,2023-08-23,1,1,0.6563495051266962,validation,C,logistic_regression,42.0
2023-08-23,2023-08-24,0,1,0.6393236607830021,validation,C,logistic_regression,42.0
2023-08-24,2023-08-25,1,1,0.7962593586892568,validation,C,logistic_regression,42.0
2023-08-25,2023-08-28,1,1,0.6407299756769613,validation,C,logistic_regression,42.0
2023-08-28,2023-08-29,1,1,0.6036137917190946,validation,C,logistic_regression,42.0
2023-08-29,2023-08-30,1,1,0.71002457722983,validation,C,logistic_regression,42.0
2023-08-30,2023-08-31,1,1,0.684845668673394,validation,C,logistic_regression,42.0
2023-08-31,2023-09-01,1,1,0.6885677013611918,validation,C,logistic_regression,42.0
2023-09-01,2023-09-05,1,0,0.4045485932364785,validation,C,logistic_regression,42.0
2023-09-05,2023-09-06,0,1,0.5025488913742678,validation,C,logistic_regression,42.0
2023-09-06,2023-09-07,0,1,0.9433683503207076,validation,C,logistic_regression,42.0
2023-09-07,2023-09-08,1,1,0.9562904460771438,validation,C,logistic_regression,42.0
2023-09-08,2023-09-11,1,1,0.8522458750764644,validation,C,logistic_regression,42.0
2023-09-11,2023-09-12,0,1,0.8764867292064898,validation,C,logistic_regression,42.0
2023-09-12,2023-09-13,0,1,0.9409475137783577,validation,C,logistic_regression,42.0
2023-09-13,2023-09-14,1,1,0.9182391821365391,validation,C,logistic_regression,42.0
2023-09-14,2023-09-15,0,0,0.4185677426858808,validation,C,logistic_regression,42.0
2023-09-15,2023-09-18,1,0,0.43220294978419493,validation,C,logistic_regression,42.0
2023-09-18,2023-09-19,1,0,0.29416392263795627,validation,C,logistic_regression,42.0
2023-09-19,2023-09-20,0,0,0.23248273882873044,validation,C,logistic_regression,42.0
2023-09-20,2023-09-21,0,1,0.6056163597452368,validation,C,logistic_regression,42.0
2023-09-21,2023-09-22,1,1,0.7428256785017959,validation,C,logistic_regression,42.0
2023-09-22,2023-09-25,1,0,0.4875420451102648,validation,C,logistic_regression,42.0
2023-09-25,2023-09-26,0,1,0.6200155444580352,validation,C,logistic_regression,42.0
2023-09-26,2023-09-27,0,1,0.9151075741252572,validation,C,logistic_regression,42.0
2023-09-27,2023-09-28,1,1,0.8858737747182279,validation,C,logistic_regression,42.0
2023-09-28,2023-09-29,1,1,0.8009762045687906,validation,C,logistic_regression,42.0
2023-07-03,2023-07-05,0,0,0.45101395071590095,validation,C,random_forest,0.0
2023-07-05,2023-07-06,1,0,0.43668418022468103,validation,C,random_forest,0.0
2023-07-06,2023-07-07,0,0,0.42557040458271517,validation,C,random_forest,0.0
2023-07-07,2023-07-10,0,0,0.40975026392858505,validation,C,random_forest,0.0
2023-07-10,2023-07-11,0,1,0.5389285022689185,validation,C,random_forest,0.0
2023-07-11,2023-07-12,1,1,0.5643958797991292,validation,C,random_forest,0.0
2023-07-12,2023-07-13,1,1,0.6816141940256358,validation,C,random_forest,0.0
2023-07-13,2023-07-14,1,1,0.6125140529441165,validation,C,random_forest,0.0
2023-07-14,2023-07-17,1,0,0.41723605426082194,validation,C,random_forest,0.0
2023-07-17,2023-07-18,0,0,0.31833754938782005,validation,C,random_forest,0.0
2023-07-18,2023-07-19,1,1,0.550240010363792,validation,C,random_forest,0.0
2023-07-19,2023-07-20,0,0,0.27502603516402674,validation,C,random_forest,0.0
2023-07-20,2023-07-21,0,0,0.4506582740512861,validation,C,random_forest,0.0
2023-07-21,2023-07-24,1,0,0.48800472472349193,validation,C,random_forest,0.0
2023-07-24,2023-07-25,1,1,0.6405010423022723,validation,C,random_forest,0.0
2023-07-25,2023-07-26,1,1,0.6668798800728385,validation,C,random_forest,0.0
2023-07-26,2023-07-27,0,1,0.5164587998808604,validation,C,random_forest,0.0
2023-07-27,2023-07-28,1,1,0.5895998278071252,validation,C,random_forest,0.0
2023-07-28,2023-07-31,1,1,0.6236356542503385,validation,C,random_forest,0.0
2023-07-31,2023-08-01,0,0,0.2642265710465158,validation,C,random_forest,0.0
2023-08-01,2023-08-02,0,0,0.3418102517250392,validation,C,random_forest,0.0
2023-08-02,2023-08-03,0,1,0.6460433257890816,validation,C,random_forest,0.0
2023-08-03,2023-08-04,0,1,0.6756450547878723,validation,C,random_forest,0.0
2023-08-04,2023-08-07,0,1,0.7594924058256332,validation,C,random_forest,0.0
2023-08-07,2023-08-08,1,1,0.7691911653349576,validation,C,random_forest,0.0
2023-08-08,2023-08-09,0,1,0.5910341837111113,validation,C,random_forest,0.0
2023-08-09,2023-08-10,0,1,0.6824070019856724,validation,C,random_forest,0.0
2023-08-10,2023-08-11,1,1,0.688892114361541,validation,C,random_forest,0.0
2023-08-11,2023-08-14,1,1,0.5849372186403679,validation,C,random_forest,0.0
2023-08-14,2023-08-15,0,1,0.6598279058424737,validation,C,random_forest,0.0
2023-08-15,2023-08-16,0,1,0.6210333333382269,validation,C,random_forest,0.0
2023-08-16,2023-08-17,0,1,0.5716325911935893,validation,C,random_forest,0.0
2023-08-17,2023-08-18,1,1,0.7171801716469337,validation,C,random_forest,0.0
2023-08-18,2023-08-21,1,1,0.5380361252394162,validation,C,random_forest,0.0
2023-08-21,2023-08-22,1,1,0.7224074788932008,validation,C,random_forest,0.0
2023-08-22,2023-08-23,1,1,0.5076860576768005,validation,C,random_forest,0.0
2023-08-23,2023-08-24,0,0,0.4705712436966257,validation,C,random_forest,0.0
2023-08-24,2023-08-25,1,1,0.6196306212797753,validation,C,random_forest,0.0
2023-08-25,2023-08-28,1,0,0.3629455072644937,validation,C,random_forest,0.0
2023-08-28,2023-08-29,1,0,0.45748472593394923,validation,C,random_forest,0.0
2023-08-29,2023-08-30,1,1,0.5965972052903263,validation,C,random_forest,0.0
2023-08-30,2023-08-31,1,0,0.34945438270804374,validation,C,random_forest,0.0
2023-08-31,2023-09-01,1,0,0.39952298154154625,validation,C,random_forest,0.0
2023-09-01,2023-09-05,1,0,0.2297608274976119,validation,C,random_forest,0.0
2023-09-05,2023-09-06,0,0,0.34157387838361125,validation,C,random_forest,0.0
2023-09-06,2023-09-07,0,1,0.7606909395884085,validation,C,random_forest,0.0
2023-09-07,2023-09-08,1,1,0.7882419016687822,validation,C,random_forest,0.0
2023-09-08,2023-09-11,1,1,0.6405081902617887,validation,C,random_forest,0.0
2023-09-11,2023-09-12,0,1,0.6762742098434513,validation,C,random_forest,0.0
2023-09-12,2023-09-13,0,1,0.7721080072407702,validation,C,random_forest,0.0
2023-09-13,2023-09-14,1,1,0.7712297362554946,validation,C,random_forest,0.0
2023-09-14,2023-09-15,0,1,0.6141205480654746,validation,C,random_forest,0.0
2023-09-15,2023-09-18,1,1,0.6424166394489593,validation,C,random_forest,0.0
2023-09-18,2023-09-19,1,1,0.5582905729478503,validation,C,random_forest,0.0
2023-09-19,2023-09-20,0,0,0.459034515932157,validation,C,random_forest,0.0
2023-09-20,2023-09-21,0,1,0.687412743821912,validation,C,random_forest,0.0
2023-09-21,2023-09-22,1,1,0.681844931426686,validation,C,random_forest,0.0
2023-09-22,2023-09-25,1,1,0.6636905195247431,validation,C,random_forest,0.0
2023-09-25,2023-09-26,0,1,0.624117248048066,validation,C,random_forest,0.0
2023-09-26,2023-09-27,0,1,0.7478585468985453,validation,C,random_forest,0.0
2023-09-27,2023-09-28,1,1,0.7037339240460461,validation,C,random_forest,0.0
2023-09-28,2023-09-29,1,1,0.665592724796983,validation,C,random_forest,0.0
2023-07-03,2023-07-05,0,0,0.4603315593183739,validation,C,random_forest,1.0
2023-07-05,2023-07-06,1,0,0.44375524096461977,validation,C,random_forest,1.0
2023-07-06,2023-07-07,0,0,0.45044873059786017,validation,C,random_forest,1.0
2023-07-07,2023-07-10,0,0,0.4123552470410692,validation,C,random_forest,1.0
2023-07-10,2023-07-11,0,1,0.57929530782656,validation,C,random_forest,1.0
2023-07-11,2023-07-12,1,1,0.5766091115559193,validation,C,random_forest,1.0
2023-07-12,2023-07-13,1,1,0.6877437806155442,validation,C,random_forest,1.0
2023-07-13,2023-07-14,1,1,0.6288309999307623,validation,C,random_forest,1.0
2023-07-14,2023-07-17,1,0,0.44342063257136727,validation,C,random_forest,1.0
2023-07-17,2023-07-18,0,0,0.3115207212528986,validation,C,random_forest,1.0
2023-07-18,2023-07-19,1,1,0.5438795712250253,validation,C,random_forest,1.0
2023-07-19,2023-07-20,0,0,0.32394018259855184,validation,C,random_forest,1.0
2023-07-20,2023-07-21,0,0,0.44958243247129803,validation,C,random_forest,1.0
2023-07-21,2023-07-24,1,0,0.49421204166616717,validation,C,random_forest,1.0
2023-07-24,2023-07-25,1,1,0.658549947859278,validation,C,random_forest,1.0
2023-07-25,2023-07-26,1,1,0.6808380295766112,validation,C,random_forest,1.0
2023-07-26,2023-07-27,0,1,0.5608756339487552,validation,C,random_forest,1.0
2023-07-27,2023-07-28,1,1,0.6090617475074552,validation,C,random_forest,1.0
2023-07-28,2023-07-31,1,1,0.5380089366479717,validation,C,random_forest,1.0
2023-07-31,2023-08-01,0,0,0.31854029827568314,validation,C,random_forest,1.0
2023-08-01,2023-08-02,0,0,0.37358767106188506,validation,C,random_forest,1.0
2023-08-02,2023-08-03,0,1,0.6593113059238557,validation,C,random_forest,1.0
2023-08-03,2023-08-04,0,1,0.6634257032783014,validation,C,random_forest,1.0
2023-08-04,2023-08-07,0,1,0.761687675545265,validation,C,random_forest,1.0
2023-08-07,2023-08-08,1,1,0.7611189637559649,validation,C,random_forest,1.0
2023-08-08,2023-08-09,0,1,0.6034182704434062,validation,C,random_forest,1.0
2023-08-09,2023-08-10,0,1,0.6512274916688444,validation,C,random_forest,1.0
2023-08-10,2023-08-11,1,1,0.6874528605380054,validation,C,random_forest,1.0
2023-08-11,2023-08-14,1,1,0.560423122317377,validation,C,random_forest,1.0
2023-08-14,2023-08-15,0,1,0.6453016591211438,validation,C,random_forest,1.0
2023-08-15,2023-08-16,0,1,0.6301191776359765,validation,C,random_forest,1.0
2023-08-16,2023-08-17,0,1,0.594726414096095,validation,C,random_forest,1.0
2023-08-17,2023-08-18,1,1,0.7311648249165132,validation,C,random_forest,1.0
2023-08-18,2023-08-21,1,1,0.5792393880880576,validation,C,random_forest,1.0
2023-08-21,2023-08-22,1,1,0.7392447884793543,validation,C,random_forest,1.0
2023-08-22,2023-08-23,1,1,0.5309236945382925,validation,C,random_forest,1.0
2023-08-23,2023-08-24,0,0,0.4577032534885256,validation,C,random_forest,1.0
2023-08-24,2023-08-25,1,1,0.6430472766415924,validation,C,random_forest,1.0
2023-08-25,2023-08-28,1,0,0.37788095209610645,validation,C,random_forest,1.0
2023-08-28,2023-08-29,1,0,0.4508845879112704,validation,C,random_forest,1.0
2023-08-29,2023-08-30,1,1,0.5964162008511074,validation,C,random_forest,1.0
2023-08-30,2023-08-31,1,0,0.3882474903646289,validation,C,random_forest,1.0
2023-08-31,2023-09-01,1,0,0.4275481538924237,validation,C,random_forest,1.0
2023-09-01,2023-09-05,1,0,0.27076932660310093,validation,C,random_forest,1.0
2023-09-05,2023-09-06,0,0,0.41799617322883353,validation,C,random_forest,1.0
2023-09-06,2023-09-07,0,1,0.769321058772694,validation,C,random_forest,1.0
2023-09-07,2023-09-08,1,1,0.7572020929083837,validation,C,random_forest,1.0
2023-09-08,2023-09-11,1,1,0.6428104420977515,validation,C,random_forest,1.0
2023-09-11,2023-09-12,0,1,0.6284144773211497,validation,C,random_forest,1.0
2023-09-12,2023-09-13,0,1,0.7683378745209009,validation,C,random_forest,1.0
2023-09-13,2023-09-14,1,1,0.766505356659008,validation,C,random_forest,1.0
2023-09-14,2023-09-15,0,1,0.5853132985423938,validation,C,random_forest,1.0
2023-09-15,2023-09-18,1,1,0.6307931195776424,validation,C,random_forest,1.0
2023-09-18,2023-09-19,1,1,0.5734961511656615,validation,C,random_forest,1.0
2023-09-19,2023-09-20,0,0,0.46376773718779474,validation,C,random_forest,1.0
2023-09-20,2023-09-21,0,1,0.6681971960262417,validation,C,random_forest,1.0
2023-09-21,2023-09-22,1,1,0.6730495881613505,validation,C,random_forest,1.0
2023-09-22,2023-09-25,1,1,0.6701790793556793,validation,C,random_forest,1.0
2023-09-25,2023-09-26,0,1,0.6502320573499376,validation,C,random_forest,1.0
2023-09-26,2023-09-27,0,1,0.7638234389406267,validation,C,random_forest,1.0
2023-09-27,2023-09-28,1,1,0.7027571368112985,validation,C,random_forest,1.0
2023-09-28,2023-09-29,1,1,0.6692977840332438,validation,C,random_forest,1.0
2023-07-03,2023-07-05,0,0,0.41588734112729747,validation,C,random_forest,2.0
2023-07-05,2023-07-06,1,0,0.4507792425328474,validation,C,random_forest,2.0
2023-07-06,2023-07-07,0,0,0.47607232052878495,validation,C,random_forest,2.0
2023-07-07,2023-07-10,0,0,0.44035202845718163,validation,C,random_forest,2.0
2023-07-10,2023-07-11,0,1,0.5415453684972872,validation,C,random_forest,2.0
2023-07-11,2023-07-12,1,1,0.6028679483242008,validation,C,random_forest,2.0
2023-07-12,2023-07-13,1,1,0.7310350479506041,validation,C,random_forest,2.0
2023-07-13,2023-07-14,1,1,0.6338437009636962,validation,C,random_forest,2.0
2023-07-14,2023-07-17,1,0,0.46296674106465036,validation,C,random_forest,2.0
2023-07-17,2023-07-18,0,0,0.3389641502211205,validation,C,random_forest,2.0
2023-07-18,2023-07-19,1,1,0.5392444014581519,validation,C,random_forest,2.0
2023-07-19,2023-07-20,0,0,0.2865088550762464,validation,C,random_forest,2.0
2023-07-20,2023-07-21,0,0,0.4783161129122861,validation,C,random_forest,2.0
2023-07-21,2023-07-24,1,0,0.49765647194552826,validation,C,random_forest,2.0
2023-07-24,2023-07-25,1,1,0.6221875418850459,validation,C,random_forest,2.0
2023-07-25,2023-07-26,1,1,0.665324350065735,validation,C,random_forest,2.0
2023-07-26,2023-07-27,0,1,0.5057351199263415,validation,C,random_forest,2.0
2023-07-27,2023-07-28,1,1,0.6069627021803762,validation,C,random_forest,2.0
2023-07-28,2023-07-31,1,1,0.592249350240244,validation,C,random_forest,2.0
2023-07-31,2023-08-01,0,0,0.3454330890707509,validation,C,random_forest,2.0
2023-08-01,2023-08-02,0,0,0.4271062981463868,validation,C,random_forest,2.0
2023-08-02,2023-08-03,0,1,0.6659041637950465,validation,C,random_forest,2.0
2023-08-03,2023-08-04,0,1,0.6808947696485081,validation,C,random_forest,2.0
2023-08-04,2023-08-07,0,1,0.7616664239673266,validation,C,random_forest,2.0
2023-08-07,2023-08-08,1,1,0.7644520236445673,validation,C,random_forest,2.0
2023-08-08,2023-08-09,0,1,0.6181764503008447,validation,C,random_forest,2.0
2023-08-09,2023-08-10,0,1,0.6597426256259206,validation,C,random_forest,2.0
2023-08-10,2023-08-11,1,1,0.6886705322252715,validation,C,random_forest,2.0
2023-08-11,2023-08-14,1,1,0.6079091367138649,validation,C,random_forest,2.0
2023-08-14,2023-08-15,0,1,0.7193783933994328,validation,C,random_forest,2.0
2023-08-15,2023-08-16,0,1,0.6546709386734325,validation,C,random_forest,2.0
2023-08-16,2023-08-17,0,1,0.6142855401149305,validation,C,random_forest,2.0
2023-08-17,2023-08-18,1,1,0.7461757751618523,validation,C,random_forest,2.0
2023-08-18,2023-08-21,1,1,0.5949235666873405,validation,C,random_forest,2.0
2023-08-21,2023-08-22,1,1,0.7773529909257333,validation,C,random_forest,2.0
2023-08-22,2023-08-23,1,1,0.5230002213101443,validation,C,random_forest,2.0
2023-08-23,2023-08-24,0,1,0.510592205820231,validation,C,random_forest,2.0
2023-08-24,2023-08-25,1,1,0.6755193607679348,validation,C,random_forest,2.0
2023-08-25,2023-08-28,1,0,0.3692629697528447,validation,C,random_forest,2.0
2023-08-28,2023-08-29,1,0,0.4454049464803478,validation,C,random_forest,2.0
2023-08-29,2023-08-30,1,1,0.6030802324691749,validation,C,random_forest,2.0
2023-08-30,2023-08-31,1,0,0.3577717066311878,validation,C,random_forest,2.0
2023-08-31,2023-09-01,1,0,0.41339332367771253,validation,C,random_forest,2.0
2023-09-01,2023-09-05,1,0,0.24720086833512492,validation,C,random_forest,2.0
2023-09-05,2023-09-06,0,0,0.4144336346080032,validation,C,random_forest,2.0
2023-09-06,2023-09-07,0,1,0.7396501752666722,validation,C,random_forest,2.0
2023-09-07,2023-09-08,1,1,0.7675316666053889,validation,C,random_forest,2.0
2023-09-08,2023-09-11,1,1,0.658472013621226,validation,C,random_forest,2.0
2023-09-11,2023-09-12,0,1,0.6748387145462761,validation,C,random_forest,2.0
2023-09-12,2023-09-13,0,1,0.7705868724934122,validation,C,random_forest,2.0
2023-09-13,2023-09-14,1,1,0.7829240892061758,validation,C,random_forest,2.0
2023-09-14,2023-09-15,0,1,0.6121806478644565,validation,C,random_forest,2.0
2023-09-15,2023-09-18,1,1,0.6698970381664036,validation,C,random_forest,2.0
2023-09-18,2023-09-19,1,1,0.5789471445012414,validation,C,random_forest,2.0
2023-09-19,2023-09-20,0,0,0.4854629470441911,validation,C,random_forest,2.0
2023-09-20,2023-09-21,0,1,0.6773980420724095,validation,C,random_forest,2.0
2023-09-21,2023-09-22,1,1,0.7024451845212034,validation,C,random_forest,2.0
2023-09-22,2023-09-25,1,1,0.6822729940196491,validation,C,random_forest,2.0
2023-09-25,2023-09-26,0,1,0.6263048773974211,validation,C,random_forest,2.0
2023-09-26,2023-09-27,0,1,0.7750714352452384,validation,C,random_forest,2.0
2023-09-27,2023-09-28,1,1,0.7371243948070165,validation,C,random_forest,2.0
2023-09-28,2023-09-29,1,1,0.7031333102425075,validation,C,random_forest,2.0
2023-10-02,2023-10-03,0,1,0.7633939317056382,test,C,logistic_regression,42.0
2023-10-03,2023-10-04,1,0,0.47099200795519114,test,C,logistic_regression,42.0
2023-10-04,2023-10-05,1,1,0.6122838644163684,test,C,logistic_regression,42.0
2023-10-05,2023-10-06,1,0,0.2904098171170055,test,C,logistic_regression,42.0
2023-10-06,2023-10-09,1,0,0.4393374926021741,test,C,logistic_regression,42.0
2023-10-09,2023-10-10,0,0,0.38809475720715725,test,C,logistic_regression,42.0
2023-10-10,2023-10-11,1,1,0.5351550948566425,test,C,logistic_regression,42.0
2023-10-11,2023-10-12,1,1,0.5326868221532934,test,C,logistic_regression,42.0
2023-10-12,2023-10-13,0,0,0.45942858179033536,test,C,logistic_regression,42.0
2023-10-13,2023-10-16,0,1,0.6870765443003722,test,C,logistic_regression,42.0
2023-10-16,2023-10-17,0,1,0.8326444568406054,test,C,logistic_regression,42.0
2023-10-17,2023-10-18,0,1,0.7846810650324525,test,C,logistic_regression,42.0
2023-10-18,2023-10-19,0,1,0.6744242842324624,test,C,logistic_regression,42.0
2023-10-19,2023-10-20,0,1,0.6351707451499035,test,C,logistic_regression,42.0
2023-10-20,2023-10-23,1,1,0.6644140465620104,test,C,logistic_regression,42.0
2023-10-23,2023-10-24,1,1,0.6574365900776405,test,C,logistic_regression,42.0
2023-10-24,2023-10-25,0,1,0.5397836349540412,test,C,logistic_regression,42.0
2023-10-25,2023-10-26,0,1,0.6769728484617484,test,C,logistic_regression,42.0
2023-10-26,2023-10-27,1,1,0.573482604901456,test,C,logistic_regression,42.0
2023-10-27,2023-10-30,1,0,0.44283064778093806,test,C,logistic_regression,42.0
2023-10-30,2023-10-31,1,0,0.4931630498929284,test,C,logistic_regression,42.0
2023-10-31,2023-11-01,1,0,0.47770253101216736,test,C,logistic_regression,42.0
2023-11-01,2023-11-02,1,1,0.5120625220975625,test,C,logistic_regression,42.0
2023-11-02,2023-11-03,0,0,0.1620749815774651,test,C,logistic_regression,42.0
2023-11-03,2023-11-06,1,1,0.6596454404611611,test,C,logistic_regression,42.0
2023-11-06,2023-11-07,1,0,0.31179303603349634,test,C,logistic_regression,42.0
2023-11-07,2023-11-08,1,0,0.28466008549676824,test,C,logistic_regression,42.0
2023-11-08,2023-11-09,0,0,0.47112952331257957,test,C,logistic_regression,42.0
2023-11-09,2023-11-10,1,1,0.7086824714305353,test,C,logistic_regression,42.0
2023-11-10,2023-11-13,0,1,0.5907608629986373,test,C,logistic_regression,42.0
2023-11-13,2023-11-14,1,1,0.7228092306902851,test,C,logistic_regression,42.0
2023-11-14,2023-11-15,1,1,0.771017531288539,test,C,logistic_regression,42.0
2023-11-15,2023-11-16,1,1,0.6888899467943417,test,C,logistic_regression,42.0
2023-11-16,2023-11-17,0,1,0.5780571045333825,test,C,logistic_regression,42.0
2023-11-17,2023-11-20,1,1,0.5986545853069379,test,C,logistic_regression,42.0
2023-11-20,2023-11-21,0,1,0.573690296165274,test,C,logistic_regression,42.0
2023-11-21,2023-11-22,1,0,0.4509383507043367,test,C,logistic_regression,42.0
2023-11-22,2023-11-24,0,0,0.4906909401259728,test,C,logistic_regression,42.0
2023-11-24,2023-11-27,0,0,0.48705968805092903,test,C,logistic_regression,42.0
2023-11-27,2023-11-28,1,0,0.4120561220340734,test,C,logistic_regression,42.0
2023-11-28,2023-11-29,0,1,0.511502479872541,test,C,logistic_regression,42.0
2023-11-29,2023-11-30,1,0,0.45971397393483954,test,C,logistic_regression,42.0
2023-11-30,2023-12-01,1,0,0.47101584851716227,test,C,logistic_regression,42.0
2023-12-01,2023-12-04,0,0,0.3167209353272828,test,C,logistic_regression,42.0
2023-12-04,2023-12-05,1,1,0.5071981574424059,test,C,logistic_regression,42.0
2023-12-05,2023-12-06,0,0,0.3255649138026266,test,C,logistic_regression,42.0
2023-12-06,2023-12-07,1,0,0.44986040565822893,test,C,logistic_regression,42.0
2023-12-07,2023-12-08,1,1,0.5149693393020274,test,C,logistic_regression,42.0
2023-12-08,2023-12-11,0,0,0.4979995586957779,test,C,logistic_regression,42.0
2023-12-11,2023-12-12,1,1,0.7495829692264069,test,C,logistic_regression,42.0
2023-12-12,2023-12-13,1,1,0.5803533576734717,test,C,logistic_regression,42.0
2023-12-13,2023-12-14,1,0,0.459038177955794,test,C,logistic_regression,42.0
2023-12-14,2023-12-15,0,1,0.552007257046815,test,C,logistic_regression,42.0
2023-12-15,2023-12-18,0,1,0.9206667310496846,test,C,logistic_regression,42.0
2023-12-18,2023-12-19,1,1,0.771970141897724,test,C,logistic_regression,42.0
2023-12-19,2023-12-20,0,1,0.5511518627909573,test,C,logistic_regression,42.0
2023-12-20,2023-12-21,0,1,0.684056016738529,test,C,logistic_regression,42.0
2023-12-21,2023-12-22,0,1,0.712092554722632,test,C,logistic_regression,42.0
2023-12-22,2023-12-26,0,1,0.6500583055002185,test,C,logistic_regression,42.0
2023-12-26,2023-12-27,1,1,0.6377988721090904,test,C,logistic_regression,42.0
2023-12-27,2023-12-28,1,1,0.6126742866657864,test,C,logistic_regression,42.0
2023-12-28,2023-12-29,0,0,0.4958378712279001,test,C,logistic_regression,42.0
2023-10-02,2023-10-03,0,1,0.6545844829772312,test,C,random_forest,0.0
2023-10-03,2023-10-04,1,1,0.5490864640340266,test,C,random_forest,0.0
2023-10-04,2023-10-05,1,1,0.6523592311603895,test,C,random_forest,0.0
2023-10-05,2023-10-06,1,0,0.36289470652552147,test,C,random_forest,0.0
2023-10-06,2023-10-09,1,0,0.48066778523758896,test,C,random_forest,0.0
2023-10-09,2023-10-10,0,0,0.3245573705430437,test,C,random_forest,0.0
2023-10-10,2023-10-11,1,0,0.4763947826625492,test,C,random_forest,0.0
2023-10-11,2023-10-12,1,0,0.46094510816117595,test,C,random_forest,0.0
2023-10-12,2023-10-13,0,0,0.2890393222035659,test,C,random_forest,0.0
2023-10-13,2023-10-16,0,1,0.5392209781117465,test,C,random_forest,0.0
2023-10-16,2023-10-17,0,1,0.7120075637616456,test,C,random_forest,0.0
2023-10-17,2023-10-18,0,1,0.6454218863485341,test,C,random_forest,0.0
2023-10-18,2023-10-19,0,1,0.5866499338563117,test,C,random_forest,0.0
2023-10-19,2023-10-20,0,1,0.6378483316419247,test,C,random_forest,0.0
2023-10-20,2023-10-23,1,1,0.6873696478698313,test,C,random_forest,0.0
2023-10-23,2023-10-24,1,1,0.6918486105526143,test,C,random_forest,0.0
2023-10-24,2023-10-25,0,1,0.641747790384311,test,C,random_forest,0.0
2023-10-25,2023-10-26,0,1,0.6465751798827427,test,C,random_forest,0.0
2023-10-26,2023-10-27,1,1,0.7253491369228037,test,C,random_forest,0.0
2023-10-27,2023-10-30,1,1,0.6222484270132279,test,C,random_forest,0.0
2023-10-30,2023-10-31,1,1,0.7202126454960701,test,C,random_forest,0.0
2023-10-31,2023-11-01,1,1,0.6268465001138614,test,C,random_forest,0.0
2023-11-01,2023-11-02,1,1,0.6020662458663609,test,C,random_forest,0.0
2023-11-02,2023-11-03,0,0,0.3926617853630485,test,C,random_forest,0.0
2023-11-03,2023-11-06,1,1,0.6517574768187874,test,C,random_forest,0.0
2023-11-06,2023-11-07,1,0,0.4697309075497947,test,C,random_forest,0.0
2023-11-07,2023-11-08,1,0,0.4151305875879747,test,C,random_forest,0.0
2023-11-08,2023-11-09,0,0,0.38182251017790264,test,C,random_forest,0.0
2023-11-09,2023-11-10,1,0,0.3699051364095777,test,C,random_forest,0.0
2023-11-10,2023-11-13,0,0,0.44399788682077285,test,C,random_forest,0.0
2023-11-13,2023-11-14,1,0,0.4667476911864832,test,C,random_forest,0.0
2023-11-14,2023-11-15,1,1,0.5762902605356921,test,C,random_forest,0.0
2023-11-15,2023-11-16,1,0,0.2944873711863651,test,C,random_forest,0.0
2023-11-16,2023-11-17,0,0,0.3728976143156233,test,C,random_forest,0.0
2023-11-17,2023-11-20,1,0,0.2747928831580444,test,C,random_forest,0.0
2023-11-20,2023-11-21,0,0,0.492004574856642,test,C,random_forest,0.0
2023-11-21,2023-11-22,1,0,0.3313340315114362,test,C,random_forest,0.0
2023-11-22,2023-11-24,0,0,0.33690657862934015,test,C,random_forest,0.0
2023-11-24,2023-11-27,0,0,0.4739756508604076,test,C,random_forest,0.0
2023-11-27,2023-11-28,1,0,0.47237233339531315,test,C,random_forest,0.0
2023-11-28,2023-11-29,0,1,0.5378044995870119,test,C,random_forest,0.0
2023-11-29,2023-11-30,1,1,0.506432946524076,test,C,random_forest,0.0
2023-11-30,2023-12-01,1,0,0.4158987043468806,test,C,random_forest,0.0
2023-12-01,2023-12-04,0,0,0.3371020027505883,test,C,random_forest,0.0
2023-12-04,2023-12-05,1,1,0.543597509877217,test,C,random_forest,0.0
2023-12-05,2023-12-06,0,0,0.44722181457903104,test,C,random_forest,0.0
2023-12-06,2023-12-07,1,0,0.45855096557572417,test,C,random_forest,0.0
2023-12-07,2023-12-08,1,1,0.5483049752590082,test,C,random_forest,0.0
2023-12-08,2023-12-11,0,0,0.44710365976924255,test,C,random_forest,0.0
2023-12-11,2023-12-12,1,0,0.4357102570687932,test,C,random_forest,0.0
2023-12-12,2023-12-13,1,0,0.4765292886594076,test,C,random_forest,0.0
2023-12-13,2023-12-14,1,0,0.37136993217275827,test,C,random_forest,0.0
2023-12-14,2023-12-15,0,0,0.3852547181071985,test,C,random_forest,0.0
2023-12-15,2023-12-18,0,1,0.6290289830160085,test,C,random_forest,0.0
2023-12-18,2023-12-19,1,1,0.5882863793465732,test,C,random_forest,0.0
2023-12-19,2023-12-20,0,0,0.2865519389386316,test,C,random_forest,0.0
2023-12-20,2023-12-21,0,1,0.5102052333363123,test,C,random_forest,0.0
2023-12-21,2023-12-22,0,1,0.6983283305588903,test,C,random_forest,0.0
2023-12-22,2023-12-26,0,1,0.504933451916109,test,C,random_forest,0.0
2023-12-26,2023-12-27,1,1,0.5232451960750408,test,C,random_forest,0.0
2023-12-27,2023-12-28,1,1,0.5223010734857262,test,C,random_forest,0.0
2023-12-28,2023-12-29,0,0,0.4614892722849788,test,C,random_forest,0.0
2023-10-02,2023-10-03,0,1,0.6678412900031852,test,C,random_forest,1.0
2023-10-03,2023-10-04,1,1,0.566093572839508,test,C,random_forest,1.0
2023-10-04,2023-10-05,1,1,0.6234543444081398,test,C,random_forest,1.0
2023-10-05,2023-10-06,1,0,0.358136418996321,test,C,random_forest,1.0
2023-10-06,2023-10-09,1,0,0.48452363365422724,test,C,random_forest,1.0
2023-10-09,2023-10-10,0,0,0.32262336128824687,test,C,random_forest,1.0
2023-10-10,2023-10-11,1,0,0.4570395794793195,test,C,random_forest,1.0
2023-10-11,2023-10-12,1,1,0.5093114527880735,test,C,random_forest,1.0
2023-10-12,2023-10-13,0,0,0.3312050532269976,test,C,random_forest,1.0
2023-10-13,2023-10-16,0,1,0.5343090129757966,test,C,random_forest,1.0
2023-10-16,2023-10-17,0,1,0.726902775129505,test,C,random_forest,1.0
2023-10-17,2023-10-18,0,1,0.6416775857193348,test,C,random_forest,1.0
2023-10-18,2023-10-19,0,1,0.5882351357840642,test,C,random_forest,1.0
2023-10-19,2023-10-20,0,1,0.6719159342689773,test,C,random_forest,1.0
2023-10-20,2023-10-23,1,1,0.7016074686546252,test,C,random_forest,1.0
2023-10-23,2023-10-24,1,1,0.7010927842859019,test,C,random_forest,1.0
2023-10-24,2023-10-25,0,1,0.6479203111853193,test,C,random_forest,1.0
2023-10-25,2023-10-26,0,1,0.6720766698219407,test,C,random_forest,1.0
2023-10-26,2023-10-27,1,1,0.6899800646894064,test,C,random_forest,1.0
2023-10-27,2023-10-30,1,1,0.626493543406621,test,C,random_forest,1.0
2023-10-30,2023-10-31,1,1,0.7270952812937681,test,C,random_forest,1.0
2023-10-31,2023-11-01,1,1,0.6199444786865973,test,C,random_forest,1.0
2023-11-01,2023-11-02,1,1,0.592381708949013,test,C,random_forest,1.0
2023-11-02,2023-11-03,0,0,0.33589108000386214,test,C,random_forest,1.0
2023-11-03,2023-11-06,1,1,0.5979465894927539,test,C,random_forest,1.0
2023-11-06,2023-11-07,1,0,0.42823051453787486,test,C,random_forest,1.0
2023-11-07,2023-11-08,1,0,0.4009450580818761,test,C,random_forest,1.0
2023-11-08,2023-11-09,0,0,0.3920116025553513,test,C,random_forest,1.0
2023-11-09,2023-11-10,1,0,0.4151749012950086,test,C,random_forest,1.0
2023-11-10,2023-11-13,0,1,0.5077832025420117,test,C,random_forest,1.0
2023-11-13,2023-11-14,1,1,0.5047369629975924,test,C,random_forest,1.0
2023-11-14,2023-11-15,1,1,0.5846305402767161,test,C,random_forest,1.0
2023-11-15,2023-11-16,1,0,0.32359353210490766,test,C,random_forest,1.0
2023-11-16,2023-11-17,0,0,0.43528267188791064,test,C,random_forest,1.0
2023-11-17,2023-11-20,1,0,0.2881883933968628,test,C,random_forest,1.0
2023-11-20,2023-11-21,0,1,0.5353756787558785,test,C,random_forest,1.0
2023-11-21,2023-11-22,1,0,0.3234664338989789,test,C,random_forest,1.0
2023-11-22,2023-11-24,0,0,0.35968226035390904,test,C,random_forest,1.0
2023-11-24,2023-11-27,0,0,0.49997551405799356,test,C,random_forest,1.0
2023-11-27,2023-11-28,1,1,0.5036011900473776,test,C,random_forest,1.0
2023-11-28,2023-11-29,0,1,0.532938441552222,test,C,random_forest,1.0
2023-11-29,2023-11-30,1,1,0.5131781277508013,test,C,random_forest,1.0
2023-11-30,2023-12-01,1,0,0.45595040826488237,test,C,random_forest,1.0
2023-12-01,2023-12-04,0,0,0.3105238511342249,test,C,random_forest,1.0
2023-12-04,2023-12-05,1,1,0.5510847543259859,test,C,random_forest,1.0
2023-12-05,2023-12-06,0,0,0.4334905430500018,test,C,random_forest,1.0
2023-12-06,2023-12-07,1,0,0.4357641328935234,test,C,random_forest,1.0
2023-12-07,2023-12-08,1,1,0.5077804883300735,test,C,random_forest,1.0
2023-12-08,2023-12-11,0,0,0.4502900508603084,test,C,random_forest,1.0
2023-12-11,2023-12-12,1,0,0.4453781400556084,test,C,random_forest,1.0
2023-12-12,2023-12-13,1,0,0.4849867216948694,test,C,random_forest,1.0
2023-12-13,2023-12-14,1,0,0.36203431564902006,test,C,random_forest,1.0
2023-12-14,2023-12-15,0,0,0.4351378675286314,test,C,random_forest,1.0
2023-12-15,2023-12-18,0,1,0.6368164602516849,test,C,random_forest,1.0
2023-12-18,2023-12-19,1,1,0.5938542597249686,test,C,random_forest,1.0
2023-12-19,2023-12-20,0,0,0.3076498438665116,test,C,random_forest,1.0
2023-12-20,2023-12-21,0,1,0.563491037316678,test,C,random_forest,1.0
2023-12-21,2023-12-22,0,1,0.6832031439538864,test,C,random_forest,1.0
2023-12-22,2023-12-26,0,1,0.5123807804187085,test,C,random_forest,1.0
2023-12-26,2023-12-27,1,1,0.5337756056703524,test,C,random_forest,1.0
2023-12-27,2023-12-28,1,1,0.554549661586534,test,C,random_forest,1.0
2023-12-28,2023-12-29,0,0,0.49744078406989073,test,C,random_forest,1.0
2023-10-02,2023-10-03,0,1,0.7209407058883024,test,C,random_forest,2.0
2023-10-03,2023-10-04,1,1,0.6038282438361904,test,C,random_forest,2.0
2023-10-04,2023-10-05,1,1,0.6723616380270474,test,C,random_forest,2.0
2023-10-05,2023-10-06,1,0,0.4151554918856772,test,C,random_forest,2.0
2023-10-06,2023-10-09,1,1,0.5279908603477265,test,C,random_forest,2.0
2023-10-09,2023-10-10,0,0,0.30901208685475656,test,C,random_forest,2.0
2023-10-10,2023-10-11,1,0,0.4029491698605805,test,C,random_forest,2.0
2023-10-11,2023-10-12,1,0,0.4758571305979179,test,C,random_forest,2.0
2023-10-12,2023-10-13,0,0,0.3268105606059092,test,C,random_forest,2.0
2023-10-13,2023-10-16,0,1,0.509306392451056,test,C,random_forest,2.0
2023-10-16,2023-10-17,0,1,0.7085857925233557,test,C,random_forest,2.0
2023-10-17,2023-10-18,0,1,0.5880892213790571,test,C,random_forest,2.0
2023-10-18,2023-10-19,0,1,0.5913243456577439,test,C,random_forest,2.0
2023-10-19,2023-10-20,0,1,0.6891414281409851,test,C,random_forest,2.0
2023-10-20,2023-10-23,1,1,0.6965462920703769,test,C,random_forest,2.0
2023-10-23,2023-10-24,1,1,0.7200139386340995,test,C,random_forest,2.0
2023-10-24,2023-10-25,0,1,0.6832912603688039,test,C,random_forest,2.0
2023-10-25,2023-10-26,0,1,0.6916936629091359,test,C,random_forest,2.0
2023-10-26,2023-10-27,1,1,0.6891412557028544,test,C,random_forest,2.0
2023-10-27,2023-10-30,1,1,0.662961932928724,test,C,random_forest,2.0
2023-10-30,2023-10-31,1,1,0.7581290158270637,test,C,random_forest,2.0
2023-10-31,2023-11-01,1,1,0.6392755723649587,test,C,random_forest,2.0
2023-11-01,2023-11-02,1,1,0.6296989387344906,test,C,random_forest,2.0
2023-11-02,2023-11-03,0,0,0.3788422123756026,test,C,random_forest,2.0
2023-11-03,2023-11-06,1,1,0.6486475358907168,test,C,random_forest,2.0
2023-11-06,2023-11-07,1,0,0.4478482669577869,test,C,random_forest,2.0
2023-11-07,2023-11-08,1,0,0.4159448978993812,test,C,random_forest,2.0
2023-11-08,2023-11-09,0,0,0.4160999879881814,test,C,random_forest,2.0
2023-11-09,2023-11-10,1,0,0.4070988513019057,test,C,random_forest,2.0
2023-11-10,2023-11-13,0,1,0.5144272558541617,test,C,random_forest,2.0
2023-11-13,2023-11-14,1,0,0.46232056038083585,test,C,random_forest,2.0
2023-11-14,2023-11-15,1,1,0.5534708380422066,test,C,random_forest,2.0
2023-11-15,2023-11-16,1,0,0.31220422032228234,test,C,random_forest,2.0
2023-11-16,2023-11-17,0,0,0.406026188257947,test,C,random_forest,2.0
2023-11-17,2023-11-20,1,0,0.2511555717012881,test,C,random_forest,2.0
2023-11-20,2023-11-21,0,0,0.48803906129489605,test,C,random_forest,2.0
2023-11-21,2023-11-22,1,0,0.34117317486504034,test,C,random_forest,2.0
2023-11-22,2023-11-24,0,0,0.314375568492283,test,C,random_forest,2.0
2023-11-24,2023-11-27,0,0,0.4719815695115628,test,C,random_forest,2.0
2023-11-27,2023-11-28,1,0,0.4771490735321901,test,C,random_forest,2.0
2023-11-28,2023-11-29,0,1,0.5059823565448522,test,C,random_forest,2.0
2023-11-29,2023-11-30,1,1,0.5217206155681763,test,C,random_forest,2.0
2023-11-30,2023-12-01,1,0,0.4020491504695869,test,C,random_forest,2.0
2023-12-01,2023-12-04,0,0,0.31748447533683877,test,C,random_forest,2.0
2023-12-04,2023-12-05,1,1,0.5297300731430482,test,C,random_forest,2.0
2023-12-05,2023-12-06,0,0,0.4449835634864959,test,C,random_forest,2.0
2023-12-06,2023-12-07,1,0,0.46458316984321213,test,C,random_forest,2.0
2023-12-07,2023-12-08,1,1,0.5556776435401033,test,C,random_forest,2.0
2023-12-08,2023-12-11,0,0,0.44352015951262086,test,C,random_forest,2.0
2023-12-11,2023-12-12,1,0,0.4219159745843301,test,C,random_forest,2.0
2023-12-12,2023-12-13,1,1,0.5385178959357252,test,C,random_forest,2.0
2023-12-13,2023-12-14,1,0,0.35238682016315354,test,C,random_forest,2.0
2023-12-14,2023-12-15,0,0,0.4099678911435597,test,C,random_forest,2.0
2023-12-15,2023-12-18,0,1,0.6212685674035722,test,C,random_forest,2.0
2023-12-18,2023-12-19,1,1,0.6055021922349991,test,C,random_forest,2.0
2023-12-19,2023-12-20,0,0,0.3390930519053021,test,C,random_forest,2.0
2023-12-20,2023-12-21,0,1,0.5438791908389174,test,C,random_forest,2.0
2023-12-21,2023-12-22,0,1,0.6662682777670893,test,C,random_forest,2.0
2023-12-22,2023-12-26,0,1,0.5352056149049502,test,C,random_forest,2.0
2023-12-26,2023-12-27,1,1,0.5370213943524889,test,C,random_forest,2.0
2023-12-27,2023-12-28,1,1,0.570870128991237,test,C,random_forest,2.0
2023-12-28,2023-12-29,0,1,0.5129916353882625,test,C,random_forest,2.0
