Date,AAPL_return_1d,AAPL_cum_return_5d,QQQ_return_1d,QQQ_cum_return_5d,MSFT_return_1d,MSFT_cum_return_5d,NVDA_return_1d,NVDA_cum_return_5d,AAPL_mean_return_3d,AAPL_mean_return_5d,AAPL_mean_return_10d,AAPL_mean_return_20d,AAPL_volatility_5d,AAPL_cum_return_10d,AAPL_volatility_10d,AAPL_cum_return_20d,AAPL_volatility_20d,AAPL_close_to_ma20,AAPL_volume_to_ma20,AAPL_daily_range,AAPL_minus_QQQ_1d,AAPL_minus_peer_mean_1d,previous_direction,target_next_day_up,target_date
2023-01-03,-0.037404692706952236,-0.051493957327619966,-0.006760000509897446,-0.010772331374314659,-0.0010007816127340918,0.003560582859965411,-0.02045982463213014,-0.05859541642909594,-0.002203882989539293,-0.010235002891513334,-0.007037480040530053,-0.008130569804267873,0.02654176750126476,-0.07018072869957614,0.021704183008465397,-0.15384615788750322,0.019779099713279586,-0.08183946508447448,0.3580527376389402,0.053809832445514745,-0.03064469219705479,-0.02667438958452012,0,1,2023-01-04
2023-01-04,0.010314237215037991,-0.028224274886624934,0.0047643123650054076,0.00819490746555096,-0.04374335083387626,-0.03317020956695227,0.030317911620597382,0.04447285299138737,-0.008207140243727817,-0.0053965014023209966,-0.00441506921076743,-0.007215714473575224,0.027882808669099667,-0.04540283432660197,0.022093831275564586,-0.13823940414982216,0.0202048623758803,-0.06541575439408076,0.06631050231534141,0.028331764907900896,0.005549924850032584,0.01702695682167743,1,0,2023-01-05
2023-01-05,-0.010604593205540636,-0.008092794036355544,-0.01565437172221762,0.005690056941276778,-0.029637587964252865,-0.05210422306069029,-0.03281587172864053,0.016315152490779194,-0.01256501623248496,-0.0013804009918241046,-0.005422670756048353,-0.006477428015220721,0.024580327528363616,-0.055026456951955294,0.022126628519064242,-0.1251836519423064,0.019771705171168656,-0.06916834896674218,-0.04054077755319507,0.02407610452453866,0.005049778516676984,0.020622136640906064,0,1,2023-01-06
2023-01-06,0.036794297576764556,7.752993230569771e-05,0.027601444508176032,0.00885741942556928,0.011785292490779087,-0.0667191518793232,0.04164042953012226,0.017530688899699998,0.012167980528753971,0.00031365672800809374,-0.004124202323583803,-0.003948472925890933,0.02728267072239573,-0.04304162794390887,0.024306320601770556,-0.08031775928331475,0.02190724272702896,-0.030834868097278978,0.028953855620706737,0.041660192099238325,0.009192853068588525,0.010081436566313884,1,1,2023-01-09
2023-01-09,0.004088757821139044,0.001693388957631159,0.0064731457827178485,0.015998149399718553,0.009736307182141246,-0.05295652457818667,0.05175313040162499,0.06938553488456067,0.010092820730787655,0.000637601340089744,-0.0013380693224107954,-0.0043506687981848865,0.027324245278816064,-0.015730232820365897,0.023383146579606662,-0.08762692753916046,0.021669013669296727,-0.022303312822583354,-0.17414779320936435,0.027045750576528003,-0.0023843879615788044,-0.026655960970744075,1,1,2023-01-10
2023-01-10,0.004456359148370392,0.04525472629284821,0.008464771652718417,0.031571767407643225,0.007617272518837925,-0.04478667640822209,0.017980571610650697,0.11135176019208548,0.015113138182091332,0.00900981171115427,-0.0006125955901795322,-0.003956109975890953,0.017344702091543006,-0.008569575979368804,0.023445264088628737,-0.0804024157618849,0.021758226923938345,-0.013712058942466299,-0.24923784002868343,0.02401896651318386,-0.0040084125043480245,-0.008342562916373919,1,1,2023-01-11
2023-01-11,0.02111228581112723,0.0564262122662762,0.017299935749879092,0.044441845506110855,0.030237997515967008,0.02911395445555165,0.005782642663672011,0.08488680793363512,0.009885800926878888,0.011169421430372117,0.00288646001402556,-0.0037199996413194826,0.018198925416945216,0.02660934845383678,0.023852980528142415,-0.07612991256166401,0.022014744381433884,0.011307113067283048,-0.18339613245063635,0.02284806103423891,0.0038123500612481376,0.00310196572130772,1,0,2023-01-12
2023-01-12,-0.0005993028261706002,0.06710935365294102,0.005404347690958877,0.06678624074294981,0.011621363147458874,0.07287096916326674,0.03187306564702608,0.15744814628348824,0.00832311404444234,0.013170479506246124,0.00589503925721101,-0.004089083124384574,0.015565808166239151,0.05847345743955934,0.02085736706844836,-0.0829036742206668,0.021890931826088457,0.015339375864525051,-0.14956377369190932,0.02113778568338809,-0.006003650517129477,-0.022346517223413076,0,1,2023-01-13
2023-01-13,0.010119168747808382,0.039654264876115564,0.0068805194532723934,0.04527517936582548,0.003018901755499792,0.06357531504175862,0.023499749806826786,0.1372906182893776,0.010210717244255004,0.00783545374045489,0.0040745552342314915,-0.0028063324714649287,0.008338026639738453,0.03973486920089275,0.01942767446398667,-0.05900425840374823,0.021936489815317525,0.02892227376463774,-0.30104577684250233,0.02419111486881637,0.003238649294535989,-0.0031401570333549067,1,1,2023-01-17
2023-01-17,0.008756150626766379,0.04448697991094197,0.002028825616425589,0.04065951964510073,0.004681789045956952,0.058251290659512955,0.0475173865686247,0.13271038783082045,0.00609200551613472,0.008768932301580356,0.00470326682083505,-2.581182527117143e-05,0.008070684517192358,0.04625570262911283,0.019471625146308083,-0.004102725847047628,0.01944198808754272,0.038153623811086224,-0.2137015712663176,0.02324546378232069,0.00672732501034079,-0.017343437180524446,1,0,2023-01-18
2023-01-18,-0.005369751367944153,0.03426926920207829,-0.013000004645624008,0.01850949078954134,-0.01888912300537704,0.030412915872515045,-0.018359527573901246,0.09227463788716861,0.004501856002210203,0.006803710198317448,0.007906760954735859,0.00043464045710290276,0.010277857187097903,0.08107484189292258,0.013490982032138568,0.005204221710098045,0.019186556561315925,0.03230306501673996,-0.08829555676116763,0.026477343785883414,0.007630253277679855,0.01325457392169499,0,1,2023-01-19
2023-01-19,0.0004436157185156997,0.01333428427524086,-0.009823902449739075,-0.008646597264850509,-0.016454024337724915,-0.01628703355883021,-0.035218984345272375,0.047747087505733754,0.001276671659112642,0.0026699761797951416,0.006919698805083629,0.0012523147971580995,0.006572938355077331,0.07051289969645058,0.013655357287012171,0.02190857986704242,0.01879787263647763,0.0316189445504973,-0.22658645232411967,0.01833367080068886,0.010267518168254774,0.026280120060014345,1,1,2023-01-20
2023-01-20,0.019220870775277232,0.03343078959831125,0.027366413617676333,0.013008539633599936,0.03574367062327921,0.007169792788347618,0.06406216505894968,0.08043137424707592,0.00476491170861626,0.006634010900084708,0.009902245203165416,0.0022397872235585315,0.009453704893482118,0.10278366193330246,0.012620447407649171,0.042101384232609895,0.01921353098770428,0.04921907148637694,0.0626443237907599,0.027562219383034554,-0.0081455428423991,-0.030682047065837215,1,1,2023-01-23
2023-01-23,0.023500166328696004,0.04712059504252619,0.02221589880684638,0.02843725231951688,0.00982418518444117,0.014003239186014316,0.07590121257543103,0.13574764026699992,0.014388217607496312,0.009310210416262232,0.008572832078358562,0.0022243148773873787,0.012186065806062794,0.08864339247557829,0.009874370980983566,0.04178640861304972,0.019195362960081157,0.0715680832447938,0.08599715019772947,0.03840984624966956,0.0012842675218496247,-0.019362532551240097,1,1,2023-01-24
2023-01-24,0.010063383732433318,0.048477544099654324,-0.0020415916094723707,0.024259559422287857,-0.002226122910036543,0.007031235536937963,0.003751263277548711,0.08829518564540995,0.01759480694546885,0.00957165703739562,0.009170294669487988,0.003916112673538597,0.01218522994688772,0.09512114354108947,0.009752914249608953,0.07789463298668298,0.018251382776516507,0.07813527359627903,-0.11082067440874555,0.02006595548197676,0.012104975341905688,0.009300813548677234,1,0,2023-01-25
2023-01-25,-0.004700969070214778,0.04918253293548047,-0.002219308643943152,0.03544723013041451,-0.00590791172197036,0.020355402605128248,0.0030108111567606066,0.11198740026927445,0.009620860330304848,0.009705413496941494,0.00825456184762947,0.0038209831287249695,0.011982195461957813,0.08513725159876495,0.010634739357778132,0.07583808547314597,0.01829313246128353,0.0690237982744013,-0.12049829514533283,0.025518081923110794,-0.0024816604262716258,-0.003252418787609901,0,1,2023-01-26
2023-01-26,0.014803529225129619,0.0642420227346967,0.0194970745296843,0.06610877051012531,0.030713458069632438,0.06928813853465354,0.024789090374519818,0.18115151307837896,0.00672198129578272,0.01257739619826428,0.0076236861890297105,0.005255073101527635,0.01087727556721247,0.07843292840349836,0.009952481533627665,0.10712932597947877,0.017953676764536932,0.07918483697962664,-0.26953269079870756,0.016324020519021355,-0.0046935453045546804,-0.012947744996946509,1,1,2023-01-27
2023-01-27,0.013684259244974406,0.05846084730642698,0.009954367895993022,0.04804011028300814,0.0006451391214365998,0.033052876394629616,0.02843120455915593,0.14159972344733274,0.007928939799963083,0.011470073892203714,0.009052042396144211,0.007473540826677611,0.010298289578390773,0.09384602919077856,0.009661941264415354,0.15780698842409646,0.015903126429335626,0.08585741078720144,-0.0377665034709157,0.02843825193429964,0.0037298913489813845,-0.0008539125953218596,1,0,2023-01-30
2023-01-30,-0.020078101668823956,0.01339403443598508,-0.020218635698023735,0.004533553327474182,-0.02196158042839369,0.0005359520859222755,-0.05907193274067413,-0.0016153817730076847,0.0028032289337600234,0.0027544202926997217,0.0060323153544809775,0.005053435294356234,0.014958026623085242,0.06114576435115504,0.01331839580558064,0.10331025250072967,0.016242394075312087,0.058780896559348594,-0.11995101498323979,0.01888109754015516,0.0001405340291997792,0.020438654915709953,0,1,2023-01-31
2023-01-31,0.009020989312290562,0.012348202754612458,0.01498621085790064,0.021673545108789938,0.0210127210233515,0.02383912665697996,0.019570073498633267,0.014118851777855213,0.0008757156294803373,0.0025459414086711706,0.006058799223033396,0.005381033021934223,0.014837468326134785,0.06142435739785501,0.01332467586009581,0.1105212868369474,0.016253595382012966,0.06268279104323571,-0.08739118312751859,0.014276787403466691,-0.005965221545610078,-0.011270407948701822,1,1,2023-02-01
2023-02-01,0.007900551582262993,0.025165583650275325,0.021383309427648323,0.04584135140926926,0.01993470318168744,0.050455051464636025,0.07196614973819249,0.08383784982684617,-0.0010521869247568,0.005066245539166725,0.00738582951805411,0.007646295236394984,0.01436137475476663,0.07558582373247602,0.012706485964493124,0.1627887743338554,0.012757885659722983,0.06310794724923308,0.10223782510144419,0.03637484392869505,-0.01348275784538533,-0.03804987487767697,1,1,2023-02-02
2023-02-02,0.03706266380300316,0.0476520039611108,0.03588995780129611,0.06265783438170547,0.04688415020813719,0.06693546618085122,0.036575168579333406,0.09630304659697164,0.01799473489918557,0.009518072454741433,0.011047734326502856,0.008983716565793243,0.020339976727430535,0.11495528781763098,0.015461485348256565,0.1935740181935428,0.014354423841529757,0.09274017998671469,0.6453980189429542,0.019957527918463377,0.0011727060017070468,-0.004666995590732137,1,1,2023-02-03
2023-02-03,0.024400026815479592,0.05872684828944541,-0.01777220374107591,0.03348437911752522,-0.02362057997266409,0.041062201722074976,-0.028052666077989286,0.03609149409975276,0.023121080733581916,0.01166122596884247,0.011565649930523092,0.010733947566844254,0.021424335061960655,0.12062091690650933,0.01584760392734216,0.2358024383852153,0.013969204406948973,0.10757459546470116,1.0420082144775833,0.06181231748710551,0.0421722305565555,0.05023664984080628,1,0,2023-02-06
2023-02-06,-0.01792887298267254,0.06104891713699079,-0.008459313936336255,0.04588824368620781,-0.006115828843211157,0.057929037117392834,-0.0005212018063860402,0.10056391915030649,0.01451127254527007,0.012091071706072754,0.0074227459993862375,0.0079977890388724,0.020635368494825005,0.07526064287138823,0.017689220265880913,0.17057539405097955,0.013955415724652557,0.07916457996057602,-0.0647665587940256,0.015290367030555817,-0.009469559046336284,-0.01461035765787394,0,1,2023-02-07
2023-02-07,0.019244680405687165,0.07179977017046912,0.02071899697512447,0.05179556886898462,0.04202189058430794,0.07969782615067889,0.0514009991481299,0.13492346852662407,0.008571944746164739,0.014135809924752074,0.008340875666711623,0.008755585168099805,0.020761247983182598,0.08503457104488121,0.01807555798168445,0.18824430022428573,0.014142220985768662,0.09043216059611692,0.10620835418804697,0.02967989989681474,-0.0014743165694373062,-0.027466764460531756,1,0,2023-02-08
2023-02-08,-0.017652682775942785,0.04462650325515494,-0.017781354033543195,0.011464755642939695,-0.003101884683179512,0.05531140831232517,0.001443281228878046,0.06025874281808741,-0.00544562511764272,0.009025163053110918,0.007045704296138822,0.007650133071884146,0.025323674376106473,0.07091513890611711,0.01952016861471235,0.16208991052809352,0.015311706320554171,0.06324016639927343,-0.14885457601787344,0.02244604859932425,0.0001286712576004101,-0.016823381048792052,0,0,2023-02-09
2023-02-09,-0.006911727947321644,0.00033138330699333807,-0.008837740761650559,-0.032208310551722685,-0.011659625538105511,-0.0037036359200334212,0.005944384493636212,0.028928109391141543,-0.0017732434391924217,0.0002302847030459576,0.004874178578893695,0.006248932383961703,0.0202872346324329,0.047999178346761706,0.019767548244862106,0.13019682286895828,0.015297178327876682,0.04950838949922565,-0.24985104399126157,0.025916376938120152,0.0019260128143289146,-0.004054107425086995,0,1,2023-02-10
2023-02-10,0.00245624188608895,-0.02109682457937989,-0.006563200677491721,-0.021164049685501563,-0.001972647269972372,0.018385888089941904,-0.047991815186150144,0.007820020219332369,-0.007369389612391826,-0.004158472282832171,0.00375137684300515,0.00640170961957468,0.015578511388441947,0.03639107369360306,0.0195289691701641,0.13365226064851532,0.015240336004631485,0.04560162326328032,-0.22327034756775044,0.014038773553438704,0.00901944256358067,0.027438473114150208,1,1,2023-02-13
2023-02-13,0.018806954732582204,0.015520501205754655,0.01601582640251098,0.002997487596205106,0.031243116449681807,0.056665824308187895,0.024594157566142805,0.033144981625601755,0.004783822890449836,0.0031886932602187778,0.007639882483145765,0.006836098918813371,0.01611399053075034,0.07751692813477984,0.018074067825823825,0.1434025243068897,0.015473892634174294,0.05819729568236154,-0.1615614214997575,0.02170943259919891,0.002791128330071224,-0.009111682275330102,1,0,2023-02-14
2023-02-14,-0.0042250666186071095,-0.007863490606493051,0.007389303371540423,-0.010100778659681953,0.0031327238796543533,0.01723013321192024,0.05429598187729967,0.03598969727734458,0.0056793766666880146,-0.001505256144640077,0.006315276890055998,0.006187038056544697,0.013468909296496644,0.06337168274569227,0.018443219504719974,0.12868860503342217,0.015660246177152788,0.04743431441214874,-0.16709695815245174,0.018994802350371483,-0.011614369990147533,-0.03293941949708412,0,1,2023-02-15
2023-02-15,0.013903580383253233,0.024007233964465025,0.007660878758487311,0.015540402693792643,-0.007992902386790846,0.012239361824409656,-0.009011279119639837,0.025174489852578308,0.009495156165742777,0.004805996487199126,0.006915579770155023,0.0071507046441045665,0.011215830084801617,0.06970509612428244,0.01859760059156412,0.15055963696566388,0.015503879776042926,0.05466900329866742,-0.11245739429911783,0.01686728311531945,0.006242701624765923,0.022405671136468575,1,0,2023-02-16
2023-02-16,-0.010429627618126713,0.020379807468107636,-0.018764190337714926,0.0053698070059156056,-0.026622376595350383,-0.003085202437744683,-0.033473760441341205,-0.014997190856183562,-0.0002503712844935298,0.004102416553038113,0.002166350628042035,0.006607042477272446,0.012201674375892174,0.020717944303095592,0.015913985809434903,0.13805486937107858,0.015936068232738864,0.037104062228606294,-0.08347898807154919,0.019387128992104815,0.008334562719588212,0.01961844090021908,0,0,2023-02-17
2023-02-17,-0.007546612453575241,0.010198105605456309,-0.0070557899214529485,0.004871300856885918,-0.015602019254469579,-0.016699381022789117,-0.027906711247759564,0.005784021025023955,-0.001357553229482907,0.002101845685105275,-0.001028313298863448,0.005268668315829822,0.013308850411248158,-0.011113866618923884,0.014052445489207687,0.10816648550563412,0.015944970365705465,0.024132900560998705,-0.19337395960943948,0.01409369946557732,-0.0004908225321222925,0.01420775279753933,0,0,2023-02-21
2023-02-21,-0.026679861484904976,-0.034904350124236094,-0.023675189609462466,-0.034384350340502357,-0.020886527410995837,-0.06640551748820223,-0.03427154630722262,-0.05200098965946243,-0.014885367185535644,-0.006995517558392161,-0.0019034121490866917,0.002759666925149773,0.014525993137195074,-0.01992558192667082,0.015427090331198334,0.05383544883932978,0.016847643590297088,-0.0057223659507309454,-0.18441822506721905,0.019463897311470794,-0.0030046718754425106,0.000899175374204253,0,1,2023-02-22
2023-02-22,0.002896266634916378,-0.02800242127074204,0.0007483710009519307,-0.040749901576661696,-0.004591133623800037,-0.0735939488664985,0.004792895246345186,-0.09651304124803461,-0.01044340243452128,-0.005571250907687464,-0.0035382535261637704,0.002401311070273926,0.01519907254689442,-0.03564571510061354,0.013707354389462589,0.04635773785109887,0.016760110535801065,-0.005040437366583106,-0.28562585898465387,0.018736103804439953,0.0021478956339644473,0.0027953858236438034,1,1,2023-02-23
2023-02-23,0.0032904030639613335,-0.03817694166554764,0.0087340260624853,-0.03972831119969755,0.01296187009607741,-0.05402490739999877,0.14021399015634972,0.039536019519614385,-0.006831063928675755,-0.007693886371545844,-0.0014439449421733586,0.0028008796769827316,0.012255398564342247,-0.015086230471695217,0.012886583171629646,0.054759066304951975,0.01667692985474725,-0.004346579832595343,-0.31391484365059474,0.020749604895395343,-0.005443622998523967,-0.07329752706225223,1,0,2023-02-24
2023-02-24,-0.018005376130350803,-0.045540268020662245,-0.016743965283712803,-0.03775124829059828,-0.02178445810361751,-0.04932318600928032,-0.015973673351942996,0.05835803399742767,-0.00393956881049103,-0.009209036073990661,-0.0025533097604762745,0.0011604344092087104,0.013116243018268709,-0.02608856244686164,0.013851007510736944,0.020658386338202384,0.017043744444711996,-0.023240170175425567,-0.21436669808561581,0.010019774749039883,-0.0012614108466380003,0.0008736895974294501,0,1,2023-02-27
2023-02-27,0.008247678107587753,-0.030350623323010306,0.00716102707686006,-0.02397392397463749,0.00377178035445902,-0.030613047988515718,0.009232933672711274,0.09879349635088763,-0.002155764986267239,-0.006050177961758063,-0.001974166138326394,0.0008886053523393777,0.015331541169388745,-0.020462036579393494,0.01420041212014682,0.015184401633127731,0.01687601892945083,-0.015908960939582495,-0.3509246782841079,0.011627915373137341,0.0010866510307276922,0.0017453210940026054,1,0,2023-02-28
2023-02-28,-0.003447979426814962,-0.007206357561667431,-0.0012927282605103008,-0.0015983111768139713,-0.0029582005664371414,-0.012862821277247027,-0.012126917799477832,0.123989371744611,-0.004401892483192671,-0.0014038015501400603,-0.004199659554266111,0.0017201114644398274,0.01016695805873748,-0.041859174458450776,0.012182201365344519,0.03241295905805219,0.01618409778176154,-0.02080951839460876,-0.26373928735346563,0.015263550261876497,-0.0021552511663046614,0.0040945797561425246,0,0,2023-03-01
2023-03-01,-0.01424591728303981,-0.02417586056755605,-0.008039250006630083,-0.01036532585197425,-0.012629257032620078,-0.02083414917278248,-0.022312109171885974,0.09366895742707793,-0.0031487395340890068,-0.004832238333731298,-0.005201744620709381,0.0005567661346733088,0.011192928581007714,-0.05150129920610258,0.012589851181639024,0.008606659545309592,0.01646546498883596,-0.035156337100492374,-0.18573567531989765,0.015277690854051076,-0.0062066672764097275,0.0032247658192132156,0,1,2023-03-02
2023-03-02,0.004129099925370694,-0.02336012402654042,0.008275936411275664,-0.010814742041963421,0.0196533147308251,-0.014365954986534812,0.027138750539312806,-0.014790402386446244,-0.004521598928161359,-0.004664498961449426,-0.006179192666497635,0.00036819355182869385,0.01135026650030325,-0.060645247599826924,0.011249870836771014,0.004832565711028858,0.01639839273302656,-0.03139805669647289,-0.21872490189585747,0.019258534348954633,-0.00414683648590497,-0.01926693270969826,1,1,2023-03-03
2023-03-03,0.03509039310601514,0.029446117699486685,0.020673916146975335,0.02682877641957182,0.01664608829759806,0.02435603753883031,0.024706157270941942,0.02593834487733937,0.008324525249448675,0.005954654885823763,-0.0016271905940834497,0.0002695800169792928,0.01839806033262327,-0.017435134413378073,0.01705201724293576,0.002921589746024189,0.01617045861177314,0.0024441780584423256,0.09692607822443011,0.025028132224384686,0.014416476959039803,0.014414270321745137,1,1,2023-03-06
2023-03-06,0.018539137791887983,0.039953955651912176,0.0011345409956589059,0.02068460566384922,0.0061890299792253245,0.02682285748319413,-0.014064286611610077,0.002255495436666477,0.019252876941091273,0.008012946822683808,0.0009813844304628727,-2.3464434200287654e-05,0.01927357596582781,0.008390704870646637,0.01801399529166681,-0.002816414923048405,0.015757991590191582,0.02117587021966938,0.4320359449886757,0.018461914477578226,0.017404596796229077,0.02247676610808036,1,0,2023-03-07
2023-03-07,-0.014496454341123566,0.028424296433071428,-0.01226579122921867,0.00947007186994453,-0.010589119887363996,0.018964007045038755,-0.011125329926011895,0.003271665396584744,0.013044358852259852,0.0058032518398220875,0.0021997251448410138,0.000148156497877161,0.021428890969392718,0.021013103227868424,0.016262129366514912,0.0006688229912970023,0.015570292879721951,0.0063385959070323405,-0.07073454760417908,0.01912924656813148,-0.002230663111904896,-0.00363922943443562,0,1,2023-03-08
2023-03-08,0.00837720381733309,0.052026701747634574,0.004994208714523829,0.022733587096776864,-0.0017704431883971417,0.03017027434156838,0.03834596715744665,0.06551701979811697,0.004139962422699169,0.010327876059896667,0.002747818863082685,-0.00039521733154054275,0.018296751059364815,0.02659305089283781,0.016380149467712227,-0.010000592523557783,0.015049709350053113,0.015289276022406595,-0.19517995915442132,0.01072806595166852,0.003382995102809261,-0.009910558167191663,1,0,2023-03-09
2023-03-09,-0.014914641457602684,0.03207456169158629,-0.017325893834160055,-0.0032353473363431196,-0.005439503688484337,0.004818642309805554,-0.030809407319878135,0.005403672470410736,-0.007011297327131054,0.006519127783301992,0.0009273144109262832,-0.00025831526562353766,0.02159462575038317,0.00796517192583357,0.017299034692474312,-0.007241222965281402,0.014896131604468283,0.0005115425852852962,-0.07404225339272963,0.028620742834225655,0.0024112523765573712,0.003209814046578552,0,0,2023-03-10
2023-03-10,-0.013878768431532573,-0.016751923673245628,-0.014043637640524187,-0.037139643208782824,-0.01478291585916991,-0.026244723446940066,-0.020097367047967607,-0.03855588371086294,-0.006805402023934056,-0.00327470452420755,0.001339975180808106,-0.0006066672898340841,0.015696119398665477,0.012200914910065919,0.016840361042972082,-0.014205951867335753,0.01513939069247999,-0.01267243741459878,0.16686098070577726,0.02242425475457707,0.00016486920899161372,0.003561373022036185,0,1,2023-03-13
2023-03-13,0.013266144738477204,-0.02184221434925282,0.007416572863638171,-0.031097778506201768,0.02144094285159648,-0.011484444618114598,4.3526679732508455e-05,-0.024798522152215674,-0.005175755050219351,-0.004329303134889706,0.0018418218438970512,-6.617214721467146e-05,0.013943347368008206,0.01723905843920992,0.017141173628884093,-0.0035757243845609965,0.015444386923172284,0.0006052057387051502,0.40488174077578054,0.03615340198892577,0.005849571874839032,0.00252390997281271,1,1,2023-03-14
2023-03-14,0.01408905040024977,0.0065302193600917935,0.02297958207274431,0.003475611973154269,0.02705592317581429,0.026126533185905743,0.047766496101660616,0.033279005277062845,0.004492142235731467,0.001387797813384961,0.0035955248266035245,-0.00030206736383129316,0.014578291312178122,0.03514013268402749,0.01743443708644966,-0.008189978718937008,0.015174624138765573,0.015128071741449922,0.2142661305364224,0.021626501554278636,-0.00889053167249454,-0.023322159238487683,1,1,2023-03-15
2023-03-15,0.0026214016704042553,0.0007849597730940072,0.005245941605362514,0.0037269644829476256,0.01783001837462983,0.04627475814605719,0.0068570483612098165,0.001943747357105785,0.009992198936377076,0.0002366373839991942,0.005282256721947931,4.025605061927506e-05,0.014108068975306481,0.05285250038872724,0.016295253512044916,-0.0013707712536857874,0.015158683769660612,0.017860231322425868,0.2554825136722707,0.021766139692069655,-0.0026245399349582588,-0.009722131697515568,1,1,2023-03-16
2023-03-16,0.018694108641286622,0.03492934261673897,0.026360765856285884,0.04834956931638623,0.040536971503315256,0.09464187672769175,0.05419336119709306,0.0898191281819507,0.011801520237313548,0.006958387403777055,0.006738757593539524,0.0002797824635209445,0.013051415812889053,0.06812424766293268,0.016823104603872797,0.0033475881960352005,0.015424783843603372,0.036708896667933866,0.2285217464242566,0.030927219348437496,-0.007666657214999262,-0.028671057708917536,1,0,2023-03-17
2023-03-17,-0.005453932518978077,0.04377116613043186,-0.004726238683782524,0.05825659112420101,0.011694102661711003,0.1240596098449831,0.0072041433103096075,0.12018307171690457,0.005287192597570933,0.008643354586287955,0.002684325031040202,0.0005285672184783763,0.009836677149994227,0.026285991223080396,0.013854858187351883,0.008392557019539115,0.015282431127094787,0.030612563331819276,0.5573749268784765,0.015871011057207732,-0.0007276938351955531,-0.014903055504988383,0,1,2023-03-20
2023-03-20,0.015483656929177192,0.04605543793524247,0.0035492737465718793,0.05419412591296191,-0.025766700237842,0.07210926925586025,0.0068025325689078375,0.12775406615534335,0.009574611017161913,0.009086857024427953,0.002378776944769123,0.001680080687615998,0.010142447247837324,0.023207270838659477,0.013495382220726753,0.03179270106976628,0.015507939966455404,0.044885439231872715,0.14603052080836876,0.02331647757335989,0.011934383182605313,0.024965740763644273,1,1,2023-03-21
2023-03-21,0.011944299999231633,0.04384308013578364,0.014282243197505595,0.04523140200915354,0.0056938124035375015,0.04981007750492794,0.011544541305516187,0.08876689014100037,0.007324674803143583,0.008657906944224325,0.005022852378804643,0.0036112887618228286,0.009920937400634799,0.05065960442658435,0.012364566411483847,0.07273722315175135,0.014134512490599008,0.0535890130532477,0.13731362775010614,0.017955805074524694,-0.002337943198273962,0.003325123144704789,1,0,2023-03-22
2023-03-22,-0.009103433101162683,0.03163619165161102,-0.013597915642847958,0.02563799653929144,-0.00544229003755714,0.025806556821846405,0.010267516875191784,0.09245480711385734,0.006108174609082047,0.006312939989910937,0.0032747886869550656,0.0030113037750188754,0.012700703226909908,0.03244598456252534,0.013054099075584994,0.05990187317410278,0.014418295540031953,0.04092684416658798,0.14273974472072837,0.02743459279490876,0.004494482541685274,-0.011516046519980006,0,1,2023-03-23
2023-03-23,0.006969566827479401,0.01976269443291323,0.011857949595004413,0.011145393246931201,0.019721548993878235,0.0052858089022906896,0.02731600093584552,0.06460194586401191,0.0032701445751827838,0.003968031627149493,0.005463209515463275,0.0031952619631947787,0.010780495064158967,0.05538233497452949,0.011394880348326834,0.06378863672008928,0.014445488855100547,0.04489791615446981,0.006172322862368684,0.02435040932690043,-0.0048883827675250124,-0.016549208137382476,1,1,2023-03-24
2023-03-24,0.008305515742572434,0.033871012279513835,0.0036804714376243997,0.01968616518527866,0.010480446922325415,0.004079840726251005,-0.015151907072914361,0.04097188546573838,0.002057216489629717,0.0067199212794595954,0.007681637932873775,0.0045108065568409406,0.009447912098733764,0.07912475211543812,0.009149025635607388,0.09229106139334475,0.013585606360666313,0.048907647778747565,-0.12163050448989088,0.015538160588923584,0.004625044304948034,0.010641245817866907,1,0,2023-03-27
2023-03-27,-0.012293526897497187,0.005590867182938775,-0.006851387939877052,0.009118262733562199,-0.01493384801707276,0.015244567424770095,-0.009261044872652224,0.024363134538186282,0.0009938518908515492,0.0011644845141247195,0.005125670769276336,0.0034837463065866938,0.01103908887627413,0.05190379495472919,0.010831193855679506,0.07003762594838037,0.014056520611365881,0.03251211065803661,-0.22686218672344483,0.01832201906519589,-0.005442138957620135,-0.00019608045263469487,0,0,2023-03-28
2023-03-28,-0.003980427352914373,-0.010233877704411753,-0.005311575326939599,-0.010375798453363672,-0.004160953767823439,0.005296213666080352,-0.004560561741449254,0.008053942836199424,-0.0026561461692797086,-0.0020204609563044817,0.003318722993959922,0.003457123910281723,0.009313863871290587,0.03316051771107742,0.010675835065066818,0.06946591538734337,0.014070836869575144,0.024978909602836108,-0.31899193120296643,0.0159214073124108,0.0013311479740252263,0.0003803304017219733,0,1,2023-03-29
2023-03-29,0.01979113651239328,0.018627728115168107,0.018233848520074147,0.02155994528959715,0.019184029973999817,0.03018843059442955,0.021733962353861047,0.01949526444855887,0.0011723940873272405,0.0037584529664067114,0.005035696478158824,0.005158976600053378,0.012304372189925698,0.050853230143464545,0.011865614464906341,0.10639345089811747,0.01387397564285767,0.04003743196728804,-0.23796027451473456,0.010574092822446878,0.001557287992319134,-0.0006678596515371504,1,1,2023-03-30
2023-03-30,0.00988959092775099,0.021581558710736415,0.009465617797083548,0.019144675101151476,0.012619775599977956,0.023013761397413957,0.014786570649305775,0.007061218028830751,0.0085667666957433,0.004342457786461029,0.004155244706805261,0.005447001150172393,0.012561494659035385,0.041770762893835967,0.011037267047806009,0.11274061235321797,0.013911214154427406,0.04476396606746791,-0.2632577608106327,0.007390964176712892,0.00042397313066744324,-0.0038135821968908745,1,1,2023-03-31
2023-03-31,0.01564443687133421,0.02901710911576849,0.01663055333038055,0.03229428533937995,0.014962135559313472,0.027551037862190153,0.014388663451054162,0.037268072412552256,0.015108388103826162,0.005810242012213385,0.00626508164583649,0.004474703338438346,0.013531643862447698,0.06387096025445849,0.011012833450647037,0.09183586297819724,0.012318718007679754,0.05639447786385432,0.024726766060235272,0.018738607957926107,-0.0009861164590463378,0.0009690373661503937,1,1,2023-04-03
2023-04-03,0.007701447094141223,0.049848369104469104,-0.0024305328483312794,0.03688939164260452,-0.0037114772262525353,0.03925741791612736,0.006767959802195467,0.054049864120372826,0.011078491631075474,0.009809236810541067,0.005486860662332893,0.003932818803551008,0.009059414349461576,0.05571793189835694,0.010554447414136867,0.08021826387315145,0.011898686870249083,0.06033908134734167,-0.13095390804732698,0.012457074611778701,0.010131979942472502,0.006173205806169757,1,0,2023-04-04
2023-04-04,-0.0032496911010986285,0.05061859720367745,-0.00337327628621642,0.038909925573938464,-0.0001739632586976736,0.04341824036775499,-0.018308545587208958,0.03949241346330101,0.006698730954792269,0.009955384060904215,0.003967461552299867,0.004495156965552255,0.008783022241624644,0.03986669496591433,0.010615032942481586,0.09254593038926706,0.011228774341909619,0.05218342267253617,-0.28875474254565536,0.010444941595956984,0.0001235851851177916,0.005991563321854687,0,0,2023-04-05
2023-04-05,-0.011290034752540534,0.018597867286875402,-0.009872453963905903,0.010232901465743405,-0.009889560530360275,0.013653336529921178,-0.020835701844225563,-0.0038171412818956973,-0.00227942625316598,0.0037391498079174523,0.003748801387162082,0.003511795037058574,0.01083955570606058,0.0375720314173853,0.010931987229643744,0.07123707753126185,0.011721289823444158,0.036718224388843534,-0.21093478700767576,0.019846116933426868,-0.0014175807886346314,0.004072596434752385,0,1,2023-04-06
2023-04-06,0.0054958900378814235,0.014166279521121261,0.006742302230722252,0.007507515937293485,0.025533016163651556,0.02657975738223528,0.005803536798642428,-0.01263549245064377,-0.003014611938585913,0.0028604096299435387,0.003601433708202284,0.0045323216118327795,0.0103848586940828,0.0360535686250556,0.010893611377039885,0.09343263441420513,0.010891710147153283,0.03779392669698978,-0.3001808286201513,0.017976476667286346,-0.001246412192840829,-0.010172386443265569,1,0,2023-04-10
2023-04-10,-0.015972428238170466,-0.017404570762864058,-0.0005662343101429101,-0.0095349512018722,-0.007578827344920214,0.0037807825055631294,0.020046654386765672,-0.007128235089395529,-0.007255524317609859,-0.0034629633919573966,0.001173639310127994,0.004427638621500885,0.010279838984290994,0.011107508023965318,0.012338299661452194,0.09111113895842005,0.01108630024166726,0.01688211504248427,-0.2522852068524709,0.01203478962496516,-0.015406193928027556,-0.022206341759093196,0,0,2023-04-11
2023-04-11,-0.007591223746383768,-0.03231623781669135,-0.006417566964672217,-0.013493590745920159,-0.022668296414176115,-0.015318595198089868,-0.014866455611724949,-0.02846403546493448,-0.006022587315557604,-0.006521497560062395,0.0016438696252393358,0.003384770197257836,0.008190324687341257,0.0159212195370233,0.011847877634905416,0.06865138620603162,0.011191626049845674,0.005902115380214568,-0.2312517350372525,0.011505012863215909,-0.0011736567817115517,0.011176152266566763,0,0,2023-04-12
2023-04-12,-0.004353375131495252,-0.03338773697275954,-0.008833796156781815,-0.018898661392730443,0.00233341377548113,-0.012849198073335732,-0.02480771483231181,-0.034895971520642166,-0.009305675705349828,-0.006742234366141719,0.001606574847381248,0.002462648920670585,0.008094413005413595,0.015540819821551421,0.01186811863417836,0.0492166791635662,0.011021721387768173,-0.0008239915979461054,-0.17541795443104846,0.014241091145385189,0.004480421025286563,0.006883775396920089,0,1,2023-04-13
2023-04-13,0.03410375090020357,0.01099149598681759,0.019582133267566304,0.01028741173149772,0.02239940994959877,0.019343254235066887,-0.0012078570146598633,-0.015549971925824413,0.0073863840074415155,0.0023365227644071007,0.0030378362861622765,0.00403676638216055,0.01934987697929464,0.029793781657339924,0.014804553483575667,0.08216212183626936,0.013098143140867529,0.029214633593904082,0.1339171877443588,0.026455695502546613,0.014521617632637263,0.023507974432734113,1,0,2023-04-14
2023-04-14,-0.0021141528252147657,0.003339859918572996,-0.001879882914770259,0.0016348647045096865,-0.012765582125717545,-0.018724186985857427,0.011147621116663009,-0.010319344109927853,0.00921207431449785,0.0008145141917878628,0.0018374619108657009,0.002996353308835481,0.01933853224533257,0.017553452828862337,0.014673334462967551,0.06005743683878073,0.012692751057542188,0.024059381445264982,-0.16327182377821658,0.01513225530176164,-0.00023426991044450673,-0.0013051723206874977,0,1,2023-04-17
2023-04-17,0.00012127386746207947,0.019749413146157746,0.0008475747493779107,0.0030517874608402273,0.009296172030978322,-0.002038701842592361,0.009118816540254038,-0.02092186869141177,0.01070362398081696,0.004033254612914372,0.00028514561047848774,0.0032751136281574888,0.017049875469652538,0.0020011123246663765,0.013848291443896366,0.06599988554487846,0.012557902237815123,0.02094661654507446,-0.26064518174174955,0.00823095470264486,-0.0007263008819158312,-0.0090862204181541,1,1,2023-04-18
2023-04-18,0.00750464693827646,0.035261171647252176,6.270486351800386e-05,0.00959381963087469,-0.0014890585153293223,0.019587589077848966,0.024627903054091016,0.018329726282718672,0.0018372559935079247,0.007052428749846418,0.0002654655948920115,0.0028761631286124524,0.015764977159259008,0.0018054254219128651,0.01383671597972102,0.05762395189097558,0.01227315096190977,0.025734196200466908,-0.09174779104395603,0.010572534106560219,0.007441942074758456,-0.004064775331104387,1,1,2023-04-19
2023-04-19,0.006968440848505564,0.04703345729948172,-0.0004705007717675791,0.01811260416944993,0.0002778064817887671,0.017496596543965293,0.00954201004491928,0.054198904560828876,0.004864787218081368,0.009316791945846581,0.0012872787898524306,0.002627370171076149,0.014477707067235952,0.012075379625487548,0.013925296368401879,0.05242348006752873,0.012129242888813372,0.030231689384511595,-0.11061212162384171,0.015629722004769857,0.007438941620273143,0.00205853258515154,1,0,2023-04-20
2023-04-20,-0.0058462680178444915,0.006583931426927148,-0.007624334574349079,-0.00905465084708712,-0.00811265414847584,-0.012869150023565257,-0.02960865214387598,0.024222610369740494,0.002875606589645844,0.0013267881622369693,0.001831655463322035,0.002790228425242058,0.005803883584415889,0.017647794669601202,0.013478213387282958,0.05588288958276033,0.011984447093467984,0.02144024258993693,-0.0006940947274042264,0.01386137199638075,0.0017780665565045872,0.013014385128331418,0,0,2023-04-21
2023-04-21,-0.009781011098099035,-0.001149755110327777,0.0010431520474476486,-0.006152627481723072,-0.0012232771285110022,-0.0013280558960803157,0.0005532674724559872,0.013491262821628158,-0.002886279422479321,-0.0002065834923398846,0.00030396534972398914,0.0019526995289631365,0.007657141193345363,0.0021862647872361585,0.013876635694719624,0.03831865605983098,0.012259158920272168,0.009565318801386224,0.12125457164468889,0.011877296111579496,-0.010824163145546684,-0.009446006270071527,0,1,2023-04-24
2023-04-24,0.0018784316688411629,0.0006051695633872978,-0.0020844246487118356,-0.009064119672475779,-0.013962856310512972,-0.02434225103071952,-0.00283916078396218,0.001481472358436653,-0.004582949149034121,0.00014484806793593207,0.0020890513404251522,0.001631345325276573,0.007716046949142658,0.020366534453275742,0.01264358335219757,0.031700263922101346,0.012167762503746257,0.00989242574357796,-0.1801314342950675,0.010342990957047089,0.0039628563175529985,0.010279440216078739,1,0,2023-04-25
2023-04-25,-0.009435704589106475,-0.016219172998239606,-0.018863859958444862,-0.027817955889163137,-0.022536030965919385,-0.044907515676922194,-0.029620672953339366,-0.05154162374438509,-0.005779428006121449,-0.003243222237540655,0.0019046032561528814,0.0017742364406961087,0.00738875446055914,0.018470091605945038,0.012812814169055617,0.034685377526295635,0.012011406010370762,-0.0013111630616853276,-0.04449257430597675,0.01575381183212523,0.009428155369338387,0.0166426473705229,0,0,2023-04-26
2023-04-26,-6.088602325826642e-05,-0.02308663450213977,0.0060647415980148445,-0.021461519895307424,0.07243495457881832,0.02399009395820184,0.027247338993046544,-0.03490757842668191,-0.0025393863145078597,-0.004649087611893421,0.00233385216697658,0.001970213507178914,0.005346533537197825,0.022860978559296807,0.012650745128294255,0.03875707672958262,0.011944360024366314,-0.003228944830693914,-0.1071273330838457,0.015144087754811924,-0.006125627621273111,-0.0499020328091907,0,1,2023-04-27
2023-04-27,0.02839525825247602,0.010561083745446842,0.027191026000324525,0.012868392866534739,0.0320274255605808,0.06542932006051694,0.01001647219381363,0.004501168659421406,0.006299555880037093,0.002199217642170681,0.0017630029022038252,0.002400419594183051,0.015575146964579427,0.017214548623547987,0.011090455874371546,0.047521216783907416,0.012747926846786104,0.02269670762772691,0.25688064511131414,0.020010658772675553,0.0012042322521514937,0.007373309375278803,1,1,2023-04-28
2023-04-28,0.007540841197028136,0.028238779309792683,0.006898604701001787,0.01879301550301271,0.007971737996525396,0.07523795745491713,0.019209636366010363,0.02323115032632206,0.011958404475415296,0.0056635881011961155,0.0027285023044281154,0.002282982107646908,0.014100873731960496,0.027056556518644026,0.011135594038846631,0.04508494533606777,0.01268597143689328,0.02812360321446916,0.06450660561091293,0.011610097275683821,0.0006422364960263494,-0.006049845984239743,1,0,2023-05-01
2023-05-01,-0.0005303504297548001,0.025766619927583,-0.0011469989143080284,0.019750053166671888,-0.005532746176425962,0.08443068864126912,0.04183927188973113,0.06907768005508896,0.011801916339916452,0.005181831681476923,0.0026633398747064273,0.0014742427425924575,0.01430223390843954,0.026387382665101766,0.011154436640887012,0.028441299106435114,0.012299013084086182,0.02612035204518004,0.026616501473759824,0.010672784938254899,0.0006166484845532283,-0.018683613286407386,0,0,2023-05-02
2023-05-02,-0.006191284049524737,0.029126339539856883,-0.008721662438128108,0.030291410312207168,-0.0004908904508462708,0.10888829287764668,-0.024213263788340877,0.07503508277802151,0.00027306890591619987,0.005830715789393271,0.0012937467759263077,0.0007796061854091596,0.013525769118318884,0.012434761401814987,0.011333340044966627,0.01426263685807827,0.01232109992108349,0.019036697895009613,-0.044574187125406506,0.016672676689930773,0.0025303783886033715,0.006160793070068837,0,0,2023-05-03
2023-05-03,-0.006467426263381704,0.02253279877894787,-0.0065438671385756875,0.01737917838500258,-0.0033070756321007533,0.030571701068440982,-0.014462788920071024,0.03138459169209251,-0.00439635358088708,0.004549407741368583,-4.983993526241903e-05,0.0006187194272950058,0.014492328103431177,-0.001074042212911852,0.01138216329173503,0.010988367945121036,0.01239725588004986,0.011889400890997992,0.2616452465313037,0.022454431623537864,7.644087519398379e-05,0.0024175060127041847,0,0,2023-05-04
2023-05-04,-0.00991339061111296,-0.015557468193392432,-0.0035299001287466547,-0.013048297900611572,0.003318048670003515,0.0019028201395585587,-0.008632577291068921,0.012340999020149956,-0.0075240336413398,-0.003112322031349213,-0.00045655219458926586,0.0006875516343663845,0.0068400973945133454,-0.005160688172403227,0.01168103722371882,0.012396031731977564,0.012331302215017817,0.0012440328166032355,0.5294533400886132,0.016466589288217454,-0.006383490482366305,-0.007256126300580257,0,1,2023-05-05
2023-05-05,0.046927146782482776,0.022925889308014646,0.021254525119051237,0.0010232282944264703,0.017157252165235892,0.011033029056283894,0.0405631823286805,0.03355063958982507,0.01018210996932937,0.004764939085741715,0.005214263593468915,0.002759114471596452,0.023808349734555118,0.05181206774645708,0.018453266960028684,0.054111607432961284,0.016089080739058795,0.04541688220127171,1.007411376702989,0.020395277960145168,0.02567262166343154,0.01806692953552458,1,0,2023-05-08
2023-05-08,-0.0004033888955747855,0.02305583046262072,0.0024773116921485983,0.004655413510542772,-0.006438265732367721,0.010112425410468973,0.016422526476611576,0.00833610392505535,0.012203455758598344,0.004790331392577718,0.00498608153702732,0.003537566438726236,0.02380135693376988,0.04941652121084905,0.018513109852907092,0.07078949894592657,0.015500972545869303,0.04139796301041665,-0.016979960814664352,0.010028850104692007,-0.0028807005877233838,-0.005395519267696713,0,0,2023-05-09
2023-05-09,-0.009971167729308061,0.019164707377254953,-0.006332916121136956,0.007076395416362624,-0.005345838222819532,0.005205973811042153,-0.019896180386545503,0.012797192497119747,0.012184196719199977,0.004034354656621053,0.004932535223007161,0.0034185692395800214,0.02429231793199002,0.04884924469136376,0.01856017195293353,0.06822158632163955,0.015599722616728269,0.027630774472695796,-0.20218215376090876,0.011294097539521574,-0.003638251608171106,0.0026498415753744564,0,1,2023-05-10
2023-05-10,0.010420888216680968,0.03648872325771557,0.010881592259882167,0.024740757494361887,0.0172965453091265,0.025985576380604503,0.010990073225456642,0.038954081381872285,1.5443863932707025e-05,0.007412017552633587,0.0059807126470010855,0.004157282406988832,0.023632203754950967,0.059843715095530214,0.018542805882668566,0.08407277954253445,0.015562084452341416,0.03417569583480318,-0.05735187719439694,0.012272441304301053,-0.00046070404320119884,-0.0037224210506106026,1,1,2023-05-11
2023-05-11,0.001094439818631665,0.0480124546159304,0.0032602066021574228,0.03172350501061261,-0.007044218371673461,0.015389199152608057,-0.010628429692985053,0.03686242600637013,0.0005147201020015239,0.009613583638582512,0.00325063080361665,0.0025068168529102375,0.022076184970986346,0.031708034186963774,0.01680426926163747,0.0494684223067805,0.013878230351575194,0.032787489616093346,-0.11654440535397137,0.013928047015512764,-0.0021657667835257577,0.009930763850960922,1,0,2023-05-12
2023-05-12,-0.005417396001312302,-0.004386351678459688,-0.00358665985200024,0.006627670625974247,-0.0036764129489601505,-0.005408252264747282,-0.008328215433712649,-0.011855089811660058,0.0020326440113334434,-0.0008553249181765032,0.001954807083782606,0.0023416546941053607,0.007665994620481462,0.01843897661650873,0.016935788473922155,0.045994428348123284,0.013955558209724425,0.024877903485402975,-0.18478281303291888,0.01773191996709333,-0.0018307361493120622,0.0005849181900240974,0,0,2023-05-15
2023-05-15,-0.00289727410711349,-0.006870299829516147,0.005414661351685224,0.009577181214500463,0.0015860604544561951,0.0026243926442615084,0.021630310868109737,-0.006792189781634428,-0.002406743429931376,-0.0013541019604842441,0.0017181147160467368,0.002190727295376582,0.00771024175556467,0.016027130165007897,0.016990830312414672,0.042837426846797255,0.013997095932503293,0.019768174358098856,-0.33023522471321975,0.01011219514790568,-0.008311935458798714,-0.014505459768396456,0,0,2023-05-16
2023-05-16,0.0,0.0031320985800786794,0.0011323423854756598,0.01716196968381678,0.0073675616256740906,0.01543966582299583,0.008980087173571238,0.022470153550497862,-0.0027715567028085974,0.0006401315853773682,0.002337243120999211,0.0018154949484627592,0.006030883935936859,0.02235683171009728,0.016782116678423248,0.03506959497992801,0.013947647894817635,0.01800950381403399,-0.23783421211333622,0.007787506717343218,-0.0011323423854756598,-0.008173824399622664,0,1,2023-05-17
2023-05-17,0.003603001343138068,-0.0036366066665135532,0.012104003688281573,0.01839197567640305,0.009451625607158842,0.007609065515439051,0.033033307110970744,0.04476369463717167,0.0002352424120081927,-0.0007234457893312118,0.0033442858816511876,0.0016472229731943843,0.0035108732828009813,0.03271942145695039,0.01649475860038491,0.031610237204211744,0.013902435933218072,0.02008066735164027,0.03925924292009619,0.014534683371074527,-0.008501002345143505,-0.017639465015926725,1,1,2023-05-18
2023-05-18,0.013666177457281714,0.008875718520322096,0.018573373294529016,0.0339361046860871,0.01439510659274501,0.0293647756813582,0.049705036243235634,0.10847506119911121,0.00575639293347326,0.001790901738398798,0.005702242688490655,0.0026228452469506947,0.0074406276025003005,0.0573143181688931,0.016068842896348693,0.05185784867260623,0.014032936549613746,0.03139232989935148,0.16099206896108575,0.015195679038765154,-0.004907195837247302,-0.018383893960708608,1,1,2023-05-19
2023-05-19,0.0006285540284871605,0.015008554702986787,-0.00225331597082179,0.03531965940496318,-0.0005654006075550555,0.03257895886699469,-0.01306907983570782,0.10317579783402842,0.005965910942968981,0.0030000917443586904,0.0010723834130910936,0.0031433235032800044,0.00639399229781761,0.010556370225414335,0.006958312680269469,0.06291538534114749,0.013738624861917393,0.028897956658909596,-0.008501540336236624,0.00827812809960475,0.0028818699993089503,0.007445794250118598,1,0,2023-05-22
2023-05-22,-0.005480766348915034,0.012378668475277133,0.0033580397762735803,0.03320186579121431,0.008921256410687528,0.04014113380394835,-0.0028145024115747708,0.07677982454912757,0.0029379883789512804,0.0024833932959983816,0.0005646456677570688,0.0027753636023921946,0.007059456310468431,0.00542332348184571,0.007256804698759772,0.05510784647256872,0.013872186359547078,0.02053172288059346,-0.22704283020307225,0.007233121628580528,-0.008838806125188614,-0.008534143348471412,0,0,2023-05-23
2023-05-23,-0.015155080503892138,-0.002964011745888784,-0.01267645919624838,0.018950723405201764,-0.018431879662906492,0.013502336670053516,-0.015653145952512548,0.05049132908646192,-0.006669097608106671,-0.0005476228047800458,4.625439029866118e-05,0.0024893948066529114,0.010704635868498453,0.00015880325720929456,0.00821495967212583,0.04901580536774208,0.014192415709797629,0.002711006530109694,-0.10135262921908617,0.012240651278853177,-0.002478621307643758,0.0018874323038173824,0,1,2023-05-24
2023-05-24,0.0016321010749065223,-0.0049220155522311515,-0.005129474100889375,0.0016006639290297997,-0.00447258653220417,-0.0004777503212828327,-0.0048879553190199765,0.011929206165058215,-0.006334581925966883,-0.0009418028584263549,-0.0008326243238787834,0.002574044161561151,0.010548738575174597,-0.008540722784174837,0.0074126593403530325,0.05079188373034915,0.014181448815970539,0.0019155368776289095,-0.20033472094793203,0.011056761737519974,0.0067615751757958975,0.006312372000518596,1,1,2023-05-25
2023-05-25,0.006692417270081075,-0.01176789379639731,0.02433291079060873,0.00726422900077206,0.03845818619009611,0.02323252124551245,0.24369636505969106,0.1989393514861606,-0.0022768540529681802,-0.002336554895866483,-0.0002728265787338424,0.0014889021124414037,0.008370560076037072,-0.002996623788989128,0.007776793155792933,0.028616393348428026,0.012871493502016516,0.00720765585587424,0.0008481400772832881,0.012775255129785203,-0.017640493520527656,-0.1343848583548125,1,1,2023-05-26
2023-05-26,0.014104754929883168,0.0015413550220511052,0.02555043185833039,0.03533319787708833,0.02138527030220705,0.04570586802746335,0.02543447999329307,0.24571408729401845,0.007476424424956922,0.0003586852844127186,0.0016793885143857046,0.0018170977990841553,0.011241311129626251,0.01657304323620301,0.008733355113758138,0.035317609809408346,0.013115300590350673,0.01963769483644473,-0.020606818334040322,0.01516276448249888,-0.011445676928447224,-0.009305120217866891,1,1,2023-05-30
2023-05-30,0.010659447200236594,0.017795531715061985,0.0045352631479838035,0.036547937172265677,-0.005046737583184635,0.031228610073826824,0.02991336554463664,0.28659872336097614,0.010485539800066945,0.0035867279942430443,0.003035060645120713,0.002376587680583725,0.01146051379343773,0.030394485177781316,0.008992345929714218,0.04690875171303199,0.013247893840799503,0.02813282820514118,-0.00354190212206984,0.01364917161472839,0.00612418405225279,-0.0017738667804894082,1,0,2023-05-31
2023-05-31,-0.00028203302048546153,0.03316619665116427,-0.005686084126006463,0.04388682717100023,-0.008514025727670016,0.04164823813289287,-0.05676758474192656,0.2328597549875262,0.008160723036544767,0.00656133749092438,0.003006857343072167,0.002672050232035689,0.0060175560520422874,0.03010387990883512,0.009003358206069617,0.05313373899587526,0.01311194916817466,0.02518467285192627,0.6965206573437923,0.014612195185780838,0.005404051105521002,0.032358772214312825,0,1,2023-06-01
2023-06-01,0.016022666859459633,0.04800981648256708,0.011551837628270167,0.06139001087248275,0.012759091153861313,0.05967822551339075,0.05117093968476749,0.30231198996815856,0.008800027013070255,0.009439450647835001,0.004248823894704323,0.0037965548881777555,0.006493181585572747,0.04285149586694881,0.009906088091144013,0.07697299347723074,0.013250540660420307,0.03774807615286213,0.16957960482991496,0.01771337945624184,0.004470829231189466,-0.01594234855985477,1,1,2023-06-02
2023-06-02,0.004775316430388754,0.046014032601893184,0.00749992094467844,0.043948057102005444,0.00847923542048834,0.029086679530357706,-0.011139239922334676,0.035465938823711296,0.006838650089787642,0.009056030479896537,0.003359737792015027,0.004530990240252841,0.00674756491089254,0.033704650556692695,0.00935034839940997,0.09295072779136349,0.012851719505905612,0.03810084576001693,0.06984043222334146,0.013926522879034594,-0.0027246045142896858,0.006105318681311922,1,0,2023-06-05
2023-06-05,-0.007571176349263298,0.02365605806575255,0.000704798680424723,0.018656711422842642,0.001609902486679804,0.009162202260628582,-0.003966572666019186,0.005777266179819884,0.004408935646861696,0.004720844224067244,0.0025397647542399816,0.0018060740836655376,0.009207656025163836,0.02523387547170519,0.009956366461829543,0.03605662382882091,0.008393895577362176,0.028397580673554357,1.0890430700409692,0.03847869245825132,-0.00827597502968802,-0.006392841259593607,0,0,2023-06-06
2023-06-06,-0.002060322468233844,0.010772718069870457,-0.00016917623090606515,0.013886138479718424,-0.006727207120855838,0.007457733916709897,-0.013198739428800454,-0.03632450327970249,-0.0016187274623694625,0.002176890290373157,0.0028818091423081006,0.0017232274050325846,0.008909018271214873,0.028759956031002343,0.009705811762626202,0.034339254057727864,0.008424969781317791,0.024533372823712263,0.10251490960812326,0.015010336145465293,-0.0018911462373277788,0.007902650806594302,0,0,2023-06-07
2023-06-07,-0.007756245900249703,0.003215856317412946,-0.016965174643771674,0.002385028671184397,-0.03086784696277345,-0.015256183042553939,-0.030401007103819988,-0.009386471474185476,-0.005795914905915615,0.0006820477144203086,0.003621692602672344,0.0018339734964855025,0.009986622869190224,0.03648871069160253,0.008367859074218822,0.036653308474920765,0.008276404136421962,0.014763117344192889,0.038476433163731505,0.021876050103607256,0.009208928743521971,0.022878181133047015,0,1,2023-06-08
2023-06-08,0.015464973808616334,0.002665192902300717,0.012413144180660085,0.0032385299561370484,0.005813513452303187,-0.022009629895363036,0.027618362333747593,-0.03158219709286347,0.0018828018133775954,0.0005705091042516486,0.005004979876043325,0.0020861777760822708,0.00977328820268869,0.050802964806998085,0.009112626087180624,0.041828347983792424,0.008621501176778694,0.028329212088118227,-0.15568343959261544,0.0187184442981971,0.0030518296279562485,-0.0012509640844090564,1,1,2023-06-09
2023-06-09,0.0021599168657131518,5.528592493941886e-05,0.003822994668885471,-0.00042284413928206366,0.0047039125497969625,-0.025670815254357993,0.006751601105886573,-0.014061217739460896,0.0032895482580265942,4.742919131652812e-05,0.004551729835606533,0.002139451628436345,0.00955963386559512,0.04607186245518524,0.009132069075670008,0.042937178627159955,0.008618341822113218,0.028368776381976213,-0.17736713238509616,0.00884168205882349,-0.0016630778031723192,-0.003567839962128616,1,1,2023-06-12
2023-06-12,0.015638804671419537,0.02344362738862915,0.016896800365503006,0.01575091161107034,0.015484024455698187,-0.012174580928424605,0.018364751948082958,0.008043782345952932,0.011087898448583008,0.004689425395453095,0.00470513480976017,0.0031922616620729373,0.010522043453619699,0.047654269265159144,0.009321300454856454,0.0650170887662831,0.008927187647660418,0.041132023356284186,-0.09361122070461314,0.01588768853372392,-0.0012579956940834691,-0.001285583530471035,1,0,2023-06-13
2023-06-13,-0.002611706792855717,0.022878151552783166,0.007684202645594551,0.023729338124228727,0.00735252369337247,0.0018279328741177547,0.03900503453778503,0.06137132849394766,0.005062338248092324,0.004579148530528721,0.0033780194104509388,0.0032065400277858256,0.010612966407095727,0.03389732949929147,0.009324101158294129,0.06532210655610537,0.008917158011801658,0.03511748551389471,-0.09601809441672171,0.009328413495458862,-0.010295909438450268,-0.02579048590843447,0,1,2023-06-14
2023-06-14,0.0034913097416977568,0.03447296268360289,0.007267307745968843,0.04896496815286633,0.009124018054603278,0.04316901039030263,0.04814492299372697,0.14735161393794538,0.005506135873420526,0.0068286596589182125,0.0037553536866692604,0.0033811055148707135,0.008280400952194806,0.03779967909584192,0.009235455839274924,0.06904147600477062,0.008885198116429594,0.03525893716459105,-0.06611653858108402,0.01288390952164214,-0.003775998004271086,-0.025143160782467366,1,1,2023-06-15
2023-06-15,0.011198700299837716,0.030126830901536783,0.011915794733304175,0.04844966256817962,0.03189662578833019,0.07022083870595264,-0.008000451576027023,0.10758266359228918,0.004026101082893252,0.005975404957162489,0.0032729570307070688,0.003760890462705696,0.0073336770261770035,0.0328723176197252,0.008629614205490242,0.07713244146929266,0.009055876208375994,0.04294332516289279,0.05699028054264588,0.014730420805766833,-0.0007170944334664586,-0.0007493868063138676,1,0,2023-06-16
2023-06-16,-0.0058598229773163535,0.02188328708171161,-0.006292757538670424,0.037884197296950584,-0.016575781816658197,0.04755349157233102,0.0009144683954613875,0.1011609136908711,0.0029433956880730396,0.004371456988556588,0.002209443089936558,0.0027845904409757928,0.009052385049701088,0.02193978284441811,0.009068088981008556,0.056383906115171634,0.008984047751808362,0.033970847682795124,0.5897494833826793,0.014709070125655647,0.00043293456135407027,0.0019708337332820514,0,1,2023-06-20
2023-06-20,0.0004865560623963372,0.006637877449812812,-0.001431650055069622,0.01917747204654585,-0.012502749690654125,0.018682881824854114,0.02614055496954526,0.10956891322484386,0.0019418111283058999,0.001341007266751948,0.0030152163311025215,0.0027774905426712513,0.0065192772638123335,0.030237120764026848,0.008438583726884902,0.056233995975714324,0.008985897216576657,0.031633047780879275,-0.21443428939564924,0.009134654838032543,0.0019182061174659593,-0.00633234657704923,1,0,2023-06-21
2023-06-21,-0.00567528928054839,0.0035458838964426143,-0.013627749157135827,-0.002377555913264051,-0.013282017590477202,-0.002183749752240227,-0.017416911802427548,0.04931507844858585,-0.0036828520651561356,0.0007282907692134133,0.002653719649871067,0.0027677643960895837,0.007101606604154809,0.026505158718397093,0.008751788725219891,0.056027401948735234,0.008995406473495155,0.022994533960543295,-0.22255020026723238,0.015329458693731129,0.007952459876587437,0.009674175415903985,0,1,2023-06-22
2023-06-22,0.016525272415923054,0.016580555413374443,0.011798995969963366,0.002110740139922962,0.0184375400836998,0.007025409341592681,-0.000464391515256235,0.000651496201161228,0.003778846399257,0.003335083304058473,0.005081871481488342,0.004351782042080343,0.01012008873659532,0.05162509896501599,0.008909655394450659,0.08999754295717821,0.008445764539246102,0.03545453222188355,-0.195708061549279,0.018074892421457215,0.004726276445959687,0.007538698131701271,1,0,2023-06-23
2023-06-23,-0.0017113328827748076,0.0036018117705138852,-0.00991346462135334,-0.019507002524492778,-0.013805934705579559,-0.03757560837583418,-0.01896592634206873,-0.010409616425985146,0.0030462167508666185,0.0007530766675359679,0.0033642408123492284,0.004184610344196277,0.00921901346220743,0.03383715384620012,0.008321818001655743,0.08635914638921549,0.008535047266211047,0.029452931730208354,-0.1715158162929088,0.013659755473563512,0.008202131738578533,0.014674597641049336,0,0,2023-06-26
2023-06-26,-0.007552810443180791,0.0018927114571809511,-0.013405457182445568,-0.026525118017536986,-0.019162960509751747,-0.04010754101861891,-0.037361942596444875,-0.04825297810307072,0.002420376363322485,0.00041447917436308044,0.002392968081459834,0.0034723489585331835,0.009547838950995867,0.023817417287072873,0.009015861322283754,0.07098659251554573,0.008901286809471567,0.018230027365386592,-0.2452530208940611,0.01522106795049039,0.005852646739264777,0.02070964110991752,0,1,2023-06-27
2023-06-27,0.015059090140476128,0.016485726817378366,0.01719406749806973,-0.008367454400538654,0.01816816482161876,-0.01029401035696842,0.03061645007587921,-0.044101578163612376,0.0019316489381735098,0.0033289859899790384,0.002334996628365493,0.0035200657190628316,0.01158266592711136,0.023233034501475958,0.008922609562205908,0.07199445704861507,0.008963622996129244,0.02998889006339911,-0.20121285247619713,0.014463475784400458,-0.0021349773575936037,-0.009333217308272856,1,1,2023-06-28
2023-06-28,0.0063278208783008605,0.028756356343480283,0.0019516298259696363,0.0072950089612138225,0.0038257531109502363,0.006865566578374338,-0.0181249006270241,-0.044790339661992196,0.004611366858532066,0.005729608021748889,0.003228949395481151,0.003303484402966045,0.010437117738618698,0.032404206940801705,0.008819157857573019,0.0673999525199287,0.008833425689685918,0.03312561233553657,-0.19053495753796623,0.012153171957562695,0.004376191052331224,0.013477394636337792,1,1,2023-06-29
2023-06-29,0.0017964634856153516,0.013850326734978102,-0.002002682395116806,-0.006445231726716183,-0.0023820760079906744,-0.013717487096553405,-0.007174636615652319,-0.0512030085941686,0.007727791501464114,0.0027838462356873485,0.0030594647698729107,0.0034074092282710853,0.008533308275348594,0.030660528258275255,0.008829834781382748,0.0696191654831888,0.008801189956489508,0.0315072269925849,-0.23530039224692967,0.005960255839652161,0.0037991458807321576,0.006574819797436848,1,1,2023-06-30
2023-07-03,-0.007784779601431202,0.038808155122286525,0.00235496494743348,0.035254939483417624,-0.007488141065350118,0.028575907946288615,0.0026237714652497246,0.04383257846150257,0.005704744769396752,0.007700229065393449,0.004057354119878264,0.0031333986049074114,0.011915407937004832,0.040774319219299526,0.010879430532708076,0.06360868177301793,0.009793671679160145,0.03993924619401956,-0.4747962924440132,0.011015329429601501,-0.010139744548864682,-0.005352594801381005,0,0,2023-07-05
2023-07-05,-0.005871277818023213,0.017388084964607087,-2.6917257106240378e-05,0.017728186132982326,0.0004731950295076004,0.010700059683844021,-0.0022632865010707715,0.010531207997518832,0.0031488310015172307,0.003514155473693581,0.00342157073183631,0.0032183935314694157,0.01235237515024514,0.034160467000589056,0.011289341121754755,0.06543050193066824,0.009702837034941146,0.030561952120482072,-0.16431371661973826,0.012334712735932623,-0.005844360560916972,-0.004976232082241627,0,1,2023-07-06
2023-07-06,0.002508864636162178,0.013527155655942869,-0.007615943964980332,0.008009962987172159,0.009226548587380368,0.016137840387767444,-0.005056911479662363,0.02398058752411547,-0.003715730927764079,0.0027503642252658445,0.004239986123507367,0.0034468528866892167,0.012252568085024474,0.042672503707779086,0.01084448215796096,0.07030870390986244,0.009625488638625569,0.02965348805495016,-0.18245408088110315,0.014702087274451195,0.01012480860114251,0.00042404608230317553,1,0,2023-07-07
2023-07-07,-0.005891415363877273,0.005749254388211167,-0.003320096941997308,0.006679331165609037,-0.011867321660012697,0.006476509330457514,0.009500170304056255,0.041178656002432756,-0.0030846095152461026,0.0012127884553673196,0.001998317345527334,0.0035400944135078384,0.012869065917132164,0.019679210174948558,0.01032737132940776,0.07232025031279954,0.009519704083628044,0.020066430315841988,-0.1394561690184185,0.012743826143905184,-0.0025713184218799645,-0.004707839685899051,0,0,2023-07-10
2023-07-10,-0.010855828429376824,-0.02763314134315309,0.00032776594696626304,-0.008283226518831732,-0.015983459197354888,-0.025577083350949104,-0.007599564829614325,-0.0028843505797433444,-0.004746126385697306,-0.005578887315309267,0.0010838677908671323,0.0022240543016081803,0.0049574934673446616,0.01033877358226043,0.011070465041347243,0.04452576210074444,0.00960337431198253,0.0068275276448965805,0.09173737101000756,0.0156408048220395,-0.011183594376343087,0.0009356835841077826,0,0,2023-07-11
2023-07-11,-0.002810166618921861,-0.02275804096231726,0.00494047395055186,-0.005725158034067479,0.001928671779168667,-0.016331895845236533,0.0053342174914887686,-0.0001887949520105181,-0.006519136804058652,-0.004583964718807398,0.0015581321732930254,0.0019755501273764297,0.0049029956293714354,0.015166916576024203,0.0107564905062891,0.039345570644146344,0.00966920054801974,0.0020938226892270873,-0.14853448032699512,0.014355576998917263,-0.007750640569473721,-0.006441611254250579,0,1,2023-07-12
2023-07-12,0.008985746789060833,-0.008153385138038427,0.012629921498908736,0.006859557065869382,0.014226886675089645,-0.002809226918819241,0.03530266976727425,0.037455268353749016,-0.0015600827530792838,-0.0016125597973905893,0.0009507978381514959,0.0016428972332584945,0.00765655150708856,0.009092928073039186,0.010058295829862656,0.03253721888615546,0.009281051775298211,0.009490183384675,0.1025908894893579,0.017020580991828408,-0.0036441747098479027,-0.015779031432121116,1,1,2023-07-13
2023-07-13,0.004057529073980604,-0.006621191623954248,0.016978716014896422,0.031812969308770755,0.01619213251839735,0.004073287254886537,0.0472643466734064,0.09201212245333701,0.0034110364147065253,-0.0013028269098269041,0.0007237686577194702,0.0019763590266003105,0.007892642460899412,0.006816398142263536,0.009948466183951258,0.03944148505905787,0.00923986037492588,0.011640813129792704,-0.24028737370526188,0.007400040473350944,-0.012921186940915819,-0.02767071052192127,1,1,2023-07-14
2023-07-14,0.0007871438001596509,5.2464802087204276e-05,-0.00021104308104225034,0.035031617629229794,0.007529134177884922,0.023782647749845287,-0.011048818038832287,0.06978355327159247,0.004610139887733696,3.2884922980480624e-05,0.0006228366891739001,0.0018411507295234054,0.0074760855922203434,0.005802020823792109,0.009941491528555882,0.03664044210549022,0.009236309660442364,0.010628853930739313,-0.22395487040289497,0.008128311778930464,0.0009981868812019012,0.0025469857306333332,1,1,2023-07-17
2023-07-17,0.01730549228121614,0.02852434887940225,0.009338641241132928,0.04435510254034547,0.0014195098566094355,0.041888906128635606,0.021816955457903964,0.10149384730493205,0.007383388385118798,0.005665149065099073,4.3130874894903305e-05,0.0021464903285923266,0.007821993236666349,0.00010299017194337345,0.00855772661921339,0.04290088086747179,0.009653459666110895,0.025948772352968996,-0.04463198100693533,0.01293886125341369,0.007966851040083212,0.00568725962395944,1,0,2023-07-18
2023-07-18,-0.00134017128295838,0.03004053561252551,0.008180757864175048,0.04772247317232803,0.03979965646185413,0.08127031112924432,0.022233598600568394,0.12000964433147665,0.005584154932805803,0.00595914813229177,0.0006875917067421855,0.0023724729133102252,0.007442205196636313,0.006598830910208298,0.008134946621414943,0.0476422129675147,0.009507976653560953,0.022192466261069077,-0.03869558730095213,0.009859101348433399,-0.009520929147133428,-0.03235679881416964,0,1,2023-07-19
2023-07-19,0.007071640225487119,0.028086486849956405,-0.0002332767421237003,0.03441350255248743,-0.012267342233434508,0.05302473461040136,-0.008779935778511883,0.07232026343802334,0.007678987074581626,0.005576326819577026,0.001981883511093219,0.002701727121464764,0.00729537955140589,0.01970410176745596,0.008004037884427278,0.054537670086248546,0.00955314251199728,0.026688066210113215,0.5551747708232784,0.028600726071192926,0.0073049169676108194,0.017595279231460315,1,0,2023-07-20
2023-07-20,-0.010097206518111301,0.013593002198150517,-0.02305204098351743,-0.006303530070199459,-0.02312154268313482,0.012286107464118512,-0.0330735045882673,-0.00993967991114919,-0.0014552458585275208,0.0027453797011586455,0.0007212763956658708,0.0024806312595866188,0.01020014514548049,0.006881808701897585,0.008858875059828812,0.04984797641702454,0.00980507048243259,0.013875102078222845,0.13985977596601074,0.020556107908307888,0.012954834465406129,0.01800031711758976,0,0,2023-07-21
2023-07-21,-0.006161703749093972,0.006555238680804987,-0.0029992238214457956,-0.009074720269982572,-0.008937033820798024,-0.004257804312524982,-0.026603845605484122,-0.025512152903284124,-0.0030624233472393847,0.001355610191307921,0.0006942475571442008,0.0013462824513357674,0.010977431339442824,0.006608047402192341,0.008881675415747381,0.026417298730814665,0.009398633161992367,0.0063230196522072735,0.34978715325640874,0.019485284180434322,-0.0031624799276481763,0.011608735964047101,0,1,2023-07-24
2023-07-24,0.004220057119427301,-0.006391917716612405,0.001597366180904558,-0.016674771274758582,0.003897992662152072,-0.0017933726867438438,0.006838410168835685,-0.03979691327393553,-0.004012951049259324,-0.0012614768410498466,0.002201836112024613,0.001642851951445873,0.007098883540671863,0.02195010587183277,0.007932046597213074,0.03251581662880887,0.009390651288730038,0.008964261278315844,-0.14250458247510345,0.013800278402642743,0.0026226909385227426,-0.0011481442960665778,1,1,2023-07-25
2023-07-25,0.0045135705589767205,-0.0005677871783696942,0.006777649231996197,-0.01804328788837295,0.01700924398281356,-0.0236721458084731,0.023917435434747558,-0.03821525392725078,0.0008573079764366831,-9.072847266282658e-05,0.0029342098298144716,0.0022461710015537484,0.007550965352904381,0.02945569180320362,0.007753970317315957,0.04506936039949605,0.009153380858939578,0.01130814454253315,-0.2881995504854309,0.007850450938917642,-0.002264078673019476,-0.01594976914980384,1,1,2023-07-26
2023-07-26,0.004545197877030782,-0.003075064482215395,-0.0033266220510259625,-0.02108152782804351,-0.03763779579519,-0.04874966075246978,-0.00496954530233551,-0.03451801698779711,0.0044262751851449345,-0.000596016942354094,0.0024901549386114664,0.0017204763883814811,0.007017549725626819,0.024925054609598485,0.007491616326056216,0.0342446244114194,0.008667819409548787,0.01419899048807971,-0.09085146291025437,0.01192797977084683,0.007871819928056745,0.025848868425793536,1,0,2023-07-27
2023-07-27,-0.006581052054293712,0.00046603277015444533,-0.0023837253295696526,-0.000371523988433653,-0.02087223211338729,-0.04655936018179052,0.00985670632592095,0.008348059556018361,0.0008259054605712635,0.00010721395040942383,0.0014262968257840348,0.0010750327417517525,0.005917334494951421,0.01406536975277417,0.007983531872110993,0.020977643055290596,0.00878649254681874,0.006482722809081132,-0.08779415679456903,0.02406579995397569,-0.00419732672472406,-0.0010732891605605421,0,1,2023-07-28
2023-07-28,0.013507693091902251,0.02026660143281056,0.01821457433068252,0.020898185347711706,0.023131651885408777,-0.015708052786326365,0.018518503098005734,0.05509062428915712,0.0038239463048797737,0.004041093318608668,0.0026983517549582945,0.0016605942220660973,0.007123129013665395,0.02695469252325644,0.008838057932082097,0.032913105034367396,0.0092168024777125,0.018422835516525904,-0.07354903788775302,0.012715137976213542,-0.004706881238780269,-0.007317384399805005,1,1,2023-07-31
2023-07-31,0.0031660879925259344,0.019195790815660363,0.0005215288333138002,0.019801616573701608,-0.007240633236059613,-0.02662914223443047,-0.00044941689037358845,0.04745353185808576,0.003364243010044824,0.0038302994932283953,0.0012844113260892741,0.0006637711004920888,0.007132098286546961,0.012681175183648863,0.007225413172097959,0.01278547139200481,0.0077346636349245705,0.02098884965262071,-0.2204888195527821,0.0062611911704544415,0.0026445591592121342,0.007011113055742535,1,0,2023-08-01
2023-08-01,-0.004275789317518708,0.010277963468536155,-0.002319476227776285,0.010586808063474118,0.0012502804489269437,-0.04171191158311771,-0.004750649195135459,0.018126473388349273,0.004132663922303159,0.0020724275179293096,0.0009908495226332414,0.0008392206146877135,0.007957049561969961,0.009704340594289151,0.007401388545166672,0.01636720880717446,0.007571000792089746,0.01579182312258709,-0.2963790176918917,0.0074126933373438,-0.001956313089742423,-0.00252560494441445,0,0,2023-08-02
2023-08-02,-0.015490085398496167,-0.009871657701214676,-0.021944096726738027,-0.008290564125846722,-0.02628303129354148,-0.030405216950716185,-0.048121739403428454,-0.026027342197591286,-0.00553326224116298,-0.0019346291371760804,-0.0012653230397650871,0.00035828023566406573,0.01090072592113966,-0.012916366199452578,0.008671582103233775,0.006533230173943583,0.008290991876336019,-0.00026735193742455365,0.00447134500860602,0.0172914453245617,0.00645401132824186,0.0217122999499888,0,0,2023-08-03
2023-08-03,-0.007321657333731468,-0.010609809796203185,-0.0016028223473875114,-0.007514284833301965,-0.0025647548760637795,-0.012275984993158184,0.005556932178351515,-0.030174329020795754,-0.009029177349915448,-0.0020827501930636315,-0.000987768121327104,-0.00013324586283061657,0.010984357401106868,-0.010148721545098938,0.008397576882885891,-0.003336754403443609,0.008446721099344271,-0.007422158590958738,0.20134881790095127,0.008787951518922843,-0.005718834986343957,-0.008817745984875336,0,0,2023-08-04
2023-08-04,-0.048020038463597925,-0.0706734229699657,-0.004681697486034975,-0.029831999862674596,0.0034285940953331373,-0.0312971767551985,0.0037065587604059314,-0.04427815120176304,-0.023610593731941854,-0.014388296504163667,-0.005173601592777499,-0.002239677017816649,0.019954101156255424,-0.05183913163237985,0.017142301487829727,-0.045573639669302834,0.013624363229242271,-0.05294926491815277,1.1304180316679688,0.030001684428062045,-0.04333834097756295,-0.05158761489146746,0,0,2023-08-07
2023-08-07,-0.01725359747063193,-0.08959008754091546,0.008466677282771506,-0.02212788899662188,0.0071081854132382105,-0.017296058658362146,0.01649503444064715,-0.02807668763743354,-0.024198431089320443,-0.01847223359679524,-0.0073209670517834224,-0.0025595654698794047,0.017387678363601795,-0.07211404930484733,0.017179769093517223,-0.05174685445010241,0.013909435200659416,-0.06691976077638706,0.7327817025997647,0.032317576639899606,-0.025720274753403438,-0.02905520739757461,0,1,2023-08-08
2023-08-08,0.00531149337446557,-0.08082424946779343,-0.0085021884027483,-0.028187846730793775,-0.012298859303981113,-0.030594225257628005,-0.01657972614683012,-0.03962852200314815,-0.01998738085325476,-0.016554777058398383,-0.007241174770234537,-0.002153482470210033,0.019717180808180558,-0.07137699468265912,0.017242580700236224,-0.04402376163666688,0.014019850706406016,-0.05993327962421402,0.18218119341333527,0.014961081177689938,0.013813681777213871,0.019750786099871187,1,0,2023-08-09
2023-08-09,-0.008954261803311825,-0.07472215697552909,-0.010994525440824354,-0.01730817572924226,-0.01171583534110443,-0.01609152649408896,-0.04724151038788316,-0.038740439066885735,-0.006965455299826062,-0.015247612339361515,-0.008591120738268797,-0.0030504828998286658,0.020019738646449656,-0.0838561831203849,0.01673835199864206,-0.06102124845441448,0.01384242912665065,-0.06552198838613754,0.0527617068379862,0.021998979265036592,0.0020402636375125294,0.02052441106118197,0,0,2023-08-10
2023-08-10,-0.0012346080288977435,-0.06904840384817434,0.0018482059093301029,-0.013911434102651166,0.002172428630678347,-0.011418586555760446,-0.003901078780809697,-0.04778180029763046,-0.0016257921525813328,-0.01403020247839477,-0.008056476335729201,-0.0033150897549725834,0.0207923834317672,-0.07892562321281704,0.0168943491717437,-0.06597037153349927,0.013749674197043168,-0.06358926672111531,-0.05744280198549756,0.017699577877611172,-0.0030828139382278463,-0.00037028295383206844,0,1,2023-08-11
2023-08-11,0.00033744391887413627,-0.02175909395850939,-0.00637578937090999,-0.01558981641817303,-0.005945672683091208,-0.020654147467967898,-0.03616595405257694,-0.08560892420850585,-0.003283808637778477,-0.004358706001900359,-0.009373501253032013,-0.003337574749036859,0.00884200100820273,-0.0908947272777022,0.015480705744895101,-0.06639007418020149,0.013742978763469747,-0.060143006399981824,-0.11110279781225862,0.011642905357998851,0.006713233289784126,0.02139325728670821,1,1,2023-08-14
2023-08-14,0.009393225110510883,0.004765563672201045,0.011222210899158869,-0.012900014747697863,0.009439170235979288,-0.01838741947237532,0.07093396730192003,-0.03663822322386978,0.0028320203334957585,0.0009706585143282043,-0.008750787541233518,-0.003733188107572122,0.006956124637903457,-0.08525147113528864,0.01615185317722747,-0.07365138479177014,0.013221447270547996,-0.047723334695765285,-0.24954092467315747,0.013262034959171717,-0.0018289857886479854,-0.030793343658438777,1,0,2023-08-15
2023-08-15,-0.011200136778723224,-0.011737099917496718,-0.01061172925996745,-0.015000198656016872,-0.006727760691309426,-0.012850663200427714,0.004274026175287382,-0.01620981796965404,-0.0004898225831127349,-0.0023316675163095545,-0.00944322228735397,-0.004226186382360364,0.008190074856669966,-0.09161270709352998,0.016086986781374324,-0.08279740741164121,0.013311045151708405,-0.05436999834488465,-0.24743505718859393,0.013693957270058649,-0.0005884075187557736,-0.009973269520712202,0,0,2023-08-16
2023-08-16,-0.004959310367907865,-0.0077533662318800545,-0.010588775437050946,-0.014596092022238882,-0.0024284372894699535,-0.003573929690861677,-0.01033244689642121,0.02190138721689605,-0.0022554073453734023,-0.0015326772292287628,-0.00839014478429514,-0.004827733912030114,0.007552534824522553,-0.0818961749587418,0.015991565428475733,-0.09375474017209284,0.013042751432548636,-0.05445752262799575,-0.16563373685845906,0.01155345303003219,0.00562946506914308,0.0014211317250377165,0,0,2023-08-17
2023-08-17,-0.01455505308098115,-0.0209868711865705,-0.010922980972164598,-0.027157653133302206,-0.010986299780817887,-0.01665720724545139,-0.00326514920595411,0.022553789604724983,-0.010238166742537413,-0.004196766239645444,-0.009113484359020107,-0.005050626240173606,0.009515378413409352,-0.08858616507754491,0.016101082472754175,-0.09783585030052366,0.01317496371824274,-0.06348833221069683,0.1669376182993787,0.023160912524694658,-0.003632072108816553,-0.007429328587595152,0,1,2023-08-18
2023-08-18,0.002815993077294854,-0.01856115756237864,-0.001254902558444293,-0.02214387076831359,-0.0012623829686323473,-0.012024382800609579,-0.001038334242041139,0.059821492388298037,-0.005566123457198054,-0.0037010564079613005,-0.00402988120493083,-0.0046017413988541644,0.009868647269143271,-0.03991637754950961,0.008840349292234042,-0.08968627883181268,0.013287574260431296,-0.056486087413386676,0.09093431766536675,0.017995296525860092,0.004070895635739147,0.003966351682631597,1,1,2023-08-21
2023-08-21,0.007736837104627359,-0.020171673154004255,0.01611158146719016,-0.017415828873562078,0.01706262546156978,-0.004563023955247991,0.08471330371600705,0.07345784843673853,-0.0013340742996863126,-0.004032334009138006,-0.0015308377474049007,-0.004425902399594161,0.009332433645172417,-0.015502238874593455,0.008195546123440858,-0.08649835896090274,0.013432934718972302,-0.044886765124943384,-0.17476903256731013,0.013591898540852257,-0.008374744362562803,-0.043151127484161056,1,1,2023-08-22
2023-08-22,0.00790478932010008,-0.0012400890486602423,-0.001429224422621056,-0.00829647283175261,0.0018019635202086715,0.003985289930498848,-0.02765771885321655,0.039326345060442414,0.006152539834007431,-0.00021134878937334456,-0.0012715081528414495,-0.004256341461537994,0.009572031492212758,-0.012962633917086186,0.008472464097445778,-0.08341439474757228,0.013572394062938515,-0.03310140751513768,-0.25407011746928676,0.008068570277345342,0.009334013742721137,0.02083266698660402,1,1,2023-08-23
2023-08-23,0.02194905438916961,0.025768852664629582,0.01576875051322779,0.01812211915851547,0.014079353184462962,0.020599214609797967,0.03170722970500606,0.08347545684314595,0.012530226937965683,0.00517032416204215,0.0018188234664066939,-0.003386148635931052,0.013136052095816328,0.017815691080665275,0.010701568716194793,-0.06753444789339613,0.014679198847497807,-0.00833043931875821,-0.06883499553295902,0.017778275770268904,0.006180303875941817,-0.0009442370555649005,1,0,2023-08-24
2023-08-24,-0.02617047099589953,0.01367813775959359,-0.02137576716520717,0.007362377879285731,-0.021498457389430348,0.009751336772689578,0.0009973908029454748,0.08810894335139374,0.0012277909044567197,0.0028472405790584744,-0.000674762830293485,-0.0043656195830113435,0.017722829949960304,-0.007595794742209505,0.013914858530431144,-0.08592191512120106,0.015532359037472375,-0.029879721620330257,-0.03594616571571296,0.02885821213159347,-0.0047947038306923595,-0.015919937702657094,0,1,2023-08-25
2023-08-25,0.012643153385444528,0.023611742358440768,0.007751606805618039,0.016446596377694522,0.009407186670892465,0.020538566594194396,-0.024277563546343472,0.06279584665371529,0.0028072455929048687,0.004812672640688409,0.0005558081163635542,-0.00440884656833423,0.01825540413891444,0.004612323525824857,0.014544219441933333,-0.08670163964087374,0.015481117613304026,-0.013012004025623747,-0.09978304515231151,0.018643897659068962,0.004891546579826489,0.02007834182317003,1,1,2023-08-28
2023-08-28,0.008845994460906503,0.02473837230011533,0.007527013887567824,0.007859198441453996,0.002229237955123642,0.005654484095641621,0.017754070283217738,-0.0028104245551761053,-0.0015604410498494998,0.005034504111944238,0.0005010850514031162,-0.004124851244915201,0.018306488072439397,0.004067684785711068,0.014508258862287982,-0.08153056246167412,0.01567823358541312,0.00013889165540570403,-0.23660342730318618,0.01132134557130141,0.0013189805733386795,-0.0011456596582641865,1,1,2023-08-29
2023-08-29,0.021810269817753136,0.03887609602382969,0.021839778186975023,0.031344642730647854,0.014550587572382145,0.018452134141232923,0.041614070067646836,0.06823153990905495,0.014433139221368055,0.007815600211474849,0.003802125711050752,-0.0028205482881516085,0.019843294348793106,0.03758779715423577,0.015284706392915069,-0.05746842979027622,0.016715761167847423,0.025146079332771354,-0.09074417370723409,0.02932866630290425,-2.950836922188671e-05,-0.006272059002261354,1,1,2023-08-30
2023-08-30,0.019172371679728517,0.03605342176165238,0.005576767506377145,0.020996374911219196,0.0011570070777524588,0.005474065976091014,0.009839176631487367,0.04558931802967825,0.01660954531946272,0.00726026366958663,0.006215293915814391,-0.0010874254342403745,0.01938236995485033,0.06275132973971376,0.015648386983916705,-0.024283939098285412,0.017124949202503216,0.04616074449248653,0.033987194921290875,0.016573411731988622,0.013595604173351372,0.013674279825108604,1,1,2023-08-31
2023-08-31,0.0011723526525788674,0.06514334474909989,0.0029985929007649847,0.0464260878011713,-0.003132733814897315,0.024346043129864547,0.0018473676039640896,0.04647715916880957,0.01405166471668684,0.01272882839928231,0.007788034489170393,-0.0006627249349248576,0.008255720736695978,0.0797125221522923,0.014036210908029086,-0.01593506957138291,0.017067431832711238,0.048276175816457156,0.03404475131440177,0.008729437548691309,-0.0018262402481861173,0.0018150357580454801,1,1,2023-09-01
2023-09-01,0.008463323758600927,0.06074681306433671,-0.0010582892892876394,0.037278094344977086,0.002745885174430862,0.017586156812331888,-0.017141148560647856,0.054131072824852966,0.009602682696969437,0.01189286247391359,0.008352767557301,0.002161443176185085,0.008475268344115104,0.08579289352194897,0.01392712196202341,0.04245197444355253,0.013009507591369292,0.05487742925554606,-0.17214744137909765,0.008656177195883198,0.009521613047888566,0.015660955451709424,1,1,2023-09-05
2023-09-05,0.0012666971300876462,0.052777593249741184,0.0012711609692894754,0.03083751349292041,0.014878461254250741,0.03042920113409009,0.0008039951404150703,0.036575160825628616,0.0036341245137558134,0.010377003007749819,0.007705753559847028,0.003087457906221064,0.009739911827615386,0.07882159730077265,0.01410803273140501,0.0620974471963458,0.012188012162933724,0.05296243684808655,-0.1402845604942149,0.012493385109722137,-4.463839201829245e-06,-0.0065745310672452595,1,0,2023-09-06
2023-09-06,-0.035793259502721275,-0.006571687876114174,-0.008807740147725118,-7.986931921177831e-05,-0.0020084963609697803,0.013610952898894357,-0.030549788010744594,-0.035239597579610926,-0.008687746204677568,-0.0011437028563450636,0.0033359486775648927,0.0010322202623617217,0.020717165358350945,0.03204892657880509,0.019699131010289705,0.01867085415904235,0.014946728186617474,0.01432971706727848,0.5320050152505666,0.040347737876850386,-0.026985519354996157,-0.019514117316864088,0,0,2023-09-07
2023-09-07,-0.029249546766080048,-0.053770479805823834,-0.007151692237938101,-0.012736728091379268,-0.008922066532741413,0.00340650011631749,-0.017424049550970766,-0.061285805403319404,-0.021258703046237892,-0.010828086545506776,-0.001783911437960073,1.7456014223310447e-05,0.020156034469046784,-0.019655667830937196,0.020938372525358045,-0.0021901560563321043,0.016289081985923617,-0.01523254878495195,1.009778501250966,0.02630104467191895,-0.022097854528141947,-0.01607648872422396,0,1,2023-09-08
2023-09-08,0.0034918565299963955,-0.05157826681152533,0.0013974616188354716,-0.014312740380271083,0.013215358993506454,0.019861832882165587,-0.014467864026707855,-0.0765729040323978,-0.02051698324626831,-0.01036418577002327,0.0011823213146295198,0.0002537792421680174,0.020524601769345233,0.010205097121110285,0.019122072961921525,0.0025317865558445174,0.016304239791108403,-0.011917175530366975,0.1599133063836522,0.013750209382314327,0.002094394911160924,0.004118109046597096,1,1,2023-09-11
2023-09-11,0.006622472871296026,-0.05330951766413161,0.011782716909523483,-0.0016421149822577474,0.010979303040181687,0.02823578759950518,-0.008645542808439877,-0.06859101269901025,-0.006378405788262542,-0.010732355947484251,0.0005802532632146695,0.0005680306897891119,0.020114862797874437,0.004198912096112117,0.0188134195222104,0.008830602362980722,0.016366388289916847,-0.005806409644327881,0.036815387184457427,0.01650315958850603,-0.005160244038227457,0.0054555927554251205,1,0,2023-09-12
2023-09-12,-0.01706057317000409,-0.07063782031319044,-0.011088360939949471,-0.013965675905747377,-0.018257625951334844,-0.005336420331376601,-0.006817477376024894,-0.07568401795553281,-0.002315414589570556,-0.014397810007502598,-0.00201040349987639,-0.0007546592242366368,0.019021843447966185,-0.02158832121198706,0.019325469786230072,-0.017608450912019014,0.01668154999231957,-0.02191131342511543,0.5266650972645017,0.030119100775255484,-0.005972212230054619,-0.004523021506324221,0,0,2023-09-13
2023-09-13,-0.011854668142363356,-0.04756432319801773,0.003809028340866716,-0.0014145621684826803,0.012930589759231337,0.009552849590375612,0.013706318079522717,-0.033488322233984125,-0.007430922813690473,-0.009610091735431014,-0.005376897295888039,-0.0007873857924186433,0.01484430187661133,-0.05382343318803595,0.0175670661130634,-0.01825874032261665,0.01670374819086832,-0.03263680468219832,0.37632421629881563,0.01905750069610959,-0.015663696483230072,-0.025173122061740383,0,1,2023-09-14
2023-09-14,0.008782412839006826,-0.010249897986157497,0.00817736614314346,0.014003074499016943,0.007855950145710944,0.026643629211457798,0.002110504992808737,-0.01427314087534004,-0.00671094282445354,-0.0020036998144136397,-0.006415893179960208,-0.00010029963207290882,0.011669439073442072,-0.06346923585930486,0.016208504757189265,-0.004700685067326016,0.016805423955570015,-0.023916089514917638,-0.01659350495148637,0.014339388834029335,0.0006050466958633649,0.0037991852697469852,1,0,2023-09-15
2023-09-15,-0.004153876195780559,-0.0177909305277425,-0.017123048936271368,-0.004750572643058781,-0.02503705325276062,-0.012115747051463677,-0.03687936185991991,-0.036689066811224524,-0.002408710499712363,-0.003532846359569031,-0.006948516064796151,0.00041975921218712076,0.011263146832798391,-0.06845157197768259,0.01601783385556932,0.005804502726979521,0.01649259095833759,-0.028243178924291068,0.7049644325408135,0.015313369292612419,0.012969172740490809,0.026804331360559708,0,1,2023-09-18
2023-09-18,0.016913329327348015,-0.007749656051781462,0.0010426067865991762,-0.015315181299589975,-0.0035128116756133476,-0.026276800474224538,0.001503304867928934,-0.0268273106502549,0.007180621990191427,-0.001474675068358633,-0.006103515507921442,0.0011246260246897787,0.014152465796888475,-0.06064604328972967,0.01710705381540012,0.019943850697736076,0.016896690345187385,-0.012761355815751885,0.044576638994337836,0.018036785367475498,0.01587072254074884,0.01791808273119022,1,1,2023-09-19
2023-09-19,0.006180765425322976,0.01571183667661913,-0.002131474885092688,-0.006396578896012306,-0.0012460289234748068,-0.00940415941799777,-0.010143898275028818,-0.03008671352782477,0.006313406185630144,0.0031735926507067804,-0.005612108678397909,0.0010468224407245597,0.011278549752797226,-0.056035833532524504,0.01741018325636957,0.01836892986313443,0.016868199433005437,-0.0075485766505308804,-0.1985098164449859,0.013961020258817429,0.008312240310415664,0.011875729024574788,1,0,2023-09-20
2023-09-20,-0.01999218407581016,0.007347306694771127,-0.014410412408191298,-0.024430784753660895,-0.023977018159618613,-0.04549796807564166,-0.02943489942492772,-0.07136419133956906,0.001033970225620277,0.0015460894640174194,-0.004032001135706798,-0.0003480262290709524,0.014198446163842844,-0.04056648617351166,0.014903197397700171,-0.009817671931641514,0.01741578672743244,-0.02692065640631014,-0.10761320793903273,0.02450283729648243,-0.005581771667618862,0.006713774716463006,0,0,2023-09-21
2023-09-21,-0.008889320116956756,-0.010299286238704353,-0.01832461133761909,-0.05007559115542737,-0.003865462810304421,-0.05659887240817418,-0.028930657590126474,-0.10012941730351688,-0.007566912922481313,-0.001988257127175297,-0.0019959784707944683,-0.0018899449543772705,0.014146190846585395,-0.02044361759158486,0.0122254865443677,-0.03969745246587919,0.016687730364184434,-0.03364433451720983,-0.04325858498276369,0.014028646835825557,0.009435291220662334,0.0075087400832586915,0,1,2023-09-22
2023-09-22,0.004944353680936819,-0.0012572019370117316,0.00013975288605294622,-0.03339155273299288,-0.007886624807846188,-0.040003643238085806,0.014457613988676066,-0.0521638431673801,-0.007979050170610033,-0.0001686111518318212,-0.001850728755700426,-0.0003342037205354531,0.01438118989479481,-0.019025765672433526,0.01230629285186035,-0.009014828337813974,0.015727755597730368,-0.028437179247123634,-0.14173796798118898,0.017335081501700957,0.004804600794883873,0.0016588590905218803,1,1,2023-09-25
2023-09-25,0.007380527620661992,-0.010619668506520519,0.004749807985748422,-0.02981187293662635,0.0016719124520827577,-0.035008780954132845,0.014707873302801655,-0.03966686254124663,0.0011451870615473518,-0.002075171493169026,-0.0017749232807638294,-0.0005973350087745799,0.01198224139254548,-0.018287025779992527,0.01236647384205392,-0.014164899297629874,0.015542139911273747,-0.020577859191251435,-0.2986015841836235,0.016015488953279883,0.0026307196349135697,-0.0008093652567802145,1,0,2023-09-26
2023-09-26,-0.02339835031810822,-0.039704894884456055,-0.015016239959793953,-0.04233922075936325,-0.01700566626041866,-0.05023566573848659,-0.007366011582208509,-0.036971827739145424,-0.003691156338836469,-0.007990994641855265,-0.002408700995574242,-0.002209552247725316,0.014016321542424005,-0.024616895031523756,0.013359440440547639,-0.0456737788063285,0.01617068349068556,-0.04130035067096005,-0.03408212311138825,0.02058614298627703,-0.008382110358314265,-0.011212511396794633,0,0,2023-09-27
2023-09-27,-0.008897684497559899,-0.028833559507754902,0.002343383244569175,-0.026060180069349514,0.0020823231566222677,-0.024877417606004926,0.013290222908326932,0.00542151243539446,-0.008305169065002041,-0.0057720947262052125,-0.0021130026310938964,-0.0037449499634909676,0.012429853506868906,-0.021698101817789306,0.013158343682850548,-0.07435366867232818,0.015198613899032033,-0.04619065346466955,-0.009502056537824766,0.02341131494363999,-0.011241067742129074,-0.0165839575300345,0,1,2023-09-28
2023-09-28,0.0015256459699191094,-0.018628175035828698,0.008365229067671232,0.0004193452997500735,0.0027176406601459036,-0.01843317476870443,0.014622838856835907,0.05051574037269413,-0.010256796281916336,-0.0036891015088300395,-0.0028386793180026682,-0.004627286248981438,0.012647634702009039,-0.02873560436773437,0.01268219090396026,-0.0903810133758638,0.014282791685627893,-0.0401803459267861,-0.16400026018068303,0.025836332526992637,-0.006839583097752122,-0.007144593788571796,1,1,2023-09-29
2023-10-02,0.014835756338857475,-0.013232604830545003,0.008345720441601756,0.004588281173277808,0.019160686195678567,0.013415628153885306,0.029495066144381132,0.060631986903258994,0.006469258112425787,-0.0025776520956781513,-0.0023264117944235886,-0.004214963651172516,0.014362605784665063,-0.02371174746028737,0.012472482742018034,-0.08291976708706528,0.014699193687605347,-0.013999657824533052,-0.22387018206083675,0.01939574317108825,0.006490035897255719,-0.009492119831172374,1,0,2023-10-03
2023-10-03,-0.007769965236982368,0.002558460894391157,-0.01754939016650192,0.0020047126766695733,-0.02613423504040402,0.004004552274005757,-0.0282479824576527,0.03831954695207296,0.003370721043458628,0.0005480249205470189,-0.003721484860654123,-0.004666796769526016,0.009614405038038547,-0.037248017410942746,0.012192271472726935,-0.091196627240411,0.01466066339826351,-0.01683476305916687,-0.26446732292421493,0.01629929036007389,0.009779424929519553,0.01942114351204599,0,1,2023-10-04
2023-10-04,0.007308547025184575,0.018952020144733517,0.013608389214869954,0.013265912440401761,0.017773307708835784,0.019725635817779086,0.01204121133495284,0.03703968349174924,0.004791446042353227,0.0037892712250959136,-0.0009914117505546494,-0.0025117064431307234,0.008271970466945347,-0.010427993563656757,0.011156743409604075,-0.050571452680450824,0.012907423128793498,-0.00703023737262376,-0.19654044578417595,0.018657177385923294,-0.0062998421896853785,-0.007598712496709736,1,1,2023-10-05
2023-10-05,0.007197990650368746,0.02472306264809765,-0.0029464546274255987,0.0018992536444149,0.0012540528811393337,0.018237222810962628,0.014690913054321797,0.03710926170496398,0.0022455241461903177,0.004923740161185841,0.0006173193261779008,-0.0006893295723082837,0.008272881173050552,0.005634342073838283,0.011050718980719009,-0.014924461852484305,0.011421067394154029,0.000875430482966566,-0.22716379612931337,0.015836740120433703,0.010144445277794345,-0.000774492317361819,1,1,2023-10-06
2023-10-06,0.014750485259285018,0.03668011178349739,0.016755397014895035,0.017947431351073018,0.024737085824907634,0.03645287189712931,0.024033261956551755,0.05202425493121976,0.009752340978279447,0.00726456280734269,0.0015979324840127208,-0.0001263981358438526,0.00921147933867368,0.015447206479674236,0.011881230020731104,-0.0038724541235352072,0.011905201332948957,0.015839370919485507,-0.08193677455078918,0.02710018969247287,-0.002004911755610017,-0.009634688631444677,1,1,2023-10-09
2023-10-09,0.00845125279259995,0.030158181699072806,0.005100061577532511,0.01467086654126315,0.00782230678265683,0.024922113240069876,-0.01068591208742753,0.010963967148550857,0.010133242900751238,0.005987662098091184,0.0017050050012065165,-3.495913977865639e-05,0.008296660336398492,0.016526505567696193,0.011943792384647212,-0.0020627408456659335,0.011966629412799171,0.024532958157774898,-0.3112743272236552,0.018157438405822842,0.0033511912150674394,0.0098830554449853,1,0,2023-10-10
2023-10-10,-0.003352326596221644,0.03474468526188468,0.005537963708879268,0.03851538872731797,-0.00433552271675075,0.04786365519025626,0.011596458669735465,0.05241620346377496,0.006616470485221108,0.006871189826243329,0.003709607373395174,0.0006504531889104659,0.006507654409181003,0.03739203907480637,0.008426818541885215,0.011854668142363467,0.011314968574718812,0.02048798594210499,-0.2620576143223441,0.009922104818190041,-0.008890290305100912,-0.006982794572714002,0,1,2023-10-11
2023-10-11,0.007904236115722663,0.0353565991807363,0.007135341677750873,0.031883281543922504,0.012271909650927837,0.042199608949356815,0.022009685967530723,0.06278236653069635,0.004334387437366989,0.006990327644350947,0.00538979943472343,0.001638398401814767,0.006523097382677111,0.05497869830539237,0.00722281943240195,0.03208766309396305,0.011024518978541073,0.026912243889605225,-0.1712972592532629,0.012513904125754352,0.0007688944379717899,-0.009236561693506617,1,1,2023-10-12
2023-10-12,0.0050610998725371115,0.03315996655329445,-0.0034750747785042835,0.03133619528289189,-0.0037904999045892396,0.03694876284742876,0.0029696913480650178,0.05050561546951893,0.00320433646401271,0.00656294948878462,0.00574334482498523,0.001452332753491281,0.006575878901100387,0.05870284513189783,0.007098110100196605,0.028280379031192737,0.010928586103053407,0.030646768273733915,-0.007511124660741775,0.018261318848728614,0.008536174651041395,0.005471504150799222,1,0,2023-10-13
2023-10-13,-0.010292709352270446,0.007662441316190316,-0.012569853238841744,0.0015904057732401,-0.010357341484906302,0.0014361191799499018,-0.03161143699717828,-0.006577558382000359,0.000890875545329776,0.0015543105664735269,0.004409436686908108,0.0011453910956667867,0.00813347876050148,0.044623612303700044,0.008727585672600515,0.02194160687144331,0.01117769880676945,0.018922861961339965,-0.05257483708360822,0.02119090386801127,0.002277143886571298,0.010691679888771843,0,0,2023-10-16
2023-10-16,-0.0007269535742387978,-0.0015085858493782967,0.011306401075483974,0.00777507368218755,0.014981864119412824,0.008550309118110722,0.013946035257937694,0.018156678775452573,-0.0019861876846573776,-0.0002813307068942228,0.0028531656955984807,0.00026337695058744617,0.007165932712788216,0.02860409964354016,0.008020746255800897,0.0042140989961763076,0.010546131446186564,0.01796467871042373,-0.019178288909955765,0.014380076693514795,-0.012033354649722772,-0.015190903262914057,0,0,2023-10-17
2023-10-17,-0.008784737458629732,-0.006951046358745772,-0.0032753873575285253,-0.0010578852322384869,-0.00174348687610415,0.01117589093605642,-0.046794688379356075,-0.04061313584763482,-0.006601466795046325,-0.0013678128793758403,0.0027516884734337444,-0.0004848981936101893,0.008099028640127567,0.027552126985163516,0.008175017752272626,-0.01072215253143105,0.010634728253023647,0.009574168902015012,0.06909520071566044,0.020434633033647114,-0.005509350101101207,0.01548435016910038,0,0,2023-10-18
2023-10-18,-0.0073947334098428685,-0.022024527682429795,-0.013117824808013157,-0.021146288570690674,-0.005872782986564906,-0.006949155870591195,-0.03964681839512174,-0.09849168747709658,-0.005635474814237133,-0.004427606784488947,0.001281360429931,0.0001449743396881753,0.0064404628028319425,0.012553359100893724,0.008576741863042666,0.0019944591893306107,0.009755236886058108,0.00200870240598805,0.020839882776882757,0.014046868017199196,0.005723091398170288,0.015365067281000455,0,0,2023-10-19
2023-10-19,-0.0021610247044234754,-0.029052021528510608,-0.009356957976243696,-0.02692386929404411,0.003665645866668177,0.0004833488900941596,-0.0022510988757186157,-0.10318433753948597,-0.006113498524298692,-0.005872031699881064,0.0003454588944517778,0.00048138911031483933,0.0042008412276650945,0.0031445809625927357,0.008367456100035031,0.008796640681253187,0.009540947610068122,-0.0005923333619004545,0.10941713456805613,0.015103122051088606,0.007195933271820221,-0.002868298199898256,0,0,2023-10-20
2023-10-20,-0.014704334706153954,-0.03338002715159061,-0.014918015771945514,-0.02923789719715808,-0.014034760929059642,-0.0032343535443183358,-0.01695936882941651,-0.08961519316675381,-0.008086697606806767,-0.0067543567706577655,-0.0026000231020921194,-0.0005010453090396993,0.005593812785477356,-0.025973358334582253,0.007904722605321816,-0.010927367684072764,0.010054976646752483,-0.014752023130804703,0.1934601194296084,0.016080510763412645,0.00021368106579156,0.0007927301730841219,0,1,2023-10-23
2023-10-23,0.0006942686383979435,-0.032005245972908436,0.003017577073864075,-0.03719441384633415,0.008112264741549913,-0.00998066193349112,0.03836948636421389,-0.06768627580387643,-0.005390363590726495,-0.006470112328130417,-0.0033757215175123203,-0.0008353582581529017,0.00599815435347762,-0.03346554916110622,0.007032198439699245,-0.017492112177947106,0.009888916796079431,-0.013201929404357826,0.030553803860630335,0.02358382561303299,-0.0023233084354661315,-0.022546606914483958,1,1,2023-10-24
2023-10-24,0.002543259776062623,-0.020942621827370833,0.009728039947102252,-0.02463349953836924,0.0036741536600652935,-0.004607725391643447,0.01600910867833183,-0.0062589618614490306,-0.003822268763897796,-0.004204512881191946,-0.0027861628802838935,0.0004617222465556403,0.0069665290051186355,-0.027748095050920907,0.007277242551817259,0.008606386169489832,0.008356217115057053,-0.011109641941575155,-0.17764399431775846,0.01279982235616672,-0.007184780171039629,-0.007298371393135938,1,0,2023-10-25
2023-10-25,-0.013491716942872545,-0.02695638874311146,-0.024475595717152743,-0.03585873953476226,0.030677870360763748,0.03198943979121793,-0.04314861215344534,-0.00988249977583211,-0.0034180628428039928,-0.005423909587797882,-0.004925758186143414,0.00023202062429000803,0.008105092783831976,-0.048387214695450265,0.006921543732646541,0.0039312175313628295,0.008683758702650542,-0.02463776862926037,0.08265119507970198,0.014085351117119952,0.010983878774280198,-0.0072563460465317475,0,0,2023-10-26
2023-10-26,-0.02460543262108905,-0.04884307414271283,-0.019067431542240776,-0.04530943754250161,-0.037514026917012,-0.010352337693972036,-0.03477806189493182,-0.04216067645753785,-0.011851296595966324,-0.009912791171130997,-0.00789241143550603,-0.0010745333052604,0.011394123868322335,-0.07647610562971063,0.008371325699792986,-0.02226262548288438,0.010295194568025122,-0.04760543527794203,0.3198500208231736,0.034214193389357606,-0.005538001078848276,0.01154061178488286,0,1,2023-10-27
2023-10-27,0.00796934655713577,-0.026954995540614424,0.004801142999538266,-0.026198647699472333,0.005855552249235396,0.009612262638168279,0.004314727667585894,-0.021431964386500413,-0.010042601002275275,-0.005378054918473052,-0.006066205844565409,-0.0008283845788286503,0.013353810605830097,-0.05943526420918832,0.009679276337000815,-0.017463868092727042,0.010456495616454068,-0.03919576137192082,0.0864957734199856,0.01266201918532836,0.0031682035575975043,0.0028842065987251253,1,1,2023-10-30
2023-10-30,0.01230511221070496,-0.015664960522261295,0.011265476966308974,-0.01819099533874924,0.02274039700807373,0.024262160504019414,0.01632103313163591,-0.042210609995267934,-0.0014436579510827736,-0.0030558862040116486,-0.004762999266071033,-0.0009549167852362761,0.01550931961299815,-0.04716884558049883,0.011230957968894235,-0.019913968296013995,0.01027062989460707,-0.026410933984254537,-0.0494386350555267,0.013506389937388657,0.0010396352443959866,-0.00722560285914986,1,1,2023-10-31
2023-10-31,0.002818767370955877,-0.015394456704444726,0.004782420383115715,-0.02299986825249456,0.002371476650695703,0.02293276214979234,-0.009256345649222286,-0.06602829418912293,0.007697742046265536,-0.0030007846850329976,-0.003602648783112472,-0.0004254801548393639,0.015534654143762297,-0.03601467824681659,0.011367861261309582,-0.009454832250039069,0.010173289779993959,-0.023211469501202897,-0.16258487637175134,0.017567487995219275,-0.0019636530121598383,0.0062612018702191685,1,1,2023-11-01
2023-11-01,0.018738780576466718,0.01677387585366863,0.01735664118143987,0.018895650487770643,0.02354273200073087,0.01585124133631588,0.03788619016888517,0.013068850379341024,0.011287553386042518,0.0034453148188348546,-0.0009892973844815133,0.0001460315227247433,0.01673387254580395,-0.010634676007682975,0.01324771649754094,0.0017851821863645867,0.010924000315604337,-0.00499586338966207,0.05928114991603506,0.023624766232757038,0.001382139395026849,-0.011975680508341302,1,1,2023-11-02
2023-11-02,0.020693293147785674,0.06399431618790197,0.018153313875526544,0.05755687637988305,0.00650151225138873,0.062307232751010355,0.02790316999717546,0.078857246836598,0.014083613698402756,0.0125050599726098,0.0012961344007394015,0.0008207966475955897,0.007421983810910355,0.012025562914911303,0.014892383341910235,0.015207959233710655,0.011766803322744905,0.01482208677601582,0.40127288127255145,0.013065224811269531,0.0025399792722591297,0.0034909520235035796,1,0,2023-11-03
2023-11-03,-0.0051811828913143065,0.05011285378450214,0.011748909230338889,0.06486942573758858,0.01286173489283482,0.06970662372680914,0.03445500544643165,0.11123460445923605,0.011416963610979361,0.009874954082919784,0.0022484495822233663,-0.00017578675993437654,0.010931452102272898,0.02180706649359898,0.014035349499009397,-0.004732694593247544,0.011362031675463848,0.009806495771148782,0.41749511560345187,0.01964337017037489,-0.016930092121653195,-0.028839553060947543,0,1,2023-11-06
2023-11-06,0.014605280621205141,0.05249892927162492,0.004079350143897598,0.057302385314519144,0.01057252226013139,0.05697997652227005,0.016575827997400205,0.11151319445456775,0.010039130292558837,0.01033498776501982,0.003639550780504086,0.000131914631495883,0.011106290401688812,0.036011575094862636,0.014544351670036733,0.001340878797050582,0.011686654671145802,0.0244847251842899,0.11241903260720609,0.017965664446083992,0.010525930477307543,0.0010311054924393437,1,1,2023-11-07
2023-11-07,0.014450778271491105,0.06470719602573172,0.009452743253912876,0.06221682590514965,0.011219223283059465,0.06630974222849217,0.00445910355478607,0.1269005276877202,0.007958292000460646,0.012661389945126866,0.004830302630046935,0.0010220698748815205,0.010329377678611168,0.048316607193602756,0.01492702759627225,0.01922781833373577,0.012078738263034494,0.03827149468897262,0.20089461796422903,0.019084815096918718,0.0049980350175782284,0.006611614852568337,1,1,2023-11-08
2023-11-08,0.005884876648691639,0.0512732870886623,0.0006438206692807036,0.044767056141291395,0.007405999525792906,0.04949876354846472,0.013469533105862519,0.10038977536311977,0.011646978513795961,0.010090609159571851,0.006767961989203352,0.0009211019015299693,0.010034017879737086,0.06890721469456573,0.013471021832676205,0.01718577180762404,0.012026508504639074,0.043460987529096995,-0.16117419597785987,0.010170050940777992,0.005241055979410936,-0.004552889667136073,1,0,2023-11-09
2023-11-09,-0.002624570932373782,0.027256819278006716,-0.007695686300331572,0.018242383039624777,-0.006911016194899422,0.03551325846069675,0.008073371217768965,0.07916160089953972,0.005903694662602987,0.005427036343539959,0.00896604815807488,0.0005368183612844246,0.009263374104613024,0.09299541697706193,0.008748522543199912,0.009407384015534426,0.012010039583812304,0.040217884504916146,-0.0836552446626947,0.012663765759649344,0.00507111536795779,-0.0032057484438085537,0,1,2023-11-10
2023-11-10,0.023220045621431984,0.05658412507866095,0.02248231802635492,0.029044679588585698,0.024896952895250957,0.04781763069693823,0.029499353018670904,0.07399177738929819,0.008826783779249947,0.011107282046089217,0.010491118064504501,0.0022124561099695463,0.009823076234431783,0.10953257084975387,0.009819224158133183,0.043587209352598855,0.012735517794590942,0.06201118924496907,0.11322552675180919,0.016309059251418942,0.0007377275950770645,-0.0039781073355289465,1,0,2023-11-13
2023-11-13,-0.008583556919995128,0.03243585964674911,-0.0031184186224416655,0.021667946213032474,-0.008088456637885044,0.02846889296194166,0.005896275646913196,0.0627090465838489,0.004003972589687692,0.006469514537849164,0.008402251151434493,0.0018196259426817296,0.012785929910297398,0.08663763681983316,0.011473028607253223,0.03538219392672026,0.01295031459417803,0.051004563201674236,-0.2600809988919235,0.009848441749862744,-0.005465138297553462,-0.007487466424509204,0,1,2023-11-14
2023-11-14,0.014285618770465636,0.032267772051892685,0.02152625970079458,0.03388756207349686,0.009790389434218838,0.02701568565247947,0.021308146776214842,0.08053518862818554,0.009640702490634164,0.00643648263764407,0.009548936291385469,0.002973143754136498,0.012760343586098805,0.09906292512909975,0.011425912675034419,0.05948052750757027,0.01298346864059274,0.06283839762642396,0.017226377478539945,0.009656410238041643,-0.007240640930328945,-0.0012636493347512046,1,1,2023-11-15
2023-11-15,0.003040842576410352,0.029349143107778364,0.0007526691632795401,0.034000026770496294,0.00040623064689704336,0.01987966260124474,-0.01546643240328116,0.04968440532565954,0.0029143014756269534,0.005867675823187812,0.00797914249137983,0.003494922553449159,0.012854122588091333,0.08212725723681191,0.011096660379447034,0.07061918445701587,0.012752513363871652,0.06233519718416991,-0.08894191724200773,0.00914845631060622,0.002288173413130812,0.01057094345460241,1,1,2023-11-16
2023-11-16,0.009042132047166085,0.04138985552647978,0.0008559052031720249,0.042910948270560745,0.017583082844652154,0.04503454184324651,0.012109368862049497,0.053887000005860886,0.008789531131347358,0.008201016419095786,0.006814026381317872,0.004055080391028637,0.011954605762181856,0.06977483061651468,0.010187837021412526,0.08263947514688197,0.012737040064609923,0.06757337789362072,-0.07456789249980744,0.012176547022461027,0.00818622684399406,-0.00580409380618474,1,0,2023-11-17
2023-11-17,-0.0001055109612536631,0.017650095829957246,0.00023313412763870112,0.02021723800391717,-0.01680074917836971,0.002517546491348055,-0.0036780710375405867,0.01992364121015222,0.003992487887440925,0.0035359051025586562,0.007321593574323937,0.004785021578273652,0.008750160522502146,0.07523293613871074,0.009635276133739058,0.09868061227319536,0.012002522071407017,0.06236792993378315,-0.12400435394230902,0.00954187113341879,-0.0003386450888923642,0.010133899146701486,0,1,2023-11-20
2023-11-20,0.009278372171869664,0.03598466550440538,0.012174764542829397,0.035868414011804406,0.020521788229741933,0.03143370608355367,0.022536278269676302,0.03679569101850877,0.006071664419260696,0.007108290920931615,0.0067889027293903895,0.005214226754947237,0.005668908687473651,0.06958771871089064,0.009330274532585732,0.10810525716379082,0.012002021285218321,0.06664615822805375,-0.19342461666939104,0.010603284469342073,-0.002896392370959733,-0.012250661077839453,1,0,2023-11-21
2023-11-21,-0.0042308879750090345,0.01707202719817147,-0.005809356673916133,0.008149007573441835,-0.011577996826441561,0.009607321059027285,-0.009224544612504326,0.005799989117035276,0.001647324411868989,0.0034049895718366806,0.0049207361047403754,0.004875519367393655,0.005853136795579448,0.0498906755321582,0.009494543407501232,0.10061783089807186,0.012175695068147934,0.05700157643401882,-0.33532752215879946,0.009336963832331785,0.0015784686989070984,0.006170382744463909,0,1,2023-11-22
2023-11-22,0.003514619836610944,0.017552431961386228,0.004092969575893335,0.011513995396845944,0.01281251796272298,0.022127713393169657,-0.024587582885737147,-0.003518182815267057,0.002854034677823858,0.0034997450238767993,0.004683710423532305,0.005725836206367829,0.005849601785021012,0.04741672390668872,0.009497385458276936,0.11959129297560556,0.011394226055749232,0.054741295300561266,-0.29875715100810396,0.01097690069272699,-0.0005783497392823911,0.009402152298118027,1,0,2023-11-24
2023-11-24,-0.007004459629214588,0.001370502717395805,-0.001410058849031226,0.009223901148559088,-0.0011114788360371275,0.003349659880179434,-0.01929554704084402,-0.03443818872592708,-0.0025735759225375596,0.00029042668860066454,0.004245721553848225,0.006605884855961553,0.006422480143326395,0.0428170831533472,0.009961520272154944,0.13979429263199616,0.009440462220078149,0.04066936333534854,-0.556038665581269,0.00868554974933878,-0.005594400780183362,0.0031990533092259854,0,0,2023-11-27
2023-11-27,-0.0009476485940799195,0.0005271219467395394,-0.0008729889791011525,0.008107835464624014,0.0031262402847971327,0.023685047731213604,0.009753961124305821,-0.02142085273615324,-0.001479162795561188,0.00012199916203541328,0.0018289521322970349,0.006160035098400768,0.006446456960807528,0.018186521529570676,0.007465664743010271,0.12971110883727288,0.00958218031251574,0.033514422147391976,-0.23873803435802698,0.009326120106830014,-7.465961497876705e-05,-0.007387749298631396,0,1,2023-11-28
2023-11-28,0.0032141241780161423,-0.005484544169720329,0.0026210959222794372,-0.001407446412769242,0.010802776330228747,0.0139359103046508,-0.00872690479285776,-0.05134008364486797,-0.0015793280150927884,-0.0010908504367352911,0.0030087202420981617,0.005705485696766327,0.004598757415411708,0.030302761847293525,0.006508158806011435,0.11956575834269056,0.009490520274557279,0.031127401444622116,-0.2701472134695052,0.008823571367778749,0.000593028255736705,0.0021761884093306483,1,0,2023-11-29
2023-11-29,-0.005409499440206522,-0.006661671783343648,-0.0009738155268389503,0.0034495047308074067,-0.010059951013956403,0.0154931410803969,0.0066707718471994415,-0.03612043977793011,-0.0010476746187567665,-0.0013265727297747886,0.001039208421030946,0.005294072356208207,0.004824607433238804,0.010296627172957207,0.005638295580379945,0.11037956630877388,0.009795686643998084,0.020348452263066807,-0.18135023483685508,0.01647565716657889,-0.004435683913367572,-0.0037149098568280414,0,1,2023-11-30
2023-11-30,0.0030627014556887655,-0.007109007417645308,-0.002514105653524279,-0.0031533364079753268,0.00015821075564925735,0.0028053415656787983,-0.028458697658658827,-0.03994578415475469,0.0002891087311661285,-0.0014169564059592244,0.0010413943089587873,0.00451026840016931,0.004714209475224816,0.01031864417472983,0.005639161979248879,0.0932933433560148,0.009276699514767318,0.01902363076298874,-0.06409094627524425,0.011213503116785418,0.0055768071092130445,0.01721294490719355,1,1,2023-12-01
2023-12-01,0.0067913294032997396,0.006685329121706385,0.0028547948368888854,0.001104071955879693,-0.011612378991619043,-0.007736734496016973,-0.00010680159458786864,-0.02116108718833165,0.0014815104729273276,0.0013422014005436411,0.0008163140445721529,0.003815170212945013,0.004663316645796806,0.008064994100829947,0.005320240892971868,0.07840255831465326,0.008487562551908988,0.02213218030509645,-0.09592718408816969,0.01218365281388765,0.003936534566410854,0.012650919696403196,1,0,2023-12-04
2023-12-04,-0.009464594468148402,-0.0018966880751730697,-0.009283616204468492,-0.0073231981210395425,-0.014338564191091252,-0.02501241050237235,-0.026836460385451955,-0.05663124109597528,0.00012981213028003444,-0.0003611877742700553,-0.00011959430611732102,0.0036009996341033077,0.006782732471157949,-0.0013705659143440352,0.006243509897217823,0.07375925852645904,0.008775672244307467,0.008949575986665126,-0.10963661715472373,0.013725419437489412,-0.00018097826367990955,0.011122917820123202,0,1,2023-12-05
2023-12-05,0.021063265213773885,0.015861521616501673,0.0025108144641021735,-0.00743238577493488,0.00915635162788253,-0.026600498395895622,0.023293750280274805,-0.026158018548436357,0.006130000049641741,0.0032086404328814933,0.001058894998073101,0.003923898863731745,0.011900922256689522,0.01028998423087657,0.008802374273437557,0.08059375946996505,0.009304744925185736,0.026258701169704635,0.36333283236179303,0.021817812328883933,0.01855245074967171,0.004838214259695217,1,0,2023-12-06
2023-12-06,-0.005687161406003893,0.015577921374079207,-0.0057837707927942406,-0.01221124532542428,-0.009986039508567246,-0.02652782185090463,-0.022828006672608758,-0.05469480508036051,0.001970503113207197,0.003153108039722019,0.0009132676549736152,0.002917001879856995,0.011951729356982497,0.008812474591474606,0.00891098906794411,0.059142810434111626,0.009194585772567421,0.017523245922617336,-0.13312302253453556,0.013779085875433287,9.660938679034725e-05,0.010719861684584109,0,1,2023-12-07
2023-12-07,0.010139275604953424,0.022742789985512823,0.013972269813824045,0.004114856511493459,0.005829751874455447,-0.021007607721766797,0.02402048110164201,-0.003632806802289168,0.008505126470907806,0.004568422869574951,0.0015757332318078632,0.0031297218276700846,0.012350689475200115,0.015472103905162626,0.009360763968326356,0.06362246429097818,0.009315283719287597,0.024690190112017785,0.0036176800849607726,0.007257958671437004,-0.0038329942088706215,-0.004785840883095305,1,1,2023-12-08
2023-12-08,0.007412511424411905,0.023373813927423104,0.0044567062986871075,0.005718780734510487,0.008842374497057603,-0.0007472891729458642,0.019529675093995058,0.01593442417167612,0.003954875207787145,0.004692659273797384,0.0030174303371705126,0.003631575945509369,0.012381725191594698,0.03021540468806383,0.008995545090874827,0.07432622333645189,0.009259160343583192,0.028612660767594056,0.12936905335005466,0.011854311198357134,0.0029558051257247975,-0.006773513371114426,1,0,2023-12-11
2023-12-11,-0.012927448188128188,0.019796159056433726,0.008542122275115194,0.023814453989349227,-0.007829708198509922,0.005851317365446418,-0.018502947032884798,0.024634198407485153,0.0015414462804123803,0.004000088529801426,0.0018194503777656857,0.0018242012550313603,0.013424516352176851,0.017861923842444005,0.010287231696308397,0.036373291634534954,0.008748142737247085,0.01350954247158076,0.2958688236802567,0.010715433288647614,-0.02146957046324338,0.0002388794275691719,0,1,2023-12-12
2023-12-12,0.00792020693723261,0.006669410885872917,0.007964301591441458,0.029383829266960815,0.008295359734355134,0.004993145260649534,0.02209026725920471,0.023429138902085755,0.0008017567245054424,0.0013714768744931716,0.0022900586536873323,0.002649389447892747,0.01013086732179385,0.022636719507310277,0.010464243975753833,0.05362543647483786,0.008489284793037236,0.018888033862970444,0.10981286022337833,0.015407528614636548,-4.409465420884828e-05,-0.007272606559547312,1,1,2023-12-13
2023-12-13,0.01669144426452407,0.029326121040247566,0.01271720006013366,0.0485392198774417,-2.6808176094128555e-05,0.01510306251498017,0.00904374375693151,0.0568096270046321,0.0038947343378761636,0.005847198008598764,0.004500153024160391,0.0027696807225956687,0.01112715730625388,0.04536088242209857,0.010978641685177764,0.05612457368959256,0.00867779756334931,0.0330512977781261,0.46683117530337004,0.01591227414453174,0.003974244204390409,0.012182976474105378,1,1,2023-12-14
2023-12-14,0.000757651176805263,0.01976629962265264,-0.0008667179611746567,0.03319436171063517,-0.022544615371038024,-0.013532903993415779,0.0054481963607593276,0.03764265752320073,0.008456434126187315,0.003970873122969132,0.004269647996272041,0.0026555211526154143,0.011012868613015874,0.04295863040927417,0.011036222615906638,0.05372054940543092,0.008689053386915724,0.03111665264903407,0.3737356379665293,0.017465001486135726,0.0016243691379799197,0.009305860681944611,1,0,2023-12-15
2023-12-15,-0.002725744340726255,0.009503719548453526,0.004833880606915253,0.033582327031788095,0.013117286250941884,-0.009352806200000785,0.011168596190440638,0.029133035542412866,0.004907783700201025,0.0019432219699415,0.003317940621869442,0.0020671273332207975,0.011153206552550723,0.033099671648220585,0.011203685178525982,0.04143161440563303,0.00863206507069689,0.02620701468367015,1.455093331571033,0.007086064911598471,-0.007559624947641508,-0.014868685561417516,0,0,2023-12-18
2023-12-18,-0.008503210446035303,0.014028497842218268,0.006298639324703981,0.03128314261764453,0.005178929887921457,0.003635862098144038,0.024279087807155486,0.0739914538621742,-0.0034904345366520984,0.002828069518360077,0.0034140790240807517,0.0016472423589817154,0.009767963054895277,0.03410236727325944,0.011085310788679843,0.03268506181673225,0.008941988522774768,0.01584525439820439,0.05997706725082885,0.011435017102166566,-0.014801849770739284,-0.023232219293573775,0,1,2023-12-19
2023-12-19,0.005359995755020774,0.011452771032309572,0.005109504142911003,0.028362300600115686,0.001637203171192425,-0.0029915260354429485,-0.009445522097561443,0.04085429431286469,-0.001956319677246928,0.0023160272819177097,0.0018437520782054405,0.0014513235381392708,0.009497661023679735,0.018198565153978663,0.009271165509437624,0.0286758123333144,0.008807911300161453,0.019838444332838545,-0.22164261795390816,0.005382337490876905,0.0002504916121097711,0.009264155218205283,1,0,2023-12-20
2023-12-20,-0.010713892754102172,-0.015811355389661164,-0.0148596708902613,0.0003594045772015164,-0.007072958079064051,-0.010016785531922201,-0.030098492194104987,0.00047808205178578866,-0.004619035815038901,-0.0031650401218075385,0.0013410789433956128,0.001127173299184614,0.006590484864243079,0.01305107992861898,0.009843461293634994,0.021978566830355817,0.009141030173912792,0.007818644405162223,-0.01453102141573026,0.014628090221946045,0.004145778136159128,0.007871832382482347,0,0,2023-12-21
2023-12-21,-0.0007698231238026931,-0.01731354011922548,0.011635227633625345,0.012876692386641908,0.00787881010153546,0.02079657026733117,0.018270433682324283,0.013236936709364988,-0.002041240040961364,-0.00347053498192913,0.00025016907052000104,0.0009129511511639321,0.006395718975978847,0.0021105348819017156,0.009352304360649976,0.017615293202052573,0.009132334376307323,0.006165814122596425,-0.12882949788099363,0.018389161525277024,-0.012405050757428038,-0.013844445015732565,0,0,2023-12-22
2023-12-22,-0.005547536171520928,-0.020094055718609005,0.00149607900572013,0.00951217461817322,0.0027839729139227387,0.010384931894284799,-0.00326600231145191,-0.0012271876946059468,-0.0056770840164752645,-0.004034893348088065,-0.0010458356890732823,0.000985797324048615,0.006437926760492428,-0.010781304440296013,0.009145176788270195,0.019108338771038902,0.009071463247999316,-0.00035364577532859265,-0.31219015823314467,0.01260331799835609,-0.007043615177241058,-0.0053065214727563426,0,0,2023-12-26
2023-12-26,-0.002840936967513641,-0.014497975632211224,0.006121919349088678,0.009334890301261334,0.0002136852416390056,0.005393971355217575,0.009195181729156454,-0.01593547909038806,-0.003052765420945754,-0.002902438652383732,-3.7184567011827595e-05,0.000891132905376929,0.005933696357576172,-0.0006728626098658763,0.008196098181182488,0.017177042611884463,0.009102526887203196,-0.00403183687618891,-0.4587418719244092,0.005490792757509491,-0.008962856316602319,-0.007545370452911371,0,1,2023-12-27
2023-12-27,0.0005178674262587002,-0.019244461756974696,0.0020355785297336837,0.006248042192888992,-0.0015748432394550038,0.0021698777545067216,0.0028003284614448454,-0.0037698614163381716,-0.0026235352375919563,-0.0038708643181361467,-0.0007774185181092186,0.0007563200677890569,0.00446028137677847,-0.008012093138807908,0.007717892405890249,0.014443258863452657,0.009086263396075763,-0.004222440146631423,-0.10805645870163239,0.012477368564665534,-0.0015177111034749835,-9.487518473622059e-05,1,1,2023-12-28
2023-12-28,0.0022264049888487403,-0.006415747611534739,-0.0004859710981728327,0.020929714283126177,0.0032346458062839645,0.012573431781735867,0.0021248305672463275,0.02932818518097835,-3.2221517468733474e-05,-0.0012828047695459643,-0.0022239224456767513,0.00113811528924182,0.0030181050980442876,-0.02212566133561955,0.004933229968713143,0.02223158156412275,0.008973270058175189,-0.003087309238246738,-0.363138715995973,0.007697104448136171,0.002712376087021573,-0.0004533331979164057,1,0,2023-12-29
