Date,target_date,actual,predicted,probability_up,split,experiment,model,seed
2024-07-01,2024-07-02,1,1,0.5121951219512195,validation,baseline,majority_class,
2024-07-02,2024-07-03,1,1,0.5121951219512195,validation,baseline,majority_class,
2024-07-03,2024-07-05,1,1,0.5121951219512195,validation,baseline,majority_class,
2024-07-05,2024-07-08,1,1,0.5121951219512195,validation,baseline,majority_class,
2024-07-08,2024-07-09,1,1,0.5121951219512195,validation,baseline,majority_class,
2024-07-09,2024-07-10,1,1,0.5121951219512195,validation,baseline,majority_class,
2024-07-10,2024-07-11,0,1,0.5121951219512195,validation,baseline,majority_class,
2024-07-11,2024-07-12,1,1,0.5121951219512195,validation,baseline,majority_class,
2024-07-12,2024-07-15,1,1,0.5121951219512195,validation,baseline,majority_class,
2024-07-15,2024-07-16,1,1,0.5121951219512195,validation,baseline,majority_class,
2024-07-16,2024-07-17,0,1,0.5121951219512195,validation,baseline,majority_class,
2024-07-17,2024-07-18,0,1,0.5121951219512195,validation,baseline,majority_class,
2024-07-18,2024-07-19,1,1,0.5121951219512195,validation,baseline,majority_class,
2024-07-19,2024-07-22,0,1,0.5121951219512195,validation,baseline,majority_class,
2024-07-22,2024-07-23,1,1,0.5121951219512195,validation,baseline,majority_class,
2024-07-23,2024-07-24,0,1,0.5121951219512195,validation,baseline,majority_class,
2024-07-24,2024-07-25,0,1,0.5121951219512195,validation,baseline,majority_class,
2024-07-25,2024-07-26,1,1,0.5121951219512195,validation,baseline,majority_class,
2024-07-26,2024-07-29,1,1,0.5121951219512195,validation,baseline,majority_class,
2024-07-29,2024-07-30,1,1,0.5121951219512195,validation,baseline,majority_class,
2024-07-30,2024-07-31,1,1,0.5121951219512195,validation,baseline,majority_class,
2024-07-31,2024-08-01,0,1,0.5121951219512195,validation,baseline,majority_class,
2024-08-01,2024-08-02,1,1,0.5121951219512195,validation,baseline,majority_class,
2024-08-02,2024-08-05,0,1,0.5121951219512195,validation,baseline,majority_class,
2024-08-05,2024-08-06,0,1,0.5121951219512195,validation,baseline,majority_class,
2024-08-06,2024-08-07,1,1,0.5121951219512195,validation,baseline,majority_class,
2024-08-07,2024-08-08,1,1,0.5121951219512195,validation,baseline,majority_class,
2024-08-08,2024-08-09,1,1,0.5121951219512195,validation,baseline,majority_class,
2024-08-09,2024-08-12,1,1,0.5121951219512195,validation,baseline,majority_class,
2024-08-12,2024-08-13,1,1,0.5121951219512195,validation,baseline,majority_class,
2024-08-13,2024-08-14,1,1,0.5121951219512195,validation,baseline,majority_class,
2024-08-14,2024-08-15,1,1,0.5121951219512195,validation,baseline,majority_class,
2024-08-15,2024-08-16,1,1,0.5121951219512195,validation,baseline,majority_class,
2024-08-16,2024-08-19,0,1,0.5121951219512195,validation,baseline,majority_class,
2024-08-19,2024-08-20,1,1,0.5121951219512195,validation,baseline,majority_class,
2024-08-20,2024-08-21,0,1,0.5121951219512195,validation,baseline,majority_class,
2024-08-21,2024-08-22,0,1,0.5121951219512195,validation,baseline,majority_class,
2024-08-22,2024-08-23,1,1,0.5121951219512195,validation,baseline,majority_class,
2024-08-23,2024-08-26,1,1,0.5121951219512195,validation,baseline,majority_class,
2024-08-26,2024-08-27,1,1,0.5121951219512195,validation,baseline,majority_class,
2024-08-27,2024-08-28,0,1,0.5121951219512195,validation,baseline,majority_class,
2024-08-28,2024-08-29,1,1,0.5121951219512195,validation,baseline,majority_class,
2024-08-29,2024-08-30,0,1,0.5121951219512195,validation,baseline,majority_class,
2024-08-30,2024-09-03,0,1,0.5121951219512195,validation,baseline,majority_class,
2024-09-03,2024-09-04,0,1,0.5121951219512195,validation,baseline,majority_class,
2024-09-04,2024-09-05,1,1,0.5121951219512195,validation,baseline,majority_class,
2024-09-05,2024-09-06,0,1,0.5121951219512195,validation,baseline,majority_class,
2024-09-06,2024-09-09,1,1,0.5121951219512195,validation,baseline,majority_class,
2024-09-09,2024-09-10,0,1,0.5121951219512195,validation,baseline,majority_class,
2024-09-10,2024-09-11,1,1,0.5121951219512195,validation,baseline,majority_class,
2024-09-11,2024-09-12,1,1,0.5121951219512195,validation,baseline,majority_class,
2024-09-12,2024-09-13,0,1,0.5121951219512195,validation,baseline,majority_class,
2024-09-13,2024-09-16,0,1,0.5121951219512195,validation,baseline,majority_class,
2024-09-16,2024-09-17,1,1,0.5121951219512195,validation,baseline,majority_class,
2024-09-17,2024-09-18,1,1,0.5121951219512195,validation,baseline,majority_class,
2024-09-18,2024-09-19,1,1,0.5121951219512195,validation,baseline,majority_class,
2024-09-19,2024-09-20,0,1,0.5121951219512195,validation,baseline,majority_class,
2024-09-20,2024-09-23,0,1,0.5121951219512195,validation,baseline,majority_class,
2024-09-23,2024-09-24,1,1,0.5121951219512195,validation,baseline,majority_class,
2024-09-24,2024-09-25,0,1,0.5121951219512195,validation,baseline,majority_class,
2024-09-25,2024-09-26,1,1,0.5121951219512195,validation,baseline,majority_class,
2024-09-26,2024-09-27,1,1,0.5121951219512195,validation,baseline,majority_class,
2024-09-27,2024-09-30,1,1,0.5121951219512195,validation,baseline,majority_class,
2024-07-01,2024-07-02,1,1,1.0,validation,baseline,previous_direction,
2024-07-02,2024-07-03,1,1,1.0,validation,baseline,previous_direction,
2024-07-03,2024-07-05,1,1,1.0,validation,baseline,previous_direction,
2024-07-05,2024-07-08,1,1,1.0,validation,baseline,previous_direction,
2024-07-08,2024-07-09,1,1,1.0,validation,baseline,previous_direction,
2024-07-09,2024-07-10,1,1,1.0,validation,baseline,previous_direction,
2024-07-10,2024-07-11,0,1,1.0,validation,baseline,previous_direction,
2024-07-11,2024-07-12,1,0,0.0,validation,baseline,previous_direction,
2024-07-12,2024-07-15,1,1,1.0,validation,baseline,previous_direction,
2024-07-15,2024-07-16,1,1,1.0,validation,baseline,previous_direction,
2024-07-16,2024-07-17,0,1,1.0,validation,baseline,previous_direction,
2024-07-17,2024-07-18,0,0,0.0,validation,baseline,previous_direction,
2024-07-18,2024-07-19,1,0,0.0,validation,baseline,previous_direction,
2024-07-19,2024-07-22,0,1,1.0,validation,baseline,previous_direction,
2024-07-22,2024-07-23,1,0,0.0,validation,baseline,previous_direction,
2024-07-23,2024-07-24,0,1,1.0,validation,baseline,previous_direction,
2024-07-24,2024-07-25,0,0,0.0,validation,baseline,previous_direction,
2024-07-25,2024-07-26,1,0,0.0,validation,baseline,previous_direction,
2024-07-26,2024-07-29,1,1,1.0,validation,baseline,previous_direction,
2024-07-29,2024-07-30,1,1,1.0,validation,baseline,previous_direction,
2024-07-30,2024-07-31,1,1,1.0,validation,baseline,previous_direction,
2024-07-31,2024-08-01,0,1,1.0,validation,baseline,previous_direction,
2024-08-01,2024-08-02,1,0,0.0,validation,baseline,previous_direction,
2024-08-02,2024-08-05,0,1,1.0,validation,baseline,previous_direction,
2024-08-05,2024-08-06,0,0,0.0,validation,baseline,previous_direction,
2024-08-06,2024-08-07,1,0,0.0,validation,baseline,previous_direction,
2024-08-07,2024-08-08,1,1,1.0,validation,baseline,previous_direction,
2024-08-08,2024-08-09,1,1,1.0,validation,baseline,previous_direction,
2024-08-09,2024-08-12,1,1,1.0,validation,baseline,previous_direction,
2024-08-12,2024-08-13,1,1,1.0,validation,baseline,previous_direction,
2024-08-13,2024-08-14,1,1,1.0,validation,baseline,previous_direction,
2024-08-14,2024-08-15,1,1,1.0,validation,baseline,previous_direction,
2024-08-15,2024-08-16,1,1,1.0,validation,baseline,previous_direction,
2024-08-16,2024-08-19,0,1,1.0,validation,baseline,previous_direction,
2024-08-19,2024-08-20,1,0,0.0,validation,baseline,previous_direction,
2024-08-20,2024-08-21,0,1,1.0,validation,baseline,previous_direction,
2024-08-21,2024-08-22,0,0,0.0,validation,baseline,previous_direction,
2024-08-22,2024-08-23,1,0,0.0,validation,baseline,previous_direction,
2024-08-23,2024-08-26,1,1,1.0,validation,baseline,previous_direction,
2024-08-26,2024-08-27,1,1,1.0,validation,baseline,previous_direction,
2024-08-27,2024-08-28,0,1,1.0,validation,baseline,previous_direction,
2024-08-28,2024-08-29,1,0,0.0,validation,baseline,previous_direction,
2024-08-29,2024-08-30,0,1,1.0,validation,baseline,previous_direction,
2024-08-30,2024-09-03,0,0,0.0,validation,baseline,previous_direction,
2024-09-03,2024-09-04,0,0,0.0,validation,baseline,previous_direction,
2024-09-04,2024-09-05,1,0,0.0,validation,baseline,previous_direction,
2024-09-05,2024-09-06,0,1,1.0,validation,baseline,previous_direction,
2024-09-06,2024-09-09,1,0,0.0,validation,baseline,previous_direction,
2024-09-09,2024-09-10,0,1,1.0,validation,baseline,previous_direction,
2024-09-10,2024-09-11,1,0,0.0,validation,baseline,previous_direction,
2024-09-11,2024-09-12,1,1,1.0,validation,baseline,previous_direction,
2024-09-12,2024-09-13,0,1,1.0,validation,baseline,previous_direction,
2024-09-13,2024-09-16,0,0,0.0,validation,baseline,previous_direction,
2024-09-16,2024-09-17,1,0,0.0,validation,baseline,previous_direction,
2024-09-17,2024-09-18,1,1,1.0,validation,baseline,previous_direction,
2024-09-18,2024-09-19,1,1,1.0,validation,baseline,previous_direction,
2024-09-19,2024-09-20,0,1,1.0,validation,baseline,previous_direction,
2024-09-20,2024-09-23,0,0,0.0,validation,baseline,previous_direction,
2024-09-23,2024-09-24,1,0,0.0,validation,baseline,previous_direction,
2024-09-24,2024-09-25,0,1,1.0,validation,baseline,previous_direction,
2024-09-25,2024-09-26,1,0,0.0,validation,baseline,previous_direction,
2024-09-26,2024-09-27,1,1,1.0,validation,baseline,previous_direction,
2024-09-27,2024-09-30,1,1,1.0,validation,baseline,previous_direction,
2024-10-01,2024-10-02,1,1,0.5121951219512195,test,baseline,majority_class,
2024-10-02,2024-10-03,0,1,0.5121951219512195,test,baseline,majority_class,
2024-10-03,2024-10-04,1,1,0.5121951219512195,test,baseline,majority_class,
2024-10-04,2024-10-07,0,1,0.5121951219512195,test,baseline,majority_class,
2024-10-07,2024-10-08,1,1,0.5121951219512195,test,baseline,majority_class,
2024-10-08,2024-10-09,1,1,0.5121951219512195,test,baseline,majority_class,
2024-10-09,2024-10-10,0,1,0.5121951219512195,test,baseline,majority_class,
2024-10-10,2024-10-11,0,1,0.5121951219512195,test,baseline,majority_class,
2024-10-11,2024-10-14,1,1,0.5121951219512195,test,baseline,majority_class,
2024-10-14,2024-10-15,1,1,0.5121951219512195,test,baseline,majority_class,
2024-10-15,2024-10-16,0,1,0.5121951219512195,test,baseline,majority_class,
2024-10-16,2024-10-17,1,1,0.5121951219512195,test,baseline,majority_class,
2024-10-17,2024-10-18,1,1,0.5121951219512195,test,baseline,majority_class,
2024-10-18,2024-10-21,1,1,0.5121951219512195,test,baseline,majority_class,
2024-10-21,2024-10-22,0,1,0.5121951219512195,test,baseline,majority_class,
2024-10-22,2024-10-23,0,1,0.5121951219512195,test,baseline,majority_class,
2024-10-23,2024-10-24,0,1,0.5121951219512195,test,baseline,majority_class,
2024-10-24,2024-10-25,1,1,0.5121951219512195,test,baseline,majority_class,
2024-10-25,2024-10-28,1,1,0.5121951219512195,test,baseline,majority_class,
2024-10-28,2024-10-29,1,1,0.5121951219512195,test,baseline,majority_class,
2024-10-29,2024-10-30,0,1,0.5121951219512195,test,baseline,majority_class,
2024-10-30,2024-10-31,0,1,0.5121951219512195,test,baseline,majority_class,
2024-10-31,2024-11-01,0,1,0.5121951219512195,test,baseline,majority_class,
2024-11-01,2024-11-04,0,1,0.5121951219512195,test,baseline,majority_class,
2024-11-04,2024-11-05,1,1,0.5121951219512195,test,baseline,majority_class,
2024-11-05,2024-11-06,0,1,0.5121951219512195,test,baseline,majority_class,
2024-11-06,2024-11-07,1,1,0.5121951219512195,test,baseline,majority_class,
2024-11-07,2024-11-08,0,1,0.5121951219512195,test,baseline,majority_class,
2024-11-08,2024-11-11,0,1,0.5121951219512195,test,baseline,majority_class,
2024-11-11,2024-11-12,0,1,0.5121951219512195,test,baseline,majority_class,
2024-11-12,2024-11-13,1,1,0.5121951219512195,test,baseline,majority_class,
2024-11-13,2024-11-14,1,1,0.5121951219512195,test,baseline,majority_class,
2024-11-14,2024-11-15,0,1,0.5121951219512195,test,baseline,majority_class,
2024-11-15,2024-11-18,1,1,0.5121951219512195,test,baseline,majority_class,
2024-11-18,2024-11-19,1,1,0.5121951219512195,test,baseline,majority_class,
2024-11-19,2024-11-20,1,1,0.5121951219512195,test,baseline,majority_class,
2024-11-20,2024-11-21,0,1,0.5121951219512195,test,baseline,majority_class,
2024-11-21,2024-11-22,1,1,0.5121951219512195,test,baseline,majority_class,
2024-11-22,2024-11-25,1,1,0.5121951219512195,test,baseline,majority_class,
2024-11-25,2024-11-26,1,1,0.5121951219512195,test,baseline,majority_class,
2024-11-26,2024-11-27,0,1,0.5121951219512195,test,baseline,majority_class,
2024-11-27,2024-11-29,1,1,0.5121951219512195,test,baseline,majority_class,
2024-11-29,2024-12-02,1,1,0.5121951219512195,test,baseline,majority_class,
2024-12-02,2024-12-03,1,1,0.5121951219512195,test,baseline,majority_class,
2024-12-03,2024-12-04,1,1,0.5121951219512195,test,baseline,majority_class,
2024-12-04,2024-12-05,1,1,0.5121951219512195,test,baseline,majority_class,
2024-12-05,2024-12-06,0,1,0.5121951219512195,test,baseline,majority_class,
2024-12-06,2024-12-09,1,1,0.5121951219512195,test,baseline,majority_class,
2024-12-09,2024-12-10,1,1,0.5121951219512195,test,baseline,majority_class,
2024-12-10,2024-12-11,0,1,0.5121951219512195,test,baseline,majority_class,
2024-12-11,2024-12-12,1,1,0.5121951219512195,test,baseline,majority_class,
2024-12-12,2024-12-13,1,1,0.5121951219512195,test,baseline,majority_class,
2024-12-13,2024-12-16,1,1,0.5121951219512195,test,baseline,majority_class,
2024-12-16,2024-12-17,1,1,0.5121951219512195,test,baseline,majority_class,
2024-12-17,2024-12-18,0,1,0.5121951219512195,test,baseline,majority_class,
2024-12-18,2024-12-19,1,1,0.5121951219512195,test,baseline,majority_class,
2024-12-19,2024-12-20,1,1,0.5121951219512195,test,baseline,majority_class,
2024-12-20,2024-12-23,1,1,0.5121951219512195,test,baseline,majority_class,
2024-12-23,2024-12-24,1,1,0.5121951219512195,test,baseline,majority_class,
2024-12-24,2024-12-26,1,1,0.5121951219512195,test,baseline,majority_class,
2024-12-26,2024-12-27,0,1,0.5121951219512195,test,baseline,majority_class,
2024-12-27,2024-12-30,0,1,0.5121951219512195,test,baseline,majority_class,
2024-12-30,2024-12-31,0,1,0.5121951219512195,test,baseline,majority_class,
2024-10-01,2024-10-02,1,0,0.0,test,baseline,previous_direction,
2024-10-02,2024-10-03,0,1,1.0,test,baseline,previous_direction,
2024-10-03,2024-10-04,1,0,0.0,test,baseline,previous_direction,
2024-10-04,2024-10-07,0,1,1.0,test,baseline,previous_direction,
2024-10-07,2024-10-08,1,0,0.0,test,baseline,previous_direction,
2024-10-08,2024-10-09,1,1,1.0,test,baseline,previous_direction,
2024-10-09,2024-10-10,0,1,1.0,test,baseline,previous_direction,
2024-10-10,2024-10-11,0,0,0.0,test,baseline,previous_direction,
2024-10-11,2024-10-14,1,0,0.0,test,baseline,previous_direction,
2024-10-14,2024-10-15,1,1,1.0,test,baseline,previous_direction,
2024-10-15,2024-10-16,0,1,1.0,test,baseline,previous_direction,
2024-10-16,2024-10-17,1,0,0.0,test,baseline,previous_direction,
2024-10-17,2024-10-18,1,1,1.0,test,baseline,previous_direction,
2024-10-18,2024-10-21,1,1,1.0,test,baseline,previous_direction,
2024-10-21,2024-10-22,0,1,1.0,test,baseline,previous_direction,
2024-10-22,2024-10-23,0,0,0.0,test,baseline,previous_direction,
2024-10-23,2024-10-24,0,0,0.0,test,baseline,previous_direction,
2024-10-24,2024-10-25,1,0,0.0,test,baseline,previous_direction,
2024-10-25,2024-10-28,1,1,1.0,test,baseline,previous_direction,
2024-10-28,2024-10-29,1,1,1.0,test,baseline,previous_direction,
2024-10-29,2024-10-30,0,1,1.0,test,baseline,previous_direction,
2024-10-30,2024-10-31,0,0,0.0,test,baseline,previous_direction,
2024-10-31,2024-11-01,0,0,0.0,test,baseline,previous_direction,
2024-11-01,2024-11-04,0,0,0.0,test,baseline,previous_direction,
2024-11-04,2024-11-05,1,0,0.0,test,baseline,previous_direction,
2024-11-05,2024-11-06,0,1,1.0,test,baseline,previous_direction,
2024-11-06,2024-11-07,1,0,0.0,test,baseline,previous_direction,
2024-11-07,2024-11-08,0,1,1.0,test,baseline,previous_direction,
2024-11-08,2024-11-11,0,0,0.0,test,baseline,previous_direction,
2024-11-11,2024-11-12,0,0,0.0,test,baseline,previous_direction,
2024-11-12,2024-11-13,1,0,0.0,test,baseline,previous_direction,
2024-11-13,2024-11-14,1,1,1.0,test,baseline,previous_direction,
2024-11-14,2024-11-15,0,1,1.0,test,baseline,previous_direction,
2024-11-15,2024-11-18,1,0,0.0,test,baseline,previous_direction,
2024-11-18,2024-11-19,1,1,1.0,test,baseline,previous_direction,
2024-11-19,2024-11-20,1,1,1.0,test,baseline,previous_direction,
2024-11-20,2024-11-21,0,1,1.0,test,baseline,previous_direction,
2024-11-21,2024-11-22,1,0,0.0,test,baseline,previous_direction,
2024-11-22,2024-11-25,1,1,1.0,test,baseline,previous_direction,
2024-11-25,2024-11-26,1,1,1.0,test,baseline,previous_direction,
2024-11-26,2024-11-27,0,1,1.0,test,baseline,previous_direction,
2024-11-27,2024-11-29,1,0,0.0,test,baseline,previous_direction,
2024-11-29,2024-12-02,1,1,1.0,test,baseline,previous_direction,
2024-12-02,2024-12-03,1,1,1.0,test,baseline,previous_direction,
2024-12-03,2024-12-04,1,1,1.0,test,baseline,previous_direction,
2024-12-04,2024-12-05,1,1,1.0,test,baseline,previous_direction,
2024-12-05,2024-12-06,0,1,1.0,test,baseline,previous_direction,
2024-12-06,2024-12-09,1,0,0.0,test,baseline,previous_direction,
2024-12-09,2024-12-10,1,1,1.0,test,baseline,previous_direction,
2024-12-10,2024-12-11,0,1,1.0,test,baseline,previous_direction,
2024-12-11,2024-12-12,1,0,0.0,test,baseline,previous_direction,
2024-12-12,2024-12-13,1,1,1.0,test,baseline,previous_direction,
2024-12-13,2024-12-16,1,1,1.0,test,baseline,previous_direction,
2024-12-16,2024-12-17,1,1,1.0,test,baseline,previous_direction,
2024-12-17,2024-12-18,0,1,1.0,test,baseline,previous_direction,
2024-12-18,2024-12-19,1,0,0.0,test,baseline,previous_direction,
2024-12-19,2024-12-20,1,1,1.0,test,baseline,previous_direction,
2024-12-20,2024-12-23,1,1,1.0,test,baseline,previous_direction,
2024-12-23,2024-12-24,1,1,1.0,test,baseline,previous_direction,
2024-12-24,2024-12-26,1,1,1.0,test,baseline,previous_direction,
2024-12-26,2024-12-27,0,1,1.0,test,baseline,previous_direction,
2024-12-27,2024-12-30,0,0,0.0,test,baseline,previous_direction,
2024-12-30,2024-12-31,0,0,0.0,test,baseline,previous_direction,
2024-07-01,2024-07-02,1,1,0.6832565493208365,validation,A,logistic_regression,42.0
2024-07-02,2024-07-03,1,1,0.6525744844497208,validation,A,logistic_regression,42.0
2024-07-03,2024-07-05,1,1,0.7988905255381579,validation,A,logistic_regression,42.0
2024-07-05,2024-07-08,1,1,0.7109767712891307,validation,A,logistic_regression,42.0
2024-07-08,2024-07-09,1,1,0.5578873178638959,validation,A,logistic_regression,42.0
2024-07-09,2024-07-10,1,1,0.6571515183965392,validation,A,logistic_regression,42.0
2024-07-10,2024-07-11,0,1,0.74710568782043,validation,A,logistic_regression,42.0
2024-07-11,2024-07-12,1,1,0.5323713308718139,validation,A,logistic_regression,42.0
2024-07-12,2024-07-15,1,1,0.627399480506683,validation,A,logistic_regression,42.0
2024-07-15,2024-07-16,1,1,0.5275328030997066,validation,A,logistic_regression,42.0
2024-07-16,2024-07-17,0,1,0.6750595436641894,validation,A,logistic_regression,42.0
2024-07-17,2024-07-18,0,1,0.6024194723419941,validation,A,logistic_regression,42.0
2024-07-18,2024-07-19,1,0,0.45406757023213984,validation,A,logistic_regression,42.0
2024-07-19,2024-07-22,0,1,0.564581684035167,validation,A,logistic_regression,42.0
2024-07-22,2024-07-23,1,1,0.8166118253708701,validation,A,logistic_regression,42.0
2024-07-23,2024-07-24,0,1,0.8928217362891262,validation,A,logistic_regression,42.0
2024-07-24,2024-07-25,0,1,0.7495709672325583,validation,A,logistic_regression,42.0
2024-07-25,2024-07-26,1,1,0.6401519336804266,validation,A,logistic_regression,42.0
2024-07-26,2024-07-29,1,1,0.5737187765584623,validation,A,logistic_regression,42.0
2024-07-29,2024-07-30,1,1,0.7425434583298093,validation,A,logistic_regression,42.0
2024-07-30,2024-07-31,1,1,0.7393050976825716,validation,A,logistic_regression,42.0
2024-07-31,2024-08-01,0,1,0.5962000773070308,validation,A,logistic_regression,42.0
2024-08-01,2024-08-02,1,0,0.4791001262959548,validation,A,logistic_regression,42.0
2024-08-02,2024-08-05,0,0,0.4472795456509013,validation,A,logistic_regression,42.0
2024-08-05,2024-08-06,0,0,0.33430042315164665,validation,A,logistic_regression,42.0
2024-08-06,2024-08-07,1,0,0.4134086592021963,validation,A,logistic_regression,42.0
2024-08-07,2024-08-08,1,0,0.43787436231158744,validation,A,logistic_regression,42.0
2024-08-08,2024-08-09,1,1,0.7203239873083698,validation,A,logistic_regression,42.0
2024-08-09,2024-08-12,1,1,0.7732615389120066,validation,A,logistic_regression,42.0
2024-08-12,2024-08-13,1,0,0.45845379156076305,validation,A,logistic_regression,42.0
2024-08-13,2024-08-14,1,0,0.3430623621089255,validation,A,logistic_regression,42.0
2024-08-14,2024-08-15,1,0,0.35512884284595125,validation,A,logistic_regression,42.0
2024-08-15,2024-08-16,1,0,0.4851584394764685,validation,A,logistic_regression,42.0
2024-08-16,2024-08-19,0,0,0.45178964880376143,validation,A,logistic_regression,42.0
2024-08-19,2024-08-20,1,0,0.28795957065721595,validation,A,logistic_regression,42.0
2024-08-20,2024-08-21,0,0,0.2673234487497672,validation,A,logistic_regression,42.0
2024-08-21,2024-08-22,0,0,0.33866149707607085,validation,A,logistic_regression,42.0
2024-08-22,2024-08-23,1,0,0.4273205392212083,validation,A,logistic_regression,42.0
2024-08-23,2024-08-26,1,0,0.4723294051016955,validation,A,logistic_regression,42.0
2024-08-26,2024-08-27,1,0,0.4571551653062367,validation,A,logistic_regression,42.0
2024-08-27,2024-08-28,0,0,0.4987288370366354,validation,A,logistic_regression,42.0
2024-08-28,2024-08-29,1,0,0.3748269570999928,validation,A,logistic_regression,42.0
2024-08-29,2024-08-30,0,0,0.41939553531543367,validation,A,logistic_regression,42.0
2024-08-30,2024-09-03,0,0,0.3811418436612541,validation,A,logistic_regression,42.0
2024-09-03,2024-09-04,0,1,0.6441314728045743,validation,A,logistic_regression,42.0
2024-09-04,2024-09-05,1,1,0.6030239768693196,validation,A,logistic_regression,42.0
2024-09-05,2024-09-06,0,1,0.606712318842704,validation,A,logistic_regression,42.0
2024-09-06,2024-09-09,1,1,0.7677418269951823,validation,A,logistic_regression,42.0
2024-09-09,2024-09-10,0,1,0.7427192255101979,validation,A,logistic_regression,42.0
2024-09-10,2024-09-11,1,1,0.5839149759629495,validation,A,logistic_regression,42.0
2024-09-11,2024-09-12,1,1,0.6030524414800531,validation,A,logistic_regression,42.0
2024-09-12,2024-09-13,0,1,0.6046663056288203,validation,A,logistic_regression,42.0
2024-09-13,2024-09-16,0,1,0.5017643935950511,validation,A,logistic_regression,42.0
2024-09-16,2024-09-17,1,0,0.3177454774452211,validation,A,logistic_regression,42.0
2024-09-17,2024-09-18,1,0,0.3234082277757664,validation,A,logistic_regression,42.0
2024-09-18,2024-09-19,1,0,0.47136963871231186,validation,A,logistic_regression,42.0
2024-09-19,2024-09-20,0,1,0.7419911255407403,validation,A,logistic_regression,42.0
2024-09-20,2024-09-23,0,0,0.49243155552391954,validation,A,logistic_regression,42.0
2024-09-23,2024-09-24,1,0,0.4046076599987948,validation,A,logistic_regression,42.0
2024-09-24,2024-09-25,0,0,0.2419035536267751,validation,A,logistic_regression,42.0
2024-09-25,2024-09-26,1,0,0.3018588916626702,validation,A,logistic_regression,42.0
2024-09-26,2024-09-27,1,1,0.638978452294026,validation,A,logistic_regression,42.0
2024-09-27,2024-09-30,1,1,0.5463075509051187,validation,A,logistic_regression,42.0
2024-07-01,2024-07-02,1,1,0.6227094057538115,validation,A,random_forest,0.0
2024-07-02,2024-07-03,1,1,0.5979545676320279,validation,A,random_forest,0.0
2024-07-03,2024-07-05,1,1,0.65975923836043,validation,A,random_forest,0.0
2024-07-05,2024-07-08,1,1,0.6406979934671723,validation,A,random_forest,0.0
2024-07-08,2024-07-09,1,1,0.6206243109097942,validation,A,random_forest,0.0
2024-07-09,2024-07-10,1,1,0.6297453803278636,validation,A,random_forest,0.0
2024-07-10,2024-07-11,0,1,0.5813363513938348,validation,A,random_forest,0.0
2024-07-11,2024-07-12,1,1,0.6605914539086577,validation,A,random_forest,0.0
2024-07-12,2024-07-15,1,1,0.7287205469939589,validation,A,random_forest,0.0
2024-07-15,2024-07-16,1,1,0.6934209836333962,validation,A,random_forest,0.0
2024-07-16,2024-07-17,0,1,0.7031775017782852,validation,A,random_forest,0.0
2024-07-17,2024-07-18,0,1,0.7132005433528851,validation,A,random_forest,0.0
2024-07-18,2024-07-19,1,1,0.6424599206272551,validation,A,random_forest,0.0
2024-07-19,2024-07-22,0,1,0.5802468484744812,validation,A,random_forest,0.0
2024-07-22,2024-07-23,1,1,0.6952636582079731,validation,A,random_forest,0.0
2024-07-23,2024-07-24,0,1,0.7068027111074542,validation,A,random_forest,0.0
2024-07-24,2024-07-25,0,1,0.5896713434919325,validation,A,random_forest,0.0
2024-07-25,2024-07-26,1,1,0.5133723322840287,validation,A,random_forest,0.0
2024-07-26,2024-07-29,1,0,0.4733632436904023,validation,A,random_forest,0.0
2024-07-29,2024-07-30,1,1,0.7332831815889219,validation,A,random_forest,0.0
2024-07-30,2024-07-31,1,1,0.546504405082421,validation,A,random_forest,0.0
2024-07-31,2024-08-01,0,0,0.3975184487937166,validation,A,random_forest,0.0
2024-08-01,2024-08-02,1,0,0.3972948031827,validation,A,random_forest,0.0
2024-08-02,2024-08-05,0,0,0.469042998193567,validation,A,random_forest,0.0
2024-08-05,2024-08-06,0,0,0.38933067944185795,validation,A,random_forest,0.0
2024-08-06,2024-08-07,1,0,0.41771558897544037,validation,A,random_forest,0.0
2024-08-07,2024-08-08,1,0,0.48398942036394194,validation,A,random_forest,0.0
2024-08-08,2024-08-09,1,1,0.5523555067417562,validation,A,random_forest,0.0
2024-08-09,2024-08-12,1,0,0.46448110288802363,validation,A,random_forest,0.0
2024-08-12,2024-08-13,1,0,0.4103194139832187,validation,A,random_forest,0.0
2024-08-13,2024-08-14,1,0,0.4602083446425652,validation,A,random_forest,0.0
2024-08-14,2024-08-15,1,0,0.3825771001027894,validation,A,random_forest,0.0
2024-08-15,2024-08-16,1,0,0.4393181833095776,validation,A,random_forest,0.0
2024-08-16,2024-08-19,0,0,0.41991450670178826,validation,A,random_forest,0.0
2024-08-19,2024-08-20,1,0,0.41570340691776814,validation,A,random_forest,0.0
2024-08-20,2024-08-21,0,0,0.3649972428814028,validation,A,random_forest,0.0
2024-08-21,2024-08-22,0,1,0.6054424919521534,validation,A,random_forest,0.0
2024-08-22,2024-08-23,1,1,0.6348616984341398,validation,A,random_forest,0.0
2024-08-23,2024-08-26,1,1,0.604359050044258,validation,A,random_forest,0.0
2024-08-26,2024-08-27,1,1,0.6013933287285366,validation,A,random_forest,0.0
2024-08-27,2024-08-28,0,1,0.6080903881505961,validation,A,random_forest,0.0
2024-08-28,2024-08-29,1,1,0.5175008905184908,validation,A,random_forest,0.0
2024-08-29,2024-08-30,0,1,0.5606304031951054,validation,A,random_forest,0.0
2024-08-30,2024-09-03,0,1,0.6490243690740011,validation,A,random_forest,0.0
2024-09-03,2024-09-04,0,1,0.5637543335372083,validation,A,random_forest,0.0
2024-09-04,2024-09-05,1,1,0.52666605820348,validation,A,random_forest,0.0
2024-09-05,2024-09-06,0,1,0.6219244513383156,validation,A,random_forest,0.0
2024-09-06,2024-09-09,1,1,0.6269146215874369,validation,A,random_forest,0.0
2024-09-09,2024-09-10,0,1,0.5597255157141762,validation,A,random_forest,0.0
2024-09-10,2024-09-11,1,0,0.4454409490592849,validation,A,random_forest,0.0
2024-09-11,2024-09-12,1,0,0.3400136409187209,validation,A,random_forest,0.0
2024-09-12,2024-09-13,0,0,0.32355557095420057,validation,A,random_forest,0.0
2024-09-13,2024-09-16,0,0,0.4623982850657047,validation,A,random_forest,0.0
2024-09-16,2024-09-17,1,0,0.30135788315694445,validation,A,random_forest,0.0
2024-09-17,2024-09-18,1,0,0.45983991522236956,validation,A,random_forest,0.0
2024-09-18,2024-09-19,1,0,0.41018134708136317,validation,A,random_forest,0.0
2024-09-19,2024-09-20,0,0,0.4265128375838104,validation,A,random_forest,0.0
2024-09-20,2024-09-23,0,0,0.36751089043518576,validation,A,random_forest,0.0
2024-09-23,2024-09-24,1,0,0.3914098417528748,validation,A,random_forest,0.0
2024-09-24,2024-09-25,0,0,0.35035323354081366,validation,A,random_forest,0.0
2024-09-25,2024-09-26,1,0,0.4309045136615354,validation,A,random_forest,0.0
2024-09-26,2024-09-27,1,0,0.45584837618688273,validation,A,random_forest,0.0
2024-09-27,2024-09-30,1,0,0.4797793115819676,validation,A,random_forest,0.0
2024-07-01,2024-07-02,1,1,0.5784576284597184,validation,A,random_forest,1.0
2024-07-02,2024-07-03,1,1,0.5752463087336928,validation,A,random_forest,1.0
2024-07-03,2024-07-05,1,1,0.6322094767183979,validation,A,random_forest,1.0
2024-07-05,2024-07-08,1,1,0.6279198238532859,validation,A,random_forest,1.0
2024-07-08,2024-07-09,1,1,0.6012128028327977,validation,A,random_forest,1.0
2024-07-09,2024-07-10,1,1,0.6253655158605107,validation,A,random_forest,1.0
2024-07-10,2024-07-11,0,1,0.5793135123085073,validation,A,random_forest,1.0
2024-07-11,2024-07-12,1,1,0.5977870767265983,validation,A,random_forest,1.0
2024-07-12,2024-07-15,1,1,0.6703118135087897,validation,A,random_forest,1.0
2024-07-15,2024-07-16,1,1,0.666962449230065,validation,A,random_forest,1.0
2024-07-16,2024-07-17,0,1,0.6929391383903135,validation,A,random_forest,1.0
2024-07-17,2024-07-18,0,1,0.6495089579329424,validation,A,random_forest,1.0
2024-07-18,2024-07-19,1,1,0.5901900555518336,validation,A,random_forest,1.0
2024-07-19,2024-07-22,0,1,0.5594920810323263,validation,A,random_forest,1.0
2024-07-22,2024-07-23,1,1,0.6716598927758648,validation,A,random_forest,1.0
2024-07-23,2024-07-24,0,1,0.6993507489238557,validation,A,random_forest,1.0
2024-07-24,2024-07-25,0,1,0.5513056996136915,validation,A,random_forest,1.0
2024-07-25,2024-07-26,1,0,0.45852517222964423,validation,A,random_forest,1.0
2024-07-26,2024-07-29,1,0,0.40485240905177333,validation,A,random_forest,1.0
2024-07-29,2024-07-30,1,1,0.703977415356382,validation,A,random_forest,1.0
2024-07-30,2024-07-31,1,1,0.5098770307156502,validation,A,random_forest,1.0
2024-07-31,2024-08-01,0,0,0.41202092323770867,validation,A,random_forest,1.0
2024-08-01,2024-08-02,1,0,0.3633761012930619,validation,A,random_forest,1.0
2024-08-02,2024-08-05,0,0,0.4363497111572858,validation,A,random_forest,1.0
2024-08-05,2024-08-06,0,0,0.43159898691159754,validation,A,random_forest,1.0
2024-08-06,2024-08-07,1,0,0.4334166705895755,validation,A,random_forest,1.0
2024-08-07,2024-08-08,1,0,0.48381921865904104,validation,A,random_forest,1.0
2024-08-08,2024-08-09,1,1,0.5803190460842375,validation,A,random_forest,1.0
2024-08-09,2024-08-12,1,1,0.5276455008176254,validation,A,random_forest,1.0
2024-08-12,2024-08-13,1,0,0.4612469766958059,validation,A,random_forest,1.0
2024-08-13,2024-08-14,1,1,0.5139194942686283,validation,A,random_forest,1.0
2024-08-14,2024-08-15,1,0,0.43375872800857185,validation,A,random_forest,1.0
2024-08-15,2024-08-16,1,0,0.4303425349447021,validation,A,random_forest,1.0
2024-08-16,2024-08-19,0,0,0.426740350499401,validation,A,random_forest,1.0
2024-08-19,2024-08-20,1,0,0.3989353552148252,validation,A,random_forest,1.0
2024-08-20,2024-08-21,0,0,0.36105470975512405,validation,A,random_forest,1.0
2024-08-21,2024-08-22,0,1,0.5650163826151832,validation,A,random_forest,1.0
2024-08-22,2024-08-23,1,1,0.5949300698786114,validation,A,random_forest,1.0
2024-08-23,2024-08-26,1,1,0.5780164026457054,validation,A,random_forest,1.0
2024-08-26,2024-08-27,1,1,0.5743643019686048,validation,A,random_forest,1.0
2024-08-27,2024-08-28,0,1,0.5898397552190578,validation,A,random_forest,1.0
2024-08-28,2024-08-29,1,1,0.5057138848246893,validation,A,random_forest,1.0
2024-08-29,2024-08-30,0,1,0.5632289866658367,validation,A,random_forest,1.0
2024-08-30,2024-09-03,0,1,0.6277982634089848,validation,A,random_forest,1.0
2024-09-03,2024-09-04,0,1,0.5329848128208718,validation,A,random_forest,1.0
2024-09-04,2024-09-05,1,0,0.48033439750780815,validation,A,random_forest,1.0
2024-09-05,2024-09-06,0,1,0.5802220610809737,validation,A,random_forest,1.0
2024-09-06,2024-09-09,1,1,0.6099609357903756,validation,A,random_forest,1.0
2024-09-09,2024-09-10,0,1,0.5298020359339344,validation,A,random_forest,1.0
2024-09-10,2024-09-11,1,0,0.43690922195877735,validation,A,random_forest,1.0
2024-09-11,2024-09-12,1,0,0.29995520039381496,validation,A,random_forest,1.0
2024-09-12,2024-09-13,0,0,0.305228743535887,validation,A,random_forest,1.0
2024-09-13,2024-09-16,0,0,0.4887108191191238,validation,A,random_forest,1.0
2024-09-16,2024-09-17,1,0,0.2892293937373429,validation,A,random_forest,1.0
2024-09-17,2024-09-18,1,0,0.3973326765183002,validation,A,random_forest,1.0
2024-09-18,2024-09-19,1,0,0.4125718238095911,validation,A,random_forest,1.0
2024-09-19,2024-09-20,0,0,0.4258744299604708,validation,A,random_forest,1.0
2024-09-20,2024-09-23,0,0,0.40317388332338877,validation,A,random_forest,1.0
2024-09-23,2024-09-24,1,0,0.3940422445970857,validation,A,random_forest,1.0
2024-09-24,2024-09-25,0,0,0.33970936882276426,validation,A,random_forest,1.0
2024-09-25,2024-09-26,1,0,0.462857351510056,validation,A,random_forest,1.0
2024-09-26,2024-09-27,1,0,0.41903631033946265,validation,A,random_forest,1.0
2024-09-27,2024-09-30,1,0,0.4452417304426994,validation,A,random_forest,1.0
2024-07-01,2024-07-02,1,1,0.5978634982754006,validation,A,random_forest,2.0
2024-07-02,2024-07-03,1,1,0.5682301006272968,validation,A,random_forest,2.0
2024-07-03,2024-07-05,1,1,0.6235424911613627,validation,A,random_forest,2.0
2024-07-05,2024-07-08,1,1,0.6254351686363936,validation,A,random_forest,2.0
2024-07-08,2024-07-09,1,1,0.591896069377093,validation,A,random_forest,2.0
2024-07-09,2024-07-10,1,1,0.6018388691240721,validation,A,random_forest,2.0
2024-07-10,2024-07-11,0,1,0.5673707231632792,validation,A,random_forest,2.0
2024-07-11,2024-07-12,1,1,0.6359449072515461,validation,A,random_forest,2.0
2024-07-12,2024-07-15,1,1,0.7426632284963414,validation,A,random_forest,2.0
2024-07-15,2024-07-16,1,1,0.7091895911086175,validation,A,random_forest,2.0
2024-07-16,2024-07-17,0,1,0.710925538898358,validation,A,random_forest,2.0
2024-07-17,2024-07-18,0,1,0.7078413640287402,validation,A,random_forest,2.0
2024-07-18,2024-07-19,1,1,0.6475114283627706,validation,A,random_forest,2.0
2024-07-19,2024-07-22,0,1,0.6404478104976173,validation,A,random_forest,2.0
2024-07-22,2024-07-23,1,1,0.7369271528961564,validation,A,random_forest,2.0
2024-07-23,2024-07-24,0,1,0.7407699464726931,validation,A,random_forest,2.0
2024-07-24,2024-07-25,0,1,0.6014355519263618,validation,A,random_forest,2.0
2024-07-25,2024-07-26,1,0,0.49552416963329043,validation,A,random_forest,2.0
2024-07-26,2024-07-29,1,0,0.45878689461201816,validation,A,random_forest,2.0
2024-07-29,2024-07-30,1,1,0.7442741648187657,validation,A,random_forest,2.0
2024-07-30,2024-07-31,1,1,0.5073836795847994,validation,A,random_forest,2.0
2024-07-31,2024-08-01,0,0,0.3744728340325189,validation,A,random_forest,2.0
2024-08-01,2024-08-02,1,0,0.32465489161155875,validation,A,random_forest,2.0
2024-08-02,2024-08-05,0,0,0.4458049799588004,validation,A,random_forest,2.0
2024-08-05,2024-08-06,0,0,0.4109330236170632,validation,A,random_forest,2.0
2024-08-06,2024-08-07,1,0,0.4201021315341182,validation,A,random_forest,2.0
2024-08-07,2024-08-08,1,0,0.4941496066767947,validation,A,random_forest,2.0
2024-08-08,2024-08-09,1,1,0.5529776627329235,validation,A,random_forest,2.0
2024-08-09,2024-08-12,1,0,0.4636781328550407,validation,A,random_forest,2.0
2024-08-12,2024-08-13,1,0,0.41815722832169505,validation,A,random_forest,2.0
2024-08-13,2024-08-14,1,0,0.4603312301058956,validation,A,random_forest,2.0
2024-08-14,2024-08-15,1,0,0.37795632745341273,validation,A,random_forest,2.0
2024-08-15,2024-08-16,1,0,0.41725734104090983,validation,A,random_forest,2.0
2024-08-16,2024-08-19,0,0,0.40775862189513185,validation,A,random_forest,2.0
2024-08-19,2024-08-20,1,0,0.3728538964883945,validation,A,random_forest,2.0
2024-08-20,2024-08-21,0,0,0.3291512948664098,validation,A,random_forest,2.0
2024-08-21,2024-08-22,0,1,0.6055751336431475,validation,A,random_forest,2.0
2024-08-22,2024-08-23,1,1,0.6184288050224606,validation,A,random_forest,2.0
2024-08-23,2024-08-26,1,1,0.6184660399886254,validation,A,random_forest,2.0
2024-08-26,2024-08-27,1,1,0.6090713967778058,validation,A,random_forest,2.0
2024-08-27,2024-08-28,0,1,0.6319139507380065,validation,A,random_forest,2.0
2024-08-28,2024-08-29,1,1,0.5164379144114968,validation,A,random_forest,2.0
2024-08-29,2024-08-30,0,1,0.617430633643995,validation,A,random_forest,2.0
2024-08-30,2024-09-03,0,1,0.6593863433987415,validation,A,random_forest,2.0
2024-09-03,2024-09-04,0,1,0.5631451408790215,validation,A,random_forest,2.0
2024-09-04,2024-09-05,1,1,0.5737407459739873,validation,A,random_forest,2.0
2024-09-05,2024-09-06,0,1,0.6689968878724893,validation,A,random_forest,2.0
2024-09-06,2024-09-09,1,1,0.6593310765244653,validation,A,random_forest,2.0
2024-09-09,2024-09-10,0,1,0.5947363407774635,validation,A,random_forest,2.0
2024-09-10,2024-09-11,1,0,0.4663924990221412,validation,A,random_forest,2.0
2024-09-11,2024-09-12,1,0,0.3137490554221416,validation,A,random_forest,2.0
2024-09-12,2024-09-13,0,0,0.29597180464913175,validation,A,random_forest,2.0
2024-09-13,2024-09-16,0,0,0.4605275020000507,validation,A,random_forest,2.0
2024-09-16,2024-09-17,1,0,0.28695979893560414,validation,A,random_forest,2.0
2024-09-17,2024-09-18,1,0,0.4509693187673211,validation,A,random_forest,2.0
2024-09-18,2024-09-19,1,0,0.454318159514802,validation,A,random_forest,2.0
2024-09-19,2024-09-20,0,0,0.3952975910688032,validation,A,random_forest,2.0
2024-09-20,2024-09-23,0,0,0.3841450724094643,validation,A,random_forest,2.0
2024-09-23,2024-09-24,1,0,0.37139526792410954,validation,A,random_forest,2.0
2024-09-24,2024-09-25,0,0,0.3498005309998382,validation,A,random_forest,2.0
2024-09-25,2024-09-26,1,0,0.44711758893119613,validation,A,random_forest,2.0
2024-09-26,2024-09-27,1,0,0.418852331241421,validation,A,random_forest,2.0
2024-09-27,2024-09-30,1,0,0.4347299877998111,validation,A,random_forest,2.0
2024-10-01,2024-10-02,1,1,0.5452036040995154,test,A,logistic_regression,42.0
2024-10-02,2024-10-03,0,1,0.596901968752101,test,A,logistic_regression,42.0
2024-10-03,2024-10-04,1,0,0.3359827294453304,test,A,logistic_regression,42.0
2024-10-04,2024-10-07,0,1,0.5752213713005376,test,A,logistic_regression,42.0
2024-10-07,2024-10-08,1,1,0.6365090323023193,test,A,logistic_regression,42.0
2024-10-08,2024-10-09,1,1,0.6351426237517108,test,A,logistic_regression,42.0
2024-10-09,2024-10-10,0,1,0.6393014386001297,test,A,logistic_regression,42.0
2024-10-10,2024-10-11,0,1,0.6813045549817083,test,A,logistic_regression,42.0
2024-10-11,2024-10-14,1,1,0.5840224825896959,test,A,logistic_regression,42.0
2024-10-14,2024-10-15,1,1,0.5247574111366881,test,A,logistic_regression,42.0
2024-10-15,2024-10-16,0,1,0.60364230601115,test,A,logistic_regression,42.0
2024-10-16,2024-10-17,1,1,0.6389034797910099,test,A,logistic_regression,42.0
2024-10-17,2024-10-18,1,0,0.47676494157354465,test,A,logistic_regression,42.0
2024-10-18,2024-10-21,1,0,0.3864869835713472,test,A,logistic_regression,42.0
2024-10-21,2024-10-22,0,1,0.5197079788839737,test,A,logistic_regression,42.0
2024-10-22,2024-10-23,0,1,0.5377512739761996,test,A,logistic_regression,42.0
2024-10-23,2024-10-24,0,0,0.39616288340043065,test,A,logistic_regression,42.0
2024-10-24,2024-10-25,1,0,0.36205190894507266,test,A,logistic_regression,42.0
2024-10-25,2024-10-28,1,0,0.4652786676155723,test,A,logistic_regression,42.0
2024-10-28,2024-10-29,1,1,0.5585542471246847,test,A,logistic_regression,42.0
2024-10-29,2024-10-30,0,1,0.6226437769582809,test,A,logistic_regression,42.0
2024-10-30,2024-10-31,0,0,0.45522768833615473,test,A,logistic_regression,42.0
2024-10-31,2024-11-01,0,0,0.37608500708104087,test,A,logistic_regression,42.0
2024-11-01,2024-11-04,0,0,0.3529224242355932,test,A,logistic_regression,42.0
2024-11-04,2024-11-05,1,1,0.5757238033355754,test,A,logistic_regression,42.0
2024-11-05,2024-11-06,0,1,0.6942463422150534,test,A,logistic_regression,42.0
2024-11-06,2024-11-07,1,1,0.6086629825970896,test,A,logistic_regression,42.0
2024-11-07,2024-11-08,0,1,0.642093430687779,test,A,logistic_regression,42.0
2024-11-08,2024-11-11,0,1,0.5009884239186483,test,A,logistic_regression,42.0
2024-11-11,2024-11-12,0,0,0.4210696271426849,test,A,logistic_regression,42.0
2024-11-12,2024-11-13,1,0,0.3006424169190264,test,A,logistic_regression,42.0
2024-11-13,2024-11-14,1,0,0.32923904367576035,test,A,logistic_regression,42.0
2024-11-14,2024-11-15,0,1,0.5538821459313193,test,A,logistic_regression,42.0
2024-11-15,2024-11-18,1,0,0.41404723736038457,test,A,logistic_regression,42.0
2024-11-18,2024-11-19,1,0,0.40785969063560534,test,A,logistic_regression,42.0
2024-11-19,2024-11-20,1,0,0.3038862979567114,test,A,logistic_regression,42.0
2024-11-20,2024-11-21,0,0,0.48718622445482673,test,A,logistic_regression,42.0
2024-11-21,2024-11-22,1,0,0.4252641035692325,test,A,logistic_regression,42.0
2024-11-22,2024-11-25,1,0,0.3555993313928553,test,A,logistic_regression,42.0
2024-11-25,2024-11-26,1,0,0.3622898064158838,test,A,logistic_regression,42.0
2024-11-26,2024-11-27,0,0,0.41311127722053204,test,A,logistic_regression,42.0
2024-11-27,2024-11-29,1,0,0.4338926267447266,test,A,logistic_regression,42.0
2024-11-29,2024-12-02,1,0,0.46376580867267125,test,A,logistic_regression,42.0
2024-12-02,2024-12-03,1,0,0.431658111120626,test,A,logistic_regression,42.0
2024-12-03,2024-12-04,1,1,0.5621217709842442,test,A,logistic_regression,42.0
2024-12-04,2024-12-05,1,1,0.5013055119820967,test,A,logistic_regression,42.0
2024-12-05,2024-12-06,0,0,0.46286669599610636,test,A,logistic_regression,42.0
2024-12-06,2024-12-09,1,0,0.39236412232792645,test,A,logistic_regression,42.0
2024-12-09,2024-12-10,1,1,0.5326556309425685,test,A,logistic_regression,42.0
2024-12-10,2024-12-11,0,1,0.6144001977142672,test,A,logistic_regression,42.0
2024-12-11,2024-12-12,1,1,0.6292334245676371,test,A,logistic_regression,42.0
2024-12-12,2024-12-13,1,1,0.5556706418289871,test,A,logistic_regression,42.0
2024-12-13,2024-12-16,1,0,0.4818160382238632,test,A,logistic_regression,42.0
2024-12-16,2024-12-17,1,1,0.6938425973275966,test,A,logistic_regression,42.0
2024-12-17,2024-12-18,0,1,0.6595085758749185,test,A,logistic_regression,42.0
2024-12-18,2024-12-19,1,1,0.5970216159772341,test,A,logistic_regression,42.0
2024-12-19,2024-12-20,1,1,0.604962020021395,test,A,logistic_regression,42.0
2024-12-20,2024-12-23,1,1,0.594606942021761,test,A,logistic_regression,42.0
2024-12-23,2024-12-24,1,1,0.7513637758823561,test,A,logistic_regression,42.0
2024-12-24,2024-12-26,1,1,0.7835697124095006,test,A,logistic_regression,42.0
2024-12-26,2024-12-27,0,1,0.5705345795015968,test,A,logistic_regression,42.0
2024-12-27,2024-12-30,0,1,0.5687995951328197,test,A,logistic_regression,42.0
2024-12-30,2024-12-31,0,1,0.5538542426404192,test,A,logistic_regression,42.0
2024-10-01,2024-10-02,1,0,0.41274831168880544,test,A,random_forest,0.0
2024-10-02,2024-10-03,0,1,0.737460457494398,test,A,random_forest,0.0
2024-10-03,2024-10-04,1,0,0.33430180702008,test,A,random_forest,0.0
2024-10-04,2024-10-07,0,1,0.6030597843453256,test,A,random_forest,0.0
2024-10-07,2024-10-08,1,0,0.349878256481056,test,A,random_forest,0.0
2024-10-08,2024-10-09,1,1,0.6235268914553027,test,A,random_forest,0.0
2024-10-09,2024-10-10,0,1,0.7598387443313627,test,A,random_forest,0.0
2024-10-10,2024-10-11,0,1,0.6539800850513957,test,A,random_forest,0.0
2024-10-11,2024-10-14,1,1,0.5298209716019899,test,A,random_forest,0.0
2024-10-14,2024-10-15,1,1,0.5718357044294491,test,A,random_forest,0.0
2024-10-15,2024-10-16,0,1,0.6828048169731495,test,A,random_forest,0.0
2024-10-16,2024-10-17,1,1,0.6484223164761912,test,A,random_forest,0.0
2024-10-17,2024-10-18,1,0,0.4814725400108865,test,A,random_forest,0.0
2024-10-18,2024-10-21,1,1,0.5797026044731233,test,A,random_forest,0.0
2024-10-21,2024-10-22,0,1,0.6045148321585938,test,A,random_forest,0.0
2024-10-22,2024-10-23,0,1,0.6714609726233932,test,A,random_forest,0.0
2024-10-23,2024-10-24,0,0,0.3446259800831105,test,A,random_forest,0.0
2024-10-24,2024-10-25,1,0,0.4155535358109715,test,A,random_forest,0.0
2024-10-25,2024-10-28,1,0,0.4226849295976386,test,A,random_forest,0.0
2024-10-28,2024-10-29,1,0,0.44750332195785736,test,A,random_forest,0.0
2024-10-29,2024-10-30,0,1,0.5943043706196065,test,A,random_forest,0.0
2024-10-30,2024-10-31,0,0,0.301603442024867,test,A,random_forest,0.0
2024-10-31,2024-11-01,0,0,0.2705311378064105,test,A,random_forest,0.0
2024-11-01,2024-11-04,0,0,0.27516226708458436,test,A,random_forest,0.0
2024-11-04,2024-11-05,1,0,0.4223912796776444,test,A,random_forest,0.0
2024-11-05,2024-11-06,0,1,0.5618507610372532,test,A,random_forest,0.0
2024-11-06,2024-11-07,1,0,0.49902047209584877,test,A,random_forest,0.0
2024-11-07,2024-11-08,0,0,0.3669037907008409,test,A,random_forest,0.0
2024-11-08,2024-11-11,0,0,0.33079371122015044,test,A,random_forest,0.0
2024-11-11,2024-11-12,0,0,0.4324942744799,test,A,random_forest,0.0
2024-11-12,2024-11-13,1,0,0.4229128450449434,test,A,random_forest,0.0
2024-11-13,2024-11-14,1,0,0.356321077321139,test,A,random_forest,0.0
2024-11-14,2024-11-15,0,0,0.49020071720013175,test,A,random_forest,0.0
2024-11-15,2024-11-18,1,0,0.45207385705826764,test,A,random_forest,0.0
2024-11-18,2024-11-19,1,1,0.5029088242766607,test,A,random_forest,0.0
2024-11-19,2024-11-20,1,0,0.49246477085480383,test,A,random_forest,0.0
2024-11-20,2024-11-21,0,0,0.4919382409514265,test,A,random_forest,0.0
2024-11-21,2024-11-22,1,0,0.34174568991790444,test,A,random_forest,0.0
2024-11-22,2024-11-25,1,0,0.4409442927844769,test,A,random_forest,0.0
2024-11-25,2024-11-26,1,0,0.4312235344022174,test,A,random_forest,0.0
2024-11-26,2024-11-27,0,0,0.30088580393238773,test,A,random_forest,0.0
2024-11-27,2024-11-29,1,0,0.4178949276058159,test,A,random_forest,0.0
2024-11-29,2024-12-02,1,1,0.5107595427181599,test,A,random_forest,0.0
2024-12-02,2024-12-03,1,1,0.5264482244242559,test,A,random_forest,0.0
2024-12-03,2024-12-04,1,1,0.5707894151976329,test,A,random_forest,0.0
2024-12-04,2024-12-05,1,1,0.5702943100265336,test,A,random_forest,0.0
2024-12-05,2024-12-06,0,1,0.5341466898448579,test,A,random_forest,0.0
2024-12-06,2024-12-09,1,1,0.5633647543268433,test,A,random_forest,0.0
2024-12-09,2024-12-10,1,1,0.5382581974493299,test,A,random_forest,0.0
2024-12-10,2024-12-11,0,1,0.635274188536329,test,A,random_forest,0.0
2024-12-11,2024-12-12,1,1,0.6007542609990351,test,A,random_forest,0.0
2024-12-12,2024-12-13,1,1,0.6159642942479866,test,A,random_forest,0.0
2024-12-13,2024-12-16,1,1,0.6180933365020286,test,A,random_forest,0.0
2024-12-16,2024-12-17,1,1,0.5953134550971492,test,A,random_forest,0.0
2024-12-17,2024-12-18,0,1,0.5602606945049149,test,A,random_forest,0.0
2024-12-18,2024-12-19,1,1,0.6911969959462283,test,A,random_forest,0.0
2024-12-19,2024-12-20,1,1,0.779700301651276,test,A,random_forest,0.0
2024-12-20,2024-12-23,1,1,0.6681713752052169,test,A,random_forest,0.0
2024-12-23,2024-12-24,1,1,0.7064191241757702,test,A,random_forest,0.0
2024-12-24,2024-12-26,1,1,0.6854513159854128,test,A,random_forest,0.0
2024-12-26,2024-12-27,0,1,0.5868956835381239,test,A,random_forest,0.0
2024-12-27,2024-12-30,0,1,0.6762959581801966,test,A,random_forest,0.0
2024-12-30,2024-12-31,0,1,0.6916555826462539,test,A,random_forest,0.0
2024-10-01,2024-10-02,1,0,0.3615409684398298,test,A,random_forest,1.0
2024-10-02,2024-10-03,0,1,0.6940662483894834,test,A,random_forest,1.0
2024-10-03,2024-10-04,1,0,0.3305255359399617,test,A,random_forest,1.0
2024-10-04,2024-10-07,0,1,0.5843766889178478,test,A,random_forest,1.0
2024-10-07,2024-10-08,1,0,0.32257700678703166,test,A,random_forest,1.0
2024-10-08,2024-10-09,1,1,0.6008367282122515,test,A,random_forest,1.0
2024-10-09,2024-10-10,0,1,0.7206471942639628,test,A,random_forest,1.0
2024-10-10,2024-10-11,0,1,0.666321638401926,test,A,random_forest,1.0
2024-10-11,2024-10-14,1,1,0.5552306777570568,test,A,random_forest,1.0
2024-10-14,2024-10-15,1,1,0.528117909778996,test,A,random_forest,1.0
2024-10-15,2024-10-16,0,1,0.6456327133615885,test,A,random_forest,1.0
2024-10-16,2024-10-17,1,1,0.62557487544125,test,A,random_forest,1.0
2024-10-17,2024-10-18,1,0,0.4537004687063372,test,A,random_forest,1.0
2024-10-18,2024-10-21,1,1,0.5387569465352691,test,A,random_forest,1.0
2024-10-21,2024-10-22,0,1,0.6128097384467616,test,A,random_forest,1.0
2024-10-22,2024-10-23,0,1,0.6606576768955017,test,A,random_forest,1.0
2024-10-23,2024-10-24,0,0,0.3437846978662951,test,A,random_forest,1.0
2024-10-24,2024-10-25,1,0,0.39700376794533465,test,A,random_forest,1.0
2024-10-25,2024-10-28,1,0,0.3617195906942364,test,A,random_forest,1.0
2024-10-28,2024-10-29,1,0,0.4210206083290475,test,A,random_forest,1.0
2024-10-29,2024-10-30,0,1,0.6026342604088594,test,A,random_forest,1.0
2024-10-30,2024-10-31,0,0,0.3151686407618773,test,A,random_forest,1.0
2024-10-31,2024-11-01,0,0,0.24453541080508126,test,A,random_forest,1.0
2024-11-01,2024-11-04,0,0,0.25297739062262103,test,A,random_forest,1.0
2024-11-04,2024-11-05,1,0,0.3780384666021048,test,A,random_forest,1.0
2024-11-05,2024-11-06,0,1,0.5317741488115977,test,A,random_forest,1.0
2024-11-06,2024-11-07,1,0,0.45178406466244686,test,A,random_forest,1.0
2024-11-07,2024-11-08,0,0,0.38859968944104645,test,A,random_forest,1.0
2024-11-08,2024-11-11,0,0,0.34368725585374643,test,A,random_forest,1.0
2024-11-11,2024-11-12,0,0,0.37365569557105505,test,A,random_forest,1.0
2024-11-12,2024-11-13,1,0,0.4459200427268582,test,A,random_forest,1.0
2024-11-13,2024-11-14,1,0,0.33443053454587984,test,A,random_forest,1.0
2024-11-14,2024-11-15,0,0,0.4817276050446508,test,A,random_forest,1.0
2024-11-15,2024-11-18,1,0,0.409971141394879,test,A,random_forest,1.0
2024-11-18,2024-11-19,1,0,0.4765954480773601,test,A,random_forest,1.0
2024-11-19,2024-11-20,1,0,0.4804307741754387,test,A,random_forest,1.0
2024-11-20,2024-11-21,0,0,0.45266712108289303,test,A,random_forest,1.0
2024-11-21,2024-11-22,1,0,0.3389224260179618,test,A,random_forest,1.0
2024-11-22,2024-11-25,1,0,0.41649196479295236,test,A,random_forest,1.0
2024-11-25,2024-11-26,1,0,0.37227673505841924,test,A,random_forest,1.0
2024-11-26,2024-11-27,0,0,0.2796309997673754,test,A,random_forest,1.0
2024-11-27,2024-11-29,1,0,0.39570982683844735,test,A,random_forest,1.0
2024-11-29,2024-12-02,1,0,0.457030676080545,test,A,random_forest,1.0
2024-12-02,2024-12-03,1,0,0.49619361352703456,test,A,random_forest,1.0
2024-12-03,2024-12-04,1,1,0.5573213507219569,test,A,random_forest,1.0
2024-12-04,2024-12-05,1,1,0.5484973090229156,test,A,random_forest,1.0
2024-12-05,2024-12-06,0,1,0.5312553298691717,test,A,random_forest,1.0
2024-12-06,2024-12-09,1,1,0.5402057836411871,test,A,random_forest,1.0
2024-12-09,2024-12-10,1,1,0.5435783442730682,test,A,random_forest,1.0
2024-12-10,2024-12-11,0,1,0.6267465689200754,test,A,random_forest,1.0
2024-12-11,2024-12-12,1,1,0.6062694628255396,test,A,random_forest,1.0
2024-12-12,2024-12-13,1,1,0.5911107327858396,test,A,random_forest,1.0
2024-12-13,2024-12-16,1,1,0.5885502244374056,test,A,random_forest,1.0
2024-12-16,2024-12-17,1,1,0.572330560898604,test,A,random_forest,1.0
2024-12-17,2024-12-18,0,1,0.562959608984174,test,A,random_forest,1.0
2024-12-18,2024-12-19,1,1,0.6787008552256628,test,A,random_forest,1.0
2024-12-19,2024-12-20,1,1,0.738810206134909,test,A,random_forest,1.0
2024-12-20,2024-12-23,1,1,0.6224474013824335,test,A,random_forest,1.0
2024-12-23,2024-12-24,1,1,0.7067597780173555,test,A,random_forest,1.0
2024-12-24,2024-12-26,1,1,0.6625448455212292,test,A,random_forest,1.0
2024-12-26,2024-12-27,0,1,0.5646618676147775,test,A,random_forest,1.0
2024-12-27,2024-12-30,0,1,0.6267881502811096,test,A,random_forest,1.0
2024-12-30,2024-12-31,0,1,0.6595693765516732,test,A,random_forest,1.0
2024-10-01,2024-10-02,1,0,0.3978382212013119,test,A,random_forest,2.0
2024-10-02,2024-10-03,0,1,0.7531486959012934,test,A,random_forest,2.0
2024-10-03,2024-10-04,1,0,0.3346473521978954,test,A,random_forest,2.0
2024-10-04,2024-10-07,0,1,0.6266407755692754,test,A,random_forest,2.0
2024-10-07,2024-10-08,1,0,0.289148881390541,test,A,random_forest,2.0
2024-10-08,2024-10-09,1,1,0.6402284082586613,test,A,random_forest,2.0
2024-10-09,2024-10-10,0,1,0.7662485592975177,test,A,random_forest,2.0
2024-10-10,2024-10-11,0,1,0.6653224887718601,test,A,random_forest,2.0
2024-10-11,2024-10-14,1,1,0.5618989340503846,test,A,random_forest,2.0
2024-10-14,2024-10-15,1,1,0.5851072426273657,test,A,random_forest,2.0
2024-10-15,2024-10-16,0,1,0.6799210971470121,test,A,random_forest,2.0
2024-10-16,2024-10-17,1,1,0.6238905892932199,test,A,random_forest,2.0
2024-10-17,2024-10-18,1,0,0.4332081697198163,test,A,random_forest,2.0
2024-10-18,2024-10-21,1,1,0.6237476056884009,test,A,random_forest,2.0
2024-10-21,2024-10-22,0,1,0.6544131461666381,test,A,random_forest,2.0
2024-10-22,2024-10-23,0,1,0.7134199428037991,test,A,random_forest,2.0
2024-10-23,2024-10-24,0,0,0.3135775431621356,test,A,random_forest,2.0
2024-10-24,2024-10-25,1,0,0.39254259063582037,test,A,random_forest,2.0
2024-10-25,2024-10-28,1,0,0.4057261562114377,test,A,random_forest,2.0
2024-10-28,2024-10-29,1,0,0.4207968547565123,test,A,random_forest,2.0
2024-10-29,2024-10-30,0,1,0.6125053133164299,test,A,random_forest,2.0
2024-10-30,2024-10-31,0,0,0.2718634582266834,test,A,random_forest,2.0
2024-10-31,2024-11-01,0,0,0.2769265850158752,test,A,random_forest,2.0
2024-11-01,2024-11-04,0,0,0.279247682420032,test,A,random_forest,2.0
2024-11-04,2024-11-05,1,0,0.4379404100003633,test,A,random_forest,2.0
2024-11-05,2024-11-06,0,1,0.5354313858292024,test,A,random_forest,2.0
2024-11-06,2024-11-07,1,0,0.4770141542769471,test,A,random_forest,2.0
2024-11-07,2024-11-08,0,0,0.3964723004114276,test,A,random_forest,2.0
2024-11-08,2024-11-11,0,0,0.3601984512276534,test,A,random_forest,2.0
2024-11-11,2024-11-12,0,0,0.36598374086623187,test,A,random_forest,2.0
2024-11-12,2024-11-13,1,0,0.4344506752679975,test,A,random_forest,2.0
2024-11-13,2024-11-14,1,0,0.3621163705950751,test,A,random_forest,2.0
2024-11-14,2024-11-15,0,1,0.5272793681996457,test,A,random_forest,2.0
2024-11-15,2024-11-18,1,0,0.41447508132395483,test,A,random_forest,2.0
2024-11-18,2024-11-19,1,1,0.5215380017948427,test,A,random_forest,2.0
2024-11-19,2024-11-20,1,1,0.5020890232861887,test,A,random_forest,2.0
2024-11-20,2024-11-21,0,1,0.5070446003529605,test,A,random_forest,2.0
2024-11-21,2024-11-22,1,0,0.35990318525966863,test,A,random_forest,2.0
2024-11-22,2024-11-25,1,0,0.4481131589231176,test,A,random_forest,2.0
2024-11-25,2024-11-26,1,0,0.45091459657104555,test,A,random_forest,2.0
2024-11-26,2024-11-27,0,0,0.3155920426635824,test,A,random_forest,2.0
2024-11-27,2024-11-29,1,0,0.4208203704699491,test,A,random_forest,2.0
2024-11-29,2024-12-02,1,1,0.5214521171981585,test,A,random_forest,2.0
2024-12-02,2024-12-03,1,1,0.5626070124921483,test,A,random_forest,2.0
2024-12-03,2024-12-04,1,1,0.5960548493745162,test,A,random_forest,2.0
2024-12-04,2024-12-05,1,1,0.5856509834993538,test,A,random_forest,2.0
2024-12-05,2024-12-06,0,1,0.5693865029808415,test,A,random_forest,2.0
2024-12-06,2024-12-09,1,1,0.591580016692851,test,A,random_forest,2.0
2024-12-09,2024-12-10,1,1,0.5919682479728808,test,A,random_forest,2.0
2024-12-10,2024-12-11,0,1,0.668732575902538,test,A,random_forest,2.0
2024-12-11,2024-12-12,1,1,0.6451303345073377,test,A,random_forest,2.0
2024-12-12,2024-12-13,1,1,0.6721133324009418,test,A,random_forest,2.0
2024-12-13,2024-12-16,1,1,0.6532908395343311,test,A,random_forest,2.0
2024-12-16,2024-12-17,1,1,0.6238386892651531,test,A,random_forest,2.0
2024-12-17,2024-12-18,0,1,0.605925111122163,test,A,random_forest,2.0
2024-12-18,2024-12-19,1,1,0.6985423453204779,test,A,random_forest,2.0
2024-12-19,2024-12-20,1,1,0.8082701741547771,test,A,random_forest,2.0
2024-12-20,2024-12-23,1,1,0.6883253297455971,test,A,random_forest,2.0
2024-12-23,2024-12-24,1,1,0.7545663586747621,test,A,random_forest,2.0
2024-12-24,2024-12-26,1,1,0.709534697104821,test,A,random_forest,2.0
2024-12-26,2024-12-27,0,1,0.6117300459337528,test,A,random_forest,2.0
2024-12-27,2024-12-30,0,1,0.679088310142338,test,A,random_forest,2.0
2024-12-30,2024-12-31,0,1,0.675707999197449,test,A,random_forest,2.0
2024-07-01,2024-07-02,1,1,0.6885171754927149,validation,B,logistic_regression,42.0
2024-07-02,2024-07-03,1,1,0.6267181165117289,validation,B,logistic_regression,42.0
2024-07-03,2024-07-05,1,1,0.7750176151006782,validation,B,logistic_regression,42.0
2024-07-05,2024-07-08,1,1,0.698068128411259,validation,B,logistic_regression,42.0
2024-07-08,2024-07-09,1,1,0.5604318455696506,validation,B,logistic_regression,42.0
2024-07-09,2024-07-10,1,1,0.6594383530261946,validation,B,logistic_regression,42.0
2024-07-10,2024-07-11,0,1,0.738150451713469,validation,B,logistic_regression,42.0
2024-07-11,2024-07-12,1,1,0.5997185254262136,validation,B,logistic_regression,42.0
2024-07-12,2024-07-15,1,1,0.6350095428101101,validation,B,logistic_regression,42.0
2024-07-15,2024-07-16,1,1,0.5571470487721686,validation,B,logistic_regression,42.0
2024-07-16,2024-07-17,0,1,0.6888708936290783,validation,B,logistic_regression,42.0
2024-07-17,2024-07-18,0,1,0.6843273636092748,validation,B,logistic_regression,42.0
2024-07-18,2024-07-19,1,0,0.4502445497969051,validation,B,logistic_regression,42.0
2024-07-19,2024-07-22,0,1,0.5975205102571042,validation,B,logistic_regression,42.0
2024-07-22,2024-07-23,1,1,0.7759140341396077,validation,B,logistic_regression,42.0
2024-07-23,2024-07-24,0,1,0.8992176645431438,validation,B,logistic_regression,42.0
2024-07-24,2024-07-25,0,1,0.81313398025787,validation,B,logistic_regression,42.0
2024-07-25,2024-07-26,1,1,0.6690140022238746,validation,B,logistic_regression,42.0
2024-07-26,2024-07-29,1,1,0.52578272790527,validation,B,logistic_regression,42.0
2024-07-29,2024-07-30,1,1,0.7290337847616404,validation,B,logistic_regression,42.0
2024-07-30,2024-07-31,1,1,0.7770494662817318,validation,B,logistic_regression,42.0
2024-07-31,2024-08-01,0,0,0.4993996286306889,validation,B,logistic_regression,42.0
2024-08-01,2024-08-02,1,1,0.5532783273035348,validation,B,logistic_regression,42.0
2024-08-02,2024-08-05,0,1,0.5563704036757497,validation,B,logistic_regression,42.0
2024-08-05,2024-08-06,0,0,0.385159452601729,validation,B,logistic_regression,42.0
2024-08-06,2024-08-07,1,0,0.35371103821457706,validation,B,logistic_regression,42.0
2024-08-07,2024-08-08,1,0,0.4916895284553701,validation,B,logistic_regression,42.0
2024-08-08,2024-08-09,1,1,0.6280652086880864,validation,B,logistic_regression,42.0
2024-08-09,2024-08-12,1,1,0.7654308077547258,validation,B,logistic_regression,42.0
2024-08-12,2024-08-13,1,0,0.4603276383439627,validation,B,logistic_regression,42.0
2024-08-13,2024-08-14,1,0,0.28245351295051213,validation,B,logistic_regression,42.0
2024-08-14,2024-08-15,1,0,0.3576287657038362,validation,B,logistic_regression,42.0
2024-08-15,2024-08-16,1,0,0.409967700567717,validation,B,logistic_regression,42.0
2024-08-16,2024-08-19,0,0,0.4599764466283247,validation,B,logistic_regression,42.0
2024-08-19,2024-08-20,1,0,0.25316834851318587,validation,B,logistic_regression,42.0
2024-08-20,2024-08-21,0,0,0.2856428330429039,validation,B,logistic_regression,42.0
2024-08-21,2024-08-22,0,0,0.3328972771148363,validation,B,logistic_regression,42.0
2024-08-22,2024-08-23,1,0,0.4907175211307017,validation,B,logistic_regression,42.0
2024-08-23,2024-08-26,1,0,0.45363790365338286,validation,B,logistic_regression,42.0
2024-08-26,2024-08-27,1,1,0.5088023165965835,validation,B,logistic_regression,42.0
2024-08-27,2024-08-28,0,1,0.501860134345378,validation,B,logistic_regression,42.0
2024-08-28,2024-08-29,1,0,0.4191268975068275,validation,B,logistic_regression,42.0
2024-08-29,2024-08-30,0,0,0.4540914269954391,validation,B,logistic_regression,42.0
2024-08-30,2024-09-03,0,0,0.3405666179449162,validation,B,logistic_regression,42.0
2024-09-03,2024-09-04,0,1,0.726628231760012,validation,B,logistic_regression,42.0
2024-09-04,2024-09-05,1,1,0.6079183329608983,validation,B,logistic_regression,42.0
2024-09-05,2024-09-06,0,1,0.6184413396976999,validation,B,logistic_regression,42.0
2024-09-06,2024-09-09,1,1,0.8353305263658869,validation,B,logistic_regression,42.0
2024-09-09,2024-09-10,0,1,0.7109355034272505,validation,B,logistic_regression,42.0
2024-09-10,2024-09-11,1,1,0.554206200368443,validation,B,logistic_regression,42.0
2024-09-11,2024-09-12,1,1,0.5472636781550436,validation,B,logistic_regression,42.0
2024-09-12,2024-09-13,0,1,0.5789618140109632,validation,B,logistic_regression,42.0
2024-09-13,2024-09-16,0,0,0.488943563455421,validation,B,logistic_regression,42.0
2024-09-16,2024-09-17,1,0,0.2986333157553834,validation,B,logistic_regression,42.0
2024-09-17,2024-09-18,1,0,0.3241707082996835,validation,B,logistic_regression,42.0
2024-09-18,2024-09-19,1,1,0.5191133210322807,validation,B,logistic_regression,42.0
2024-09-19,2024-09-20,0,1,0.7050530037075657,validation,B,logistic_regression,42.0
2024-09-20,2024-09-23,0,0,0.49591715723728835,validation,B,logistic_regression,42.0
2024-09-23,2024-09-24,1,0,0.39275303031934955,validation,B,logistic_regression,42.0
2024-09-24,2024-09-25,0,0,0.23841553367051985,validation,B,logistic_regression,42.0
2024-09-25,2024-09-26,1,0,0.29737557718446783,validation,B,logistic_regression,42.0
2024-09-26,2024-09-27,1,1,0.6252481474726111,validation,B,logistic_regression,42.0
2024-09-27,2024-09-30,1,1,0.5787292682072067,validation,B,logistic_regression,42.0
2024-07-01,2024-07-02,1,1,0.6144506922224371,validation,B,random_forest,0.0
2024-07-02,2024-07-03,1,1,0.5755344789207748,validation,B,random_forest,0.0
2024-07-03,2024-07-05,1,1,0.650758781766133,validation,B,random_forest,0.0
2024-07-05,2024-07-08,1,1,0.6057287357251555,validation,B,random_forest,0.0
2024-07-08,2024-07-09,1,1,0.5540840174391126,validation,B,random_forest,0.0
2024-07-09,2024-07-10,1,1,0.5807173686557974,validation,B,random_forest,0.0
2024-07-10,2024-07-11,0,1,0.5654382128080141,validation,B,random_forest,0.0
2024-07-11,2024-07-12,1,1,0.6474373747775479,validation,B,random_forest,0.0
2024-07-12,2024-07-15,1,1,0.7337737589100315,validation,B,random_forest,0.0
2024-07-15,2024-07-16,1,1,0.712154511921428,validation,B,random_forest,0.0
2024-07-16,2024-07-17,0,1,0.6917888547795451,validation,B,random_forest,0.0
2024-07-17,2024-07-18,0,1,0.698553502314775,validation,B,random_forest,0.0
2024-07-18,2024-07-19,1,1,0.6056635821571847,validation,B,random_forest,0.0
2024-07-19,2024-07-22,0,1,0.6746155528075041,validation,B,random_forest,0.0
2024-07-22,2024-07-23,1,1,0.6581195229307262,validation,B,random_forest,0.0
2024-07-23,2024-07-24,0,1,0.7695370437802073,validation,B,random_forest,0.0
2024-07-24,2024-07-25,0,1,0.6087021373694143,validation,B,random_forest,0.0
2024-07-25,2024-07-26,1,1,0.5274160062644863,validation,B,random_forest,0.0
2024-07-26,2024-07-29,1,0,0.4624196724785271,validation,B,random_forest,0.0
2024-07-29,2024-07-30,1,1,0.7235445276959925,validation,B,random_forest,0.0
2024-07-30,2024-07-31,1,1,0.6255284685567422,validation,B,random_forest,0.0
2024-07-31,2024-08-01,0,0,0.3413694605870359,validation,B,random_forest,0.0
2024-08-01,2024-08-02,1,0,0.3802813554639115,validation,B,random_forest,0.0
2024-08-02,2024-08-05,0,1,0.5618845941314385,validation,B,random_forest,0.0
2024-08-05,2024-08-06,0,0,0.35220255191313155,validation,B,random_forest,0.0
2024-08-06,2024-08-07,1,0,0.37228010168312897,validation,B,random_forest,0.0
2024-08-07,2024-08-08,1,1,0.5371882489878214,validation,B,random_forest,0.0
2024-08-08,2024-08-09,1,1,0.5133575555807316,validation,B,random_forest,0.0
2024-08-09,2024-08-12,1,0,0.4841084073491607,validation,B,random_forest,0.0
2024-08-12,2024-08-13,1,0,0.3807096462690685,validation,B,random_forest,0.0
2024-08-13,2024-08-14,1,0,0.44005104156173613,validation,B,random_forest,0.0
2024-08-14,2024-08-15,1,0,0.35946336818838903,validation,B,random_forest,0.0
2024-08-15,2024-08-16,1,0,0.3805498897031576,validation,B,random_forest,0.0
2024-08-16,2024-08-19,0,0,0.3706842227381615,validation,B,random_forest,0.0
2024-08-19,2024-08-20,1,0,0.367691990448744,validation,B,random_forest,0.0
2024-08-20,2024-08-21,0,0,0.30422725142684887,validation,B,random_forest,0.0
2024-08-21,2024-08-22,0,1,0.5467128674459729,validation,B,random_forest,0.0
2024-08-22,2024-08-23,1,1,0.640526698094745,validation,B,random_forest,0.0
2024-08-23,2024-08-26,1,1,0.6259444981613508,validation,B,random_forest,0.0
2024-08-26,2024-08-27,1,1,0.6850976312798093,validation,B,random_forest,0.0
2024-08-27,2024-08-28,0,1,0.6447601784391058,validation,B,random_forest,0.0
2024-08-28,2024-08-29,1,1,0.5500965290035605,validation,B,random_forest,0.0
2024-08-29,2024-08-30,0,1,0.6670281349811784,validation,B,random_forest,0.0
2024-08-30,2024-09-03,0,1,0.6123292533598907,validation,B,random_forest,0.0
2024-09-03,2024-09-04,0,1,0.5835939292870091,validation,B,random_forest,0.0
2024-09-04,2024-09-05,1,1,0.5892348684232036,validation,B,random_forest,0.0
2024-09-05,2024-09-06,0,1,0.6692902972513692,validation,B,random_forest,0.0
2024-09-06,2024-09-09,1,1,0.7126575860199885,validation,B,random_forest,0.0
2024-09-09,2024-09-10,0,1,0.5564146777022524,validation,B,random_forest,0.0
2024-09-10,2024-09-11,1,0,0.3869916074608877,validation,B,random_forest,0.0
2024-09-11,2024-09-12,1,0,0.27306056231457754,validation,B,random_forest,0.0
2024-09-12,2024-09-13,0,0,0.26828920776085785,validation,B,random_forest,0.0
2024-09-13,2024-09-16,0,0,0.4343650019577492,validation,B,random_forest,0.0
2024-09-16,2024-09-17,1,0,0.25909440289752383,validation,B,random_forest,0.0
2024-09-17,2024-09-18,1,0,0.39557176967051416,validation,B,random_forest,0.0
2024-09-18,2024-09-19,1,0,0.49438696248355135,validation,B,random_forest,0.0
2024-09-19,2024-09-20,0,0,0.47902547523927325,validation,B,random_forest,0.0
2024-09-20,2024-09-23,0,0,0.38825657387986123,validation,B,random_forest,0.0
2024-09-23,2024-09-24,1,0,0.37606778928545653,validation,B,random_forest,0.0
2024-09-24,2024-09-25,0,0,0.3710457447843625,validation,B,random_forest,0.0
2024-09-25,2024-09-26,1,0,0.41058532618042776,validation,B,random_forest,0.0
2024-09-26,2024-09-27,1,0,0.3937044832945924,validation,B,random_forest,0.0
2024-09-27,2024-09-30,1,0,0.4364602070164823,validation,B,random_forest,0.0
2024-07-01,2024-07-02,1,1,0.6127098215015782,validation,B,random_forest,1.0
2024-07-02,2024-07-03,1,1,0.563660393694984,validation,B,random_forest,1.0
2024-07-03,2024-07-05,1,1,0.6253156403105828,validation,B,random_forest,1.0
2024-07-05,2024-07-08,1,1,0.5997714997280529,validation,B,random_forest,1.0
2024-07-08,2024-07-09,1,1,0.5358365421087072,validation,B,random_forest,1.0
2024-07-09,2024-07-10,1,1,0.5586249318814593,validation,B,random_forest,1.0
2024-07-10,2024-07-11,0,1,0.5191525648617497,validation,B,random_forest,1.0
2024-07-11,2024-07-12,1,1,0.6361059889234278,validation,B,random_forest,1.0
2024-07-12,2024-07-15,1,1,0.7129892029258429,validation,B,random_forest,1.0
2024-07-15,2024-07-16,1,1,0.7199009482425239,validation,B,random_forest,1.0
2024-07-16,2024-07-17,0,1,0.7097261625153335,validation,B,random_forest,1.0
2024-07-17,2024-07-18,0,1,0.6773075576782543,validation,B,random_forest,1.0
2024-07-18,2024-07-19,1,1,0.5300091300283198,validation,B,random_forest,1.0
2024-07-19,2024-07-22,0,1,0.694102576340645,validation,B,random_forest,1.0
2024-07-22,2024-07-23,1,1,0.6848430363549682,validation,B,random_forest,1.0
2024-07-23,2024-07-24,0,1,0.7604181540946636,validation,B,random_forest,1.0
2024-07-24,2024-07-25,0,1,0.5664315484847454,validation,B,random_forest,1.0
2024-07-25,2024-07-26,1,1,0.5241617736723326,validation,B,random_forest,1.0
2024-07-26,2024-07-29,1,0,0.43488873071500894,validation,B,random_forest,1.0
2024-07-29,2024-07-30,1,1,0.6793548360187728,validation,B,random_forest,1.0
2024-07-30,2024-07-31,1,1,0.6539559848193149,validation,B,random_forest,1.0
2024-07-31,2024-08-01,0,0,0.33038914595094077,validation,B,random_forest,1.0
2024-08-01,2024-08-02,1,0,0.3882742150354382,validation,B,random_forest,1.0
2024-08-02,2024-08-05,0,1,0.5777918446875553,validation,B,random_forest,1.0
2024-08-05,2024-08-06,0,0,0.3489918135604413,validation,B,random_forest,1.0
2024-08-06,2024-08-07,1,0,0.3759138676004621,validation,B,random_forest,1.0
2024-08-07,2024-08-08,1,1,0.5298287142082335,validation,B,random_forest,1.0
2024-08-08,2024-08-09,1,1,0.5344466739301147,validation,B,random_forest,1.0
2024-08-09,2024-08-12,1,1,0.5402058570433887,validation,B,random_forest,1.0
2024-08-12,2024-08-13,1,0,0.41705966096547514,validation,B,random_forest,1.0
2024-08-13,2024-08-14,1,0,0.40714165091325594,validation,B,random_forest,1.0
2024-08-14,2024-08-15,1,0,0.34997783769503227,validation,B,random_forest,1.0
2024-08-15,2024-08-16,1,0,0.3691986615127949,validation,B,random_forest,1.0
2024-08-16,2024-08-19,0,0,0.3790965297981177,validation,B,random_forest,1.0
2024-08-19,2024-08-20,1,0,0.34986080426435967,validation,B,random_forest,1.0
2024-08-20,2024-08-21,0,0,0.3386502815054668,validation,B,random_forest,1.0
2024-08-21,2024-08-22,0,1,0.5515552451673182,validation,B,random_forest,1.0
2024-08-22,2024-08-23,1,1,0.5964855326304243,validation,B,random_forest,1.0
2024-08-23,2024-08-26,1,1,0.5417686724457316,validation,B,random_forest,1.0
2024-08-26,2024-08-27,1,1,0.6601307046219596,validation,B,random_forest,1.0
2024-08-27,2024-08-28,0,1,0.5854919549221539,validation,B,random_forest,1.0
2024-08-28,2024-08-29,1,1,0.540571571523683,validation,B,random_forest,1.0
2024-08-29,2024-08-30,0,1,0.64183078376305,validation,B,random_forest,1.0
2024-08-30,2024-09-03,0,1,0.5976245876026519,validation,B,random_forest,1.0
2024-09-03,2024-09-04,0,1,0.5301536973262038,validation,B,random_forest,1.0
2024-09-04,2024-09-05,1,1,0.504065310331469,validation,B,random_forest,1.0
2024-09-05,2024-09-06,0,1,0.6460775193591598,validation,B,random_forest,1.0
2024-09-06,2024-09-09,1,1,0.6894440718593593,validation,B,random_forest,1.0
2024-09-09,2024-09-10,0,1,0.516126746713987,validation,B,random_forest,1.0
2024-09-10,2024-09-11,1,0,0.39634678017556907,validation,B,random_forest,1.0
2024-09-11,2024-09-12,1,0,0.2535261655441131,validation,B,random_forest,1.0
2024-09-12,2024-09-13,0,0,0.2557753975469525,validation,B,random_forest,1.0
2024-09-13,2024-09-16,0,0,0.40297995785703433,validation,B,random_forest,1.0
2024-09-16,2024-09-17,1,0,0.2696613153881406,validation,B,random_forest,1.0
2024-09-17,2024-09-18,1,0,0.3870132292399853,validation,B,random_forest,1.0
2024-09-18,2024-09-19,1,1,0.5066578281674949,validation,B,random_forest,1.0
2024-09-19,2024-09-20,0,0,0.4882715083070448,validation,B,random_forest,1.0
2024-09-20,2024-09-23,0,0,0.39713532517313604,validation,B,random_forest,1.0
2024-09-23,2024-09-24,1,0,0.344706523967953,validation,B,random_forest,1.0
2024-09-24,2024-09-25,0,0,0.36192783839449455,validation,B,random_forest,1.0
2024-09-25,2024-09-26,1,0,0.4232385655642964,validation,B,random_forest,1.0
2024-09-26,2024-09-27,1,0,0.36203225087138774,validation,B,random_forest,1.0
2024-09-27,2024-09-30,1,0,0.4260379104195363,validation,B,random_forest,1.0
2024-07-01,2024-07-02,1,1,0.6073209143353534,validation,B,random_forest,2.0
2024-07-02,2024-07-03,1,1,0.59339674222257,validation,B,random_forest,2.0
2024-07-03,2024-07-05,1,1,0.6462519027377412,validation,B,random_forest,2.0
2024-07-05,2024-07-08,1,1,0.6330743681453227,validation,B,random_forest,2.0
2024-07-08,2024-07-09,1,1,0.5606138821557841,validation,B,random_forest,2.0
2024-07-09,2024-07-10,1,1,0.5974432018929342,validation,B,random_forest,2.0
2024-07-10,2024-07-11,0,1,0.590601733345482,validation,B,random_forest,2.0
2024-07-11,2024-07-12,1,1,0.6271398965968522,validation,B,random_forest,2.0
2024-07-12,2024-07-15,1,1,0.7462682412902605,validation,B,random_forest,2.0
2024-07-15,2024-07-16,1,1,0.7034754896273263,validation,B,random_forest,2.0
2024-07-16,2024-07-17,0,1,0.7132720968325447,validation,B,random_forest,2.0
2024-07-17,2024-07-18,0,1,0.6860532214944891,validation,B,random_forest,2.0
2024-07-18,2024-07-19,1,1,0.5946816606743274,validation,B,random_forest,2.0
2024-07-19,2024-07-22,0,1,0.6764812974124373,validation,B,random_forest,2.0
2024-07-22,2024-07-23,1,1,0.6680563503288505,validation,B,random_forest,2.0
2024-07-23,2024-07-24,0,1,0.7684522394919385,validation,B,random_forest,2.0
2024-07-24,2024-07-25,0,1,0.613620224480721,validation,B,random_forest,2.0
2024-07-25,2024-07-26,1,1,0.5556680038420577,validation,B,random_forest,2.0
2024-07-26,2024-07-29,1,0,0.4433584872868934,validation,B,random_forest,2.0
2024-07-29,2024-07-30,1,1,0.7001886460285242,validation,B,random_forest,2.0
2024-07-30,2024-07-31,1,1,0.6474422835623487,validation,B,random_forest,2.0
2024-07-31,2024-08-01,0,0,0.34553052699323566,validation,B,random_forest,2.0
2024-08-01,2024-08-02,1,0,0.40220728097055597,validation,B,random_forest,2.0
2024-08-02,2024-08-05,0,1,0.5989768594729348,validation,B,random_forest,2.0
2024-08-05,2024-08-06,0,0,0.374607162915431,validation,B,random_forest,2.0
2024-08-06,2024-08-07,1,0,0.39885873079199885,validation,B,random_forest,2.0
2024-08-07,2024-08-08,1,1,0.535568023758029,validation,B,random_forest,2.0
2024-08-08,2024-08-09,1,1,0.5173687061045951,validation,B,random_forest,2.0
2024-08-09,2024-08-12,1,0,0.49267687065691157,validation,B,random_forest,2.0
2024-08-12,2024-08-13,1,0,0.39554730808704347,validation,B,random_forest,2.0
2024-08-13,2024-08-14,1,0,0.46762817318372735,validation,B,random_forest,2.0
2024-08-14,2024-08-15,1,0,0.3634184822570385,validation,B,random_forest,2.0
2024-08-15,2024-08-16,1,0,0.4059980931891496,validation,B,random_forest,2.0
2024-08-16,2024-08-19,0,0,0.37819785213395146,validation,B,random_forest,2.0
2024-08-19,2024-08-20,1,0,0.3798860789305269,validation,B,random_forest,2.0
2024-08-20,2024-08-21,0,0,0.34998871495480494,validation,B,random_forest,2.0
2024-08-21,2024-08-22,0,1,0.5709422394908383,validation,B,random_forest,2.0
2024-08-22,2024-08-23,1,1,0.6268291947704009,validation,B,random_forest,2.0
2024-08-23,2024-08-26,1,1,0.6252155650486214,validation,B,random_forest,2.0
2024-08-26,2024-08-27,1,1,0.7129509071207536,validation,B,random_forest,2.0
2024-08-27,2024-08-28,0,1,0.6446632202047985,validation,B,random_forest,2.0
2024-08-28,2024-08-29,1,1,0.5984511055107156,validation,B,random_forest,2.0
2024-08-29,2024-08-30,0,1,0.6510008839835696,validation,B,random_forest,2.0
2024-08-30,2024-09-03,0,1,0.6113924538406271,validation,B,random_forest,2.0
2024-09-03,2024-09-04,0,1,0.5574456954831896,validation,B,random_forest,2.0
2024-09-04,2024-09-05,1,1,0.5332427759484285,validation,B,random_forest,2.0
2024-09-05,2024-09-06,0,1,0.649498788480565,validation,B,random_forest,2.0
2024-09-06,2024-09-09,1,1,0.7185927565067395,validation,B,random_forest,2.0
2024-09-09,2024-09-10,0,1,0.5550226396682303,validation,B,random_forest,2.0
2024-09-10,2024-09-11,1,0,0.3975555821474008,validation,B,random_forest,2.0
2024-09-11,2024-09-12,1,0,0.24710959378516237,validation,B,random_forest,2.0
2024-09-12,2024-09-13,0,0,0.22984983308190352,validation,B,random_forest,2.0
2024-09-13,2024-09-16,0,0,0.38605106339829154,validation,B,random_forest,2.0
2024-09-16,2024-09-17,1,0,0.25355666561483253,validation,B,random_forest,2.0
2024-09-17,2024-09-18,1,0,0.3849395072854807,validation,B,random_forest,2.0
2024-09-18,2024-09-19,1,0,0.4994854638922946,validation,B,random_forest,2.0
2024-09-19,2024-09-20,0,0,0.48368981603458566,validation,B,random_forest,2.0
2024-09-20,2024-09-23,0,0,0.3954528186771313,validation,B,random_forest,2.0
2024-09-23,2024-09-24,1,0,0.3533854990227778,validation,B,random_forest,2.0
2024-09-24,2024-09-25,0,0,0.3637797631914715,validation,B,random_forest,2.0
2024-09-25,2024-09-26,1,0,0.44351100281095446,validation,B,random_forest,2.0
2024-09-26,2024-09-27,1,0,0.40479557718482584,validation,B,random_forest,2.0
2024-09-27,2024-09-30,1,0,0.47497634524817606,validation,B,random_forest,2.0
2024-10-01,2024-10-02,1,1,0.570769986278523,test,B,logistic_regression,42.0
2024-10-02,2024-10-03,0,1,0.600828878149066,test,B,logistic_regression,42.0
2024-10-03,2024-10-04,1,0,0.3327379340769917,test,B,logistic_regression,42.0
2024-10-04,2024-10-07,0,1,0.5350458782397436,test,B,logistic_regression,42.0
2024-10-07,2024-10-08,1,1,0.6430066981034116,test,B,logistic_regression,42.0
2024-10-08,2024-10-09,1,1,0.5971471630492192,test,B,logistic_regression,42.0
2024-10-09,2024-10-10,0,1,0.6306290089736654,test,B,logistic_regression,42.0
2024-10-10,2024-10-11,0,1,0.6795835469236718,test,B,logistic_regression,42.0
2024-10-11,2024-10-14,1,1,0.5645043193200534,test,B,logistic_regression,42.0
2024-10-14,2024-10-15,1,1,0.5129981669533096,test,B,logistic_regression,42.0
2024-10-15,2024-10-16,0,1,0.6729781805752039,test,B,logistic_regression,42.0
2024-10-16,2024-10-17,1,1,0.6317548031542534,test,B,logistic_regression,42.0
2024-10-17,2024-10-18,1,0,0.48921491170732145,test,B,logistic_regression,42.0
2024-10-18,2024-10-21,1,0,0.38947164013581187,test,B,logistic_regression,42.0
2024-10-21,2024-10-22,0,1,0.5377229190369708,test,B,logistic_regression,42.0
2024-10-22,2024-10-23,0,1,0.5433030485514339,test,B,logistic_regression,42.0
2024-10-23,2024-10-24,0,0,0.43504586943178436,test,B,logistic_regression,42.0
2024-10-24,2024-10-25,1,0,0.3346177136951556,test,B,logistic_regression,42.0
2024-10-25,2024-10-28,1,0,0.4510906316148649,test,B,logistic_regression,42.0
2024-10-28,2024-10-29,1,1,0.5739463159886986,test,B,logistic_regression,42.0
2024-10-29,2024-10-30,0,1,0.594661768977351,test,B,logistic_regression,42.0
2024-10-30,2024-10-31,0,0,0.47150008825462886,test,B,logistic_regression,42.0
2024-10-31,2024-11-01,0,0,0.4515484161565963,test,B,logistic_regression,42.0
2024-11-01,2024-11-04,0,0,0.3103650565105562,test,B,logistic_regression,42.0
2024-11-04,2024-11-05,1,1,0.5788054997907679,test,B,logistic_regression,42.0
2024-11-05,2024-11-06,0,1,0.658183381876108,test,B,logistic_regression,42.0
2024-11-06,2024-11-07,1,1,0.5038155453101436,test,B,logistic_regression,42.0
2024-11-07,2024-11-08,0,1,0.610938573249143,test,B,logistic_regression,42.0
2024-11-08,2024-11-11,0,0,0.4967615534074511,test,B,logistic_regression,42.0
2024-11-11,2024-11-12,0,0,0.4092428945336955,test,B,logistic_regression,42.0
2024-11-12,2024-11-13,1,0,0.30758465710363125,test,B,logistic_regression,42.0
2024-11-13,2024-11-14,1,0,0.34623306035445034,test,B,logistic_regression,42.0
2024-11-14,2024-11-15,0,1,0.6119334643216816,test,B,logistic_regression,42.0
2024-11-15,2024-11-18,1,1,0.5025430194769923,test,B,logistic_regression,42.0
2024-11-18,2024-11-19,1,0,0.41788858855765304,test,B,logistic_regression,42.0
2024-11-19,2024-11-20,1,0,0.2976963231789959,test,B,logistic_regression,42.0
2024-11-20,2024-11-21,0,1,0.5144771902733664,test,B,logistic_regression,42.0
2024-11-21,2024-11-22,1,0,0.42458505915319456,test,B,logistic_regression,42.0
2024-11-22,2024-11-25,1,0,0.37137488096930243,test,B,logistic_regression,42.0
2024-11-25,2024-11-26,1,0,0.38980156006117683,test,B,logistic_regression,42.0
2024-11-26,2024-11-27,0,0,0.42482275943964426,test,B,logistic_regression,42.0
2024-11-27,2024-11-29,1,0,0.48511218896342834,test,B,logistic_regression,42.0
2024-11-29,2024-12-02,1,0,0.46849730666957934,test,B,logistic_regression,42.0
2024-12-02,2024-12-03,1,0,0.42964318663859624,test,B,logistic_regression,42.0
2024-12-03,2024-12-04,1,1,0.594182829067217,test,B,logistic_regression,42.0
2024-12-04,2024-12-05,1,0,0.48047183944463184,test,B,logistic_regression,42.0
2024-12-05,2024-12-06,0,0,0.49807467407931616,test,B,logistic_regression,42.0
2024-12-06,2024-12-09,1,0,0.3830107906366189,test,B,logistic_regression,42.0
2024-12-09,2024-12-10,1,1,0.613290641619535,test,B,logistic_regression,42.0
2024-12-10,2024-12-11,0,1,0.6590591668788429,test,B,logistic_regression,42.0
2024-12-11,2024-12-12,1,1,0.5815252775264926,test,B,logistic_regression,42.0
2024-12-12,2024-12-13,1,1,0.6139616566439368,test,B,logistic_regression,42.0
2024-12-13,2024-12-16,1,0,0.4798853623830776,test,B,logistic_regression,42.0
2024-12-16,2024-12-17,1,1,0.6820183476625822,test,B,logistic_regression,42.0
2024-12-17,2024-12-18,0,1,0.7097820550916163,test,B,logistic_regression,42.0
2024-12-18,2024-12-19,1,1,0.7195677535665391,test,B,logistic_regression,42.0
2024-12-19,2024-12-20,1,1,0.6507928344168844,test,B,logistic_regression,42.0
2024-12-20,2024-12-23,1,1,0.6108894058475467,test,B,logistic_regression,42.0
2024-12-23,2024-12-24,1,1,0.7416328230465918,test,B,logistic_regression,42.0
2024-12-24,2024-12-26,1,1,0.772602788933477,test,B,logistic_regression,42.0
2024-12-26,2024-12-27,0,1,0.6008578661557065,test,B,logistic_regression,42.0
2024-12-27,2024-12-30,0,1,0.6211588536441582,test,B,logistic_regression,42.0
2024-12-30,2024-12-31,0,1,0.6007430880035616,test,B,logistic_regression,42.0
2024-10-01,2024-10-02,1,0,0.3893255512230626,test,B,random_forest,0.0
2024-10-02,2024-10-03,0,1,0.7213098441141645,test,B,random_forest,0.0
2024-10-03,2024-10-04,1,0,0.4355058804899452,test,B,random_forest,0.0
2024-10-04,2024-10-07,0,1,0.6116227236612851,test,B,random_forest,0.0
2024-10-07,2024-10-08,1,0,0.3141673762931256,test,B,random_forest,0.0
2024-10-08,2024-10-09,1,1,0.6119742348592548,test,B,random_forest,0.0
2024-10-09,2024-10-10,0,1,0.7294535899889772,test,B,random_forest,0.0
2024-10-10,2024-10-11,0,1,0.6511324505474159,test,B,random_forest,0.0
2024-10-11,2024-10-14,1,1,0.5527752871509943,test,B,random_forest,0.0
2024-10-14,2024-10-15,1,1,0.5423447534127235,test,B,random_forest,0.0
2024-10-15,2024-10-16,0,1,0.6979236217701369,test,B,random_forest,0.0
2024-10-16,2024-10-17,1,1,0.6231951831874791,test,B,random_forest,0.0
2024-10-17,2024-10-18,1,0,0.44531713617148416,test,B,random_forest,0.0
2024-10-18,2024-10-21,1,1,0.6041298762558303,test,B,random_forest,0.0
2024-10-21,2024-10-22,0,1,0.6387585420873876,test,B,random_forest,0.0
2024-10-22,2024-10-23,0,1,0.6610033425934237,test,B,random_forest,0.0
2024-10-23,2024-10-24,0,0,0.3070333680350111,test,B,random_forest,0.0
2024-10-24,2024-10-25,1,0,0.3378264285134493,test,B,random_forest,0.0
2024-10-25,2024-10-28,1,0,0.40890752097962196,test,B,random_forest,0.0
2024-10-28,2024-10-29,1,0,0.47265485946937486,test,B,random_forest,0.0
2024-10-29,2024-10-30,0,1,0.5821890142313505,test,B,random_forest,0.0
2024-10-30,2024-10-31,0,0,0.27319757012925955,test,B,random_forest,0.0
2024-10-31,2024-11-01,0,0,0.40398912150290406,test,B,random_forest,0.0
2024-11-01,2024-11-04,0,0,0.3145468073769002,test,B,random_forest,0.0
2024-11-04,2024-11-05,1,0,0.4923061275642962,test,B,random_forest,0.0
2024-11-05,2024-11-06,0,1,0.591499874613475,test,B,random_forest,0.0
2024-11-06,2024-11-07,1,0,0.36842560302676913,test,B,random_forest,0.0
2024-11-07,2024-11-08,0,0,0.3627949251339783,test,B,random_forest,0.0
2024-11-08,2024-11-11,0,0,0.33320313959924014,test,B,random_forest,0.0
2024-11-11,2024-11-12,0,0,0.31359279965664494,test,B,random_forest,0.0
2024-11-12,2024-11-13,1,0,0.430553845494792,test,B,random_forest,0.0
2024-11-13,2024-11-14,1,0,0.35311503996126603,test,B,random_forest,0.0
2024-11-14,2024-11-15,0,1,0.6288206357718548,test,B,random_forest,0.0
2024-11-15,2024-11-18,1,1,0.5433249065501116,test,B,random_forest,0.0
2024-11-18,2024-11-19,1,1,0.5103021438431543,test,B,random_forest,0.0
2024-11-19,2024-11-20,1,1,0.521094210690647,test,B,random_forest,0.0
2024-11-20,2024-11-21,0,1,0.5283701632357927,test,B,random_forest,0.0
2024-11-21,2024-11-22,1,0,0.38424361905387505,test,B,random_forest,0.0
2024-11-22,2024-11-25,1,0,0.38659899413385584,test,B,random_forest,0.0
2024-11-25,2024-11-26,1,0,0.43170621811329263,test,B,random_forest,0.0
2024-11-26,2024-11-27,0,0,0.2707700281416716,test,B,random_forest,0.0
2024-11-27,2024-11-29,1,0,0.4492030622322457,test,B,random_forest,0.0
2024-11-29,2024-12-02,1,1,0.5000507336103507,test,B,random_forest,0.0
2024-12-02,2024-12-03,1,1,0.5347986000870021,test,B,random_forest,0.0
2024-12-03,2024-12-04,1,1,0.5979606315041821,test,B,random_forest,0.0
2024-12-04,2024-12-05,1,1,0.5347633510870875,test,B,random_forest,0.0
2024-12-05,2024-12-06,0,1,0.541869198323405,test,B,random_forest,0.0
2024-12-06,2024-12-09,1,1,0.5268703349158318,test,B,random_forest,0.0
2024-12-09,2024-12-10,1,1,0.6115150239079807,test,B,random_forest,0.0
2024-12-10,2024-12-11,0,1,0.6857884935232721,test,B,random_forest,0.0
2024-12-11,2024-12-12,1,1,0.6257880187568791,test,B,random_forest,0.0
2024-12-12,2024-12-13,1,1,0.6817226651021807,test,B,random_forest,0.0
2024-12-13,2024-12-16,1,1,0.6579792828265617,test,B,random_forest,0.0
2024-12-16,2024-12-17,1,1,0.5845392324010494,test,B,random_forest,0.0
2024-12-17,2024-12-18,0,1,0.5953304842663727,test,B,random_forest,0.0
2024-12-18,2024-12-19,1,1,0.7331082330530004,test,B,random_forest,0.0
2024-12-19,2024-12-20,1,1,0.8020844238943843,test,B,random_forest,0.0
2024-12-20,2024-12-23,1,1,0.7042958995352291,test,B,random_forest,0.0
2024-12-23,2024-12-24,1,1,0.7503678231708512,test,B,random_forest,0.0
2024-12-24,2024-12-26,1,1,0.7244600919036466,test,B,random_forest,0.0
2024-12-26,2024-12-27,0,1,0.608559241861725,test,B,random_forest,0.0
2024-12-27,2024-12-30,0,1,0.655189127410103,test,B,random_forest,0.0
2024-12-30,2024-12-31,0,1,0.6896045608045722,test,B,random_forest,0.0
2024-10-01,2024-10-02,1,0,0.3639511822010808,test,B,random_forest,1.0
2024-10-02,2024-10-03,0,1,0.691515250395467,test,B,random_forest,1.0
2024-10-03,2024-10-04,1,0,0.4366920743455078,test,B,random_forest,1.0
2024-10-04,2024-10-07,0,1,0.5864274427653285,test,B,random_forest,1.0
2024-10-07,2024-10-08,1,0,0.34108531223116756,test,B,random_forest,1.0
2024-10-08,2024-10-09,1,1,0.5582869183992659,test,B,random_forest,1.0
2024-10-09,2024-10-10,0,1,0.7241154335619209,test,B,random_forest,1.0
2024-10-10,2024-10-11,0,1,0.6233625033283087,test,B,random_forest,1.0
2024-10-11,2024-10-14,1,1,0.5323140013205353,test,B,random_forest,1.0
2024-10-14,2024-10-15,1,1,0.5164710625235222,test,B,random_forest,1.0
2024-10-15,2024-10-16,0,1,0.6956439672246301,test,B,random_forest,1.0
2024-10-16,2024-10-17,1,1,0.5630400706068879,test,B,random_forest,1.0
2024-10-17,2024-10-18,1,0,0.44557874136685,test,B,random_forest,1.0
2024-10-18,2024-10-21,1,1,0.5572723895659073,test,B,random_forest,1.0
2024-10-21,2024-10-22,0,1,0.6212994450789182,test,B,random_forest,1.0
2024-10-22,2024-10-23,0,1,0.6036088557554345,test,B,random_forest,1.0
2024-10-23,2024-10-24,0,0,0.322662185337911,test,B,random_forest,1.0
2024-10-24,2024-10-25,1,0,0.3695020387818338,test,B,random_forest,1.0
2024-10-25,2024-10-28,1,0,0.41251357897662994,test,B,random_forest,1.0
2024-10-28,2024-10-29,1,1,0.5347389096822123,test,B,random_forest,1.0
2024-10-29,2024-10-30,0,1,0.575857236452319,test,B,random_forest,1.0
2024-10-30,2024-10-31,0,0,0.27452080479475893,test,B,random_forest,1.0
2024-10-31,2024-11-01,0,0,0.37519478449306837,test,B,random_forest,1.0
2024-11-01,2024-11-04,0,0,0.2863607685167373,test,B,random_forest,1.0
2024-11-04,2024-11-05,1,0,0.4589737808153611,test,B,random_forest,1.0
2024-11-05,2024-11-06,0,1,0.5559168857386704,test,B,random_forest,1.0
2024-11-06,2024-11-07,1,0,0.3844118240768347,test,B,random_forest,1.0
2024-11-07,2024-11-08,0,0,0.3347880440143059,test,B,random_forest,1.0
2024-11-08,2024-11-11,0,0,0.3439381941949805,test,B,random_forest,1.0
2024-11-11,2024-11-12,0,0,0.3241340424441975,test,B,random_forest,1.0
2024-11-12,2024-11-13,1,0,0.4183562150138051,test,B,random_forest,1.0
2024-11-13,2024-11-14,1,0,0.33443457425502154,test,B,random_forest,1.0
2024-11-14,2024-11-15,0,1,0.6297359818008877,test,B,random_forest,1.0
2024-11-15,2024-11-18,1,1,0.5381427257443717,test,B,random_forest,1.0
2024-11-18,2024-11-19,1,1,0.5574400046975908,test,B,random_forest,1.0
2024-11-19,2024-11-20,1,1,0.5523330170209988,test,B,random_forest,1.0
2024-11-20,2024-11-21,0,1,0.543903257249076,test,B,random_forest,1.0
2024-11-21,2024-11-22,1,0,0.3585402053709222,test,B,random_forest,1.0
2024-11-22,2024-11-25,1,0,0.3784992358540685,test,B,random_forest,1.0
2024-11-25,2024-11-26,1,0,0.4326326123599706,test,B,random_forest,1.0
2024-11-26,2024-11-27,0,0,0.30977639784029193,test,B,random_forest,1.0
2024-11-27,2024-11-29,1,0,0.47245680531558737,test,B,random_forest,1.0
2024-11-29,2024-12-02,1,0,0.46604992052437344,test,B,random_forest,1.0
2024-12-02,2024-12-03,1,1,0.514040539066532,test,B,random_forest,1.0
2024-12-03,2024-12-04,1,1,0.564597823990995,test,B,random_forest,1.0
2024-12-04,2024-12-05,1,1,0.5580914586056235,test,B,random_forest,1.0
2024-12-05,2024-12-06,0,1,0.5771064604742645,test,B,random_forest,1.0
2024-12-06,2024-12-09,1,1,0.5311152967161025,test,B,random_forest,1.0
2024-12-09,2024-12-10,1,1,0.6080254552175727,test,B,random_forest,1.0
2024-12-10,2024-12-11,0,1,0.6534118738206861,test,B,random_forest,1.0
2024-12-11,2024-12-12,1,1,0.5792499447560892,test,B,random_forest,1.0
2024-12-12,2024-12-13,1,1,0.6363453009109996,test,B,random_forest,1.0
2024-12-13,2024-12-16,1,1,0.6242456599002483,test,B,random_forest,1.0
2024-12-16,2024-12-17,1,1,0.5229719980428681,test,B,random_forest,1.0
2024-12-17,2024-12-18,0,1,0.5657703439264061,test,B,random_forest,1.0
2024-12-18,2024-12-19,1,1,0.7333308056628234,test,B,random_forest,1.0
2024-12-19,2024-12-20,1,1,0.8229324758356171,test,B,random_forest,1.0
2024-12-20,2024-12-23,1,1,0.7222391864535492,test,B,random_forest,1.0
2024-12-23,2024-12-24,1,1,0.7237436894231105,test,B,random_forest,1.0
2024-12-24,2024-12-26,1,1,0.6962235161042915,test,B,random_forest,1.0
2024-12-26,2024-12-27,0,1,0.5925374082745537,test,B,random_forest,1.0
2024-12-27,2024-12-30,0,1,0.6544400477064395,test,B,random_forest,1.0
2024-12-30,2024-12-31,0,1,0.6527603035488573,test,B,random_forest,1.0
2024-10-01,2024-10-02,1,0,0.3977796151851066,test,B,random_forest,2.0
2024-10-02,2024-10-03,0,1,0.7264275109463001,test,B,random_forest,2.0
2024-10-03,2024-10-04,1,0,0.3871452077033307,test,B,random_forest,2.0
2024-10-04,2024-10-07,0,1,0.5983988475235537,test,B,random_forest,2.0
2024-10-07,2024-10-08,1,0,0.30238644853471436,test,B,random_forest,2.0
2024-10-08,2024-10-09,1,1,0.5597163300318859,test,B,random_forest,2.0
2024-10-09,2024-10-10,0,1,0.761346076121444,test,B,random_forest,2.0
2024-10-10,2024-10-11,0,1,0.6115786437867613,test,B,random_forest,2.0
2024-10-11,2024-10-14,1,1,0.533526046308541,test,B,random_forest,2.0
2024-10-14,2024-10-15,1,1,0.5510308500477522,test,B,random_forest,2.0
2024-10-15,2024-10-16,0,1,0.6730575727569672,test,B,random_forest,2.0
2024-10-16,2024-10-17,1,1,0.6049206158299677,test,B,random_forest,2.0
2024-10-17,2024-10-18,1,0,0.47373376450235327,test,B,random_forest,2.0
2024-10-18,2024-10-21,1,1,0.5698781732487368,test,B,random_forest,2.0
2024-10-21,2024-10-22,0,1,0.613690191663778,test,B,random_forest,2.0
2024-10-22,2024-10-23,0,1,0.6501994965591015,test,B,random_forest,2.0
2024-10-23,2024-10-24,0,0,0.341638372645581,test,B,random_forest,2.0
2024-10-24,2024-10-25,1,0,0.3438073409960428,test,B,random_forest,2.0
2024-10-25,2024-10-28,1,0,0.4195837187901998,test,B,random_forest,2.0
2024-10-28,2024-10-29,1,1,0.5286660081267238,test,B,random_forest,2.0
2024-10-29,2024-10-30,0,1,0.5632662113770246,test,B,random_forest,2.0
2024-10-30,2024-10-31,0,0,0.29504307178972944,test,B,random_forest,2.0
2024-10-31,2024-11-01,0,0,0.4042392486408114,test,B,random_forest,2.0
2024-11-01,2024-11-04,0,0,0.29415242224198673,test,B,random_forest,2.0
2024-11-04,2024-11-05,1,0,0.4765606284352565,test,B,random_forest,2.0
2024-11-05,2024-11-06,0,1,0.5815141159770739,test,B,random_forest,2.0
2024-11-06,2024-11-07,1,0,0.3899357817828784,test,B,random_forest,2.0
2024-11-07,2024-11-08,0,0,0.3263067688002993,test,B,random_forest,2.0
2024-11-08,2024-11-11,0,0,0.33229124089441076,test,B,random_forest,2.0
2024-11-11,2024-11-12,0,0,0.31928899438386454,test,B,random_forest,2.0
2024-11-12,2024-11-13,1,0,0.36806290993255025,test,B,random_forest,2.0
2024-11-13,2024-11-14,1,0,0.3345289718171091,test,B,random_forest,2.0
2024-11-14,2024-11-15,0,1,0.6409454260870482,test,B,random_forest,2.0
2024-11-15,2024-11-18,1,1,0.5818791353575272,test,B,random_forest,2.0
2024-11-18,2024-11-19,1,1,0.5478285426650917,test,B,random_forest,2.0
2024-11-19,2024-11-20,1,1,0.5703988016720657,test,B,random_forest,2.0
2024-11-20,2024-11-21,0,1,0.5651221800833126,test,B,random_forest,2.0
2024-11-21,2024-11-22,1,0,0.3989098922921785,test,B,random_forest,2.0
2024-11-22,2024-11-25,1,0,0.41054060091252126,test,B,random_forest,2.0
2024-11-25,2024-11-26,1,0,0.47477273680124504,test,B,random_forest,2.0
2024-11-26,2024-11-27,0,0,0.3030700341331262,test,B,random_forest,2.0
2024-11-27,2024-11-29,1,0,0.46609737491432973,test,B,random_forest,2.0
2024-11-29,2024-12-02,1,1,0.5141579838028576,test,B,random_forest,2.0
2024-12-02,2024-12-03,1,1,0.5368148003162838,test,B,random_forest,2.0
2024-12-03,2024-12-04,1,1,0.6065568853956452,test,B,random_forest,2.0
2024-12-04,2024-12-05,1,1,0.5425109211393827,test,B,random_forest,2.0
2024-12-05,2024-12-06,0,1,0.5408513269928484,test,B,random_forest,2.0
2024-12-06,2024-12-09,1,1,0.5131223369260914,test,B,random_forest,2.0
2024-12-09,2024-12-10,1,1,0.5964872814728985,test,B,random_forest,2.0
2024-12-10,2024-12-11,0,1,0.6688556543408005,test,B,random_forest,2.0
2024-12-11,2024-12-12,1,1,0.6077101851966186,test,B,random_forest,2.0
2024-12-12,2024-12-13,1,1,0.6457176588860813,test,B,random_forest,2.0
2024-12-13,2024-12-16,1,1,0.6421450452941354,test,B,random_forest,2.0
2024-12-16,2024-12-17,1,1,0.5732859845022185,test,B,random_forest,2.0
2024-12-17,2024-12-18,0,1,0.5796905520178623,test,B,random_forest,2.0
2024-12-18,2024-12-19,1,1,0.7338444829363836,test,B,random_forest,2.0
2024-12-19,2024-12-20,1,1,0.821859804635836,test,B,random_forest,2.0
2024-12-20,2024-12-23,1,1,0.7183326325641197,test,B,random_forest,2.0
2024-12-23,2024-12-24,1,1,0.7549315947303851,test,B,random_forest,2.0
2024-12-24,2024-12-26,1,1,0.7421909217196246,test,B,random_forest,2.0
2024-12-26,2024-12-27,0,1,0.5823370281123538,test,B,random_forest,2.0
2024-12-27,2024-12-30,0,1,0.6334353630460927,test,B,random_forest,2.0
2024-12-30,2024-12-31,0,1,0.6762915622087127,test,B,random_forest,2.0
2024-07-01,2024-07-02,1,1,0.6547869808789016,validation,C,logistic_regression,42.0
2024-07-02,2024-07-03,1,1,0.640692582983214,validation,C,logistic_regression,42.0
2024-07-03,2024-07-05,1,1,0.674172436058339,validation,C,logistic_regression,42.0
2024-07-05,2024-07-08,1,1,0.7142077197667125,validation,C,logistic_regression,42.0
2024-07-08,2024-07-09,1,0,0.4974069829656422,validation,C,logistic_regression,42.0
2024-07-09,2024-07-10,1,1,0.5527018040431362,validation,C,logistic_regression,42.0
2024-07-10,2024-07-11,0,1,0.7031104856295797,validation,C,logistic_regression,42.0
2024-07-11,2024-07-12,1,1,0.5433233779217089,validation,C,logistic_regression,42.0
2024-07-12,2024-07-15,1,1,0.5834575073030869,validation,C,logistic_regression,42.0
2024-07-15,2024-07-16,1,0,0.4919952838853005,validation,C,logistic_regression,42.0
2024-07-16,2024-07-17,0,1,0.6364909112073904,validation,C,logistic_regression,42.0
2024-07-17,2024-07-18,0,1,0.5526435167420004,validation,C,logistic_regression,42.0
2024-07-18,2024-07-19,1,0,0.32138549269047384,validation,C,logistic_regression,42.0
2024-07-19,2024-07-22,0,1,0.5435419875636261,validation,C,logistic_regression,42.0
2024-07-22,2024-07-23,1,1,0.7497726741852131,validation,C,logistic_regression,42.0
2024-07-23,2024-07-24,0,1,0.9121648231256864,validation,C,logistic_regression,42.0
2024-07-24,2024-07-25,0,1,0.8202747838804961,validation,C,logistic_regression,42.0
2024-07-25,2024-07-26,1,1,0.6476946785629721,validation,C,logistic_regression,42.0
2024-07-26,2024-07-29,1,1,0.5154494195023904,validation,C,logistic_regression,42.0
2024-07-29,2024-07-30,1,1,0.7004446296323499,validation,C,logistic_regression,42.0
2024-07-30,2024-07-31,1,1,0.7405649104016157,validation,C,logistic_regression,42.0
2024-07-31,2024-08-01,0,0,0.2869996975461809,validation,C,logistic_regression,42.0
2024-08-01,2024-08-02,1,0,0.4292133870322542,validation,C,logistic_regression,42.0
2024-08-02,2024-08-05,0,0,0.4072764755236505,validation,C,logistic_regression,42.0
2024-08-05,2024-08-06,0,0,0.38060352501762373,validation,C,logistic_regression,42.0
2024-08-06,2024-08-07,1,0,0.3361288435892283,validation,C,logistic_regression,42.0
2024-08-07,2024-08-08,1,1,0.5707296418861958,validation,C,logistic_regression,42.0
2024-08-08,2024-08-09,1,1,0.6412277141702074,validation,C,logistic_regression,42.0
2024-08-09,2024-08-12,1,1,0.6789321670971084,validation,C,logistic_regression,42.0
2024-08-12,2024-08-13,1,0,0.3586502636602428,validation,C,logistic_regression,42.0
2024-08-13,2024-08-14,1,0,0.2750235976820653,validation,C,logistic_regression,42.0
2024-08-14,2024-08-15,1,0,0.34791792290605134,validation,C,logistic_regression,42.0
2024-08-15,2024-08-16,1,1,0.5519085687324284,validation,C,logistic_regression,42.0
2024-08-16,2024-08-19,0,1,0.5082653951238069,validation,C,logistic_regression,42.0
2024-08-19,2024-08-20,1,0,0.2442696822710852,validation,C,logistic_regression,42.0
2024-08-20,2024-08-21,0,0,0.3003085968605836,validation,C,logistic_regression,42.0
2024-08-21,2024-08-22,0,0,0.28082622760022957,validation,C,logistic_regression,42.0
2024-08-22,2024-08-23,1,0,0.4662041500281699,validation,C,logistic_regression,42.0
2024-08-23,2024-08-26,1,0,0.38452565649544906,validation,C,logistic_regression,42.0
2024-08-26,2024-08-27,1,0,0.4687141525813149,validation,C,logistic_regression,42.0
2024-08-27,2024-08-28,0,0,0.460153821132893,validation,C,logistic_regression,42.0
2024-08-28,2024-08-29,1,0,0.4073026632981737,validation,C,logistic_regression,42.0
2024-08-29,2024-08-30,0,1,0.5434973236288482,validation,C,logistic_regression,42.0
2024-08-30,2024-09-03,0,0,0.3280408834149243,validation,C,logistic_regression,42.0
2024-09-03,2024-09-04,0,1,0.6500281131650663,validation,C,logistic_regression,42.0
2024-09-04,2024-09-05,1,0,0.46992844757848007,validation,C,logistic_regression,42.0
2024-09-05,2024-09-06,0,0,0.4050227998693717,validation,C,logistic_regression,42.0
2024-09-06,2024-09-09,1,1,0.7406286673409838,validation,C,logistic_regression,42.0
2024-09-09,2024-09-10,0,1,0.6954796671064231,validation,C,logistic_regression,42.0
2024-09-10,2024-09-11,1,1,0.5785684853974186,validation,C,logistic_regression,42.0
2024-09-11,2024-09-12,1,1,0.5600401343941844,validation,C,logistic_regression,42.0
2024-09-12,2024-09-13,0,1,0.6814558119077596,validation,C,logistic_regression,42.0
2024-09-13,2024-09-16,0,1,0.5513124217895223,validation,C,logistic_regression,42.0
2024-09-16,2024-09-17,1,0,0.3472864966269119,validation,C,logistic_regression,42.0
2024-09-17,2024-09-18,1,0,0.3139849295928448,validation,C,logistic_regression,42.0
2024-09-18,2024-09-19,1,0,0.45352428782824933,validation,C,logistic_regression,42.0
2024-09-19,2024-09-20,0,1,0.6540218258188867,validation,C,logistic_regression,42.0
2024-09-20,2024-09-23,0,0,0.48674404854818665,validation,C,logistic_regression,42.0
2024-09-23,2024-09-24,1,0,0.28651174826779446,validation,C,logistic_regression,42.0
2024-09-24,2024-09-25,0,0,0.11334043533486665,validation,C,logistic_regression,42.0
2024-09-25,2024-09-26,1,0,0.1776710063024569,validation,C,logistic_regression,42.0
2024-09-26,2024-09-27,1,1,0.6166458643758644,validation,C,logistic_regression,42.0
2024-09-27,2024-09-30,1,1,0.5538555365210749,validation,C,logistic_regression,42.0
2024-07-01,2024-07-02,1,1,0.5984893262570962,validation,C,random_forest,0.0
2024-07-02,2024-07-03,1,1,0.573114068345635,validation,C,random_forest,0.0
2024-07-03,2024-07-05,1,1,0.6758491467506125,validation,C,random_forest,0.0
2024-07-05,2024-07-08,1,1,0.593394719416744,validation,C,random_forest,0.0
2024-07-08,2024-07-09,1,1,0.5585409781149256,validation,C,random_forest,0.0
2024-07-09,2024-07-10,1,1,0.5670317954617513,validation,C,random_forest,0.0
2024-07-10,2024-07-11,0,1,0.567611947020542,validation,C,random_forest,0.0
2024-07-11,2024-07-12,1,1,0.6127935709919118,validation,C,random_forest,0.0
2024-07-12,2024-07-15,1,1,0.776928704057707,validation,C,random_forest,0.0
2024-07-15,2024-07-16,1,1,0.7071426541786928,validation,C,random_forest,0.0
2024-07-16,2024-07-17,0,1,0.6748441354798225,validation,C,random_forest,0.0
2024-07-17,2024-07-18,0,1,0.6499797777806793,validation,C,random_forest,0.0
2024-07-18,2024-07-19,1,1,0.5924099134183289,validation,C,random_forest,0.0
2024-07-19,2024-07-22,0,1,0.6850359061008922,validation,C,random_forest,0.0
2024-07-22,2024-07-23,1,1,0.6516295341234322,validation,C,random_forest,0.0
2024-07-23,2024-07-24,0,1,0.7099034186506118,validation,C,random_forest,0.0
2024-07-24,2024-07-25,0,1,0.6027745651722408,validation,C,random_forest,0.0
2024-07-25,2024-07-26,1,1,0.5695915039266817,validation,C,random_forest,0.0
2024-07-26,2024-07-29,1,0,0.4535311933331487,validation,C,random_forest,0.0
2024-07-29,2024-07-30,1,1,0.7037223959425437,validation,C,random_forest,0.0
2024-07-30,2024-07-31,1,1,0.7246797140602348,validation,C,random_forest,0.0
2024-07-31,2024-08-01,0,0,0.41874799078773023,validation,C,random_forest,0.0
2024-08-01,2024-08-02,1,0,0.4892609558534543,validation,C,random_forest,0.0
2024-08-02,2024-08-05,0,1,0.5886316357234271,validation,C,random_forest,0.0
2024-08-05,2024-08-06,0,0,0.4269304613201415,validation,C,random_forest,0.0
2024-08-06,2024-08-07,1,0,0.4181045118609731,validation,C,random_forest,0.0
2024-08-07,2024-08-08,1,1,0.6114857972220801,validation,C,random_forest,0.0
2024-08-08,2024-08-09,1,1,0.5131008381434774,validation,C,random_forest,0.0
2024-08-09,2024-08-12,1,0,0.48620294463705044,validation,C,random_forest,0.0
2024-08-12,2024-08-13,1,0,0.4363607646620855,validation,C,random_forest,0.0
2024-08-13,2024-08-14,1,0,0.4611148669013493,validation,C,random_forest,0.0
2024-08-14,2024-08-15,1,0,0.38798529400951787,validation,C,random_forest,0.0
2024-08-15,2024-08-16,1,0,0.4260042041950273,validation,C,random_forest,0.0
2024-08-16,2024-08-19,0,0,0.42922609149591995,validation,C,random_forest,0.0
2024-08-19,2024-08-20,1,0,0.4284134874924367,validation,C,random_forest,0.0
2024-08-20,2024-08-21,0,0,0.3978147630787834,validation,C,random_forest,0.0
2024-08-21,2024-08-22,0,1,0.5591631095883285,validation,C,random_forest,0.0
2024-08-22,2024-08-23,1,1,0.5947419470686023,validation,C,random_forest,0.0
2024-08-23,2024-08-26,1,1,0.6120838794954124,validation,C,random_forest,0.0
2024-08-26,2024-08-27,1,1,0.6479497567863942,validation,C,random_forest,0.0
2024-08-27,2024-08-28,0,1,0.6168256468975784,validation,C,random_forest,0.0
2024-08-28,2024-08-29,1,1,0.5294339052461887,validation,C,random_forest,0.0
2024-08-29,2024-08-30,0,1,0.6440003615155087,validation,C,random_forest,0.0
2024-08-30,2024-09-03,0,1,0.6136167037948822,validation,C,random_forest,0.0
2024-09-03,2024-09-04,0,1,0.5822835770900755,validation,C,random_forest,0.0
2024-09-04,2024-09-05,1,1,0.5406768506080903,validation,C,random_forest,0.0
2024-09-05,2024-09-06,0,1,0.649960007359808,validation,C,random_forest,0.0
2024-09-06,2024-09-09,1,1,0.6987670602311458,validation,C,random_forest,0.0
2024-09-09,2024-09-10,0,1,0.5455525725490409,validation,C,random_forest,0.0
2024-09-10,2024-09-11,1,0,0.32460564438372064,validation,C,random_forest,0.0
2024-09-11,2024-09-12,1,0,0.3052153878072241,validation,C,random_forest,0.0
2024-09-12,2024-09-13,0,0,0.2687993206922721,validation,C,random_forest,0.0
2024-09-13,2024-09-16,0,0,0.4089136094717206,validation,C,random_forest,0.0
2024-09-16,2024-09-17,1,0,0.3020226068757372,validation,C,random_forest,0.0
2024-09-17,2024-09-18,1,0,0.4336709167690133,validation,C,random_forest,0.0
2024-09-18,2024-09-19,1,0,0.4916754044131051,validation,C,random_forest,0.0
2024-09-19,2024-09-20,0,1,0.504847192001456,validation,C,random_forest,0.0
2024-09-20,2024-09-23,0,0,0.40891393843636553,validation,C,random_forest,0.0
2024-09-23,2024-09-24,1,0,0.3461759707858995,validation,C,random_forest,0.0
2024-09-24,2024-09-25,0,0,0.4131648570791089,validation,C,random_forest,0.0
2024-09-25,2024-09-26,1,0,0.4604827019294382,validation,C,random_forest,0.0
2024-09-26,2024-09-27,1,0,0.45891572066986025,validation,C,random_forest,0.0
2024-09-27,2024-09-30,1,1,0.5134842926804113,validation,C,random_forest,0.0
2024-07-01,2024-07-02,1,1,0.5899131346852393,validation,C,random_forest,1.0
2024-07-02,2024-07-03,1,1,0.5750882848445819,validation,C,random_forest,1.0
2024-07-03,2024-07-05,1,1,0.6574876906890361,validation,C,random_forest,1.0
2024-07-05,2024-07-08,1,1,0.5913641681960409,validation,C,random_forest,1.0
2024-07-08,2024-07-09,1,1,0.5687354728590542,validation,C,random_forest,1.0
2024-07-09,2024-07-10,1,1,0.5919148682254659,validation,C,random_forest,1.0
2024-07-10,2024-07-11,0,1,0.5943747547124992,validation,C,random_forest,1.0
2024-07-11,2024-07-12,1,1,0.5756852890710699,validation,C,random_forest,1.0
2024-07-12,2024-07-15,1,1,0.6988501352371802,validation,C,random_forest,1.0
2024-07-15,2024-07-16,1,1,0.6709955831892603,validation,C,random_forest,1.0
2024-07-16,2024-07-17,0,1,0.644141664713683,validation,C,random_forest,1.0
2024-07-17,2024-07-18,0,1,0.6164653283299879,validation,C,random_forest,1.0
2024-07-18,2024-07-19,1,1,0.5120799687154154,validation,C,random_forest,1.0
2024-07-19,2024-07-22,0,1,0.6387986687969748,validation,C,random_forest,1.0
2024-07-22,2024-07-23,1,1,0.6397970367998673,validation,C,random_forest,1.0
2024-07-23,2024-07-24,0,1,0.6966431627668977,validation,C,random_forest,1.0
2024-07-24,2024-07-25,0,1,0.5915770415793478,validation,C,random_forest,1.0
2024-07-25,2024-07-26,1,1,0.5854365936934166,validation,C,random_forest,1.0
2024-07-26,2024-07-29,1,0,0.4423964364526654,validation,C,random_forest,1.0
2024-07-29,2024-07-30,1,1,0.668113813241318,validation,C,random_forest,1.0
2024-07-30,2024-07-31,1,1,0.7160068655363084,validation,C,random_forest,1.0
2024-07-31,2024-08-01,0,0,0.40056693682506067,validation,C,random_forest,1.0
2024-08-01,2024-08-02,1,0,0.4639738116320077,validation,C,random_forest,1.0
2024-08-02,2024-08-05,0,1,0.5828391862449799,validation,C,random_forest,1.0
2024-08-05,2024-08-06,0,0,0.40378703271411515,validation,C,random_forest,1.0
2024-08-06,2024-08-07,1,0,0.3653388630000451,validation,C,random_forest,1.0
2024-08-07,2024-08-08,1,1,0.6079362879912008,validation,C,random_forest,1.0
2024-08-08,2024-08-09,1,1,0.5493041973706219,validation,C,random_forest,1.0
2024-08-09,2024-08-12,1,0,0.49749261107470955,validation,C,random_forest,1.0
2024-08-12,2024-08-13,1,0,0.45972010346596687,validation,C,random_forest,1.0
2024-08-13,2024-08-14,1,0,0.45747936620481416,validation,C,random_forest,1.0
2024-08-14,2024-08-15,1,0,0.3930580537199761,validation,C,random_forest,1.0
2024-08-15,2024-08-16,1,0,0.4390118814621911,validation,C,random_forest,1.0
2024-08-16,2024-08-19,0,0,0.45099114632410725,validation,C,random_forest,1.0
2024-08-19,2024-08-20,1,0,0.43995926997926743,validation,C,random_forest,1.0
2024-08-20,2024-08-21,0,0,0.3972453134782077,validation,C,random_forest,1.0
2024-08-21,2024-08-22,0,1,0.5346356374926277,validation,C,random_forest,1.0
2024-08-22,2024-08-23,1,1,0.5795684576163733,validation,C,random_forest,1.0
2024-08-23,2024-08-26,1,1,0.5596025833026494,validation,C,random_forest,1.0
2024-08-26,2024-08-27,1,1,0.6352451100760794,validation,C,random_forest,1.0
2024-08-27,2024-08-28,0,1,0.5810825328642102,validation,C,random_forest,1.0
2024-08-28,2024-08-29,1,1,0.5596780348438606,validation,C,random_forest,1.0
2024-08-29,2024-08-30,0,1,0.6463992781608321,validation,C,random_forest,1.0
2024-08-30,2024-09-03,0,1,0.5584444633472888,validation,C,random_forest,1.0
2024-09-03,2024-09-04,0,1,0.5509765097697976,validation,C,random_forest,1.0
2024-09-04,2024-09-05,1,1,0.5086397835782276,validation,C,random_forest,1.0
2024-09-05,2024-09-06,0,1,0.6090192047063049,validation,C,random_forest,1.0
2024-09-06,2024-09-09,1,1,0.7053259092117506,validation,C,random_forest,1.0
2024-09-09,2024-09-10,0,1,0.5024832615303959,validation,C,random_forest,1.0
2024-09-10,2024-09-11,1,0,0.3157034544242997,validation,C,random_forest,1.0
2024-09-11,2024-09-12,1,0,0.3378266298509516,validation,C,random_forest,1.0
2024-09-12,2024-09-13,0,0,0.31914936607878225,validation,C,random_forest,1.0
2024-09-13,2024-09-16,0,0,0.41366981111102225,validation,C,random_forest,1.0
2024-09-16,2024-09-17,1,0,0.2862705092910555,validation,C,random_forest,1.0
2024-09-17,2024-09-18,1,0,0.40422320612913265,validation,C,random_forest,1.0
2024-09-18,2024-09-19,1,0,0.49793120001176416,validation,C,random_forest,1.0
2024-09-19,2024-09-20,0,0,0.4818228297167513,validation,C,random_forest,1.0
2024-09-20,2024-09-23,0,0,0.39637107306984165,validation,C,random_forest,1.0
2024-09-23,2024-09-24,1,0,0.31784385228850554,validation,C,random_forest,1.0
2024-09-24,2024-09-25,0,0,0.38324831457962655,validation,C,random_forest,1.0
2024-09-25,2024-09-26,1,0,0.44818772781358734,validation,C,random_forest,1.0
2024-09-26,2024-09-27,1,0,0.42219670163250805,validation,C,random_forest,1.0
2024-09-27,2024-09-30,1,0,0.47177348689224613,validation,C,random_forest,1.0
2024-07-01,2024-07-02,1,1,0.5956170974336183,validation,C,random_forest,2.0
2024-07-02,2024-07-03,1,1,0.5663004480971362,validation,C,random_forest,2.0
2024-07-03,2024-07-05,1,1,0.6577366372175735,validation,C,random_forest,2.0
2024-07-05,2024-07-08,1,1,0.5899011813879921,validation,C,random_forest,2.0
2024-07-08,2024-07-09,1,1,0.5513867698805335,validation,C,random_forest,2.0
2024-07-09,2024-07-10,1,1,0.5700951912677878,validation,C,random_forest,2.0
2024-07-10,2024-07-11,0,1,0.569092997535518,validation,C,random_forest,2.0
2024-07-11,2024-07-12,1,1,0.6034457792806903,validation,C,random_forest,2.0
2024-07-12,2024-07-15,1,1,0.7074470110548565,validation,C,random_forest,2.0
2024-07-15,2024-07-16,1,1,0.6886080611766823,validation,C,random_forest,2.0
2024-07-16,2024-07-17,0,1,0.652599014085692,validation,C,random_forest,2.0
2024-07-17,2024-07-18,0,1,0.6741437274383253,validation,C,random_forest,2.0
2024-07-18,2024-07-19,1,1,0.5351072370364012,validation,C,random_forest,2.0
2024-07-19,2024-07-22,0,1,0.6504805893831934,validation,C,random_forest,2.0
2024-07-22,2024-07-23,1,1,0.6109305509844518,validation,C,random_forest,2.0
2024-07-23,2024-07-24,0,1,0.6604225748941023,validation,C,random_forest,2.0
2024-07-24,2024-07-25,0,1,0.6002176314819777,validation,C,random_forest,2.0
2024-07-25,2024-07-26,1,1,0.5566335576267188,validation,C,random_forest,2.0
2024-07-26,2024-07-29,1,0,0.39333127379301447,validation,C,random_forest,2.0
2024-07-29,2024-07-30,1,1,0.6477890219242587,validation,C,random_forest,2.0
2024-07-30,2024-07-31,1,1,0.686918877464845,validation,C,random_forest,2.0
2024-07-31,2024-08-01,0,0,0.400741928059646,validation,C,random_forest,2.0
2024-08-01,2024-08-02,1,0,0.4980482687043959,validation,C,random_forest,2.0
2024-08-02,2024-08-05,0,1,0.5890813652329803,validation,C,random_forest,2.0
2024-08-05,2024-08-06,0,0,0.434102185959646,validation,C,random_forest,2.0
2024-08-06,2024-08-07,1,0,0.4406896029882218,validation,C,random_forest,2.0
2024-08-07,2024-08-08,1,1,0.6316616326179386,validation,C,random_forest,2.0
2024-08-08,2024-08-09,1,1,0.5172420782867552,validation,C,random_forest,2.0
2024-08-09,2024-08-12,1,0,0.4846451462798793,validation,C,random_forest,2.0
2024-08-12,2024-08-13,1,0,0.42248676679784003,validation,C,random_forest,2.0
2024-08-13,2024-08-14,1,0,0.43513504286842447,validation,C,random_forest,2.0
2024-08-14,2024-08-15,1,0,0.4137971509601152,validation,C,random_forest,2.0
2024-08-15,2024-08-16,1,0,0.4500762350792443,validation,C,random_forest,2.0
2024-08-16,2024-08-19,0,0,0.48307044757906187,validation,C,random_forest,2.0
2024-08-19,2024-08-20,1,0,0.44270831138593386,validation,C,random_forest,2.0
2024-08-20,2024-08-21,0,0,0.42675641561102623,validation,C,random_forest,2.0
2024-08-21,2024-08-22,0,1,0.5870471784359651,validation,C,random_forest,2.0
2024-08-22,2024-08-23,1,1,0.6490183087201732,validation,C,random_forest,2.0
2024-08-23,2024-08-26,1,1,0.62344107231968,validation,C,random_forest,2.0
2024-08-26,2024-08-27,1,1,0.6936952246481047,validation,C,random_forest,2.0
2024-08-27,2024-08-28,0,1,0.6722256616197129,validation,C,random_forest,2.0
2024-08-28,2024-08-29,1,1,0.5981277599036516,validation,C,random_forest,2.0
2024-08-29,2024-08-30,0,1,0.6972477976127333,validation,C,random_forest,2.0
2024-08-30,2024-09-03,0,1,0.6292538825500679,validation,C,random_forest,2.0
2024-09-03,2024-09-04,0,1,0.5592305626760335,validation,C,random_forest,2.0
2024-09-04,2024-09-05,1,0,0.48095838457380885,validation,C,random_forest,2.0
2024-09-05,2024-09-06,0,1,0.6157832409978058,validation,C,random_forest,2.0
2024-09-06,2024-09-09,1,1,0.7047943994831108,validation,C,random_forest,2.0
2024-09-09,2024-09-10,0,1,0.5242104854837332,validation,C,random_forest,2.0
2024-09-10,2024-09-11,1,0,0.3490644295570696,validation,C,random_forest,2.0
2024-09-11,2024-09-12,1,0,0.32927528675987927,validation,C,random_forest,2.0
2024-09-12,2024-09-13,0,0,0.30463175793109915,validation,C,random_forest,2.0
2024-09-13,2024-09-16,0,0,0.4152475520694878,validation,C,random_forest,2.0
2024-09-16,2024-09-17,1,0,0.2752959554970483,validation,C,random_forest,2.0
2024-09-17,2024-09-18,1,0,0.4273296804838847,validation,C,random_forest,2.0
2024-09-18,2024-09-19,1,0,0.4907038304320853,validation,C,random_forest,2.0
2024-09-19,2024-09-20,0,1,0.5076004316093823,validation,C,random_forest,2.0
2024-09-20,2024-09-23,0,0,0.4460034048459035,validation,C,random_forest,2.0
2024-09-23,2024-09-24,1,0,0.36422906997844157,validation,C,random_forest,2.0
2024-09-24,2024-09-25,0,0,0.4347312976002418,validation,C,random_forest,2.0
2024-09-25,2024-09-26,1,0,0.4469647587619052,validation,C,random_forest,2.0
2024-09-26,2024-09-27,1,0,0.4480988737457037,validation,C,random_forest,2.0
2024-09-27,2024-09-30,1,1,0.5081676286488349,validation,C,random_forest,2.0
2024-10-01,2024-10-02,1,1,0.54200209753452,test,C,logistic_regression,42.0
2024-10-02,2024-10-03,0,0,0.42274557999818935,test,C,logistic_regression,42.0
2024-10-03,2024-10-04,1,0,0.20057345024401435,test,C,logistic_regression,42.0
2024-10-04,2024-10-07,0,0,0.4930864829827457,test,C,logistic_regression,42.0
2024-10-07,2024-10-08,1,1,0.5011455476001554,test,C,logistic_regression,42.0
2024-10-08,2024-10-09,1,1,0.580052044252747,test,C,logistic_regression,42.0
2024-10-09,2024-10-10,0,1,0.6633515618237736,test,C,logistic_regression,42.0
2024-10-10,2024-10-11,0,1,0.6082568069191184,test,C,logistic_regression,42.0
2024-10-11,2024-10-14,1,1,0.587655187958948,test,C,logistic_regression,42.0
2024-10-14,2024-10-15,1,0,0.4453320281036826,test,C,logistic_regression,42.0
2024-10-15,2024-10-16,0,1,0.645234558908771,test,C,logistic_regression,42.0
2024-10-16,2024-10-17,1,1,0.6049555470534502,test,C,logistic_regression,42.0
2024-10-17,2024-10-18,1,0,0.4845611258616675,test,C,logistic_regression,42.0
2024-10-18,2024-10-21,1,0,0.42934811413268203,test,C,logistic_regression,42.0
2024-10-21,2024-10-22,0,1,0.5034251593856233,test,C,logistic_regression,42.0
2024-10-22,2024-10-23,0,1,0.6239765711414383,test,C,logistic_regression,42.0
2024-10-23,2024-10-24,0,1,0.5193598006023448,test,C,logistic_regression,42.0
2024-10-24,2024-10-25,1,0,0.4315008124824056,test,C,logistic_regression,42.0
2024-10-25,2024-10-28,1,1,0.5291264563832977,test,C,logistic_regression,42.0
2024-10-28,2024-10-29,1,1,0.5960592261982367,test,C,logistic_regression,42.0
2024-10-29,2024-10-30,0,1,0.5475895685562144,test,C,logistic_regression,42.0
2024-10-30,2024-10-31,0,0,0.3688108179099429,test,C,logistic_regression,42.0
2024-10-31,2024-11-01,0,0,0.3747782339245351,test,C,logistic_regression,42.0
2024-11-01,2024-11-04,0,0,0.2023749174122347,test,C,logistic_regression,42.0
2024-11-04,2024-11-05,1,0,0.42650882177530014,test,C,logistic_regression,42.0
2024-11-05,2024-11-06,0,1,0.5470421501833612,test,C,logistic_regression,42.0
2024-11-06,2024-11-07,1,0,0.40543721376135033,test,C,logistic_regression,42.0
2024-11-07,2024-11-08,0,1,0.5253389939751958,test,C,logistic_regression,42.0
2024-11-08,2024-11-11,0,0,0.38408095020199984,test,C,logistic_regression,42.0
2024-11-11,2024-11-12,0,0,0.26617751665645856,test,C,logistic_regression,42.0
2024-11-12,2024-11-13,1,0,0.1365460316099941,test,C,logistic_regression,42.0
2024-11-13,2024-11-14,1,0,0.27504056427808704,test,C,logistic_regression,42.0
2024-11-14,2024-11-15,0,1,0.5300927246639278,test,C,logistic_regression,42.0
2024-11-15,2024-11-18,1,1,0.5300143748331216,test,C,logistic_regression,42.0
2024-11-18,2024-11-19,1,1,0.5813974540712304,test,C,logistic_regression,42.0
2024-11-19,2024-11-20,1,0,0.2626386435971463,test,C,logistic_regression,42.0
2024-11-20,2024-11-21,0,1,0.5461751528870029,test,C,logistic_regression,42.0
2024-11-21,2024-11-22,1,0,0.3763976524323061,test,C,logistic_regression,42.0
2024-11-22,2024-11-25,1,0,0.32881783264239217,test,C,logistic_regression,42.0
2024-11-25,2024-11-26,1,0,0.4060921218855488,test,C,logistic_regression,42.0
2024-11-26,2024-11-27,0,0,0.3049070211009734,test,C,logistic_regression,42.0
2024-11-27,2024-11-29,1,0,0.3897861678133969,test,C,logistic_regression,42.0
2024-11-29,2024-12-02,1,0,0.39324052840649176,test,C,logistic_regression,42.0
2024-12-02,2024-12-03,1,0,0.3971855370289658,test,C,logistic_regression,42.0
2024-12-03,2024-12-04,1,1,0.5632139185193322,test,C,logistic_regression,42.0
2024-12-04,2024-12-05,1,0,0.42264153465735,test,C,logistic_regression,42.0
2024-12-05,2024-12-06,0,0,0.45090459253539084,test,C,logistic_regression,42.0
2024-12-06,2024-12-09,1,0,0.45932873063829166,test,C,logistic_regression,42.0
2024-12-09,2024-12-10,1,1,0.5638973974834456,test,C,logistic_regression,42.0
2024-12-10,2024-12-11,0,1,0.6564034982363627,test,C,logistic_regression,42.0
2024-12-11,2024-12-12,1,1,0.533879143419743,test,C,logistic_regression,42.0
2024-12-12,2024-12-13,1,0,0.43542593104384036,test,C,logistic_regression,42.0
2024-12-13,2024-12-16,1,0,0.46729213430279753,test,C,logistic_regression,42.0
2024-12-16,2024-12-17,1,1,0.5540106171384789,test,C,logistic_regression,42.0
2024-12-17,2024-12-18,0,0,0.47269587139749564,test,C,logistic_regression,42.0
2024-12-18,2024-12-19,1,0,0.4511801342153265,test,C,logistic_regression,42.0
2024-12-19,2024-12-20,1,0,0.48939651555246666,test,C,logistic_regression,42.0
2024-12-20,2024-12-23,1,1,0.6274227893961735,test,C,logistic_regression,42.0
2024-12-23,2024-12-24,1,1,0.7967918487372563,test,C,logistic_regression,42.0
2024-12-24,2024-12-26,1,1,0.8245190233104582,test,C,logistic_regression,42.0
2024-12-26,2024-12-27,0,1,0.5212970000437284,test,C,logistic_regression,42.0
2024-12-27,2024-12-30,0,0,0.4657702200790673,test,C,logistic_regression,42.0
2024-12-30,2024-12-31,0,0,0.42028724849623417,test,C,logistic_regression,42.0
2024-10-01,2024-10-02,1,0,0.4196096817792724,test,C,random_forest,0.0
2024-10-02,2024-10-03,0,1,0.7002619334335975,test,C,random_forest,0.0
2024-10-03,2024-10-04,1,0,0.4080641220160216,test,C,random_forest,0.0
2024-10-04,2024-10-07,0,1,0.6041970404137145,test,C,random_forest,0.0
2024-10-07,2024-10-08,1,0,0.287806692744078,test,C,random_forest,0.0
2024-10-08,2024-10-09,1,1,0.6145365591292761,test,C,random_forest,0.0
2024-10-09,2024-10-10,0,1,0.7325253440089852,test,C,random_forest,0.0
2024-10-10,2024-10-11,0,1,0.6553666074462012,test,C,random_forest,0.0
2024-10-11,2024-10-14,1,1,0.5109226102040747,test,C,random_forest,0.0
2024-10-14,2024-10-15,1,1,0.552051974005722,test,C,random_forest,0.0
2024-10-15,2024-10-16,0,1,0.6668650220538872,test,C,random_forest,0.0
2024-10-16,2024-10-17,1,1,0.6053825711895126,test,C,random_forest,0.0
2024-10-17,2024-10-18,1,0,0.4899907738587689,test,C,random_forest,0.0
2024-10-18,2024-10-21,1,1,0.6198078527628029,test,C,random_forest,0.0
2024-10-21,2024-10-22,0,1,0.6619766138634611,test,C,random_forest,0.0
2024-10-22,2024-10-23,0,1,0.5691672614065285,test,C,random_forest,0.0
2024-10-23,2024-10-24,0,0,0.34498649150411753,test,C,random_forest,0.0
2024-10-24,2024-10-25,1,0,0.3708832464866319,test,C,random_forest,0.0
2024-10-25,2024-10-28,1,0,0.4396809406193255,test,C,random_forest,0.0
2024-10-28,2024-10-29,1,1,0.5652859962552008,test,C,random_forest,0.0
2024-10-29,2024-10-30,0,1,0.5150294519219362,test,C,random_forest,0.0
2024-10-30,2024-10-31,0,0,0.30227054037231893,test,C,random_forest,0.0
2024-10-31,2024-11-01,0,1,0.5136870378701477,test,C,random_forest,0.0
2024-11-01,2024-11-04,0,0,0.3268955125909181,test,C,random_forest,0.0
2024-11-04,2024-11-05,1,0,0.4541933979710053,test,C,random_forest,0.0
2024-11-05,2024-11-06,0,1,0.5525588324354923,test,C,random_forest,0.0
2024-11-06,2024-11-07,1,0,0.3856537677153616,test,C,random_forest,0.0
2024-11-07,2024-11-08,0,0,0.35558993702973735,test,C,random_forest,0.0
2024-11-08,2024-11-11,0,0,0.4354721149272016,test,C,random_forest,0.0
2024-11-11,2024-11-12,0,0,0.3776052116874164,test,C,random_forest,0.0
2024-11-12,2024-11-13,1,0,0.38357028464202064,test,C,random_forest,0.0
2024-11-13,2024-11-14,1,0,0.4259948349493195,test,C,random_forest,0.0
2024-11-14,2024-11-15,0,1,0.5843784386100179,test,C,random_forest,0.0
2024-11-15,2024-11-18,1,1,0.5591182513955282,test,C,random_forest,0.0
2024-11-18,2024-11-19,1,1,0.5594666569342576,test,C,random_forest,0.0
2024-11-19,2024-11-20,1,1,0.5457083122373447,test,C,random_forest,0.0
2024-11-20,2024-11-21,0,1,0.5358987252580347,test,C,random_forest,0.0
2024-11-21,2024-11-22,1,0,0.3993874052578859,test,C,random_forest,0.0
2024-11-22,2024-11-25,1,0,0.4643461511854909,test,C,random_forest,0.0
2024-11-25,2024-11-26,1,0,0.4893152013362149,test,C,random_forest,0.0
2024-11-26,2024-11-27,0,0,0.3185332770335174,test,C,random_forest,0.0
2024-11-27,2024-11-29,1,0,0.46758729435013485,test,C,random_forest,0.0
2024-11-29,2024-12-02,1,1,0.5163352166029647,test,C,random_forest,0.0
2024-12-02,2024-12-03,1,1,0.5109969541971199,test,C,random_forest,0.0
2024-12-03,2024-12-04,1,1,0.5880100764394652,test,C,random_forest,0.0
2024-12-04,2024-12-05,1,0,0.4868770064452906,test,C,random_forest,0.0
2024-12-05,2024-12-06,0,0,0.4919484627924034,test,C,random_forest,0.0
2024-12-06,2024-12-09,1,0,0.49267237757296956,test,C,random_forest,0.0
2024-12-09,2024-12-10,1,1,0.5682882215583103,test,C,random_forest,0.0
2024-12-10,2024-12-11,0,1,0.6324687684414869,test,C,random_forest,0.0
2024-12-11,2024-12-12,1,1,0.5482436094462686,test,C,random_forest,0.0
2024-12-12,2024-12-13,1,1,0.6164837665840514,test,C,random_forest,0.0
2024-12-13,2024-12-16,1,1,0.6278605005100854,test,C,random_forest,0.0
2024-12-16,2024-12-17,1,1,0.5201521291768284,test,C,random_forest,0.0
2024-12-17,2024-12-18,0,1,0.5385088512821788,test,C,random_forest,0.0
2024-12-18,2024-12-19,1,1,0.667665503893689,test,C,random_forest,0.0
2024-12-19,2024-12-20,1,1,0.7568660552988884,test,C,random_forest,0.0
2024-12-20,2024-12-23,1,1,0.7128478867262865,test,C,random_forest,0.0
2024-12-23,2024-12-24,1,1,0.71536620884611,test,C,random_forest,0.0
2024-12-24,2024-12-26,1,1,0.6973941683036731,test,C,random_forest,0.0
2024-12-26,2024-12-27,0,1,0.5661713733318056,test,C,random_forest,0.0
2024-12-27,2024-12-30,0,1,0.6156284670511456,test,C,random_forest,0.0
2024-12-30,2024-12-31,0,1,0.6321309782956713,test,C,random_forest,0.0
2024-10-01,2024-10-02,1,0,0.41696912942980785,test,C,random_forest,1.0
2024-10-02,2024-10-03,0,1,0.6482153030715091,test,C,random_forest,1.0
2024-10-03,2024-10-04,1,0,0.43335634935490513,test,C,random_forest,1.0
2024-10-04,2024-10-07,0,1,0.5834333367569293,test,C,random_forest,1.0
2024-10-07,2024-10-08,1,0,0.303117879233758,test,C,random_forest,1.0
2024-10-08,2024-10-09,1,1,0.5990328028907286,test,C,random_forest,1.0
2024-10-09,2024-10-10,0,1,0.6751097994117967,test,C,random_forest,1.0
2024-10-10,2024-10-11,0,1,0.6139576019591826,test,C,random_forest,1.0
2024-10-11,2024-10-14,1,1,0.5062640543088016,test,C,random_forest,1.0
2024-10-14,2024-10-15,1,1,0.544338977524225,test,C,random_forest,1.0
2024-10-15,2024-10-16,0,1,0.6448468626438814,test,C,random_forest,1.0
2024-10-16,2024-10-17,1,1,0.522624728524095,test,C,random_forest,1.0
2024-10-17,2024-10-18,1,0,0.4714298493369044,test,C,random_forest,1.0
2024-10-18,2024-10-21,1,1,0.5350665775309484,test,C,random_forest,1.0
2024-10-21,2024-10-22,0,1,0.6100378575704398,test,C,random_forest,1.0
2024-10-22,2024-10-23,0,1,0.5473899150860895,test,C,random_forest,1.0
2024-10-23,2024-10-24,0,0,0.3368061859475619,test,C,random_forest,1.0
2024-10-24,2024-10-25,1,0,0.33415326591913913,test,C,random_forest,1.0
2024-10-25,2024-10-28,1,0,0.40074691942809815,test,C,random_forest,1.0
2024-10-28,2024-10-29,1,0,0.4871410010076206,test,C,random_forest,1.0
2024-10-29,2024-10-30,0,0,0.47576462510481426,test,C,random_forest,1.0
2024-10-30,2024-10-31,0,0,0.3090486812726234,test,C,random_forest,1.0
2024-10-31,2024-11-01,0,1,0.5112759412884523,test,C,random_forest,1.0
2024-11-01,2024-11-04,0,0,0.305567178668169,test,C,random_forest,1.0
2024-11-04,2024-11-05,1,0,0.44867599621497173,test,C,random_forest,1.0
2024-11-05,2024-11-06,0,1,0.5334812903172482,test,C,random_forest,1.0
2024-11-06,2024-11-07,1,0,0.3775610971851521,test,C,random_forest,1.0
2024-11-07,2024-11-08,0,0,0.4018587777028279,test,C,random_forest,1.0
2024-11-08,2024-11-11,0,0,0.4172204478216799,test,C,random_forest,1.0
2024-11-11,2024-11-12,0,0,0.36010029868061094,test,C,random_forest,1.0
2024-11-12,2024-11-13,1,0,0.3858984762845063,test,C,random_forest,1.0
2024-11-13,2024-11-14,1,0,0.42091484368173765,test,C,random_forest,1.0
2024-11-14,2024-11-15,0,1,0.5609173096485164,test,C,random_forest,1.0
2024-11-15,2024-11-18,1,1,0.5168420057317761,test,C,random_forest,1.0
2024-11-18,2024-11-19,1,1,0.541098795863312,test,C,random_forest,1.0
2024-11-19,2024-11-20,1,1,0.5450849197362813,test,C,random_forest,1.0
2024-11-20,2024-11-21,0,1,0.5304220102961963,test,C,random_forest,1.0
2024-11-21,2024-11-22,1,0,0.3926446411103163,test,C,random_forest,1.0
2024-11-22,2024-11-25,1,0,0.4328683749203217,test,C,random_forest,1.0
2024-11-25,2024-11-26,1,0,0.46573306897582695,test,C,random_forest,1.0
2024-11-26,2024-11-27,0,0,0.3143738532930778,test,C,random_forest,1.0
2024-11-27,2024-11-29,1,0,0.4665039792251479,test,C,random_forest,1.0
2024-11-29,2024-12-02,1,0,0.47613681534552976,test,C,random_forest,1.0
2024-12-02,2024-12-03,1,0,0.4859926915394816,test,C,random_forest,1.0
2024-12-03,2024-12-04,1,1,0.5725696809164315,test,C,random_forest,1.0
2024-12-04,2024-12-05,1,0,0.49708181841432314,test,C,random_forest,1.0
2024-12-05,2024-12-06,0,0,0.49137172821498043,test,C,random_forest,1.0
2024-12-06,2024-12-09,1,0,0.47741573568053003,test,C,random_forest,1.0
2024-12-09,2024-12-10,1,1,0.5810167678239483,test,C,random_forest,1.0
2024-12-10,2024-12-11,0,1,0.6296067782045301,test,C,random_forest,1.0
2024-12-11,2024-12-12,1,1,0.5136377661617157,test,C,random_forest,1.0
2024-12-12,2024-12-13,1,1,0.5854975031551055,test,C,random_forest,1.0
2024-12-13,2024-12-16,1,1,0.5478144520131533,test,C,random_forest,1.0
2024-12-16,2024-12-17,1,1,0.5017440242211191,test,C,random_forest,1.0
2024-12-17,2024-12-18,0,1,0.5266965143681182,test,C,random_forest,1.0
2024-12-18,2024-12-19,1,1,0.6406232144364182,test,C,random_forest,1.0
2024-12-19,2024-12-20,1,1,0.7338629661391096,test,C,random_forest,1.0
2024-12-20,2024-12-23,1,1,0.6645150520820242,test,C,random_forest,1.0
2024-12-23,2024-12-24,1,1,0.7116512273495189,test,C,random_forest,1.0
2024-12-24,2024-12-26,1,1,0.6826704007446729,test,C,random_forest,1.0
2024-12-26,2024-12-27,0,1,0.5579229277043823,test,C,random_forest,1.0
2024-12-27,2024-12-30,0,1,0.5630194021104201,test,C,random_forest,1.0
2024-12-30,2024-12-31,0,1,0.5385350656195381,test,C,random_forest,1.0
2024-10-01,2024-10-02,1,0,0.412698579943962,test,C,random_forest,2.0
2024-10-02,2024-10-03,0,1,0.6688601018350417,test,C,random_forest,2.0
2024-10-03,2024-10-04,1,0,0.36772178872563277,test,C,random_forest,2.0
2024-10-04,2024-10-07,0,1,0.548024096237399,test,C,random_forest,2.0
2024-10-07,2024-10-08,1,0,0.24696239289164296,test,C,random_forest,2.0
2024-10-08,2024-10-09,1,1,0.5722538982120864,test,C,random_forest,2.0
2024-10-09,2024-10-10,0,1,0.7000405003736117,test,C,random_forest,2.0
2024-10-10,2024-10-11,0,1,0.6188092811545848,test,C,random_forest,2.0
2024-10-11,2024-10-14,1,0,0.4915243875768118,test,C,random_forest,2.0
2024-10-14,2024-10-15,1,1,0.5642574386739214,test,C,random_forest,2.0
2024-10-15,2024-10-16,0,1,0.6739120455111416,test,C,random_forest,2.0
2024-10-16,2024-10-17,1,1,0.5345408684678498,test,C,random_forest,2.0
2024-10-17,2024-10-18,1,0,0.4678452592054622,test,C,random_forest,2.0
2024-10-18,2024-10-21,1,1,0.5908620449648283,test,C,random_forest,2.0
2024-10-21,2024-10-22,0,1,0.7014537994340924,test,C,random_forest,2.0
2024-10-22,2024-10-23,0,1,0.6010183991747585,test,C,random_forest,2.0
2024-10-23,2024-10-24,0,0,0.3344854173068086,test,C,random_forest,2.0
2024-10-24,2024-10-25,1,0,0.3634735853721763,test,C,random_forest,2.0
2024-10-25,2024-10-28,1,0,0.4121570364841028,test,C,random_forest,2.0
2024-10-28,2024-10-29,1,1,0.5123151288868254,test,C,random_forest,2.0
2024-10-29,2024-10-30,0,1,0.5275752659896961,test,C,random_forest,2.0
2024-10-30,2024-10-31,0,0,0.282733670381523,test,C,random_forest,2.0
2024-10-31,2024-11-01,0,1,0.5074278708822328,test,C,random_forest,2.0
2024-11-01,2024-11-04,0,0,0.3235990731320945,test,C,random_forest,2.0
2024-11-04,2024-11-05,1,0,0.4612363951503535,test,C,random_forest,2.0
2024-11-05,2024-11-06,0,1,0.516345185933947,test,C,random_forest,2.0
2024-11-06,2024-11-07,1,0,0.3782588315549232,test,C,random_forest,2.0
2024-11-07,2024-11-08,0,0,0.3893933858433617,test,C,random_forest,2.0
2024-11-08,2024-11-11,0,0,0.4054999244446748,test,C,random_forest,2.0
2024-11-11,2024-11-12,0,0,0.34037597705437134,test,C,random_forest,2.0
2024-11-12,2024-11-13,1,0,0.40461181942242547,test,C,random_forest,2.0
2024-11-13,2024-11-14,1,0,0.3820805941227978,test,C,random_forest,2.0
2024-11-14,2024-11-15,0,1,0.597353377121389,test,C,random_forest,2.0
2024-11-15,2024-11-18,1,1,0.5558736066629968,test,C,random_forest,2.0
2024-11-18,2024-11-19,1,1,0.5963618451732569,test,C,random_forest,2.0
2024-11-19,2024-11-20,1,1,0.5487991676981363,test,C,random_forest,2.0
2024-11-20,2024-11-21,0,1,0.5833142384373392,test,C,random_forest,2.0
2024-11-21,2024-11-22,1,0,0.4226806407511889,test,C,random_forest,2.0
2024-11-22,2024-11-25,1,0,0.4990066731418734,test,C,random_forest,2.0
2024-11-25,2024-11-26,1,1,0.5402701968891842,test,C,random_forest,2.0
2024-11-26,2024-11-27,0,0,0.35245071963760805,test,C,random_forest,2.0
2024-11-27,2024-11-29,1,1,0.532711923782181,test,C,random_forest,2.0
2024-11-29,2024-12-02,1,1,0.5646919206862873,test,C,random_forest,2.0
2024-12-02,2024-12-03,1,1,0.5373064663802544,test,C,random_forest,2.0
2024-12-03,2024-12-04,1,1,0.6343378098605323,test,C,random_forest,2.0
2024-12-04,2024-12-05,1,1,0.5526912093483941,test,C,random_forest,2.0
2024-12-05,2024-12-06,0,1,0.5662423564240718,test,C,random_forest,2.0
2024-12-06,2024-12-09,1,1,0.5374028524103452,test,C,random_forest,2.0
2024-12-09,2024-12-10,1,1,0.6179922086863155,test,C,random_forest,2.0
2024-12-10,2024-12-11,0,1,0.6798375919183108,test,C,random_forest,2.0
2024-12-11,2024-12-12,1,1,0.5898804609228406,test,C,random_forest,2.0
2024-12-12,2024-12-13,1,1,0.6393285468796894,test,C,random_forest,2.0
2024-12-13,2024-12-16,1,1,0.6111725641797491,test,C,random_forest,2.0
2024-12-16,2024-12-17,1,1,0.5603168363400955,test,C,random_forest,2.0
2024-12-17,2024-12-18,0,1,0.5904826088392168,test,C,random_forest,2.0
2024-12-18,2024-12-19,1,1,0.6555630948599693,test,C,random_forest,2.0
2024-12-19,2024-12-20,1,1,0.7504394519998614,test,C,random_forest,2.0
2024-12-20,2024-12-23,1,1,0.7108687914678612,test,C,random_forest,2.0
2024-12-23,2024-12-24,1,1,0.7468760966458415,test,C,random_forest,2.0
2024-12-24,2024-12-26,1,1,0.7012555200076107,test,C,random_forest,2.0
2024-12-26,2024-12-27,0,1,0.6061194260486475,test,C,random_forest,2.0
2024-12-27,2024-12-30,0,1,0.5776230208303265,test,C,random_forest,2.0
2024-12-30,2024-12-31,0,1,0.5971035175185053,test,C,random_forest,2.0
