Date,AAPL_return_1d,AAPL_cum_return_5d,QQQ_return_1d,QQQ_cum_return_5d,MSFT_return_1d,MSFT_cum_return_5d,NVDA_return_1d,NVDA_cum_return_5d,AAPL_mean_return_3d,AAPL_mean_return_5d,AAPL_mean_return_10d,AAPL_mean_return_20d,AAPL_volatility_5d,AAPL_cum_return_10d,AAPL_volatility_10d,AAPL_cum_return_20d,AAPL_volatility_20d,AAPL_close_to_ma20,AAPL_volume_to_ma20,AAPL_daily_range,AAPL_minus_QQQ_1d,AAPL_minus_peer_mean_1d,previous_direction,target_next_day_up,target_date
2024-01-02,-0.03578644676029841,-0.04111560406029591,-0.016922209357587814,-0.013659410365376101,-0.01374866250366058,-0.009904410802887398,-0.02734136896753503,-0.013557207398875781,-0.012994746033064128,-0.008261461528089464,-0.006148177438088764,-0.0014151184081096612,0.015669468189188785,-0.06038348054001297,0.01151123235835499,-0.02928248227064356,0.012075020417359647,-0.04323320055181823,0.49984213135489486,0.024509820441270196,-0.018864237402710593,-0.015241431024700602,0,0,2024-01-03
2024-01-03,-0.007487956928897588,-0.045584254142099545,-0.010581517950254415,-0.030034441937511702,-0.000727981868192118,-0.010836552069991234,-0.012435590709004352,-0.0347003122772197,-0.016232866672312902,-0.009190865520366253,-0.006046652086374993,-0.0013162865311471205,0.015403134399180432,-0.05942135036854601,0.011492615930420615,-0.027345391809427744,0.012013602359899218,-0.04912814345447636,0.04780302533627867,0.01329721686312768,0.0030935610213568276,-0.000906170640299353,0,0,2024-01-04
2024-01-04,-0.012699960141044575,-0.05819302722550346,-0.005146402227480751,-0.03698656431962,-0.007177552606033366,-0.01638728892519603,0.009018539255481572,-0.028714637195833004,-0.018658121276746858,-0.01183443103382691,-0.007852647675981528,-0.0030044477988880438,0.014423403323982367,-0.07631759549551431,0.010904946281967386,-0.0595079010755557,0.011035712627667673,-0.05840762182609771,0.2850252506972628,0.012148817605342272,-0.007553557913563824,-0.013620453465768678,0,0,2024-01-05
2024-01-05,-0.004013054781517478,-0.06405633983513492,0.001185964474136103,-0.03537568505913147,-0.0005164068889831341,-0.020064976021030856,0.022896539380691028,-0.008582158570880627,-0.008066990617153214,-0.013082322987900153,-0.007182563878723058,-0.002920742467663723,0.01311315083192704,-0.07006111813736882,0.010915464605361082,-0.057924411461449,0.011020632121776022,-0.05947463772821904,0.09281309013482675,0.014295156433334174,-0.005199019255653581,-0.015203121027371425,0,1,2024-01-08
2024-01-08,0.02417491944705552,-0.0362021484767483,0.02066805546071393,-0.011159254263385265,0.018871557850037135,-0.0035901141189301766,0.06428103638596516,0.05514720776771975,0.002487301508164489,-0.007162499832940506,-0.004688089621637237,-0.002218960275558618,0.021459569997716293,-0.04684616071162928,0.014728169556262062,-0.044834496285992675,0.012271904524570857,-0.03455490407510642,0.025654943314505463,0.02209531233810766,0.0035068639863415907,-0.017401377670945628,1,0,2024-01-09
2024-01-09,-0.0022634533519612088,-0.0026936078479364856,0.00197540251547057,0.00784913835322043,0.002935645558357569,0.013266045016206984,0.01697516350232342,0.10322210681414368,0.005966137104525611,-0.0004579011512730657,-0.004359681339681265,-0.002702758514377274,0.014334963195445003,-0.04369846259446286,0.014743482548696975,-0.054008640605955116,0.01206113525762616,-0.034084139310341266,-0.25019000426607163,0.013071179523189433,-0.004238855867431779,-0.012218857882301704,0,1,2024-01-10
2024-01-10,0.0056713870664111266,0.01052930261916507,0.00677767327603962,0.025531692537658524,0.01857430218531153,0.03283864253498692,0.022770008894248184,0.14255077783605663,0.00919428438716848,0.002173967647788677,-0.003508448936288788,-0.001772816751650308,0.013923698343118183,-0.0355349219294655,0.015082743199606374,-0.03618387441902049,0.011947769868968412,-0.026831563594435393,-0.1707699550242795,0.01331970403899349,-0.0011062862096284931,-0.01500076847336873,1,0,2024-01-11
2024-01-11,-0.003222433519214807,0.020229817134570505,0.0020806585668213806,0.03298161271189093,0.004859354760746726,0.045360703350249,0.008684352057730438,0.14217236472680383,6.183339841170366e-05,0.00406947297215463,-0.003882479030836139,-0.002329948774472679,0.011889072900303459,-0.039140444390211915,0.015018040551574652,-0.046838940643071036,0.011729794835369223,-0.027650034679076896,-0.12662035156409024,0.018481642342001763,-0.005303092086036187,-0.009994286928453389,0,1,2024-01-12
2024-01-12,0.0017780806249629855,0.02616191197288087,0.0005131537194578151,0.03228743484376384,0.009983458821119395,0.05634252144056018,-0.0020429035537892215,0.1143248342926011,0.0014090113907197683,0.005227700053450723,-0.003927311467224715,-0.003075616956450733,0.011164855483341138,-0.0395702641863257,0.01499843417848099,-0.06082040725759763,0.010901752013631331,-0.0228391305225929,-0.2607414282528643,0.00833693560145871,0.0012649269055051704,-0.0021921970087021014,1,0,2024-01-16
2024-01-16,-0.01231722620628184,-0.010401031763174196,-9.779052318459325e-05,0.01128518855184546,0.0046336009160969915,0.041580936222206155,0.030561205427238836,0.0790194555807413,-0.0045871930335112205,-0.0020707290772167485,-0.004616614455078627,-0.003729360825605088,0.006728818018210034,-0.04622664054372072,0.015231458196802203,-0.07309076861967645,0.011050795442633293,-0.031188508754659505,0.19947357219805917,0.01813430127162397,-0.012219435683097246,-0.029914629377949753,0,0,2024-01-17
2024-01-17,-0.005173421788424615,-0.013287266382924767,-0.00564068610499413,0.0035983355639994663,-0.00204974675065428,0.03640344590998912,-0.005835239429309191,0.05481742052994987,-0.005237522456581156,-0.00265272276450943,-0.0015553119578912479,-0.003851744697990006,0.006873935260144221,-0.015945083545854555,0.0106615181735607,-0.07536574444386757,0.011052649189828203,-0.03239994070993246,-0.06546655867195739,0.01439670313919463,0.0004672643165695156,-0.0012309286984428791,0,1,2024-01-18
2024-01-18,0.03257066292500932,0.013104911376234707,0.014194165588750307,0.010991407081507365,0.011297362852263904,0.02899913089412043,0.01880366400447886,0.05072679443691275,0.005026671643434288,0.002727132407210209,0.002450550027499443,-0.0017980510294377749,0.017433343271261753,0.023772199573077524,0.014877008027986067,-0.03706172699533139,0.013652959035200586,0.0010401405297049138,0.5075097876975283,0.017547566521297187,0.018376497336259012,0.017520149496637938,1,1,2024-01-19
2024-01-19,0.015533166404067433,0.03216773044144605,0.019830986582090482,0.028899575394007115,0.012186782810098773,0.03650258603811696,0.04174616507188045,0.0851666395041657,0.014310135846884045,0.006478252391866657,0.005273862682010644,-0.001289392496985442,0.017846067471392193,0.05304829488048113,0.014352058544647545,-0.02731781892544849,0.014115354297297841,0.018042768362426465,0.2962839283782577,0.016339474127765465,-0.0042978201780230485,-0.011433307536922177,1,1,2024-01-22
2024-01-22,0.012163075856822081,0.04286776188196839,0.001305889005749572,0.029714802056878264,-0.005418059165205991,0.02069667052305313,0.002739996523534849,0.09036750798085347,0.02008896839529961,0.008555251438238477,0.0068914757458446,-0.00014554406643922934,0.017766432356906187,0.07015117646767988,0.014098392194272306,-0.004824811531666473,0.014237831788840801,0.030682749449017166,0.12297370594918045,0.01583375797556803,0.010857186851072509,0.013502107177657652,1,1,2024-01-23
2024-01-23,0.006653404731010948,0.06289834250156656,0.004149575688578766,0.03408880565098715,0.006027627141906633,0.022112985810545327,0.003671126936098945,0.061916924241250504,0.011449882330633487,0.012349377625697034,0.0051393242742401425,0.00022561732630145271,0.013771022157188353,0.05184310308018247,0.012734558693275836,0.0025682920298693013,0.014317236560246,0.037402434357375114,-0.20596837866120166,0.009837064458418513,0.002503829042432182,0.0018040276920081588,1,0,2024-01-24
2024-01-24,-0.0034839072557569795,0.06470346334949673,0.005549170552989757,0.04572575151669667,0.009175150651233865,0.03360966448917102,0.024869251635551315,0.09471392128354417,0.005110857777358683,0.01268728053223056,0.0050172788838605655,0.0003287987720896501,0.013244222551490228,0.05055646481314935,0.012818956972114059,0.004648762432140741,0.01428083060907952,0.03354101825016498,-0.009881468349144273,0.010488475809367102,-0.009033077808746737,-0.02050610839914957,0,0,2024-01-25
2024-01-25,-0.001696785913627652,0.029369638005963594,0.0012211791125642524,0.03234943119015421,0.005738361145179116,0.027928014264009704,0.004155659361234854,0.07897450537002348,0.0004909038538754388,0.005833790764503166,0.004280461585856687,0.00038600632478394956,0.008341741217115412,0.04285943588541841,0.012987826488079854,0.0058015072478236895,0.014269752052944232,0.0314803830722703,-0.011532015300292464,0.016274417736564503,-0.0029179650261919043,-0.006643796166834637,0,0,2024-01-26
2024-01-26,-0.009012672992597004,0.00448936560307911,-0.005957647883562123,0.006244240749714303,-0.0023216492308810732,0.013193951350676025,-0.009510373659122884,0.02588623840198756,-0.004731122053993879,0.0009246228851702787,0.003701437638518468,-9.052069615883562e-05,0.008428797928670429,0.03680150874709809,0.01347925993932688,-0.0037793630497054975,0.014423421878328622,0.022382220449229884,-0.1934089388102086,0.014655400126101772,-0.0030550251090348812,-0.0030966615475950254,0,0,2024-01-29
2024-01-29,-0.003585811411234263,-0.011140121540040182,0.010240565351014697,0.015222982125451923,0.014334089854742382,0.033315730252463815,0.02349628750417243,0.04712164673428454,-0.00476509010581964,-0.00222515456844099,0.003165048434898743,-0.0003811315161629858,0.005670410928654096,0.031250088264413556,0.013669680965721236,-0.009556750170380934,0.014432832990503764,0.0192170730967689,-0.15723818966448777,0.01366502464700771,-0.01382637676224896,-0.02250100009069167,0,0,2024-01-30
2024-01-30,-0.019245887242442583,-0.03658161966909246,-0.006656541705869268,0.004297698689598839,-0.0027580669750406628,0.02429172764329124,0.004946661738990388,0.048452401468007,-0.01061479054875795,-0.007405012963131697,0.0024721823312826687,-0.0010722160618979793,0.007164776705869854,0.024015799589265363,0.014679881072917447,-0.02332101068943837,0.015006527077163233,0.0007957032100636141,-0.013104857410141002,0.02302702608835929,-0.012589345536573315,-0.020340184624417446,0,0,2024-01-31
2024-01-31,-0.01935768643782476,-0.05192817627833257,-0.019586338212404852,-0.020806527287332344,-0.026946435533752422,-0.012370928878482679,-0.019864819486993923,0.0026889597206576354,-0.014063128363833869,-0.010579768799545253,0.0010537558663426538,-0.00025077804577429695,0.008402857566029487,0.009415354220532635,0.016115757460020107,-0.0066798579349820475,0.013366310062469704,-0.018253417206861355,0.003940173507362532,0.014913232597739311,0.0002286517745800909,0.004047941072548411,0,1,2024-02-01
2024-02-01,0.013340588936785025,-0.037647433516761586,0.011775541970876935,-0.010484369271597016,0.01559465912382696,-0.0026921030591464667,0.02437958360568815,0.02288334429947847,-0.008420994914494107,-0.007572293829462717,-0.0008692515324797756,0.0007906492475098336,0.013513730627625205,-0.009383487005038882,0.012728489516691678,0.01416564644226348,0.013582426205946832,-0.005847065190638268,0.16755692670897093,0.016750452819221787,0.0015650469659080901,-0.006646532427972529,1,0,2024-02-02
2024-02-02,-0.005405025641491701,-0.034144029797375075,0.016900665657840985,0.012269850901367452,0.01842586948909819,0.018047711777380737,0.04970891905485009,0.08403938931743182,-0.0038073743808438123,-0.006850764359241657,-0.002963070737035689,0.0011553959724874773,0.013513909475861107,-0.029807949227218744,0.011381384178550882,0.02165908477287437,0.0132960080541568,-0.01225574405814922,0.7959371164487863,0.04347592986655209,-0.022305691299332686,-0.03947241991346584,0,1,2024-02-05
2024-02-05,0.009846622192902998,-0.02112354460207555,-0.0013054840639605825,0.000700608761763144,-0.013545233370943599,-0.009933681631053348,0.04794429237860176,0.10993357242065849,0.0059273951627321075,-0.004164277638414204,-0.0031947161034275974,0.0018483798212085012,0.01551257347041588,-0.03202834728789217,0.011058302455624579,0.03587600293722648,0.013373407964421012,-0.004249752769897808,0.21233741182473054,0.018169244432997198,0.011152106256863581,-0.007352907310926082,1,1,2024-02-06
2024-02-06,0.008631833311827375,0.006700803953558099,-0.0020071644640504704,0.0053844213921308,-0.00039440633011023074,-0.007587028612260349,-0.01599550673768868,0.08680357283308537,0.0043578099544128905,0.0014112664724397872,-0.0029968732453459546,0.001071225514447094,0.013632789417818907,-0.03012594197724061,0.011269747349714039,0.020155338787628096,0.01242572514952339,0.0033499247717119207,-0.23274761362699148,0.013417819573084407,0.010638997775877845,0.01682678984572683,1,1,2024-02-07
2024-02-07,0.0005810775782624233,0.02716939835055343,0.010290137808443012,0.03602183978824813,0.02111025565892377,0.04142577545443826,0.027497857725167885,0.13932074376676828,0.006353177694330932,0.005399019275657224,-0.0025903747619440143,0.0012134520609582756,0.0076361105242748984,-0.026169635234702837,0.011323412166030469,0.023063785335530218,0.012401803473232791,0.002798157309085836,-0.06597521204935497,0.012882120237741046,-0.009709060230180588,-0.023722979113783405,1,0,2024-02-08
2024-02-08,-0.00575472528146348,0.007813495082677369,0.001851969184916591,0.02586045743761689,0.0001447606687596803,0.02558291695305348,-0.006533567560778164,0.10493896288903626,0.001152728536208773,0.0015799564320075233,-0.002996168698727597,0.0006421464435645452,0.007443991195924281,-0.030128096470742882,0.011360481668806058,0.011440066195638199,0.01244872508200269,-0.0035345300689542114,-0.2803854528308317,0.011629073372150021,-0.007606694466380071,-0.002560321835454238,0,1,2024-02-09
2024-02-09,0.004093877128900747,0.017438641647141262,0.009843070129471831,0.018740678267781474,0.015551578746760386,0.022688426964128983,0.03578375616289575,0.09028113273765426,-0.0003599235247667698,0.003479736986086013,-0.001685513686577822,0.001007961975970323,0.0063469680091143045,-0.017300813650259483,0.011345273876702503,0.01886399905195657,0.012436676264261292,-0.0003810112298497925,-0.2039416481499372,0.010537492342326201,-0.0057491930005710845,-0.021573790325927322,1,0,2024-02-12
2024-02-12,-0.009001794004151242,-0.001551476803804741,-0.003912622092972273,0.016081208808770953,-0.012578659236385126,0.02369050451969068,0.0015941144172577637,0.042058412410046486,-0.0035542140522379917,-0.00028994625332483536,-0.00222711194586952,0.0004689682445146115,0.007164754734652021,-0.02264224871641607,0.011573056321256589,0.007900267277104689,0.012633579441805595,-0.009763825906291768,-0.2642566032300272,0.010045444531792902,-0.005089171911178969,-0.0035095215945875613,0,0,2024-02-13
2024-02-13,-0.011274318901786318,-0.02125665328523807,-0.01559687508369656,0.002245188045800317,-0.02152878028723204,0.0020469102102147474,-0.001660656686153117,0.05723898443905795,-0.005394078592345604,-0.0042711766960475735,-0.0014299551118038933,0.0005211136097393876,0.006464173464404861,-0.014698285998053118,0.010494862999803298,0.008964522500377381,0.012580065480585286,-0.02135372312516559,0.0034523824527590286,0.014591506187833324,0.004322556181910242,0.0003203995849062613,0,0,2024-02-14
2024-02-14,-0.004809934239779601,-0.026530006007178475,0.01089718270898743,0.002847399042156473,0.009665316635257382,-0.009184360578274986,0.02456737912104967,0.054223682557847486,-0.008362015715239054,-0.0053493790596559785,2.482010800062273e-05,0.0005392879871716383,0.005875275329199018,-8.141195807653823e-05,0.008564372867147244,0.009333175740033228,0.01257166537147279,-0.026499309405482396,-0.03651041835223623,0.016779779746436567,-0.01570711694876703,-0.021926282117933127,0,0,2024-02-15
2024-02-15,-0.001574679020624914,-0.022437304023173232,0.00297773916701094,0.003974287577776847,-0.007155073055062244,-0.016416103125128423,-0.01680653583252767,0.043322452190503125,-0.005886310720730277,-0.004513369807488265,-0.001466706687740371,-0.0011679791101100734,0.006096411613649376,-0.014799122705149492,0.007173551108872591,-0.024043742334598717,0.010060483642517746,-0.026867153822531686,0.16697073945866125,0.017078208306454668,-0.004552418187635854,0.010406125423170043,0,0,2024-02-16
2024-02-16,-0.008430298333647501,-0.03463055308974827,-0.009067771118854151,-0.01482665182694709,-0.006149153473629654,-0.037433736506890636,-0.0006195739287918611,0.00665416945950148,-0.004938303864684006,-0.007018204899997915,-0.0017692339569559512,-0.00236615234699582,0.003825949989998519,-0.017795821247981403,0.007417730594458904,-0.047073313538983697,0.009370036028164797,-0.03276573425096918,-0.09728960079978843,0.01744286093552423,0.0006374727852066497,-0.005045934632436744,0,0,2024-02-20
2024-02-20,-0.00411404598451548,-0.02986920985642627,-0.007547952071560227,-0.01842214985870072,-0.003143032058850026,-0.028235620139494544,-0.04353200093930487,-0.038699923102857414,-0.004706341112929298,-0.006040655296070762,-0.003165300774697799,-0.0031800084390626983,0.0038168400030472965,-0.031374345273990856,0.006202907457189538,-0.06239782413551742,0.008726437005507117,-0.03364757786023853,-0.02054272988562389,0.013383965126993564,0.003433906087044747,0.01922347051456197,0,1,2024-02-21
2024-02-21,0.004186009682935143,-0.014699642531022517,-0.004001855706514679,-0.00686040863244386,-0.0015146788289995827,-0.008358703475830342,-0.028508887527001314,-0.06455206100036781,-0.0027861115450759457,-0.0029485895791264705,-0.003609883137587022,-0.0033033781914664885,0.004681403643699495,-0.03564383061156173,0.005366329247335192,-0.06469596861595184,0.008596575694930286,-0.02633462945937226,-0.2442468710011244,0.012231217847493241,0.008187865389449822,0.019197792860935592,1,1,2024-02-22
2024-02-22,0.011244054296275063,0.0011948093808282767,0.029275705703726507,0.01119527411070309,0.02354686448061649,0.0052750381971116145,0.16400885410159205,0.06276044478477472,0.0037720059982315757,0.00026220812808446236,-0.002543585465785758,-0.0025669801138648862,0.0076498788707084694,-0.025366894926400985,0.007078000381743529,-0.050872687773842906,0.009190586484244265,-0.012781674751629835,-0.043581073944313986,0.013559690113410247,-0.018031651407451443,-0.08253380499482921,1,0,2024-02-23
2024-02-23,-0.01003416001746893,-0.007288137000968198,-0.0029447716412935865,0.005224239354536753,-0.003182500442129421,0.009297346189856448,0.0035523029731110434,0.08476686506005926,0.0017986346539137592,-0.0014296880712843408,-0.0029715289393863033,-0.00298384881905695,0.00897790434609502,-0.02956191487848825,0.0074150652703216585,-0.05879936712591216,0.009336957314554339,-0.01969493704455072,-0.16737766972151158,0.015395559351396106,-0.007089388376175343,-0.01021906128295974,0,0,2024-02-26
2024-02-26,-0.007451340512798721,-0.006308051546058513,-0.0005265984621228847,0.01388859957698374,-0.006823404194502669,0.008612616216921332,0.003489013003022068,0.08922648709145276,-0.002080482077997529,-0.0012338965071145847,-0.00412605070355625,-0.002905782195067036,0.008795896034350608,-0.040720153321848085,0.007084162935357565,-0.05731647518767635,0.00929030773708462,-0.024112860050768403,-0.2432459757965889,0.011647165862764246,-0.006924742050675836,-0.00578414491705842,0,1,2024-02-27
2024-02-27,0.008114544491461428,0.00589359850023774,0.002405195278477601,0.024056730772014534,-0.0001473359484828185,0.011643639712206388,-0.0049434924517449685,0.1331711099991515,-0.0031236520129354073,0.001211821588080797,-0.0024144168539949828,-0.0023207643999322513,0.009469180947609363,-0.024151648486601784,0.007806198919217975,-0.04624704957107273,0.00960818396575335,-0.01384178059852692,-0.0007966931440057667,0.023873407949308104,0.0057093492129838275,0.010659958691575322,1,0,2024-02-28
2024-02-28,-0.006625467661190654,-0.004936263443587108,-0.005324530780053904,0.022696794190362413,0.0005889725315397776,0.013775013578139372,-0.013189222890311436,0.15104034334394467,-0.0019874212275093153,-0.0009504738807443625,-0.0019495317299354164,-0.001689743420869655,0.009847096662912069,-0.019563344666549964,0.007344722798764402,-0.033974083029615576,0.008820233081681296,-0.01868511081781954,-0.0937305124772444,0.016481039932491892,-0.0013009368811367494,-0.0003253424818048245,0,0,2024-02-29
2024-02-29,-0.0036932916736245325,-0.01963460577934273,0.008569485764063911,0.002122924006945137,0.014519768221514351,0.004834099439062323,0.01865749967302688,0.007308384332264328,-0.0007347382811179193,-0.003937943074724282,-0.0018378674733199097,-0.0009065236826596434,0.007107266032288016,-0.018463256009688456,0.0073047829390296155,-0.01854316483794083,0.007805945954587326,-0.021405562734647665,1.3534447616919927,0.016818857786566277,-0.012262777437688444,-0.020281925620895147,0,0,2024-03-01
2024-03-01,-0.006030268599643285,-0.015669543117864837,0.015056822024536842,0.020216013705580016,0.004496598894262904,0.012574955583350755,0.0400319042593984,0.04392452095405397,-0.005449675978152824,-0.0031371647911591525,-0.0022834264312217465,-0.001875066559481059,0.006443226241700141,-0.022843478341847523,0.007421892655214504,-0.03730453760800356,0.0071164527331913,-0.025470153392708195,0.2572404495795362,0.017533083782012064,-0.021087090624180127,-0.028294520176473936,0,0,2024-03-04
2024-03-04,-0.02538124105795514,-0.03345098589829576,-0.0035681020972748723,0.017111388100184977,-0.001395714587149266,0.018108656826711922,0.03595075231265388,0.07769430340212624,-0.011701600443740986,-0.006723144900190436,-0.0039785207036525105,-0.002873877330304231,0.01202030789644077,-0.03954802690104142,0.01034274826840083,-0.056640058531581494,0.00883283723829191,-0.04748901536523098,0.41856661424711805,0.01776128213560993,-0.021813138960680267,-0.042658759920707445,0,0,2024-03-05
2024-03-05,-0.02844091711100183,-0.06849923072816966,-0.017949669877918795,-0.0035421013782520605,-0.029572018980055126,-0.011853282162813228,0.008576570340268708,0.09233718502951538,-0.019950808922866752,-0.014034237220683088,-0.006411207816301145,-0.004788254295499473,0.011855330619858996,-0.06300933919141904,0.012918388189362959,-0.09240680770213228,0.010002438891052163,-0.07019891920533483,0.6197529619806084,0.014225242407738582,-0.010491247233083034,-0.01794319279110862,0,0,2024-03-06
2024-03-06,-0.005878271097376153,-0.0677985743781907,0.006283800892397107,0.008087032085656531,-0.0013908830210280776,-0.013808518348468746,0.03182723271291832,0.1421675573098662,-0.019900143088777706,-0.013884797907920188,-0.0074176358943322755,-0.005513759515959648,0.011976160829983647,-0.07240016619754752,0.012381961829646543,-0.10546337754891488,0.00949096279392352,-0.07060040267173062,0.14336643939433724,0.015137256925823116,-0.01216207198977326,-0.021096445943321274,0,0,2024-03-07
2024-03-07,-0.0007096000218169696,-0.06500686215926665,0.015178070365991392,0.014692455441883912,0.017533472447715415,-0.010878965343004032,0.04474633039008613,0.17141960332409467,-0.011676262743398317,-0.013288059577558676,-0.008613001326141479,-0.0055782933959636185,0.01266542803996589,-0.08336508382716001,0.010864145352174196,-0.1066172654315869,0.00945164629815707,-0.06608429081920975,0.17833514849071008,0.013254380085059135,-0.01588767038780836,-0.03184950144071774,0,1,2024-03-08
2024-03-08,0.010236905451124434,-0.04970489105386833,-0.014434791857945606,-0.014788572078993756,-0.007137011736676024,-0.0223345033674609,-0.05547693225288419,0.06384509246249404,0.001216344777310437,-0.010034624767405131,-0.006585894779282142,-0.004778711859334222,0.016503609674433924,-0.06459558123819575,0.012357968963210175,-0.09224792704259399,0.010090750091706449,-0.05197915315151169,0.2169801174614714,0.027880247325913522,0.02467169730907004,0.04154387744590454,1,1,2024-03-11
2024-03-11,0.011831536911720786,-0.01342083580618525,-0.003712819236833309,-0.01493165960962095,-0.004184918531487392,-0.025065223132320957,-0.020039376032730205,0.00634735607530601,0.007119614113676083,-0.0025920691734699465,-0.004657607036830191,-0.004391828870193221,0.016241372750698264,-0.04642288151518503,0.013645285834957338,-0.0852526879840928,0.010585057667815595,-0.03645561052545243,-0.05170079129399219,0.013487709586423606,0.015544356148554095,0.023943684193829584,1,1,2024-03-12
2024-03-12,0.0027783098072149404,0.018281033222885767,0.01433493897339777,0.017452165420370536,0.026599487488427886,0.031367151238844704,0.07157189765295824,0.06920344747234841,0.008282250723353387,0.0036517762101734076,-0.00519123050525484,-0.0038028236796249114,0.007430995224948178,-0.05147043421796782,0.013186954387864474,-0.07437898686988442,0.010642630360007416,-0.03001302529531269,-0.06988523867603535,0.01743349504672905,-0.01155662916618283,-0.04630738276347812,1,0,2024-03-13
2024-03-13,-0.012122396679717595,0.011885161907831732,-0.007686071339691347,0.0033272468431471136,-0.00043332022784370317,0.03235612559662582,-0.011151956402617347,0.024667409156055697,0.0008291500130727103,0.002402951093705119,-0.0057409234071075345,-0.0038452275685214752,0.009631766036808098,-0.05671920950396403,0.01336672610004925,-0.07517293672577374,0.0106756045825801,-0.038025282352538436,-0.1813786399257249,0.01419977715909232,-0.004436325340026248,-0.00632975836448707,0,1,2024-03-14
2024-03-14,0.010927391001683606,0.023668822139323975,-0.002521266025388824,-0.014165473863587796,0.024379357940363056,0.03930173673850512,-0.032391485173757895,-0.05098789904899892,0.0005277680430603171,0.0047303492984052346,-0.004278855139576721,-0.003058361306448315,0.010086846103131443,-0.042876675878225856,0.014377017821775228,-0.06054828884433017,0.011169315488237639,-0.024456180535513794,0.12118452664326917,0.013063552062635486,0.01344865702707243,0.014933454618381026,1,0,2024-03-15
2024-03-15,-0.0021966995207152173,0.011069902333691761,-0.011886804598232215,-0.011616790334553206,-0.0206949448070175,0.025109664364815876,-0.0012166419586961963,0.0035302740360922957,-0.0011305683995830689,0.002243628304037304,-0.0038954982316839137,-0.0030894623314528303,0.009921199466210085,-0.03918521700964972,0.0143762383843524,-0.06113356869541664,0.011165832194862,-0.02350453316379797,0.7944796691804545,0.013497867552787918,0.009690105077516997,0.008759093862141631,0,1,2024-03-18
2024-03-18,0.0063723630742147375,0.005614837772691228,0.009537398537915243,0.0015283078116865578,0.002161267395651034,0.031642540444752454,0.007035710087536895,0.03125656010238842,0.0050343515183943754,0.0011517935365360943,-0.000720137818466926,-0.0023493292610597184,0.008844189320238288,-0.007881353849319761,0.012485764179059621,-0.047117688756311615,0.011283164065007664,-0.014888473646076705,0.09347767401003648,0.024119286276558675,-0.003165035463700505,0.0017738743326207729,1,1,2024-03-19
2024-03-19,0.013585165941419453,0.01645226292633284,0.002491518494035505,-0.010165581864836737,0.009800526582328217,0.014761056558178831,0.010660842089710965,-0.02736286223403339,0.0059202764983063245,0.0033131647633769966,0.0034824704867752023,-0.0014643686647629716,0.010505525988825135,0.035034060514366416,0.008580531643850527,-0.030182751679254993,0.011818844992423071,4.8267199013629636e-05,-0.20230614531209012,0.020331677611462203,0.011093647447383947,0.0033544816053998616,1,1,2024-03-20
2024-03-20,0.014709243473686406,0.04406001641754176,0.011856675340542244,0.00932833304484082,0.009065104441980942,0.024403866436341737,0.010895047614699616,-0.005677290803152268,0.011555590829773532,0.008679492794057797,0.005541221943881458,-0.0009382069752254085,0.00687551771598307,0.056468838754157646,0.00855480425578445,-0.020019680754173375,0.012307761508828218,0.015811116311366114,-0.23485759036807197,0.020036950062928528,0.002852568133144162,0.004729167445346127,1,0,2024-03-21
2024-03-21,-0.04085757084731534,-0.009422170927956386,0.004732211836271594,0.016667978963621488,0.009735719768836804,0.009759877912629555,0.01176250611428098,0.0396957247983698,-0.00418772047740316,-0.0016774995757419919,0.0015264248613316212,-0.0035432882324049285,0.02292172631243302,0.014023639523507603,0.017033468113576807,-0.07051052618809162,0.014845800449853846,-0.022078530062502377,0.4642550927852396,0.038804979545724975,-0.04558978268358693,-0.05160668378887423,0,1,2024-03-22
2024-03-22,0.005310182336512703,-0.001969649243911853,0.001143831632306247,0.030075178323736518,-0.0014672867867455697,0.02958548538002881,0.031213408041631974,0.07345418109309754,-0.006946048345705409,-0.00017612320429640781,0.001033752549870448,-0.002776071114705847,0.023124173625497697,0.009078449265018218,0.016823490231905464,-0.05610355968019298,0.01488913081378754,-0.014004776550637588,-0.036000834218454236,0.017355499851114585,0.004166350704206456,-0.009562878290930499,1,0,2024-03-25
2024-03-25,-0.008300367193095237,-0.016520754453617448,-0.0036290661015486725,0.016640858375777112,-0.01371465509127856,0.01327511708766882,0.007561785408766175,0.0740149534147605,-0.014615918567965958,-0.0031106692577584027,-0.0009794378606111543,-0.002818522448720673,0.023016149159877347,-0.01099867803706589,0.016590736036882544,-0.056910969224912455,0.014904364906954088,-0.019295512669732284,-0.27118685480094684,0.014574219515423419,-0.004671301091546565,-0.005223932351839045,0,0,2024-03-26
2024-03-26,-0.006672488221913908,-0.03617670750280222,-0.0032377634202803707,0.010830712378734786,-0.0028614448412951354,0.0005695774894116656,-0.02569403383105706,0.035381142009037525,-0.003220891026165481,-0.007162200090425075,-0.001924517663524039,-0.00355787408438944,0.021040636988301702,-0.020319633280114546,0.016622043920155337,-0.07074420715000496,0.01469881852565452,-0.022213481549764325,-0.23115254705738175,0.010842002622702492,-0.0034347248016335374,0.00760525111426219,0,1,2024-03-27
2024-03-27,0.021212536832496687,-0.02999954329790544,0.003405946520940617,0.0023885520995010623,-0.0005216617649891342,-0.008936475758264839,-0.024967389683497876,-0.0013499621472743417,0.0020798938058291805,-0.005861541418663019,0.001408975687697389,-0.0021659738597050726,0.022853559386114868,0.01273869274941175,0.0176598599209516,-0.04470304533741265,0.015678455645082887,0.000866176221419046,-0.19857951442321664,0.020137358157795524,0.01780659031155607,0.03395706255674019,1,0,2024-03-28
2024-03-28,-0.01055897807291617,0.0006420464548917426,-0.0018432833509859359,-0.0041716049477645845,-0.0016848798514490504,-0.020145883811319987,0.001174546501837126,-0.011800701529146362,0.0013270235125555363,0.000198177136216815,-0.0007396612197625885,-0.0025092581796696545,0.013255975982425469,-0.008786173944506204,0.017680187132538938,-0.051286127890303734,0.015788434131906396,-0.007044097273320227,-0.0835206710133567,0.01003033160460307,-0.008715694721930234,-0.010303811398110208,0,0,2024-04-01
2024-04-01,-0.008455848521366716,-0.013060062139268025,0.002117078459551003,-0.00320352544176139,0.009151109780040745,-0.009726115439577798,7.739360008218732e-05,-0.04163796643316875,0.0007325700794046005,-0.002555029035359069,-0.0013655761198277383,-0.002630537175755826,0.013357979251975271,-0.015003987641661776,0.01784750229838001,-0.05360127013956284,0.01582617526163865,-0.012687627133760038,-0.34216048436040447,0.01040995286225019,-0.010572926980917718,-0.013070100211428182,0,0,2024-04-02
2024-04-02,-0.006998691272129598,-0.011764633654620327,-0.00863014159818487,-0.008206736850731144,-0.007372258494727668,-0.003358070180149886,-0.010081618133498838,-0.05841983365230452,-0.008671172622137494,-0.002294693851165941,-0.0027026815544621717,-0.001711409686464549,0.01323008683146037,-0.028091027484393072,0.017703665089878428,-0.03575098600611737,0.014944597652791651,-0.017812400566968978,-0.2817741014696189,0.006574275257209666,0.0016314503260552726,0.0017282470419836549,0,1,2024-04-03
2024-04-03,0.004797377471410957,-0.00035356651817786133,0.0022443595176444564,-0.0027519429208899826,-0.0023490906197085604,-0.002845971136830827,-0.005455471136189272,-0.03886106064817041,-0.0035523874406951186,-7.207125009678351e-07,-0.0035814604014630215,-4.949495734390963e-05,0.013275556660262004,-0.03651748314846914,0.01700984095965347,-0.0027627783485585367,0.013603671162484931,-0.012965541461230301,-0.2807809393987172,0.012378372651212258,0.002553017953766501,0.008699658349359873,1,0,2024-04-04
2024-04-04,-0.00489230909952032,-0.025907126811781533,-0.015290807022927067,-0.02133395472773325,-0.006112500917548447,-0.00842380866710224,-0.03438464731545188,-0.048144127610455056,-0.00236454096674632,-0.005221689898904369,-0.005541615658783694,-1.9685745111797104e-07,0.005970644094443679,-0.055129468137172566,0.01575069167788837,-0.0017737264298554045,0.013583207752909767,-0.017708701457778364,-0.1809137112199375,0.01836269820065232,0.010398497923406747,0.015356265016979842,0,1,2024-04-05
2024-04-05,0.004501723061021812,-0.011080046354561612,0.01178394873671551,-0.00797281702978625,0.01828276551843988,0.011409049061040788,0.024480778428453087,-0.025985979662991876,0.001468930477637483,-0.0022095496721167727,-0.001005686267949979,0.0002603692966908211,0.006389200545015686,-0.010445113804151807,0.00989199453184912,0.0034320472085842546,0.013618820684712095,-0.013453171132442598,-0.3429667971558543,0.008491581706909423,-0.007282225675693699,-0.016880048912424672,1,0,2024-04-08
2024-04-08,-0.006663607351271139,-0.00929254848852179,0.00029521365404505673,-0.009776338244629534,-0.002185529618049964,4.704434038993455e-05,-0.009942460825921096,-0.03574470309291644,-0.0023513977965898825,-0.0018511014380976575,-0.002203065236728363,-0.0005846563434289576,0.0059888957502708855,-0.022231249367097528,0.009766431812709406,-0.013354625371556628,0.013490936669787457,-0.019376767285213314,-0.39773393278591285,0.005698969857346508,-0.006958821005316196,-0.0005996121292856094,0,1,2024-04-09
2024-04-09,0.0072425341470576665,0.00491577935297749,0.0036995267039736657,0.002539074808249442,0.003980115688461572,0.01148427077829739,-0.020417215487072315,-0.04581235581807419,0.0016935499522694464,0.0009971436457397952,-0.0006487751027130728,-0.0008141064816621135,0.006306772470895949,-0.006906686644857496,0.009923780594195675,-0.017829400259213646,0.013306413532860833,-0.01138826788339109,-0.3082151027899026,0.010196238263740914,0.003543007443084001,0.015461084046363038,1,0,2024-04-10
2024-04-10,-0.011139153598515028,-0.011022629623187563,-0.00872855001472983,-0.008437061366600607,-0.007084324089197902,0.006683378875310453,0.019741514091225598,-0.021637820363034632,-0.0035200756009095002,-0.002190162568245402,-0.0010954416403731848,-0.001509979651948612,0.007764580561131305,-0.011372298908588374,0.010317733401068447,-0.03146085124532849,0.013471546105212954,-0.020845906337098263,-0.18170018132567756,0.011801142817646678,-0.002410603583785198,-0.017467748599528876,0,1,2024-04-11
2024-04-11,0.04327072783409247,0.03684370087704525,0.01596823136803649,0.023039545317744103,0.011033185630764608,0.02404980886213215,0.04109646536364031,0.05483969805755873,0.013124702794211704,0.007442444818477156,0.0011103774597863935,0.0012596765737418914,0.021427845086034535,0.009982059634426665,0.016262278486267965,0.022847910774527858,0.01652340762363894,0.020358660887400237,0.45303004509053135,0.04170477223353592,0.02730249646605598,0.01720590233689001,1,1,2024-04-12
2024-04-12,0.00862676182007105,0.041101553656192724,-0.0159419502877457,-0.004994790636019375,-0.014090897689843396,-0.00850720255279691,-0.026816394643299657,0.0020224117857567947,0.013586112018549498,0.008267452570287003,0.0030289514490851157,0.0011446451146612635,0.02136563685849979,0.029566100181875887,0.015859340843326318,0.02052015333831103,0.016460449550164246,0.028097284875715722,0.5857831362884862,0.023506053949303884,0.024568712107816748,0.029080407986642576,1,0,2024-04-15
2024-04-15,-0.02186350131775472,0.025170763904576843,-0.016450889339734598,-0.021652332817481135,-0.019578155663803387,-0.025789637278819666,-0.02477738486012515,-0.012991792713723305,0.0100113294454696,0.005227473776990288,0.0016881861694463152,0.00016130502480928843,0.02482283338974827,0.015644314871978482,0.01742738995853111,0.00040560012331525286,0.017239569923982075,0.005598978693168721,0.1917062967243628,0.02391571500622221,-0.005412611978020121,0.0003142689442095503,0,0,2024-04-16
2024-04-16,-0.019167308896789748,-0.0017091563231647067,9.27903276795039e-05,-0.025167968748363023,0.0022725183826988182,-0.027446601360711087,0.01644188209064934,0.024146703794732716,-0.010801349464824472,-5.4494831779194895e-05,0.0004713244069803002,-0.0011156785737409358,0.027001116742954436,0.0031982211944483474,0.018493565235819836,-0.02498264760941904,0.01769516285960554,-0.01242773325299007,0.1964490826358556,0.032412268721879675,-0.01926009922446925,-0.028524509133463827,0,0,2024-04-17
2024-04-17,-0.008147327252465475,0.0013112007452753538,-0.012201404965978657,-0.028583229266981314,-0.0066090852521719645,-0.026981108512397434,-0.03866612880409681,-0.03451325475463851,-0.016392712489003314,0.0005438704374307157,-0.000823146065407343,-0.0022023032334351823,0.02672580818751779,-0.009725881758088972,0.01860978679039451,-0.045888200183353045,0.01740987495736751,-0.0181610610116687,-0.17089037026527865,0.015773773193359375,0.004054077713513182,0.014490279775668913,0,0,2024-04-18
2024-04-18,-0.005714461476874044,-0.045703842827861885,-0.005706311438371303,-0.04930731662526788,-0.01838092707051142,-0.05528926668312162,0.00756811265006907,-0.06560660797580975,-0.011009699208709756,-0.009253167424762588,-0.0009053613031427155,-0.0032234884809632046,0.012152653147488637,-0.010544040664898002,0.01863156450954067,-0.06509222144819804,0.01695885055671785,-0.020442759257351617,-0.2916458017107936,0.012511951759423994,-8.150038502741097e-06,-0.0003080542666528685,0,0,2024-04-19
2024-04-19,-0.012212490501268047,-0.06542056972960364,-0.020689183278481793,-0.053893590445077244,-0.01273898339937296,-0.05399384508924532,-0.10004590739955788,-0.13591725896085083,-0.008691426410202522,-0.013421017889030407,-0.0025767826593717015,-0.0017912344636608402,0.006945479643283372,-0.027007903130370936,0.01884113372544203,-0.03717091631271452,0.014668083149368173,-0.030594992073511018,0.1555446283233859,0.01406055797230106,0.008476692777213746,0.04417995489819737,0,1,2024-04-22
2024-04-22,0.005090668475801197,-0.03966668703223941,0.010056687209094584,-0.02839513001967009,0.004610063003388953,-0.030654704016778056,0.043543244310452645,-0.0753826942299407,-0.004278761167446965,-0.008030183930319224,-0.0014013550766644677,-0.0018022101566964154,0.00893112957126217,-0.015494363941827904,0.018924311968605525,-0.037381154240350045,0.014662570788522851,-0.023813307136149153,-0.16787918611042874,0.015014413225756232,-0.004966018733293387,-0.018985985181119602,1,1,2024-04-23
2024-04-23,0.0063918894874015475,-0.014641675239980723,0.01492281511054494,-0.013987542603466463,0.01648549296482793,-0.01690866209661479,0.03653266860030269,-0.05710689389087087,-0.00024331084602176775,-0.0029183442534809643,-0.0014864195426300796,-0.0010675973226715763,0.008251763848013835,-0.016325806651327324,0.018883007445424524,-0.023119736065419505,0.01468789828437335,-0.016430180816142337,-0.139763995909443,0.01276216273640823,-0.008530925623143393,-0.02011719129516376,1,1,2024-04-24
2024-04-24,0.012702493030962492,0.006071626796213314,0.003387888326481292,0.0015735621254222565,0.0036557239472323477,-0.006750279470650211,-0.03331594756824141,-0.05185934238470491,0.008061683664721745,0.001251619803204629,0.0008977451203176723,-9.884826002775626e-05,0.010026112400959474,0.007390788663068859,0.019033360436415455,-0.004065560503366039,0.014935623003687361,-0.0037338467604668413,-0.15539548247086532,0.018281838006047626,0.0093146047044812,0.027532604841467023,1,1,2024-04-25
2024-04-25,0.005147094992873802,0.017061934271960677,-0.004829933770901795,0.002456356326242748,-0.02449504565996985,-0.012936840783216663,0.03708736647852651,-0.024081166015454403,0.008080492503745948,0.003423931097154198,-0.0029146181638041945,-0.0009021203520089005,0.009289045648911611,-0.02942170451820636,0.012191369705651418,-0.01973333409282696,0.014139946625062854,0.0024043852316977254,-0.1074331112845539,0.014479997190564975,0.009977028763775597,-0.0011490654164045266,1,0,2024-04-26
2024-04-26,-0.0034727209633114153,0.026060718753327494,0.015431748173453386,0.0394309886004347,0.018243653723687192,0.01803958709687481,0.061755730860237,0.15137807956785831,0.00479228902017496,0.0051718850047455245,-0.004124566442142441,-0.0005478074965286628,0.0057648697121976435,-0.04106475804468179,0.011499438325119096,-0.012712782613099383,0.013973030517661914,-0.000433833774075687,-0.19358289212464408,0.012758438412130658,-0.0189044691367648,-0.04347241325527351,0,1,2024-04-29
2024-04-29,0.024808042279989673,0.046189472677721,0.0040601952594387924,0.0332601076644472,-0.010016769398149328,0.0032172247027735246,0.00025052836571703985,0.10361169861958852,0.00882747210318402,0.00911535976558322,0.0005425879176319981,0.0011153870435391567,0.010497047223638482,0.0046906022885901955,0.012887273976490345,0.020408298419710702,0.014929172675246712,0.023315192459234524,0.202315266522324,0.016887565854646954,0.02074784702055088,0.029691162796205817,1,0,2024-04-30
2024-04-30,-0.018271003496926563,0.02055129010142509,-0.01885623148585902,-0.0011292476671709295,-0.03211926975974455,-0.044753096079334975,-0.015440212481234727,0.04827540164594524,0.0010214392732505646,0.004182781168717597,0.0006322184576183165,0.0005517714322993084,0.016291838033045163,0.005608709546016666,0.012737204158806002,0.008824868634208727,0.015455137723014066,0.00417695812670793,0.14612001087109472,0.029296104265374916,0.0005852279889324574,0.005508737623563076,0,0,2024-05-01
2024-05-01,-0.006046982499313791,0.001656499604880457,-0.007230525334808946,-0.01169985846069399,0.014409461403228407,-0.034518038215054836,-0.03889965078387869,0.04222041530752385,0.0001633520945831061,0.000432886062662341,0.000842252932933485,9.55343376307094e-06,0.015995702187899724,0.007738184048482699,0.012592844025201009,-0.0020629583726842204,0.015488540304233118,-0.001792302018765124,-0.12625323483621076,0.021264064020217594,0.001183542835495155,0.006198112191011351,0,1,2024-05-02
2024-05-02,0.022031882739102837,0.018482651194742017,0.01276345551431568,0.005772078960637028,0.00734289036356417,-0.003007226512431238,0.03342933402248405,0.038544277473070876,-0.0007620344190458391,0.003809843611908148,0.003616887354531173,0.0013557630256942287,0.018779800545267254,0.03585993524655895,0.01396917810165947,0.02493778596618057,0.01619407276361306,0.01893546598771345,0.5784351503129566,0.014621734942759534,0.009268427224787157,0.0016457705460787286,1,1,2024-05-03
2024-05-03,0.059816051962811034,0.08316579494467446,0.020098382882912436,0.01039432058536982,0.022169639757723347,0.0008368236718572231,0.034631738546724744,0.012013253264142376,0.02526698406753336,0.016467598197132637,0.01081974160093908,0.00412147947078369,0.030386220172282558,0.11139387408995205,0.021461094613120655,0.08137745599884294,0.020821846358503305,0.0755140758738837,1.482693488979693,0.023666682420823718,0.0397176690798986,0.03141536281058699,1,0,2024-05-06
2024-05-06,-0.009106617314307064,0.04731986311727976,0.010953380664288304,0.017330991729874512,0.016918485676872708,0.028067381019467597,0.03774111917843603,0.049944725129661194,0.024247105795868935,0.009684666278273291,0.009400013021928255,0.003999328972631893,0.03181087145097026,0.09569501531956992,0.02233405084992987,0.0787179179829618,0.020895482339337475,0.06159181299708916,0.158811376807239,0.020802369928086064,-0.020059997978595367,-0.036436419741961434,0,1,2024-05-07
2024-05-07,0.0037971583493383587,0.07086243375174917,0.00015904603249605742,0.037047603868239465,-0.01015650567213644,0.051395876618187675,-0.01721284892058883,0.04805436732441004,0.01816886433261411,0.014098298647526274,0.009140539908121937,0.0038270601827459284,0.02829959669968496,0.09287003828649931,0.022387889475787234,0.07502805334640539,0.020881534809637368,0.06167491955761761,0.11153679280991735,0.019627120022258974,0.0036381123168423013,0.017481835645700994,1,1,2024-05-08
2024-05-08,0.0018640396128291048,0.07938558951797958,-0.0005905582785411534,0.043983717539329836,0.002931633920004728,0.0394995557068043,-0.0015679502793158884,0.08876359377029064,-0.0011484731173798668,0.015680503069954853,0.008056694566308597,0.004477219843313135,0.027086881423164778,0.08117359132052981,0.022458532394588334,0.08916431684207105,0.02059144325000171,0.05904306665612058,-0.3499751464182891,0.00886511068884231,0.002454597891370258,0.001182197792484685,1,1,2024-05-09
2024-05-09,0.010014182615567524,0.06669348807616604,0.0021815630061603475,0.03307561908937595,0.004335944782179801,0.03639662161575652,-0.018415873119993487,0.034142370828518676,0.0052251268592449955,0.013276963045247791,0.00854340332857797,0.0028143925823868876,0.026915045613321253,0.08640881174798065,0.0224412027590658,0.05444481270275592,0.018533845245018866,0.06670282626078738,-0.2712121121949187,0.013815912394035113,0.007832619609407176,0.017054146784474367,1,0,2024-05-10
2024-05-10,-0.006890122338867544,-0.0004455608279272383,0.0023582036555938046,0.015109757221989817,0.005869181184937178,0.019869286486112747,0.012744063288183005,0.012265048163367265,0.0016626999631763617,-6.427181508792402e-05,0.008201663191022357,0.002038548374439958,0.007882901101257224,0.08268317869629649,0.02266937934692945,0.03822305592408615,0.01860237712704798,0.0572913435318978,-0.21505155024979883,0.016170398283146634,-0.009248325994461348,-0.016196744575427635,0,1,2024-05-13
2024-05-13,0.017645493079199825,0.026540380513789374,0.00230731011993357,0.006428139712152614,-0.0024594283588157406,0.00043514339645045474,0.005796870751006322,-0.018894983539466836,0.006923184451966602,0.005286150263613454,0.007485408270943373,0.004013998094287685,0.009182826327869214,0.07511613080406221,0.022194570720435947,0.08015907298771197,0.018019201706100833,0.07166931571470037,0.11538823576039525,0.013313350883507399,0.015338182959266256,0.015976771883104535,1,1,2024-05-14
2024-05-14,0.00617335608852021,0.02897041621479368,0.0064323934707808395,0.012740809099213157,0.0068644394468502234,0.0176382181940673,0.010586465860296101,0.008856750043676032,0.0056429089429508306,0.0057613898114498244,0.00992984422948805,0.005281031343553183,0.00914792287335034,0.10188576416632422,0.020308637427347023,0.10806592137042381,0.01717452725223209,0.0726450638283842,-0.17523903673782937,0.010724056149871106,-0.00025903738226062956,-0.0025520965650529526,1,1,2024-05-15
2024-05-15,0.012218030977297012,0.039604544582050094,0.01563019150989753,0.029177931442827987,0.017483968653329462,0.03240394248446843,0.035837614495467296,0.04665286899117271,0.012012293381672349,0.007832188084343406,0.01175634557714913,0.006299299255041307,0.009216775747594623,0.12213416421926682,0.019518033034833248,0.13081744490908576,0.016938568725590592,0.07897450189492439,0.09146034603634012,0.01728862933898707,-0.0034121605326005167,-0.014442760597101367,1,1,2024-05-16
2024-05-16,0.0006324247900451052,0.029947929616185087,-0.002031330195976344,0.024851552998827353,-0.004939980183998882,0.022868784895988536,-0.0028636925012253123,0.06323599622188869,0.006341270618620776,0.005955836519238922,0.009616399782243356,0.0066166435683872645,0.00960817147154021,0.09863874957911412,0.019439203777702255,0.13803586399838164,0.016760159479792692,0.07263354138008382,-0.1868324755829467,0.007585348025624949,0.0026637549860214493,0.004534261132657202,1,1,2024-05-17
2024-05-17,0.00015806712789578903,0.03725756202658048,-0.00048682776902764235,0.02194267784499493,-0.0018526066065778224,0.015016495708415345,-0.019924013834574872,0.028939201223659117,0.004336174298412636,0.007365474412591588,0.003650601298751832,0.007235171449845456,0.007548640806218516,0.03679540068847009,0.008262978032521046,0.15228805700980308,0.016249180311302843,0.06525135174794561,-0.3513417624698064,0.008584847130829822,0.0006448948969234314,0.011046377348472136,1,1,2024-05-20
2024-05-20,0.006162102239638978,0.02555286322228456,0.006972808324242408,0.026699573938890442,0.01220811207160244,0.02994099693832597,0.02488135375271061,0.04846279815121535,0.0023175313858599575,0.005068796244679419,0.005177473254146437,0.007288743138037346,0.004932635701408277,0.05277142644921007,0.006950130967961234,0.15351640423127244,0.01624350322113283,0.06422531443261126,-0.3009099644594996,0.015232431764959668,-0.0008107060846034297,-0.012382630672517547,1,1,2024-05-21
2024-05-21,0.006857242013424081,0.026249921203554294,0.001956359747765868,0.02213340342791592,0.008698967619122255,0.031817571083400775,0.006393801158452561,0.044112994236849,0.004392470460319616,0.005205573429660193,0.0054834816205550085,0.007312010764338473,0.004980173834282516,0.05598080856122056,0.006949970638558388,0.15404978668210978,0.016242484189221845,0.06391419164935863,-0.32942653903031416,0.009409916824331654,0.004900882265658213,-0.0006891423753633275,1,0,2024-05-22
2024-05-22,-0.007538427915319668,0.006219588052668312,-0.00019739531695361912,0.006204470508612836,0.003449448978483982,0.017585342912388446,-0.00457100790363707,0.0033815445040978886,0.0018269721125811305,0.001254281651136857,0.004543234867740132,0.006299964717024364,0.005796119423955092,0.04607045658703224,0.008043962227402038,0.13098375232250814,0.016517201633096786,0.0494770652615002,-0.44486181748092857,0.013357795355093502,-0.0073410325983660485,-0.006977648452743124,0,0,2024-05-23
2024-05-23,-0.021058059226850667,-0.0155920076456455,-0.004498492504816931,0.0037169477839633647,-0.008176064107775383,0.014276003270867976,0.09319671153382703,0.10004359144946706,-0.007246415042915418,-0.0030838151522422975,0.0014360106834983121,0.004989707006038141,0.0115945939086863,0.013888973622992795,0.011112028135662207,0.10149791507813521,0.017616287179927567,0.022537036835686752,-0.18307652069932734,0.023383962986985998,-0.016559566722033736,-0.06356838293987649,0,1,2024-05-24
2024-05-24,0.016588161748486874,0.000579352653526044,0.009456352655899725,0.013701947466455922,0.007400381728551286,0.023678506437218916,0.02572266298876058,0.15127771514934074,-0.00400277513122782,0.00020220377187591955,0.003783839092233754,0.005992751141628056,0.014664802285111241,0.03785849994753043,0.01162580812967037,0.12367193976016244,0.01768009201664746,0.033586527231870056,-0.4141845801551338,0.013369873681672582,0.007131809092587149,2.6639389830940274e-05,1,1,2024-05-28
2024-05-28,5.2785351651429835e-05,-0.005496066330483718,0.0037776194158711807,0.010485406570650113,0.00037202249346335314,0.011708289683463269,0.06980418775453145,0.2017407833847773,-0.0014723707089041211,-0.00101965960572159,0.0020245683194789143,0.004754988295211144,0.01429390508045565,0.019916356660597323,0.010579118353589215,0.09652852711671733,0.01715218920554072,0.028959705619309384,-0.1459807387007448,0.02052736345978299,-0.003724834064219751,-0.035035319772345974,1,1,2024-05-29
2024-05-29,0.0015787743709916313,-0.010709771526315581,-0.0070483338896799586,0.0014040614374457583,-0.0026723985755098267,0.0003029984980364997,0.008112422366916672,0.20379299912281512,0.006073240490376645,-0.00207535313420808,0.0015651101477260564,0.005747477188607053,0.013751333805121415,0.015259019018564857,0.010478204789144678,0.118699459998024,0.016302963323017162,0.02498012191532384,-0.12390290787864167,0.014399104471268671,0.00862710826067159,-0.0011412375247117912,1,1,2024-05-30
2024-05-30,0.005255284305384356,0.0020430592550930715,-0.01071335599644041,-0.00912874342326253,-0.03378618345929607,-0.036815876614605614,-0.03766607298568725,0.16377044807436292,0.002295614676009139,0.00048338930993272464,0.0008688354805347909,0.0063125905288419605,0.013670716608951035,0.008275354294695392,0.00990745880312353,0.1314202219943632,0.016066787518092766,0.024237526729297354,-0.1760472328833277,0.008102816913430002,0.015968640301824766,0.040981412527876016,1,1,2024-05-31
2024-05-31,0.005018437335646997,0.028734910223806587,-0.0018601071384499734,-0.006502629646816693,0.0011093777733508503,-0.02779856025948757,-0.007846077393577011,0.05620461796887266,0.003950832004007661,0.005698688622432257,0.00130743673509498,0.005461918258669168,0.006482474283536653,0.012694867638254559,0.009992548636952018,0.11258582308727849,0.015635313237315273,0.024044083151457674,0.2611370306883898,0.01383616989393679,0.00687854447409697,0.008386787145760077,1,1,2024-06-03
2024-06-03,0.009258811146630075,0.02131798455310885,0.005369166978358653,-0.010525199034882693,-0.0038784072496680366,-0.038683264178637766,0.04895408453667427,0.08012642023206107,0.006510844262553809,0.004232818502060897,0.0022175111369684085,0.0029340562178601206,0.0035860794303146466,0.021909687837553538,0.010286345883557774,0.05951126426896569,0.009110549684375482,0.030534301493839733,-0.07152564629874203,0.01272999657909942,0.0038896441682714222,-0.013279027496873042,1,1,2024-06-04
2024-06-04,0.0016492693127219127,0.022948416271689087,0.0027366030473030545,-0.011551381970391628,0.006166573254220653,-0.033114937098679964,0.01249584724480024,0.02226512805097336,0.005308839264999661,0.004552115294274994,0.0017662278442767021,0.0034718505492115693,0.0031674974265863366,0.017326223923196604,0.0101926266292333,0.07101197992381225,0.008669148561678872,0.028713628104171107,-0.09377310481129864,0.011782909560096276,-0.0010873337345811418,-0.007681940936788534,1,1,2024-06-05
2024-06-05,0.007820852674500722,0.029323675290959583,0.020159757828400737,0.015533320715400256,0.01908332904152288,-0.01202328372880046,0.05155570952579969,0.06631830756260015,0.006242977711284237,0.005800530954976813,0.0018625889103843663,0.0036730352654696873,0.0029233259865737663,0.018299853901965868,0.010250495600161075,0.07530510308117067,0.008723613107762375,0.03300893058882237,0.05721065737557329,0.010364010976169957,-0.012338905153900015,-0.02749866660916056,1,0,2024-06-06
2024-06-06,-0.00709647442834338,0.016676183758604246,-0.00034522832945949045,0.02617652426320083,0.001202934298356606,0.023753925286069455,-0.011777177222613844,0.09500461149495076,0.0007912158529597516,0.0033301792082312655,0.001906784259081995,0.003225009563411063,0.006513555182854525,0.018753313445265096,0.010206316708032629,0.06568774374524056,0.009045564253455088,0.02244617482531619,-0.19302567949294125,0.011980676070761425,-0.00675124609888389,-0.0018093529662147612,0,1,2024-06-07
2024-06-07,0.012392066150160863,0.024135343237773776,-0.0008846656487766502,0.027179364811558582,-0.001578453960784043,0.021005296265682816,-0.0009091050920559951,0.10266069840536018,0.0043721481321060685,0.004804904971134038,0.005251796796783148,0.00334390374014073,0.00771523012529515,0.05356378038273868,0.0067345388189064236,0.06819669993861521,0.009154469026056837,0.031707388715778606,0.03640824069447923,0.014221154250788305,0.013276731798937513,0.013635845676580882,1,0,2024-06-10
2024-06-10,-0.01914776343548452,-0.004689945864048695,0.00403909371975697,0.02582043731527439,0.009484524177967746,0.034702041583270615,0.007461407060209924,0.05904358932558984,-0.004617390571222346,-0.0008764099452888807,0.0016782042783860085,0.002731021685309881,0.012555929388385597,0.01652805849557537,0.009112298479799575,0.05501228594479324,0.010223577173228582,0.009289641000283622,0.8115500691071034,0.026667405165106628,-0.02318685715524149,-0.027620729054573356,0,1,2024-06-11
2024-06-11,0.07264904054118415,0.06586048362264041,0.0068629303684071274,0.030041756138360354,0.011241819495943384,0.039921224755758544,-0.007143842353279917,0.03850099903073567,0.021964447751953498,0.013323544300403566,0.008937829797339281,0.005481199058409098,0.03543312278733755,0.0903202936883567,0.024162647570771436,0.11203550153174113,0.01849712277230867,0.07674148556457894,1.9431632226550763,0.06531498516991512,0.06578611017277702,0.07060005196985242,1,1,2024-06-12
2024-06-12,0.028578495156828643,0.08781354283585929,0.013097551665589569,0.022911140386923545,0.01936772252478902,0.040211433427613574,0.03548076582748916,0.022625620352428433,0.027359924087509424,0.017475072796869152,0.011637801875922981,0.006601456011824519,0.035840907940743814,0.11971223394308628,0.024750316239074675,0.13679794421614355,0.0192061310922122,0.10018185934057877,2.0086723900508083,0.062420812852931704,0.015480943491239074,0.001154250980689553,1,1,2024-06-13
2024-06-13,0.005491144893552624,0.10160439201482374,0.005420193485931479,0.028810691283017276,0.001178893642501011,0.04018645610859917,0.03522380319706553,0.0712628362221881,0.03557289353052181,0.019992596661248353,0.011661387934739809,0.0062651117076373,0.03408242468993344,0.11997494928534835,0.024743669636914354,0.129243138791868,0.019161444684726678,0.09926430863835556,0.45569382067138275,0.02403843243295964,7.095140762114482e-05,-0.012710203526230646,1,0,2024-06-14
2024-06-14,-0.008168403202822194,0.07923212725848083,0.005181183664858979,0.035056827650879585,0.0022419935182693695,0.04416671649034942,0.01751408731808235,0.09101687607395781,0.008633745615853025,0.01588050279065174,0.01034270388089289,0.005825070307993935,0.03639084349211747,0.10527976508309722,0.02547753963235823,0.11931114540406829,0.019397211882940135,0.08398618481353015,0.029831885536801606,0.018212598320592487,-0.013349586867681174,-0.018046443620998054,0,1,2024-06-17
2024-06-17,0.019671379111911413,0.1219448460840149,0.012249981033838564,0.04352137353228147,0.013105188078721408,0.04791177314670936,-0.00682446083502819,0.07554618622535259,0.005664706934213948,0.023644331300130928,0.011383960677421024,0.006800735907194716,0.03075378067458599,0.11668298549343259,0.025640576420129978,0.14114916111910092,0.01958698765564141,0.09780530155457257,0.3254621542438574,0.02875338431803254,0.0074213980780728495,0.016531015490064804,1,0,2024-06-18
2024-06-18,-0.010984453851472842,0.034467801452066515,0.0003092102435444666,0.036729041805518614,-0.004527458078104174,0.03157066530753827,0.035119917300103776,0.12132988324998872,0.00017284068587212578,0.006917632421599529,0.010120588361001548,0.005943408102639125,0.01718981573150656,0.10259835114774907,0.02647131170170677,0.12170221707708251,0.019987570513385938,0.07938885007332774,0.10277610423935357,0.02627283148632581,-0.011293664095017308,-0.026280683462472643,0,0,2024-06-20
2024-06-20,-0.021512887942818137,-0.01591038863335248,-0.007707942152526681,0.015438239518133168,-0.0014338677218063145,0.010520057351278034,-0.03540354136870716,0.04456873564040653,-0.004275320894126522,-0.003100644198329827,0.007187214299269662,0.0045249016048270144,0.015962700594844653,0.07050600660871664,0.02831551261893264,0.09009611013083307,0.020904955861629045,0.051578361423976204,0.15379831248000797,0.025705835453660786,-0.013804945790291456,-0.003094183397561401,0,0,2024-06-21
2024-06-21,-0.010444366979176611,-0.03150671861139809,-0.00267938236217502,0.007257959180288598,0.009154241432448362,0.018569816447549625,-0.032191459436149095,-0.02345508243078387,-0.014313902924489197,-0.006287746572875674,0.006852425044186339,0.004379604651634167,0.01539930646064924,0.06689645241453235,0.028522198664888542,0.08690429600030347,0.02100308156675156,0.036284264488404494,1.8433020835391098,0.02303724831437408,-0.007764984617001591,0.0010742420226737548,0,1,2024-06-24
2024-06-24,0.0031326681548498048,-0.0204715673642083,-0.011384664883674622,-0.009342115584589972,-0.0046912650597210614,0.011523606088336358,-0.06684063411981955,-0.10441334681243353,-0.009608195589048315,-0.004027532301341274,0.005926485244655233,0.005589141020719191,0.015876232703260558,0.05713855406369106,0.02847263339638322,0.11376289140768447,0.02013987902169568,0.034040845583168,-0.06706145159330346,0.029355244682754793,0.014517333038524427,0.03889861774462011,1,1,2024-06-25
2024-06-25,0.004468147399944167,-0.035076270442951585,0.01143567453407024,-0.010139052279518168,0.007326739665364457,0.005754178544727706,0.06756418032280953,-0.03733409290155709,-0.0009478504747942132,-0.007068178643734724,0.008288076328198102,0.004983140303292055,0.010868872755585117,0.08259120524069652,0.027108537709365187,0.10048433600771012,0.019973157309775495,0.033759043010545,-0.3650806169095203,0.013249170973459262,-0.0069675271341260725,-0.03297731259414283,1,1,2024-06-26
2024-06-26,0.019993166933350848,-0.0048532456412695435,0.002065126325031086,-0.008401476799117624,0.002683193075513568,0.013039304173384503,0.0024587155429511842,-0.06770914886462265,0.00919799416271494,-0.0008726544867699859,0.0030224889674147714,0.005980159382377026,0.01579229396691974,0.02944727510363543,0.016094397506136587,0.1224272553276744,0.0202103735793286,0.04839833315771158,-0.24917793152450396,0.019788985794622127,0.017928040608319762,0.01742221262411847,1,1,2024-06-27
2024-06-27,0.003986105048336741,0.02107989113885078,0.0025813038492497054,0.0018805778233335069,0.0015260594622656942,0.016042132406818732,-0.019066531078146376,-0.05191928659371403,0.009482473127210586,0.00422714411146099,0.0005632499565655813,0.006100525916244282,0.010783491704193815,0.004834113245130389,0.013410639301370002,0.12512504968392513,0.020189939006612076,0.04645262732583699,-0.43454789688676254,0.015833719257389595,0.0014048011990870357,0.012756340856277082,1,0,2024-06-28
2024-07-01,0.029104524387258524,0.041366239328637366,0.005865206264098033,0.01679478266583856,0.021881664746381313,0.020238092677956843,0.00615192759614458,0.052408996755705095,0.005612128841492463,0.00825954017155448,0.002116003935106603,0.0062293539079997465,0.017361983123072234,0.020047840209408863,0.016968609142705503,0.1274382372001761,0.021486521426964448,0.04817739750409089,-0.32068793913476223,0.025790063842632445,0.02323931812316049,0.015087728215995577,1,1,2024-07-02
2024-07-02,0.016239944867381118,0.053570461523770874,0.010499650523561943,0.015853799117109046,0.005583102001662121,0.018472106037983327,-0.013113507766957633,-0.027123387664918397,0.009696742114507254,0.01061389966504187,0.0017728605106535733,0.006578410594037298,0.017516784727091488,0.016615139084657837,0.01660495341725786,0.13523682861087694,0.021594759313547218,0.05848400086372041,-0.3501032597338205,0.023970575552201934,0.0057402943438191745,0.020005147750028873,1,1,2024-07-03
2024-07-03,0.005811120370300404,0.03892155422990373,0.008337012470057248,0.022211988021877183,0.0032442382129189706,0.019041985763326164,0.04573251736761641,0.014873423843910327,0.01705186320831335,0.007777490352431781,0.0034524179328308978,0.006786503146916223,0.016749783089799856,0.03387941272521644,0.016009960939364312,0.1399537357564269,0.021564792476695183,0.05772240615014734,-0.5792208292321595,0.01137442671067007,-0.0025258920997568435,-0.018677257419967286,1,1,2024-07-05
2024-07-05,0.02162030920702196,0.05716937130628308,0.010426916254840934,0.030211218631482017,0.014736232816316086,0.03248319496582752,-0.01909884578151766,0.014839991063105185,0.01455712481490116,0.011304331184168825,0.007765737647814908,0.007476475973542285,0.017587473768823598,0.07945438656874693,0.014250255942220649,0.15556240468197124,0.02181889076483667,0.0727877871351037,-0.3221513887406088,0.021207047492357932,0.011193392952181025,0.023801615689622746,1,1,2024-07-08
2024-07-08,0.006538942263356384,0.08166376639498218,0.0023782064206601117,0.03804978947047255,-0.002823134077348466,0.04315924212674904,0.01883478407050032,0.03772048603271427,0.011323457280226249,0.01586296821906368,0.009464068572068208,0.008158246808127273,0.009957472088811658,0.0979805886826608,0.01277446231473714,0.1714315948855507,0.02155095277729371,0.0713379212642542,-0.3436281298135704,0.020191405300804596,0.004160735842696273,-0.0014668827332195433,1,1,2024-07-09
2024-07-09,0.003774857104064999,0.05504044226628513,0.0008646614210334747,0.03288924262060178,-0.014370312761438297,0.006152427456051601,0.024805107411107308,0.05695891940717002,0.010644702858147781,0.010797034762424973,0.009528287466989726,0.00772738635582248,0.007730947762653216,0.09868349770246354,0.012740666483942975,0.16146068413482095,0.02154799271523821,0.06740352376651715,-0.46443787315126683,0.013249951357103374,0.0029101956830315245,-0.001442540220769506,1,1,2024-07-10
2024-07-10,0.018803507812795717,0.057701883196026094,0.010426446623005292,0.0328144167447455,0.014601522528240096,0.01517595389217985,0.026868693543193434,0.09977999824945494,0.009705769060072367,0.011309747351507892,0.010961823508274881,0.009624949918236491,0.00824976033797573,0.1143634612333988,0.012913368100297843,0.20640008257285936,0.020711547315471944,0.07745128144434199,-0.28871300082880524,0.016439187489443216,0.008377061189790425,-0.0019316002229210483,1,0,2024-07-11
2024-07-11,-0.023220814306413984,0.02717216309402537,-0.021930116870412353,0.0018125521402334588,-0.024771895819907686,-0.013173379707591026,-0.05566679362685523,-0.0068600193610841576,-0.00021414979651775598,0.005503360416165015,0.006640425384298399,0.004831457175856585,0.017788959539940977,0.06715130014333703,0.016333123902376928,0.09857599805586026,0.01589050101400612,0.04748599405666809,-0.21719744768330218,0.029089927952394855,-0.001290697436001631,0.016998530416967472,0,1,2024-07-12
2024-07-12,0.013050858838746127,0.01855614323617716,0.005874776661823455,-0.0027007783243614414,-0.002529314932868454,-0.02996405060493068,0.014442601734163008,0.027099928991575872,0.0028778507817092867,0.0037894703425098487,0.007546900763339337,0.004055075359952459,0.016188807277278946,0.07678635758514196,0.016420751411259735,0.08199166477851993,0.015024950833427411,0.05690714200112135,-0.2965672071278821,0.01717709217138863,0.007176082176922671,0.00709421543809885,1,1,2024-07-15
2024-07-15,0.016743343765641683,0.028882376431714762,0.0026879003104951504,-0.0023926536331900783,0.0009039691311181208,-0.026338390781812993,-0.00619009015561256,0.0018720442132671433,0.002191129432657942,0.005830350642966909,0.010846659431015293,0.004617685303556912,0.017231709165507557,0.11290478646854862,0.014282723609027768,0.09409996175543633,0.015289888409368589,0.06966023491638684,-0.14960122515710594,0.017662113896968566,0.014055443455146532,0.019386404277888902,1,1,2024-07-16
2024-07-16,0.0017919260217860167,0.026849846099044727,0.00038292977263143513,-0.0028728174854545374,-0.009780619815055513,-0.021804428505866724,-0.01619420600143362,-0.038209787583737054,0.010528709542057943,0.005433764426511112,0.008115399594468043,0.005115701764787322,0.01731346744340679,0.08336811576940306,0.012952934050422492,0.10508730664231636,0.015011177435778981,0.06614494260866333,-0.40205582165858444,0.01677881917432299,0.0014089962491545815,0.014779338930030583,1,0,2024-07-17
2024-07-17,-0.025296029121242403,-0.017597981540430685,-0.029354954091179386,-0.04213061417435804,-0.013347553074109286,-0.0487506348484773,-0.06623947195661573,-0.12541716164902028,-0.002253586444604901,-0.003386142960296512,0.00396180219560569,0.0028673313531296317,0.019847172099374515,0.039088464980263415,0.016288367096545294,0.05635306434717413,0.016048078675704975,0.03630324710530575,-0.18641899310485133,0.02105910180614779,0.004058924969936983,0.014497483394120103,0,0,2024-07-18
2024-07-18,-0.02053485990203696,-0.014896565430220776,-0.004732507245661544,-0.025288194166270928,-0.007102189677268722,-0.03151538836762391,0.026273572700567627,-0.049529077152456025,-0.014679654333831116,-0.002848952079421108,0.0013272041683719538,0.0023898110506014258,0.019201968626261504,0.01187082575839371,0.01799707856727543,0.04615241508886814,0.0166140489755114,0.012755391612351952,-0.05381481438230251,0.03644392200851356,-0.015802352656375418,-0.030120551413686414,0,1,2024-07-19
2024-07-19,0.0005798750976937495,-0.027023507338998276,-0.008863606867177798,-0.03956996835718751,-0.00740299015217194,-0.03624743666002239,-0.02609616726427466,-0.08751143427663532,-0.015083671308528538,-0.005343148827631583,-0.0007768392425608672,0.0034944492026270204,0.01734005606953779,-0.008968816175747518,0.01653122276343721,0.06977295860550758,0.015647495484646355,0.010004978072237103,-0.2765380805705916,0.015692587538553317,0.009443481964871547,0.01732945380591705,1,0,2024-07-22
2024-07-22,-0.0015602709954480876,-0.04453922259050447,0.014897758704585984,-0.027874689417290432,0.013337732589722595,-0.024275187798230458,0.04757045929830506,-0.038149995858913544,-0.007171751933263766,-0.009003871779849537,-0.0015867605684413144,0.003938654001813447,0.012866649961575962,-0.016943244751624564,0.016330153823924803,0.07937723483607773,0.01535432636709284,0.004703669472798433,-0.17263110989966557,0.020941249780360164,-0.01645802970003407,-0.032014366939461913,0,1,2024-07-23
2024-07-23,0.00468826529850741,-0.04177683400950727,-0.003524601593810184,-0.03167184551638236,0.004312045654875307,-0.010388807018142598,-0.007689785778662639,-0.02983537047615048,0.0012359564669176908,-0.008424603924505258,-0.0014954197489970733,0.004016433858996327,0.013522669265833143,-0.01604868947412308,0.01636599078485351,0.08105106741749335,0.015353968688641357,0.0056087569452429875,-0.28922575904062564,0.018932535752297787,0.008212866892317594,0.006377135360401076,1,0,2024-07-24
2024-07-24,-0.028754266357637115,-0.04517659756070813,-0.035870314380553325,-0.038171653897826396,-0.03585492048567973,-0.03296366890030056,-0.06803166526791415,-0.03169743522152413,-0.008542090684859263,-0.009116251371784201,-0.006251197166040357,0.0023553131711172627,0.014643331603598542,-0.06197956217120604,0.016718037362212692,0.04529570180656295,0.017010323559092287,-0.02536924785458361,0.09278605821107266,0.03509654253033241,0.00711604802291621,0.023189026519159828,0,0,2024-07-25
2024-07-25,-0.004804609515429048,-0.02984209449318631,-0.011027688577654127,-0.044255328782260794,-0.024481092251392722,-0.049889912476522524,-0.01724295810093901,-0.07275585230078241,-0.009623536858186251,-0.005970201294462618,-0.004409576686941863,0.0011154243486782677,0.013194943360024594,-0.044294115210214535,0.015619233190911864,0.01988277750805789,0.01655468635480662,-0.030968153331903947,-0.0788638331203364,0.028645044962877328,0.006223079062225079,0.016057415660736818,0,1,2024-07-26
2024-07-26,0.0021610843611921116,-0.028308960851962772,0.010255880897468206,-0.025818563999853827,0.016419575735650227,-0.027087042896870583,0.0069469234980157335,-0.041295854402261134,-0.010465930503958018,-0.005653959441762946,-0.005498554134697265,0.0010241733143210364,0.013408396457265184,-0.054567460779618604,0.01461389015170272,0.018028860249586165,0.016543055830438885,-0.02970835873022637,-0.2488371332981718,0.015966282249644897,-0.008094796536276094,-0.009522165255640869,1,1,2024-07-29
2024-07-29,0.0012845819772639988,-0.025540322885168276,0.0020088386502714606,-0.03819039804846769,0.003433219269989296,-0.03659643846427174,-0.013001960510631738,-0.09672986312622989,-0.00045298105899097923,-0.0050849888472205285,-0.007044430313535033,0.00190111455874013,0.013683080943829841,-0.06894199934965695,0.012690782525542852,0.03617890540360369,0.01603602007071695,-0.03010697152558106,-0.31578809023424004,0.016266509175234724,-0.0007242566730074618,0.00606895259758522,1,1,2024-07-30
2024-07-30,0.0025660796387454443,-0.02759865722052046,-0.013731418568691423,-0.048042136071809294,-0.008928403134969565,-0.04929756614232361,-0.07043637640649503,-0.1538461970029692,0.0020039153257338516,-0.005509425979172922,-0.00696701495183909,0.0005741923213144762,0.013332558217073822,-0.06822250670844077,0.01275288388679841,0.009458027223613996,0.014709694394185121,-0.02806089839333714,-0.201201234610764,0.019241346687144823,0.016297498207436867,0.04224846940947774,1,1,2024-07-31
2024-07-31,0.014990832435163304,0.016198490435011648,0.02959368783382077,0.016595404543016112,-0.010805773428070431,-0.024597668191566835,0.12812097429990854,0.024244941668531084,0.006280498017057583,0.0032395937793871623,-0.0029383287961985195,0.0005117366997035855,0.007215256260219759,-0.02970989980917005,0.012682514677537834,0.008217250792835529,0.01464217550970003,-0.013887155560924347,-0.0327885536635697,0.014364203958504148,-0.014602855398657466,-0.04366676800075575,1,0,2024-08-01
2024-08-01,-0.016750724796312455,0.004000258378203725,-0.02422141817731671,0.0030331594478931745,-0.002964139039722702,-0.00308328628736243,-0.06674061349308635,-0.027342298105291096,0.0002687290925320977,0.0008503707232104807,-0.0025599152856260687,-0.0006163555586270574,0.011342413628185133,-0.025961212203502004,0.012144171054319065,-0.01439856747165269,0.015075127713917358,-0.029718071502004895,0.17950684003944595,0.034163727029796,0.007470693381004256,0.018101651470092073,0,1,2024-08-02
2024-08-02,0.006869264369890216,0.008717078876414597,-0.02373496199503855,-0.03071466937788947,-0.020666069147883492,-0.03945733899728576,-0.017763992392598404,-0.05121174156948327,0.001703124002913688,0.0017920067249501015,-0.0019309763584064222,-0.0013539078004836448,0.011669159206448308,-0.019838653420203967,0.012482981832844542,-0.028629540360251338,0.014269244836457237,-0.021644414718796523,0.9108509336405362,0.03588647033450854,0.030604226364928766,0.026084295140131164,1,0,2024-08-05
2024-08-05,-0.04816681030928227,-0.04110138919102757,-0.029816119100375515,-0.06150029072722085,-0.03265670888347094,-0.07400464614059654,-0.0635778823002735,-0.09982971124461859,-0.01934942357856817,-0.008098271732359153,-0.006591630289789841,-0.004089195429115578,0.025254776707147465,-0.06559196932522804,0.019214639924743097,-0.0814238732868342,0.01754412543273847,-0.06490929926069222,1.0516306493010816,0.08362402467013712,-0.018350691208906755,-4.9514717410048537e-05,0,0,2024-08-06
2024-08-06,-0.009748461213844095,-0.05287956157897977,0.009555081004633648,-0.03934164805016194,0.011286799514522938,-0.055116824322304914,0.037829765825552863,0.005012993484618811,-0.017015335717745383,-0.01056117990287706,-0.008035302941024992,-0.004765361345011032,0.024545265011748786,-0.07901881390551047,0.018811075687532586,-0.09379935497265057,0.01748558860267018,-0.06956606839590096,0.17373830777334032,0.043043952868064214,-0.019303542218477743,-0.034306743883881996,0,1,2024-08-07
2024-08-07,0.012498377659467819,-0.05520535092058165,-0.010829757547212937,-0.077058585205808,-0.002952844634800389,-0.04761566823259522,-0.05122296804425175,-0.15475975825461108,-0.015138964621219516,-0.011059670858016157,-0.003910038539314498,-0.005080617852677427,0.02391378019194095,-0.03990110383441858,0.01827836500955482,-0.09940761305981949,0.017090668005452236,-0.05301352803203874,0.06941317592717544,0.034553425540573696,0.023328135206680756,0.03958628399899389,1,1,2024-08-08
2024-08-08,0.016633306227976874,-0.023126960758620085,0.030590864992666722,-0.025214317336647807,0.010691918903759756,-0.03457118695731365,0.06126779427240936,-0.0388242969139837,0.006461074224533532,-0.0043828646531582915,-0.0017662469649739054,-0.003087911825957884,0.026453212053286004,-0.019219216198953393,0.019385441217163794,-0.06266203323260144,0.017187415760560584,-0.03415391686844427,-0.1940508118945482,0.025174605872434204,-0.013957558764689848,-0.019346550360107684,1,1,2024-08-09
2024-08-09,0.013735923887983947,-0.016464869869318943,0.005222306958916789,0.0036990720468652594,0.008269446305398054,-0.006046513749541127,-0.0020958084704209012,-0.02349205743096594,0.014289202591809547,-0.003009532749539545,-0.0006087630122947219,-0.003053658573495993,0.02734657016795834,-0.007891316562245065,0.019982363500121045,-0.0620281682348538,0.01722191995815472,-0.017707012540631895,-0.2720595750075788,0.02224379132632682,0.008513616929067158,0.010649104970495371,1,1,2024-08-12
2024-08-12,0.007130017731545868,0.04067368502875279,0.0021535881119472133,0.036773179022198565,0.0019456941897721958,0.029507750680820788,0.04076368623788951,0.08531610556705882,0.01249974928250223,0.008049832858626083,-2.4219436866534938e-05,-0.003534324875200784,0.010528800132015625,-0.0020994491204747723,0.020128864624642716,-0.07089670825023331,0.01676848732068395,-0.006955004421991373,-0.32982828172550616,0.017974479038577674,0.004976429619598655,-0.014224672482284983,1,1,2024-08-13
2024-08-13,0.017192937336281133,0.06898689981391226,0.02481288914248747,0.05244234511886359,0.01769870227227366,0.03603518047510357,0.06530911773455639,0.11405278684123932,0.012686292985270317,0.013438112568651128,0.001438466332887034,-0.002764274309476028,0.004033355467584664,0.012459341218079789,0.02085629950434472,-0.05661317298019419,0.01736883486403046,0.013189219486714254,-0.22247922230489547,0.013015794401423517,-0.007619951806206338,-0.02431097266713389,1,1,2024-08-14
2024-08-14,0.0020336764469865987,0.057938360128872324,0.00032425572844019257,0.06430982291541221,0.00688396116261325,0.04625663972583416,0.01670409240163595,0.1938126550114081,0.0087855438382712,0.011345172326154885,0.00014275073406936346,-0.001397789031064578,0.006564066814328369,-0.00046549829438680135,0.02031629318801913,-0.030161568195869237,0.01655905982327757,0.016855019430919382,-0.2509791041152719,0.015018950986473817,0.001709420718546406,-0.009760350335138002,1,1,2024-08-15
2024-08-15,0.013530650520211518,0.054709645830993914,0.025263155790226977,0.05880780127869434,0.01182369133691652,0.047428237520079186,0.04048088226423863,0.17042960433570542,0.01091908810115975,0.010724641184601813,0.0031708882657217607,0.000305486490047846,0.006067012297185082,0.03031741724012238,0.01976786420261186,0.003569128134187416,0.01623585158690141,0.030424887970803116,-0.15671579556308302,0.011525505440594823,-0.011732505270015459,-0.012621636280366055,1,1,2024-08-16
2024-08-16,0.005918558725747092,0.04657631421345365,0.0012857135707067258,0.054661359480652205,-0.006080434347242147,0.03252104157588542,0.013999807302441436,0.18930795494338737,0.007160961897648403,0.009161168152154443,0.0030758177013074485,0.0005724206714505132,0.006104156746071721,0.029344571391617835,0.01975037951596813,0.008923761189810975,0.016284414363299457,0.03604859990709319,-0.19085757122779878,0.014067719051710104,0.004632845155040366,0.0019588722481474474,1,0,2024-08-19
2024-08-19,-0.0007078914995639618,0.03843141731850164,0.013136064612889298,0.06621926211588569,0.0073125198669519165,0.03805164115856896,0.04350597672125556,0.1924416421864752,0.006247105915464883,0.007593586305932476,0.00782170958227928,0.0006150396462447194,0.007583355465713477,0.08066824971047581,0.00865365723359721,0.009785091024718362,0.016279653704331255,0.034796111107769034,-0.2523827797668664,0.013059507791412534,-0.01384395611245326,-0.0261171397936677,0,1,2024-08-20
2024-08-20,0.002744750280240904,0.023681559340156033,-0.002098601462049654,0.03822044403035463,0.007757453546101578,0.027911577569682322,-0.021153678844440083,0.09566049441976343,0.002651805835474678,0.00470394889472443,0.009071030731687779,0.0005178638953313941,0.005469066859080909,0.0943021765157046,0.0064586602691899695,0.007831716473215122,0.016259848849502965,0.03721819669608184,-0.43828577700062143,0.007593489304734409,0.004843351742290558,0.009442862929410156,1,0,2024-08-21
2024-08-21,-0.00048561914539047013,0.021107837018179865,0.00466417000003605,0.04272477119857743,-0.001553631860764182,0.019297775095823866,0.009823278043713524,0.08824532168882326,0.0005170798784288241,0.004200089776249016,0.00777263105120195,0.0019312962559437264,0.005877385912926522,0.08026915060975304,0.006977368692678708,0.03716521906215409,0.014738893330359703,0.03479242495463275,-0.3389286691189243,0.012941664111178714,-0.00514978914542652,-0.004620442236865141,0,0,2024-08-22
2024-08-22,-0.008259808305736582,-0.000845527952062719,-0.01585494901693807,0.0009063695667308469,-0.02025290736024521,-0.013015765261645051,-0.037042968675661925,0.007162651605488568,-0.002000225723628716,-0.00015800198894060368,0.005283319597830604,0.0017585363164283497,0.005277298975932065,0.053817859344133634,0.007850788331887409,0.03356430607108041,0.014841892738502362,0.024538018210052526,-0.16300289398454237,0.019774651340779464,0.007595140711201487,0.020388129712216985,0,1,2024-08-23
2024-08-23,0.010288138741991082,0.0034946697471744947,0.010845414623353422,0.01046244886064751,0.0029841141909692226,-0.004014466956022589,0.045498621215537716,0.03844907662714503,0.0005142370969546765,0.0007159140143081944,0.004938541083231318,0.002164889035468298,0.006704068877796658,0.05023375279684483,0.007506492523345959,0.041946025789170394,0.014964244126245125,0.03292652771613325,-0.2570435954531275,0.017148648617742256,-0.0005572758813623402,-0.013953228961262387,1,1,2024-08-26
2024-08-26,0.0014988273305740485,0.005710669017895631,-0.009708328067915217,-0.012321658602548746,-0.007917747769893402,-0.019073473899259397,-0.022493629526155523,-0.027230691092754777,0.001175719255609516,0.0011572577803357965,0.004375422043134136,0.0021756013031338007,0.0066593912558386955,0.04436155544059184,0.007534991707540602,0.04216897149156451,0.014963657457762554,0.032314194392536466,-0.40891767085493724,0.014922086006431306,0.011207155398489266,0.01670451597859851,1,1,2024-08-27
2024-08-27,0.0037414943871150186,0.006710361294802292,0.002987358803862694,-0.007287801743334543,0.0008466449566297829,-0.025800286425789243,0.014550319704570214,0.008251644839962546,0.005176153486560049,0.0013566066017106193,0.003030277748217525,0.0022343720405522795,0.006733301831809724,0.03055083245415502,0.006046155201961844,0.04339081691827751,0.014967579549040318,0.033948907689157704,-0.30207408759762044,0.01736616557060953,0.0007541355832523244,-0.00395698794348498,1,0,2024-08-28
2024-08-28,-0.006753418088380592,0.00039743747971354715,-0.011347426992678655,-0.023108917020330022,-0.007829241793749442,-0.03192349704010755,-0.020966688049880555,-0.02249040145013026,-0.0005043654568971748,0.000103046813112595,0.0021515682946808058,0.0011471595143750847,0.007679047113504153,0.021513663543440087,0.0067987753927371735,0.02103815067536785,0.014780771259773322,0.025880821314075764,-0.2522435572126863,0.01845559553706874,0.004594008904298064,0.007644546833434407,0,1,2024-08-29
2024-08-29,0.014570133705504196,0.023426670011711836,-0.0014637977957066006,-0.008823840559507579,0.006137420014110662,-0.005847526997982744,-0.06384849712502938,-0.04970102508244567,0.0038527366680795407,0.00466903521536075,0.0022555166132100734,0.0027132024394659173,0.008230872755235165,0.02256133415533057,0.006997136903415536,0.053562752776533884,0.01443997548130573,0.038081521011821495,0.03073030392328957,0.017581241151359863,0.016033931501210796,0.043425672260963555,1,0,2024-08-30
2024-08-30,-0.003437925898983507,0.009522101513688819,0.011919391576386662,-0.007770761289190187,0.009730766226366816,0.0008397183038879596,0.015137391035805248,-0.07729766206652033,0.0014595965727133657,0.0019238222871658327,0.0013198681507370137,0.002197842926022231,0.008177050036723935,0.013050047860952763,0.00707799683898714,0.04277756731369031,0.014467743734576396,0.032322162483541694,0.11022301129250933,0.012751083707184835,-0.015357317475370169,-0.01587200453006954,0,0,2024-09-03
2024-09-03,-0.027205094158920473,-0.01941177474555278,-0.03036095051398424,-0.028463791865792065,-0.018459120373208737,-0.009794706778430085,-0.09525010340697915,-0.14597503397673073,-0.0053576287841332615,-0.0038169620107330717,-0.0013298521151986376,0.003245928733540321,0.015419036286740514,-0.013811959948278996,0.011499921951258325,0.06574210312809803,0.010961562756258154,0.0011368145468284574,0.13394410596726725,0.03514836683972103,0.0031558563550637686,0.02964951773117347,0,0,2024-09-04
2024-09-04,-0.008618804556488668,-0.03148695911573118,-0.0025984378789514206,-0.03387443207077101,-0.0013187577964797192,-0.011937086211773251,-0.016574087976903185,-0.17217483964078584,-0.013087274871464216,-0.006289021799453809,-0.002466207598871595,0.003302411566408092,0.01488588887813128,-0.024987886692670047,0.011613436897371309,0.06695787772138795,0.010893781960991838,-0.01057314636994433,0.020228663756716614,0.01947024194213651,-0.006020366677537248,0.0003276183302027835,0,1,2024-09-05
2024-09-05,0.006927830288187886,-0.01814639725567302,0.000933477399811089,-0.021873354993929395,-0.0012472645014968142,-0.005382360013604814,0.009415430677634173,-0.1464851291879723,-0.009632022809073751,-0.003552772124140113,-0.0017248626555137591,0.0030238841978440954,0.015995256754218173,-0.01775617183435063,0.011984603748486138,0.06108770594417834,0.01071605176084662,-0.006567568064227314,-0.12036987544174715,0.017807317960825405,0.005994352888376797,0.0028437472001192066,1,0,2024-09-06
2024-09-06,-0.0070151549903670896,-0.0390356317878513,-0.0267871463862972,-0.04667910759714444,-0.016381415717335646,-0.027643366119647794,-0.040854489170265795,-0.1255208646766307,-0.002902043086222624,-0.00786982986331437,-0.00160039732397681,0.0018414611369268973,0.012387053688416111,-0.01652343664073208,0.011915458238138237,0.03640516671438898,0.010436386235338602,-0.0152427863013469,0.16152942023075623,0.02477131165325897,0.01977199139593011,0.02160279745343363,0,1,2024-09-09
2024-09-09,0.0004076199142881709,-0.03532745083362909,0.012859583000316865,-0.04579336103002474,0.010007404574939205,-0.02737696725133809,0.035398379379241396,-0.10806725522058813,0.00010676507070298917,-0.007100720700660035,-0.002588449206747101,0.0011750459382421086,0.01284205156770229,-0.026141740892997922,0.011208804492849155,0.022778814154148952,0.010055478913939165,-0.015920961402620004,0.5645844046474537,0.020641878968815003,-0.012451963086028695,-0.02229527206280213,1,0,2024-09-10
2024-09-10,-0.003621463553254989,-0.011940731887670641,0.009241856199054377,-0.006820857697514171,0.020901164840791964,0.011625707796949047,0.01530927399217119,0.0009258812429411289,-0.0034096662097779693,-0.002383994579526938,-0.003100478295130005,0.0006374718740020657,0.00625210015734245,-0.031120715835523005,0.011117929636923771,0.011860276244180401,0.010007643300936843,-0.020047891024718933,0.182843981913545,0.021580118971553097,-0.012863319752309366,-0.021726682969736566,0,1,2024-09-11
2024-09-11,0.011585156996000157,0.008195530083277003,0.021715358771604798,0.01739000843765015,0.021342468080711496,0.03458065848469638,0.08149874798231838,0.1007439138556232,0.0027904377856777796,0.001656797730970827,-0.002316112034241491,0.0003570828569880169,0.007599002456212703,-0.023549481353118185,0.011903212564082529,0.0062818948418355,0.009589197807339467,-0.009001626658086459,0.0217574706981849,0.02335397854449551,-0.010130201775604641,-0.03983545103551478,1,1,2024-09-12
2024-09-12,0.000494154213015463,0.0017537541526861933,0.009816093592345254,0.026418665353539206,0.009360719200334211,0.04556917883949407,0.01916166075526915,0.11137194976130704,0.0028192825519202103,0.0003700625159363424,-0.0015913548041018855,0.0002801067452894601,0.007004799630979083,-0.016424467422530342,0.01182339209198615,0.004735845654901372,0.009581206640943045,-0.00874354763125651,-0.13721435152003214,0.016743707213728237,-0.009321939379329791,-0.013767035764786217,1,0,2024-09-13
2024-09-13,-0.0012121553697240772,0.007607999244683805,0.004479803252280368,0.059394987643713204,0.008407587933595195,0.0719194518067896,-0.0003358228004953778,0.15832135288799654,0.0036223852797638476,0.001530662440064945,-0.003169583711624713,-0.0004570335492073196,0.00586293199652519,-0.031724615600325246,0.010393242578003704,-0.009879031098502966,0.009061117953698574,-0.009455856293753229,-0.14356929827800047,0.009572987074262811,-0.005691958622004445,-0.005248037936273986,0,0,2024-09-16
2024-09-16,-0.027775242185905213,-0.020777707469742945,-0.004417785190814927,0.04132381808717822,0.0017417375994157602,0.06314711095751702,-0.019479453777415112,0.0969283980490192,-0.009497747780871276,-0.004105909979973732,-0.005603315340316883,-0.002141723594789935,0.01445869949704647,-0.05537113486429912,0.012988504945979095,-0.043043682963440744,0.010782163751487496,-0.0348781532758935,0.358886991669928,0.015255191105886894,-0.023357456995090287,-0.018906384096905537,0,1,2024-09-17
2024-09-17,0.0021728213816776254,-0.015083192012001034,0.0005282745135144484,0.03233324749771227,0.008832826841651542,0.050579372649719234,-0.010190014112028689,0.06937926206846279,-0.008938192057983888,-0.0029470529929872093,-0.0026655237862570737,-0.0019976879507278555,0.014736765216403106,-0.026843819547846093,0.010676228051276349,-0.040285013735671504,0.010821495534973025,-0.030813667758677443,0.036355651219068585,0.011070593527426965,0.001644546868163177,0.002851415016866199,1,1,2024-09-18
2024-09-18,0.017989610557735514,-0.00884757861325991,-0.0043295377612582175,0.0060176867227050845,-0.00997353612331986,0.01836691788673228,-0.019205821441112936,-0.030196792307803477,-0.002537603415497358,-0.0016661622806401378,-4.682274834655331e-06,-0.001235444936853125,0.01648972668482415,-0.0007245591266721307,0.012230330494198182,-0.025694340617982814,0.01167627292666906,-0.012093158939378124,0.3192051101415314,0.02342658648122064,0.02231914831899373,0.03257928933995191,1,1,2024-09-19
2024-09-19,0.03706562209879061,0.02738241713035916,0.025284118374512277,0.021427528780349148,0.018291176662543318,0.027377058927601894,0.0396930532573494,-0.010659744287228157,0.01907601801273458,0.0056481312965148914,0.003009096906225617,0.0006421171253559288,0.024060517688521927,0.029184193310798356,0.016936311884923658,0.010909821925174201,0.014484613162913386,0.023958140259336735,0.42078637229005644,0.02267663980483262,0.01178150372427833,0.00807350713884425,1,0,2024-09-20
2024-09-20,-0.0029273682714531235,0.025618098925701993,-0.0019031721684021896,0.014936858894201155,-0.007795953543680789,0.010868707556259904,-0.01586498436275774,-0.02602853014694939,0.017375954795024334,0.005305088716169082,0.0034178755781170134,0.0009087391270701017,0.024194634293559274,0.033421000647662735,0.01671537195073968,0.016345334220259078,0.014360676488403234,0.02012313905121821,4.245562368559471,0.023970207247389956,-0.001024196103050934,0.00890310068176614,0,0,2024-09-23
2024-09-23,-0.007581222081753047,0.046921148804265345,0.0026505756710046846,0.022142632424417164,-0.004043338423145748,0.005030923122863573,0.002241474679148814,-0.004452679751041466,0.008852343915194813,0.009343892736999515,0.0026189913785128914,1.5271085882895274e-05,0.018246303311854915,0.025168527430523113,0.017062529725135354,-0.0016311625852217793,0.014302175315343236,0.012473094036714816,-0.11994528467119114,0.01607276623847887,-0.010231797752757732,-0.00668029020975458,0,1,2024-09-24
2024-09-24,0.003974030239263238,0.048802783993513454,0.00482360281558214,0.026530752470237173,-0.010011407754684565,-0.013742294785986542,0.039652419397136596,0.04567866042756985,-0.0021781867046476444,0.009704134508516638,0.003378540757764714,0.00013903123131735472,0.018086408062303154,0.03298349021981806,0.016922348751982938,0.0008363045579005135,0.014326377328287268,0.016453524432111122,-0.2994417308426761,0.01592123170918319,-0.0008495725763189022,-0.010846475581962778,1,0,2024-09-25
2024-09-25,-0.004398028219491201,0.025737501565206378,0.0009271233936332113,0.031950341114735714,0.00685037875395178,0.0030175760710016153,0.021841696866523153,0.08944167910787293,-0.002668406687327004,0.0052266067530712945,0.0017802222362155785,-0.00026794489901295625,0.018292438551391215,0.01666220838353949,0.01681557888641339,-0.007279659335208688,0.014334263764903944,0.012358764523886068,-0.322975440743569,0.014445328816564518,-0.0053251516131244125,-0.018744066029728668,0,1,2024-09-26
2024-09-26,0.005080166524461527,-0.005898569082704697,0.007513056477421953,0.014063734799456107,-0.0018513280154224265,-0.01682280620974086,0.004291102015554049,0.052345767883187566,0.0015520561814111877,-0.0011704843617945215,0.002238823467360185,0.00032373433162914965,0.00548037191990249,0.021322330968559733,0.01683912689086502,0.004547655615663837,0.014296651214483673,0.01726742370752632,-0.41307416557589394,0.013581207277889593,-0.0024328899529604264,0.0038602795243957155,1,1,2024-09-27
2024-09-27,0.0011867813561781126,-0.0017966793088917132,-0.005556975656877072,0.010351480127937185,-0.007627982767950625,-0.01665636359492695,-0.021283381320518546,0.04655181988153201,0.0006229732203828128,-0.0003476544362682743,0.0024787171399504038,-0.0003454332858371545,0.005459457864184571,0.023775392108537297,0.016801546879671163,-0.008703488667178183,0.01390251725041695,0.018930267074634743,-0.4469774651362248,0.009745824163199643,0.006743757013055185,0.0156424634004127,1,1,2024-09-30
2024-10-01,-0.029141571814486955,-0.005101674838657977,-0.013932446625201877,-0.00844720884658312,-0.02233323091364725,-0.019759116069349325,-0.03656140310253486,-0.032017916853479544,-0.0016943058111374605,-0.0008801558256884112,0.004411989341414113,0.0008732327775785198,0.018808506095790104,0.04345213321969932,0.01826830965026879,0.015441892448734729,0.015008546348296762,0.010181800931634566,0.01646966761192914,0.026126113911467484,-0.015209125189285078,0.00030574519360410113,0,1,2024-10-02
2024-10-02,0.0025197397753966566,0.0018112039894746523,0.0014129942232512516,-0.007965888512676877,-0.0084622916628595,-0.034667096342734016,0.015812038769818404,-0.037729761479714075,-0.0012499863380646126,0.0005033977732891604,0.0028650022631802274,0.001430159994172786,0.01873934608874115,0.027595321420195162,0.017634805728151803,0.026850767851534396,0.01484353777581934,0.011388044824257815,-0.4671895287152137,0.01918154541027204,0.001106745552145405,-0.0011551337780827953,1,0,2024-10-03
2024-10-03,-0.004894578721972187,-0.008131099000517561,-0.0007470002582008473,-0.016099041717865137,-0.0014143926791653216,-0.034244525969504,0.033655865225834525,-0.00959365866874784,-0.010505470253687496,-0.0014915512759975825,-0.001331017818896052,0.0008390395436647824,0.018661086495900422,-0.013981706234049485,0.012967224547811212,0.014794442259199458,0.014848482349822776,0.005699914202802914,-0.4471824356257682,0.015465016451864742,-0.00414757846377134,-0.02101531499530679,0,1,2024-10-04
2024-10-04,0.005007152539347581,-0.004346283382269722,0.011898146839682822,0.0011710394540971336,-0.001152272991131853,-0.027942502074635334,0.016849832251814023,0.028995015332041296,0.0008774378642573503,-0.0007274770393636887,-0.0005375657378159815,0.001440154920150516,0.018875150563806602,-0.006135153813737859,0.013100757479937542,0.027080803854342417,0.01475685234946871,0.009390602492137079,-0.3896664223372477,0.017063470304734988,-0.00689099430033524,-0.0028416270909935037,1,0,2024-10-07
2024-10-07,-0.022530813232712776,-0.0485408247602952,-0.010711609114197884,-0.012231744248685672,-0.01567090021731654,-0.04824536346801467,0.022414342575867385,0.05171271423242807,-0.007472746471779128,-0.009808014290885536,-0.0020325248529119546,0.00029323326280046856,0.015258281333826597,-0.021106528237912703,0.014743772440727,0.003530778957691494,0.01570243315691731,-0.01352301047939597,-0.3376071672174116,0.01966710524758072,-0.011819204118514892,-0.0259025344119882,0,1,2024-10-08
2024-10-08,0.01840416964067848,-0.001945120754677121,0.014934589311888402,0.01668507959233989,0.012623843672193713,-0.014214793064398878,0.04047917008562485,0.13581205444431355,0.0002935029824377618,-0.000298865999852449,-0.0005895109127704301,0.001394514922497142,0.015010679253572374,-0.007036872219722823,0.01604565125401776,0.025714517394058056,0.01617858635640901,0.0033687376989475215,-0.4568848414016684,0.012091932833754598,0.0034695803287900784,-0.0081473372382308,1,1,2024-10-09
2024-10-09,0.016698336395353675,0.012170329521214551,0.00786838822181779,0.023238921812375635,0.006631242036297724,0.0007911740469941364,-0.0018061082685143504,0.11611263858845833,0.0041905642677731265,0.0025368533241389548,0.0015201255487140575,0.001650173892464818,0.01689701006790517,0.014003576460071221,0.0168556799459649,0.030899115352703177,0.016387153198334822,0.01856613573397148,-0.4218784891713332,0.02143416534308377,0.008829948173535884,0.014285769511461988,1,0,2024-10-10
2024-10-10,-0.00217819169937028,0.014933299442776216,-0.0011354851601381721,0.02284111177597703,-0.0038806385992956605,-0.0016805190475198684,0.01628346409883097,0.09735440665384765,0.010974771445553958,0.003080130728659336,0.0007942897263308768,0.0015165565968455307,0.01664005342964675,0.00668077630608499,0.016841617764320096,0.028145556998169896,0.016407956893467572,0.014935596864038114,-0.511044969081512,0.01017290385676819,-0.0010427065392321078,-0.008379604449137934,0,0,2024-10-11
2024-10-11,-0.006505509966751588,0.003306929905840139,0.0015630044193228887,0.012394202077980587,0.0011544363087887533,0.0006249703366338899,-7.391348313434687e-05,0.07909079842940736,0.0026715449097439357,0.0007775982274395021,2.5060594037906726e-05,0.0012518888669941553,0.017096990432915196,-0.0010537263309255973,0.01699665552583509,0.022696613020918965,0.01649674073351859,0.0072059684742962204,-0.4466064586277376,0.00909693384511996,-0.008068514386074477,-0.007045771379578791,0,1,2024-10-14
2024-10-14,0.01647994797215202,0.04334887453960068,0.00839148678637791,0.03194346972294482,0.006773580445016858,0.02344102626947886,0.02425811226428709,0.08103677553706823,0.0025987487686767174,0.008579750468412462,-0.0006141319112365374,0.003464648374897017,0.01191786654781063,-0.007296140343277191,0.016140623357653615,0.06924925706693297,0.015324730607920539,0.020421663077307084,-0.2930728062104928,0.013532164214122584,0.00808846118577411,0.0009641016175000461,1,1,2024-10-15
2024-10-15,0.011024681153949167,0.035788633491075306,-0.013366854096475311,0.003167733811928697,-0.0009544558518128632,0.009717678861966617,-0.0468603477359969,-0.009707213806878334,0.0069997063864498665,0.0071038527710665985,0.003402493385607075,0.003907241363510594,0.010801727594755747,0.033773899522613116,0.012931408171764648,0.0786935807237179,0.015413028500299639,0.027803697142023243,0.12851081272981468,0.02189442053600009,0.02439153525042448,0.03493208294785405,1,0,2024-10-16
2024-10-16,-0.008851820211210892,0.009758727815390777,0.00012221127116629482,-0.004542315305695599,-0.006256788626023524,-0.0032098678522963775,0.03130686349208345,0.023143655483711667,0.0062176029716300985,0.0019938214497536855,0.00226533738694632,0.0025651698250632737,0.0111655335732546,0.02204782426982632,0.013504935582893595,0.0502515624873634,0.015290390710179283,0.016229102238904503,-0.39233447688198564,0.009836909100460813,-0.008974031482377187,-0.021376857644240854,0,1,2024-10-17
2024-10-17,0.001596264239817513,0.01357833748481685,0.0006926550090022854,-0.0027204103796196755,0.0014419625709545247,0.0021163174719232014,0.008915544538367515,0.015726000450736244,0.0012563750608519293,0.002748712637591244,0.00291442168312529,0.000791701932114619,0.010938231282904443,0.028714406307189133,0.013276628261041392,0.014331223679467264,0.01295717382465423,0.017119914499186928,-0.3934710143235757,0.014344182289918711,0.0009036092308152277,-0.0035824893148435066,1,1,2024-10-18
2024-10-18,0.012276537171870938,0.03274007044288241,0.006554793575968887,0.002250030241335299,0.003455474216245369,0.004419566152202181,0.007814086069569237,0.02373863892998007,0.0016736604001591864,0.00650512206531575,0.003641360146377626,0.001551897204280822,0.010163234718767478,0.036155269466789486,0.01359904004182083,0.02979829751369567,0.013171721577907957,0.028075165553282933,0.13843685385743054,0.00923403476146936,0.005721743595902051,0.006641757028963635,1,1,2024-10-21
2024-10-21,0.006298026948649227,0.02239527430988053,0.0019211982986286902,-0.004180851928429097,0.0014826699237959762,-0.000858973286552045,0.04137684114190954,0.0408486856960697,0.006723609453445893,0.004468737860615191,0.006524244164513826,0.002245859655800936,0.008558282438154978,0.06671495878582046,0.01001870487873274,0.044200309386403625,0.013030068342446402,0.03228971844575357,-0.0911548759379841,0.01014888869517148,0.004376828650020537,-0.01513172858420353,1,0,2024-10-22
2024-10-22,-0.0026218352104738774,0.0085952809943326,0.001090003956361274,0.010410606031138636,0.020846344548399287,0.020943910698696833,-0.0008349032300258852,0.09110944581535207,0.005317576303348763,0.0017394345877305816,0.004421643679398591,0.00191606638331408,0.008109055823569671,0.044691527846666856,0.009437978112325223,0.037340167056182816,0.013067443568417448,0.027678887242959638,-0.020392250611898644,0.015348067106842217,-0.0037118391668351514,-0.012627555869660578,0,0,2024-10-23
2024-10-23,-0.021623004260330925,-0.004400713174165349,-0.015323909129218882,-0.005194410734508992,-0.006806858719395126,0.02037878410879168,-0.02806601449141166,0.028293701747019284,-0.005982270840718525,-0.0008148022220934248,0.0005895096138301304,0.0010548175812720938,0.012884442049513528,0.00531506927916503,0.011462173853041529,0.01939307571827764,0.01403714735788893,0.004496683609019225,0.3021560024580259,0.03198130117217471,-0.0062990951311120424,-0.004186567654927531,0,0,2024-10-24
2024-10-24,-0.0008233300861536508,-0.006805820372895788,0.008108835304873718,0.0021781402404623673,0.00030605411842832275,0.019221396133284774,0.006090493844897793,0.025414390539121978,-0.008356056518986152,-0.0012987210872876576,0.0007249957751517932,0.000759642750741335,0.012816506267401315,0.006680105386037027,0.011433796129582986,0.013405509981907038,0.014010090450005402,0.003003821108261029,-0.21987952449250292,0.01045237275254338,-0.008932165391027369,-0.004021604067816709,0,1,2024-10-25
2024-10-25,0.0036429744865660307,-0.015276632343355079,0.006093568870432442,0.001718921010096075,0.008052190785042601,0.023890334615620512,0.00804784385484969,0.025652230633084194,-0.006267786619972848,-0.003025433624348639,0.0017398442204835552,0.0008824524072607309,0.010980395815075636,0.016963280080475984,0.011168012148803723,0.015891679094670597,0.014024789264211293,0.005865758376484731,-0.032762722093057195,0.01577284403751995,-0.0024505943838664113,-0.004407042833380115,1,1,2024-10-28
2024-10-28,0.008599474210985836,-0.013024527263188812,0.00016151928094454426,-4.040274701389013e-05,-0.0036436461368256623,0.01864931984393725,-0.007206396721738395,-0.022197408726658208,0.0038063728704660718,-0.0025651441718813174,0.0009517968443669367,0.00016883246656519967,0.011504657776814071,0.009079059185876037,0.01025288109389016,0.0017166767525937932,0.013184984087230463,0.014427490293722478,-0.07926720210726723,0.009340157381272621,0.008437954930041291,0.014024495640267864,1,1,2024-10-29
2024-10-29,0.0011569489982603542,-0.009285155916942345,0.00960841007834401,0.008468384596093559,0.012564823957591731,0.01038562241077301,0.005194919884734306,-0.016296505376859116,0.004466465898604073,-0.001809387330134471,-3.4976371201944635e-05,0.0016837585072025651,0.011623505537493377,-0.0007696834467920688,0.009631753110481499,0.03297822086442492,0.011236708778349633,0.013957331385354266,-0.06304943056308776,0.008601850997502509,-0.008451461080083655,-0.007722922922902664,1,0,2024-10-30
2024-10-30,-0.015278046835276005,-0.002860185242601676,-0.007557533617137846,0.01642241561141855,0.0013427565996380064,0.018676310097069937,-0.013522180860237487,-0.0015765550700311826,-0.0018405412086766049,-0.000540395845123487,-0.0006775990336084558,0.0007938691766689321,0.008960987668559154,-0.007248311561889431,0.010463804464505618,0.014639703208367383,0.01185476758324587,-0.0022526506884076314,0.22230282174649885,0.01703606286382202,-0.007720513218138159,-0.009188334704976264,0,0,2024-10-31
2024-10-31,-0.018209484702302325,-0.02021089759939121,-0.025242831680748146,-0.017204292869855142,-0.060527572664622276,-0.043274504062296826,-0.04722250159829311,-0.05448327160852606,-0.010776860846439326,-0.004017626768353222,-0.0026581739278204396,0.00012812387765242516,0.011967227903477531,-0.026879166233650498,0.01177752391747735,0.00106342077310706,0.012544823754700311,-0.020472080519263414,0.6081947099295439,0.019742404681370302,0.00703334697844582,0.03566555242915537,0,0,2024-11-01
2024-11-01,-0.0132796264592967,-0.03673129420707211,0.007398918655809217,-0.015929170748945398,0.009892962477629386,-0.04152745839680727,0.019885377966535334,-0.04338004214006941,-0.01558905266562501,-0.007402146957525768,-0.005213790290937203,-0.000786215072279789,0.011647780012825064,-0.05144679607333014,0.010918122218147305,-0.017151599381774907,0.012833594876856817,-0.03266405923880089,0.5756703998200245,0.02278947444079295,-0.020678545115105917,-0.02816879668137906,0,0,2024-11-04
2024-11-04,-0.004037635637326842,-0.04880043836171277,-0.002913090586313838,-0.018954316011354222,-0.00465444407060156,-0.04249982341548464,0.004800710631136518,-0.03181042838349524,-0.011842248932975289,-0.009929568927188303,-0.006247356549534811,0.0001384438074895078,0.008154935074054724,-0.06118936298500388,0.010170913574371838,0.0014433499711412612,0.011809822623240826,-0.03663669382685397,0.07780976164299891,0.013873188813446664,-0.001124545051013004,-0.004110768917594321,0,1,2024-11-05
2024-11-05,0.006486406766843089,-0.043736918702464433,0.012756836078578582,-0.015894961802282337,0.007344642501660559,-0.04743612432935729,0.028371774682459883,-0.009486808681357206,-0.0036102851099268176,-0.008863677373471757,-0.005336532351803114,-0.00045744433620226177,0.010085938460333099,-0.052615970509927834,0.010912458030780342,-0.010275930774484854,0.011120215203758319,-0.029899621930325027,-0.3228252850789368,0.012575509496402697,-0.0062704293117354926,-0.011371801825217132,1,0,2024-11-06
2024-11-06,-0.0032668536679819615,-0.032072853987239136,0.027163234415101156,0.01853411989063969,0.02119302532365208,-0.02855283108713058,0.040740762587117896,0.04499810749369981,-0.0002726941794885714,-0.006461438740012948,-0.0035009172925682176,-0.0014557038393690435,0.009594675166985868,-0.03484130492617832,0.009292023094102334,-0.0297114195964725,0.010369911091714144,-0.03163520100033346,0.28194684703470596,0.021910941343685847,-0.030430088083083118,-0.03423374762336695,0,1,2024-11-07
2024-11-07,0.021371883413806136,0.0069496055690017045,0.015744296865411567,0.06136200590925722,0.012494520206145054,0.046954552975857045,0.022457204493246063,0.12142220558430727,0.008197145504222422,0.0014548348832087443,-0.0012813959425722389,-0.00027820008371022277,0.013148873184017874,-0.013401749796900675,0.01219881246557386,-0.0068111695118644455,0.011553109661478317,-0.010603874720296114,-0.02591690229290733,0.014550719275369682,0.00562758654839457,0.0038960210641105775,1,0,2024-11-08
2024-11-08,-0.0011882076394709173,0.019288916419251345,0.0011683552970616073,0.054797691513120306,-0.006793067494859417,0.029656170177020602,-0.008396310365899273,0.09032487446005688,0.005638940702117752,0.003873118647173901,-0.0017645141551759335,-1.2334967346189219e-05,0.010632642015806276,-0.018150884651751853,0.012077179849226813,-0.0014955031113319528,0.011463093075566382,-0.0117063440653703,-0.12064324219099065,0.009913640876987725,-0.0023565629365325247,0.006406481290908428,0,0,2024-11-11
2024-11-11,-0.012028399217004937,0.011111000222885359,-0.0005834360231046221,0.05726218506137193,-0.010720906122759777,0.02338059076046628,-0.01605354625846167,0.06769559605237463,0.002718425519110094,0.002274965931238282,-0.003827301497975011,-0.001437752326804037,0.012547112032883756,-0.03823165982034127,0.011870170940861761,-0.029499708136748293,0.011070115448562281,-0.022142832688013425,-0.03863023988241732,0.01873075426244739,-0.011444963193900315,0.0013588269736057867,0,0,2024-11-12
2024-11-12,0.0,0.0045947897805176385,-0.0018100011764228263,0.042055211741607534,0.012009338239765466,0.02811954392382887,0.020859225661019165,0.059895775303894006,-0.004405535618825285,0.0009776845778696642,-0.003942996397801046,-0.0019889863845014956,0.012336375308315353,-0.039343090869032205,0.011821732595973083,-0.04008249259003682,0.010684665274685092,-0.020142375726696082,-0.0489109866821924,0.009945126744990585,0.0018100011764228263,-0.016434281950392315,0,1,2024-11-13
2024-11-13,0.003969083018855457,0.011887799270097865,-0.0012866854086897028,0.013192820416928042,0.005129603837764396,0.01194716792596795,-0.013621937238667892,0.004532520638790949,-0.002686438732716493,0.0024248719152371477,-0.0020182834123879,-0.001347941222998178,0.012136774970677982,-0.020566330367360552,0.011327707847228361,-0.02766557075906262,0.010635740870711712,-0.01487454246373443,0.12421668176889211,0.017279670726820615,0.00525576842754516,0.008215249719307205,1,1,2024-11-14
2024-11-14,0.01377050993468365,0.0043570093530007625,-0.006949754679178355,-0.009444225306201481,0.003974620520231564,0.0034318740788288338,0.0033498081077454334,-0.014239904231044487,0.005913197651179702,0.0009045972194126506,0.0011797160513106974,-0.0007392289382548711,0.00931911085274616,0.011336894418466192,0.010748186803659646,-0.015846998084831587,0.011149107352036877,-0.0005052141034960211,0.025740846194699296,0.016957300396493263,0.020720264613862005,0.010108295620695151,1,0,2024-11-15
2024-11-15,-0.014109290074550418,-0.008635808524559696,-0.023825865803237534,-0.03417350276876063,-0.0278526403159729,-0.017844504419546325,-0.0325701492764231,-0.038271284921382875,0.0012101009596628964,-0.0016796192676032495,0.0010967496897853258,-0.002058520300575939,0.011565351416869266,0.010486532505848745,0.010874659455221694,-0.04149976206682604,0.011088844734992134,-0.012500837328193848,0.09237391771129766,0.011777750651041778,0.009716575728687116,0.01610210472164758,0,1,2024-11-18
2024-11-18,0.013422237936325132,0.01690222344321124,0.006947503807666955,-0.026895675384481454,0.0018313704943855313,-0.0053826142028456925,-0.01288905699761167,-0.035178250560473634,0.004361152598819455,0.0034105081630627643,0.002842737047150523,-0.0017023097511921436,0.011472262983467261,0.02820102427454141,0.011349963258437437,-0.03471394142134632,0.011478977004047316,0.002557685752040406,0.007757713855305326,0.020042133315452758,0.006474734128658177,0.0189510811879382,1,1,2024-11-19
2024-11-19,0.0011402106585702843,0.0180617061971049,0.006879799839764944,-0.018424259162252543,0.0048825810246069246,-0.012386894067378584,0.048947384892559676,-0.008631919541362332,0.00015105284011499945,0.003638550294776821,0.0023081174363232424,-0.0015142074577399356,0.011398617686004038,0.022739485720675745,0.011284990422413672,-0.031072944899342092,0.01149392996297818,0.005318778771521648,-0.1799561442145623,0.015332048443647765,-0.00573958918119466,-0.025774772300013016,1,1,2024-11-20
2024-11-20,0.0031540242558103504,0.01723520652795041,-0.0005759338082259591,-0.01772570381250005,-0.0055051318730395815,-0.022836297135418127,-0.007618446651901367,-0.002598057715205382,0.005905490950235255,0.0034755385421677996,0.0029502052287024736,-0.00027535603193287186,0.011398537077735487,0.029327894473631266,0.01111391304080864,-0.006535232566745708,0.010505216035911131,0.008824209061319976,-0.1878159459615496,0.01764189207918245,0.0037299580640363095,0.009715813518280825,1,0,2024-11-21
2024-11-21,-0.0020960270321040975,0.0013144435444880642,0.003597131768452,-0.007293265462949394,-0.004316778965741341,-0.030906276652872933,0.005346669278545324,-0.0006130339536670748,0.0007327359607588457,0.0003022311488102503,0.0006034141841114504,-0.00033899087923039417,0.009929918151249356,0.005677179940306143,0.009084195790936781,-0.007800654001706486,0.010512562146291246,0.00710823594055543,-0.03977292939685906,0.01947311773605844,-0.005693158800556097,-0.002610972188506089,0,1,2024-11-22
2024-11-22,0.0059075002554076494,0.021644385868728522,0.0016040529657019853,0.018567337411381724,0.010003079011757787,0.006830533129975391,-0.032181153402513485,-0.00021118837701838977,0.0023218324930379675,0.004305589214801864,0.0013129849735993072,-0.00022576459078831322,0.005873793849066929,0.012821660572174709,0.009205022975121905,-0.005561948561666585,0.010569747032241292,0.013344813220476315,-0.12899006269633972,0.01157177412716816,0.004303447289705664,0.0169965374507855,1,1,2024-11-25
2024-11-25,0.01305082259410173,0.021269957140994,0.0015816969070789888,0.013139610914093325,0.0042927039464684125,0.009304148695186143,-0.04177536050106789,-0.029468490463103514,0.005620765272468427,0.004231306146357183,0.0038209071547099737,-3.1971716325185363e-06,0.005730271586077463,0.038531690152429965,0.008560111596959519,-0.0011731001381218853,0.01080950774582546,0.026631686251668008,0.9377687119719327,0.015072764119180113,0.011469125687022741,0.03179215087140147,1,1,2024-11-26
2024-11-26,0.00940440340448756,0.029700316526794834,0.0053692404428637985,0.011619660310374202,0.021967867130635366,0.02646461149361179,0.006616743999274588,-0.06863463110802481,0.009454242084665646,0.005884144695540638,0.00476134749515873,0.00040917554867884174,0.0058071235861645015,0.04829846111496772,0.008610145266025425,0.007055159501454966,0.011011524299782503,0.035910512017698126,-0.022661400914617102,0.009529505302601191,0.004035162961623762,-0.004887902160467417,1,0,2024-11-27
2024-11-27,-0.0005529654529649042,0.025895229387440155,-0.00787341635612926,0.004233129341232766,-0.011682522508273507,0.020088638040493656,-0.011539547660000538,-0.07231464478275484,0.007300753515208129,0.005142746753785588,0.004309142647976693,0.0011454296177943967,0.006444478494966039,0.04357674554197177,0.008773576240245311,0.02211420142946041,0.010381702144149468,0.034179392785603335,-0.27764462083695873,0.00800240472235941,0.007320450903164355,0.011058069631172118,0,1,2024-11-29
2024-11-29,0.010215861545681992,0.03855246705644677,0.008786781135768695,0.009426067482796174,0.0011110787667147903,0.025649539223530082,0.021501376780541204,-0.05740786085898242,0.006355766499068216,0.0076051244693428055,0.003953677809076528,0.0025666969301936125,0.00522363235657023,0.03991758564238124,0.00841222037723276,0.05170702151471529,0.009500900401488781,0.042068150039592744,-0.3611087090308386,0.0161799869728403,0.001429080409913297,-0.0010903662279460047,1,1,2024-12-02
2024-12-02,0.009522458812558199,0.04228474276458316,0.010887973769642345,0.018782490951925412,0.017758626143918654,0.03352523139499386,0.0027486627835702215,-0.02338850871018472,0.006395118301758429,0.008328116180772916,0.00631685269778739,0.0037068011937863576,0.005179913076596483,0.06484435592206816,0.005635045327922145,0.07601088087411467,0.008844727731085978,0.04809678273592666,0.1009702455958823,0.015150839682405246,-0.0013655149570841463,-0.0007311856511862391,1,1,2024-12-03
2024-12-03,0.012771798852010408,0.04199766714827202,0.003066287788580091,0.020292577648767685,0.0005104604552867986,0.029632895959263994,0.011757913774784523,0.031171986469218593,0.010836706403416866,0.008272311432354651,0.006251808789355917,0.00454727291825322,0.005117440446424611,0.06416091286953152,0.005546982623165327,0.09417134060538324,0.008868706042281847,0.05665616630015835,-0.10496182942384147,0.01590768888293601,0.009705511063430317,0.006637611736974747,1,1,2024-12-04
2024-12-04,0.0014836831903140002,0.033821190052009786,0.012362900883025274,0.027390049453802412,0.014424791631256095,0.022033245402078183,0.034792338287240376,0.06003489154711539,0.007925980284960868,0.006688167389519939,0.0062861560425302885,0.0042971367394267655,0.005852543599235945,0.06452600662866215,0.005512772391202736,0.08873278055568257,0.00888167531079983,0.05368010991455674,0.0034366607440921015,0.011769065779190029,-0.010879217692711274,-0.023124881768934236,1,1,2024-12-05
2024-12-05,0.0001233938481810526,0.03452081149611197,-0.0027710560179867727,0.03267376458305771,0.01188799353038994,0.04640785331039443,-0.0004821495171029033,0.0718929560892545,0.004792958630168487,0.00682343924974913,0.005983093001767359,0.004466649115234917,0.005647561879907374,0.06130996521588461,0.0057808770115385915,0.09243595187954923,0.008761249791075424,0.04913269292926259,-0.07979744184245086,0.009916015758291392,0.0028944498661678253,-0.005579528158462466,1,0,2024-12-06
2024-12-06,-0.0008228614329677253,0.023216506061548126,0.008949310805221877,0.03284014277986724,0.0021463220286856988,0.047489937708808494,-0.018061464475808475,0.030378444381778502,0.0002614052018424425,0.004615694654019187,0.006110409561680996,0.0033569118728962234,0.00612712258825934,0.06266402670309823,0.005594179429296955,0.06869696159878225,0.007867294393279628,0.04474943977401602,-0.14734631178935842,0.010500753954096049,-0.009772172238189603,0.007134709790593663,0,1,2024-12-09
2024-12-09,0.016101227207422797,0.02988451463572006,-0.007787262033623232,0.013759360622013661,0.00552334516732933,0.03489723313348514,-0.025484423551181634,0.0013674223207331693,0.005133919874212041,0.005931448332992107,0.007129782256882511,0.004221383615240909,0.007895435543010733,0.07343291641431904,0.006420779197359429,0.08719610891558305,0.008280622066760673,0.05707118721007731,0.02504706634423215,0.022249262383643532,0.02388848924104603,0.02608176639934895,1,1,2024-12-10
2024-12-10,0.004133669430149034,0.02110042750268759,-0.0034077869062649757,0.007216269798240971,-0.006031200764557987,0.028130740064103987,-0.026943290274240583,-0.036936330396843964,0.006470678401534702,0.004203822448619832,0.0062380669404872415,0.005029487047598607,0.00690778125439089,0.06398426338190366,0.006119223451566319,0.10498137534559637,0.007347383934626346,0.056115587247193455,-0.14753616063124464,0.011583364921044103,0.00754145633641401,0.02062091494954832,1,0,2024-12-11
2024-12-11,-0.005166099958035741,0.014320390514017234,0.017902488948398076,0.012727695812130735,0.012767077271700789,0.026450628235839435,0.031391101023708456,-0.0401018042015977,0.0050229322265120295,0.0028738658189498834,0.004781016604234911,0.00477118204969682,0.008099724263396422,0.04862591321522047,0.006958635243543504,0.0992729311087932,0.00761928573790835,0.04569864951139002,0.038162981239908245,0.018418631359265303,-0.023068588906433818,-0.027245189105740364,0,1,2024-12-12
2024-12-12,0.005963741543847378,0.020243643376458786,-0.006453611932998982,0.008987906279330105,0.0012695090375001161,0.015679327312886127,-0.014141081733023753,-0.053219313192818474,0.001643770338653557,0.004041935358083148,0.005432687303916139,0.004870914975946416,0.008024687474666566,0.05546328186956395,0.006704096316284656,0.10145693673248823,0.007621288363670693,0.04686311569676804,-0.23335725668784846,0.012340751470110687,0.01241735347684636,0.012399527891609197,1,1,2024-12-13
2024-12-13,0.0006857276600644724,0.021784039341523176,0.007654428549269676,0.007692974490072224,-0.005093894683004807,0.008341338560462486,-0.022498990797227947,-0.05749795596558194,0.0004944564152920364,0.004343653176689588,0.004479673915354388,0.0042166758622154575,0.007821846814339624,0.045506294684488635,0.006625512069163475,0.08724038174220539,0.00737474037438804,0.04319652263044138,-0.21369894558824598,0.012291894301171688,-0.006968700889205204,0.01448217040018085,1,1,2024-12-16
2024-12-16,0.011727613911791668,0.01738596546850002,0.014400491474366284,0.030226895366298745,0.009658575394887237,0.012488157829205981,-0.01675976572571225,-0.049059909378403876,0.006125694371901173,0.0034689305175633622,0.0047001894252777345,0.005508521061532562,0.006268607914549143,0.04779005124371971,0.006845058033834003,0.11573332225816935,0.0061581994920424585,0.04968484694466291,0.22052040480966473,0.014858234090520754,-0.002672877562574616,0.015278209077204175,1,1,2024-12-17
2024-12-17,0.009719582133150606,0.02304559960026964,-0.0044038036522239254,0.029197263359907133,0.006355324916474503,0.025105465916078984,-0.012196899437140085,-0.03464868945790622,0.0073776412350022485,0.004586113058163676,0.004394967753391754,0.005323388271373836,0.006884222258138891,0.04463229910657884,0.006504743543558873,0.11165686103025418,0.005960243885272909,0.054275592317097,0.20298363665942043,0.015977604229215348,0.014123385785374531,0.012640369393483397,1,0,2024-12-18
2024-12-18,-0.02142177175156046,0.006328946200933272,-0.036077038528114946,-0.025381227762246605,-0.03756110741119012,-0.025835859454655496,-0.01135072316471053,-0.07465376217406261,8.474764460604986e-06,0.0013349786994587332,0.002104422259204308,0.004195289150867298,0.013397995231270707,0.020739969696089933,0.01046883030374326,0.08660424374684017,0.008420895356399173,0.02746683594135546,0.2986147660843794,0.026365624695308607,0.014655266776554488,0.003034143536389866,0,1,2024-12-19
2024-12-19,0.007014710376375799,0.007380296576747991,-0.004453247961924145,-0.02341897184653574,-0.0008229740109263473,-0.027871696891107023,0.013730542983904304,-0.04849291644246123,-0.001562493080678018,0.0015451724659644173,0.0027935539120237827,0.004388323456895571,0.013496648697208164,0.027773344045119108,0.01055043497174056,0.09078609201833854,0.008439997979745865,0.03023822349482952,0.3528015633066883,0.019656526658715964,0.011467958338299944,0.0005609258898868208,1,1,2024-12-20
2024-12-20,0.018815742638193633,0.025631601018068828,0.008732464025787756,-0.02237418013598902,-0.0009837808189853137,-0.023855681716548838,0.030762189246482885,0.0033519303792892696,0.0014695604210029911,0.00517117546159025,0.004757414319139919,0.0054339119404104574,0.015495423229953027,0.047974000164555886,0.011580010062744941,0.1136442708950205,0.008878348203104146,0.044031553823977276,1.9338312452242916,0.03658295947831965,0.010083278612405877,0.003926538424444848,1,1,2024-12-23
2024-12-23,0.003065026687250283,0.016849965445512982,0.009742858269246257,-0.026862961952491382,-0.003092214355830847,-0.03618322616782277,0.036896788871652264,0.05810600344923755,0.009631826567273238,0.0034386580166819725,0.0034537942671226673,0.005291788262002589,0.015057169872898492,0.034528883831393964,0.010873298232783385,0.11049735688598372,0.008893106786917796,0.04180362460092346,-0.1894459027528701,0.008618313595098391,-0.006677831581995974,-0.013837260570660426,1,1,2024-12-24
2024-12-24,0.011477920349066917,0.018620720599452634,0.01355964134799792,-0.00930474535346093,0.009373867822755955,-0.03329227680473601,0.003937848709846037,0.0753890772407042,0.011119563224836945,0.0037903256598652347,0.004188219359014455,0.005213143149750849,0.015259708702667327,0.04209544587092573,0.011168348615206615,0.10877315534861332,0.008827592905219155,0.04834267041904683,-0.5063019819888733,0.011309055115783522,-0.0020817209989310026,0.004822062082765921,1,1,2024-12-26
2024-12-26,0.0031758125846752527,0.044224814741654406,-0.0006793368697526336,0.027076102971580696,-0.0027769530781265317,0.0016461602197068714,-0.00206816813835331,0.0854860433925273,0.0059062532069974845,0.008709842527112377,0.005022410613285555,0.0049017136087602334,0.006617295107552637,0.0508336574158339,0.010693461263893169,0.101931403644969,0.008781696933585813,0.046581319188631065,-0.40949530321005123,0.009535948287654385,0.0038551494544278864,0.005598373192915174,1,0,2024-12-27
2024-12-27,-0.01324222540164155,0.02321936686480286,-0.01329293784956509,0.01795645668406176,-0.017301505498685033,-0.014873092486723527,-0.02086760667728471,0.04843891203760009,0.0004705025107002066,0.0046584553715089076,0.0031018139187366624,0.004267250611326401,0.011959363508136435,0.03077102925533759,0.012133401705060439,0.08794097339390694,0.009615349441820837,0.028429716018239626,-0.09046272475080241,0.022066648653108527,5.0712447923539905e-05,0.005842330686343322,0,0,2024-12-30
2024-12-30,-0.013263407683006045,-0.00899843907155018,-0.013299869598277447,-0.004277343722168925,-0.013239494208651004,-0.026958414825962507,0.0035034647616871695,0.02071272287338166,-0.007776606833324114,-0.0017573746927310285,0.0017069003844296105,0.003093287149891999,0.011034667163153473,0.0164025175464515,0.013197222350892815,0.06265523002797635,0.010262394705881561,0.011762394336689574,-0.2421961064128655,0.010904044541144,3.646191527140186e-05,-0.008395392959524128,0,0,2024-12-31
