Date,Quarter,Split,AAPL_Open,AAPL_High,AAPL_Low,AAPL_Close,AAPL_Volume,QQQ_Open,QQQ_High,QQQ_Low,QQQ_Close,QQQ_Volume,MSFT_Open,MSFT_High,MSFT_Low,MSFT_Close,MSFT_Volume,NVDA_Open,NVDA_High,NVDA_Low,NVDA_Close,NVDA_Volume,peer_signed_return_confirmation,peer_return_dispersion,aapl_peer_consensus_relative_return,aapl_to_qqq_relative_realized_risk,peer_volume_confirmed_aapl_return,relative_return_market_risk_interaction,aapl_to_qqq_normalized_range_ratio,lagged_qqq_relative_momentum,target_next_day_up,target_date
2025-01-02,Q1,train,247.1365264348607,247.3053149666319,240.0777664039773,242.0931396484375,55740700,510.499434346488,512.8221689652438,501.9729160194123,506.4595336914063,36389800,419.7509810335182,420.2836558558519,409.2160306987592,412.8953552246094,16896500,135.79720670711552,138.67291713644488,134.4292544268475,138.103759765625,198247200,-0.027312904302968045,0.019348567077005698,-0.025150871586738732,0.9113054127333481,-0.008305630555385628,-0.0004289695880185979,1.150658042038105,-0.01885539631730382,0,2025-01-03
2025-01-03,Q1,train,241.60665893554688,242.4207431843357,240.14724866814672,241.60665893554688,40244100,509.55653114882335,515.8100252164201,508.7426439244086,514.7479248046875,29059500,415.3613950253171,418.27134378737713,413.8423310893823,417.6005859375,16662900,139.80120658589456,144.6839138332244,139.5216253508109,144.2545623779297,229322500,-0.026313239522014677,0.02312507029309263,-0.05983598880622443,1.0410426184745603,-0.021248009335368502,-0.0008596483124412256,1.0860359835664444,-0.0003650778053606585,1,2025-01-06
2025-01-06,Q1,train,242.549801627174,245.54804748087852,241.4477983095151,243.23483276367188,45045600,520.1476411928097,524.018784806924,518.1723564940825,520.6637573242188,36109700,422.1874160873605,428.4215926337743,419.7016505493917,422.0394592285156,20573600,148.36840963752263,151.93309314343088,147.599568879649,149.2071533203125,265377400,0.005225887877348234,0.041020132594077705,-0.08364623832165125,1.1497546721069618,-0.018934229008160695,-0.0008864407407379552,1.0919766804008226,0.0019515733534991586,0,2025-01-07
2025-01-07,Q1,train,241.22940732447117,243.78089861816605,239.6111612224788,240.4649658203125,40856000,521.7059999662438,522.1030076792526,509.4869713360559,511.3728942871094,36690300,423.1738758487943,424.8014616583564,415.085225621156,416.6339111328125,18139100,152.80179213743568,152.90164910642062,139.80120400217487,139.93101501464844,351782200,0.020177805909142622,0.0391483696414473,-0.04635310140391952,1.009836843504508,-0.005098307982921436,-0.0007684136674039674,1.0387004993511342,-0.012485821949916431,1,2025-01-08
2025-01-08,Q1,train,240.17700647488417,241.95411831821167,238.32048434869316,240.95138549804688,37628900,511.2736514045927,513.1000201476976,506.7969699488272,511.4622497558594,30777800,417.709061289588,421.171402275518,415.81515330470927,418.7941284179688,15054600,142.36737985085435,143.73533196712347,137.3548616440079,139.90106201171875,227349900,0.030357304874789427,0.04527722914011254,-0.05612782185729459,0.8770370565017297,-0.0014803614322016806,-0.0007640890343733449,1.0619767393493962,-0.028747393141982935,0,2025-01-10
2025-01-10,Q1,train,238.28077607985776,238.42970445265777,231.3212870184269,235.1435546875,61710900,507.700292461824,507.799529251394,500.1961615298894,503.4419860839844,40532500,418.8631684887605,418.9420687753876,409.3836648034606,413.2603149414063,20201100,137.24503329388114,139.71135128077043,134.01985409411645,135.70733642578125,207602500,0.011755139979690354,0.05176326395933974,-0.020472026953118783,0.8539785093579884,-0.01595763814037985,-0.00040850609133619153,1.1539402048770215,-0.04296668169888607,0,2025-01-13
2025-01-13,Q1,train,231.8474698930612,232.9792558543989,228.06492247356016,232.7111968994141,49630700,497.4962392396563,502.28059733248006,496.0073239549711,501.8240051269531,31694200,409.6007014640922,412.8164377086338,406.690782868284,411.5242309570313,17604800,129.79615256902926,133.29093305056014,129.31685741876072,133.03131103515625,204808900,-0.010016015582807913,0.04832176889381512,0.009358222429695529,0.758537482479845,-0.008498548802761926,-0.0002001894233100202,1.3270427872119033,-0.02586182474872578,0,2025-01-14
2025-01-14,Q1,train,233.05869925952223,234.41882398797216,230.79512716232853,231.5992889404297,39435300,504.9804910575475,506.39001083545065,497.8833343601906,501.3475341796875,33737200,412.1357932076061,414.0395749911103,405.14208486737954,410.0248718261719,16935900,135.84710238324766,136.1766120600162,129.85605059334506,131.56349182128906,195590500,-0.05168439644212277,0.036517962477524236,0.02552201189909975,0.7452983280826962,-0.00034999892154039463,-0.0001830821576552681,1.2188305379796458,-0.0057366392574816905,1,2025-01-15
2025-01-15,Q1,train,232.94949481929564,237.2383779015073,232.74100113522096,236.15621948242188,39832000,509.2387301124164,514.0230569301199,507.6802948725127,512.881591796875,34957600,413.4379027909623,422.3353935398116,412.5895665870108,420.5203857421875,19637800,133.45068552943664,136.2465130176968,131.09420431967888,136.03683471679688,185217300,-0.05214234088136462,0.03871061052300344,-0.008667888379244204,0.8973270833195354,-0.0008084559398099824,-0.00037677054498384127,1.4599482381919142,0.02297962631027206,0,2025-01-16
2025-01-16,Q1,train,235.63995285298608,236.29518618874627,226.38709407905125,226.6154327392578,71759100,515.1448467748171,515.224272558158,509.1594384871324,509.2884826660156,28229000,422.8778842735224,423.6571336957602,418.6264203199314,418.8138122558594,15300000,138.4332346192246,138.54307117698642,133.2909213149963,133.3708038330078,209235600,-0.04262498382169901,0.03513546066585131,-0.03618193936026054,0.9212363582789764,0.004939305631524545,-0.0009747771221466308,1.8847729864049323,-0.00641847149431185,1,2025-01-17
2025-01-17,Q1,train,230.44764042021455,230.6164138035219,226.833866130533,228.32305908203125,68488300,518.9861821179226,520.1971979799845,509.3181691473964,517.8843994140625,51837900,428.1947089431654,428.57942688248704,422.3551241092644,423.2034301757813,26197500,136.48614039423094,138.29343848833506,135.2579791055137,137.50462341308594,201188800,-0.004909483240804357,0.02380380761317804,-0.047657676730030185,0.9356694953151721,0.00037207992108121443,-0.0010026973891129117,1.553123573495785,-0.03289624964314675,0,2025-01-21
2025-01-21,Q1,train,222.38612124582832,222.803093405302,217.79941234276583,221.03591918945312,98070400,520.6042324328826,522.0832120911833,516.2169118563148,520.921875,23628000,424.3575582513444,425.0480336398343,419.82002384260585,422.6806335449219,26085700,138.95245710585658,141.61847317570314,136.88553704004724,140.61996459960938,197749000,0.015170423702485869,0.022105723137063805,-0.09224770912319213,0.8778212498069482,-0.009114065478375746,-0.001605486250442521,1.599985490867876,-0.0789013788163827,1,2025-01-22
2025-01-22,Q1,train,218.2064751614249,222.5052806842356,218.2064751614249,222.2173767089844,64126500,525.6565483001042,529.8751413083515,525.3488415863966,527.5822143554688,33593000,431.6175824572203,441.1957044539868,430.0787709144918,440.1402587890625,27803800,144.44426793757484,147.56958971587568,143.45573886876412,146.85067749023438,237651400,0.06167586521435422,0.024404261761013714,-0.13533122829898903,0.8714399454665566,-0.006519073900628116,-0.0015786270901462873,1.8628705382080777,-0.05239240918856869,0,2025-01-23
2025-01-23,Q1,train,223.1208199792776,225.394314538592,220.69839703644928,222.0485992431641,60234800,525.1304247166951,528.8229657869698,524.5448186856646,528.703857421875,23096600,435.9973147591307,440.6828062638951,435.5041051270503,440.6433410644531,18389300,144.8337106624021,147.01045262591376,143.5056920734559,147.00047302246094,155915500,0.07973024326835314,0.0269461282885326,-0.1239613420783997,0.9355162471257048,-0.007101814326851761,-0.0015463602366742961,2.028335182624844,-0.04315730778366722,0,2025-01-24
2025-01-24,Q1,train,223.1605018815617,224.00438385368136,219.81478693461756,221.17491149902344,54697900,529.0810884811151,529.8453571094432,524.2470818339253,525.7161254882812,19878300,439.1143639891968,440.5841189283991,435.4054182545328,438.029296875,15549500,148.14874363197046,148.74785499769604,141.66843136501245,142.40731811523438,234657600,0.08548176455285268,0.028634230398571825,-0.08082550054445925,1.048870829904129,0.00014892914095248754,-0.0008730818197719077,1.6553620480976547,-0.03529135324844579,1,2025-01-27
2025-01-27,Q1,train,222.40601266103107,230.47742834163907,222.36629236472388,228.2039337158203,94863400,507.2238554261772,514.1621916220109,506.3801306258622,510.41015625,60771700,418.2516146753107,429.2896479328885,417.74853125025015,428.6583251953125,35647800,124.6138830305536,128.20850504229963,116.52595684106744,118.24339294433594,818830900,0.025843558807792343,0.059774479217130125,0.06307197560719247,1.10197495659564,0.017976256327684084,0.00026735280981768426,2.185041526601611,0.0060484470539254875,1,2025-01-28
2025-01-28,Q1,train,229.1867945454765,238.4594987479956,229.147074251248,236.54339599609372,75707600,511.4125906777684,519.135127001106,507.9980395084438,517.9539184570312,33194200,428.6977608632086,442.2906153004339,425.5214900534852,441.1266479492188,23491700,121.62835222502514,128.80763280108368,116.07664583818588,128.7976531982422,579666400,-0.006468226921323983,0.07904884951272668,0.09037429176124817,1.6865756373614769,0.07749269337742544,0.0014192741958567315,2.0969331892422574,0.05607419062909913,1,2025-01-29
2025-01-29,Q1,train,232.43322998057815,238.1318804363608,232.32402189200357,237.63548278808597,45486100,518.5990994614392,518.7281436223639,513.0801896776674,516.9811401367188,26649000,440.6235877197962,440.81100977301065,434.41900262341227,436.3227844238281,23581400,126.31135328562937,126.70077107762197,119.8709750783515,123.5155258178711,467120600,-0.06417780016206234,0.09477180866037072,0.15317161834986065,1.813667604311081,0.09659795047787983,0.0016632096328339694,2.099593675987715,0.10697191207942225,0,2025-01-30
2025-01-30,Q1,train,236.95044029141235,239.05516137192973,235.500967711044,235.8782196044922,55658300,519.8398489654351,522.2121410225601,514.380493502768,519.1846923828125,27431300,413.0827588425547,417.1172097708342,407.5489615626973,409.3540954589844,54586300,122.9164122570478,124.81358019968631,117.92386904906036,124.46410369873048,392925500,-0.08471627744000734,0.10873067416304485,0.17444007256310418,1.8896937946747017,0.04724193103700424,0.0014270072613571487,1.8167574318080053,0.053961697451479274,0,2025-01-31
2025-01-31,Q1,train,245.40904807772532,245.40904807772532,231.7581140684966,234.29966735839844,100959800,523.0260873773669,527.5921301044531,517.338450995146,518.4302978515625,38755200,413.2899333042713,414.976701732093,409.27519987674,409.4231567382813,34161900,123.59540412169352,127.6593341751579,119.01225290264884,119.89093780517578,388161100,-0.12272534482764039,0.10455356182356434,0.17105055812411457,1.9090853695885195,-0.013972261962209147,0.001267641970950402,2.0922021575609624,0.007129918952089698,0,2025-02-03
2025-02-03,Q1,train,228.3329787245057,230.15971829856625,224.0738787357251,226.3672332763672,73063300,509.6754636986273,517.0009308639123,507.2733642921369,514.2811889648438,40580800,406.0101743775102,409.7684293585694,403.1100993381394,405.3394165039063,25679100,114.57888277703152,118.39318602096668,112.84147962875149,116.4860382080078,371235700,-0.10413128961405235,0.07362959242168228,0.026582464350736024,1.936236176866872,-0.04287679061819451,-0.000274593534747276,1.9027324809999286,-0.06460935840960158,1,2025-02-04
2025-02-04,Q1,train,225.61271003037928,231.45035067549784,225.0170268486458,231.1227264404297,45067300,514.7974890430145,521.2295844539116,514.4004206860424,520.5942993164062,26046800,407.0853452090854,408.2986516716073,404.1753965052981,406.7696838378906,20532100,116.78557092036436,121.01924546805154,116.52595653802958,118.47305297851562,256550000,-0.0904746235870773,0.05700884240306685,0.05610681682851998,2.0833122391042553,-0.0022374628040505292,-0.0004462015565523187,1.9595163738994734,-0.021080531271020053,0,2025-02-05
2025-02-05,Q1,train,226.88348940722173,230.9936609938165,226.62536810475493,230.79510498046875,39620300,517.9638671852232,523.11551659981,516.7727228160936,522.9566650390625,21134100,406.749979083578,408.2098602907994,404.8264495269334,407.6772155761719,16316700,121.57842315704724,124.8135892575584,120.57991444298676,124.6438446044922,262230800,-0.05608755484274295,0.040037563002949694,-0.0005265674178738244,2.0141682717458127,0.005381986894245675,-0.0006328288858369068,1.8599015822634104,-0.009735073935118965,1,2025-02-06
2025-02-06,Q1,train,229.62360070928509,232.11552641696264,228.76979621063217,231.53970336914065,29925300,523.4628423892975,525.8947492260023,521.8548188906348,525.686279296875,19434500,408.3775613386283,412.5205341470821,408.3775613386283,410.1728515625,16309800,127.22995239056334,128.57794497214795,125.02324949979864,128.48806762695312,251483600,-0.03461092032389852,0.038730803211008455,-0.0355582515428039,2.083856840072213,-0.01141419864854009,-0.00046950603567982955,2.0434165116030476,0.020134866928691153,0,2025-02-07
2025-02-07,Q1,train,230.9241838961893,232.31409120281864,225.6226456863809,225.989990234375,39707200,526.2223405922623,528.1678176426686,518.3310780658987,519.0556640625,29605500,410.8238533335017,412.96436600470287,402.5576561425311,404.1852416992188,22886800,129.0273069895586,130.17558600299384,124.81359867926386,129.64637756347656,228186300,0.01118501354929331,0.058320422302890695,-0.06975396281290042,2.142618027868551,0.011625185912745663,-0.000561076075422855,1.6625699396047249,-0.030938746510514203,1,2025-02-10
2025-02-10,Q1,train,228.1666073624245,229.1803610121675,225.81108525741095,226.25833129882807,33115600,523.3239005134812,526.4407109622551,522.8574028177311,525.3389282226562,20852800,408.0914590052598,409.8176925215145,405.33937124502273,406.6217041015625,20817900,129.89598286165247,134.79866384787866,129.76618710141213,133.3708038330078,216989100,0.05025462365647635,0.07002158715575138,-0.07453832192010112,3.2864314019650527,0.00942642968837461,-0.00022138292175926934,1.8007800558241394,-0.04183390830286615,1,2025-02-11
2025-02-11,Q1,train,226.80497424991785,233.79199753404615,226.7354100570617,231.1979522705078,53718400,522.0732896066455,526.0039872775455,521.9442454321847,524.0882568359375,19325500,404.0767828884028,406.88805357704496,403.741373863551,405.8523254394531,18140600,132.38230132778313,134.27946199343057,130.8246300046561,132.6019744873047,178902400,0.06544113192959766,0.07016755946890305,-0.05817616828015343,2.9163683491066954,0.00047324301239353914,-5.418789511847829e-05,2.032535398304181,0.0014795426106063436,1,2025-02-12
2025-02-12,Q1,train,229.78663009476247,235.51142789245532,229.26980470124647,235.4219665527344,45243300,518.4402741025981,525.2793726405877,518.0928847804781,524.3959350585938,25009400,401.6797299133385,405.1716621007933,398.87830316572246,403.4848937988281,19121700,129.8261026458349,132.04279313100764,128.88750205027108,130.94442749023438,160278600,0.06002119203586385,0.06373495841987054,-8.514152548511067e-05,3.0509815362533605,-0.010170639570222741,0.00013935551504383654,2.1123579818461877,0.037180883050704994,1,2025-02-13
2025-02-13,Q1,train,235.4617298072221,240.85852795215615,234.1299251101732,240.0534820556641,53614100,526.0635838146525,532.2574623508953,525.2794434932922,531.9398803710938,28714800,401.4726062482461,405.4182829681306,400.8412835235649,404.9645385742188,23891700,131.36380821970238,136.29644386397356,130.9743904181038,135.08824157714844,197430000,0.038789840553008784,0.04890355170006087,0.017435204396950843,3.109901389637372,-0.00577382070974306,0.00022260583400433254,2.1472139542841826,0.06401067544722705,1,2025-02-14
2025-02-14,Q1,train,239.77522427175464,244.04894114679905,239.51681912694212,243.1047515869141,40896200,532.0489565555039,534.8580601398642,531.7114424599516,534.1731567382812,17862600,402.25191655873215,403.35670130819824,400.3678521686821,402.8832092285156,22758500,136.27645326854343,139.042326433892,135.29791907929888,138.64292907714844,195479600,0.028846593389035946,0.039345176130190194,0.042646572911235414,2.8699415460171966,-0.0013430716861196734,0.00046919328252086864,2.508402338447672,0.04121201715008205,0,2025-02-18
2025-02-18,Q1,train,242.65747382373945,243.6811760890431,240.3615975750387,242.97552490234372,48822500,535.7414804029439,536.0095045421328,532.078746365208,535.3841552734375,20565000,402.4590098668831,405.0237056562673,400.9793811541372,404.0767517089844,21423100,141.05932980350207,143.226091877041,137.72429913092634,139.19210815429688,219176600,0.02825197368954675,0.037128175888346736,0.055191055531608635,2.781927783185007,0.001630540711861522,0.00047075572383237913,2.4553504012076015,0.019520058825247988,1,2025-02-19
2025-02-19,Q1,train,243.16435439309652,244.5060925083624,241.6735241546838,243.37306213378903,32204200,534.5901501639886,536.8135875991883,532.4957569178074,535.5331420898438,19666900,402.34067225656025,409.8473079963777,402.1137850010984,409.1370849609375,24114200,139.3019353271886,141.14918241151278,137.01535723812603,139.02235412597656,167536000,0.03184030166343821,0.03238173840293992,0.02440501810935125,2.611934409663896,0.0007974986736816152,0.00026730308096904103,2.046770775092791,-0.005414249052053233,1,2025-02-20
2025-02-20,Q1,train,243.442620363674,245.2713683243621,242.79658488378956,244.32717895507807,32316900,534.7488640035847,535.1161249242239,528.52523935916,533.2599487304688,26550800,410.47144681938056,414.4447923675228,407.75335474991726,411.30169677734375,23508700,139.8211794831435,140.45024487315197,136.5860056380014,139.90106201171875,143903600,0.03617844883105006,0.03239693861217274,-0.0060601486057070275,2.654517712963498,0.0005225316302239601,0.0001781528198642371,1.7553368408626229,-0.015925655320340626,0,2025-02-21
2025-02-21,Q1,train,244.44645306890683,247.1697083342209,243.72091995824803,244.0489044189453,53197400,534.4015384269126,534.4214100198424,521.8251828832033,522.1924438476562,47093800,412.4976109270871,413.19936436928833,403.1572771359109,403.4735412597656,27524800,139.83115735009994,141.24905316966826,133.83012530319377,134.22952270507812,228217600,0.026988987461611758,0.03583840966341454,0.02166314559593341,1.8141410339572843,0.0006963410090693,0.00043484051651934973,1.1804795083952813,-0.002337370109310344,1,2025-02-24
2025-02-24,Q1,train,243.43269920852308,247.33868242018207,242.92582237394555,245.5894470214844,51326400,523.979014688761,525.1602231091551,515.6907447415672,516.0281982421875,39268400,403.7700579395831,404.620064859675,394.68668732557927,399.3123779296875,26443700,136.35634186179794,138.383313247837,129.88600993089565,130.08570861816406,251381100,0.0016816655955859572,0.033317616091737244,0.04551291937281998,1.2149051958560921,0.0018905595854564518,0.0007194738033288445,0.9614619026901594,0.01081651716650045,0,2025-02-25
2025-02-25,Q1,train,246.48393846255715,248.47171215983585,243.41283173998391,245.52980041503903,48013300,515.4028460127145,515.4822717823216,505.6752793876824,509.526611328125,48940000,396.4460859350655,397.25657880262406,392.09714469384,393.283203125,29387400,129.78614928447132,130.0058224050398,124.25441810041912,126.44114685058594,271428700,-0.039212670714129615,0.031494122991705197,0.06967175910997725,0.8673268842753965,0.001660149643212828,0.001049223066129035,0.9066206835965306,0.02956188839893481,0,2025-02-26
2025-02-26,Q1,train,242.83637220684057,243.48239258336395,237.66816369812489,238.89064025878903,44433600,511.72034015672153,515.8197643424149,507.591048002011,510.7574768066406,34457600,393.3919661639477,398.917102708898,389.6755831630129,395.0920104980469,19619000,129.79615892181477,133.53057192522448,128.29839578499454,131.084228515625,322553800,-0.05593900406065544,0.028262067458207717,0.027296177233452845,1.1869399005376982,-0.008262715846117314,0.00048198109334688944,0.9665280744021886,0.01528535330323011,0,2025-02-27
2025-02-27,Q1,train,237.94645181292125,240.9778097055873,235.61081167459412,235.84934997558597,41153600,514.3011233717788,515.2341793751592,496.3547141457957,496.5730895996094,52448000,396.61410618114576,401.0322425664148,387.6197164134029,387.97552490234375,21127400,134.7986697104659,134.8086493121392,119.83102696232622,119.97081756591795,443175800,-0.08316235580886513,0.035770802789643195,0.0648876319426539,1.2785737621947741,-0.021792726006329116,0.0006251089598604094,0.8614444978015487,0.0048460517864221675,1,2025-02-28
2025-02-28,Q1,train,235.5014815283524,240.61005923211764,228.7927454203557,240.3615875244141,56833400,496.4341995419912,505.02027267121787,493.2578344308949,504.414794921875,47654000,388.104042520749,393.016377739764,382.0847072800103,392.3837890625,32845700,117.84399213493025,124.90344826210318,116.2264129341289,124.73370361328124,389091100,-0.07889139671700815,0.031182193368473297,0.03400549750275483,1.2207685257521577,-0.012513945182577955,0.00031238759395510186,1.1719671761596877,0.000848765500453319,0,2025-03-03
2025-03-03,Q1,train,240.3118838035197,242.5381957053339,234.66661403302143,236.5748748779297,47184000,507.7399630206097,509.2487196326077,489.9325334541656,493.37689208984375,44587200,394.1925506012372,394.1925506012372,381.6794393165997,383.9823913574219,23007700,123.32581202011416,123.51552349340125,112.11255593535712,113.88990020751952,411381400,-0.09309016250083779,0.043738627937540867,0.04474014937071641,1.2795071269236493,-0.005474287055966738,9.433762989856091e-05,1.105182205008816,0.028007808084009378,0,2025-03-04
2025-03-04,Q1,train,236.25684921580157,238.6024227827577,233.2453581153048,234.4877166748047,53798100,490.5280988504062,500.0174498903787,484.1356867718227,491.8879699707031,67875400,378.9514422192701,388.0249203607145,376.5792952112664,384.1009826660156,29342900,110.48499132597254,119.13207287466712,109.9457957033308,115.81702423095705,398163300,-0.07400840764434573,0.038185631388773934,0.008713448521730116,1.488026525179158,-0.0022800350394313216,-0.00011989172404300407,1.0234440767808832,0.004259163690881307,0,2025-03-05
2025-03-05,Q1,train,233.98082285378285,235.1039197629907,227.82866128733943,234.2988739013672,47227600,492.5331995401363,499.90828614862966,487.6297026672125,498.3002624511719,46323700,384.822533208354,397.0094866568717,384.29868393839774,396.3670043945313,23433100,117.40464986998916,118.10360288358513,114.33922859376143,117.12506866455078,284337900,-0.07533682026317694,0.051883947354935935,0.032410254263822325,1.3063561680580824,-0.006521231575474182,6.750473409633459e-05,1.0106286835923646,0.008805731335141398,0,2025-03-06
2025-03-06,Q1,train,233.00684447444675,236.4059358119138,231.73467047090972,233.8914031982422,45170400,490.0417668831769,494.895615354215,482.60712565033873,484.5923461914063,57574300,389.70521049036057,397.4838909032578,388.12376908504734,392.2849426269531,23304600,113.36069823382532,115.17798387118098,110.0556366780344,110.40511322021484,321181900,-0.05590264242254546,0.05245503228508608,0.026011388829437265,1.3330108562550993,-0.0011897057899846496,0.00019676493558265772,1.0797900753483956,-0.001908107746295018,1,2025-03-07
2025-03-07,Q1,train,233.6727221740344,239.8944479764648,233.3248557337566,237.6085205078125,46273600,483.5599718062666,489.6347411717219,476.9789615630039,488.15576171875,54714700,387.76795648683793,390.2191619837315,381.0666253730808,388.7464599609375,22034100,111.08408724577036,113.31076488585998,107.3995878917184,112.52194213867188,341755500,-0.05601575165176296,0.05832068310457019,0.042132386932442256,1.4572710722678932,-0.0011113108730406744,0.0002529876395764141,0.9146836593761164,0.025431061417164336,0,2025-03-10
2025-03-10,Q1,train,234.10009611136832,234.71631625547707,222.84930513729452,226.08937072753903,72071200,479.87744712390025,480.39359355913183,465.19673274957023,469.2366638183594,76668000,381.3631114017718,381.9166113327009,372.8431337183802,375.7490234375,32840100,109.73609301585864,111.6831816739289,105.30271254146378,106.82044982910156,366487400,-0.05215732632939953,0.044902925071654276,-0.0025647789858571635,1.5705126906934943,0.0012281780963375232,5.566180388550419e-05,1.0953575984045223,-0.01723365436821811,0,2025-03-11
2025-03-11,Q1,train,222.4418202229124,224.45940937640347,216.1206990584521,219.48997497558597,76137400,468.85944790641054,475.2717015064333,463.55891291656457,468.114990234375,68760800,374.6024872406928,381.5212666884101,372.5367409966354,376.0356750488281,30380200,106.83043665954976,112.0726069900584,104.61374627233778,108.5978012084961,354865700,-0.054793725807853064,0.044986021314607424,-0.02229416123624539,1.8884920586055145,0.0006657230495697437,-0.00022370937213559154,1.2686427034475471,-0.053985623632197166,0,2025-03-12
2025-03-12,Q1,train,218.7942505386503,220.39440897367027,213.5962265598192,215.653564453125,62547500,475.6191281711679,477.50508157643935,468.3035955192933,473.3956909179688,46971100,378.5066728711865,380.7503233781215,374.55308456142495,378.8229370117188,24253600,113.96030532134075,116.59661034457648,112.72203506897392,115.57803344726562,323857500,-0.044297588922829714,0.041293337971567354,-0.050843876427415724,1.712764439112469,-0.010165732636827268,-0.0004891801325868028,1.3238536820931752,-0.03407422691858586,0,2025-03-13
2025-03-13,Q1,train,214.62986833256545,215.5144270476188,207.14590135231947,208.398193359375,61368300,472.7305781456632,472.76035523811606,462.98313932199375,464.8790283203125,46563300,378.71423026442886,380.8491715851453,373.0704913614682,374.3751525878906,20473000,116.86621875800482,117.59520049683546,113.63075517539951,115.41825103759766,299033100,-0.027136062591446675,0.047678262093462265,-0.1088717752499011,1.791142977662268,-0.0030643656608386393,-0.0011181295641400507,1.5331581870968096,-0.04424609309300154,1,2025-03-14
2025-03-14,Q1,train,209.9585940343847,212.6420854575803,208.2988048386841,212.18490600585935,60107600,470.2292461988736,477.00876061202655,469.62373821824536,476.1154174804688,43563000,375.3734493768336,385.7022111357248,375.10659301872727,384.0515747070313,19952800,118.44401014075396,121.7094305400334,117.98465480860956,121.49972534179688,277593500,0.004159508213419927,0.059066786017414795,-0.14085289270859075,1.5833077292972708,-0.00017027976445254712,-0.0014429009326394728,1.6106615234185402,-0.0030456207508682276,1,2025-03-17
2025-03-17,Q1,train,212.0059881512876,213.904315554563,208.6864099217596,212.6917724609375,48073400,476.0657408601252,482.2497130174167,474.2691189068619,479.202392578125,41744400,382.2131473268013,388.1533930243756,381.09625384575537,384.18994140625,22474300,122.5682312033008,122.71802281178024,117.86482345684048,119.36272430419922,255501500,0.04154158045461951,0.055589978799494164,-0.1291973695662917,1.3559794907312963,0.0026072811073302123,-0.0017876395962724719,1.58387533932689,-0.004447380019739655,0,2025-03-18
2025-03-18,Q1,train,212.85081593904235,213.83475423543345,210.19713981325924,211.38980102539065,42432400,475.867271104116,476.0657749736721,468.91899953639006,471.03326416015625,39072300,382.5788655792479,382.8753726383068,376.6781337960948,379.0700378417969,19486900,117.83485847417,118.85342762738914,114.37970167383446,115.2684555053711,299686900,0.055348513581228054,0.053347210285780225,-0.0716518603861579,1.4272881389494003,-0.0040300139837993396,-0.0009268382714287202,1.524833911821429,-0.002735483119723714,1,2025-03-19
2025-03-19,Q1,train,212.91044076829724,217.4226803637017,212.443312738742,213.92420959472656,54385400,473.28646764378425,481.74349565345614,471.3608014299573,477.3363342285156,40430300,381.0567221702146,385.158563988563,379.54447585576617,383.3201599121094,19185500,117.10587965509885,120.2814296141779,115.51810848491796,117.35552978515624,273426200,0.047819287196391655,0.04925066506851707,-0.02164451311903237,1.5283928634348656,-0.0024681509719595447,-0.0003383011575731951,1.3941649134201255,-0.004068950910435465,0,2025-03-20
2025-03-20,Q1,train,212.6818553101102,216.16045933121796,210.92267131595003,212.7911834716797,48862900,473.3559666184429,480.969270043224,472.6611273475336,475.7183837890625,36780500,381.2642891356356,387.2441097112173,378.8328407062668,382.3515319824219,18470500,116.38688818380663,120.0317738155389,116.30699831746894,118.3641128540039,248829700,0.02982261880779007,0.033137932449971055,-0.0023348143151403766,1.5145806666655393,-0.00010741864799833955,-4.768208915616525e-05,1.272063200894984,-0.012770965082109731,1,2025-03-21
2025-03-21,Q1,train,210.26669685360037,217.5021918152461,209.9884097524224,216.9356842041016,94127800,470.5766275228687,478.0509810732746,469.4152905592447,477.2866821289063,42234900,378.7735245117788,387.194656647968,378.3583844724842,386.7202453613281,39675900,116.77634740953133,117.82487338576216,115.25847035053428,117.5352783203125,266498500,0.009767738243249658,0.013743557509157501,0.03523007151371532,1.5558930259871693,0.001769023207051798,0.00041351093475474774,1.3941449043195575,0.023671010045785756,1,2025-03-24
2025-03-24,Q1,train,219.64899945464327,220.1260609084734,217.2437950361324,219.38064575195312,44299500,484.8576491349716,488.60538941404207,481.5373907904982,487.7604064941406,34567200,390.81222312553433,390.81222312553433,385.2870867325212,388.5191345214844,21004500,119.71223179694545,122.04896105750126,119.17298658297102,121.24009704589844,228452500,0.009717840447682247,0.013935488426126307,0.01795033632167531,1.7497637002200963,0.0028154201671182835,0.0002729399483521663,1.2978072169404238,0.03277683137862719,1,2025-03-25
2025-03-25,Q1,train,219.42039321145907,222.7300380772677,218.73460889257407,222.38217163085935,34493600,488.4861400211188,490.7029423960745,487.5218710331621,490.54388427734375,26035200,389.3493790004213,391.7610400507305,388.0842319836349,390.5749816894531,15775000,120.38130705821352,121.12026937928964,118.75358318150823,120.52111053466795,167447200,0.015415486884791774,0.01182463127954061,0.014040813049103651,1.9038303079114538,0.0011257954735343562,0.0001574880614011037,1.4515215517281659,0.0317963421805898,0,2025-03-26
2025-03-26,Q1,train,222.1436424317859,223.64442126802376,219.12223310716143,220.17575073242188,34466100,489.3906651224751,490.2455985952576,479.9667080597325,481.5174865722656,34627100,390.4168262767483,390.7232269425197,384.061440622416,385.4451904296875,16108400,118.5638454632065,118.6736845133834,112.55226594608844,113.60079956054688,293463300,0.015263722619278641,0.011419344044042013,0.04244852913433367,1.4401293804261355,-0.0009393388379817383,0.0003348019382626021,1.423911702934454,-0.006902394064447925,1,2025-03-27
2025-03-27,Q1,train,220.0365991694977,223.61459773398053,219.21167130142223,222.4815673828125,37094800,479.5591741727875,483.70451433059617,477.4119351757768,478.7738342285156,33469800,385.6033656235933,387.6888690270636,382.9050306805178,386.0481262207031,13766800,111.19417323533278,114.28983351449122,110.5051440147698,111.27406311035156,236902100,0.00018181722080494732,0.025871285097203933,0.07065554582538885,0.760662224033419,-0.0011810901405444015,0.0007295421831713111,1.441972587248431,-0.017029555745621927,0,2025-03-28
2025-03-28,Q1,train,220.31487416588556,222.44179120535847,216.3492605717641,216.5679168701172,39818600,476.974551402309,477.6803471496016,465.28403763438615,466.1687927246094,46363800,383.5771709738401,384.61500612887534,372.5565482590105,374.4048461914063,21632000,111.33397028810096,112.71204388720729,108.9173588485005,109.51651763916016,229872500,-0.034329459612206216,0.03574961682321507,0.04833973998333657,0.6491531178979424,0.003132150822332581,0.00047397936552324294,1.2133699575233057,-0.03500961120233603,1,2025-03-31
2025-03-31,Q1,train,215.683368745432,224.24073468961828,214.908138255618,220.77207946777344,65299300,459.19026229129486,467.08331235256605,454.6273605455005,466.1488952636719,53000300,368.2174556076631,372.6948931611048,362.978933000102,371.0343933105469,35184700,104.98287310192076,110.80471613819728,103.5049485540766,108.22832489013672,299212700,-0.06059822788997371,0.0338230831557619,0.08250550584985727,0.6955318942955863,0.0003653764913989075,0.0010507662681359868,1.3649754283538085,0.02113257430573423,1,2025-04-01
2025-04-01,Q2,train,218.46624988397505,222.31258685550367,217.5618092777705,221.8255920410156,36412700,464.53844262078127,470.8310519884103,461.6754876852753,469.9065551757813,41156200,370.3029705230893,378.4078388750376,368.89946352111616,377.7554931640625,19689500,108.36812587384452,110.04577506451116,106.32099936404416,109.995849609375,222614000,-0.07513800279208445,0.035165002838089966,0.057573872007486926,0.7175985310783519,-0.0008948065839167272,0.0008303207304321724,1.231751865754708,0.04674148253066979,1,2025-04-02
2025-04-02,Q2,train,219.9670353213626,223.8133724100327,219.66886624627367,222.5213165283203,35905900,463.3654253458386,476.7260031222664,463.1069521266998,473.3361511230469,49894500,373.5844861787052,380.6119757035965,372.25014394283687,377.70611572265625,16092600,107.1398553905561,111.82329447216486,106.64055510872038,110.26547241210938,220601200,-0.06465238451768496,0.029525175870961595,0.03537232375898769,0.6910331982634508,0.009422562754717019,0.0006011899189877618,1.1353342303961347,0.05940675335379508,0,2025-04-03
2025-04-03,Q2,train,204.28348559152053,206.2215769781628,200.0197179050274,201.94786071777344,103419000,453.742637111202,457.3511902166352,447.4798795534505,447.9967956542969,70456300,370.4413834397649,373.1001742376296,365.06450042697054,368.7808532714844,30198000,103.36514539947606,105.48217369637304,101.45781468579652,101.65753936767578,338769400,-0.060297393746875615,0.025284744949269668,-0.02671883749996734,1.3517333855025158,-0.03430904228727657,-0.0007180094288304722,1.1420138263210002,-0.06674458619954005,0,2025-04-04
2025-04-04,Q2,train,192.7047355778497,198.658123727335,186.19477317599055,187.2284240722656,125910900,435.5508223213529,437.7676247006197,420.1722412109375,420.1722412109375,117088400,359.9050576420754,370.2436833446925,355.3090169453245,355.6648254394531,49209900,98.77159334909084,99.9898797349743,91.9811059228115,94.1780242919922,532273800,-0.07421205579711901,0.032368247648265,-0.04042015669014282,1.4346260118647882,-0.12970479035211077,-0.0015423871085187219,1.2930711832121686,-0.1713406572378231,0,2025-04-07
2025-04-07,Q2,train,176.1167553732534,192.96313526897592,173.55252535537636,180.3507232666016,160466300,406.24497996843866,440.5212273303754,400.01204418212296,421.1861572265625,161557000,346.808801297969,366.6953473866903,340.7894661963344,353.7077941894531,50425000,87.33759621246332,101.60759784636036,86.4987754744505,97.50334930419922,611041300,-0.09313145775817752,0.040827804817794355,-0.11019392682974138,1.5523419375177705,-0.25992042803766324,-0.0035366881503643434,1.1756729550010547,-0.1505720387957623,0,2025-04-08
2025-04-08,Q2,train,185.5586531084637,189.17640027021665,168.17558356470508,171.36595153808594,120859500,435.5706616527368,440.5212428610244,407.3683213181599,413.6012573242188,101248100,363.98715955184485,369.31460473132455,346.1861164728992,350.44610595703125,35868900,103.66472218207365,105.70186824827938,94.3278084260022,96.1652374267578,476243400,-0.1072868136031317,0.03969111510860941,-0.12845868614809836,1.6954436347618238,-0.2144706811413243,-0.003931354510649844,1.2864506121690884,-0.04559594558547331,1,2025-04-09
2025-04-09,Q2,train,170.89883496621582,199.38363475051756,170.83920418374143,197.6343994140625,184395900,413.11420733728266,465.0653576176641,412.9750201017136,463.2461853027344,142876900,349.43791334353114,388.6673960004068,349.00301621371585,385.9591674804688,50199700,98.75160385221358,114.93891720962624,97.39350654873373,114.16999816894533,612918300,-0.05092699618126355,0.06471576359142346,-0.14047094229214718,1.3594916870980795,0.08391682480177647,-0.004998197745712474,1.3379486002379715,0.16575442366787485,0,2025-04-10
2025-04-10,Q2,train,187.9141823452429,193.58926741380884,181.88128226075605,189.25592041015625,121880000,450.8796663706337,452.89766878987024,430.07336033484415,443.5432739257813,108384100,377.6269854135807,379.4456324184745,363.5324334212975,376.92523193359375,38024400,109.21694044618194,110.70485307181583,99.01124202201945,107.4194564819336,437812400,-0.004101744836673804,0.061000047698584844,-0.1022297525259046,1.390721712432833,0.06941859074592431,-0.00329464479699341,1.316448164104626,0.126153412364299,1,2025-04-11
2025-04-11,Q2,train,184.96233608452025,198.32016168749277,184.92257212057936,196.93865966796875,87435900,442.0223093443537,453.09649143953806,438.7219217931667,451.7146911621094,52483800,376.2234920445777,385.52428234575257,374.4937970946495,383.94287109375,23839200,108.348157786305,111.39389245819964,107.32958859529616,110.7747573852539,313417300,0.08585561674437306,0.055202588559305085,-0.07600436160066881,1.3993855299204223,0.10332115959952781,-0.0014396655849032607,1.3559513561740075,0.046713672851506294,1,2025-04-14
2025-04-14,Q2,train,210.14743595954587,211.638266220138,199.9302804535287,201.28196716308597,101352900,461.7152208667026,462.3017305650004,449.95514472763216,454.7764892578125,43941200,388.6575350248574,390.0709357337415,379.75206690221165,383.310302734375,19251200,113.9503045917023,114.1300529879136,108.91735711650354,110.55506134033205,264705000,0.11400585093003093,0.04972193494665951,0.007283001012958756,1.453030381676901,-0.00600233944791523,0.002272025166436006,1.501617189687771,-0.03462518083220023,0,2025-04-15
2025-04-15,Q2,train,200.6259945192588,202.26590170954893,198.57859009217825,200.9042816162109,51343900,455.83021518157193,459.6475186324782,453.454324591476,455.283447265625,35404200,384.0021677861047,387.3429548173336,379.702634359307,381.2544250488281,17199900,110.81470199440513,113.46099492172468,110.3453585264742,112.04297637939452,228966900,0.14566024414726955,0.055171111694865216,0.04585956801687707,1.4500798794171992,-0.03993722295868577,0.004479893535216462,1.4836128510012767,-0.030601988710582173,0,2025-04-16
2025-04-16,Q2,train,197.1473909296092,199.47308245703653,191.19400339685228,193.0823974609375,59732400,446.3764289285455,449.94520996662885,435.17304059444126,441.5550842285156,48980600,376.25315416820064,377.1822197333743,363.730149078798,367.2982482910156,21967800,104.40369410395132,106.64055727885454,100.30942561460589,104.3437728881836,397016900,0.06588791849028082,0.032691291148775094,0.04417560242198465,1.4475641567955935,0.012640630880570257,0.0014902182274515183,1.582926931625679,-0.00129767362591926,1,2025-04-17
2025-04-17,Q2,train,195.9944589047864,197.61449911758032,193.2314550257992,195.7758026123047,52164700,444.5274509761507,445.10401010316673,438.7517574071589,441.4755859375,44837000,369.4133653600013,369.976758868816,362.6329766642394,363.51263427734375,21120200,104.30381795694564,104.3237942331935,99.90998190333625,101.34796142578124,292517500,0.005433878119652768,0.031805585729339,0.08050288882833756,1.4159469219885554,0.01365695049332556,0.0024145028714611686,1.7424095914421083,-0.053824538198221195,0,2025-04-21
2025-04-21,Q2,train,192.08851517151223,192.6152739871965,188.64966000796989,191.97918701171875,46742500,435.64027525418857,436.48522787937225,425.40112526573694,430.5505065917969,44149300,358.6102367890087,360.2509795659297,351.54320368031085,354.9531555175781,20807300,98.6317735699764,99.3008417327631,94.90699776234818,96.77438354492188,288501100,-0.08511907991900555,0.03399568561715551,0.0757627917610455,1.4151174875413588,0.011987339200171847,0.0010884444845017675,1.4207172842277052,-0.02193340796817156,1,2025-04-22
2025-04-22,Q2,train,194.92107095045927,200.35763286451956,194.7719939992729,198.5189514160156,52976400,436.2267468236976,444.93495790304166,435.0338262355641,441.8533020019531,52304400,359.1637542302739,363.5028019496421,355.68457702509073,362.5638427734375,19485000,98.6417555090913,99.67031279819464,97.14385476914264,98.75160217285156,241004800,-0.0907106207141705,0.03717652941103176,0.06671785278579029,1.322431134267555,-0.003775961171996424,0.0006660664618886773,1.2081634914174453,0.057403774110920014,1,2025-04-23
2025-04-23,Q2,train,204.7407093293248,206.7284832063085,201.56027415925303,203.34927368164065,52929200,455.4624310494103,460.641633756553,450.20368411807647,451.8737487792969,55801100,371.6966268435602,375.9764033603888,368.6918910858119,370.0460205078125,20545500,104.37372584399633,104.6533403969428,101.87722447592722,102.5662612915039,247526000,-0.09561730002360666,0.032055685292304334,0.06915984757140609,1.0854940729666915,0.0013395316158576762,0.0009086204410632683,1.1711237290375036,0.09300867769612708,1,2025-04-24
2025-04-24,Q2,train,203.63746952607696,207.55338601533765,201.6993932641485,207.09619140625,47311000,453.78243704630535,464.896361425193,453.1362539590864,464.5881958007813,45956100,371.34077108557176,383.9428330432701,370.8366789549492,382.80615234375,22232300,103.33517578708889,106.39089066307956,102.96569088547096,106.28104400634766,220815000,-0.03999505542681296,0.03306828871177201,0.042185448334998266,1.1735824221194535,-0.002854058643675962,0.000778487568091579,1.1253721679629063,0.07806755301852242,1,2025-04-25
2025-04-25,Q2,train,205.10842646651813,208.46776890662989,204.9394675201618,208.00064086914065,38222300,464.210432874224,470.2942617606861,462.639783263479,469.7673950195313,38697100,382.50964370251074,387.6097759048288,380.1374969060445,387.3033752441406,18973200,106.70047768277183,111.7633826618512,105.58204983332996,110.85466003417967,251064700,0.025150036415139354,0.03760712385635947,-0.017181634879029017,1.037849074952603,-0.0035143939813583017,-5.458397753681117e-05,1.0583011319121427,0.024208937335122416,1,2025-04-28
2025-04-28,Q2,train,208.71620315087387,210.2070331733801,206.19173765225315,208.8553466796875,38743100,470.2345868172972,472.0040665388327,463.2759539267501,469.6182556152344,33550800,387.41210451108,388.183053013966,382.1538550582223,386.6213989257813,16579400,109.53649064316204,110.21553928394424,105.87162103934428,108.5778350830078,207708500,0.08688302165022006,0.02691323726484418,-0.017687232002016273,1.0843223187405961,-0.006452721520287752,-8.884742528314796e-05,1.1164334135181284,-0.05197928039367272,1,2025-04-29
2025-04-29,Q2,train,207.4142395090872,210.94254069563792,207.0961884524305,209.91883850097656,36827600,467.3915381780168,473.60460372916896,466.8149487060188,472.7198486328125,30613100,386.7597585973815,390.51568553400665,385.8504501911824,389.4679870605469,14974000,107.51932238432488,110.04578062718969,107.2896485179105,108.867431640625,170444300,0.10852732646311436,0.020159002043710662,-0.03089650968272184,0.9580735171295848,-0.003380590020639302,-0.0003843057620972577,1.107918288684458,-0.049545381427397395,1,2025-04-30
2025-04-30,Q2,train,208.02050829648644,212.2743425468257,205.40658118436116,211.2009429931641,52286500,464.36947606745446,474.3799741649081,459.697238824554,472.6601867675781,46810600,385.7713570331464,392.0575779640377,379.979364791359,390.673828125,36461100,104.32379376082017,108.76756286621094,103.93434018163836,108.76756286621094,235044600,0.10050355471872063,0.024474546241138005,-0.019490917753419157,0.9518410727515564,-0.0006192407344002853,-0.00022843737619228217,1.0916136598080548,-0.023882706406015197,1,2025-05-01
2025-05-01,Q2,train,207.80185982414437,213.2483553954001,207.62295230903425,212.0159454345703,57365700,480.5532529218463,484.3009628787672,477.8990181556589,478.8334655761719,43316500,426.1078811300293,431.9196612018972,419.96994327038766,420.4641418457031,58938100,112.92174799120272,114.7791455573913,111.14424029465428,111.45380401611328,236121500,0.08796703640642149,0.03273077831118647,-0.04976616237380993,0.8409529615140703,0.008040395691295272,-0.00019357003610050952,1.2122750027437028,-0.0023699701244015436,0,2025-05-02
2025-05-02,Q2,train,204.8301014441782,205.7246085520007,200.9241340864256,204.0946350097656,101010600,483.6647778483157,488.00894827712347,481.9648613296433,485.9412231445313,39218100,426.7305579775838,434.3412277785372,425.0008630376841,430.2294921875,30757400,114.02021557227994,115.23850951002052,113.21135153306962,114.33976745605467,190194800,0.08079301810888728,0.03274432730620711,-0.08991473830454999,1.0517142075165824,-0.021147479033197806,-0.0012746251276328925,1.337333305073532,-0.03390294897087598,0,2025-05-05
2025-05-05,Q2,train,201.85841873478097,202.85230555245,196.99831280299983,197.6741485595703,69018500,481.7362227016212,486.14003597307794,481.2391774925475,483.058349609375,28309500,427.84743296236513,434.4005103334852,427.0962415401901,431.1091613769531,20136100,112.75199823422923,114.50952981770942,112.50234808238876,113.66072082519533,133163200,0.08980990740255887,0.04168339985321088,-0.13447626864514273,1.8785272696579833,-0.042062871092213815,-0.0015695946558632473,1.6036914770792263,-0.08366980391289958,0,2025-05-06
2025-05-06,Q2,train,196.9983091053983,199.42338015596505,195.81558138809012,197.2964630126953,51216500,476.7260205679887,482.1835675083398,475.36412148604,478.5650939941406,32786300,427.1852423209488,432.6510771239263,426.1671945058241,428.2823486328125,15104200,111.32400387233044,114.57943650755207,110.6649237860017,113.38111877441406,158525600,0.08863965427779978,0.04055720018397217,-0.13068996538096467,1.7646203074265565,-0.03840637620422536,-0.0015619959742773294,1.6054713111091403,-0.09739503048653442,0,2025-05-07
2025-05-07,Q2,train,197.95242524507103,198.2207789180717,192.0686174137577,195.0502777099609,68536700,479.2310866723673,482.9291041737698,473.9624196873836,480.4438781738281,38006300,428.80620435216304,433.0365428333408,426.1078693467033,428.3218994140625,23295300,112.8918038042742,117.5153219594032,112.12287705585727,116.89618682861328,206758800,0.09424948817377916,0.04040966078802204,-0.1620210689828523,1.6230819104614778,-0.01553270896433194,-0.0018684702418660822,1.8803911322993832,-0.06631376309459702,1,2025-05-08
2025-05-08,Q2,train,196.5113045675241,198.82706269335063,193.4898801219913,196.28271484375,50478900,485.6430214704163,489.7883921245775,481.3088015351198,485.4044494628906,39577600,432.8487322038109,438.5221520354275,430.6050816589352,433.0859680175781,23491300,118.084515254596,118.51391379663416,115.68787240644632,117.20574951171876,198428100,0.07860003949228633,0.03352110315105894,-0.11502133559695837,1.8267996087331164,0.00039756591473287474,-0.0013514260975025269,1.783772880459415,-0.006478557676740437,1,2025-05-09
2025-05-09,Q2,train,197.78348851905432,199.3140676367793,196.3324070058388,197.3163604736328,36453900,487.3130565449711,488.63521379310254,483.326774588034,485.0863037109375,27767400,434.8947187750956,435.6261229679929,430.8225275981773,433.6394653320313,15324200,117.18577270674557,118.06454606438504,115.0487681449328,116.48675537109376,132972200,0.05559484006765407,0.025618973476768937,-0.04656303091110903,2.3246189758857208,-3.2251207869145704e-05,-0.000363283292967997,1.7034085826685057,0.011413628143349785,1,2025-05-12
2025-05-12,Q2,train,209.95526516858175,210.2538252478288,205.75556156059076,209.776123046875,63775800,503.99391286415016,504.88861854839246,498.51649505607935,504.8488464355469,45090600,440.7657862582039,444.155980926374,434.6772567640601,444.0472717285156,22821900,121.79931583574869,122.82787322998048,120.11167839159091,122.82787322998048,225023300,0.04338850084398489,0.016721985889356007,0.005889401906796654,2.361839872526926,-0.009810947544746674,0.0002492449484010169,1.5358643554167302,0.07064092680766687,1,2025-05-13
2025-05-13,Q2,train,209.4178474798385,212.37356332026263,207.99473291206183,211.90582275390625,51909300,506.151126830997,514.3325026354601,505.4155095627927,512.5431518554688,53269600,442.5844751269483,445.4409573721911,440.1925407492767,443.9287109375,23618800,124.8051066300396,131.03637225526788,124.295818189616,129.7481689453125,330430100,0.06262075259268678,0.03285683468403726,-0.016395799296340052,2.093648116107615,0.01740373617758568,6.4236226375199e-05,1.503998708855181,0.06596833598064933,0,2025-05-14
2025-05-14,Q2,train,211.40822571910564,212.9109724892217,209.56713314477625,211.3087158203125,49325800,513.7161819509431,516.1616058199734,512.7021901958013,515.6148681640625,47014500,442.940276452347,448.6334230518337,442.940276452347,447.6845703125,19902800,133.01358451331882,135.25045513495294,131.49570747587302,135.1505889892578,281180800,0.09755825180795226,0.053065215821859454,-0.01732737405940943,2.1097586998926445,0.03775646709977194,0.00021193940979176207,1.5387212154730845,0.020116595666633152,0,2025-05-15
2025-05-15,Q2,train,209.93535780893237,211.93569971673276,208.53213606160296,210.43295288085935,45029500,513.4676100523011,518.8456125999866,512.125551562593,516.1814575195312,50153300,446.3576953837484,451.7246558325709,446.0210270484144,448.6946105957031,21992300,134.10204362723803,136.10924022234616,132.47433530494334,134.64129638671875,226632600,0.11173216873178955,0.06488694547117957,-0.020309236283054144,2.0876777642963567,0.0012375476214117203,0.000183204397810288,1.4700223521317777,-0.05277836446910911,0,2025-05-16
2025-05-16,Q2,train,211.33858120774948,211.54757782116647,208.7610423595207,210.24386596679688,54737900,517.5830873308704,518.6169801912382,514.0441278903378,518.4281005859375,48394600,447.6251542704443,449.9125407132096,444.3376746324017,449.8234252929688,23849800,136.02937003025397,136.15919297953724,133.27323795943153,135.21051025390625,226542500,0.11482788404377894,0.0676746049504906,-0.03351257422393228,2.030562559913024,-0.0028520356258545303,-6.732421340462728e-05,1.4915894272764527,-0.07077719770245927,0,2025-05-19
2025-05-19,Q2,train,206.90999202317107,208.4724326946764,203.2775387890809,207.7758026123047,46140500,511.2010686059385,519.442117353632,511.2010686059385,518.9251708984375,52536200,446.4666065174048,455.0913410046994,446.3873726676465,454.3783874511719,21336500,132.20473687113784,135.6798627990254,132.20473687113784,135.3802947998047,193154600,0.10066680451324203,0.0675192385730075,-0.07226601198874472,1.6752088602744595,-0.005046482380802928,-0.00078792363198977,1.47052946705133,-0.039166735379753015,0,2025-05-20
2025-05-20,Q2,train,206.67113760639387,207.46729276724128,204.0438362053752,205.8650360107422,42496600,516.4001137065187,517.8515075410328,513.6067220946634,517.1954345703125,42517600,451.13050930908776,453.8535912700005,449.87295142774695,453.6852722167969,15441800,134.10203943343691,134.3916420789913,132.43437861355363,134.19192504882812,161514200,0.07581422306135269,0.05401607740365462,-0.05662036637881673,1.7418634199385261,-0.001099849230879715,-0.0007297650903380539,1.6506324292140642,-0.03318909175492479,0,2025-05-21
2025-05-21,Q2,train,204.1831685508297,206.0441693385156,199.74462882701684,201.11798095703125,59211800,513.2190402211261,519.9092488061895,508.21873667770086,510.0080871582031,71292800,450.12052955644793,453.2991005803846,447.38753565613104,448.1401062011719,19216900,132.87378601013486,137.2077087161811,130.40724144628155,131.6155548095703,270608700,0.031225880498434666,0.033018430658500186,-0.03565739859713202,1.6932447620818412,0.010068200586522177,-0.0007877820272458785,1.4870394257816613,-0.049826296344177456,0,2025-05-22
2025-05-22,Q2,train,199.74461200022,201.77479312617928,198.7394602788173,200.3914794921875,46742400,510.6245069423915,514.6506220653856,509.2725584046473,510.9625244140625,55607200,450.4967994491365,455.7449090739042,449.4570590917957,450.40765380859375,18025600,132.04495280891254,134.0621302833829,131.36591171623223,132.6441192626953,187344000,0.004106999059566685,0.01817030827777526,-0.04221042036812994,1.6427613744675111,0.009352842158806305,-0.0008514880638162403,1.5274387201476205,-0.03750424189099422,0,2025-05-23
2025-05-23,Q2,train,192.738469754576,196.74908474491085,192.52948833207407,194.33078002929688,78432900,503.18864625765127,508.81520128108224,502.5921859799972,506.2305603027344,58368100,445.5754438212613,449.2491205375805,444.5159101158957,445.7734680175781,16883500,129.81807417545411,132.49431639064062,128.97925335315108,131.10626220703125,198821300,-0.015055291040771367,0.013517184575864528,-0.05600973372626111,1.6704815437410692,0.00769667329841993,-0.0012214151763571001,1.5726352923691795,-0.03978681216940805,1,2025-05-27
2025-05-27,Q2,train,197.34620772495165,199.77447409530296,196.4803819774073,199.2470245361328,56288500,513.099785560271,518.6269257716245,511.5490069592283,518.1397705078125,47226300,452.0118507212909,456.43809825868186,451.6553587930952,456.1806335449219,20974300,133.96224703921547,135.47014350181522,133.1234263008756,135.31036376953125,192953600,-0.00918268702517604,0.012892842223290235,-0.04277290859846,1.4819151221341034,0.0011932609171179387,-0.0008296685448179032,1.4990156897506213,0.006041718009881292,1,2025-05-28
2025-05-28,Q2,train,199.6252046868552,201.7549111726597,198.9385209981625,199.45602416992188,45339700,519.0941399870436,520.5852756508032,515.326559052752,515.8434448242188,46637200,456.7054113344306,457.9926743719098,452.45739496057166,452.8831787109375,17086300,135.83963178227697,137.0579256739289,134.60136161311598,134.621337890625,304021100,-0.00665922720393739,0.011882809198924283,-0.031848124025109836,1.4352628691689382,-0.00048037479051244445,-0.00036961159062467183,1.4201604073896403,0.01653250088842384,0,2025-05-29
2025-05-29,Q2,train,202.60079553265004,202.8296849960031,197.55517460719432,198.98825073242188,51396800,523.2196247969079,523.3687019543887,514.2628604553026,516.857421875,58513300,457.0321797296883,457.2005290082406,450.8532686393741,454.1902770996094,13974800,142.05093948600498,143.28920975153582,137.71701641280157,138.99522399902344,369241900,0.01521750281340386,0.015571859344203864,-0.04537471200608456,1.5687707778781093,0.005747869888852186,-0.0002732299182034374,1.4624259781423457,0.00802249212759909,1,2025-05-30
2025-05-30,Q2,train,198.41106448584637,200.98861863398105,195.8335255231089,199.8839569091797,70819900,516.370303138387,517.6029654866918,508.9046747674079,516.042236328125,67662800,455.2200705832806,457.1608768265464,451.0809934148865,455.8537902832031,34770500,138.52585950975748,139.42459384487097,132.73397369059805,134.94088745117188,333170900,0.02031806215106131,0.013680239296537722,-0.017236074314742056,1.642877973204369,0.0017702349280711597,-0.00013930922991551114,1.4820469377419776,-0.006355706861006505,1,2025-06-02
2025-06-02,Q2,train,199.31670530145792,201.15781336810343,199.1574712143689,200.72987365722656,35423300,514.18335129797,520.3566750351536,512.9208369697641,520.1181030273438,44762800,452.6653804963421,457.5867035205711,452.41782757710985,457.4480895996094,16626500,135.30038976970178,137.9266987725352,135.21050414256473,137.187744140625,197663100,0.03423344724764978,0.014365998128458624,-0.0033588684827745574,1.723753041465894,0.002641192539286063,6.163364913860663e-05,1.2793944484333397,-0.014605519319914162,1,2025-06-03
2025-06-03,Q2,train,200.3815341795081,202.78989241693247,199.99341064507595,202.29229736328125,46381600,520.4659496294596,525.6153304447355,519.6010958649408,524.183837890625,44070300,456.95294554827,459.59682380087423,456.3489007620485,458.4382629394531,15743800,138.5857816307834,141.801276586457,137.75694135463797,141.02236938476562,225578800,0.02981793237052306,0.013386130233573,-0.00829763588321697,1.678693342547868,0.006644275766662189,4.406426824114511e-05,1.280657259472798,0.020652431208862176,0,2025-06-04
2025-06-04,Q2,train,201.93404589483336,205.248031062868,201.1279442674136,201.844482421875,43604000,524.8896842213366,526.708886650537,522.8617009643712,525.6452026367188,41359300,459.4582306475514,461.1316908447896,458.4878122988585,459.3294982910156,14162700,141.99100090060617,142.19071794379053,139.3447005567539,141.72137451171875,167120800,0.03731194530714184,0.02002877359590325,-0.021512515320371572,1.6240728361391383,0.0006650383657142346,-8.726624212448005e-05,1.4282876060946732,0.0015215829695451877,0,2025-06-05
2025-06-05,Q2,train,202.521183994692,203.765171611367,199.1872911078447,199.6649932861328,55126100,527.0468212855055,529.8998557728775,519.5712423411791,521.6886596679688,61031200,460.4087959802116,465.0528909924181,459.487906406924,463.1021728515625,20131700,141.97102431113476,143.79846496522654,138.63570246128648,139.79408264160156,231397900,0.02777289638217384,0.01309824670822184,-0.009283525186879249,1.6860983758999575,-3.780559346344866e-05,-6.370675514342559e-05,1.3323135834964421,-0.019479968400053504,1,2025-06-06
2025-06-06,Q2,train,202.0236053289331,204.7106157617459,201.07817770068,202.93917846679688,46607700,526.8679353376542,528.6572860020211,525.0885352856423,526.7883911132812,42467000,465.4886174973397,468.7068055435685,464.1914425792919,465.7757873535156,15285600,142.31057053380505,143.0695167658335,141.3119699021351,141.5216827392578,153986200,0.03237153826648735,0.015188387882980558,-0.019981888737040765,1.7470418086426187,-0.0010842311330341186,-5.090328250930902e-05,1.4251714242751998,-0.01541112212740825,0,2025-06-09
2025-06-09,Q2,train,203.4069099948636,205.0091667110405,199.05793398755327,200.4810485839844,72862600,527.0071545180014,529.2040557008712,525.8838273941709,527.5638427734375,33688700,465.1024554626714,468.7959258262165,464.03300988597726,468.1225891113281,16469900,142.98961854621228,144.7970831461155,141.74136782943543,142.43040466308594,185114500,0.031372088395866894,0.016219609477629147,-0.03201465768596479,1.2976176728717492,0.0014157905012115648,-0.00012666621737654227,2.0276798778248333,-0.009774488380478563,1,2025-06-10
2025-06-10,Q2,train,199.63513956616535,203.36710243054736,199.605285078082,201.69517517089844,54672600,528.0309052999579,531.7389032205542,525.7644110626619,531.052978515625,40664800,466.5778321078869,468.172058367284,462.3892259287077,466.31048583984375,15375900,142.49031793007975,144.088069701399,141.33193761060437,143.758544921875,155881900,0.03364209131341402,0.019459614077791176,-0.02123890412798568,1.3605029643122857,-0.0027414145070040986,-0.00012523989484767152,2.13032661067098,0.005199162873784635,0,2025-06-11
2025-06-11,Q2,train,202.5212126953003,203.5164029296752,197.4556980468273,197.82391357421875,60989900,532.4546012685898,533.6077799068673,526.9771544229022,529.2635498046875,53701000,465.4192790589967,470.81594475736864,465.0628173622344,467.9938354492188,16399200,144.4176611881815,144.79716064315863,141.6813000562032,142.64002990722656,167694000,0.024600473353161467,0.011563020243154698,-0.0325917085144678,1.33942901401211,0.00047952397674419977,-0.00017458246921367595,2.114927432300169,-0.02885596811658475,1,2025-06-12
2025-06-12,Q2,train,198.12244911144165,198.71955406677787,196.410720905765,198.2418670654297,43904600,527.9515275399644,531.4805365276557,527.703004925698,530.5062866210938,34104900,470.3702965389571,475.7174632765806,468.88497916047487,474.1826171875,18950600,141.78117540604916,144.80714416503906,141.66133988719625,144.80714416503906,162365000,0.024255277890743,0.01098369172549205,-0.037021016151660424,1.633031549093742,0.001002720089123246,-0.00015238486560406063,2.4681786308207854,-0.029119057527768666,0,2025-06-13
2025-06-13,Q2,train,198.7693188209708,199.4062398916536,194.758703844025,195.50509643554688,51447300,524.5616021772432,528.7268432784747,522.6231138097035,523.8458862304688,55814400,471.746732054574,474.4896074244908,468.13246560456287,470.3109130859375,16814500,142.29048989356696,143.3890329315276,140.6626682408541,141.7811737060547,180820600,0.019310865090800954,0.012957469312439174,-0.04241721504880536,1.3601740843393149,-0.0009277017274871168,-0.00024617948057408364,2.341959742738309,-0.035388849239448406,1,2025-06-16
2025-06-16,Q2,train,196.35101387226533,197.73432753277092,195.6145677161257,197.4656219482422,43020700,527.3650479728419,532.2062642001805,527.3153555791812,531.1326293945312,37622100,470.5584575569121,475.98482813726486,470.3505215770748,474.4500122070313,15626100,143.159329390418,145.98555166191812,143.00951976951112,144.49754333496094,183133700,0.01984516737657114,0.010284012159604995,-0.029055915366173357,1.2632509995710341,2.6989275149363568e-05,-0.00017312981700105673,1.8439488837393916,-0.007388581954179463,0,2025-06-17
2025-06-17,Q2,train,196.2514839890114,197.43576263348731,194.27106541566712,194.6989898681641,38856200,528.5678317630843,530.1782533672921,524.7902396796701,525.953369140625,42180900,470.7466055851971,474.0539088222925,469.4395189734987,473.36077880859375,15414100,144.29781716982143,145.02684191909495,143.58875484653294,143.9282989501953,139108000,0.011227284446531694,0.006864907822806443,-0.04283699333638946,1.2435352869991412,-0.000565516412555929,-0.00016851147578883315,1.8332757994859148,-0.004300163771134291,1,2025-06-18
2025-06-18,Q2,train,194.9975546383106,196.6197193940347,194.13174409281177,195.6344757080078,45394700,526.9673174269449,529.4028511373086,524.2833217813045,525.8638916015625,43983500,473.3211507460615,476.2917855833799,469.8157931767449,475.5392150878906,17526500,143.81845298832403,145.45627108510786,142.9296373487004,145.2864990234375,161494100,0.015862450125921846,0.008958216766443594,-0.02840575953627411,1.054300377142865,-9.025584268821896e-06,-3.285235197144732e-05,1.5663926449885117,-0.002869703037508442,1,2025-06-20
2025-06-20,Q2,train,197.28649906078425,200.7298484455588,195.9131318065836,200.03321838378903,96813500,529.1146401876316,530.4069457539052,521.7782471531975,523.7167358398438,61643500,477.50979012623617,478.72773115460745,472.2022397987241,472.72705078125,37576200,145.2565234707711,146.00552584195606,142.46024490398213,143.65866088867188,242956200,0.008048566926675948,0.008644693785793111,0.014536568515993442,1.8210617159584992,0.004253067204649813,0.00015359113652289869,1.5276425787248609,0.021584963734967877,1,2025-06-23
2025-06-23,Q2,train,200.6602023375907,201.3269779408771,198.00304635957568,200.53082275390625,55814300,524.2849177292203,529.6192118620138,521.1400908129034,529.1017456054688,50666100,473.52910172023695,482.97572926336846,467.8849134818946,481.2428588867188,24864000,142.31046402404658,144.58743022935184,141.84108794116847,143.97824096679688,154308900,0.012483411931055732,0.007438818566754257,0.0063362360931810136,2.1301016668955386,0.012605720312098523,0.00011366304023657266,1.3026810294356623,0.02610078383691472,0,2025-06-24
2025-06-24,Q2,train,201.61557243039425,202.46149014710028,199.23706853700068,199.3365936279297,54064000,534.3165868287479,538.1083222601969,533.6995634797794,537.1927490234375,45442000,484.1640031375646,487.0356109071577,482.0350238939456,485.3126220703125,22305600,145.36637857516104,147.76319531946535,145.3064608232896,147.70326232910156,187566100,0.014557194387900107,0.008067768803238584,-0.013065299235557992,1.4849689512355306,0.00943698772025385,-2.0015331906606925e-05,1.4138305576497265,0.03288606162163643,1,2025-06-25
2025-06-25,Q2,train,200.48105886821315,202.690382284235,199.65504919597095,200.5905303955078,39525700,539.4618726543914,540.7058813321303,536.7947253384327,538.566162109375,44804200,487.223778215148,489.7191008453804,484.5997232276066,487.4515075683594,17495100,149.0714471780808,154.24454949233478,149.06145072732096,154.104736328125,269146500,0.03689013438311366,0.015513917768407248,-0.019976425926747865,1.3448888594617452,0.0013354778186260273,7.137404758081641e-05,1.467445125956664,-0.0031999399499311743,0,2025-06-26
2025-06-26,Q2,train,200.4611428555203,201.66532960796235,198.50063224789568,200.03321838378903,50799100,540.7456895311693,544.0497840014915,538.9245044882573,543.6019287109375,43811400,488.15453290095326,493.1650012559548,487.9861836300842,492.5807800292969,21578900,155.77252682686714,156.51154803915952,153.79516469048193,154.81381225585938,198145700,0.049485710150455595,0.023132304205693854,-0.028221672324169722,1.2576911810207303,-0.001296888533403395,-0.00013149235450325545,1.529363267362468,-0.02402476216744509,1,2025-06-27
2025-06-27,Q2,train,200.91894034324127,202.24254507531293,199.03803155248616,200.1128387451172,73188600,544.6369129629151,547.3538082383178,541.9299187322695,545.4629516601562,57577100,492.6797975508017,494.4126679494895,488.2040517426954,491.0855712890625,34539200,155.83244416127852,158.4989061985097,155.05348286000648,157.54017639160156,263234500,0.06707200854445898,0.03363826894816122,-0.06733387051024786,1.13330500808937,0.0014281306078459681,-0.00048645485152056173,1.5671900440815794,-0.02445978474909749,1,2025-06-30
2025-06-30,Q2,train,201.03834688076608,206.39247448465787,198.30157410241037,204.1831512451172,91912800,548.6177271894713,550.150323841353,546.3785118204822,548.9959106445312,45548700,492.174794746513,495.8583832017286,490.4815111095117,492.5411682128906,28369000,158.18928922556665,158.4489531245615,155.7525477292889,157.77984619140625,194580300,0.070530246536635,0.033058756615585196,-0.041454857821602076,1.2978909186683907,0.005214886683213116,-0.00020325855127826476,2.4637716603238413,-0.009495061462433618,1,2025-07-01
2025-07-01,Q3,validation,205.6759415551798,209.17901505124104,205.1484920031366,206.82041931152344,78788900,547.0950210069877,548.0703649871544,542.0493151839511,544.3681640625,56166700,491.61036068604886,493.1748817381986,486.1741086010328,487.2336120605469,19945400,156.0820975676339,156.99089075003695,151.288494680634,153.09608459472656,213143600,0.05870272973181421,0.032323202913529234,0.017308939273431245,1.4656037261220962,0.006933415053758064,0.0002598778926626059,2.38033614242928,0.01853514520081312,1,2025-07-02
2025-07-02,Q3,validation,207.90517762155156,212.3138626915596,207.13887695509675,211.41819763183597,67941800,543.5421378206258,548.3589656247289,543.5023514145969,548.159912109375,36538300,485.1937811955959,488.6694336459704,483.9164299655294,486.2830200195313,16319600,152.77652287552658,157.3903883520798,152.76654166200262,157.0408477783203,171224100,0.0353404399542552,0.025331858377060645,0.045651172649257776,1.5335363439440064,0.006454896973668241,0.00040023869859380967,2.500399567070033,0.03712915014982454,1,2025-07-03
2025-07-03,Q3,validation,211.1295823572572,213.6175577099725,210.7912213537831,212.5228576660156,34955800,550.528547956803,554.5292991491806,550.528547956803,553.553955078125,26443500,488.9764203666982,495.2345653483035,488.6100468852986,493.9571838378906,13984800,158.15934077500395,160.76586971787668,157.56014800239086,159.1280517578125,143716100,0.017860781990717035,0.016126099589508214,0.04710705201573051,1.5881082829531783,-0.0028519479772217225,0.00043118742494608486,2.5682182984471984,0.03943469155186574,0,2025-07-07
2025-07-07,Q3,validation,211.65703516300363,215.18996325511677,207.7957076824449,208.94017028808597,50229000,550.8668816007689,551.682958457329,546.9457644201566,549.384033203125,45349300,492.5114761959092,493.86806132382594,490.3825271883607,492.84814453125,13981600,157.98955517353815,159.09807923203843,157.13069855849747,158.02951049804688,140139000,0.010911417337212926,0.009325548593613653,0.04076415634136599,1.940063055919724,-0.003981871853534097,0.0003303874175318883,3.102169169582532,0.005304883207336797,1,2025-07-08
2025-07-08,Q3,validation,209.08945658408672,210.4130461204056,207.4473837253886,208.9998779296875,42848900,550.7276203014773,551.3546055319305,548.4585193260065,549.692626953125,36153300,492.37280697303856,493.3234318678901,489.2734398258723,491.7588806152344,11846600,159.11806346268276,160.00687898854957,158.17931139836438,159.78717041015625,138133000,0.009803236839185136,0.007889657241253522,0.018023204902468004,1.8259825194175727,0.006301191424481394,0.00023253819181829024,2.603455642194186,-0.01974107054751706,1,2025-07-09
2025-07-09,Q3,validation,208.52219391164948,210.31353924447487,206.22330706177223,210.12445068359372,48749400,551.8222657361728,554.957191559505,550.448875446199,553.5838012695312,43045500,495.40288075164045,501.8194631786975,494.8483646402868,498.58148193359375,18659500,161.0055497766517,164.2012901564699,160.9456320255445,162.66334533691406,183656400,0.020509087327905483,0.010412635475572451,-0.026915776203019104,2.1793303582139254,0.004835063720708494,-8.133916047561041e-06,2.8020619769179542,-0.020499519003909894,1,2025-07-10
2025-07-10,Q3,validation,209.49748097232364,212.45319704499605,209.0197939340788,211.3883514404297,44443600,554.2208201829343,554.6288283109999,550.1006487780387,552.7877197265625,34710900,498.12592881176073,499.50233742843255,492.877819466512,496.5713195800781,16492100,164.10143771292147,164.28119097215313,161.3950357038234,163.88172912597656,167704100,0.032016255090194304,0.014986257133549553,-0.032500260850957585,2.4073248494485364,-0.002083018451854166,-6.524742999104752e-05,2.6321829080763255,0.008921030679593267,0,2025-07-11
2025-07-11,Q3,validation,209.55718962168865,211.1096837700706,208.8505979590809,210.14434814453125,39765800,550.6479296881262,553.1259849885996,549.4039211443059,551.5436401367188,39618600,493.5907782355643,500.0865639242522,492.9273231662245,498.393310546875,16459500,163.50223698698784,167.66668863474402,163.25256951238498,164.7006378173828,193633300,0.038580560868644344,0.01730404005262538,-0.03319193204870852,2.378009128596205,0.0007345884406100924,-5.874771457867323e-05,2.5973446992298204,0.005422019838128289,0,2025-07-14
2025-07-14,Q3,validation,208.92024318716173,209.8955403849565,206.54173953773957,207.61654663085935,38840100,551.3346156245823,554.2804496744797,548.9859421113066,553.5440063476562,36453300,496.61090454240406,499.0369350196072,496.1257105345073,498.0962219238281,12058800,165.15003478890583,165.2698855378492,161.80449980139463,163.85177612304688,136975800,0.031097587216895883,0.014819693474820417,-0.030080625266944327,2.823838690516566,-0.0016813149187824635,-9.962535434689483e-05,2.0255127322582456,-0.018130786602399418,1,2025-07-15
2025-07-15,Q3,validation,208.2136890556617,210.87084499335575,207.9151289669034,208.10421752929688,42296300,557.5646843377589,558.112036002509,553.9918647207423,554.0515747070312,43277700,498.0962248562551,503.3245408608939,497.8684955298327,500.8688354492188,14927200,170.96229989605533,172.17068192225182,168.97494134085255,170.4729461669922,230627400,0.0351226140816737,0.019887227280656238,-0.04698560990741141,3.030518903807596,-0.004511691186312951,-8.27366149087813e-05,1.9162998976803256,-0.018903381607087155,1,2025-07-16
2025-07-16,Q3,validation,209.28849593835915,211.37838618562168,207.63647661047767,209.149169921875,47490500,554.6089344039383,557.5248833529374,548.9163193085661,554.6188354492188,52314700,500.2351418346736,501.760076321519,496.97736708309617,500.67083740234375,15154400,170.83247408910898,171.52155877211666,168.67534340451817,171.14205932617188,158831500,0.03754285742861172,0.02422427091274071,-0.03279889639674449,2.746468996004508,-0.0005501038970417812,-4.297313778612976e-05,1.5852494238387589,-0.004663802742913448,0,2025-07-17
2025-07-17,Q3,validation,209.5571995447156,210.78127919114968,208.5819022531988,209.0098419189453,48068100,555.3453881761403,559.6148040205102,554.5392729959415,559.1072387695312,40423800,500.7302212088446,508.34495123446135,500.6708109272005,506.6913146972656,17503100,171.7911900263939,173.92834287299638,170.60277047944578,172.76988220214844,160841100,0.042962243081817064,0.025763063697467014,-0.04855930226215266,2.1287038760201074,0.001114360043921384,-0.00015158399371739396,1.4378949412076607,0.004424577070428537,1,2025-07-18
2025-07-18,Q3,validation,209.8557390930104,210.77131219576944,208.69136845628208,210.16424560546875,48974600,560.4208944407413,562.0231629422733,557.2959302535468,558.56982421875,50484700,509.4440336050126,509.60250130270686,502.463054063605,505.0574035644531,21209700,173.40903901870553,174.01822826089457,171.03219980516573,172.18067932128906,146456400,0.0377900279804245,0.022642296870928558,-0.029298883492120176,2.1045110316051208,0.0001880739787271122,-6.445656582192975e-05,1.3716015545158176,0.004323405693170912,1,2025-07-21
2025-07-21,Q3,validation,211.07984586548804,214.74213848423943,210.61210526026528,211.4580078125,51377400,559.3958338406302,563.3467757995568,559.365948479278,561.4658203125,39595200,501.7501372202775,507.0775109565722,500.6014880788464,505.0673522949219,14066800,172.52022673163836,173.1493936504508,170.7725543913757,171.1520538330078,123126100,0.038291398423019894,0.022730995254818163,-0.010772179615073041,2.1488493250044782,0.0008971465718849777,2.1409043866509608e-05,1.5138962821859727,0.000988984187949793,1,2025-07-22
2025-07-22,Q3,validation,212.1148250502387,213.91611676733493,211.20919838168209,213.36875915527344,46404100,561.5952444003194,561.6449925970527,555.9325146805868,558.5598754882812,43270600,505.968437121084,506.1961966744728,500.32421875,500.32421875,13868600,171.1120799535818,171.16201649130318,164.36107758832912,166.8078155517578,193114300,0.019101704210475457,0.02080653827214507,0.03659118233290526,2.596377552561254,0.0004964903664473944,6.725555754629534e-05,1.399935276329178,0.012700155399818946,0,2025-07-23
2025-07-23,Q3,validation,213.96589762082587,214.11517007989065,211.38835859165647,213.11997985839844,46989300,559.6447408565938,561.1474524289769,556.8979597699224,561.107666015625,40215300,501.78972599996087,501.8293429250601,495.79895793496456,500.9183349609375,16396600,169.30451898143798,171.03221376466186,167.7465962646817,170.5528564453125,154082200,0.006835901592400129,0.014150292964429757,0.020459759471017025,2.6369365296351432,0.0005715439258661834,2.833525132522005e-05,1.5420595891127542,0.0017185370434900094,0,2025-07-24
2025-07-24,Q3,validation,212.87118332406595,214.65258233290425,212.5029677996749,212.7318572998047,46022600,562.4212388074466,563.5259038068097,560.590031519654,562.3018188476562,42275500,503.7900015885669,508.6420329312165,502.3343891638857,505.8793640136719,16107000,172.21065238052367,173.5988030318276,171.07216922217725,173.50892639160156,128984600,-0.004425180593951738,0.009148474273022256,0.01647026476874025,2.5183998154549037,-0.0002769851746655043,4.818379186822472e-05,1.6853992464487164,0.007003120236649729,1,2025-07-25
2025-07-25,Q3,validation,213.6673206036272,214.2047317845148,212.3735703810196,212.8512725830078,40268800,562.2222340881906,564.9789766749151,561.5654242523398,563.6553344726562,30630800,507.4537883180946,513.216827976129,505.364456023215,508.68170166015625,19125700,173.3790803717594,174.4876045602178,172.72995103806022,173.26922607421875,122316800,0.002986732978327922,0.013223776062199688,0.006036301212506312,3.1394416352301393,0.0001325928010739021,1.1809642761580102e-05,1.7617933949281914,-0.006968779400307712,1,2025-07-28
2025-07-28,Q3,validation,213.00055398053095,213.8166172208377,212.03521828670327,213.0204620361328,37858000,565.0187630549528,566.3125198933016,564.1529379000713,565.4168701171875,31498700,509.0480107678364,509.9589885432546,505.12675096242896,507.48345947265625,14308000,173.78854323017163,176.7645753161742,173.73860668662087,176.51490783691406,140023500,0.010831480283362982,0.01584941200377581,-0.01066983743200467,2.356148423912436,1.824912355572892e-05,1.0958300390151036e-06,1.5974481774691573,-0.0019559139205247433,0,2025-07-29
2025-07-29,Q3,validation,213.14982178903043,213.7767964509494,209.80599741985404,210.2538299560547,51411700,568.0243008153843,569.3678058353573,563.8145950597007,564.5410766601562,45463300,510.4838436674275,512.5533521818816,506.5526719682665,507.55279541015625,16469200,177.72328828972238,179.14139760883538,174.7871965738649,175.2765350341797,154077500,0.02294550585141708,0.012836765382857407,-0.04720735913050522,2.438563674372891,-6.667735813826095e-05,-8.170248621933106e-05,1.8073404469357457,-0.020771089214174587,0,2025-07-30
2025-07-30,Q3,validation,210.88077731884883,211.3684259373732,206.720889966108,208.04449462890625,45512500,565.4566306884598,567.88493787487,562.3416283337683,565.2974243164062,43433800,510.12728763864055,510.8996816885534,504.4533945708925,508.2161865234375,26380400,176.27521653092245,179.65072563032518,175.80584046425426,179.03155517578125,174312200,0.03294365887096442,0.01941931242547843,-0.055956140228369367,3.3194644119727243,-0.004552175989340556,-0.00010780364973992897,1.9659309922740345,-0.03026261794523566,0,2025-07-31
2025-07-31,Q3,validation,207.48719786288635,208.8306954413449,206.16359315375277,206.57162475585935,80698400,571.7861083195327,571.8757036606775,561.1672684870435,562.3018188476562,64613600,549.7952354974353,550.0131135040644,526.6936395202101,528.2779541015625,51617300,182.65671589592668,183.05619299307685,175.69598557745124,177.63340759277344,221685400,0.03933044245011794,0.023914558278678853,-0.06298150767426303,3.443976041296883,-0.024255303249291843,-0.00010643384138321333,1.4641385279184052,-0.034255628960761064,0,2025-08-01
2025-08-01,Q3,validation,209.8557561748323,212.5527283441607,200.530828701964,201.40660095214844,104434500,556.1514446022372,556.3405363278684,549.0356915374143,551.2251586914062,69400800,529.7632164041114,530.5553736121248,515.7616096000787,518.9797973632812,28977600,173.85844036702034,176.3051785902702,170.66269971388826,173.4889373779297,204529000,0.030705522001786577,0.026050782611042635,-0.0645247511248992,1.7087287123534611,-0.04275661974190106,-0.0002889818487069343,2.1914029898669076,-0.044992087836078,1,2025-08-04
2025-08-04,Q3,validation,203.5263267271778,206.8801277700508,200.70993685491413,202.37191772460935,75109300,556.3704570702163,561.6152173589087,556.2709606680011,561.396240234375,47669800,523.0990575737549,532.9813491761439,522.9604134562841,530.3969116210938,25349000,174.9270158880054,179.96030526461158,174.28786778877773,179.7605743408203,148174600,0.030636102512097762,0.02959502807136354,-0.08175767523086352,1.6726521093398707,-0.02786667637147007,-0.0003835761965268649,2.3481844876727167,-0.021756871474744588,0,2025-08-05
2025-08-05,Q3,validation,202.42165671427043,204.35232790405936,201.18763073057525,201.9439697265625,44155100,562.6799876518158,563.8443626007596,557.047083143738,557.5845336914062,48666600,531.9218555369729,532.0406760929504,522.0791498987046,522.5841674804688,19171600,179.38107983649965,180.0202279532499,175.6660266458598,178.02288818359375,156407600,0.02621994425350773,0.030813261116986145,-0.06216502757209286,1.3389815451389813,-0.017787541486821715,-0.00026743565584996,2.211189094279026,0.0011849736648629206,1,2025-08-06
2025-08-06,Q3,validation,204.64097466073488,214.3440795363061,204.601158547166,212.2243194580078,108483100,558.4205125100245,565.0386624956789,557.9428326498341,564.6007690429688,41823700,525.70337986457,526.4955370830186,518.9006307843745,519.8016967773438,21355700,176.09546439011424,179.66070799076476,176.01556896990587,179.1813507080078,137192300,0.026630685807047194,0.030224473394051165,0.008274453748871924,2.2358629628845597,0.02764375207580103,0.00021323162585032136,2.4734904699353986,0.06061196164609495,1,2025-08-07
2025-08-07,Q3,validation,217.82723230897545,219.78775818606877,215.53829184895108,218.97169494628903,90224800,568.9298809926769,570.5719965866228,562.4013265086303,566.5115356445312,44463000,521.6434435727333,522.9208551796034,512.483986539974,515.7418212890625,16079100,181.32851054269395,183.6354356942093,178.5621905082108,180.52957153320312,151878400,0.012497724230416552,0.029678310049313338,0.06374095582359895,3.289027158360731,-0.015717721873894117,0.0005791758348108106,2.762832594963192,0.09041533085626352,1,2025-08-08
2025-08-08,Q3,validation,219.7678474336444,229.88892965735025,218.1954451401473,228.2468719482422,113854000,567.7157577691117,572.0150586353669,567.4172078636645,571.7960815429688,35255500,517.4845698020915,519.524403327164,514.3257923084495,516.9300537109375,15531000,181.3085211979325,183.05619350177665,180.16004168373897,182.4569854736328,123396700,0.012852271939714232,0.030281177670008375,0.10939272261480681,3.696740866400959,-0.06371731651094523,0.001110342525389975,2.8674999097002174,0.10598327601399982,0,2025-08-11
2025-08-11,Q3,validation,227.08116933177635,228.71513292468896,223.9327956372812,226.3438873291016,61806100,571.9354554685915,574.0353274481827,568.8304148017489,570.104248046875,33112900,517.1875615378566,522.4258201385037,514.6327984158801,516.6627807617188,20194400,181.80785936297343,183.59547178906817,180.01025048518693,181.81784057617188,138323200,0.005044096012742072,0.02651727964089399,0.12567981171165898,3.7250230279678855,-0.030645420232407745,0.0011942251865550242,2.7212247286210274,0.0574195998041751,1,2025-08-12
2025-08-12,Q3,validation,227.1708458950812,229.95058632959717,226.2343181614284,228.8048095703125,55626200,572.4031383383943,577.568264258411,569.7459530883017,577.2697143554688,42143300,518.6233183732385,525.7825288027884,517.5836082950698,524.0595703125,18667000,182.7166509044063,184.234618174838,179.22130626788388,182.9163818359375,145485700,0.012630956387359626,0.024504470947302837,0.1178557062868335,3.5939417777866884,-0.01132688751074468,0.0011546105738682582,2.66699329680364,0.01941816976291233,1,2025-08-13
2025-08-13,Q3,validation,230.2195756343437,234.1351043372746,229.5819165003467,232.47125244140625,69878500,579.9667330931853,580.5240464797514,576.165035771658,577.558349609375,41209300,526.9014833945702,527.4857348349631,514.2861971986356,515.484375,19619200,182.3770937521473,183.72530422356277,179.11145412417423,181.3484649658203,179871700,0.003977505828266415,0.018914700315345635,0.09350904299437152,3.318155149938511,0.00019238242075987874,0.0008797974112634559,2.42154994461547,0.008760386278352073,0,2025-08-14
2025-08-14,Q3,validation,233.1985666998313,234.25466305951576,230.0003892485326,231.92327880859372,51916300,575.5083270283026,579.091047893356,575.1400445589929,577.110595703125,45425000,517.445017549053,520.8018496782777,515.0487221853349,517.3657836914062,20269100,179.51090820642335,182.7765629312542,179.22130065055427,181.77789306640625,129554000,0.00887620066905257,0.01284911116590719,0.054115514260161146,3.2049531835663014,0.0016415478456010659,0.00048171830358172905,2.804663284768806,0.005659844725553587,0,2025-08-15
2025-08-15,Q3,validation,233.1387895567921,233.417757832359,228.4959365092947,230.73765563964844,56038700,577.0209239007323,577.060771050305,572.811218330625,574.57275390625,49480200,517.6530169939211,520.9503786133035,513.9991332111027,515.0784301757812,25213300,181.6380820439347,181.658044469753,177.8031781362909,180.20997619628903,156602200,-0.0003280840055186696,0.006172068349510851,0.018861295807661604,4.903651617883435,0.0019615619911307358,4.307004001060022e-05,2.172958257067488,-0.0016299116291429439,0,2025-08-18
2025-08-18,Q3,validation,230.8472538899505,232.26202593201924,229.26310933608104,230.0402374267578,37476200,573.67703945311,575.0006815724842,572.4827790837365,574.3438110351562,29831000,516.4844919382945,517.7024328589179,508.9885829187347,512.0383911132812,23760600,180.359785616326,182.69666946783065,180.3497891649352,181.7678985595703,132008000,-0.0029375820186401834,0.003821075781857264,0.020943272476558694,4.382908084992665,-0.002409661484448138,6.746063503836337e-05,2.2288504236007127,-0.022746861885432512,0,2025-08-19
2025-08-19,Q3,validation,230.4287923573085,232.01293684851592,228.50590285589897,229.71144104003903,39402600,573.6272360152775,573.7964041556768,565.5262384524466,566.5513305664062,53752600,509.9589996924715,510.1174069638556,503.5721224631474,504.7801818847656,21481000,182.1873495042791,182.25726371442747,175.25659293377495,175.40638732910156,185229200,-0.020682833806876057,0.00538470726960647,0.042885229463084706,3.4988680315854057,-0.0029046170367854444,0.0002182721958119109,2.147708304168819,-0.004865012926027257,0,2025-08-20
2025-08-20,Q3,validation,229.13358225147155,229.6217843388592,224.939085159242,225.17819213867188,42263900,565.6059676042936,565.7253875756548,556.1614636230435,563.1876220703125,76781100,504.87920872605446,505.9981527246316,499.5023667236012,500.7698364257813,27723000,174.93701244991922,175.76591033294957,168.57548977611862,175.1667022705078,215142700,-0.03006139578589433,0.0047701554619637545,-5.546501801217962e-05,2.9648627605374815,-0.006145404516761882,-7.87049278215379e-05,1.768207170787859,-0.01852856701229677,0,2025-08-21
2025-08-21,Q3,validation,225.43723377620464,225.6863136691638,222.95639256938463,224.072265625,30621200,561.6450181787756,563.774775630925,558.2911756152315,560.5802001953125,46436900,499.57962247206007,503.48747238505433,498.6175369804135,500.1251220703125,18443300,174.61742144674352,176.66468235557974,173.57879631630271,174.7472381591797,140040900,-0.042667720273475915,0.007525671912832377,0.0021487829708462525,2.632760779176261,-0.006081306769296153,-5.97096521064151e-05,1.5545989275536494,-0.007646385662126054,1,2025-08-22
2025-08-22,Q3,validation,225.33760837029212,228.2468598588307,224.58041092619504,226.9217529296875,42477800,561.9634564557491,571.238791941298,560.5702032580724,569.2284545898438,51502100,500.135066677745,506.5621975190336,498.3100856343386,503.09075927734375,24324200,172.38040151215634,178.35244288234992,170.97227338198675,177.7532501220703,172789400,-0.03427447610422636,0.010402602476821477,0.0019151897086988612,1.7019083160657504,-0.001967733749389721,-8.108787020037263e-05,1.2008514279439013,0.007670637467511732,0,2025-08-25
2025-08-25,Q3,validation,225.6464693442017,228.456098045362,225.3973894325087,226.323974609375,30983100,567.6659983001664,570.5420998652211,566.4318908111547,567.5863647460938,34044700,502.4956437530773,504.0429109301173,500.00611695670057,500.1449890136719,21638600,178.11278178635797,181.6680441727565,176.33515059315872,179.57083129882812,163012800,-0.028621113884268513,0.013881096788557822,0.0015025478204264142,1.3433727799851694,0.000410507663958709,-5.1935917015928e-05,1.1569981247735903,0.029052399000306317,1,2025-08-26
2025-08-26,Q3,validation,226.0350268937484,228.6453946309622,223.86305742355088,228.46604919433597,54575100,567.0987738406898,570.1739291946637,566.0736815609588,569.8654174804688,34103000,500.2441292309945,500.8590951140394,494.4418926777319,497.9430847167969,30835700,179.82049655621498,182.14739921043056,178.57215920342722,181.5282287597656,168688200,-0.009857325199399303,0.020369659251227846,-0.016099649869398935,1.420219677720496,0.0030994732679396255,-0.000127323385619252,1.394385964931202,0.014883480873584487,1,2025-08-27
2025-08-27,Q3,validation,227.7686378094015,230.050203138926,227.41991984776428,229.6417236328125,31259500,568.8503542214644,571.6567843025553,567.6361701841732,570.7412109375,36927100,497.90339657266526,503.1502356611414,495.82052770461,502.6047058105469,17277900,181.7379436715125,182.24727507184863,178.86178472902657,181.35845947265625,235518900,0.00515886582290972,0.024578087223808297,0.0003162716346657435,1.3501784406384727,0.000935729193695362,6.680636176991101e-05,1.4846692700459174,0.004175942316353876,1,2025-08-28
2025-08-28,Q3,validation,229.9704999102399,232.55096405412047,228.4959359400532,231.7040863037109,38074700,571.3582297430389,575.2295992365423,569.7161747720991,574.3140258789062,46787900,502.9518399416591,506.919197559233,501.3748189208979,505.4810485839844,18015600,180.5794881684096,184.22462699678687,176.17535050737845,179.9303436279297,281787800,0.020071218348163233,0.023239888452215095,0.013874760388449814,1.2958211413796548,0.0052985108617320245,0.00010429813025458436,1.5968227437576807,0.0072081427171521995,0,2025-08-29
2025-08-29,Q3,validation,231.65426265633036,232.52107103838583,230.51845893056876,231.2856292724609,39418400,571.9055458127416,572.273828233091,565.8148847062891,567.666015625,56030400,504.5090702372647,505.44140176386463,500.3730863144936,502.5551452636719,20961600,177.87308356836775,177.91302365652732,172.91967451951007,173.94830322265625,243257900,0.011565881819539148,0.030098284984648928,0.030465966971258307,1.2985104488967854,0.0028905829448467816,0.00023992054084771256,1.697165414262167,0.009683796893141805,0,2025-09-02
2025-09-02,Q3,validation,228.4062708029861,230.00038826150748,226.1346633063032,228.87454223632807,44075600,558.6195355636612,563.2571726003424,556.8580000613789,562.9088745117188,65876800,496.38587753866574,501.87074834041937,492.75574161607386,500.9979248046875,18128000,169.77389508693437,172.15073449446965,166.997593786357,170.5528564453125,231164900,-0.005768738650741523,0.03609714175977119,0.03552665256783055,1.1743720457577231,-0.0011115335723486904,0.00024089622497375083,1.6192893787287825,-0.015193880917989788,1,2025-09-03
2025-09-03,Q3,validation,236.33697373754435,237.9709372370204,233.49745685978084,237.5923309326172,66427800,566.5015849549442,568.9597775003773,564.0135677896833,567.3375854492188,54230200,499.6788070917271,503.6461649084089,498.220801883355,501.22607421875,16345100,170.83246833565184,172.18067877773825,168.6553752976972,170.39305114746094,164424900,-0.024941683846094742,0.03638119151536294,0.06731999830192409,1.4252621825972802,0.0014123637168298225,0.0005217372703000528,1.5242875875633983,0.029272289540795304,1,2025-09-04
2025-09-04,Q3,validation,237.5723998534893,239.0170601981439,235.8687018920251,238.8975067138672,47549400,568.0044307011564,572.8411221194266,566.302665614699,572.472900390625,47526300,500.18467308127,504.00326140342247,499.04406365219614,503.8247375488281,15509500,170.34313981864827,171.6314173426514,169.18467902530818,171.4316864013672,141670100,-0.031193144858018985,0.035530322004913725,0.06645943539292404,1.6616792346424067,-0.0031146192916881297,0.0004220808546226232,1.430037850682873,0.04663425206320293,0,2025-09-05
2025-09-05,Q3,validation,239.1167179897741,240.43186723598092,237.61228077870243,238.807861328125,54870400,577.7076484747704,578.3346336864022,568.7906334517568,573.2988891601562,68342500,504.9157608525771,507.7920894589463,488.3520284612672,490.9605712890625,31994800,167.8065026792569,168.80517258283567,163.8517783946414,166.7978515625,224441400,-0.042137639653154,0.03419331836029595,0.08151512012670159,1.3779151974180073,-0.00259123556748998,0.00034724220266855294,1.165108095063199,0.055548148114716867,0,2025-09-08
2025-09-08,Q3,validation,238.41928864081729,239.2661511981365,235.4701758698508,237.0045166015625,48999500,575.5977945125156,578.0559870759845,575.0006946855148,576.0953979492188,46371400,494.0451377441344,497.1099483047291,490.990285532587,494.1344299316406,16771000,167.32715219255022,170.73262035939155,167.12742125141602,168.0861358642578,163769100,-0.04117632465149388,0.02411159869770003,0.049954730591555974,1.5336768708974593,0.00019708058165629063,0.00010358222905344799,1.435137946416829,-0.010941850261266373,0,2025-09-09
2025-09-09,Q3,validation,236.12775932745956,237.901207105354,232.5011563745861,233.48751831054688,66313900,576.8915995273586,578.155531799883,574.2742003720782,577.7276000976562,44007600,497.33805669614713,498.1513723235736,493.6385148559322,494.34271240234375,14410500,168.86509051949955,170.7525760297424,166.51822538667548,170.53286743164062,157548400,-0.03343327007568795,0.01555010116765807,0.02685559897268225,1.896016295322054,0.0017563567649485925,-6.253172311950542e-05,1.6996531333114107,-0.04110336660755909,0,2025-09-10
2025-09-10,Q3,validation,231.3354573908009,231.56460664903227,225.118417424808,225.955322265625,83440800,580.9420329124574,580.971918274203,575.7769069667078,577.9166259765625,49308000,498.8754600894228,499.1234199731124,492.6665349159027,496.2867431640625,21611800,176.4050468150653,179.05151589898875,175.2366048852674,177.09413146972656,226852000,-0.006633128621603368,0.016808665822933323,-0.06371523764488057,2.5496047191841726,0.002070473892387485,-0.0006838583928074896,1.887912412585735,-0.06925626770493676,1,2025-09-11
2025-09-11,Q3,validation,226.04500979013488,229.60186307827533,225.81584532196928,229.18341064453125,50208600,580.4444560297375,582.0766099053841,578.8322257294989,581.2804565429688,44745800,498.15138006137016,499.0638857033828,493.8170463660224,496.9215087890625,18881600,179.45110250300584,180.05034427267074,176.2551819566126,176.94430541992188,151159300,0.007423240125897923,0.022821859103600996,-0.049889547522220135,2.5809541883462876,-0.0035257700974905353,-0.0005677186495761501,2.220158287700114,-0.042178767448488586,1,2025-09-12
2025-09-12,Q3,validation,228.37638560886936,233.6469097348115,228.17712472443904,233.2085418701172,55824200,582.2357922273038,585.0422828265267,581.3002953608963,583.8480224609375,50745900,502.5154742767582,508.367321245748,499.73833579713096,505.7389526367188,23624900,177.5435664999128,178.37251110105626,176.22524055900428,177.593505859375,124911000,0.028724858351671934,0.026095484258885505,-0.0708589321757096,2.7099105008630464,-5.5110609178543065e-05,-0.0004301877310434763,3.2618751244481508,-0.009249499808003714,1,2025-09-15
2025-09-15,Q3,validation,236.1277410783948,237.31336381412063,234.1649902844441,235.82884216308597,42699500,585.6195335974215,588.9534523182087,585.4702282697297,588.843994140625,44360300,504.6379958107742,511.26344571936806,502.8625947427051,511.15435791015625,17143800,175.44622258887705,178.62217970015598,174.28769658655634,177.52357482910156,147061600,0.040738865620450995,0.03148007626147335,-0.05025574077015715,2.879539902226663,-0.0030580208216414184,-0.0002750202728659221,3.123174813440596,0.03469643232987951,1,2025-09-16
2025-09-16,Q3,validation,236.30708253667356,240.3322223551857,235.45026224943368,237.2735137939453,63421100,589.7695130089575,590.018314719858,587.6596793599289,588.3463745117188,36942100,512.6619733694059,513.0090929577493,504.449544036503,504.8859558105469,19711900,176.77453647764895,177.27389957504343,174.15787872389456,174.65724182128906,140737800,0.04617193504151289,0.034555243212999055,-0.006541529186210315,5.862615582772867,-0.0029376623952495785,-1.0719540798228568e-05,3.3143863363752293,0.0247057303811431,1,2025-09-17
2025-09-17,Q3,validation,238.09049720761,239.21634322602875,236.85505542454317,238.1104278564453,46508000,588.2667613743852,588.9136701422223,581.5690385221046,587.1720581054688,69384800,506.4530503919847,507.1175961354426,501.8013209933917,505.8579406738281,15816600,172.42008695754546,172.97937117956877,168.1954794867923,170.0730743408203,211843800,0.023234213337343747,0.032895438399854295,0.06397443017752413,5.1841784628401975,0.0011061392472253588,0.0002048231390263057,2.4348660576725774,0.002111115684517051,0,2025-09-18
2025-09-18,Q3,validation,239.08682096339743,240.31228984200703,235.77903252032195,237.0045166015625,44249600,592.058483907603,595.2730433570825,590.1178791327126,592.466552734375,61069300,507.31595138937655,508.883074673213,503.5172196080818,504.30078125,18913700,173.7583871307785,176.87442336525442,172.73969733735942,176.01551818847656,191763300,0.007185511834405411,0.024466081852032785,0.02932549954686625,5.574255413572019,0.0006196491360170735,6.519926291301498e-05,2.3019933233065673,-0.0071704941636041575,1,2025-09-19
2025-09-19,Q3,validation,240.3421770415445,245.3935247988757,239.32594197772087,244.59646606445312,163741300,594.4668964152456,597.173829761915,592.9939490424024,596.4771728515625,58196100,506.3935176630352,515.0621842649809,506.1455578149837,513.703369140625,52474100,175.54609885389235,177.8531538116004,174.95683884616588,176.4449462890625,237182100,-0.00016589552549735044,0.022241801467750233,0.04419114205922664,5.052522376446296,0.015657012905554372,0.00013955815996828988,2.3013231178109246,0.025169591464367924,1,2025-09-22
2025-09-22,Q3,validation,247.38616206443075,255.69547916115812,247.2068166293636,255.13751220703125,105517400,595.56457167487,600.6759063866804,595.5446250028239,600.0083618164062,57154800,511.3825425873763,513.5149611406991,508.35738375283694,510.2518310546875,20009300,175.07671637070237,184.31493427279133,174.4874715349329,183.37612915039065,269637000,0.0107387049714317,0.030641973012804934,0.06627473131445494,6.451040536243284,0.051957177270308054,0.00033791488595867207,2.641035888922986,0.06535720860270833,0,2025-09-23
2025-09-23,Q3,validation,254.93828225227924,256.3929004583055,252.64674396870495,253.4936065673828,60275200,600.1777560752951,600.3770403666388,594.8073576106723,596.02294921875,64635500,509.6071158201621,510.3907077578639,503.170087241692,505.0744323730469,19799600,181.73821238324945,182.18763613663097,175.9855548133895,178.2027130126953,192559600,0.012910306773846724,0.027029800067658028,0.058023867775610194,5.521645682383922,0.05160727102532164,0.00033513158026622327,2.209730639428209,0.0557531458846261,0,2025-09-24
2025-09-24,Q3,validation,254.2807025242173,254.7987929994329,250.11607847800005,251.38140869140625,42303700,597.3979183069385,597.7167610032964,591.2005236200914,593.9305419921875,49850300,506.215041937542,508.2978806442568,502.7832857896144,505.9869079589844,13533700,179.54100413716742,179.5509859124944,175.17656050171237,176.74456787109375,143564100,0.018667888390247068,0.021857349159281524,0.0359934810884911,3.4181129941525072,0.01224203030695662,0.00036032027440618416,2.481344934107733,0.005878101689941628,1,2025-09-25
2025-09-25,Q3,validation,252.2781032462208,256.2235357177961,250.7836237831838,255.92462158203125,55202100,590.0447574609248,592.9541133753095,586.358211090951,591.3699340820312,70920200,504.1519897302721,505.84805701475193,500.9186136455738,502.8923645019531,15786500,174.25773588995062,180.0303718676576,172.90946471941734,177.46365356445312,191586700,0.013715379924685588,0.024438561981325213,0.07711289246208775,2.696181711960483,0.0008014371737752788,0.0007534169160220461,2.3972132777120274,-0.0029176560124755113,0,2025-09-26
2025-09-26,Q3,validation,253.1648258525147,256.6519445821492,252.84599627139943,254.5198211669922,46076300,592.1869260081028,594.1298414316656,588.9089213733314,593.801025390625,54337400,505.8976246789574,509.7459665668784,502.4856945681329,507.28619384765625,16213100,177.94304916264082,179.54101721374016,174.70717071687335,177.96302795410156,148573700,0.0087822592932971,0.024137647374909376,0.042514449189775705,2.7252690416894505,-0.0011804694972283995,0.00040961458946828987,2.10771689521521,0.008317738261882757,0,2025-09-29
2025-09-29,Q3,validation,253.6231329894407,254.06151607705357,252.07883445903423,253.4936065673828,40127700,596.929586249639,599.858888854889,595.2357610619866,596.5509643554688,48332900,507.325895548039,512.6322125671903,504.7272809455784,510.4005737304688,17617800,180.2001578366391,183.76561762390497,180.09031258631592,181.6183624267578,193063500,-0.001339223718116922,0.01400141680511029,-0.001796177916721875,3.0183242199858813,-0.0022674908710650647,-5.91404592634143e-06,1.6128687523788443,0.022799542027182818,1,2025-09-30
2025-09-30,Q3,validation,253.92203562343897,254.9781320575181,252.17847617402816,253.69288635253903,37704300,596.2520555976123,598.5237869140956,593.9305184146496,598.1849975585938,46533800,509.0516808953517,513.9315141469417,505.5009089039439,513.7232666015625,19728200,181.848063160254,187.11135435179563,181.2488213615314,186.3423309326172,236981000,0.010182361352665236,0.01752175759543164,-0.030613893296634886,3.1073506816581284,0.0015935135901012634,-2.4623275939602417e-05,1.5900975851014396,-0.004992366831629735,1,2025-10-01
2025-10-01,Q4,test,254.10134722927504,257.83756097799323,253.9917514638179,254.5098419189453,48713900,594.9966151966095,601.592517201177,594.1696797218984,601.0545043945312,46899600,510.5989672146665,516.262392605391,507.5143608700387,515.4689331054688,22632300,185.00405809785752,187.9003581593927,183.665753326035,187.0015106201172,173844900,0.02623078101308458,0.021109513665084602,-0.025941154440095704,3.1840673015751983,-6.188094206473109e-06,3.832591291637277e-06,1.4704740489126644,-0.004451209504298226,1,2025-10-02
2025-10-02,Q4,test,255.6356607808825,257.229778167004,253.2146115335708,256.18365478515625,42630200,604.8506893778672,604.950301116935,600.7357150581139,603.5255126953125,43765400,513.4158303625842,517.343476169315,506.5126054199375,511.53131103515625,21222900,189.3585011391996,190.806651138866,187.8204541960536,188.6493988037109,136805800,0.04374961764166254,0.02484525734864109,-0.03909270844355561,3.0961791435925297,0.0025529543479363686,-0.00016818224415230575,1.4830891145365086,-0.0009122990677901122,1,2025-10-03
2025-10-03,Q4,test,253.73271197999827,258.2858846694617,253.01536064819075,257.07037353515625,49155600,604.3027001978111,605.1197232184186,599.2013385970163,600.9848022460938,46482100,512.8801529316524,516.2425031799986,510.7973143114264,513.1281127929688,15112300,188.94900408551683,190.11751186051177,185.1438598655547,187.3809967041016,137596900,0.044025895342013996,0.025046933848235864,-0.022197439124647333,3.4449864349946573,0.0025537303297428413,-1.5861645356782045e-05,1.5723869717077201,0.0010979549147600576,0,2025-10-06
2025-10-06,Q4,test,257.0405037108186,258.1165459888059,254.11133663097664,255.74530029296875,44664100,606.2355880916678,607.1422494333636,603.7645725777412,605.498291015625,41962100,514.377848960065,526.6965386672223,513.9712214168786,524.256591796875,21388600,185.2637228157064,186.991514993276,183.09648864167903,185.3036651611328,157678100,0.03835996244832116,0.026501880737230588,-0.014836757865072436,2.097085028529632,0.00015978343422602134,-4.150040103757647e-05,1.8375707420471143,-0.006837188690236307,0,2025-10-07
2025-10-07,Q4,test,255.86484387966763,256.45266881763376,254.48991791397023,255.53607177734372,31955800,606.8035939044607,607.4910851983766,600.835403229105,602.3099975585938,58209500,523.9788048028778,525.4764919541412,517.1847292577561,519.7039794921875,14615200,185.99277739696944,188.8191743935438,183.76562222076905,184.8042907714844,140088000,0.02316524086630629,0.02807496475751812,0.005571393177746409,1.4057359300114678,0.00030809033177656153,2.4877084848391854e-06,1.6290933599451787,-0.007208307347640552,1,2025-10-08
2025-10-08,Q4,test,255.5758888188916,257.5685279874928,255.16739414069707,257.1102294921875,36496900,603.2066381307736,609.523591030116,603.0572205300643,609.2147216796875,50629800,519.0098207695767,522.6498549115006,518.8213688365025,520.5669555664062,13363400,186.33235229407293,189.35849142592937,186.30237648821537,188.86911010742188,130168900,0.014269187178586362,0.02245442088179943,0.0002786629350112202,1.4559506716150488,-4.17095993584442e-05,-1.7772932172570025e-05,1.5622837713899074,-0.007238278134999332,0,2025-10-09
2025-10-09,Q4,test,256.8611554198282,257.0504585775582,252.2083446799687,253.1050262451172,38322000,609.2545466200572,609.3840783602061,605.2691043090726,608.4774169921875,45551000,518.07745494396,520.0512058016051,513.1777655449532,518.136962890625,18343600,191.9851285494953,195.05122522476876,190.816620752273,192.32470703125,182997200,0.011326743490902324,0.025067320005456372,-0.02821512168367546,2.148686127602922,0.0025606351520482207,-7.773710953805349e-05,1.6489905908605893,-0.008309817457143653,0,2025-10-10
2025-10-10,Q4,test,254.00171816056968,255.436420799504,243.10197943699816,244.3673095703125,61999100,609.1748739271294,610.9483641105261,586.9061788056832,587.3545532226562,97614800,515.3994727403434,519.3073226434543,505.4711500363669,506.790283203125,24133800,193.26350393527704,195.3708168536685,181.81811007166195,182.92669677734372,268774400,0.003442036160603279,0.026658479127978675,-0.03135337702305302,1.2621923840021378,-0.008593587923386492,-0.0003652106428294685,1.3649388507786138,-0.057401240216048977,1,2025-10-13
2025-10-13,Q4,test,248.46219085423505,248.7710475029622,244.6562426215344,246.7485198974609,38142900,597.497493628088,600.7556121211176,595.056398092238,599.8190307617188,65872600,512.1957680051081,512.1957680051081,507.5043869225772,509.8550415039063,14284200,187.73057886865317,189.86785248459336,185.72314454487463,188.08013916015625,153482800,-0.0031026277370957756,0.024713049261290698,-0.02893514863072133,1.285196797931111,-0.01111527424681474,-0.00036861518581065596,1.3099088168553454,-0.04522077372217559,1,2025-10-14
2025-10-14,Q4,test,245.69241642712316,247.93413549962375,243.79940008876653,246.8581085205078,35478000,593.1434568492728,600.4966033203683,587.9823159734815,595.8236694335938,69203200,506.0662273255252,511.0750344503804,501.8707357721012,509.37896728515625,14684300,184.5346420566055,184.56460262310264,179.47109296765566,179.80067443847656,205641400,-0.01862595529910256,0.027084486174089716,-0.010488676770115501,1.284554965800458,-0.007851828242011551,-0.000345023360653602,1.2652192270426537,0.0001490159151210646,1,2025-10-15
2025-10-15,Q4,test,248.5717898296712,250.8932163906544,246.559219921403,248.42233276367188,33893600,601.8117836952674,604.4919961772353,593.7611729131481,600.0282592773438,62805500,510.75765569343554,512.9694382549203,505.838110317394,509.2401123046875,14694700,184.56460739230215,184.63451030281777,177.06416377208902,179.60093688964844,214450500,-0.02578305876261151,0.030376374367506554,0.0016247500202195009,1.3153247980936347,0.0038734715896133684,-0.0002742680042347995,1.2538701292133336,0.032016593684704664,0,2025-10-16
2025-10-16,Q4,test,247.33633482463924,248.1234206007849,244.2278226113223,246.53927612304688,39777000,602.9077579751356,606.0961241101174,593.3327470469682,597.806396484375,70982000,508.3970827878481,512.6321960787722,503.9833851231019,507.4349670410156,15559600,181.99786281424812,183.04652832403656,179.5410050089342,181.57839965820312,179723300,-0.03888945832378345,0.02642838274528514,0.012324495639762179,1.2979691152047839,-0.0002389977477995925,-0.0001207001582424684,1.0585120163197768,0.019947751274244307,1,2025-10-17
2025-10-17,Q4,test,247.10719170360767,252.44746537322092,246.35995200283696,251.3614654541016,49147000,595.7738386787643,603.306322454893,594.1995718879336,601.7320556640625,72024900,504.88601698312937,511.2734358883721,503.17012365144205,509.3889770507813,19867800,179.9504818191574,183.8655019863948,179.52103686227596,182.9866180419922,173135200,-0.02834005017368766,0.027030659866435935,0.025893827566914274,1.305701162934606,0.00012481536035044148,5.9719000258962816e-05,1.0709007216123514,-0.0033349135776941097,1,2025-10-20
2025-10-20,Q4,test,254.94822099113512,263.4069798400544,254.68918336894043,261.2748413085937,90483000,604.9303203667564,610.5696939626,604.8605678351395,609.3142700195312,45761700,510.4104293345006,514.4670788802013,509.2400661752128,512.5726318359375,14665600,182.89672994644727,184.96408521149223,181.4985041529273,182.4073486328125,128544700,-0.018955117517163566,0.02556699180640738,0.07128667520995868,1.7859102359028438,-0.006377726303374857,0.0006771487496200834,1.2695213725077052,0.05509192877265179,1,2025-10-21
2025-10-21,Q4,test,260.9161783410852,264.3136317818121,260.86634411857244,261.8028869628906,46695900,609.41403175621,610.4900574537519,607.1024677916307,609.1549682617188,44538200,513.2769402267872,514.4572316509175,508.8533142722573,513.4356079101562,15586200,182.55715836486127,182.55715836486127,179.5709767314294,180.9292449951172,124240200,-0.0009006297277057707,0.019003822592369147,0.05341961255568761,1.9081182981191194,-0.01049553815232725,0.0006163415315922997,1.5007251726403499,0.051995143943945,0,2025-10-22
2025-10-22,Q4,test,261.68336485657886,261.882640960004,254.48993535873984,257.49884033203125,45015300,608.5969960402966,609.1848147458128,597.5573034367524,603.286376953125,61478800,516.8971823641815,520.943843958813,513.4852520447155,516.2921142578125,18962700,180.9092591258601,183.20633238125785,176.53483359319367,180.05035400390625,162249600,0.0012698285817894783,0.02032048017622088,0.028361401896457084,1.9074847734345601,-0.0017717692605506202,0.0005123855942323925,1.6305605336380484,0.00894057478935295,1,2025-10-23
2025-10-23,Q4,test,258.98332466328685,259.6608147081683,257.0604350924048,258.6246337890625,32754900,602.7085014161719,609.1450131867009,602.319966975814,608.35791015625,42844300,518.1964086283891,519.6742395740552,514.3777908083965,516.3118896484375,14023500,180.1901742303588,182.7968501503985,179.5609718650331,181.92796325683597,111363700,0.010066339315060024,0.016340638291631994,0.03931058278509614,1.959898333965633,0.0016239874722870076,0.0005049330387940326,1.8084678833721488,-0.029127061287223643,1,2025-10-24
2025-10-24,Q4,test,260.2287163700197,263.15789839957887,258.22610426270086,261.85272216796875,38253700,613.7481802624443,616.1693293175521,612.8913247080658,614.8541259765625,47632500,518.5237814648117,521.0628883153897,516.4607987679614,519.3370971679688,15532400,183.6058200325102,187.23120099697576,183.26625678365264,186.02273559570312,131296700,0.014447738353796934,0.016132250658233295,0.02367696120861218,2.22682287036609,-3.58662956485419e-05,0.0002306742610492717,2.0516820053596314,-0.0023927248375508192,1,2025-10-27
2025-10-27,Q4,test,263.9051197703755,268.1295048126629,263.6759553344934,267.8206481933594,44888200,622.2471843336021,626.2624862060553,621.7589773359792,625.80419921875,54098600,527.4404441110845,530.2175826339089,524.6930292943027,527.1825561523438,18734700,189.7480043855645,191.75543864774096,188.18997864549505,191.24609375,153452700,0.02666869912949792,0.022533425981719746,-0.01342626716273787,2.024993393048174,-0.004856450147544098,-2.3632089695322662e-05,1.7989424775342642,0.041654438728356724,1,2025-10-28
2025-10-28,Q4,test,267.9999758056659,268.896687690681,267.16307106420925,268.00994873046875,41534800,628.0658354818435,632.3701204498367,626.9598898422056,630.6165161132812,61195700,545.511702993095,549.2013167264516,536.3570441492753,537.6464233398438,29986700,192.8040950113927,202.8912204382634,191.66554775855596,200.77392578125,297986200,0.054000877743328846,0.031907170591405645,-0.05470935119474607,1.8596386608904765,0.01825603193973717,-0.00014781630635739073,1.5638916963116674,0.026933488875687583,1,2025-10-29
2025-10-29,Q4,test,268.28892986747474,270.4110953948544,266.1269030442272,268.7073974609375,51086700,633.2769001713006,634.6917152842577,627.9563074763624,633.4562377929688,67422800,540.4929653309738,541.8121286840217,532.3499420595073,537.130615234375,36023000,207.715080745974,211.9197249544373,204.51915980095316,206.7762756347656,308829600,0.08366508765417498,0.041448055033640616,-0.05087025714169269,1.943115156517253,0.027722813898783307,-8.018542267872039e-05,1.5812889350552775,-0.01114766431838321,1,2025-10-30
2025-10-30,Q4,test,270.98894793982623,273.1310593223432,267.49188695276854,270.401123046875,69886500,629.8693290874667,631.1945058511565,623.6620213630231,623.7716064453125,61628600,526.1509968235328,530.6043464776645,517.8592331602406,521.4695434570312,41023100,204.8886770404504,205.89740027142088,201.1534507471854,202.63156127929688,178864400,0.0924709315446883,0.053537408492768244,-0.016360181682585906,1.663496293250651,0.013157415391852485,0.00028429100045855826,1.7968559736913938,-0.026952925543891393,0,2025-10-31
2025-10-31,Q4,test,275.9705701844509,276.29937269597025,268.16940070155243,269.3749389648437,86167100,631.8619934183905,631.8919134270566,624.4092354874234,626.7805786132812,66305100,524.5640822050067,525.0004940086545,510.89650476941233,513.5844116210938,34006400,206.18701808603035,207.7050861560208,201.81260775338424,202.2320709228516,179802200,0.0770433967194536,0.060609257369159654,-0.009302768226396974,1.5499181337425751,0.006633159533515425,0.00014354293963994019,1.7864432307172078,-0.025161454383537896,0,2025-11-03
2025-11-03,Q4,test,269.42476736726525,269.8531775103368,265.2701011373342,268.0597839355469,50194600,632.798481607898,633.5059194321615,627.5576158213403,629.779541015625,37154300,515.5680732671589,520.6760707602963,510.3907002836433,512.810791015625,22374700,207.8149540137207,211.07079600988305,205.2981596683369,206.61648559570312,180267300,0.05117843798473285,0.061292645276523915,-0.025661227624029614,1.3048327199628134,-0.002787547434095931,-8.151421638286287e-05,1.7190663944167168,0.0008378624162506121,1,2025-11-04
2025-11-04,Q4,test,267.3424142382169,270.49078769741067,266.6350358638735,269.046142578125,49274800,621.0117005353788,624.6683271251044,616.2092348629542,616.996337890625,63830800,507.5838081580189,511.342858187808,503.6957838776707,510.1328430175781,20958700,202.7414122562426,203.7101778590782,197.67786326579136,198.43690490722656,188919300,0.013708022327352043,0.049046601057418274,0.03527334015117878,0.9790970184094947,-0.0025416217011647803,0.0004192364216110834,1.7025003263359113,0.0010718354049227274,1,2025-11-05
2025-11-05,Q4,test,267.6214146886098,270.7000692568828,265.94760492323326,269.14581298828125,43683100,616.2391121345779,624.3195827183903,614.9638020768305,621.01171875,48688500,509.1111797792272,510.6287232020861,502.4460174356622,503.0213012695313,23024300,198.5168123443512,202.66152000582164,194.40205001057663,194.9613494873047,171350300,-0.02676123982118499,0.03666307795761718,0.06195233359365082,0.862051721032876,8.595564036223894e-05,0.00035967083477687667,1.6087803679823713,0.0049536004785334375,0,2025-11-06
2025-11-06,Q4,test,266.90407480138714,272.3937751745226,266.90407480138714,268.7771301269531,51204000,619.5270737190788,619.7761638844125,608.078899450419,609.4439086914062,72115100,501.5335702984596,501.5732523540539,491.7639450704796,493.0434265136719,27406500,196.16981228388872,197.3682807609907,186.14260723026615,187.84043884277344,223029800,-0.06238467799773724,0.03305445059350527,0.057747490686849756,0.753346974514049,-0.0007484717118951199,0.00029932751105485957,1.4374689938537903,0.01353784567904015,0,2025-11-07
2025-11-07,Q4,test,268.80702532983145,271.2878818962731,265.7881780523408,267.48193359375,48227400,606.0960857298178,607.730131632313,596.4911554011275,607.5208740234375,81835400,492.89466053302914,495.304823297102,489.22484220934433,492.7657165527344,24019800,184.6644490263876,188.08010568481336,178.682089465448,187.91030883789065,264942300,-0.07230471282779283,0.026451708040895715,0.04864986234612123,0.7472844043511903,0.0006830535839759808,0.0004328874458824297,1.1865029085990402,0.003390048391721745,1,2025-11-10
2025-11-10,Q4,test,268.2298525605972,272.98692304032335,266.733924572705,268.6985778808594,41312400,616.6674802752618,622.0378784586748,614.644899897251,620.9617919921875,55919900,495.95940345274505,502.7138276367279,494.7295019610679,501.8707580566406,26101500,194.8614791513322,199.6853287651845,193.5431531870904,198.7964630126953,198897100,-0.05961792271010631,0.021942484155566787,0.031973766698235484,0.5354049202426262,-0.00016688234414434733,0.0002736505016973122,1.2280300352603801,0.03062839757559177,1,2025-11-11
2025-11-11,Q4,test,269.07757258136417,275.16101963639426,269.0675899882029,274.5028076171875,46208300,618.3115007347396,620.4536395227035,615.2726130875191,619.307861328125,44868800,500.6805581155917,505.4414057875519,498.2505695472254,504.5289001464844,17980000,194.91140808059745,195.17107140540628,191.05632435423007,192.91395568847656,176483300,-0.04106880613412125,0.022477615202775338,0.03969028636957311,0.6180080608563031,0.001629150221983438,0.0002586903953982595,1.4256174911380033,0.03666010296451083,0,2025-11-12
2025-11-12,Q4,test,274.2535066981436,274.9815360542478,270.9624767916609,272.7276611328125,48398000,622.5659665942537,622.5858524528388,615.5615225825271,618.8196411132812,47444400,505.2033686484966,507.4945458106546,495.0469415436793,506.9688720703125,26574900,195.47068348463264,195.64046510157328,190.8865341091802,193.5531311035156,154935300,-0.017994310956070757,0.019641826567815258,0.012995878552884865,0.7054365057577162,0.0017395168733769207,0.00024868328289750255,1.4598664123997336,0.01969191676841353,0,2025-11-13
2025-11-13,Q4,test,273.36590026791555,275.9488963676571,271.3513946141157,272.2090759277344,49602800,615.2925422980531,615.8704485105809,603.8742880136988,606.1858520507812,71333600,506.1455939798088,509.3095642884979,497.1992129195551,499.1828918457031,25273100,190.8066439854392,191.1961465947379,183.61581837719612,186.6219787597656,207423100,-0.005429440577900335,0.020353515201483718,0.009785990099998088,0.6984521147884494,-1.9552136694387107e-05,0.00028322289795471766,1.3968506920433907,-0.0031203508531079116,0,2025-11-14
2025-11-14,Q4,test,270.3142081927936,275.21088338895913,268.8681625557137,271.6705322265625,47431300,597.3679891941105,611.1177533949825,594.9966460866717,606.6441040039062,80087300,494.164169077362,507.425057385904,493.380607454102,506.0166320800781,28505700,182.62706393415107,190.7666759402113,180.34996953708983,189.92774963378903,186591900,0.00948279482418779,0.020238510214384987,-0.0031541767461369385,0.682449022180904,-0.00017899991714387433,0.0002778290935975401,1.287949798778576,-0.02891599212426821,0,2025-11-17
2025-11-17,Q4,test,268.0903024129557,269.75575219797963,265.00869378967747,266.7339782714844,45018300,604.0934192729386,610.2509204798646,597.6868279161546,601.4630126953125,63850400,504.3007594029326,507.9407930820625,500.78963942134817,503.34857177734375,19092800,185.73311754704963,188.75925679396332,184.08522536919267,186.36231994628903,173628900,-0.0028525184376662514,0.02184893627656943,0.022489709924390366,0.8326187001060834,0.0016199702168355067,0.0003683215080807984,1.0919652906478297,0.0018184423050952025,0,2025-11-18
2025-11-18,Q4,test,269.25705465795,269.97510130800674,264.59974924229334,266.7139892578125,45677300,597.4377829439551,600.1179955916228,589.1879481795877,594.1398315429688,83327300,491.3275301094218,498.87544447228873,482.8076324047851,489.7604370117188,33815100,183.14641371605563,184.5646030780414,179.42115405263684,181.1289825439453,213598900,-0.022575386254148188,0.023217615127441915,0.016806254456957714,0.8972635581910403,-0.00222804079614088,0.00019198775946088344,0.9579752287671329,0.000261234943415678,1,2025-11-19
2025-11-19,Q4,test,264.80921977983166,271.47107967039307,264.77930243197466,267.8309936523437,40424500,594.897031094223,603.9539148983285,592.4260762649179,597.6868286132812,73111500,486.1005289347495,491.1489881906385,478.8898366362472,483.1448364257813,23245300,184.5546024199349,187.62069907956396,182.5971076589588,186.28240966796875,247246400,-0.047224520617893284,0.02817769475964982,0.024324361604725175,0.9045178554547131,-0.0028300429173123806,0.00025153705954406773,0.9831886265620887,0.013914890075804709,0,2025-11-20
2025-11-20,Q4,test,270.0948061865016,274.68232536305425,265.1981613886433,265.5272521972656,45823600,609.3940836964333,611.7953468701894,582.6218784315797,583.5385131835938,117743200,489.6038543571072,490.45844852333465,472.50235794747454,475.4138793945313,26802500,195.70039225393623,195.7503316108911,179.62090987236718,180.40989685058597,343504800,-0.05139274491603942,0.02171217391625426,0.015904748950758996,0.8901604390007579,-0.0021464688940254577,0.0002027228382947669,0.9027685019955154,0.015347746391331518,1,2025-11-21
2025-11-21,Q4,test,265.2280517805383,272.5879921198442,264.9488130991126,270.75299072265625,59030800,585.3319113971087,594.807310091711,578.6264242609341,587.9224853515625,103344200,475.4834301610789,475.9007957312625,465.3179114267742,469.1436462402344,31769200,181.00913979899244,184.32490281868388,172.70971237567008,178.6521453857422,346926200,-0.060040622086729334,0.023710773775252835,0.0627410843539179,0.942163895929741,0.006945668242581515,0.00042292555014552294,0.9322471584447609,0.029908856913573922,1,2025-11-24
2025-11-24,Q4,test,270.164627965921,276.24807542504453,270.164627965921,275.1710205078125,65585800,593.1135933516537,604.4720682054578,592.9939741263881,602.9575805664062,60168100,472.0055061050608,473.8935220644432,465.0694984877541,471.0118103027344,34421000,179.2613745727385,183.26626122561635,176.25519889972114,182.3174743652344,256618300,-0.06046151449184791,0.01847427845972629,0.07460466379293218,0.9989965826098575,0.016294422624738493,0.0005388393902168451,0.9772294524018859,0.05720694158104367,1,2025-11-25
2025-11-25,Q4,test,274.52277261748515,279.6189174225992,274.50283786370125,276.2181701660156,46914200,601.3135864178203,608.0390203669549,595.1461119637967,606.6740112304688,57560900,471.0813963074052,476.1293578546732,461.95927573241335,473.9829711914063,28019800,174.68720886729724,177.9330691207534,169.3340356551,177.593505859375,320600300,-0.05452377733134761,0.01888291767641337,0.06150124001523816,0.8571234914137388,0.02080646672741179,0.00030078374303487435,0.9449703027669918,0.05072742758692683,1,2025-11-26
2025-11-26,Q4,test,276.2081750495132,278.7712060098946,275.8790842359358,276.79656982421875,33431400,610.2808195033393,613.9474190856081,608.1685399702174,612.034423828125,42393600,483.244222260298,485.2316139433245,478.1664510662567,482.4393310546875,25709100,181.39863013804072,182.6769983530976,178.01294919921247,180.03036499023438,183852000,-0.034434205221967475,0.017806796112329448,0.05098596264017702,0.799182255870324,0.007957508923478207,0.0002048238582832738,0.9038455830100892,0.013502790481943583,1,2025-11-28
2025-11-28,Q4,test,276.50736791500816,278.242634823177,275.2407959413455,278.0930480957031,20135600,613.8677508272276,617.0660904342964,613.1802595402138,616.996337890625,23034400,484.5260924315005,489.5243812398697,483.5820692635899,488.9082946777344,14386700,178.7819702942556,179.0616124091028,176.27517303639212,176.7745361328125,121332800,-0.01542802049314329,0.02677496587518833,0.04320693971687778,0.7895189331605262,-0.0015056036063803026,-0.0002144933437289477,1.0782394108167905,-0.029027957498149348,1,2025-12-01
2025-12-01,Q4,test,277.2553332443013,282.65065109438723,275.3904143522869,282.3315124511719,46587700,611.3967336448243,617.1855860502521,610.2907880213397,614.923828125,40957600,485.3607732415945,486.7718042788117,481.5946577130528,483.6714782714844,23964000,174.5373804488289,180.07033197943204,173.45875435362808,179.69081115722656,188131000,0.002176041221349334,0.02281692869752818,0.024373849057510943,0.8621639441468694,-0.008102873308986704,-6.380900381558e-05,1.3026050119033818,-0.018879808681571797,1,2025-12-02
2025-12-02,Q4,test,282.231773534172,286.619823290159,281.86278279875575,285.4131164550781,53669500,617.2055939510703,621.4799592732617,615.3424043891131,619.736328125,54541800,483.6516286444489,490.38888506208144,483.2541563831954,486.9109497070313,19562700,181.5284722516508,185.4235136530611,179.7707195907086,181.22886657714844,182632200,0.014640667998283318,0.022573625259179164,0.023328666774277362,0.7944057986874766,-0.01615585962441242,0.00018595060786298038,1.4137054143467624,0.007846369042336931,0,2025-12-03
2025-12-03,Q4,test,285.4230848596457,287.8364984098337,282.5309329409685,283.3786315917969,43538700,617.3649627124794,621.9481972408511,615.7807833814271,621.2507934570312,47841600,473.3171775583083,481.1872310931236,472.2042431453193,474.7182922363281,34615100,180.849359498178,182.21760964702736,178.88186747602086,179.3612518310547,165138000,0.0154866444587767,0.028784716083119898,0.020170581984124913,0.6992735518792021,-0.003066124703759477,3.363125132586075e-05,1.7601953943596653,0.005408094038021449,0,2025-12-04
2025-12-04,Q4,test,283.3287830094401,283.95707766942763,277.8337308175164,279.9380187988281,43989100,622.6556605829674,622.665633919662,617.285262025035,620.6729125976562,47067800,476.7355376297969,478.28570075231454,473.48613274494215,477.8087158203125,22318200,181.39873533031871,184.29521152983364,179.7407692190929,183.15660095214844,167364900,0.00970889934056458,0.030941337290266557,0.007465950375329933,0.9253524641780153,0.0005507870801459309,-4.7627966857628285e-05,2.0381103715314826,-0.0210617031901984,0,2025-12-05
2025-12-05,Q4,test,279.77845592816414,280.37683325787106,277.2951945750906,278.0232238769531,47265800,622.1076409382764,626.6310962033638,621.440096358939,623.20361328125,53614200,479.4780948278929,480.3525519991133,475.86105782216015,480.1140747070313,22608700,183.66598269849337,184.43504894381925,180.6896172324408,182.1877899169922,143971100,0.006456678472382427,0.021111717802033202,-0.006568531451863535,1.217068417404661,-0.003771885436772249,-0.0001523661519506243,1.9579545243303853,-0.032787347319732874,0,2025-12-08
2025-12-08,Q4,test,277.3750199323196,278.91084811822003,275.4003836933047,277.1356811523437,38211800,624.9273860516373,626.5514587784469,619.42745579579,622.008056640625,43462400,481.8331697469475,489.1964289193557,481.3263751862239,487.9244995117188,21965900,182.41751577930148,187.7709870845105,182.17780264974235,185.323974609375,204378100,0.01221928694151857,0.020470543487265003,-0.038474501208848655,1.5891568699883705,-0.005104560112265346,-0.0003569049056574275,1.6779389406433043,-0.031379683389908264,0,2025-12-09
2025-12-09,Q4,test,277.40493251311347,279.2698514894354,276.16830825817004,276.4275817871094,32193300,620.7426537012356,623.5922305440594,618.7399590794447,622.7752075195312,37156000,486.01663804004494,489.0175885389743,485.4204144751398,488.918212890625,14696100,185.33395229946427,185.4937610485011,183.09669077375295,184.7446746826172,144719700,0.015418391120677954,0.022864303815671283,-0.043243690896934917,1.6250755850999141,-0.002325956419198708,-0.00036323628901044656,1.6367196639402994,-0.01813482566903557,1,2025-12-10
2025-12-10,Q4,test,276.9960211276047,278.9905919368044,275.68957968235776,278.0232238769531,33038300,621.5795410824109,626.920080160108,618.7299643381673,625.3258666992188,55031400,480.97857754952304,481.19719183884354,472.084987996716,475.5430603027344,35756200,184.74467463147755,185.2540478736652,181.8182359713298,183.55612182617188,162785400,0.01789456595810841,0.017539211093302098,-0.03146102337878709,2.5531505161872086,-0.0,-0.000150170797088121,1.3927460240414693,-0.0012189331451470942,0,2025-12-11
2025-12-11,Q4,test,278.34237127554803,278.8310314000742,273.0667227973629,277.2752685546875,33248000,621.5496792982444,623.5025679748155,615.4718431258982,623.3032836914062,58272800,473.6252734590456,482.9660086920916,472.86010822118624,480.4221496582031,24669200,180.060377409269,181.09911899111663,176.40483245042134,180.70957946777344,182136600,0.008406313043895764,0.01316203806819638,-0.005566605112062084,2.866953832306971,6.632025064357865e-06,-7.188538598834148e-05,1.2628628483862354,-0.0028834431458202303,1,2025-12-12
2025-12-12,Q4,test,277.14562382282355,278.4620479370953,276.0685689150702,277.52459716796875,39532900,619.8160122611713,621.2706598008424,609.1349951238292,611.3867797851562,75158700,476.7951512874317,479.4085762318817,473.3370788032073,475.5132751464844,21248100,180.88937065842447,182.59729422559732,174.40727135263347,174.80679321289062,204274900,-0.006102110828646779,0.014586952025258903,0.02325445191174974,1.7068483324046688,0.0007771786879550763,0.00014947454107031588,1.0015090336141204,0.0005631519872661972,0,2025-12-15
2025-12-15,Q4,test,279.3894873363706,279.3894873363706,272.0993337942639,273.3658752441406,50409100,616.1195138735233,616.1693197420918,607.102462393675,608.3179931640625,49538200,477.0733729131614,477.6894594742654,469.5411415575728,471.82666015625,23727700,177.72322484137152,178.20263580820242,174.81676632707214,176.07522583007812,164775600,-0.02802884577280278,0.02008997755029125,0.027846415816898507,1.1766839300917775,-0.002622639704425827,9.746203316395548e-05,1.1553809535408541,-0.018833984848072194,1,2025-12-16
2025-12-16,Q4,test,272.07941349564567,274.752131096348,271.0522107383373,273.8645324707031,37648600,606.0463317071705,611.277225059322,604.7012083573723,609.5236206054688,55152800,468.9350114671635,474.8773235577871,467.911505956298,473.38677978515625,20705600,176.04526619844617,178.27256047932946,174.686922405521,177.5034942626953,148588100,-0.04089030481861,0.017793407996548005,0.026209226836167554,0.7947735501617919,-0.0022504745903574224,0.00013658184838009048,1.1389780773935185,0.005985675879171204,0,2025-12-17
2025-12-17,Q4,test,274.2634896625032,275.41036187784255,270.9026424636208,271.1020812988281,50138700,610.8287773715621,611.4166568355257,598.0953215609716,598.2247924804688,70654300,473.903466892556,476.9739832708393,472.0055042784347,473.1184387207031,24527200,175.88546784627562,175.91543007880583,170.10251312474713,170.73175048828125,222775500,-0.04615788239259033,0.01804223498690809,0.012588309089906546,0.7333951935345806,-0.0020709747290211856,0.00020556415900879906,1.0684528208985657,0.0040562667168930755,1,2025-12-18
2025-12-18,Q4,test,272.86723904028526,272.8872042261758,266.22534517191764,271.4511108398437,51630700,607.5806797208244,610.6992932536183,604.7111563372118,606.8931884765625,78875800,475.1754171439269,486.5134903409317,474.8773205213831,480.9289245605469,28573500,174.3173807251694,175.93540231223645,171.6106906687844,173.9278564453125,176096000,-0.03668369980057458,0.02243508833043637,-0.002768243916812907,0.6677446543963895,-0.0009892051433632368,5.798843319818789e-05,1.1582638766736104,0.01510307541363809,1,2025-12-19
2025-12-19,Q4,test,271.41126100078174,273.854622814086,269.1673684747946,272.9271545410156,144632000,609.722845815118,615.372193060386,609.6431199441153,614.8042602539062,60369800,484.2875835443981,484.7745151206103,479.44828972039977,482.856689453125,70836100,176.4547863729682,181.22896236326451,176.12518653595592,180.76953125,324925900,-0.012760798937457385,0.01748104302839326,-0.04134268249584194,0.4833721620347568,-0.0023662644903959425,-0.0003350688012723257,1.467244623917407,0.01810530663202292,0,2025-12-22
2025-12-22,Q4,test,272.1192896847017,273.13654030849926,269.7756932559407,270.23443603515625,36571800,619.8862552767364,620.1855972768566,616.3147325600856,617.7513427734375,43703100,483.05539282771,485.6489546100234,479.6470235443271,481.8629760742188,16963000,183.6959478478248,183.935660967629,182.1278683380167,183.4662322998047,129064400,0.015567371588756828,0.022113962815782772,-0.04307892428015203,0.4286655875200536,-0.001953397154690994,-0.0004456834378576898,1.4406469357755676,-0.0008582337320859335,1,2025-12-23
2025-12-23,Q4,test,270.1048034873943,271.7603010837797,268.8282792538215,271.62066650390625,29642000,616.7437078609482,620.9437513214359,616.3247143117193,620.6444702148438,41120400,481.922585996358,484.7545946839082,481.6840783901604,483.7807922363281,14683600,182.74711840334103,189.099371651584,182.67719635774475,188.97952270507807,174873600,0.040538453874742066,0.037616421079363783,-0.05149789800197724,0.4178400960428379,0.0003627304642594478,-0.00044742742101476827,1.4788176880087356,-0.008038925215076764,1,2025-12-24
2025-12-24,Q4,test,271.60070067851706,274.6823088952694,271.46109654935304,273.06671142578125,17910600,620.5247726871431,622.809417120355,620.255389239048,622.460205078125,18468700,482.61817584356095,486.0762481946253,481.77352833631136,484.94342041015625,5855900,187.71105179508496,188.67987134928,186.3626902843432,188.38023376464844,65528500,0.05549272167942145,0.041517356220133125,-0.05693485435541523,0.4818160478369307,9.644021155310436e-05,-0.0005665803975049847,2.0743203356764193,-0.03212949039500956,0,2025-12-26
2025-12-26,Q4,test,273.41578359787746,274.6224904749486,272.11929424741834,272.6578369140625,21521800,623.1884938656726,624.0465142854792,621.6721158574088,622.4203491210938,28959800,483.64171061957336,485.04282544173617,482.8964387136479,484.6354064941406,8842200,189.68863982420257,192.45526970950263,187.7709805748158,190.2978973388672,139740300,0.06267160307650536,0.04151651134546519,-0.04646785674551013,0.4850290660994415,0.0004915776338008356,-0.00036071838757828056,1.9836117672510563,-0.013690715262983488,1,2025-12-29
2025-12-29,Q4,test,271.9497734782625,273.6152231466168,271.6107000753325,273.0168762207031,23715200,618.6392040742111,621.312944373981,617.2724362589381,619.4074096679688,32458300,481.8033366009864,485.2713556042012,481.1276307272214,484.02923583984375,10893400,187.4813341773615,188.53004285167208,185.68352392965696,187.9907073974609,120006100,0.05404694570394299,0.04234475000917801,-0.020858870572197263,0.5408282421416585,-0.0040152511371595425,-0.00011022561756222385,1.831317407041925,-0.007312361497824105,0,2025-12-30
2025-12-30,Q4,test,272.06942798009953,273.3359694836473,271.54086793463244,272.33868408203125,22139600,618.3798323976478,620.7142858196408,617.7612369489017,617.9707641601562,31226800,482.8666136001516,486.5929730105466,482.43933166580535,484.4068603515625,13944500,188.0106981731968,188.75978454971104,186.70228116711607,187.31153869628903,97687300,0.03407695789546548,0.03203709829899135,-0.00533248687604948,0.5676652132365836,0.0006956304122608657,9.707219704945558e-05,1.7142449826271575,-0.010224182825021466,0,2025-12-31
2025-12-31,Q4,test,272.3187639976345,272.9370761103812,271.0123224859311,271.1220092773437,27293600,618.1903012408169,618.4995685313527,612.6034567489972,612.8628540039062,40746500,484.7645645601486,485.0626915008753,480.25317705215497,480.5711669921875,15601600,189.33906392286715,190.32784810299728,186.26281429981768,186.27279663085935,120100500,0.009675481499879957,0.018468218897221188,0.008642798927205098,0.48227764067331214,0.00021136645862601097,0.00014607741124578985,1.4566389184449955,-0.0036396150091531076,0,2026-01-02
