Date,target_date,actual,predicted,probability_up,split,experiment,model,seed
2025-07-01,2025-07-02,1,1,0.5041322314049587,validation,baseline,majority_class,
2025-07-02,2025-07-03,1,1,0.5041322314049587,validation,baseline,majority_class,
2025-07-03,2025-07-07,0,1,0.5041322314049587,validation,baseline,majority_class,
2025-07-07,2025-07-08,1,1,0.5041322314049587,validation,baseline,majority_class,
2025-07-08,2025-07-09,1,1,0.5041322314049587,validation,baseline,majority_class,
2025-07-09,2025-07-10,1,1,0.5041322314049587,validation,baseline,majority_class,
2025-07-10,2025-07-11,0,1,0.5041322314049587,validation,baseline,majority_class,
2025-07-11,2025-07-14,0,1,0.5041322314049587,validation,baseline,majority_class,
2025-07-14,2025-07-15,1,1,0.5041322314049587,validation,baseline,majority_class,
2025-07-15,2025-07-16,1,1,0.5041322314049587,validation,baseline,majority_class,
2025-07-16,2025-07-17,0,1,0.5041322314049587,validation,baseline,majority_class,
2025-07-17,2025-07-18,1,1,0.5041322314049587,validation,baseline,majority_class,
2025-07-18,2025-07-21,1,1,0.5041322314049587,validation,baseline,majority_class,
2025-07-21,2025-07-22,1,1,0.5041322314049587,validation,baseline,majority_class,
2025-07-22,2025-07-23,0,1,0.5041322314049587,validation,baseline,majority_class,
2025-07-23,2025-07-24,0,1,0.5041322314049587,validation,baseline,majority_class,
2025-07-24,2025-07-25,1,1,0.5041322314049587,validation,baseline,majority_class,
2025-07-25,2025-07-28,1,1,0.5041322314049587,validation,baseline,majority_class,
2025-07-28,2025-07-29,0,1,0.5041322314049587,validation,baseline,majority_class,
2025-07-29,2025-07-30,0,1,0.5041322314049587,validation,baseline,majority_class,
2025-07-30,2025-07-31,0,1,0.5041322314049587,validation,baseline,majority_class,
2025-07-31,2025-08-01,0,1,0.5041322314049587,validation,baseline,majority_class,
2025-08-01,2025-08-04,1,1,0.5041322314049587,validation,baseline,majority_class,
2025-08-04,2025-08-05,0,1,0.5041322314049587,validation,baseline,majority_class,
2025-08-05,2025-08-06,1,1,0.5041322314049587,validation,baseline,majority_class,
2025-08-06,2025-08-07,1,1,0.5041322314049587,validation,baseline,majority_class,
2025-08-07,2025-08-08,1,1,0.5041322314049587,validation,baseline,majority_class,
2025-08-08,2025-08-11,0,1,0.5041322314049587,validation,baseline,majority_class,
2025-08-11,2025-08-12,1,1,0.5041322314049587,validation,baseline,majority_class,
2025-08-12,2025-08-13,1,1,0.5041322314049587,validation,baseline,majority_class,
2025-08-13,2025-08-14,0,1,0.5041322314049587,validation,baseline,majority_class,
2025-08-14,2025-08-15,0,1,0.5041322314049587,validation,baseline,majority_class,
2025-08-15,2025-08-18,0,1,0.5041322314049587,validation,baseline,majority_class,
2025-08-18,2025-08-19,0,1,0.5041322314049587,validation,baseline,majority_class,
2025-08-19,2025-08-20,0,1,0.5041322314049587,validation,baseline,majority_class,
2025-08-20,2025-08-21,0,1,0.5041322314049587,validation,baseline,majority_class,
2025-08-21,2025-08-22,1,1,0.5041322314049587,validation,baseline,majority_class,
2025-08-22,2025-08-25,0,1,0.5041322314049587,validation,baseline,majority_class,
2025-08-25,2025-08-26,1,1,0.5041322314049587,validation,baseline,majority_class,
2025-08-26,2025-08-27,1,1,0.5041322314049587,validation,baseline,majority_class,
2025-08-27,2025-08-28,1,1,0.5041322314049587,validation,baseline,majority_class,
2025-08-28,2025-08-29,0,1,0.5041322314049587,validation,baseline,majority_class,
2025-08-29,2025-09-02,0,1,0.5041322314049587,validation,baseline,majority_class,
2025-09-02,2025-09-03,1,1,0.5041322314049587,validation,baseline,majority_class,
2025-09-03,2025-09-04,1,1,0.5041322314049587,validation,baseline,majority_class,
2025-09-04,2025-09-05,0,1,0.5041322314049587,validation,baseline,majority_class,
2025-09-05,2025-09-08,0,1,0.5041322314049587,validation,baseline,majority_class,
2025-09-08,2025-09-09,0,1,0.5041322314049587,validation,baseline,majority_class,
2025-09-09,2025-09-10,0,1,0.5041322314049587,validation,baseline,majority_class,
2025-09-10,2025-09-11,1,1,0.5041322314049587,validation,baseline,majority_class,
2025-09-11,2025-09-12,1,1,0.5041322314049587,validation,baseline,majority_class,
2025-09-12,2025-09-15,1,1,0.5041322314049587,validation,baseline,majority_class,
2025-09-15,2025-09-16,1,1,0.5041322314049587,validation,baseline,majority_class,
2025-09-16,2025-09-17,1,1,0.5041322314049587,validation,baseline,majority_class,
2025-09-17,2025-09-18,0,1,0.5041322314049587,validation,baseline,majority_class,
2025-09-18,2025-09-19,1,1,0.5041322314049587,validation,baseline,majority_class,
2025-09-19,2025-09-22,1,1,0.5041322314049587,validation,baseline,majority_class,
2025-09-22,2025-09-23,0,1,0.5041322314049587,validation,baseline,majority_class,
2025-09-23,2025-09-24,0,1,0.5041322314049587,validation,baseline,majority_class,
2025-09-24,2025-09-25,1,1,0.5041322314049587,validation,baseline,majority_class,
2025-09-25,2025-09-26,0,1,0.5041322314049587,validation,baseline,majority_class,
2025-09-26,2025-09-29,0,1,0.5041322314049587,validation,baseline,majority_class,
2025-09-29,2025-09-30,1,1,0.5041322314049587,validation,baseline,majority_class,
2025-07-01,2025-07-02,1,1,1.0,validation,baseline,previous_direction,
2025-07-02,2025-07-03,1,1,1.0,validation,baseline,previous_direction,
2025-07-03,2025-07-07,0,1,1.0,validation,baseline,previous_direction,
2025-07-07,2025-07-08,1,0,0.0,validation,baseline,previous_direction,
2025-07-08,2025-07-09,1,1,1.0,validation,baseline,previous_direction,
2025-07-09,2025-07-10,1,1,1.0,validation,baseline,previous_direction,
2025-07-10,2025-07-11,0,1,1.0,validation,baseline,previous_direction,
2025-07-11,2025-07-14,0,0,0.0,validation,baseline,previous_direction,
2025-07-14,2025-07-15,1,0,0.0,validation,baseline,previous_direction,
2025-07-15,2025-07-16,1,1,1.0,validation,baseline,previous_direction,
2025-07-16,2025-07-17,0,1,1.0,validation,baseline,previous_direction,
2025-07-17,2025-07-18,1,0,0.0,validation,baseline,previous_direction,
2025-07-18,2025-07-21,1,1,1.0,validation,baseline,previous_direction,
2025-07-21,2025-07-22,1,1,1.0,validation,baseline,previous_direction,
2025-07-22,2025-07-23,0,1,1.0,validation,baseline,previous_direction,
2025-07-23,2025-07-24,0,0,0.0,validation,baseline,previous_direction,
2025-07-24,2025-07-25,1,0,0.0,validation,baseline,previous_direction,
2025-07-25,2025-07-28,1,1,1.0,validation,baseline,previous_direction,
2025-07-28,2025-07-29,0,1,1.0,validation,baseline,previous_direction,
2025-07-29,2025-07-30,0,0,0.0,validation,baseline,previous_direction,
2025-07-30,2025-07-31,0,0,0.0,validation,baseline,previous_direction,
2025-07-31,2025-08-01,0,0,0.0,validation,baseline,previous_direction,
2025-08-01,2025-08-04,1,0,0.0,validation,baseline,previous_direction,
2025-08-04,2025-08-05,0,1,1.0,validation,baseline,previous_direction,
2025-08-05,2025-08-06,1,0,0.0,validation,baseline,previous_direction,
2025-08-06,2025-08-07,1,1,1.0,validation,baseline,previous_direction,
2025-08-07,2025-08-08,1,1,1.0,validation,baseline,previous_direction,
2025-08-08,2025-08-11,0,1,1.0,validation,baseline,previous_direction,
2025-08-11,2025-08-12,1,0,0.0,validation,baseline,previous_direction,
2025-08-12,2025-08-13,1,1,1.0,validation,baseline,previous_direction,
2025-08-13,2025-08-14,0,1,1.0,validation,baseline,previous_direction,
2025-08-14,2025-08-15,0,0,0.0,validation,baseline,previous_direction,
2025-08-15,2025-08-18,0,0,0.0,validation,baseline,previous_direction,
2025-08-18,2025-08-19,0,0,0.0,validation,baseline,previous_direction,
2025-08-19,2025-08-20,0,0,0.0,validation,baseline,previous_direction,
2025-08-20,2025-08-21,0,0,0.0,validation,baseline,previous_direction,
2025-08-21,2025-08-22,1,0,0.0,validation,baseline,previous_direction,
2025-08-22,2025-08-25,0,1,1.0,validation,baseline,previous_direction,
2025-08-25,2025-08-26,1,0,0.0,validation,baseline,previous_direction,
2025-08-26,2025-08-27,1,1,1.0,validation,baseline,previous_direction,
2025-08-27,2025-08-28,1,1,1.0,validation,baseline,previous_direction,
2025-08-28,2025-08-29,0,1,1.0,validation,baseline,previous_direction,
2025-08-29,2025-09-02,0,0,0.0,validation,baseline,previous_direction,
2025-09-02,2025-09-03,1,0,0.0,validation,baseline,previous_direction,
2025-09-03,2025-09-04,1,1,1.0,validation,baseline,previous_direction,
2025-09-04,2025-09-05,0,1,1.0,validation,baseline,previous_direction,
2025-09-05,2025-09-08,0,0,0.0,validation,baseline,previous_direction,
2025-09-08,2025-09-09,0,0,0.0,validation,baseline,previous_direction,
2025-09-09,2025-09-10,0,0,0.0,validation,baseline,previous_direction,
2025-09-10,2025-09-11,1,0,0.0,validation,baseline,previous_direction,
2025-09-11,2025-09-12,1,1,1.0,validation,baseline,previous_direction,
2025-09-12,2025-09-15,1,1,1.0,validation,baseline,previous_direction,
2025-09-15,2025-09-16,1,1,1.0,validation,baseline,previous_direction,
2025-09-16,2025-09-17,1,1,1.0,validation,baseline,previous_direction,
2025-09-17,2025-09-18,0,1,1.0,validation,baseline,previous_direction,
2025-09-18,2025-09-19,1,0,0.0,validation,baseline,previous_direction,
2025-09-19,2025-09-22,1,1,1.0,validation,baseline,previous_direction,
2025-09-22,2025-09-23,0,1,1.0,validation,baseline,previous_direction,
2025-09-23,2025-09-24,0,0,0.0,validation,baseline,previous_direction,
2025-09-24,2025-09-25,1,0,0.0,validation,baseline,previous_direction,
2025-09-25,2025-09-26,0,1,1.0,validation,baseline,previous_direction,
2025-09-26,2025-09-29,0,0,0.0,validation,baseline,previous_direction,
2025-09-29,2025-09-30,1,0,0.0,validation,baseline,previous_direction,
2025-10-01,2025-10-02,1,1,0.5041322314049587,test,baseline,majority_class,
2025-10-02,2025-10-03,1,1,0.5041322314049587,test,baseline,majority_class,
2025-10-03,2025-10-06,0,1,0.5041322314049587,test,baseline,majority_class,
2025-10-06,2025-10-07,0,1,0.5041322314049587,test,baseline,majority_class,
2025-10-07,2025-10-08,1,1,0.5041322314049587,test,baseline,majority_class,
2025-10-08,2025-10-09,0,1,0.5041322314049587,test,baseline,majority_class,
2025-10-09,2025-10-10,0,1,0.5041322314049587,test,baseline,majority_class,
2025-10-10,2025-10-13,1,1,0.5041322314049587,test,baseline,majority_class,
2025-10-13,2025-10-14,1,1,0.5041322314049587,test,baseline,majority_class,
2025-10-14,2025-10-15,1,1,0.5041322314049587,test,baseline,majority_class,
2025-10-15,2025-10-16,0,1,0.5041322314049587,test,baseline,majority_class,
2025-10-16,2025-10-17,1,1,0.5041322314049587,test,baseline,majority_class,
2025-10-17,2025-10-20,1,1,0.5041322314049587,test,baseline,majority_class,
2025-10-20,2025-10-21,1,1,0.5041322314049587,test,baseline,majority_class,
2025-10-21,2025-10-22,0,1,0.5041322314049587,test,baseline,majority_class,
2025-10-22,2025-10-23,1,1,0.5041322314049587,test,baseline,majority_class,
2025-10-23,2025-10-24,1,1,0.5041322314049587,test,baseline,majority_class,
2025-10-24,2025-10-27,1,1,0.5041322314049587,test,baseline,majority_class,
2025-10-27,2025-10-28,1,1,0.5041322314049587,test,baseline,majority_class,
2025-10-28,2025-10-29,1,1,0.5041322314049587,test,baseline,majority_class,
2025-10-29,2025-10-30,1,1,0.5041322314049587,test,baseline,majority_class,
2025-10-30,2025-10-31,0,1,0.5041322314049587,test,baseline,majority_class,
2025-10-31,2025-11-03,0,1,0.5041322314049587,test,baseline,majority_class,
2025-11-03,2025-11-04,1,1,0.5041322314049587,test,baseline,majority_class,
2025-11-04,2025-11-05,1,1,0.5041322314049587,test,baseline,majority_class,
2025-11-05,2025-11-06,0,1,0.5041322314049587,test,baseline,majority_class,
2025-11-06,2025-11-07,0,1,0.5041322314049587,test,baseline,majority_class,
2025-11-07,2025-11-10,1,1,0.5041322314049587,test,baseline,majority_class,
2025-11-10,2025-11-11,1,1,0.5041322314049587,test,baseline,majority_class,
2025-11-11,2025-11-12,0,1,0.5041322314049587,test,baseline,majority_class,
2025-11-12,2025-11-13,0,1,0.5041322314049587,test,baseline,majority_class,
2025-11-13,2025-11-14,0,1,0.5041322314049587,test,baseline,majority_class,
2025-11-14,2025-11-17,0,1,0.5041322314049587,test,baseline,majority_class,
2025-11-17,2025-11-18,0,1,0.5041322314049587,test,baseline,majority_class,
2025-11-18,2025-11-19,1,1,0.5041322314049587,test,baseline,majority_class,
2025-11-19,2025-11-20,0,1,0.5041322314049587,test,baseline,majority_class,
2025-11-20,2025-11-21,1,1,0.5041322314049587,test,baseline,majority_class,
2025-11-21,2025-11-24,1,1,0.5041322314049587,test,baseline,majority_class,
2025-11-24,2025-11-25,1,1,0.5041322314049587,test,baseline,majority_class,
2025-11-25,2025-11-26,1,1,0.5041322314049587,test,baseline,majority_class,
2025-11-26,2025-11-28,1,1,0.5041322314049587,test,baseline,majority_class,
2025-11-28,2025-12-01,1,1,0.5041322314049587,test,baseline,majority_class,
2025-12-01,2025-12-02,1,1,0.5041322314049587,test,baseline,majority_class,
2025-12-02,2025-12-03,0,1,0.5041322314049587,test,baseline,majority_class,
2025-12-03,2025-12-04,0,1,0.5041322314049587,test,baseline,majority_class,
2025-12-04,2025-12-05,0,1,0.5041322314049587,test,baseline,majority_class,
2025-12-05,2025-12-08,0,1,0.5041322314049587,test,baseline,majority_class,
2025-12-08,2025-12-09,0,1,0.5041322314049587,test,baseline,majority_class,
2025-12-09,2025-12-10,1,1,0.5041322314049587,test,baseline,majority_class,
2025-12-10,2025-12-11,0,1,0.5041322314049587,test,baseline,majority_class,
2025-12-11,2025-12-12,1,1,0.5041322314049587,test,baseline,majority_class,
2025-12-12,2025-12-15,0,1,0.5041322314049587,test,baseline,majority_class,
2025-12-15,2025-12-16,1,1,0.5041322314049587,test,baseline,majority_class,
2025-12-16,2025-12-17,0,1,0.5041322314049587,test,baseline,majority_class,
2025-12-17,2025-12-18,1,1,0.5041322314049587,test,baseline,majority_class,
2025-12-18,2025-12-19,1,1,0.5041322314049587,test,baseline,majority_class,
2025-12-19,2025-12-22,0,1,0.5041322314049587,test,baseline,majority_class,
2025-12-22,2025-12-23,1,1,0.5041322314049587,test,baseline,majority_class,
2025-12-23,2025-12-24,1,1,0.5041322314049587,test,baseline,majority_class,
2025-12-24,2025-12-26,0,1,0.5041322314049587,test,baseline,majority_class,
2025-12-26,2025-12-29,1,1,0.5041322314049587,test,baseline,majority_class,
2025-12-29,2025-12-30,0,1,0.5041322314049587,test,baseline,majority_class,
2025-12-30,2025-12-31,0,1,0.5041322314049587,test,baseline,majority_class,
2025-10-01,2025-10-02,1,1,1.0,test,baseline,previous_direction,
2025-10-02,2025-10-03,1,1,1.0,test,baseline,previous_direction,
2025-10-03,2025-10-06,0,1,1.0,test,baseline,previous_direction,
2025-10-06,2025-10-07,0,0,0.0,test,baseline,previous_direction,
2025-10-07,2025-10-08,1,0,0.0,test,baseline,previous_direction,
2025-10-08,2025-10-09,0,1,1.0,test,baseline,previous_direction,
2025-10-09,2025-10-10,0,0,0.0,test,baseline,previous_direction,
2025-10-10,2025-10-13,1,0,0.0,test,baseline,previous_direction,
2025-10-13,2025-10-14,1,1,1.0,test,baseline,previous_direction,
2025-10-14,2025-10-15,1,1,1.0,test,baseline,previous_direction,
2025-10-15,2025-10-16,0,1,1.0,test,baseline,previous_direction,
2025-10-16,2025-10-17,1,0,0.0,test,baseline,previous_direction,
2025-10-17,2025-10-20,1,1,1.0,test,baseline,previous_direction,
2025-10-20,2025-10-21,1,1,1.0,test,baseline,previous_direction,
2025-10-21,2025-10-22,0,1,1.0,test,baseline,previous_direction,
2025-10-22,2025-10-23,1,0,0.0,test,baseline,previous_direction,
2025-10-23,2025-10-24,1,1,1.0,test,baseline,previous_direction,
2025-10-24,2025-10-27,1,1,1.0,test,baseline,previous_direction,
2025-10-27,2025-10-28,1,1,1.0,test,baseline,previous_direction,
2025-10-28,2025-10-29,1,1,1.0,test,baseline,previous_direction,
2025-10-29,2025-10-30,1,1,1.0,test,baseline,previous_direction,
2025-10-30,2025-10-31,0,1,1.0,test,baseline,previous_direction,
2025-10-31,2025-11-03,0,0,0.0,test,baseline,previous_direction,
2025-11-03,2025-11-04,1,0,0.0,test,baseline,previous_direction,
2025-11-04,2025-11-05,1,1,1.0,test,baseline,previous_direction,
2025-11-05,2025-11-06,0,1,1.0,test,baseline,previous_direction,
2025-11-06,2025-11-07,0,0,0.0,test,baseline,previous_direction,
2025-11-07,2025-11-10,1,0,0.0,test,baseline,previous_direction,
2025-11-10,2025-11-11,1,1,1.0,test,baseline,previous_direction,
2025-11-11,2025-11-12,0,1,1.0,test,baseline,previous_direction,
2025-11-12,2025-11-13,0,0,0.0,test,baseline,previous_direction,
2025-11-13,2025-11-14,0,0,0.0,test,baseline,previous_direction,
2025-11-14,2025-11-17,0,0,0.0,test,baseline,previous_direction,
2025-11-17,2025-11-18,0,0,0.0,test,baseline,previous_direction,
2025-11-18,2025-11-19,1,0,0.0,test,baseline,previous_direction,
2025-11-19,2025-11-20,0,1,1.0,test,baseline,previous_direction,
2025-11-20,2025-11-21,1,0,0.0,test,baseline,previous_direction,
2025-11-21,2025-11-24,1,1,1.0,test,baseline,previous_direction,
2025-11-24,2025-11-25,1,1,1.0,test,baseline,previous_direction,
2025-11-25,2025-11-26,1,1,1.0,test,baseline,previous_direction,
2025-11-26,2025-11-28,1,1,1.0,test,baseline,previous_direction,
2025-11-28,2025-12-01,1,1,1.0,test,baseline,previous_direction,
2025-12-01,2025-12-02,1,1,1.0,test,baseline,previous_direction,
2025-12-02,2025-12-03,0,1,1.0,test,baseline,previous_direction,
2025-12-03,2025-12-04,0,0,0.0,test,baseline,previous_direction,
2025-12-04,2025-12-05,0,0,0.0,test,baseline,previous_direction,
2025-12-05,2025-12-08,0,0,0.0,test,baseline,previous_direction,
2025-12-08,2025-12-09,0,0,0.0,test,baseline,previous_direction,
2025-12-09,2025-12-10,1,0,0.0,test,baseline,previous_direction,
2025-12-10,2025-12-11,0,1,1.0,test,baseline,previous_direction,
2025-12-11,2025-12-12,1,0,0.0,test,baseline,previous_direction,
2025-12-12,2025-12-15,0,1,1.0,test,baseline,previous_direction,
2025-12-15,2025-12-16,1,0,0.0,test,baseline,previous_direction,
2025-12-16,2025-12-17,0,1,1.0,test,baseline,previous_direction,
2025-12-17,2025-12-18,1,0,0.0,test,baseline,previous_direction,
2025-12-18,2025-12-19,1,1,1.0,test,baseline,previous_direction,
2025-12-19,2025-12-22,0,1,1.0,test,baseline,previous_direction,
2025-12-22,2025-12-23,1,0,0.0,test,baseline,previous_direction,
2025-12-23,2025-12-24,1,1,1.0,test,baseline,previous_direction,
2025-12-24,2025-12-26,0,1,1.0,test,baseline,previous_direction,
2025-12-26,2025-12-29,1,0,0.0,test,baseline,previous_direction,
2025-12-29,2025-12-30,0,1,1.0,test,baseline,previous_direction,
2025-12-30,2025-12-31,0,0,0.0,test,baseline,previous_direction,
2025-07-01,2025-07-02,1,0,0.3996757383993947,validation,A,logistic_regression,42.0
2025-07-02,2025-07-03,1,0,0.40399274414400727,validation,A,logistic_regression,42.0
2025-07-03,2025-07-07,0,0,0.3637000543440663,validation,A,logistic_regression,42.0
2025-07-07,2025-07-08,1,0,0.2663643976167715,validation,A,logistic_regression,42.0
2025-07-08,2025-07-09,1,0,0.23432277740701354,validation,A,logistic_regression,42.0
2025-07-09,2025-07-10,1,0,0.21348744908055142,validation,A,logistic_regression,42.0
2025-07-10,2025-07-11,0,0,0.3699259019910497,validation,A,logistic_regression,42.0
2025-07-11,2025-07-14,0,0,0.36281171637271986,validation,A,logistic_regression,42.0
2025-07-14,2025-07-15,1,0,0.3339560423665635,validation,A,logistic_regression,42.0
2025-07-15,2025-07-16,1,0,0.2707040047312576,validation,A,logistic_regression,42.0
2025-07-16,2025-07-17,0,0,0.3188629171363319,validation,A,logistic_regression,42.0
2025-07-17,2025-07-18,1,0,0.3887055337206242,validation,A,logistic_regression,42.0
2025-07-18,2025-07-21,1,0,0.3645518190819736,validation,A,logistic_regression,42.0
2025-07-21,2025-07-22,1,0,0.3730854946976019,validation,A,logistic_regression,42.0
2025-07-22,2025-07-23,0,0,0.38250905981013644,validation,A,logistic_regression,42.0
2025-07-23,2025-07-24,0,0,0.3649442198087072,validation,A,logistic_regression,42.0
2025-07-24,2025-07-25,1,0,0.34961309150754866,validation,A,logistic_regression,42.0
2025-07-25,2025-07-28,1,0,0.31611622745907403,validation,A,logistic_regression,42.0
2025-07-28,2025-07-29,0,0,0.33918609233704233,validation,A,logistic_regression,42.0
2025-07-29,2025-07-30,0,0,0.39001331438787684,validation,A,logistic_regression,42.0
2025-07-30,2025-07-31,0,0,0.39797208302837833,validation,A,logistic_regression,42.0
2025-07-31,2025-08-01,0,0,0.38472907065324546,validation,A,logistic_regression,42.0
2025-08-01,2025-08-04,1,0,0.43740468140104855,validation,A,logistic_regression,42.0
2025-08-04,2025-08-05,0,0,0.43554572827834764,validation,A,logistic_regression,42.0
2025-08-05,2025-08-06,1,0,0.47963549793739224,validation,A,logistic_regression,42.0
2025-08-06,2025-08-07,1,0,0.35591803083328,validation,A,logistic_regression,42.0
2025-08-07,2025-08-08,1,0,0.377070668642051,validation,A,logistic_regression,42.0
2025-08-08,2025-08-11,0,0,0.3576751363124573,validation,A,logistic_regression,42.0
2025-08-11,2025-08-12,1,0,0.21492593097665838,validation,A,logistic_regression,42.0
2025-08-12,2025-08-13,1,0,0.12447075326126049,validation,A,logistic_regression,42.0
2025-08-13,2025-08-14,0,0,0.10081831810584976,validation,A,logistic_regression,42.0
2025-08-14,2025-08-15,0,0,0.1727108427608311,validation,A,logistic_regression,42.0
2025-08-15,2025-08-18,0,0,0.2664107856043215,validation,A,logistic_regression,42.0
2025-08-18,2025-08-19,0,0,0.21963031452124998,validation,A,logistic_regression,42.0
2025-08-19,2025-08-20,0,0,0.26299411370015213,validation,A,logistic_regression,42.0
2025-08-20,2025-08-21,0,0,0.3703477685463794,validation,A,logistic_regression,42.0
2025-08-21,2025-08-22,1,0,0.381844043728028,validation,A,logistic_regression,42.0
2025-08-22,2025-08-25,0,0,0.3355848008784648,validation,A,logistic_regression,42.0
2025-08-25,2025-08-26,1,0,0.45506706848628625,validation,A,logistic_regression,42.0
2025-08-26,2025-08-27,1,0,0.4098548931899305,validation,A,logistic_regression,42.0
2025-08-27,2025-08-28,1,0,0.3633155098629935,validation,A,logistic_regression,42.0
2025-08-28,2025-08-29,0,0,0.35543096589240436,validation,A,logistic_regression,42.0
2025-08-29,2025-09-02,0,0,0.30460132278108887,validation,A,logistic_regression,42.0
2025-09-02,2025-09-03,1,0,0.2771026166944377,validation,A,logistic_regression,42.0
2025-09-03,2025-09-04,1,0,0.1453978437758281,validation,A,logistic_regression,42.0
2025-09-04,2025-09-05,0,0,0.23537624557552989,validation,A,logistic_regression,42.0
2025-09-05,2025-09-08,0,0,0.3336475745868341,validation,A,logistic_regression,42.0
2025-09-08,2025-09-09,0,0,0.222435906111391,validation,A,logistic_regression,42.0
2025-09-09,2025-09-10,0,0,0.1737039039381345,validation,A,logistic_regression,42.0
2025-09-10,2025-09-11,1,0,0.31021383995763063,validation,A,logistic_regression,42.0
2025-09-11,2025-09-12,1,0,0.3208890082407755,validation,A,logistic_regression,42.0
2025-09-12,2025-09-15,1,0,0.35286944326107544,validation,A,logistic_regression,42.0
2025-09-15,2025-09-16,1,1,0.5009049762724187,validation,A,logistic_regression,42.0
2025-09-16,2025-09-17,1,0,0.39280812411830923,validation,A,logistic_regression,42.0
2025-09-17,2025-09-18,0,0,0.4016451383301533,validation,A,logistic_regression,42.0
2025-09-18,2025-09-19,1,0,0.33119156278489037,validation,A,logistic_regression,42.0
2025-09-19,2025-09-22,1,0,0.19989369674725493,validation,A,logistic_regression,42.0
2025-09-22,2025-09-23,0,0,0.20296438018506677,validation,A,logistic_regression,42.0
2025-09-23,2025-09-24,0,0,0.2966372585182465,validation,A,logistic_regression,42.0
2025-09-24,2025-09-25,1,0,0.19414884441468028,validation,A,logistic_regression,42.0
2025-09-25,2025-09-26,0,0,0.08289086944145528,validation,A,logistic_regression,42.0
2025-09-26,2025-09-29,0,0,0.15853543013748764,validation,A,logistic_regression,42.0
2025-09-29,2025-09-30,1,0,0.34235982856484976,validation,A,logistic_regression,42.0
2025-07-01,2025-07-02,1,0,0.3629611063628122,validation,A,random_forest,0.0
2025-07-02,2025-07-03,1,0,0.4757173943930906,validation,A,random_forest,0.0
2025-07-03,2025-07-07,0,0,0.4741156721789995,validation,A,random_forest,0.0
2025-07-07,2025-07-08,1,0,0.39212283499882383,validation,A,random_forest,0.0
2025-07-08,2025-07-09,1,0,0.3793448102952405,validation,A,random_forest,0.0
2025-07-09,2025-07-10,1,0,0.33548789760625986,validation,A,random_forest,0.0
2025-07-10,2025-07-11,0,0,0.38589747212263975,validation,A,random_forest,0.0
2025-07-11,2025-07-14,0,0,0.3932675040788975,validation,A,random_forest,0.0
2025-07-14,2025-07-15,1,0,0.3532262198295557,validation,A,random_forest,0.0
2025-07-15,2025-07-16,1,0,0.3449874952813008,validation,A,random_forest,0.0
2025-07-16,2025-07-17,0,0,0.30224453245485783,validation,A,random_forest,0.0
2025-07-17,2025-07-18,1,0,0.34765936910577694,validation,A,random_forest,0.0
2025-07-18,2025-07-21,1,0,0.374282446132946,validation,A,random_forest,0.0
2025-07-21,2025-07-22,1,0,0.2532837987470714,validation,A,random_forest,0.0
2025-07-22,2025-07-23,0,0,0.3016223046992314,validation,A,random_forest,0.0
2025-07-23,2025-07-24,0,0,0.37173562165764296,validation,A,random_forest,0.0
2025-07-24,2025-07-25,1,0,0.3815607427930879,validation,A,random_forest,0.0
2025-07-25,2025-07-28,1,0,0.3531159083476343,validation,A,random_forest,0.0
2025-07-28,2025-07-29,0,0,0.3612834994403745,validation,A,random_forest,0.0
2025-07-29,2025-07-30,0,0,0.29900538193893234,validation,A,random_forest,0.0
2025-07-30,2025-07-31,0,0,0.392707134887059,validation,A,random_forest,0.0
2025-07-31,2025-08-01,0,0,0.454235649871894,validation,A,random_forest,0.0
2025-08-01,2025-08-04,1,0,0.4916522733941679,validation,A,random_forest,0.0
2025-08-04,2025-08-05,0,0,0.40099456664241623,validation,A,random_forest,0.0
2025-08-05,2025-08-06,1,1,0.5220404072767859,validation,A,random_forest,0.0
2025-08-06,2025-08-07,1,0,0.48208674907892296,validation,A,random_forest,0.0
2025-08-07,2025-08-08,1,0,0.40661419097355583,validation,A,random_forest,0.0
2025-08-08,2025-08-11,0,0,0.4546847255130183,validation,A,random_forest,0.0
2025-08-11,2025-08-12,1,0,0.3231491693371099,validation,A,random_forest,0.0
2025-08-12,2025-08-13,1,0,0.2806822514224364,validation,A,random_forest,0.0
2025-08-13,2025-08-14,0,0,0.34981648297445034,validation,A,random_forest,0.0
2025-08-14,2025-08-15,0,0,0.3911580179875548,validation,A,random_forest,0.0
2025-08-15,2025-08-18,0,0,0.4073886180784949,validation,A,random_forest,0.0
2025-08-18,2025-08-19,0,1,0.5185376625729193,validation,A,random_forest,0.0
2025-08-19,2025-08-20,0,0,0.45994160897551695,validation,A,random_forest,0.0
2025-08-20,2025-08-21,0,0,0.36334482711723437,validation,A,random_forest,0.0
2025-08-21,2025-08-22,1,0,0.4114383495277127,validation,A,random_forest,0.0
2025-08-22,2025-08-25,0,0,0.3393260093270302,validation,A,random_forest,0.0
2025-08-25,2025-08-26,1,0,0.43397316211011333,validation,A,random_forest,0.0
2025-08-26,2025-08-27,1,0,0.3401574011337071,validation,A,random_forest,0.0
2025-08-27,2025-08-28,1,0,0.4151626473274618,validation,A,random_forest,0.0
2025-08-28,2025-08-29,0,0,0.3504305659323115,validation,A,random_forest,0.0
2025-08-29,2025-09-02,0,0,0.3830077656170897,validation,A,random_forest,0.0
2025-09-02,2025-09-03,1,0,0.34237473966365345,validation,A,random_forest,0.0
2025-09-03,2025-09-04,1,0,0.4600326775243613,validation,A,random_forest,0.0
2025-09-04,2025-09-05,0,0,0.38580833518226954,validation,A,random_forest,0.0
2025-09-05,2025-09-08,0,0,0.4135183019034592,validation,A,random_forest,0.0
2025-09-08,2025-09-09,0,0,0.38798551122950536,validation,A,random_forest,0.0
2025-09-09,2025-09-10,0,0,0.32840936707796464,validation,A,random_forest,0.0
2025-09-10,2025-09-11,1,0,0.44098898246819385,validation,A,random_forest,0.0
2025-09-11,2025-09-12,1,0,0.35864739213103103,validation,A,random_forest,0.0
2025-09-12,2025-09-15,1,0,0.35290504129082434,validation,A,random_forest,0.0
2025-09-15,2025-09-16,1,0,0.281543864574348,validation,A,random_forest,0.0
2025-09-16,2025-09-17,1,0,0.2923091627297477,validation,A,random_forest,0.0
2025-09-17,2025-09-18,0,0,0.3386248452736812,validation,A,random_forest,0.0
2025-09-18,2025-09-19,1,0,0.3461956593958016,validation,A,random_forest,0.0
2025-09-19,2025-09-22,1,1,0.5046741376464217,validation,A,random_forest,0.0
2025-09-22,2025-09-23,0,0,0.4705598099802081,validation,A,random_forest,0.0
2025-09-23,2025-09-24,0,0,0.3590165907832574,validation,A,random_forest,0.0
2025-09-24,2025-09-25,1,0,0.3800346749522704,validation,A,random_forest,0.0
2025-09-25,2025-09-26,0,0,0.37363185536739646,validation,A,random_forest,0.0
2025-09-26,2025-09-29,0,0,0.3767643714253879,validation,A,random_forest,0.0
2025-09-29,2025-09-30,1,0,0.4865865813235201,validation,A,random_forest,0.0
2025-07-01,2025-07-02,1,0,0.3853500612464162,validation,A,random_forest,1.0
2025-07-02,2025-07-03,1,1,0.500266109973757,validation,A,random_forest,1.0
2025-07-03,2025-07-07,0,1,0.5366340647635865,validation,A,random_forest,1.0
2025-07-07,2025-07-08,1,0,0.4064892396483748,validation,A,random_forest,1.0
2025-07-08,2025-07-09,1,0,0.34777797247278336,validation,A,random_forest,1.0
2025-07-09,2025-07-10,1,0,0.3651251561324766,validation,A,random_forest,1.0
2025-07-10,2025-07-11,0,0,0.4197466599285035,validation,A,random_forest,1.0
2025-07-11,2025-07-14,0,0,0.3820181723959966,validation,A,random_forest,1.0
2025-07-14,2025-07-15,1,0,0.3400775747844703,validation,A,random_forest,1.0
2025-07-15,2025-07-16,1,0,0.33483625736058703,validation,A,random_forest,1.0
2025-07-16,2025-07-17,0,0,0.3240218971207945,validation,A,random_forest,1.0
2025-07-17,2025-07-18,1,0,0.3383189944719593,validation,A,random_forest,1.0
2025-07-18,2025-07-21,1,0,0.38644902555497873,validation,A,random_forest,1.0
2025-07-21,2025-07-22,1,0,0.2753828105275012,validation,A,random_forest,1.0
2025-07-22,2025-07-23,0,0,0.3194400716505799,validation,A,random_forest,1.0
2025-07-23,2025-07-24,0,0,0.36184562893826583,validation,A,random_forest,1.0
2025-07-24,2025-07-25,1,0,0.37737337306463753,validation,A,random_forest,1.0
2025-07-25,2025-07-28,1,0,0.35726086274752267,validation,A,random_forest,1.0
2025-07-28,2025-07-29,0,0,0.3854887595357509,validation,A,random_forest,1.0
2025-07-29,2025-07-30,0,0,0.3078566451656133,validation,A,random_forest,1.0
2025-07-30,2025-07-31,0,0,0.3773523219001275,validation,A,random_forest,1.0
2025-07-31,2025-08-01,0,0,0.4363289955380738,validation,A,random_forest,1.0
2025-08-01,2025-08-04,1,0,0.48055120341049057,validation,A,random_forest,1.0
2025-08-04,2025-08-05,0,0,0.3742318422448173,validation,A,random_forest,1.0
2025-08-05,2025-08-06,1,0,0.4606336573025879,validation,A,random_forest,1.0
2025-08-06,2025-08-07,1,1,0.5416856758596227,validation,A,random_forest,1.0
2025-08-07,2025-08-08,1,0,0.43757824902045184,validation,A,random_forest,1.0
2025-08-08,2025-08-11,0,0,0.4770346353499347,validation,A,random_forest,1.0
2025-08-11,2025-08-12,1,0,0.34802630131471013,validation,A,random_forest,1.0
2025-08-12,2025-08-13,1,0,0.34453713654668033,validation,A,random_forest,1.0
2025-08-13,2025-08-14,0,0,0.3783539978579135,validation,A,random_forest,1.0
2025-08-14,2025-08-15,0,0,0.40547333709651157,validation,A,random_forest,1.0
2025-08-15,2025-08-18,0,0,0.39387317533417504,validation,A,random_forest,1.0
2025-08-18,2025-08-19,0,0,0.49112349895074836,validation,A,random_forest,1.0
2025-08-19,2025-08-20,0,0,0.46972389526551894,validation,A,random_forest,1.0
2025-08-20,2025-08-21,0,0,0.3357511018255027,validation,A,random_forest,1.0
2025-08-21,2025-08-22,1,0,0.37900105369113246,validation,A,random_forest,1.0
2025-08-22,2025-08-25,0,0,0.31369195154960217,validation,A,random_forest,1.0
2025-08-25,2025-08-26,1,0,0.4060598085466884,validation,A,random_forest,1.0
2025-08-26,2025-08-27,1,0,0.34676738425289333,validation,A,random_forest,1.0
2025-08-27,2025-08-28,1,0,0.4592954749971488,validation,A,random_forest,1.0
2025-08-28,2025-08-29,0,0,0.39395004028930347,validation,A,random_forest,1.0
2025-08-29,2025-09-02,0,0,0.38487324516373544,validation,A,random_forest,1.0
2025-09-02,2025-09-03,1,0,0.3607735636759686,validation,A,random_forest,1.0
2025-09-03,2025-09-04,1,0,0.47693497815656505,validation,A,random_forest,1.0
2025-09-04,2025-09-05,0,0,0.4148023718864921,validation,A,random_forest,1.0
2025-09-05,2025-09-08,0,0,0.4093598830174552,validation,A,random_forest,1.0
2025-09-08,2025-09-09,0,0,0.38946272799128595,validation,A,random_forest,1.0
2025-09-09,2025-09-10,0,0,0.3210668396806585,validation,A,random_forest,1.0
2025-09-10,2025-09-11,1,0,0.4097958266935021,validation,A,random_forest,1.0
2025-09-11,2025-09-12,1,0,0.32924681586839033,validation,A,random_forest,1.0
2025-09-12,2025-09-15,1,0,0.3806520766888713,validation,A,random_forest,1.0
2025-09-15,2025-09-16,1,0,0.33853375445611245,validation,A,random_forest,1.0
2025-09-16,2025-09-17,1,0,0.3564238154772098,validation,A,random_forest,1.0
2025-09-17,2025-09-18,0,0,0.33576394888116,validation,A,random_forest,1.0
2025-09-18,2025-09-19,1,0,0.3253193194003181,validation,A,random_forest,1.0
2025-09-19,2025-09-22,1,1,0.5261931775408243,validation,A,random_forest,1.0
2025-09-22,2025-09-23,0,0,0.4816162885433987,validation,A,random_forest,1.0
2025-09-23,2025-09-24,0,0,0.3580401761227394,validation,A,random_forest,1.0
2025-09-24,2025-09-25,1,0,0.41297370664923144,validation,A,random_forest,1.0
2025-09-25,2025-09-26,0,0,0.39012470975790065,validation,A,random_forest,1.0
2025-09-26,2025-09-29,0,0,0.40989983396510143,validation,A,random_forest,1.0
2025-09-29,2025-09-30,1,0,0.47103394044496716,validation,A,random_forest,1.0
2025-07-01,2025-07-02,1,0,0.38021826957009325,validation,A,random_forest,2.0
2025-07-02,2025-07-03,1,0,0.49062174884806364,validation,A,random_forest,2.0
2025-07-03,2025-07-07,0,1,0.5425259050036267,validation,A,random_forest,2.0
2025-07-07,2025-07-08,1,0,0.4247464994582478,validation,A,random_forest,2.0
2025-07-08,2025-07-09,1,0,0.41473648682154507,validation,A,random_forest,2.0
2025-07-09,2025-07-10,1,0,0.3914592970422903,validation,A,random_forest,2.0
2025-07-10,2025-07-11,0,0,0.44759952779350365,validation,A,random_forest,2.0
2025-07-11,2025-07-14,0,0,0.4494261911648322,validation,A,random_forest,2.0
2025-07-14,2025-07-15,1,0,0.3893686557668531,validation,A,random_forest,2.0
2025-07-15,2025-07-16,1,0,0.35322831474003263,validation,A,random_forest,2.0
2025-07-16,2025-07-17,0,0,0.34452367719754207,validation,A,random_forest,2.0
2025-07-17,2025-07-18,1,0,0.36639051400659334,validation,A,random_forest,2.0
2025-07-18,2025-07-21,1,0,0.41791504089444836,validation,A,random_forest,2.0
2025-07-21,2025-07-22,1,0,0.2747387254363203,validation,A,random_forest,2.0
2025-07-22,2025-07-23,0,0,0.3246421580401929,validation,A,random_forest,2.0
2025-07-23,2025-07-24,0,0,0.38339070159739047,validation,A,random_forest,2.0
2025-07-24,2025-07-25,1,0,0.4393630577743519,validation,A,random_forest,2.0
2025-07-25,2025-07-28,1,0,0.3834285508840401,validation,A,random_forest,2.0
2025-07-28,2025-07-29,0,0,0.3953625000718206,validation,A,random_forest,2.0
2025-07-29,2025-07-30,0,0,0.3529217026193434,validation,A,random_forest,2.0
2025-07-30,2025-07-31,0,0,0.3886531284254489,validation,A,random_forest,2.0
2025-07-31,2025-08-01,0,0,0.4281574733522705,validation,A,random_forest,2.0
2025-08-01,2025-08-04,1,0,0.43542475568943045,validation,A,random_forest,2.0
2025-08-04,2025-08-05,0,0,0.3699995827944744,validation,A,random_forest,2.0
2025-08-05,2025-08-06,1,1,0.5043160596107628,validation,A,random_forest,2.0
2025-08-06,2025-08-07,1,1,0.5088037896224662,validation,A,random_forest,2.0
2025-08-07,2025-08-08,1,0,0.4095867070960797,validation,A,random_forest,2.0
2025-08-08,2025-08-11,0,0,0.44775318135114,validation,A,random_forest,2.0
2025-08-11,2025-08-12,1,0,0.34521736113535284,validation,A,random_forest,2.0
2025-08-12,2025-08-13,1,0,0.3459133793832068,validation,A,random_forest,2.0
2025-08-13,2025-08-14,0,0,0.3539908158006713,validation,A,random_forest,2.0
2025-08-14,2025-08-15,0,0,0.4076422317352359,validation,A,random_forest,2.0
2025-08-15,2025-08-18,0,0,0.42092931203639566,validation,A,random_forest,2.0
2025-08-18,2025-08-19,0,1,0.5478954453019895,validation,A,random_forest,2.0
2025-08-19,2025-08-20,0,1,0.5054477992990416,validation,A,random_forest,2.0
2025-08-20,2025-08-21,0,0,0.3459692722888281,validation,A,random_forest,2.0
2025-08-21,2025-08-22,1,0,0.4064498994035095,validation,A,random_forest,2.0
2025-08-22,2025-08-25,0,0,0.33321309743163974,validation,A,random_forest,2.0
2025-08-25,2025-08-26,1,0,0.45617377306644386,validation,A,random_forest,2.0
2025-08-26,2025-08-27,1,0,0.3407358415981114,validation,A,random_forest,2.0
2025-08-27,2025-08-28,1,0,0.46847648017764176,validation,A,random_forest,2.0
2025-08-28,2025-08-29,0,0,0.3579462909447564,validation,A,random_forest,2.0
2025-08-29,2025-09-02,0,0,0.4226947819918224,validation,A,random_forest,2.0
2025-09-02,2025-09-03,1,0,0.3818830879153803,validation,A,random_forest,2.0
2025-09-03,2025-09-04,1,0,0.47039215860513006,validation,A,random_forest,2.0
2025-09-04,2025-09-05,0,0,0.44237428717539634,validation,A,random_forest,2.0
2025-09-05,2025-09-08,0,0,0.4606313476022576,validation,A,random_forest,2.0
2025-09-08,2025-09-09,0,0,0.4164118996352795,validation,A,random_forest,2.0
2025-09-09,2025-09-10,0,0,0.3487643839859566,validation,A,random_forest,2.0
2025-09-10,2025-09-11,1,0,0.3753141968830479,validation,A,random_forest,2.0
2025-09-11,2025-09-12,1,0,0.3127885761733522,validation,A,random_forest,2.0
2025-09-12,2025-09-15,1,0,0.3356496600361256,validation,A,random_forest,2.0
2025-09-15,2025-09-16,1,0,0.2980165948287816,validation,A,random_forest,2.0
2025-09-16,2025-09-17,1,0,0.3331930061475468,validation,A,random_forest,2.0
2025-09-17,2025-09-18,0,0,0.3938932016482211,validation,A,random_forest,2.0
2025-09-18,2025-09-19,1,0,0.37364915913894353,validation,A,random_forest,2.0
2025-09-19,2025-09-22,1,0,0.4979565508818688,validation,A,random_forest,2.0
2025-09-22,2025-09-23,0,0,0.467487083560042,validation,A,random_forest,2.0
2025-09-23,2025-09-24,0,0,0.39444364885166866,validation,A,random_forest,2.0
2025-09-24,2025-09-25,1,0,0.4204171075861873,validation,A,random_forest,2.0
2025-09-25,2025-09-26,0,0,0.378127917703568,validation,A,random_forest,2.0
2025-09-26,2025-09-29,0,0,0.43469601411349507,validation,A,random_forest,2.0
2025-09-29,2025-09-30,1,1,0.5073564250980274,validation,A,random_forest,2.0
2025-10-01,2025-10-02,1,0,0.28674647153902477,test,A,logistic_regression,42.0
2025-10-02,2025-10-03,1,0,0.38578328585891924,test,A,logistic_regression,42.0
2025-10-03,2025-10-06,0,0,0.3933172770880684,test,A,logistic_regression,42.0
2025-10-06,2025-10-07,0,0,0.3949622088813948,test,A,logistic_regression,42.0
2025-10-07,2025-10-08,1,0,0.3385644090772784,test,A,logistic_regression,42.0
2025-10-08,2025-10-09,0,0,0.24522565994562895,test,A,logistic_regression,42.0
2025-10-09,2025-10-10,0,0,0.31060587566343006,test,A,logistic_regression,42.0
2025-10-10,2025-10-13,1,0,0.30483153918428935,test,A,logistic_regression,42.0
2025-10-13,2025-10-14,1,0,0.237562250617661,test,A,logistic_regression,42.0
2025-10-14,2025-10-15,1,0,0.32049458058270264,test,A,logistic_regression,42.0
2025-10-15,2025-10-16,0,1,0.5014118925703598,test,A,logistic_regression,42.0
2025-10-16,2025-10-17,1,0,0.4368147307447257,test,A,logistic_regression,42.0
2025-10-17,2025-10-20,1,0,0.41754561905057574,test,A,logistic_regression,42.0
2025-10-20,2025-10-21,1,0,0.3334819268806575,test,A,logistic_regression,42.0
2025-10-21,2025-10-22,0,0,0.4545818317076183,test,A,logistic_regression,42.0
2025-10-22,2025-10-23,1,0,0.35251811378019277,test,A,logistic_regression,42.0
2025-10-23,2025-10-24,1,0,0.19767623661667416,test,A,logistic_regression,42.0
2025-10-24,2025-10-27,1,0,0.20249553061112463,test,A,logistic_regression,42.0
2025-10-27,2025-10-28,1,0,0.37109269118538607,test,A,logistic_regression,42.0
2025-10-28,2025-10-29,1,0,0.395018285296914,test,A,logistic_regression,42.0
2025-10-29,2025-10-30,1,0,0.3438259262316098,test,A,logistic_regression,42.0
2025-10-30,2025-10-31,0,0,0.25014842953595684,test,A,logistic_regression,42.0
2025-10-31,2025-11-03,0,0,0.27413935955316376,test,A,logistic_regression,42.0
2025-11-03,2025-11-04,1,0,0.39553967329755324,test,A,logistic_regression,42.0
2025-11-04,2025-11-05,1,0,0.3554158325380855,test,A,logistic_regression,42.0
2025-11-05,2025-11-06,0,0,0.39712357212597116,test,A,logistic_regression,42.0
2025-11-06,2025-11-07,0,0,0.4146675253340258,test,A,logistic_regression,42.0
2025-11-07,2025-11-10,1,0,0.3176136288915988,test,A,logistic_regression,42.0
2025-11-10,2025-11-11,1,0,0.3251448834926969,test,A,logistic_regression,42.0
2025-11-11,2025-11-12,0,0,0.2665004590054704,test,A,logistic_regression,42.0
2025-11-12,2025-11-13,0,0,0.33223661959629924,test,A,logistic_regression,42.0
2025-11-13,2025-11-14,0,0,0.2933720306073056,test,A,logistic_regression,42.0
2025-11-14,2025-11-17,0,0,0.22844682945687955,test,A,logistic_regression,42.0
2025-11-17,2025-11-18,0,0,0.2919033997549183,test,A,logistic_regression,42.0
2025-11-18,2025-11-19,1,0,0.3816390823257404,test,A,logistic_regression,42.0
2025-11-19,2025-11-20,0,0,0.3301210627532932,test,A,logistic_regression,42.0
2025-11-20,2025-11-21,1,0,0.431960411011437,test,A,logistic_regression,42.0
2025-11-21,2025-11-24,1,0,0.35709413504608334,test,A,logistic_regression,42.0
2025-11-24,2025-11-25,1,0,0.3561181226474968,test,A,logistic_regression,42.0
2025-11-25,2025-11-26,1,0,0.44527328218490536,test,A,logistic_regression,42.0
2025-11-26,2025-11-28,1,0,0.37422823380952275,test,A,logistic_regression,42.0
2025-11-28,2025-12-01,1,0,0.323615989038458,test,A,logistic_regression,42.0
2025-12-01,2025-12-02,1,0,0.31687003540777986,test,A,logistic_regression,42.0
2025-12-02,2025-12-03,0,0,0.3468423279188711,test,A,logistic_regression,42.0
2025-12-03,2025-12-04,0,0,0.3481847394410004,test,A,logistic_regression,42.0
2025-12-04,2025-12-05,0,0,0.273325228641275,test,A,logistic_regression,42.0
2025-12-05,2025-12-08,0,0,0.22911544729939504,test,A,logistic_regression,42.0
2025-12-08,2025-12-09,0,0,0.3105458751167106,test,A,logistic_regression,42.0
2025-12-09,2025-12-10,1,0,0.4531203462710031,test,A,logistic_regression,42.0
2025-12-10,2025-12-11,0,0,0.4616966786935152,test,A,logistic_regression,42.0
2025-12-11,2025-12-12,1,0,0.46601877195432123,test,A,logistic_regression,42.0
2025-12-12,2025-12-15,0,0,0.4634149080031726,test,A,logistic_regression,42.0
2025-12-15,2025-12-16,1,0,0.4096578201682329,test,A,logistic_regression,42.0
2025-12-16,2025-12-17,0,0,0.37121384666388263,test,A,logistic_regression,42.0
2025-12-17,2025-12-18,1,0,0.3920439603379133,test,A,logistic_regression,42.0
2025-12-18,2025-12-19,1,0,0.4390033532736528,test,A,logistic_regression,42.0
2025-12-19,2025-12-22,0,0,0.3410593695054768,test,A,logistic_regression,42.0
2025-12-22,2025-12-23,1,0,0.49610124528778393,test,A,logistic_regression,42.0
2025-12-23,2025-12-24,1,0,0.48905984955564114,test,A,logistic_regression,42.0
2025-12-24,2025-12-26,0,0,0.46726069959959354,test,A,logistic_regression,42.0
2025-12-26,2025-12-29,1,1,0.5289409274649735,test,A,logistic_regression,42.0
2025-12-29,2025-12-30,0,1,0.5211687900927036,test,A,logistic_regression,42.0
2025-12-30,2025-12-31,0,1,0.5147169679945074,test,A,logistic_regression,42.0
2025-10-01,2025-10-02,1,0,0.3669025433703885,test,A,random_forest,0.0
2025-10-02,2025-10-03,1,0,0.3623971836041227,test,A,random_forest,0.0
2025-10-03,2025-10-06,0,0,0.31717187509892,test,A,random_forest,0.0
2025-10-06,2025-10-07,0,0,0.3850048029789537,test,A,random_forest,0.0
2025-10-07,2025-10-08,1,0,0.4304672756477292,test,A,random_forest,0.0
2025-10-08,2025-10-09,0,0,0.3547306170983722,test,A,random_forest,0.0
2025-10-09,2025-10-10,0,0,0.30999192006329923,test,A,random_forest,0.0
2025-10-10,2025-10-13,1,0,0.3827023915603131,test,A,random_forest,0.0
2025-10-13,2025-10-14,1,0,0.3690824621795839,test,A,random_forest,0.0
2025-10-14,2025-10-15,1,0,0.4449764257846354,test,A,random_forest,0.0
2025-10-15,2025-10-16,0,0,0.4007591113920051,test,A,random_forest,0.0
2025-10-16,2025-10-17,1,0,0.4560439194135368,test,A,random_forest,0.0
2025-10-17,2025-10-20,1,0,0.44294426043995855,test,A,random_forest,0.0
2025-10-20,2025-10-21,1,1,0.501130502745318,test,A,random_forest,0.0
2025-10-21,2025-10-22,0,0,0.3388538017243895,test,A,random_forest,0.0
2025-10-22,2025-10-23,1,0,0.35906300775119354,test,A,random_forest,0.0
2025-10-23,2025-10-24,1,0,0.29448092279898014,test,A,random_forest,0.0
2025-10-24,2025-10-27,1,0,0.28366011959803106,test,A,random_forest,0.0
2025-10-27,2025-10-28,1,0,0.4752183460191649,test,A,random_forest,0.0
2025-10-28,2025-10-29,1,0,0.4270803514987275,test,A,random_forest,0.0
2025-10-29,2025-10-30,1,0,0.40531170365753993,test,A,random_forest,0.0
2025-10-30,2025-10-31,0,0,0.3589693192372424,test,A,random_forest,0.0
2025-10-31,2025-11-03,0,0,0.4431296480314681,test,A,random_forest,0.0
2025-11-03,2025-11-04,1,0,0.38310842326590305,test,A,random_forest,0.0
2025-11-04,2025-11-05,1,0,0.38097943039774723,test,A,random_forest,0.0
2025-11-05,2025-11-06,0,0,0.3376249871536193,test,A,random_forest,0.0
2025-11-06,2025-11-07,0,0,0.3058013097381866,test,A,random_forest,0.0
2025-11-07,2025-11-10,1,0,0.30619007175919094,test,A,random_forest,0.0
2025-11-10,2025-11-11,1,0,0.34870885203367186,test,A,random_forest,0.0
2025-11-11,2025-11-12,0,0,0.43420695501093776,test,A,random_forest,0.0
2025-11-12,2025-11-13,0,0,0.41104681520981506,test,A,random_forest,0.0
2025-11-13,2025-11-14,0,0,0.37123867386756926,test,A,random_forest,0.0
2025-11-14,2025-11-17,0,0,0.3848261730675619,test,A,random_forest,0.0
2025-11-17,2025-11-18,0,0,0.41749972634006716,test,A,random_forest,0.0
2025-11-18,2025-11-19,1,0,0.3372311142277818,test,A,random_forest,0.0
2025-11-19,2025-11-20,0,0,0.274734265819722,test,A,random_forest,0.0
2025-11-20,2025-11-21,1,0,0.353241216637394,test,A,random_forest,0.0
2025-11-21,2025-11-24,1,0,0.45689803919281324,test,A,random_forest,0.0
2025-11-24,2025-11-25,1,0,0.3830248485088657,test,A,random_forest,0.0
2025-11-25,2025-11-26,1,0,0.33449647669224786,test,A,random_forest,0.0
2025-11-26,2025-11-28,1,0,0.4313601840249811,test,A,random_forest,0.0
2025-11-28,2025-12-01,1,0,0.4037765947621838,test,A,random_forest,0.0
2025-12-01,2025-12-02,1,0,0.37784271717006773,test,A,random_forest,0.0
2025-12-02,2025-12-03,0,0,0.3525117611281469,test,A,random_forest,0.0
2025-12-03,2025-12-04,0,0,0.3728869213823485,test,A,random_forest,0.0
2025-12-04,2025-12-05,0,0,0.3825645959521656,test,A,random_forest,0.0
2025-12-05,2025-12-08,0,0,0.43067164772749683,test,A,random_forest,0.0
2025-12-08,2025-12-09,0,0,0.31544030135559015,test,A,random_forest,0.0
2025-12-09,2025-12-10,1,0,0.3346406171611246,test,A,random_forest,0.0
2025-12-10,2025-12-11,0,0,0.32724118670206326,test,A,random_forest,0.0
2025-12-11,2025-12-12,1,0,0.40104737852392736,test,A,random_forest,0.0
2025-12-12,2025-12-15,0,0,0.42951124254064077,test,A,random_forest,0.0
2025-12-15,2025-12-16,1,0,0.3691736098293913,test,A,random_forest,0.0
2025-12-16,2025-12-17,0,0,0.4065752268409954,test,A,random_forest,0.0
2025-12-17,2025-12-18,1,0,0.43914142780239324,test,A,random_forest,0.0
2025-12-18,2025-12-19,1,0,0.4099478234603921,test,A,random_forest,0.0
2025-12-19,2025-12-22,0,0,0.3447482245711981,test,A,random_forest,0.0
2025-12-22,2025-12-23,1,1,0.5356612789347762,test,A,random_forest,0.0
2025-12-23,2025-12-24,1,1,0.5220547081676847,test,A,random_forest,0.0
2025-12-24,2025-12-26,0,1,0.5487921838305687,test,A,random_forest,0.0
2025-12-26,2025-12-29,1,1,0.5892759257488681,test,A,random_forest,0.0
2025-12-29,2025-12-30,0,1,0.5664723117072512,test,A,random_forest,0.0
2025-12-30,2025-12-31,0,1,0.5556715056738939,test,A,random_forest,0.0
2025-10-01,2025-10-02,1,0,0.3997457323055424,test,A,random_forest,1.0
2025-10-02,2025-10-03,1,0,0.3935485938913008,test,A,random_forest,1.0
2025-10-03,2025-10-06,0,0,0.31757333558838224,test,A,random_forest,1.0
2025-10-06,2025-10-07,0,0,0.40379468663115065,test,A,random_forest,1.0
2025-10-07,2025-10-08,1,0,0.4724182180867297,test,A,random_forest,1.0
2025-10-08,2025-10-09,0,0,0.40641802900392027,test,A,random_forest,1.0
2025-10-09,2025-10-10,0,0,0.32451982466260515,test,A,random_forest,1.0
2025-10-10,2025-10-13,1,0,0.3813901044897167,test,A,random_forest,1.0
2025-10-13,2025-10-14,1,0,0.374010010317662,test,A,random_forest,1.0
2025-10-14,2025-10-15,1,0,0.4185797521753008,test,A,random_forest,1.0
2025-10-15,2025-10-16,0,0,0.4096264202361833,test,A,random_forest,1.0
2025-10-16,2025-10-17,1,0,0.4626717408840881,test,A,random_forest,1.0
2025-10-17,2025-10-20,1,0,0.4405411695636865,test,A,random_forest,1.0
2025-10-20,2025-10-21,1,1,0.544144693223372,test,A,random_forest,1.0
2025-10-21,2025-10-22,0,0,0.3553247335632143,test,A,random_forest,1.0
2025-10-22,2025-10-23,1,0,0.3672549999812982,test,A,random_forest,1.0
2025-10-23,2025-10-24,1,0,0.32256395521870385,test,A,random_forest,1.0
2025-10-24,2025-10-27,1,0,0.3628658379901493,test,A,random_forest,1.0
2025-10-27,2025-10-28,1,0,0.49946699734318156,test,A,random_forest,1.0
2025-10-28,2025-10-29,1,0,0.4378257074382546,test,A,random_forest,1.0
2025-10-29,2025-10-30,1,0,0.4222105918156642,test,A,random_forest,1.0
2025-10-30,2025-10-31,0,0,0.3947201685950578,test,A,random_forest,1.0
2025-10-31,2025-11-03,0,0,0.4322316877974912,test,A,random_forest,1.0
2025-11-03,2025-11-04,1,0,0.3898820686170835,test,A,random_forest,1.0
2025-11-04,2025-11-05,1,0,0.3792234590587144,test,A,random_forest,1.0
2025-11-05,2025-11-06,0,0,0.3492224153868154,test,A,random_forest,1.0
2025-11-06,2025-11-07,0,0,0.3186076199046213,test,A,random_forest,1.0
2025-11-07,2025-11-10,1,0,0.3273151557263103,test,A,random_forest,1.0
2025-11-10,2025-11-11,1,0,0.3738680416817073,test,A,random_forest,1.0
2025-11-11,2025-11-12,0,0,0.4484802882824841,test,A,random_forest,1.0
2025-11-12,2025-11-13,0,0,0.40625272004692947,test,A,random_forest,1.0
2025-11-13,2025-11-14,0,0,0.3922170310208269,test,A,random_forest,1.0
2025-11-14,2025-11-17,0,0,0.3816174560654134,test,A,random_forest,1.0
2025-11-17,2025-11-18,0,0,0.36299613171310613,test,A,random_forest,1.0
2025-11-18,2025-11-19,1,0,0.30129870347560844,test,A,random_forest,1.0
2025-11-19,2025-11-20,0,0,0.26134239146492055,test,A,random_forest,1.0
2025-11-20,2025-11-21,1,0,0.36764983519606614,test,A,random_forest,1.0
2025-11-21,2025-11-24,1,0,0.46140053804880143,test,A,random_forest,1.0
2025-11-24,2025-11-25,1,0,0.393620326922076,test,A,random_forest,1.0
2025-11-25,2025-11-26,1,0,0.34900742601399104,test,A,random_forest,1.0
2025-11-26,2025-11-28,1,0,0.43438427795754697,test,A,random_forest,1.0
2025-11-28,2025-12-01,1,0,0.45523638964328067,test,A,random_forest,1.0
2025-12-01,2025-12-02,1,0,0.37583749569446223,test,A,random_forest,1.0
2025-12-02,2025-12-03,0,0,0.3871094231455809,test,A,random_forest,1.0
2025-12-03,2025-12-04,0,0,0.3618879796079075,test,A,random_forest,1.0
2025-12-04,2025-12-05,0,0,0.38199106494035456,test,A,random_forest,1.0
2025-12-05,2025-12-08,0,0,0.38600477801916583,test,A,random_forest,1.0
2025-12-08,2025-12-09,0,0,0.28569478032407036,test,A,random_forest,1.0
2025-12-09,2025-12-10,1,0,0.3311468341802773,test,A,random_forest,1.0
2025-12-10,2025-12-11,0,0,0.3136511346466278,test,A,random_forest,1.0
2025-12-11,2025-12-12,1,0,0.40813746233591947,test,A,random_forest,1.0
2025-12-12,2025-12-15,0,0,0.4432954037306761,test,A,random_forest,1.0
2025-12-15,2025-12-16,1,0,0.3497145047330851,test,A,random_forest,1.0
2025-12-16,2025-12-17,0,0,0.3892449314224006,test,A,random_forest,1.0
2025-12-17,2025-12-18,1,0,0.4043237555918184,test,A,random_forest,1.0
2025-12-18,2025-12-19,1,0,0.40109536355304287,test,A,random_forest,1.0
2025-12-19,2025-12-22,0,0,0.34186064872455,test,A,random_forest,1.0
2025-12-22,2025-12-23,1,1,0.520401836474462,test,A,random_forest,1.0
2025-12-23,2025-12-24,1,1,0.5427907392197026,test,A,random_forest,1.0
2025-12-24,2025-12-26,0,1,0.6210100720908419,test,A,random_forest,1.0
2025-12-26,2025-12-29,1,1,0.6229228252630571,test,A,random_forest,1.0
2025-12-29,2025-12-30,0,1,0.5901655857807984,test,A,random_forest,1.0
2025-12-30,2025-12-31,0,1,0.5972706716655827,test,A,random_forest,1.0
2025-10-01,2025-10-02,1,0,0.4163072629034037,test,A,random_forest,2.0
2025-10-02,2025-10-03,1,0,0.3920908937552523,test,A,random_forest,2.0
2025-10-03,2025-10-06,0,0,0.32724294729997283,test,A,random_forest,2.0
2025-10-06,2025-10-07,0,0,0.42855736257009125,test,A,random_forest,2.0
2025-10-07,2025-10-08,1,1,0.500707147442363,test,A,random_forest,2.0
2025-10-08,2025-10-09,0,0,0.39338623544072526,test,A,random_forest,2.0
2025-10-09,2025-10-10,0,0,0.33279229343657607,test,A,random_forest,2.0
2025-10-10,2025-10-13,1,0,0.3274846042321006,test,A,random_forest,2.0
2025-10-13,2025-10-14,1,0,0.31100270546108516,test,A,random_forest,2.0
2025-10-14,2025-10-15,1,0,0.4000853375731751,test,A,random_forest,2.0
2025-10-15,2025-10-16,0,0,0.354360872370365,test,A,random_forest,2.0
2025-10-16,2025-10-17,1,0,0.4362184396138524,test,A,random_forest,2.0
2025-10-17,2025-10-20,1,0,0.43469323160773743,test,A,random_forest,2.0
2025-10-20,2025-10-21,1,0,0.4826363715277615,test,A,random_forest,2.0
2025-10-21,2025-10-22,0,0,0.3583661466903506,test,A,random_forest,2.0
2025-10-22,2025-10-23,1,0,0.38355961066715255,test,A,random_forest,2.0
2025-10-23,2025-10-24,1,0,0.31591627292763874,test,A,random_forest,2.0
2025-10-24,2025-10-27,1,0,0.32454148213323114,test,A,random_forest,2.0
2025-10-27,2025-10-28,1,0,0.4673318981411099,test,A,random_forest,2.0
2025-10-28,2025-10-29,1,0,0.4710770063756159,test,A,random_forest,2.0
2025-10-29,2025-10-30,1,0,0.44158920995070955,test,A,random_forest,2.0
2025-10-30,2025-10-31,0,0,0.391163501936769,test,A,random_forest,2.0
2025-10-31,2025-11-03,0,0,0.4357111862326488,test,A,random_forest,2.0
2025-11-03,2025-11-04,1,0,0.3633917813945368,test,A,random_forest,2.0
2025-11-04,2025-11-05,1,0,0.38681521299163985,test,A,random_forest,2.0
2025-11-05,2025-11-06,0,0,0.36266223824354016,test,A,random_forest,2.0
2025-11-06,2025-11-07,0,0,0.2890234924091826,test,A,random_forest,2.0
2025-11-07,2025-11-10,1,0,0.3248415620231508,test,A,random_forest,2.0
2025-11-10,2025-11-11,1,0,0.3858825141987752,test,A,random_forest,2.0
2025-11-11,2025-11-12,0,0,0.41993658742421247,test,A,random_forest,2.0
2025-11-12,2025-11-13,0,0,0.43723119421746287,test,A,random_forest,2.0
2025-11-13,2025-11-14,0,0,0.41197299474391585,test,A,random_forest,2.0
2025-11-14,2025-11-17,0,0,0.4178279814755155,test,A,random_forest,2.0
2025-11-17,2025-11-18,0,0,0.3928650099755823,test,A,random_forest,2.0
2025-11-18,2025-11-19,1,0,0.320950248535571,test,A,random_forest,2.0
2025-11-19,2025-11-20,0,0,0.29123575699733245,test,A,random_forest,2.0
2025-11-20,2025-11-21,1,0,0.36839724347096486,test,A,random_forest,2.0
2025-11-21,2025-11-24,1,0,0.44707314628806455,test,A,random_forest,2.0
2025-11-24,2025-11-25,1,0,0.39333337452950395,test,A,random_forest,2.0
2025-11-25,2025-11-26,1,0,0.375859923044138,test,A,random_forest,2.0
2025-11-26,2025-11-28,1,0,0.4515975483343105,test,A,random_forest,2.0
2025-11-28,2025-12-01,1,0,0.46821821773527184,test,A,random_forest,2.0
2025-12-01,2025-12-02,1,0,0.3625158662867811,test,A,random_forest,2.0
2025-12-02,2025-12-03,0,0,0.38231951261512187,test,A,random_forest,2.0
2025-12-03,2025-12-04,0,0,0.3909857685489354,test,A,random_forest,2.0
2025-12-04,2025-12-05,0,0,0.4116103525461964,test,A,random_forest,2.0
2025-12-05,2025-12-08,0,0,0.43987229855390864,test,A,random_forest,2.0
2025-12-08,2025-12-09,0,0,0.34934694770590613,test,A,random_forest,2.0
2025-12-09,2025-12-10,1,0,0.37006880306646117,test,A,random_forest,2.0
2025-12-10,2025-12-11,0,0,0.33730866318600566,test,A,random_forest,2.0
2025-12-11,2025-12-12,1,0,0.4201057257695257,test,A,random_forest,2.0
2025-12-12,2025-12-15,0,0,0.45304790543968193,test,A,random_forest,2.0
2025-12-15,2025-12-16,1,0,0.3659021798239961,test,A,random_forest,2.0
2025-12-16,2025-12-17,0,0,0.4138870060388753,test,A,random_forest,2.0
2025-12-17,2025-12-18,1,0,0.3999343161435207,test,A,random_forest,2.0
2025-12-18,2025-12-19,1,0,0.38803873889027246,test,A,random_forest,2.0
2025-12-19,2025-12-22,0,0,0.3282848804582006,test,A,random_forest,2.0
2025-12-22,2025-12-23,1,1,0.557092685952884,test,A,random_forest,2.0
2025-12-23,2025-12-24,1,1,0.5242273299562901,test,A,random_forest,2.0
2025-12-24,2025-12-26,0,1,0.597063119186017,test,A,random_forest,2.0
2025-12-26,2025-12-29,1,1,0.6362895244299523,test,A,random_forest,2.0
2025-12-29,2025-12-30,0,1,0.6056759403016627,test,A,random_forest,2.0
2025-12-30,2025-12-31,0,1,0.6095741030496099,test,A,random_forest,2.0
2025-07-01,2025-07-02,1,1,0.5506510398838909,validation,B,logistic_regression,42.0
2025-07-02,2025-07-03,1,0,0.4588609172077582,validation,B,logistic_regression,42.0
2025-07-03,2025-07-07,0,0,0.2905892117821664,validation,B,logistic_regression,42.0
2025-07-07,2025-07-08,1,0,0.24060645554138638,validation,B,logistic_regression,42.0
2025-07-08,2025-07-09,1,0,0.22823603967596892,validation,B,logistic_regression,42.0
2025-07-09,2025-07-10,1,0,0.20610204815147182,validation,B,logistic_regression,42.0
2025-07-10,2025-07-11,0,0,0.4328078004375245,validation,B,logistic_regression,42.0
2025-07-11,2025-07-14,0,0,0.35849218634290697,validation,B,logistic_regression,42.0
2025-07-14,2025-07-15,1,0,0.26509106929471166,validation,B,logistic_regression,42.0
2025-07-15,2025-07-16,1,0,0.2882610526622386,validation,B,logistic_regression,42.0
2025-07-16,2025-07-17,0,0,0.3445154674630967,validation,B,logistic_regression,42.0
2025-07-17,2025-07-18,1,0,0.3318500285394415,validation,B,logistic_regression,42.0
2025-07-18,2025-07-21,1,0,0.4123183032013787,validation,B,logistic_regression,42.0
2025-07-21,2025-07-22,1,0,0.3672872063877782,validation,B,logistic_regression,42.0
2025-07-22,2025-07-23,0,0,0.4699547426423733,validation,B,logistic_regression,42.0
2025-07-23,2025-07-24,0,0,0.3201871755150277,validation,B,logistic_regression,42.0
2025-07-24,2025-07-25,1,0,0.316316241539447,validation,B,logistic_regression,42.0
2025-07-25,2025-07-28,1,0,0.3003438894830877,validation,B,logistic_regression,42.0
2025-07-28,2025-07-29,0,0,0.3209246274262095,validation,B,logistic_regression,42.0
2025-07-29,2025-07-30,0,0,0.3657396803791281,validation,B,logistic_regression,42.0
2025-07-30,2025-07-31,0,0,0.36410991733477743,validation,B,logistic_regression,42.0
2025-07-31,2025-08-01,0,0,0.43411760840943125,validation,B,logistic_regression,42.0
2025-08-01,2025-08-04,1,1,0.5332632589141372,validation,B,logistic_regression,42.0
2025-08-04,2025-08-05,0,0,0.3402061289608858,validation,B,logistic_regression,42.0
2025-08-05,2025-08-06,1,1,0.5426836251403612,validation,B,logistic_regression,42.0
2025-08-06,2025-08-07,1,1,0.525760558615981,validation,B,logistic_regression,42.0
2025-08-07,2025-08-08,1,0,0.49063081103565886,validation,B,logistic_regression,42.0
2025-08-08,2025-08-11,0,0,0.469533611917681,validation,B,logistic_regression,42.0
2025-08-11,2025-08-12,1,0,0.16197197331048363,validation,B,logistic_regression,42.0
2025-08-12,2025-08-13,1,0,0.08567225202023943,validation,B,logistic_regression,42.0
2025-08-13,2025-08-14,0,0,0.1271703998040275,validation,B,logistic_regression,42.0
2025-08-14,2025-08-15,0,0,0.16556074962391504,validation,B,logistic_regression,42.0
2025-08-15,2025-08-18,0,0,0.2930362785502095,validation,B,logistic_regression,42.0
2025-08-18,2025-08-19,0,0,0.2205601296068354,validation,B,logistic_regression,42.0
2025-08-19,2025-08-20,0,0,0.3590665716661989,validation,B,logistic_regression,42.0
2025-08-20,2025-08-21,0,0,0.3266479948459341,validation,B,logistic_regression,42.0
2025-08-21,2025-08-22,1,0,0.3915878382611116,validation,B,logistic_regression,42.0
2025-08-22,2025-08-25,0,0,0.2797608955043885,validation,B,logistic_regression,42.0
2025-08-25,2025-08-26,1,0,0.4618949105298045,validation,B,logistic_regression,42.0
2025-08-26,2025-08-27,1,0,0.43830495068416436,validation,B,logistic_regression,42.0
2025-08-27,2025-08-28,1,0,0.36996466914534404,validation,B,logistic_regression,42.0
2025-08-28,2025-08-29,0,0,0.34593771419678115,validation,B,logistic_regression,42.0
2025-08-29,2025-09-02,0,0,0.368591280590379,validation,B,logistic_regression,42.0
2025-09-02,2025-09-03,1,0,0.2766773046635539,validation,B,logistic_regression,42.0
2025-09-03,2025-09-04,1,0,0.2108672866318838,validation,B,logistic_regression,42.0
2025-09-04,2025-09-05,0,0,0.18456224643968022,validation,B,logistic_regression,42.0
2025-09-05,2025-09-08,0,0,0.3025036730035084,validation,B,logistic_regression,42.0
2025-09-08,2025-09-09,0,0,0.17448208959232467,validation,B,logistic_regression,42.0
2025-09-09,2025-09-10,0,0,0.13666335980431346,validation,B,logistic_regression,42.0
2025-09-10,2025-09-11,1,0,0.23303599092220273,validation,B,logistic_regression,42.0
2025-09-11,2025-09-12,1,0,0.4003875274840783,validation,B,logistic_regression,42.0
2025-09-12,2025-09-15,1,0,0.4563939125807431,validation,B,logistic_regression,42.0
2025-09-15,2025-09-16,1,1,0.5083968828604436,validation,B,logistic_regression,42.0
2025-09-16,2025-09-17,1,0,0.45150844273914614,validation,B,logistic_regression,42.0
2025-09-17,2025-09-18,0,0,0.41523000807149313,validation,B,logistic_regression,42.0
2025-09-18,2025-09-19,1,0,0.23937038242048733,validation,B,logistic_regression,42.0
2025-09-19,2025-09-22,1,0,0.30867225441816953,validation,B,logistic_regression,42.0
2025-09-22,2025-09-23,0,0,0.33633342036339436,validation,B,logistic_regression,42.0
2025-09-23,2025-09-24,0,0,0.2896236543456276,validation,B,logistic_regression,42.0
2025-09-24,2025-09-25,1,0,0.17643486105306427,validation,B,logistic_regression,42.0
2025-09-25,2025-09-26,0,0,0.12157608783471993,validation,B,logistic_regression,42.0
2025-09-26,2025-09-29,0,0,0.11624053837440597,validation,B,logistic_regression,42.0
2025-09-29,2025-09-30,1,0,0.28753635781476017,validation,B,logistic_regression,42.0
2025-07-01,2025-07-02,1,0,0.4705437917267363,validation,B,random_forest,0.0
2025-07-02,2025-07-03,1,0,0.4525168178259555,validation,B,random_forest,0.0
2025-07-03,2025-07-07,0,0,0.49428541625683586,validation,B,random_forest,0.0
2025-07-07,2025-07-08,1,0,0.3825380693686446,validation,B,random_forest,0.0
2025-07-08,2025-07-09,1,0,0.35884437042419315,validation,B,random_forest,0.0
2025-07-09,2025-07-10,1,0,0.32053685925496767,validation,B,random_forest,0.0
2025-07-10,2025-07-11,0,0,0.36756271311537553,validation,B,random_forest,0.0
2025-07-11,2025-07-14,0,0,0.4070782296342283,validation,B,random_forest,0.0
2025-07-14,2025-07-15,1,0,0.3294356257592795,validation,B,random_forest,0.0
2025-07-15,2025-07-16,1,0,0.33574385176175175,validation,B,random_forest,0.0
2025-07-16,2025-07-17,0,0,0.3356618781622178,validation,B,random_forest,0.0
2025-07-17,2025-07-18,1,0,0.326313304206595,validation,B,random_forest,0.0
2025-07-18,2025-07-21,1,0,0.3835551856328439,validation,B,random_forest,0.0
2025-07-21,2025-07-22,1,0,0.2592797227822998,validation,B,random_forest,0.0
2025-07-22,2025-07-23,0,0,0.3292824238215981,validation,B,random_forest,0.0
2025-07-23,2025-07-24,0,0,0.3397206763808775,validation,B,random_forest,0.0
2025-07-24,2025-07-25,1,0,0.39251989517840014,validation,B,random_forest,0.0
2025-07-25,2025-07-28,1,0,0.34888640268467586,validation,B,random_forest,0.0
2025-07-28,2025-07-29,0,0,0.35378371428659106,validation,B,random_forest,0.0
2025-07-29,2025-07-30,0,0,0.3472465742854238,validation,B,random_forest,0.0
2025-07-30,2025-07-31,0,0,0.40273569719880786,validation,B,random_forest,0.0
2025-07-31,2025-08-01,0,1,0.5152699682614692,validation,B,random_forest,0.0
2025-08-01,2025-08-04,1,1,0.5031593960360896,validation,B,random_forest,0.0
2025-08-04,2025-08-05,0,0,0.4319474315955578,validation,B,random_forest,0.0
2025-08-05,2025-08-06,1,1,0.5499593197677682,validation,B,random_forest,0.0
2025-08-06,2025-08-07,1,1,0.6064784797290154,validation,B,random_forest,0.0
2025-08-07,2025-08-08,1,0,0.4996849835333048,validation,B,random_forest,0.0
2025-08-08,2025-08-11,0,1,0.5454437779569361,validation,B,random_forest,0.0
2025-08-11,2025-08-12,1,0,0.2958851736231435,validation,B,random_forest,0.0
2025-08-12,2025-08-13,1,0,0.28904097040912546,validation,B,random_forest,0.0
2025-08-13,2025-08-14,0,0,0.35382712347491535,validation,B,random_forest,0.0
2025-08-14,2025-08-15,0,0,0.3606358061369213,validation,B,random_forest,0.0
2025-08-15,2025-08-18,0,0,0.38974249412893475,validation,B,random_forest,0.0
2025-08-18,2025-08-19,0,1,0.5154957050793538,validation,B,random_forest,0.0
2025-08-19,2025-08-20,0,0,0.4851562867344282,validation,B,random_forest,0.0
2025-08-20,2025-08-21,0,0,0.3552254658984658,validation,B,random_forest,0.0
2025-08-21,2025-08-22,1,0,0.4115248159272127,validation,B,random_forest,0.0
2025-08-22,2025-08-25,0,0,0.34003321273939846,validation,B,random_forest,0.0
2025-08-25,2025-08-26,1,0,0.46611196712974806,validation,B,random_forest,0.0
2025-08-26,2025-08-27,1,0,0.286380902748326,validation,B,random_forest,0.0
2025-08-27,2025-08-28,1,0,0.4483269708205073,validation,B,random_forest,0.0
2025-08-28,2025-08-29,0,0,0.3681143048676596,validation,B,random_forest,0.0
2025-08-29,2025-09-02,0,0,0.4116752535736967,validation,B,random_forest,0.0
2025-09-02,2025-09-03,1,0,0.3795942566412367,validation,B,random_forest,0.0
2025-09-03,2025-09-04,1,1,0.5446820723336377,validation,B,random_forest,0.0
2025-09-04,2025-09-05,0,0,0.3471705350795403,validation,B,random_forest,0.0
2025-09-05,2025-09-08,0,0,0.40091894171069165,validation,B,random_forest,0.0
2025-09-08,2025-09-09,0,0,0.3607141424610398,validation,B,random_forest,0.0
2025-09-09,2025-09-10,0,0,0.3080802640296246,validation,B,random_forest,0.0
2025-09-10,2025-09-11,1,0,0.474029759507647,validation,B,random_forest,0.0
2025-09-11,2025-09-12,1,0,0.3345909484598287,validation,B,random_forest,0.0
2025-09-12,2025-09-15,1,0,0.3472244777857768,validation,B,random_forest,0.0
2025-09-15,2025-09-16,1,0,0.2870776450632162,validation,B,random_forest,0.0
2025-09-16,2025-09-17,1,0,0.31568074979071303,validation,B,random_forest,0.0
2025-09-17,2025-09-18,0,0,0.35337067566730596,validation,B,random_forest,0.0
2025-09-18,2025-09-19,1,0,0.3278860060607128,validation,B,random_forest,0.0
2025-09-19,2025-09-22,1,1,0.5663841279033401,validation,B,random_forest,0.0
2025-09-22,2025-09-23,0,1,0.5522139818815517,validation,B,random_forest,0.0
2025-09-23,2025-09-24,0,0,0.372935044489633,validation,B,random_forest,0.0
2025-09-24,2025-09-25,1,0,0.34743732304928177,validation,B,random_forest,0.0
2025-09-25,2025-09-26,0,1,0.5277391894934576,validation,B,random_forest,0.0
2025-09-26,2025-09-29,0,0,0.3369734605117418,validation,B,random_forest,0.0
2025-09-29,2025-09-30,1,0,0.45013211763281447,validation,B,random_forest,0.0
2025-07-01,2025-07-02,1,0,0.4761472201445466,validation,B,random_forest,1.0
2025-07-02,2025-07-03,1,1,0.5003098331528449,validation,B,random_forest,1.0
2025-07-03,2025-07-07,0,0,0.4820002981931227,validation,B,random_forest,1.0
2025-07-07,2025-07-08,1,0,0.37932464062993865,validation,B,random_forest,1.0
2025-07-08,2025-07-09,1,0,0.3823717222404816,validation,B,random_forest,1.0
2025-07-09,2025-07-10,1,0,0.33548253041469683,validation,B,random_forest,1.0
2025-07-10,2025-07-11,0,0,0.40445459123175515,validation,B,random_forest,1.0
2025-07-11,2025-07-14,0,0,0.3992870088025261,validation,B,random_forest,1.0
2025-07-14,2025-07-15,1,0,0.34169535216254365,validation,B,random_forest,1.0
2025-07-15,2025-07-16,1,0,0.3622624269518093,validation,B,random_forest,1.0
2025-07-16,2025-07-17,0,0,0.3344734408552947,validation,B,random_forest,1.0
2025-07-17,2025-07-18,1,0,0.30231506918047696,validation,B,random_forest,1.0
2025-07-18,2025-07-21,1,0,0.406961773680371,validation,B,random_forest,1.0
2025-07-21,2025-07-22,1,0,0.285003897028752,validation,B,random_forest,1.0
2025-07-22,2025-07-23,0,0,0.3746270329477395,validation,B,random_forest,1.0
2025-07-23,2025-07-24,0,0,0.34824034833270523,validation,B,random_forest,1.0
2025-07-24,2025-07-25,1,0,0.3974465282180645,validation,B,random_forest,1.0
2025-07-25,2025-07-28,1,0,0.3776918869060602,validation,B,random_forest,1.0
2025-07-28,2025-07-29,0,0,0.38969738654238406,validation,B,random_forest,1.0
2025-07-29,2025-07-30,0,0,0.3230362325789878,validation,B,random_forest,1.0
2025-07-30,2025-07-31,0,0,0.3754340701184212,validation,B,random_forest,1.0
2025-07-31,2025-08-01,0,0,0.4733901844952109,validation,B,random_forest,1.0
2025-08-01,2025-08-04,1,0,0.4988271229761941,validation,B,random_forest,1.0
2025-08-04,2025-08-05,0,0,0.38007424281804203,validation,B,random_forest,1.0
2025-08-05,2025-08-06,1,1,0.518892068887409,validation,B,random_forest,1.0
2025-08-06,2025-08-07,1,1,0.577472987582896,validation,B,random_forest,1.0
2025-08-07,2025-08-08,1,1,0.5133395061521979,validation,B,random_forest,1.0
2025-08-08,2025-08-11,0,1,0.5495395206693039,validation,B,random_forest,1.0
2025-08-11,2025-08-12,1,0,0.29801864826378244,validation,B,random_forest,1.0
2025-08-12,2025-08-13,1,0,0.31104689666885593,validation,B,random_forest,1.0
2025-08-13,2025-08-14,0,0,0.3690630913832402,validation,B,random_forest,1.0
2025-08-14,2025-08-15,0,0,0.3881937058909829,validation,B,random_forest,1.0
2025-08-15,2025-08-18,0,0,0.3888478190113097,validation,B,random_forest,1.0
2025-08-18,2025-08-19,0,0,0.49487193199227286,validation,B,random_forest,1.0
2025-08-19,2025-08-20,0,0,0.4723143263492684,validation,B,random_forest,1.0
2025-08-20,2025-08-21,0,0,0.3190882354208251,validation,B,random_forest,1.0
2025-08-21,2025-08-22,1,0,0.4154899159311903,validation,B,random_forest,1.0
2025-08-22,2025-08-25,0,0,0.3197037450829466,validation,B,random_forest,1.0
2025-08-25,2025-08-26,1,0,0.46279811722622666,validation,B,random_forest,1.0
2025-08-26,2025-08-27,1,0,0.32724105028123607,validation,B,random_forest,1.0
2025-08-27,2025-08-28,1,0,0.4673227310627706,validation,B,random_forest,1.0
2025-08-28,2025-08-29,0,0,0.3860581473743119,validation,B,random_forest,1.0
2025-08-29,2025-09-02,0,0,0.44099760378009467,validation,B,random_forest,1.0
2025-09-02,2025-09-03,1,0,0.3996507006004995,validation,B,random_forest,1.0
2025-09-03,2025-09-04,1,1,0.5727009160325707,validation,B,random_forest,1.0
2025-09-04,2025-09-05,0,0,0.37732557496970853,validation,B,random_forest,1.0
2025-09-05,2025-09-08,0,0,0.3991751952596753,validation,B,random_forest,1.0
2025-09-08,2025-09-09,0,0,0.35099074309389244,validation,B,random_forest,1.0
2025-09-09,2025-09-10,0,0,0.30457957241994876,validation,B,random_forest,1.0
2025-09-10,2025-09-11,1,0,0.4063313105766579,validation,B,random_forest,1.0
2025-09-11,2025-09-12,1,0,0.34936758610157986,validation,B,random_forest,1.0
2025-09-12,2025-09-15,1,0,0.3630742541276205,validation,B,random_forest,1.0
2025-09-15,2025-09-16,1,0,0.3165707321686079,validation,B,random_forest,1.0
2025-09-16,2025-09-17,1,0,0.3377501398512612,validation,B,random_forest,1.0
2025-09-17,2025-09-18,0,0,0.39900226499760044,validation,B,random_forest,1.0
2025-09-18,2025-09-19,1,0,0.328654136101042,validation,B,random_forest,1.0
2025-09-19,2025-09-22,1,1,0.5940458805999959,validation,B,random_forest,1.0
2025-09-22,2025-09-23,0,1,0.5497536136392107,validation,B,random_forest,1.0
2025-09-23,2025-09-24,0,0,0.4021110947193067,validation,B,random_forest,1.0
2025-09-24,2025-09-25,1,0,0.37410429761572067,validation,B,random_forest,1.0
2025-09-25,2025-09-26,0,0,0.49703983180740785,validation,B,random_forest,1.0
2025-09-26,2025-09-29,0,0,0.3542592912532545,validation,B,random_forest,1.0
2025-09-29,2025-09-30,1,0,0.42710953013742947,validation,B,random_forest,1.0
2025-07-01,2025-07-02,1,1,0.5137245845584392,validation,B,random_forest,2.0
2025-07-02,2025-07-03,1,0,0.46999385642216474,validation,B,random_forest,2.0
2025-07-03,2025-07-07,0,1,0.5169075377363904,validation,B,random_forest,2.0
2025-07-07,2025-07-08,1,0,0.3830628484519006,validation,B,random_forest,2.0
2025-07-08,2025-07-09,1,0,0.4011785969920451,validation,B,random_forest,2.0
2025-07-09,2025-07-10,1,0,0.3659609311298672,validation,B,random_forest,2.0
2025-07-10,2025-07-11,0,0,0.41684005412455183,validation,B,random_forest,2.0
2025-07-11,2025-07-14,0,0,0.44171322535180263,validation,B,random_forest,2.0
2025-07-14,2025-07-15,1,0,0.3582005063635893,validation,B,random_forest,2.0
2025-07-15,2025-07-16,1,0,0.3457028451432909,validation,B,random_forest,2.0
2025-07-16,2025-07-17,0,0,0.36667123264898144,validation,B,random_forest,2.0
2025-07-17,2025-07-18,1,0,0.3415874137817274,validation,B,random_forest,2.0
2025-07-18,2025-07-21,1,0,0.408004354250411,validation,B,random_forest,2.0
2025-07-21,2025-07-22,1,0,0.2799773217586759,validation,B,random_forest,2.0
2025-07-22,2025-07-23,0,0,0.3627519198069242,validation,B,random_forest,2.0
2025-07-23,2025-07-24,0,0,0.3466245298201289,validation,B,random_forest,2.0
2025-07-24,2025-07-25,1,0,0.3899233772459539,validation,B,random_forest,2.0
2025-07-25,2025-07-28,1,0,0.3675109965345166,validation,B,random_forest,2.0
2025-07-28,2025-07-29,0,0,0.37047038594585113,validation,B,random_forest,2.0
2025-07-29,2025-07-30,0,0,0.33797769926372295,validation,B,random_forest,2.0
2025-07-30,2025-07-31,0,0,0.37878541187832354,validation,B,random_forest,2.0
2025-07-31,2025-08-01,0,0,0.4740150472426046,validation,B,random_forest,2.0
2025-08-01,2025-08-04,1,0,0.4735787135862275,validation,B,random_forest,2.0
2025-08-04,2025-08-05,0,0,0.3809753062290509,validation,B,random_forest,2.0
2025-08-05,2025-08-06,1,1,0.5160939829771184,validation,B,random_forest,2.0
2025-08-06,2025-08-07,1,1,0.5728782952707,validation,B,random_forest,2.0
2025-08-07,2025-08-08,1,0,0.49877860855198025,validation,B,random_forest,2.0
2025-08-08,2025-08-11,0,1,0.5175254027089287,validation,B,random_forest,2.0
2025-08-11,2025-08-12,1,0,0.2801462389398945,validation,B,random_forest,2.0
2025-08-12,2025-08-13,1,0,0.29220453395473267,validation,B,random_forest,2.0
2025-08-13,2025-08-14,0,0,0.3887311260354452,validation,B,random_forest,2.0
2025-08-14,2025-08-15,0,0,0.38843820530135176,validation,B,random_forest,2.0
2025-08-15,2025-08-18,0,0,0.40073624174863176,validation,B,random_forest,2.0
2025-08-18,2025-08-19,0,1,0.5167643249954879,validation,B,random_forest,2.0
2025-08-19,2025-08-20,0,1,0.5160607299424324,validation,B,random_forest,2.0
2025-08-20,2025-08-21,0,0,0.3530911110459034,validation,B,random_forest,2.0
2025-08-21,2025-08-22,1,0,0.42929091145507,validation,B,random_forest,2.0
2025-08-22,2025-08-25,0,0,0.3583384286801921,validation,B,random_forest,2.0
2025-08-25,2025-08-26,1,0,0.48852409730393986,validation,B,random_forest,2.0
2025-08-26,2025-08-27,1,0,0.33761638200233585,validation,B,random_forest,2.0
2025-08-27,2025-08-28,1,0,0.4725102308666565,validation,B,random_forest,2.0
2025-08-28,2025-08-29,0,0,0.35522487473597136,validation,B,random_forest,2.0
2025-08-29,2025-09-02,0,0,0.42620487872127616,validation,B,random_forest,2.0
2025-09-02,2025-09-03,1,0,0.41145752951167874,validation,B,random_forest,2.0
2025-09-03,2025-09-04,1,1,0.5443590233250629,validation,B,random_forest,2.0
2025-09-04,2025-09-05,0,0,0.3753726860863028,validation,B,random_forest,2.0
2025-09-05,2025-09-08,0,0,0.4151881976224192,validation,B,random_forest,2.0
2025-09-08,2025-09-09,0,0,0.39890367967586843,validation,B,random_forest,2.0
2025-09-09,2025-09-10,0,0,0.33656802344534237,validation,B,random_forest,2.0
2025-09-10,2025-09-11,1,0,0.4132085528191678,validation,B,random_forest,2.0
2025-09-11,2025-09-12,1,0,0.3126752547603743,validation,B,random_forest,2.0
2025-09-12,2025-09-15,1,0,0.32359745668118495,validation,B,random_forest,2.0
2025-09-15,2025-09-16,1,0,0.28391465676344413,validation,B,random_forest,2.0
2025-09-16,2025-09-17,1,0,0.3475641458550225,validation,B,random_forest,2.0
2025-09-17,2025-09-18,0,0,0.3803032925468016,validation,B,random_forest,2.0
2025-09-18,2025-09-19,1,0,0.3560934947076746,validation,B,random_forest,2.0
2025-09-19,2025-09-22,1,1,0.5517186142749582,validation,B,random_forest,2.0
2025-09-22,2025-09-23,0,1,0.5424021173025787,validation,B,random_forest,2.0
2025-09-23,2025-09-24,0,0,0.3571092721913905,validation,B,random_forest,2.0
2025-09-24,2025-09-25,1,0,0.37835138286238107,validation,B,random_forest,2.0
2025-09-25,2025-09-26,0,1,0.5043215690126895,validation,B,random_forest,2.0
2025-09-26,2025-09-29,0,0,0.35991636510248765,validation,B,random_forest,2.0
2025-09-29,2025-09-30,1,0,0.4538680607365908,validation,B,random_forest,2.0
2025-10-01,2025-10-02,1,0,0.27783022082595066,test,B,logistic_regression,42.0
2025-10-02,2025-10-03,1,0,0.41491448465443753,test,B,logistic_regression,42.0
2025-10-03,2025-10-06,0,0,0.46465486367783565,test,B,logistic_regression,42.0
2025-10-06,2025-10-07,0,0,0.31601197300754946,test,B,logistic_regression,42.0
2025-10-07,2025-10-08,1,0,0.3788713527076175,test,B,logistic_regression,42.0
2025-10-08,2025-10-09,0,0,0.1998233184906062,test,B,logistic_regression,42.0
2025-10-09,2025-10-10,0,0,0.2628930973467273,test,B,logistic_regression,42.0
2025-10-10,2025-10-13,1,0,0.452801775129185,test,B,logistic_regression,42.0
2025-10-13,2025-10-14,1,0,0.1593466084322573,test,B,logistic_regression,42.0
2025-10-14,2025-10-15,1,0,0.3898674826793715,test,B,logistic_regression,42.0
2025-10-15,2025-10-16,0,0,0.46824412917192715,test,B,logistic_regression,42.0
2025-10-16,2025-10-17,1,0,0.41937862048767105,test,B,logistic_regression,42.0
2025-10-17,2025-10-20,1,0,0.4719146462244445,test,B,logistic_regression,42.0
2025-10-20,2025-10-21,1,0,0.4275983317526144,test,B,logistic_regression,42.0
2025-10-21,2025-10-22,0,0,0.44304819818031255,test,B,logistic_regression,42.0
2025-10-22,2025-10-23,1,0,0.33222207367840373,test,B,logistic_regression,42.0
2025-10-23,2025-10-24,1,0,0.1591993203069,test,B,logistic_regression,42.0
2025-10-24,2025-10-27,1,0,0.19099589235756803,test,B,logistic_regression,42.0
2025-10-27,2025-10-28,1,0,0.358523897021921,test,B,logistic_regression,42.0
2025-10-28,2025-10-29,1,0,0.3591664548801531,test,B,logistic_regression,42.0
2025-10-29,2025-10-30,1,0,0.35581320293751495,test,B,logistic_regression,42.0
2025-10-30,2025-10-31,0,0,0.42954809648081116,test,B,logistic_regression,42.0
2025-10-31,2025-11-03,0,0,0.25070076056008433,test,B,logistic_regression,42.0
2025-11-03,2025-11-04,1,0,0.34600496925208063,test,B,logistic_regression,42.0
2025-11-04,2025-11-05,1,1,0.5443437553916606,test,B,logistic_regression,42.0
2025-11-05,2025-11-06,0,0,0.332619020525929,test,B,logistic_regression,42.0
2025-11-06,2025-11-07,0,1,0.5698025313742009,test,B,logistic_regression,42.0
2025-11-07,2025-11-10,1,0,0.3001735079479974,test,B,logistic_regression,42.0
2025-11-10,2025-11-11,1,0,0.1820000619483657,test,B,logistic_regression,42.0
2025-11-11,2025-11-12,0,0,0.3897353875196301,test,B,logistic_regression,42.0
2025-11-12,2025-11-13,0,0,0.29551471930906703,test,B,logistic_regression,42.0
2025-11-13,2025-11-14,0,0,0.44518503882191013,test,B,logistic_regression,42.0
2025-11-14,2025-11-17,0,0,0.21287645265047683,test,B,logistic_regression,42.0
2025-11-17,2025-11-18,0,0,0.2540504238434139,test,B,logistic_regression,42.0
2025-11-18,2025-11-19,1,0,0.47211404708753957,test,B,logistic_regression,42.0
2025-11-19,2025-11-20,0,0,0.2839122546826678,test,B,logistic_regression,42.0
2025-11-20,2025-11-21,1,1,0.5828873847700581,test,B,logistic_regression,42.0
2025-11-21,2025-11-24,1,0,0.37182024677088726,test,B,logistic_regression,42.0
2025-11-24,2025-11-25,1,0,0.22663899236380447,test,B,logistic_regression,42.0
2025-11-25,2025-11-26,1,0,0.4039219169031073,test,B,logistic_regression,42.0
2025-11-26,2025-11-28,1,0,0.308372408357654,test,B,logistic_regression,42.0
2025-11-28,2025-12-01,1,0,0.3036109089197541,test,B,logistic_regression,42.0
2025-12-01,2025-12-02,1,0,0.4571281008318405,test,B,logistic_regression,42.0
2025-12-02,2025-12-03,0,0,0.35227969413997284,test,B,logistic_regression,42.0
2025-12-03,2025-12-04,0,0,0.30935132562972617,test,B,logistic_regression,42.0
2025-12-04,2025-12-05,0,0,0.24453252875023387,test,B,logistic_regression,42.0
2025-12-05,2025-12-08,0,0,0.1965829535189497,test,B,logistic_regression,42.0
2025-12-08,2025-12-09,0,0,0.34173689666513957,test,B,logistic_regression,42.0
2025-12-09,2025-12-10,1,0,0.4567392220288678,test,B,logistic_regression,42.0
2025-12-10,2025-12-11,0,0,0.4775649782576236,test,B,logistic_regression,42.0
2025-12-11,2025-12-12,1,0,0.4941161570086305,test,B,logistic_regression,42.0
2025-12-12,2025-12-15,0,1,0.6212184670928329,test,B,logistic_regression,42.0
2025-12-15,2025-12-16,1,0,0.3675880846130416,test,B,logistic_regression,42.0
2025-12-16,2025-12-17,0,0,0.3444789981998339,test,B,logistic_regression,42.0
2025-12-17,2025-12-18,1,0,0.478248723754324,test,B,logistic_regression,42.0
2025-12-18,2025-12-19,1,0,0.3116080933492427,test,B,logistic_regression,42.0
2025-12-19,2025-12-22,0,0,0.30971951850871693,test,B,logistic_regression,42.0
2025-12-22,2025-12-23,1,0,0.41666569187072816,test,B,logistic_regression,42.0
2025-12-23,2025-12-24,1,0,0.4938297964588969,test,B,logistic_regression,42.0
2025-12-24,2025-12-26,0,1,0.5006044249697129,test,B,logistic_regression,42.0
2025-12-26,2025-12-29,1,1,0.5348131241601217,test,B,logistic_regression,42.0
2025-12-29,2025-12-30,0,1,0.5703117457644268,test,B,logistic_regression,42.0
2025-12-30,2025-12-31,0,1,0.5089259492027791,test,B,logistic_regression,42.0
2025-10-01,2025-10-02,1,0,0.35440286180863656,test,B,random_forest,0.0
2025-10-02,2025-10-03,1,0,0.32677405355874956,test,B,random_forest,0.0
2025-10-03,2025-10-06,0,0,0.3239884571987697,test,B,random_forest,0.0
2025-10-06,2025-10-07,0,0,0.33853580295116564,test,B,random_forest,0.0
2025-10-07,2025-10-08,1,0,0.4725400015034724,test,B,random_forest,0.0
2025-10-08,2025-10-09,0,0,0.3741364337176104,test,B,random_forest,0.0
2025-10-09,2025-10-10,0,0,0.3160977716450137,test,B,random_forest,0.0
2025-10-10,2025-10-13,1,0,0.3964998547707918,test,B,random_forest,0.0
2025-10-13,2025-10-14,1,0,0.3610433436739309,test,B,random_forest,0.0
2025-10-14,2025-10-15,1,0,0.47421673764121675,test,B,random_forest,0.0
2025-10-15,2025-10-16,0,0,0.38990229247468167,test,B,random_forest,0.0
2025-10-16,2025-10-17,1,0,0.4604351414081625,test,B,random_forest,0.0
2025-10-17,2025-10-20,1,0,0.39572980921448236,test,B,random_forest,0.0
2025-10-20,2025-10-21,1,1,0.6036372538621596,test,B,random_forest,0.0
2025-10-21,2025-10-22,0,0,0.36211559478856803,test,B,random_forest,0.0
2025-10-22,2025-10-23,1,0,0.3700443770471194,test,B,random_forest,0.0
2025-10-23,2025-10-24,1,0,0.3094613352363111,test,B,random_forest,0.0
2025-10-24,2025-10-27,1,0,0.3035874477101715,test,B,random_forest,0.0
2025-10-27,2025-10-28,1,0,0.4390978146794515,test,B,random_forest,0.0
2025-10-28,2025-10-29,1,0,0.37008964332991773,test,B,random_forest,0.0
2025-10-29,2025-10-30,1,0,0.38689399553377657,test,B,random_forest,0.0
2025-10-30,2025-10-31,0,0,0.49921231264653426,test,B,random_forest,0.0
2025-10-31,2025-11-03,0,0,0.3779067159394604,test,B,random_forest,0.0
2025-11-03,2025-11-04,1,0,0.3355256340656569,test,B,random_forest,0.0
2025-11-04,2025-11-05,1,0,0.4926875996520375,test,B,random_forest,0.0
2025-11-05,2025-11-06,0,0,0.2941202816544541,test,B,random_forest,0.0
2025-11-06,2025-11-07,0,0,0.4520977125045248,test,B,random_forest,0.0
2025-11-07,2025-11-10,1,0,0.31383633704788017,test,B,random_forest,0.0
2025-11-10,2025-11-11,1,0,0.360500850012377,test,B,random_forest,0.0
2025-11-11,2025-11-12,0,1,0.544748208609743,test,B,random_forest,0.0
2025-11-12,2025-11-13,0,0,0.37401712648021473,test,B,random_forest,0.0
2025-11-13,2025-11-14,0,1,0.5299526207515938,test,B,random_forest,0.0
2025-11-14,2025-11-17,0,0,0.3924128973929264,test,B,random_forest,0.0
2025-11-17,2025-11-18,0,0,0.38057533178468456,test,B,random_forest,0.0
2025-11-18,2025-11-19,1,0,0.3652803191842939,test,B,random_forest,0.0
2025-11-19,2025-11-20,0,0,0.2322384064556821,test,B,random_forest,0.0
2025-11-20,2025-11-21,1,0,0.41964872498023553,test,B,random_forest,0.0
2025-11-21,2025-11-24,1,0,0.36922700558580507,test,B,random_forest,0.0
2025-11-24,2025-11-25,1,0,0.36528841633199927,test,B,random_forest,0.0
2025-11-25,2025-11-26,1,0,0.32545416554290924,test,B,random_forest,0.0
2025-11-26,2025-11-28,1,0,0.43949024271603565,test,B,random_forest,0.0
2025-11-28,2025-12-01,1,0,0.4630105039500967,test,B,random_forest,0.0
2025-12-01,2025-12-02,1,0,0.46487560103275655,test,B,random_forest,0.0
2025-12-02,2025-12-03,0,0,0.30938349459401343,test,B,random_forest,0.0
2025-12-03,2025-12-04,0,0,0.34207647589530393,test,B,random_forest,0.0
2025-12-04,2025-12-05,0,0,0.39050304718622947,test,B,random_forest,0.0
2025-12-05,2025-12-08,0,0,0.4147662159664147,test,B,random_forest,0.0
2025-12-08,2025-12-09,0,0,0.3371856017017863,test,B,random_forest,0.0
2025-12-09,2025-12-10,1,0,0.36890053665619754,test,B,random_forest,0.0
2025-12-10,2025-12-11,0,0,0.2928124817721077,test,B,random_forest,0.0
2025-12-11,2025-12-12,1,0,0.4154660246352145,test,B,random_forest,0.0
2025-12-12,2025-12-15,0,1,0.5704523619628324,test,B,random_forest,0.0
2025-12-15,2025-12-16,1,0,0.3436017697175043,test,B,random_forest,0.0
2025-12-16,2025-12-17,0,0,0.3896615361646758,test,B,random_forest,0.0
2025-12-17,2025-12-18,1,0,0.47743554934404064,test,B,random_forest,0.0
2025-12-18,2025-12-19,1,0,0.32396318357826176,test,B,random_forest,0.0
2025-12-19,2025-12-22,0,0,0.2988143428595887,test,B,random_forest,0.0
2025-12-22,2025-12-23,1,1,0.504283344528067,test,B,random_forest,0.0
2025-12-23,2025-12-24,1,1,0.5111752499283431,test,B,random_forest,0.0
2025-12-24,2025-12-26,0,1,0.5633809516025552,test,B,random_forest,0.0
2025-12-26,2025-12-29,1,1,0.6163310788027454,test,B,random_forest,0.0
2025-12-29,2025-12-30,0,1,0.5778020990126089,test,B,random_forest,0.0
2025-12-30,2025-12-31,0,1,0.6020263303608477,test,B,random_forest,0.0
2025-10-01,2025-10-02,1,0,0.35521792075958863,test,B,random_forest,1.0
2025-10-02,2025-10-03,1,0,0.3600791724279975,test,B,random_forest,1.0
2025-10-03,2025-10-06,0,0,0.34736091933708796,test,B,random_forest,1.0
2025-10-06,2025-10-07,0,0,0.3939927400775938,test,B,random_forest,1.0
2025-10-07,2025-10-08,1,0,0.4946885477205231,test,B,random_forest,1.0
2025-10-08,2025-10-09,0,0,0.3755030458737654,test,B,random_forest,1.0
2025-10-09,2025-10-10,0,0,0.3354086748116593,test,B,random_forest,1.0
2025-10-10,2025-10-13,1,0,0.4451571706123789,test,B,random_forest,1.0
2025-10-13,2025-10-14,1,0,0.3882861732181051,test,B,random_forest,1.0
2025-10-14,2025-10-15,1,0,0.47706791708504537,test,B,random_forest,1.0
2025-10-15,2025-10-16,0,0,0.3799158611157198,test,B,random_forest,1.0
2025-10-16,2025-10-17,1,0,0.4684454505984443,test,B,random_forest,1.0
2025-10-17,2025-10-20,1,0,0.44282202206663973,test,B,random_forest,1.0
2025-10-20,2025-10-21,1,1,0.6032662046585553,test,B,random_forest,1.0
2025-10-21,2025-10-22,0,0,0.3999541127402856,test,B,random_forest,1.0
2025-10-22,2025-10-23,1,0,0.3759527515131546,test,B,random_forest,1.0
2025-10-23,2025-10-24,1,0,0.3279487302026985,test,B,random_forest,1.0
2025-10-24,2025-10-27,1,0,0.31199621282713697,test,B,random_forest,1.0
2025-10-27,2025-10-28,1,1,0.5124625990434564,test,B,random_forest,1.0
2025-10-28,2025-10-29,1,0,0.39569743829219645,test,B,random_forest,1.0
2025-10-29,2025-10-30,1,0,0.40562831574843666,test,B,random_forest,1.0
2025-10-30,2025-10-31,0,0,0.48449059629599067,test,B,random_forest,1.0
2025-10-31,2025-11-03,0,0,0.33924091129598555,test,B,random_forest,1.0
2025-11-03,2025-11-04,1,0,0.33232624454811727,test,B,random_forest,1.0
2025-11-04,2025-11-05,1,1,0.5150441468842046,test,B,random_forest,1.0
2025-11-05,2025-11-06,0,0,0.3040568554463415,test,B,random_forest,1.0
2025-11-06,2025-11-07,0,0,0.4290402099848899,test,B,random_forest,1.0
2025-11-07,2025-11-10,1,0,0.31422652688191266,test,B,random_forest,1.0
2025-11-10,2025-11-11,1,0,0.3716682682645116,test,B,random_forest,1.0
2025-11-11,2025-11-12,0,1,0.549618607798999,test,B,random_forest,1.0
2025-11-12,2025-11-13,0,0,0.3879014345078796,test,B,random_forest,1.0
2025-11-13,2025-11-14,0,1,0.5012931032536424,test,B,random_forest,1.0
2025-11-14,2025-11-17,0,0,0.37643878268136494,test,B,random_forest,1.0
2025-11-17,2025-11-18,0,0,0.37955553129898284,test,B,random_forest,1.0
2025-11-18,2025-11-19,1,0,0.3253520745997143,test,B,random_forest,1.0
2025-11-19,2025-11-20,0,0,0.2351506066755188,test,B,random_forest,1.0
2025-11-20,2025-11-21,1,0,0.4153362516618481,test,B,random_forest,1.0
2025-11-21,2025-11-24,1,0,0.41210259454063336,test,B,random_forest,1.0
2025-11-24,2025-11-25,1,0,0.3602616125540831,test,B,random_forest,1.0
2025-11-25,2025-11-26,1,0,0.3448489708389574,test,B,random_forest,1.0
2025-11-26,2025-11-28,1,0,0.4461930877799892,test,B,random_forest,1.0
2025-11-28,2025-12-01,1,0,0.4540694697357129,test,B,random_forest,1.0
2025-12-01,2025-12-02,1,0,0.46269654408628497,test,B,random_forest,1.0
2025-12-02,2025-12-03,0,0,0.3607934865732523,test,B,random_forest,1.0
2025-12-03,2025-12-04,0,0,0.34686325031722914,test,B,random_forest,1.0
2025-12-04,2025-12-05,0,0,0.3579466644208014,test,B,random_forest,1.0
2025-12-05,2025-12-08,0,0,0.3872913159847434,test,B,random_forest,1.0
2025-12-08,2025-12-09,0,0,0.33857942656138884,test,B,random_forest,1.0
2025-12-09,2025-12-10,1,0,0.3460340943333715,test,B,random_forest,1.0
2025-12-10,2025-12-11,0,0,0.31473792617316787,test,B,random_forest,1.0
2025-12-11,2025-12-12,1,0,0.3984705652482004,test,B,random_forest,1.0
2025-12-12,2025-12-15,0,1,0.5560760651712642,test,B,random_forest,1.0
2025-12-15,2025-12-16,1,0,0.3556541989235694,test,B,random_forest,1.0
2025-12-16,2025-12-17,0,0,0.38546247774673603,test,B,random_forest,1.0
2025-12-17,2025-12-18,1,0,0.47473721242378353,test,B,random_forest,1.0
2025-12-18,2025-12-19,1,0,0.31994988652071177,test,B,random_forest,1.0
2025-12-19,2025-12-22,0,0,0.25379933045274006,test,B,random_forest,1.0
2025-12-22,2025-12-23,1,1,0.5184275216854471,test,B,random_forest,1.0
2025-12-23,2025-12-24,1,1,0.5103910744850886,test,B,random_forest,1.0
2025-12-24,2025-12-26,0,1,0.5722662745570475,test,B,random_forest,1.0
2025-12-26,2025-12-29,1,1,0.6178792220299779,test,B,random_forest,1.0
2025-12-29,2025-12-30,0,1,0.6060139302871618,test,B,random_forest,1.0
2025-12-30,2025-12-31,0,1,0.5948142889211889,test,B,random_forest,1.0
2025-10-01,2025-10-02,1,0,0.39266648612360944,test,B,random_forest,2.0
2025-10-02,2025-10-03,1,0,0.36429732866336384,test,B,random_forest,2.0
2025-10-03,2025-10-06,0,0,0.3429154541771695,test,B,random_forest,2.0
2025-10-06,2025-10-07,0,0,0.36550664697073365,test,B,random_forest,2.0
2025-10-07,2025-10-08,1,0,0.4822754813900513,test,B,random_forest,2.0
2025-10-08,2025-10-09,0,0,0.35914833775834404,test,B,random_forest,2.0
2025-10-09,2025-10-10,0,0,0.34117760478877956,test,B,random_forest,2.0
2025-10-10,2025-10-13,1,0,0.4150085874010301,test,B,random_forest,2.0
2025-10-13,2025-10-14,1,0,0.33822734141114597,test,B,random_forest,2.0
2025-10-14,2025-10-15,1,0,0.44138317193763377,test,B,random_forest,2.0
2025-10-15,2025-10-16,0,0,0.3509417924475653,test,B,random_forest,2.0
2025-10-16,2025-10-17,1,0,0.4361126642726967,test,B,random_forest,2.0
2025-10-17,2025-10-20,1,0,0.4022096027619363,test,B,random_forest,2.0
2025-10-20,2025-10-21,1,1,0.5757631226059112,test,B,random_forest,2.0
2025-10-21,2025-10-22,0,0,0.36571738977866225,test,B,random_forest,2.0
2025-10-22,2025-10-23,1,0,0.36576462841931967,test,B,random_forest,2.0
2025-10-23,2025-10-24,1,0,0.3025616838021573,test,B,random_forest,2.0
2025-10-24,2025-10-27,1,0,0.33081774178416734,test,B,random_forest,2.0
2025-10-27,2025-10-28,1,0,0.48397111183429853,test,B,random_forest,2.0
2025-10-28,2025-10-29,1,0,0.4018114003782135,test,B,random_forest,2.0
2025-10-29,2025-10-30,1,0,0.4226761367413454,test,B,random_forest,2.0
2025-10-30,2025-10-31,0,1,0.5198531693263029,test,B,random_forest,2.0
2025-10-31,2025-11-03,0,0,0.4066292273638692,test,B,random_forest,2.0
2025-11-03,2025-11-04,1,0,0.3557623810386291,test,B,random_forest,2.0
2025-11-04,2025-11-05,1,1,0.5151771876247452,test,B,random_forest,2.0
2025-11-05,2025-11-06,0,0,0.31389445994570586,test,B,random_forest,2.0
2025-11-06,2025-11-07,0,0,0.43482075620712257,test,B,random_forest,2.0
2025-11-07,2025-11-10,1,0,0.32589270176320795,test,B,random_forest,2.0
2025-11-10,2025-11-11,1,0,0.36879387073374076,test,B,random_forest,2.0
2025-11-11,2025-11-12,0,1,0.5311508530929143,test,B,random_forest,2.0
2025-11-12,2025-11-13,0,0,0.3917272813924424,test,B,random_forest,2.0
2025-11-13,2025-11-14,0,1,0.517031486173287,test,B,random_forest,2.0
2025-11-14,2025-11-17,0,0,0.40634555408361955,test,B,random_forest,2.0
2025-11-17,2025-11-18,0,0,0.3545230228142098,test,B,random_forest,2.0
2025-11-18,2025-11-19,1,0,0.3723507693065418,test,B,random_forest,2.0
2025-11-19,2025-11-20,0,0,0.24589100362001748,test,B,random_forest,2.0
2025-11-20,2025-11-21,1,0,0.39256895914786477,test,B,random_forest,2.0
2025-11-21,2025-11-24,1,0,0.38762951584656274,test,B,random_forest,2.0
2025-11-24,2025-11-25,1,0,0.39228392044322524,test,B,random_forest,2.0
2025-11-25,2025-11-26,1,0,0.3692362982548314,test,B,random_forest,2.0
2025-11-26,2025-11-28,1,0,0.44012325876096003,test,B,random_forest,2.0
2025-11-28,2025-12-01,1,0,0.46084685420776705,test,B,random_forest,2.0
2025-12-01,2025-12-02,1,0,0.4617339392953601,test,B,random_forest,2.0
2025-12-02,2025-12-03,0,0,0.37563612558298176,test,B,random_forest,2.0
2025-12-03,2025-12-04,0,0,0.37966419946318003,test,B,random_forest,2.0
2025-12-04,2025-12-05,0,0,0.3903765428812677,test,B,random_forest,2.0
2025-12-05,2025-12-08,0,0,0.4029738564791184,test,B,random_forest,2.0
2025-12-08,2025-12-09,0,0,0.33133298868452726,test,B,random_forest,2.0
2025-12-09,2025-12-10,1,0,0.3355748521215125,test,B,random_forest,2.0
2025-12-10,2025-12-11,0,0,0.32131828274264107,test,B,random_forest,2.0
2025-12-11,2025-12-12,1,0,0.4399655694495606,test,B,random_forest,2.0
2025-12-12,2025-12-15,0,1,0.5668998033869086,test,B,random_forest,2.0
2025-12-15,2025-12-16,1,0,0.3881927394716334,test,B,random_forest,2.0
2025-12-16,2025-12-17,0,0,0.3876264270573055,test,B,random_forest,2.0
2025-12-17,2025-12-18,1,0,0.441921015301859,test,B,random_forest,2.0
2025-12-18,2025-12-19,1,0,0.3153729578089402,test,B,random_forest,2.0
2025-12-19,2025-12-22,0,0,0.3075307226415936,test,B,random_forest,2.0
2025-12-22,2025-12-23,1,0,0.4982964499480434,test,B,random_forest,2.0
2025-12-23,2025-12-24,1,0,0.4714075339935483,test,B,random_forest,2.0
2025-12-24,2025-12-26,0,1,0.5539733210751462,test,B,random_forest,2.0
2025-12-26,2025-12-29,1,1,0.6015000552619869,test,B,random_forest,2.0
2025-12-29,2025-12-30,0,1,0.5786432668978457,test,B,random_forest,2.0
2025-12-30,2025-12-31,0,1,0.5688662542311775,test,B,random_forest,2.0
2025-07-01,2025-07-02,1,1,0.6845845698023059,validation,C,logistic_regression,42.0
2025-07-02,2025-07-03,1,1,0.5236114390929378,validation,C,logistic_regression,42.0
2025-07-03,2025-07-07,0,0,0.28488147364094696,validation,C,logistic_regression,42.0
2025-07-07,2025-07-08,1,0,0.20523748708969572,validation,C,logistic_regression,42.0
2025-07-08,2025-07-09,1,0,0.20254849899727054,validation,C,logistic_regression,42.0
2025-07-09,2025-07-10,1,0,0.17988713576870638,validation,C,logistic_regression,42.0
2025-07-10,2025-07-11,0,0,0.37702940980221955,validation,C,logistic_regression,42.0
2025-07-11,2025-07-14,0,0,0.31831551358464477,validation,C,logistic_regression,42.0
2025-07-14,2025-07-15,1,0,0.2444248407875417,validation,C,logistic_regression,42.0
2025-07-15,2025-07-16,1,0,0.24908591770384336,validation,C,logistic_regression,42.0
2025-07-16,2025-07-17,0,0,0.38960407200733854,validation,C,logistic_regression,42.0
2025-07-17,2025-07-18,1,0,0.3187653738905762,validation,C,logistic_regression,42.0
2025-07-18,2025-07-21,1,0,0.4253416693156472,validation,C,logistic_regression,42.0
2025-07-21,2025-07-22,1,0,0.423465233099848,validation,C,logistic_regression,42.0
2025-07-22,2025-07-23,0,0,0.44414633065201314,validation,C,logistic_regression,42.0
2025-07-23,2025-07-24,0,0,0.2730441760225118,validation,C,logistic_regression,42.0
2025-07-24,2025-07-25,1,0,0.28757443241997627,validation,C,logistic_regression,42.0
2025-07-25,2025-07-28,1,0,0.26105626400147974,validation,C,logistic_regression,42.0
2025-07-28,2025-07-29,0,0,0.3414555078145389,validation,C,logistic_regression,42.0
2025-07-29,2025-07-30,0,0,0.41381068824697903,validation,C,logistic_regression,42.0
2025-07-30,2025-07-31,0,0,0.3628016670272966,validation,C,logistic_regression,42.0
2025-07-31,2025-08-01,0,0,0.33566244884705987,validation,C,logistic_regression,42.0
2025-08-01,2025-08-04,1,1,0.5690323400402377,validation,C,logistic_regression,42.0
2025-08-04,2025-08-05,0,0,0.2282199503059299,validation,C,logistic_regression,42.0
2025-08-05,2025-08-06,1,0,0.448983212852278,validation,C,logistic_regression,42.0
2025-08-06,2025-08-07,1,1,0.5696560270957057,validation,C,logistic_regression,42.0
2025-08-07,2025-08-08,1,1,0.6633154514287051,validation,C,logistic_regression,42.0
2025-08-08,2025-08-11,0,1,0.6822116108216655,validation,C,logistic_regression,42.0
2025-08-11,2025-08-12,1,0,0.21210004262410376,validation,C,logistic_regression,42.0
2025-08-12,2025-08-13,1,0,0.08356059670819747,validation,C,logistic_regression,42.0
2025-08-13,2025-08-14,0,0,0.14502823895744651,validation,C,logistic_regression,42.0
2025-08-14,2025-08-15,0,0,0.11472294769991434,validation,C,logistic_regression,42.0
2025-08-15,2025-08-18,0,0,0.2311119097732168,validation,C,logistic_regression,42.0
2025-08-18,2025-08-19,0,0,0.17057756364835602,validation,C,logistic_regression,42.0
2025-08-19,2025-08-20,0,0,0.3659409509664899,validation,C,logistic_regression,42.0
2025-08-20,2025-08-21,0,0,0.29487782652220634,validation,C,logistic_regression,42.0
2025-08-21,2025-08-22,1,0,0.35781096121299694,validation,C,logistic_regression,42.0
2025-08-22,2025-08-25,0,0,0.3068949490962214,validation,C,logistic_regression,42.0
2025-08-25,2025-08-26,1,0,0.47393027834243157,validation,C,logistic_regression,42.0
2025-08-26,2025-08-27,1,1,0.5641573591113475,validation,C,logistic_regression,42.0
2025-08-27,2025-08-28,1,0,0.39374293030172575,validation,C,logistic_regression,42.0
2025-08-28,2025-08-29,0,0,0.36714851922624353,validation,C,logistic_regression,42.0
2025-08-29,2025-09-02,0,0,0.35504395871952066,validation,C,logistic_regression,42.0
2025-09-02,2025-09-03,1,0,0.21273580138402448,validation,C,logistic_regression,42.0
2025-09-03,2025-09-04,1,0,0.15686149458312057,validation,C,logistic_regression,42.0
2025-09-04,2025-09-05,0,0,0.12041699135253257,validation,C,logistic_regression,42.0
2025-09-05,2025-09-08,0,0,0.33300686326665846,validation,C,logistic_regression,42.0
2025-09-08,2025-09-09,0,0,0.13244724276578373,validation,C,logistic_regression,42.0
2025-09-09,2025-09-10,0,0,0.13583134109002667,validation,C,logistic_regression,42.0
2025-09-10,2025-09-11,1,0,0.2593860070276291,validation,C,logistic_regression,42.0
2025-09-11,2025-09-12,1,0,0.43433074068448796,validation,C,logistic_regression,42.0
2025-09-12,2025-09-15,1,0,0.39766541497537533,validation,C,logistic_regression,42.0
2025-09-15,2025-09-16,1,0,0.4267949427661101,validation,C,logistic_regression,42.0
2025-09-16,2025-09-17,1,0,0.44124021252904794,validation,C,logistic_regression,42.0
2025-09-17,2025-09-18,0,0,0.2862543068317732,validation,C,logistic_regression,42.0
2025-09-18,2025-09-19,1,0,0.15348833056110112,validation,C,logistic_regression,42.0
2025-09-19,2025-09-22,1,0,0.40992379067754436,validation,C,logistic_regression,42.0
2025-09-22,2025-09-23,0,0,0.44132349617933986,validation,C,logistic_regression,42.0
2025-09-23,2025-09-24,0,0,0.33081225020086,validation,C,logistic_regression,42.0
2025-09-24,2025-09-25,1,0,0.20368212599780314,validation,C,logistic_regression,42.0
2025-09-25,2025-09-26,0,0,0.1325962840147123,validation,C,logistic_regression,42.0
2025-09-26,2025-09-29,0,0,0.12329309492458278,validation,C,logistic_regression,42.0
2025-09-29,2025-09-30,1,0,0.20076138848824712,validation,C,logistic_regression,42.0
2025-07-01,2025-07-02,1,1,0.5514632902974671,validation,C,random_forest,0.0
2025-07-02,2025-07-03,1,0,0.4157255471097854,validation,C,random_forest,0.0
2025-07-03,2025-07-07,0,0,0.45814165933848033,validation,C,random_forest,0.0
2025-07-07,2025-07-08,1,0,0.4264182575098101,validation,C,random_forest,0.0
2025-07-08,2025-07-09,1,0,0.34810030740939985,validation,C,random_forest,0.0
2025-07-09,2025-07-10,1,0,0.35061897121860114,validation,C,random_forest,0.0
2025-07-10,2025-07-11,0,0,0.3721634735912245,validation,C,random_forest,0.0
2025-07-11,2025-07-14,0,0,0.3935382780159167,validation,C,random_forest,0.0
2025-07-14,2025-07-15,1,0,0.3778906682529132,validation,C,random_forest,0.0
2025-07-15,2025-07-16,1,0,0.3164414447115082,validation,C,random_forest,0.0
2025-07-16,2025-07-17,0,0,0.30807858750986333,validation,C,random_forest,0.0
2025-07-17,2025-07-18,1,0,0.3295803039736418,validation,C,random_forest,0.0
2025-07-18,2025-07-21,1,0,0.40482947611851156,validation,C,random_forest,0.0
2025-07-21,2025-07-22,1,0,0.2918712751445988,validation,C,random_forest,0.0
2025-07-22,2025-07-23,0,0,0.40309339465068833,validation,C,random_forest,0.0
2025-07-23,2025-07-24,0,0,0.3288779748923185,validation,C,random_forest,0.0
2025-07-24,2025-07-25,1,0,0.3673764483060548,validation,C,random_forest,0.0
2025-07-25,2025-07-28,1,0,0.3685552360749041,validation,C,random_forest,0.0
2025-07-28,2025-07-29,0,0,0.3458509231138441,validation,C,random_forest,0.0
2025-07-29,2025-07-30,0,0,0.3777765488467151,validation,C,random_forest,0.0
2025-07-30,2025-07-31,0,0,0.41533680318009153,validation,C,random_forest,0.0
2025-07-31,2025-08-01,0,1,0.5258492883361384,validation,C,random_forest,0.0
2025-08-01,2025-08-04,1,1,0.5692164340289676,validation,C,random_forest,0.0
2025-08-04,2025-08-05,0,0,0.4704075047845661,validation,C,random_forest,0.0
2025-08-05,2025-08-06,1,1,0.5470133613779873,validation,C,random_forest,0.0
2025-08-06,2025-08-07,1,1,0.5621095769414343,validation,C,random_forest,0.0
2025-08-07,2025-08-08,1,1,0.5034282607722115,validation,C,random_forest,0.0
2025-08-08,2025-08-11,0,1,0.536059301242979,validation,C,random_forest,0.0
2025-08-11,2025-08-12,1,0,0.2863235057489145,validation,C,random_forest,0.0
2025-08-12,2025-08-13,1,0,0.3403384497576544,validation,C,random_forest,0.0
2025-08-13,2025-08-14,0,0,0.4411798350912957,validation,C,random_forest,0.0
2025-08-14,2025-08-15,0,0,0.40688513238266116,validation,C,random_forest,0.0
2025-08-15,2025-08-18,0,0,0.3718232169856049,validation,C,random_forest,0.0
2025-08-18,2025-08-19,0,0,0.4601991992168169,validation,C,random_forest,0.0
2025-08-19,2025-08-20,0,0,0.4774364876746422,validation,C,random_forest,0.0
2025-08-20,2025-08-21,0,0,0.3605329244423733,validation,C,random_forest,0.0
2025-08-21,2025-08-22,1,0,0.402177528521141,validation,C,random_forest,0.0
2025-08-22,2025-08-25,0,0,0.3373407196842236,validation,C,random_forest,0.0
2025-08-25,2025-08-26,1,0,0.3927499112331398,validation,C,random_forest,0.0
2025-08-26,2025-08-27,1,0,0.29728282489242047,validation,C,random_forest,0.0
2025-08-27,2025-08-28,1,0,0.4622145963279167,validation,C,random_forest,0.0
2025-08-28,2025-08-29,0,0,0.4073162921355334,validation,C,random_forest,0.0
2025-08-29,2025-09-02,0,0,0.41042103555129006,validation,C,random_forest,0.0
2025-09-02,2025-09-03,1,0,0.3760369166799552,validation,C,random_forest,0.0
2025-09-03,2025-09-04,1,1,0.5232408788354285,validation,C,random_forest,0.0
2025-09-04,2025-09-05,0,0,0.3054624452080324,validation,C,random_forest,0.0
2025-09-05,2025-09-08,0,0,0.39812108180499656,validation,C,random_forest,0.0
2025-09-08,2025-09-09,0,0,0.3320016753659768,validation,C,random_forest,0.0
2025-09-09,2025-09-10,0,0,0.3259489328962857,validation,C,random_forest,0.0
2025-09-10,2025-09-11,1,0,0.4557820465764027,validation,C,random_forest,0.0
2025-09-11,2025-09-12,1,0,0.3673408179300138,validation,C,random_forest,0.0
2025-09-12,2025-09-15,1,0,0.39212104512429086,validation,C,random_forest,0.0
2025-09-15,2025-09-16,1,0,0.3466580122500578,validation,C,random_forest,0.0
2025-09-16,2025-09-17,1,0,0.3913038119562065,validation,C,random_forest,0.0
2025-09-17,2025-09-18,0,0,0.40301784070789415,validation,C,random_forest,0.0
2025-09-18,2025-09-19,1,0,0.3426315026805027,validation,C,random_forest,0.0
2025-09-19,2025-09-22,1,1,0.5804406652777397,validation,C,random_forest,0.0
2025-09-22,2025-09-23,0,1,0.5410921933629902,validation,C,random_forest,0.0
2025-09-23,2025-09-24,0,0,0.4126063098295218,validation,C,random_forest,0.0
2025-09-24,2025-09-25,1,0,0.351059702420611,validation,C,random_forest,0.0
2025-09-25,2025-09-26,0,0,0.4772460895523584,validation,C,random_forest,0.0
2025-09-26,2025-09-29,0,0,0.3605634164625532,validation,C,random_forest,0.0
2025-09-29,2025-09-30,1,0,0.43091252810117275,validation,C,random_forest,0.0
2025-07-01,2025-07-02,1,1,0.5555042567287991,validation,C,random_forest,1.0
2025-07-02,2025-07-03,1,0,0.4648551630650156,validation,C,random_forest,1.0
2025-07-03,2025-07-07,0,0,0.4715466981920626,validation,C,random_forest,1.0
2025-07-07,2025-07-08,1,0,0.46384256223901776,validation,C,random_forest,1.0
2025-07-08,2025-07-09,1,0,0.38730023514358725,validation,C,random_forest,1.0
2025-07-09,2025-07-10,1,0,0.3888531817575725,validation,C,random_forest,1.0
2025-07-10,2025-07-11,0,0,0.40852803696738765,validation,C,random_forest,1.0
2025-07-11,2025-07-14,0,0,0.43580682264633397,validation,C,random_forest,1.0
2025-07-14,2025-07-15,1,0,0.3778938198046592,validation,C,random_forest,1.0
2025-07-15,2025-07-16,1,0,0.3650687805139425,validation,C,random_forest,1.0
2025-07-16,2025-07-17,0,0,0.33867319253996964,validation,C,random_forest,1.0
2025-07-17,2025-07-18,1,0,0.3614651077144121,validation,C,random_forest,1.0
2025-07-18,2025-07-21,1,0,0.4178900718259448,validation,C,random_forest,1.0
2025-07-21,2025-07-22,1,0,0.33846064574920526,validation,C,random_forest,1.0
2025-07-22,2025-07-23,0,0,0.42756562487597344,validation,C,random_forest,1.0
2025-07-23,2025-07-24,0,0,0.33840329664634333,validation,C,random_forest,1.0
2025-07-24,2025-07-25,1,0,0.38419959483231503,validation,C,random_forest,1.0
2025-07-25,2025-07-28,1,0,0.37411989249770233,validation,C,random_forest,1.0
2025-07-28,2025-07-29,0,0,0.3603797921031241,validation,C,random_forest,1.0
2025-07-29,2025-07-30,0,0,0.40200390214082676,validation,C,random_forest,1.0
2025-07-30,2025-07-31,0,0,0.4099301812501073,validation,C,random_forest,1.0
2025-07-31,2025-08-01,0,1,0.5107554548104486,validation,C,random_forest,1.0
2025-08-01,2025-08-04,1,1,0.5222915950656811,validation,C,random_forest,1.0
2025-08-04,2025-08-05,0,0,0.45383522510355645,validation,C,random_forest,1.0
2025-08-05,2025-08-06,1,1,0.5571714058516601,validation,C,random_forest,1.0
2025-08-06,2025-08-07,1,1,0.5816003915845588,validation,C,random_forest,1.0
2025-08-07,2025-08-08,1,0,0.4919661141204044,validation,C,random_forest,1.0
2025-08-08,2025-08-11,0,1,0.5045785043754418,validation,C,random_forest,1.0
2025-08-11,2025-08-12,1,0,0.33367256545553836,validation,C,random_forest,1.0
2025-08-12,2025-08-13,1,0,0.35389281088803837,validation,C,random_forest,1.0
2025-08-13,2025-08-14,0,0,0.4737144495173519,validation,C,random_forest,1.0
2025-08-14,2025-08-15,0,0,0.43392629325258353,validation,C,random_forest,1.0
2025-08-15,2025-08-18,0,0,0.417446991995698,validation,C,random_forest,1.0
2025-08-18,2025-08-19,0,0,0.4832964756865123,validation,C,random_forest,1.0
2025-08-19,2025-08-20,0,0,0.48409225257138455,validation,C,random_forest,1.0
2025-08-20,2025-08-21,0,0,0.3501148447680825,validation,C,random_forest,1.0
2025-08-21,2025-08-22,1,0,0.36437310336947837,validation,C,random_forest,1.0
2025-08-22,2025-08-25,0,0,0.30122047533575097,validation,C,random_forest,1.0
2025-08-25,2025-08-26,1,0,0.3856173189083887,validation,C,random_forest,1.0
2025-08-26,2025-08-27,1,0,0.32212491890342443,validation,C,random_forest,1.0
2025-08-27,2025-08-28,1,0,0.45952696902225854,validation,C,random_forest,1.0
2025-08-28,2025-08-29,0,0,0.43797118764768556,validation,C,random_forest,1.0
2025-08-29,2025-09-02,0,0,0.4559566178625553,validation,C,random_forest,1.0
2025-09-02,2025-09-03,1,0,0.38938141793674785,validation,C,random_forest,1.0
2025-09-03,2025-09-04,1,0,0.48824937405729013,validation,C,random_forest,1.0
2025-09-04,2025-09-05,0,0,0.3501676665841202,validation,C,random_forest,1.0
2025-09-05,2025-09-08,0,0,0.4224508304565102,validation,C,random_forest,1.0
2025-09-08,2025-09-09,0,0,0.3460452827457097,validation,C,random_forest,1.0
2025-09-09,2025-09-10,0,0,0.36978295168066483,validation,C,random_forest,1.0
2025-09-10,2025-09-11,1,0,0.419672333378025,validation,C,random_forest,1.0
2025-09-11,2025-09-12,1,0,0.3565692145980517,validation,C,random_forest,1.0
2025-09-12,2025-09-15,1,0,0.37698763561630927,validation,C,random_forest,1.0
2025-09-15,2025-09-16,1,0,0.3374794227775488,validation,C,random_forest,1.0
2025-09-16,2025-09-17,1,0,0.46694891900158475,validation,C,random_forest,1.0
2025-09-17,2025-09-18,0,0,0.4266168162734951,validation,C,random_forest,1.0
2025-09-18,2025-09-19,1,0,0.36533694637621394,validation,C,random_forest,1.0
2025-09-19,2025-09-22,1,1,0.5509719996873476,validation,C,random_forest,1.0
2025-09-22,2025-09-23,0,1,0.5279484249453624,validation,C,random_forest,1.0
2025-09-23,2025-09-24,0,0,0.44908415493890774,validation,C,random_forest,1.0
2025-09-24,2025-09-25,1,0,0.4009697258687757,validation,C,random_forest,1.0
2025-09-25,2025-09-26,0,0,0.49594734904984555,validation,C,random_forest,1.0
2025-09-26,2025-09-29,0,0,0.38150459462057285,validation,C,random_forest,1.0
2025-09-29,2025-09-30,1,0,0.43055630222328534,validation,C,random_forest,1.0
2025-07-01,2025-07-02,1,1,0.5349897811407177,validation,C,random_forest,2.0
2025-07-02,2025-07-03,1,0,0.45401139411072916,validation,C,random_forest,2.0
2025-07-03,2025-07-07,0,1,0.5178855938228537,validation,C,random_forest,2.0
2025-07-07,2025-07-08,1,0,0.4830051286281131,validation,C,random_forest,2.0
2025-07-08,2025-07-09,1,0,0.42036198914969236,validation,C,random_forest,2.0
2025-07-09,2025-07-10,1,0,0.3869664174389825,validation,C,random_forest,2.0
2025-07-10,2025-07-11,0,0,0.4130592381210841,validation,C,random_forest,2.0
2025-07-11,2025-07-14,0,0,0.45092886281008815,validation,C,random_forest,2.0
2025-07-14,2025-07-15,1,0,0.40397125497342223,validation,C,random_forest,2.0
2025-07-15,2025-07-16,1,0,0.36724427962676476,validation,C,random_forest,2.0
2025-07-16,2025-07-17,0,0,0.35527909669901253,validation,C,random_forest,2.0
2025-07-17,2025-07-18,1,0,0.33292308792995573,validation,C,random_forest,2.0
2025-07-18,2025-07-21,1,0,0.4158635445986855,validation,C,random_forest,2.0
2025-07-21,2025-07-22,1,0,0.3483732531185754,validation,C,random_forest,2.0
2025-07-22,2025-07-23,0,0,0.3822249287039786,validation,C,random_forest,2.0
2025-07-23,2025-07-24,0,0,0.33979870653317035,validation,C,random_forest,2.0
2025-07-24,2025-07-25,1,0,0.3576330330012969,validation,C,random_forest,2.0
2025-07-25,2025-07-28,1,0,0.39069497562923594,validation,C,random_forest,2.0
2025-07-28,2025-07-29,0,0,0.38922160771305947,validation,C,random_forest,2.0
2025-07-29,2025-07-30,0,0,0.398066677503023,validation,C,random_forest,2.0
2025-07-30,2025-07-31,0,0,0.409867240516591,validation,C,random_forest,2.0
2025-07-31,2025-08-01,0,1,0.5106161688428438,validation,C,random_forest,2.0
2025-08-01,2025-08-04,1,1,0.5356596877967217,validation,C,random_forest,2.0
2025-08-04,2025-08-05,0,0,0.4500423248815853,validation,C,random_forest,2.0
2025-08-05,2025-08-06,1,1,0.5622395065729205,validation,C,random_forest,2.0
2025-08-06,2025-08-07,1,1,0.5595966058828498,validation,C,random_forest,2.0
2025-08-07,2025-08-08,1,0,0.47156182276127273,validation,C,random_forest,2.0
2025-08-08,2025-08-11,0,1,0.5295145045805936,validation,C,random_forest,2.0
2025-08-11,2025-08-12,1,0,0.309024699086219,validation,C,random_forest,2.0
2025-08-12,2025-08-13,1,0,0.337070802072846,validation,C,random_forest,2.0
2025-08-13,2025-08-14,0,0,0.4282028422564633,validation,C,random_forest,2.0
2025-08-14,2025-08-15,0,0,0.41723196256677253,validation,C,random_forest,2.0
2025-08-15,2025-08-18,0,0,0.42424211653362026,validation,C,random_forest,2.0
2025-08-18,2025-08-19,0,0,0.4913621072012153,validation,C,random_forest,2.0
2025-08-19,2025-08-20,0,0,0.4748132458297757,validation,C,random_forest,2.0
2025-08-20,2025-08-21,0,0,0.3621697481799437,validation,C,random_forest,2.0
2025-08-21,2025-08-22,1,0,0.3970213425336839,validation,C,random_forest,2.0
2025-08-22,2025-08-25,0,0,0.3532223900502124,validation,C,random_forest,2.0
2025-08-25,2025-08-26,1,0,0.41060774569834635,validation,C,random_forest,2.0
2025-08-26,2025-08-27,1,0,0.32186309756378917,validation,C,random_forest,2.0
2025-08-27,2025-08-28,1,0,0.456668650037927,validation,C,random_forest,2.0
2025-08-28,2025-08-29,0,0,0.39261207133663434,validation,C,random_forest,2.0
2025-08-29,2025-09-02,0,0,0.43390592396678557,validation,C,random_forest,2.0
2025-09-02,2025-09-03,1,0,0.406029012630824,validation,C,random_forest,2.0
2025-09-03,2025-09-04,1,1,0.5053359230387872,validation,C,random_forest,2.0
2025-09-04,2025-09-05,0,0,0.3825240544779652,validation,C,random_forest,2.0
2025-09-05,2025-09-08,0,0,0.4389932748939848,validation,C,random_forest,2.0
2025-09-08,2025-09-09,0,0,0.3895749706794538,validation,C,random_forest,2.0
2025-09-09,2025-09-10,0,0,0.3732419799534674,validation,C,random_forest,2.0
2025-09-10,2025-09-11,1,0,0.432768135756941,validation,C,random_forest,2.0
2025-09-11,2025-09-12,1,0,0.38751384096223296,validation,C,random_forest,2.0
2025-09-12,2025-09-15,1,0,0.37341675580004,validation,C,random_forest,2.0
2025-09-15,2025-09-16,1,0,0.34421518316388044,validation,C,random_forest,2.0
2025-09-16,2025-09-17,1,0,0.40562658604874957,validation,C,random_forest,2.0
2025-09-17,2025-09-18,0,0,0.4014619282046417,validation,C,random_forest,2.0
2025-09-18,2025-09-19,1,0,0.37142637941786827,validation,C,random_forest,2.0
2025-09-19,2025-09-22,1,1,0.5627439159396938,validation,C,random_forest,2.0
2025-09-22,2025-09-23,0,1,0.5430857937039928,validation,C,random_forest,2.0
2025-09-23,2025-09-24,0,0,0.42275250765091865,validation,C,random_forest,2.0
2025-09-24,2025-09-25,1,0,0.4231013672398314,validation,C,random_forest,2.0
2025-09-25,2025-09-26,0,0,0.48930800922826784,validation,C,random_forest,2.0
2025-09-26,2025-09-29,0,0,0.4212989487059614,validation,C,random_forest,2.0
2025-09-29,2025-09-30,1,0,0.47289921334513507,validation,C,random_forest,2.0
2025-10-01,2025-10-02,1,0,0.27064689974005046,test,C,logistic_regression,42.0
2025-10-02,2025-10-03,1,0,0.40613609618400354,test,C,logistic_regression,42.0
2025-10-03,2025-10-06,0,0,0.4794941845906501,test,C,logistic_regression,42.0
2025-10-06,2025-10-07,0,0,0.24778821263972498,test,C,logistic_regression,42.0
2025-10-07,2025-10-08,1,0,0.28400376785586606,test,C,logistic_regression,42.0
2025-10-08,2025-10-09,0,0,0.15793123100534492,test,C,logistic_regression,42.0
2025-10-09,2025-10-10,0,0,0.2078792078510858,test,C,logistic_regression,42.0
2025-10-10,2025-10-13,1,0,0.4474732359046733,test,C,logistic_regression,42.0
2025-10-13,2025-10-14,1,0,0.21208243440514515,test,C,logistic_regression,42.0
2025-10-14,2025-10-15,1,0,0.3917161019025417,test,C,logistic_regression,42.0
2025-10-15,2025-10-16,0,0,0.42324851845955824,test,C,logistic_regression,42.0
2025-10-16,2025-10-17,1,0,0.34388482253075453,test,C,logistic_regression,42.0
2025-10-17,2025-10-20,1,0,0.4506559873540366,test,C,logistic_regression,42.0
2025-10-20,2025-10-21,1,0,0.45735421859302,test,C,logistic_regression,42.0
2025-10-21,2025-10-22,0,0,0.4024609568757854,test,C,logistic_regression,42.0
2025-10-22,2025-10-23,1,0,0.23612117823470993,test,C,logistic_regression,42.0
2025-10-23,2025-10-24,1,0,0.09566707907719753,test,C,logistic_regression,42.0
2025-10-24,2025-10-27,1,0,0.1384048913577685,test,C,logistic_regression,42.0
2025-10-27,2025-10-28,1,0,0.31335914603144055,test,C,logistic_regression,42.0
2025-10-28,2025-10-29,1,0,0.30467939112362113,test,C,logistic_regression,42.0
2025-10-29,2025-10-30,1,0,0.4684986888566522,test,C,logistic_regression,42.0
2025-10-30,2025-10-31,0,1,0.7039628867843263,test,C,logistic_regression,42.0
2025-10-31,2025-11-03,0,1,0.5585326851972477,test,C,logistic_regression,42.0
2025-11-03,2025-11-04,1,1,0.5996130756429126,test,C,logistic_regression,42.0
2025-11-04,2025-11-05,1,1,0.7252252046464758,test,C,logistic_regression,42.0
2025-11-05,2025-11-06,0,1,0.5136229343614349,test,C,logistic_regression,42.0
2025-11-06,2025-11-07,0,1,0.6668861990492077,test,C,logistic_regression,42.0
2025-11-07,2025-11-10,1,0,0.3064648362229559,test,C,logistic_regression,42.0
2025-11-10,2025-11-11,1,0,0.1610403781034208,test,C,logistic_regression,42.0
2025-11-11,2025-11-12,0,0,0.3799535426554824,test,C,logistic_regression,42.0
2025-11-12,2025-11-13,0,0,0.25301233479471374,test,C,logistic_regression,42.0
2025-11-13,2025-11-14,0,0,0.4128883053474789,test,C,logistic_regression,42.0
2025-11-14,2025-11-17,0,0,0.1449953308717955,test,C,logistic_regression,42.0
2025-11-17,2025-11-18,0,0,0.16041949609216083,test,C,logistic_regression,42.0
2025-11-18,2025-11-19,1,0,0.4927594022701317,test,C,logistic_regression,42.0
2025-11-19,2025-11-20,0,0,0.34244568235676004,test,C,logistic_regression,42.0
2025-11-20,2025-11-21,1,1,0.683635143244142,test,C,logistic_regression,42.0
2025-11-21,2025-11-24,1,1,0.5820872202303344,test,C,logistic_regression,42.0
2025-11-24,2025-11-25,1,0,0.4183572563437968,test,C,logistic_regression,42.0
2025-11-25,2025-11-26,1,0,0.4587302196482751,test,C,logistic_regression,42.0
2025-11-26,2025-11-28,1,0,0.17204935314545566,test,C,logistic_regression,42.0
2025-11-28,2025-12-01,1,0,0.11619026998835034,test,C,logistic_regression,42.0
2025-12-01,2025-12-02,1,0,0.26979056014757113,test,C,logistic_regression,42.0
2025-12-02,2025-12-03,0,0,0.22481470674362217,test,C,logistic_regression,42.0
2025-12-03,2025-12-04,0,0,0.319516057543031,test,C,logistic_regression,42.0
2025-12-04,2025-12-05,0,0,0.22330530370817173,test,C,logistic_regression,42.0
2025-12-05,2025-12-08,0,0,0.2656608018200047,test,C,logistic_regression,42.0
2025-12-08,2025-12-09,0,0,0.2686403119277623,test,C,logistic_regression,42.0
2025-12-09,2025-12-10,1,0,0.4168150886394649,test,C,logistic_regression,42.0
2025-12-10,2025-12-11,0,1,0.5074361725795202,test,C,logistic_regression,42.0
2025-12-11,2025-12-12,1,0,0.38350874795609113,test,C,logistic_regression,42.0
2025-12-12,2025-12-15,0,1,0.583101214679697,test,C,logistic_regression,42.0
2025-12-15,2025-12-16,1,0,0.39000807391721104,test,C,logistic_regression,42.0
2025-12-16,2025-12-17,0,0,0.3621757569809722,test,C,logistic_regression,42.0
2025-12-17,2025-12-18,1,0,0.41186089082259836,test,C,logistic_regression,42.0
2025-12-18,2025-12-19,1,0,0.2801955644013829,test,C,logistic_regression,42.0
2025-12-19,2025-12-22,0,1,0.5386944130518825,test,C,logistic_regression,42.0
2025-12-22,2025-12-23,1,0,0.3818196884536875,test,C,logistic_regression,42.0
2025-12-23,2025-12-24,1,0,0.4545269946366513,test,C,logistic_regression,42.0
2025-12-24,2025-12-26,0,1,0.5220042829580744,test,C,logistic_regression,42.0
2025-12-26,2025-12-29,1,1,0.6120033262276282,test,C,logistic_regression,42.0
2025-12-29,2025-12-30,0,1,0.5891858221944528,test,C,logistic_regression,42.0
2025-12-30,2025-12-31,0,0,0.4874542139611883,test,C,logistic_regression,42.0
2025-10-01,2025-10-02,1,0,0.3652640784407632,test,C,random_forest,0.0
2025-10-02,2025-10-03,1,0,0.31897685065097564,test,C,random_forest,0.0
2025-10-03,2025-10-06,0,0,0.38147604063828666,test,C,random_forest,0.0
2025-10-06,2025-10-07,0,0,0.42821548153747824,test,C,random_forest,0.0
2025-10-07,2025-10-08,1,0,0.45982873460532764,test,C,random_forest,0.0
2025-10-08,2025-10-09,0,0,0.34899134294450834,test,C,random_forest,0.0
2025-10-09,2025-10-10,0,0,0.37093529036882045,test,C,random_forest,0.0
2025-10-10,2025-10-13,1,0,0.39818956690656515,test,C,random_forest,0.0
2025-10-13,2025-10-14,1,0,0.39265622071613654,test,C,random_forest,0.0
2025-10-14,2025-10-15,1,0,0.48132133782384834,test,C,random_forest,0.0
2025-10-15,2025-10-16,0,0,0.3485247983550048,test,C,random_forest,0.0
2025-10-16,2025-10-17,1,0,0.34998938348478376,test,C,random_forest,0.0
2025-10-17,2025-10-20,1,0,0.4066430726347846,test,C,random_forest,0.0
2025-10-20,2025-10-21,1,1,0.5780683265868709,test,C,random_forest,0.0
2025-10-21,2025-10-22,0,0,0.4131553659141117,test,C,random_forest,0.0
2025-10-22,2025-10-23,1,0,0.4354588019767461,test,C,random_forest,0.0
2025-10-23,2025-10-24,1,0,0.3083534173866421,test,C,random_forest,0.0
2025-10-24,2025-10-27,1,0,0.3308887033275996,test,C,random_forest,0.0
2025-10-27,2025-10-28,1,0,0.49807070206763066,test,C,random_forest,0.0
2025-10-28,2025-10-29,1,0,0.37442588121561965,test,C,random_forest,0.0
2025-10-29,2025-10-30,1,0,0.3584274259718129,test,C,random_forest,0.0
2025-10-30,2025-10-31,0,1,0.574272720512099,test,C,random_forest,0.0
2025-10-31,2025-11-03,0,0,0.4112490190001977,test,C,random_forest,0.0
2025-11-03,2025-11-04,1,0,0.35517724524229166,test,C,random_forest,0.0
2025-11-04,2025-11-05,1,1,0.5156057616336592,test,C,random_forest,0.0
2025-11-05,2025-11-06,0,0,0.32206935515924084,test,C,random_forest,0.0
2025-11-06,2025-11-07,0,0,0.434391036462254,test,C,random_forest,0.0
2025-11-07,2025-11-10,1,0,0.26275130506003225,test,C,random_forest,0.0
2025-11-10,2025-11-11,1,0,0.3679846082588037,test,C,random_forest,0.0
2025-11-11,2025-11-12,0,1,0.5122306531550442,test,C,random_forest,0.0
2025-11-12,2025-11-13,0,0,0.3903457586601058,test,C,random_forest,0.0
2025-11-13,2025-11-14,0,1,0.5378198419890653,test,C,random_forest,0.0
2025-11-14,2025-11-17,0,0,0.3800948809780524,test,C,random_forest,0.0
2025-11-17,2025-11-18,0,0,0.3529745600190884,test,C,random_forest,0.0
2025-11-18,2025-11-19,1,0,0.3734392062782041,test,C,random_forest,0.0
2025-11-19,2025-11-20,0,0,0.2207396978132438,test,C,random_forest,0.0
2025-11-20,2025-11-21,1,0,0.4288065823971782,test,C,random_forest,0.0
2025-11-21,2025-11-24,1,0,0.4050537400187722,test,C,random_forest,0.0
2025-11-24,2025-11-25,1,0,0.33733557469821546,test,C,random_forest,0.0
2025-11-25,2025-11-26,1,0,0.3514629022418089,test,C,random_forest,0.0
2025-11-26,2025-11-28,1,0,0.4058629508299501,test,C,random_forest,0.0
2025-11-28,2025-12-01,1,0,0.45284506276944597,test,C,random_forest,0.0
2025-12-01,2025-12-02,1,0,0.4015225549526417,test,C,random_forest,0.0
2025-12-02,2025-12-03,0,0,0.34385284755806644,test,C,random_forest,0.0
2025-12-03,2025-12-04,0,0,0.38160646092664824,test,C,random_forest,0.0
2025-12-04,2025-12-05,0,0,0.4085710361212993,test,C,random_forest,0.0
2025-12-05,2025-12-08,0,0,0.4303371572609285,test,C,random_forest,0.0
2025-12-08,2025-12-09,0,0,0.3283503806766694,test,C,random_forest,0.0
2025-12-09,2025-12-10,1,0,0.360391768847495,test,C,random_forest,0.0
2025-12-10,2025-12-11,0,0,0.4042750373834833,test,C,random_forest,0.0
2025-12-11,2025-12-12,1,0,0.398178626077528,test,C,random_forest,0.0
2025-12-12,2025-12-15,0,1,0.5710428756569245,test,C,random_forest,0.0
2025-12-15,2025-12-16,1,0,0.2944863194189036,test,C,random_forest,0.0
2025-12-16,2025-12-17,0,0,0.3208759371523529,test,C,random_forest,0.0
2025-12-17,2025-12-18,1,0,0.4304234942673162,test,C,random_forest,0.0
2025-12-18,2025-12-19,1,0,0.30684990827724024,test,C,random_forest,0.0
2025-12-19,2025-12-22,0,0,0.31240255041430337,test,C,random_forest,0.0
2025-12-22,2025-12-23,1,0,0.4971567008478581,test,C,random_forest,0.0
2025-12-23,2025-12-24,1,0,0.46245582805613705,test,C,random_forest,0.0
2025-12-24,2025-12-26,0,1,0.5230357352812649,test,C,random_forest,0.0
2025-12-26,2025-12-29,1,1,0.5392202119545694,test,C,random_forest,0.0
2025-12-29,2025-12-30,0,1,0.571982979554779,test,C,random_forest,0.0
2025-12-30,2025-12-31,0,1,0.5355970366862146,test,C,random_forest,0.0
2025-10-01,2025-10-02,1,0,0.4077931658300381,test,C,random_forest,1.0
2025-10-02,2025-10-03,1,0,0.35509091519039904,test,C,random_forest,1.0
2025-10-03,2025-10-06,0,0,0.43873610470951957,test,C,random_forest,1.0
2025-10-06,2025-10-07,0,0,0.42099064701434474,test,C,random_forest,1.0
2025-10-07,2025-10-08,1,0,0.4546711578333452,test,C,random_forest,1.0
2025-10-08,2025-10-09,0,0,0.3669204347466321,test,C,random_forest,1.0
2025-10-09,2025-10-10,0,0,0.40549958444222045,test,C,random_forest,1.0
2025-10-10,2025-10-13,1,0,0.4141724333074735,test,C,random_forest,1.0
2025-10-13,2025-10-14,1,0,0.3880103654489508,test,C,random_forest,1.0
2025-10-14,2025-10-15,1,1,0.5195982313429297,test,C,random_forest,1.0
2025-10-15,2025-10-16,0,0,0.3349486035232884,test,C,random_forest,1.0
2025-10-16,2025-10-17,1,0,0.3904520300184607,test,C,random_forest,1.0
2025-10-17,2025-10-20,1,0,0.437475637249479,test,C,random_forest,1.0
2025-10-20,2025-10-21,1,1,0.5631225706285011,test,C,random_forest,1.0
2025-10-21,2025-10-22,0,0,0.4564306555454299,test,C,random_forest,1.0
2025-10-22,2025-10-23,1,0,0.4630505049046135,test,C,random_forest,1.0
2025-10-23,2025-10-24,1,0,0.314545346586157,test,C,random_forest,1.0
2025-10-24,2025-10-27,1,0,0.378281713721862,test,C,random_forest,1.0
2025-10-27,2025-10-28,1,1,0.5162500365014819,test,C,random_forest,1.0
2025-10-28,2025-10-29,1,0,0.4290852066194848,test,C,random_forest,1.0
2025-10-29,2025-10-30,1,0,0.41858762365950464,test,C,random_forest,1.0
2025-10-30,2025-10-31,0,1,0.5658334029965003,test,C,random_forest,1.0
2025-10-31,2025-11-03,0,0,0.4334888180056322,test,C,random_forest,1.0
2025-11-03,2025-11-04,1,0,0.35451128307968316,test,C,random_forest,1.0
2025-11-04,2025-11-05,1,1,0.5180024847021278,test,C,random_forest,1.0
2025-11-05,2025-11-06,0,0,0.3248139371554172,test,C,random_forest,1.0
2025-11-06,2025-11-07,0,0,0.45216276886241163,test,C,random_forest,1.0
2025-11-07,2025-11-10,1,0,0.28177054068329765,test,C,random_forest,1.0
2025-11-10,2025-11-11,1,0,0.36348390430064326,test,C,random_forest,1.0
2025-11-11,2025-11-12,0,1,0.5448276615050741,test,C,random_forest,1.0
2025-11-12,2025-11-13,0,0,0.39097033615427856,test,C,random_forest,1.0
2025-11-13,2025-11-14,0,1,0.5622731755478176,test,C,random_forest,1.0
2025-11-14,2025-11-17,0,0,0.40449225385125437,test,C,random_forest,1.0
2025-11-17,2025-11-18,0,0,0.3410921282327982,test,C,random_forest,1.0
2025-11-18,2025-11-19,1,0,0.4010219891869661,test,C,random_forest,1.0
2025-11-19,2025-11-20,0,0,0.23652533678931453,test,C,random_forest,1.0
2025-11-20,2025-11-21,1,0,0.4779133121380156,test,C,random_forest,1.0
2025-11-21,2025-11-24,1,0,0.4469956497676042,test,C,random_forest,1.0
2025-11-24,2025-11-25,1,0,0.35111492938607425,test,C,random_forest,1.0
2025-11-25,2025-11-26,1,0,0.37103435565906484,test,C,random_forest,1.0
2025-11-26,2025-11-28,1,0,0.3889848745983007,test,C,random_forest,1.0
2025-11-28,2025-12-01,1,0,0.44231713453770444,test,C,random_forest,1.0
2025-12-01,2025-12-02,1,0,0.4575154806545917,test,C,random_forest,1.0
2025-12-02,2025-12-03,0,0,0.3973803578505967,test,C,random_forest,1.0
2025-12-03,2025-12-04,0,0,0.4065948203099034,test,C,random_forest,1.0
2025-12-04,2025-12-05,0,0,0.45608023793851077,test,C,random_forest,1.0
2025-12-05,2025-12-08,0,0,0.430805143936641,test,C,random_forest,1.0
2025-12-08,2025-12-09,0,0,0.36606278482246757,test,C,random_forest,1.0
2025-12-09,2025-12-10,1,0,0.339385815853083,test,C,random_forest,1.0
2025-12-10,2025-12-11,0,0,0.4467150512183401,test,C,random_forest,1.0
2025-12-11,2025-12-12,1,0,0.41972196109380083,test,C,random_forest,1.0
2025-12-12,2025-12-15,0,1,0.5267340395915665,test,C,random_forest,1.0
2025-12-15,2025-12-16,1,0,0.31416311760165383,test,C,random_forest,1.0
2025-12-16,2025-12-17,0,0,0.3353405618444519,test,C,random_forest,1.0
2025-12-17,2025-12-18,1,0,0.4502423270794493,test,C,random_forest,1.0
2025-12-18,2025-12-19,1,0,0.3112583144950594,test,C,random_forest,1.0
2025-12-19,2025-12-22,0,0,0.3419631218269542,test,C,random_forest,1.0
2025-12-22,2025-12-23,1,1,0.5145917252905906,test,C,random_forest,1.0
2025-12-23,2025-12-24,1,0,0.4838745103003204,test,C,random_forest,1.0
2025-12-24,2025-12-26,0,1,0.5112785684769462,test,C,random_forest,1.0
2025-12-26,2025-12-29,1,1,0.534991208828581,test,C,random_forest,1.0
2025-12-29,2025-12-30,0,1,0.5810495005897787,test,C,random_forest,1.0
2025-12-30,2025-12-31,0,1,0.5320468502057075,test,C,random_forest,1.0
2025-10-01,2025-10-02,1,0,0.4192001464877491,test,C,random_forest,2.0
2025-10-02,2025-10-03,1,0,0.40876152744857236,test,C,random_forest,2.0
2025-10-03,2025-10-06,0,0,0.41195450643017195,test,C,random_forest,2.0
2025-10-06,2025-10-07,0,0,0.42890961763583474,test,C,random_forest,2.0
2025-10-07,2025-10-08,1,0,0.4671262899769091,test,C,random_forest,2.0
2025-10-08,2025-10-09,0,0,0.367379546021131,test,C,random_forest,2.0
2025-10-09,2025-10-10,0,0,0.3990820787223584,test,C,random_forest,2.0
2025-10-10,2025-10-13,1,0,0.3846106546348656,test,C,random_forest,2.0
2025-10-13,2025-10-14,1,0,0.37589286604229544,test,C,random_forest,2.0
2025-10-14,2025-10-15,1,0,0.47599896419107124,test,C,random_forest,2.0
2025-10-15,2025-10-16,0,0,0.3679642620576563,test,C,random_forest,2.0
2025-10-16,2025-10-17,1,0,0.3797484561434147,test,C,random_forest,2.0
2025-10-17,2025-10-20,1,0,0.4613112926533481,test,C,random_forest,2.0
2025-10-20,2025-10-21,1,1,0.5544258348575332,test,C,random_forest,2.0
2025-10-21,2025-10-22,0,0,0.410045373452938,test,C,random_forest,2.0
2025-10-22,2025-10-23,1,0,0.46113880187271367,test,C,random_forest,2.0
2025-10-23,2025-10-24,1,0,0.31492504230515095,test,C,random_forest,2.0
2025-10-24,2025-10-27,1,0,0.3606441652282159,test,C,random_forest,2.0
2025-10-27,2025-10-28,1,0,0.49361794230473455,test,C,random_forest,2.0
2025-10-28,2025-10-29,1,0,0.409494094020303,test,C,random_forest,2.0
2025-10-29,2025-10-30,1,0,0.4527371492071994,test,C,random_forest,2.0
2025-10-30,2025-10-31,0,1,0.5646403334416825,test,C,random_forest,2.0
2025-10-31,2025-11-03,0,0,0.4598331553065025,test,C,random_forest,2.0
2025-11-03,2025-11-04,1,0,0.38634478845707504,test,C,random_forest,2.0
2025-11-04,2025-11-05,1,1,0.5008047953381226,test,C,random_forest,2.0
2025-11-05,2025-11-06,0,0,0.3346928086125517,test,C,random_forest,2.0
2025-11-06,2025-11-07,0,0,0.4427784268256797,test,C,random_forest,2.0
2025-11-07,2025-11-10,1,0,0.31623592564675346,test,C,random_forest,2.0
2025-11-10,2025-11-11,1,0,0.36921171555893817,test,C,random_forest,2.0
2025-11-11,2025-11-12,0,1,0.5031109178802483,test,C,random_forest,2.0
2025-11-12,2025-11-13,0,0,0.41595791785590674,test,C,random_forest,2.0
2025-11-13,2025-11-14,0,1,0.5861794780103557,test,C,random_forest,2.0
2025-11-14,2025-11-17,0,0,0.42342335301005096,test,C,random_forest,2.0
2025-11-17,2025-11-18,0,0,0.3824907796057672,test,C,random_forest,2.0
2025-11-18,2025-11-19,1,0,0.3766071429697776,test,C,random_forest,2.0
2025-11-19,2025-11-20,0,0,0.22888880131099265,test,C,random_forest,2.0
2025-11-20,2025-11-21,1,0,0.44286942314363625,test,C,random_forest,2.0
2025-11-21,2025-11-24,1,0,0.42244345632582814,test,C,random_forest,2.0
2025-11-24,2025-11-25,1,0,0.3576703854502872,test,C,random_forest,2.0
2025-11-25,2025-11-26,1,0,0.3812365012053196,test,C,random_forest,2.0
2025-11-26,2025-11-28,1,0,0.42350857379400947,test,C,random_forest,2.0
2025-11-28,2025-12-01,1,0,0.46540359397419784,test,C,random_forest,2.0
2025-12-01,2025-12-02,1,0,0.45598439521596873,test,C,random_forest,2.0
2025-12-02,2025-12-03,0,0,0.3901515196151216,test,C,random_forest,2.0
2025-12-03,2025-12-04,0,0,0.41266107573129857,test,C,random_forest,2.0
2025-12-04,2025-12-05,0,0,0.44134411586260874,test,C,random_forest,2.0
2025-12-05,2025-12-08,0,0,0.44731402071364357,test,C,random_forest,2.0
2025-12-08,2025-12-09,0,0,0.3743625487426477,test,C,random_forest,2.0
2025-12-09,2025-12-10,1,0,0.3593874514504702,test,C,random_forest,2.0
2025-12-10,2025-12-11,0,0,0.3964681476663296,test,C,random_forest,2.0
2025-12-11,2025-12-12,1,0,0.42724854825587766,test,C,random_forest,2.0
2025-12-12,2025-12-15,0,0,0.49458500309253994,test,C,random_forest,2.0
2025-12-15,2025-12-16,1,0,0.328530516254445,test,C,random_forest,2.0
2025-12-16,2025-12-17,0,0,0.3210491875192714,test,C,random_forest,2.0
2025-12-17,2025-12-18,1,0,0.4060594170584085,test,C,random_forest,2.0
2025-12-18,2025-12-19,1,0,0.2930536491826738,test,C,random_forest,2.0
2025-12-19,2025-12-22,0,0,0.30513137952307257,test,C,random_forest,2.0
2025-12-22,2025-12-23,1,0,0.49066672543182344,test,C,random_forest,2.0
2025-12-23,2025-12-24,1,0,0.48466877071576003,test,C,random_forest,2.0
2025-12-24,2025-12-26,0,1,0.5306043908133842,test,C,random_forest,2.0
2025-12-26,2025-12-29,1,1,0.5818874369702908,test,C,random_forest,2.0
2025-12-29,2025-12-30,0,1,0.5769591646852072,test,C,random_forest,2.0
2025-12-30,2025-12-31,0,1,0.5640820103541238,test,C,random_forest,2.0
