Date,AAPL_return_1d,AAPL_cum_return_5d,QQQ_return_1d,QQQ_cum_return_5d,MSFT_return_1d,MSFT_cum_return_5d,NVDA_return_1d,NVDA_cum_return_5d,AAPL_mean_return_3d,AAPL_mean_return_5d,AAPL_mean_return_10d,AAPL_mean_return_20d,AAPL_volatility_5d,AAPL_cum_return_10d,AAPL_volatility_10d,AAPL_cum_return_20d,AAPL_volatility_20d,AAPL_close_to_ma20,AAPL_volume_to_ma20,AAPL_daily_range,AAPL_minus_QQQ_1d,AAPL_minus_peer_mean_1d,previous_direction,target_next_day_up,target_date
2025-01-02,-0.026235900249704125,-0.055576958334424664,-0.0019560155401149304,-0.03722905278395261,-0.006927630944431273,-0.047230948076597,0.02993546437158101,-0.013621225418774863,-0.015519033442256877,-0.011324702628747385,-0.0037671884844410752,0.0003138896344753395,0.010703396070509326,-0.0379911207478848,0.014760479474836857,0.004945547294080255,0.011864930541427163,-0.02409051220753844,0.17763033287498442,0.0298544129468114,-0.024279884709589195,-0.037739816963278994,0,0,2025-01-03
2025-01-03,-0.002009477482910471,-0.0604585626914218,0.016365357075756926,-0.02080776106010973,0.011395697852621955,-0.033690082537828125,0.04453754642699925,0.032444934767433375,-0.01176772337555835,-0.01236176064226453,-0.0018259590575760765,0.0001392316008141159,0.009074439117856102,-0.018907516684342207,0.013393892927150316,0.001440311688686302,0.011872512409873378,-0.026119789542711325,-0.1460309177884921,0.00940990006734666,-0.018374834558667397,-0.029976099622721075,0,1,2025-01-06
2025-01-06,0.006738944345732412,-0.04143349146642372,0.011492678716045202,0.0037890866866689965,0.010629470935847651,-0.006224914244487345,0.03433230021111999,0.09065040795494284,-0.007168811128960728,-0.008365526692789737,-0.001853535660640415,0.00047000912569168386,0.012385415467052576,-0.01917618404046939,0.013373937504103244,0.008064573247821283,0.011963853783246426,-0.019941224464892104,-0.04920009971181938,0.016857162786989805,-0.00475373437031279,-0.01574194122775141,1,0,2025-01-07
2025-01-07,-0.011387624510386551,-0.03961125953487876,-0.01784426687360907,-0.0008340163716931137,-0.0128081580466064,-0.005790511845010005,-0.062169528063781176,0.01927419558309129,-0.002219385882521537,-0.007990370058265838,-0.004873872375498434,-5.822902817925746e-05,0.012227368785727015,-0.0482532591009569,0.011461119226720603,-0.002594160796450695,0.012253664113263604,-0.030979668503507418,-0.14124407787152293,0.01734031143149174,0.00645664236322252,0.026101218544807236,0,1,2025-01-08
2025-01-08,0.0020228297127402595,-0.030828344314851153,0.00017473641983811738,0.007902483198563237,0.005184929088663637,0.007259762048798635,-0.00021405549675002078,0.0433391930360878,-0.0008752834839712934,-0.006174245636905695,-0.004978092072949436,-0.0007621489029133843,0.013047385932378214,-0.04924213574152814,0.011385395368502083,-0.016413527894763025,0.011666835848644037,-0.02823221962455591,-0.20319594890691406,0.015080361384964916,0.001848093292902142,-0.00046260708321654853,1,0,2025-01-10
2025-01-10,-0.024103745236999097,-0.028706244923047186,-0.015681047185209462,-0.005958121837352004,-0.01321368448375082,0.0008839036627048547,-0.029976367052783504,-0.017352339602561884,-0.011156180011548463,-0.00574781463436469,-0.008536258631556038,-0.002174019636270791,0.012237492306234315,-0.08268779747944577,0.011230067877523571,-0.044073131311502145,0.012705530537574937,-0.04957767086573395,0.273319345113618,0.03023011812370435,-0.008422698051789634,-0.0025087194687319347,0,0,2025-01-13
2025-01-13,-0.01034413973761028,-0.03681795061164195,-0.0032138379431098096,-0.025107278834855196,-0.0042009453160802845,-0.014550638062031163,-0.0197190915473352,-0.07780170802064379,-0.010808351753956372,-0.0074147470853046515,-0.00988825386378459,-0.0024329216252495177,0.012168428335218308,-0.09505055292784015,0.010450128822406118,-0.04904866275672559,0.012821932959631098,-0.057121818815487835,0.019407390260431923,0.021117734970710875,-0.007130301794500471,0.0016158786940974612,0,0,2025-01-14
2025-01-14,-0.004778059559656711,-0.04783666751606808,-0.0009494781883642167,-0.03709922742424143,-0.0036434285470202665,-0.028467924360215724,-0.011033637137344954,-0.11824943447011993,-0.013075314844755362,-0.009718147866382476,-0.009041837279586106,-0.0029700116804247225,0.009648567986868837,-0.08728811882718257,0.01049098810118619,-0.05920303482991962,0.012675844696473053,-0.05884817255568675,-0.19550539105209286,0.015646407388477328,-0.0038285813712924943,0.002560473282525899,0,1,2025-01-15
2025-01-15,0.01967592630720172,-0.017918395401974374,0.023006112189341232,0.0029502883837222438,0.025597261622863465,0.009328272388600789,0.03400139988367168,-0.02782928643406113,0.0015179090033115756,-0.003505437702864822,-0.00574790388056533,-0.00202050174806786,0.01612928286662831,-0.05681988472613697,0.013698888026392799,-0.04134935633589332,0.013638772964553188,-0.0383398232737463,-0.19290914189659059,0.01904407504550652,-0.0033301858821395136,-0.010123404446065853,1,0,2025-01-16
2025-01-16,-0.04040031960231405,-0.059497282944261265,-0.007005728394873678,-0.004250102702362479,-0.0040582419882359,4.70012269873088e-05,-0.019597860309961135,-0.046677688394988315,-0.008500817618256348,-0.011990067565875683,-0.00908215660139069,-0.004626898423773146,0.022423987788533644,-0.0884914245347086,0.017565235532496285,-0.09074256882612208,0.015698541825176663,-0.07292224158787308,0.425042112846044,0.04372205365684518,-0.03339459120744037,-0.028572268453215532,0,1,2025-01-17
2025-01-17,0.007535348860102653,-0.02900566683417294,0.016878286159249356,0.028687343783974528,0.010481072475327702,0.024060174361975273,0.03099493638243378,0.013243845429739443,-0.004396348145003226,-0.005662248746455334,-0.0057050316904100114,-0.004736110087425543,0.02261434919576597,-0.05687926798092202,0.017142145379073683,-0.09270948159089232,0.015600776472197582,-0.06145741656365733,0.33733900618151424,0.016566647662292905,-0.009342937299146703,-0.013202655568778088,1,0,2025-01-21
2025-01-21,-0.031915917392995485,-0.050170674490610856,0.005865161393882712,0.03805690775636661,-0.0012353317425670696,0.027109953068730652,0.022656264998191844,0.057044116196431904,-0.021593629378402295,-0.009976604277532376,-0.008695675681418514,-0.005260817369497295,0.02559248841993855,-0.08514144368670473,0.018940234151373088,-0.10243914710401159,0.016349995283332246,-0.08667638634125852,0.8407579154191425,0.022637411516123068,-0.0377810787868782,-0.04262638402080787,0,1,2025-01-22
2025-01-22,0.00534509288745344,-0.040509244542017764,0.012785677997240397,0.05232833191990638,0.041306896646082114,0.07344770776651299,0.04430887824759355,0.11619625974742953,-0.006345158548479797,-0.007951973788110345,-0.00883506082724641,-0.005344298243943413,0.026491204898215985,-0.08640808479560214,0.01881876614154922,-0.10392729149944657,0.016288164801386788,-0.0768792335599896,0.19998551630309436,0.019345046667706912,-0.007440585109786957,-0.037462794559384394,1,0,2025-01-23
2025-01-23,-0.0007595151572747927,-0.059738508137440194,0.002126006214550946,0.030849743640762872,0.0011430044522051652,0.04785250847411371,0.0010200533956441493,0.08059315940780531,-0.009110113220938946,-0.012039062081005646,-0.007772249891935234,-0.006323061133716834,0.0224279116936195,-0.07658648532988399,0.01895819030710009,-0.12114419691058631,0.01531929478929121,-0.07167859290845568,0.22736869087913392,0.021148151882733782,-0.002885521371825739,-0.00184104408119945,0,0,2025-01-24
2025-01-24,-0.00393466901893802,-0.02400772610440083,-0.0056510500002078246,0.03225606582789875,-0.0059323356234963764,0.045880732814517655,-0.031245851205694786,0.06775481606559919,0.0002169695704135425,-0.004745931964330441,-0.008367999765103062,-0.006673045919026249,0.0158699119087656,-0.0820766145757802,0.018708141664535865,-0.12727712252116263,0.015172782940348494,-0.06905419494519993,0.09905045026128567,0.01894246002256151,0.001716380981269805,0.014654424395657561,0,1,2025-01-27
2025-01-27,0.03178037766199315,-0.0005217404089182809,-0.029114513510623552,-0.014432261664029444,-0.02139348154687859,0.012889534041029549,-0.16968176559118442,-0.14007696607325104,0.009028731161926781,0.0001030737960476591,-0.0027795874752038372,-0.005657923053379937,0.02276616770493276,-0.029512273814616186,0.02160742178593167,-0.10975976637372109,0.01701802793469072,-0.0337469038565289,0.7781410825465755,0.03554336616745571,0.060894891172616705,0.12731800123102466,1,1,2025-01-28
2025-01-28,0.03654390239678551,0.07015817548345593,0.014779804270462549,-0.005697507986142325,0.029086855476853746,0.04364054782826088,0.0892587737132573,-0.08407278038384625,0.02146320367994688,0.013795037754003859,0.0019092167382357417,-0.003989518562774424,0.01896419241024363,0.01646761800780938,0.024655834651769258,-0.0801481911170775,0.019398779039237566,0.005953125136728188,0.3574169066785289,0.039368778221571636,0.02176409812632296,-0.022628912198270013,1,1,2025-01-29
2025-01-29,0.004616855978554435,0.06938299023884631,-0.0018781175036002296,-0.020093691429118765,-0.010889987144788393,-0.008673313310936903,-0.04101105299054608,-0.15890394291109133,0.024313712012444366,0.013649390372224058,0.0028487082920568563,-0.003096564493764625,0.01904792483282183,0.02606309317818667,0.024551480705635707,-0.06350002402333732,0.0193614507062528,0.01407189189275937,-0.186729084169314,0.024440199233783964,0.0064949734821546645,0.030567376046221673,1,0,2025-01-30
2025-01-30,-0.007394784495044382,0.06228195272776005,0.004262345519047361,-0.018004720233139482,-0.06180903204598032,-0.07100809813642928,0.007679827087147872,-0.15330814153425898,0.011255324626765187,0.012322336504670139,0.0001416372118322462,-0.002803133334366542,0.020480046015552082,-0.0011771863495231294,0.02397560886393854,-0.05793018348297896,0.019243368855682466,0.009697894417955988,-0.02242149867221077,0.015067917957178292,-0.011657130014091743,0.01966981798437184,0,0,2025-01-31
2025-01-31,-0.006692234021185128,0.0593410697914214,-0.001453036929474294,-0.013858862765435909,0.00016870792319667594,-0.06530645402214275,-0.036742850007775774,-0.1581125226432436,-0.0031567208458916918,0.011770823504220717,0.0035124457699451384,-0.002784855415722776,0.021056305290436738,0.03390869953672593,0.019615459928683247,-0.05758335412410698,0.019239288136782867,0.006023289949644184,0.6824160181786612,0.05826271186440695,-0.005239197091710834,0.01159483702110442,0,0,2025-02-03
2025-02-03,-0.03385593403296361,-0.008048504727969918,-0.008003214518736979,0.007584160831133113,-0.00997437533066925,-0.054399756917776654,-0.02839997467282296,-0.014862181239635341,-0.015980984183064373,-0.0013564388347706347,-0.0006266825193614878,-0.0031658571048857496,0.02546205820979998,-0.008566045906740372,0.022783484866095098,-0.06495808346699594,0.019795548581334324,-0.024743955074647883,0.20021946629935639,0.02688480781761855,-0.02585271951422663,-0.014668759031217504,0,1,2025-02-04
2025-02-04,0.021007868918275108,-0.02291617372295429,0.01227560036615305,0.005097713841494933,0.003528567111288128,-0.07788458092716077,0.01705796506667734,-0.08016140017578732,-0.00651343304529121,-0.004463645530472715,0.004665696111765571,-0.0020149897848264708,0.020054415733651014,0.04563424482303713,0.020765167214380018,-0.04339256434945349,0.020522071601248325,-0.002002033392840441,-0.2625954106045034,0.027835098373634803,0.008732268552122058,0.010714602829292375,1,0,2025-02-05
2025-02-05,-0.001417521612896766,-0.02878517015793114,0.004537824800921353,0.011558496893645742,0.0022310702452519315,-0.06565224157496896,0.052086035354348637,0.009135036094853888,-0.004755195575861755,-0.005670521048762955,0.003989434661730551,-0.0024228130827579296,0.019546476551766175,0.03860061890082389,0.02085052673832183,-0.05114287144592333,0.02041974308041902,-0.0007329213029776405,-0.3488306199152944,0.018927147044263626,-0.005955346413818119,-0.02857607441269705,0,1,2025-02-06
2025-02-06,0.0032262312874222765,-0.018393034518516038,0.005219580206724306,0.012522686068079825,0.006121597898967712,0.0020001170443832983,0.030841659567378166,0.03233031700419242,0.007605526197600206,-0.003546317892269624,0.004388009306200258,-0.0016921202928674884,0.019886408076899745,0.04274336410284185,0.0207876606693176,-0.03711668525485434,0.02034339135060748,0.004431681082777583,-0.5037124589395623,0.0144499200683367,-0.0019933489193020293,-0.015255397445750662,1,0,2025-02-07
2025-02-07,-0.023968732161316675,-0.0354660218587185,-0.012613255273171142,0.001206268641182895,-0.014597772233028827,-0.012793402016610611,0.009014922225201616,0.08136928392497422,-0.007386674162263722,-0.007001617520295933,0.0023846029919623924,-0.002991698386570335,0.021962238293791604,0.021770456254360582,0.022568027946329616,-0.06209300366854764,0.020915728631565104,-0.01645149384803546,-0.3426202428801257,0.02960947743525285,-0.011355476888145533,-0.02117730715740307,0,1,2025-02-10
2025-02-10,0.0011874024339522116,-0.0004810854290298039,0.012105183692590726,0.021501348863390835,0.006028083539371121,0.0031634910039495256,0.028727576809523425,0.14495098197819267,-0.006518366146647396,7.049773087230982e-06,-0.0006746945308417019,-0.0017271410030227697,0.016044144491020627,-0.008525718138649774,0.020076441904412788,-0.03778637862509193,0.02032842271760077,-0.013375985092169418,-0.4384565269958215,0.014891278192565758,-0.010917781258638515,-0.01619042774049506,1,1,2025-02-11
2025-02-11,0.021831774959728323,0.00032548002196364223,-0.002380694289970231,0.006711478639161328,-0.0018921239430869097,-0.0022552280439932515,-0.005764600074434356,0.1192585246482274,-0.00031651825587871346,0.000171830981377874,-0.0021459072745474207,-0.00011834526815583946,0.016315688387756412,-0.022598152457717346,0.017407674610698816,-0.00650267219226397,0.020876398173587822,0.00849650502539534,-0.09223954065141526,0.030521842463068403,0.024212469249698554,0.025660136968488956,1,1,2025-02-12
2025-02-12,0.01827011978585502,0.020047485724002723,0.0005870733004280648,0.002752178365340807,-0.005833234140180332,-0.01028343409238297,-0.012500168292961633,0.05054868859135864,0.013763099059845185,0.004109359261128232,-0.0007805808938173619,0.0010340636991197471,0.018112896796741575,-0.009314754721732488,0.01849829496954342,0.016505567136209764,0.021238641291843576,0.026066389399908463,-0.23918957402516294,0.02651249279157976,0.017683046485426956,0.027436821002426004,1,1,2025-02-13
2025-02-13,0.01967325127195485,0.03677027551922718,0.014385972140796843,0.011896070566238093,0.0036671627566020604,-0.012697849134677974,0.03164559322101046,0.05136799137923043,0.01992504867251273,0.007398763258034746,0.0019262226828825613,0.0010339299473574037,0.019362735135499666,0.017700924053830613,0.01938219674506839,0.0165029004181374,0.021238517722670255,0.04536462920109807,-0.10875410492824111,0.028029599005869533,0.005287279131158007,0.0020168732831485903,1,1,2025-02-14
2025-02-14,0.012710790550175988,0.07573238679637684,0.004198362351831131,0.02912499317984696,-0.005139534817124813,-0.0032213755881567163,0.02631381871952132,0.06939300335843979,0.016884720535995285,0.014734667800333279,0.003866525140018673,0.0036894854549819056,0.008289789435065488,0.037580438452125,0.019394751087897583,0.07276344178478245,0.01898604834411879,0.05486474370509131,-0.30226985540203777,0.018642671483270406,0.008512428198344857,0.0021236485989777343,1,0,2025-02-18
2025-02-18,-0.0005315679094167747,0.07388542780966856,0.0022670523965500067,0.019121421450275067,0.0029625024154127377,-0.006258771646735495,0.0039611041169134165,0.04364751620285534,0.010617491304238022,0.014390873731659481,0.007198961752373357,0.0032861396165059344,0.008997513789113034,0.07336879717790179,0.014417255427338523,0.06417427078641325,0.01898573352428086,0.05096304974779553,-0.15282713847487017,0.013662192993877073,-0.0027986203059667814,-0.003993371175579852,0,1,2025-02-19
2025-02-19,0.001636120475941194,0.05266097620551591,0.00027828021232756406,0.021837705967697296,0.012523198205665498,0.008093484540042217,-0.0012195664723472222,0.0484184316522871,0.004605114372233469,0.010351742834902056,0.005261786908139965,0.004963741509952768,0.009348326655928777,0.05300359632317164,0.013635933365328359,0.10105662023732176,0.017100252775680422,0.04762166054563721,-0.4073203506181514,0.011638791610064982,0.00135784026361363,-0.004015695390717944,1,1,2025-02-20
2025-02-20,0.0039203879547053955,0.037826599330309074,-0.0042447295614687075,0.016903284482715497,0.005290676147367446,0.0193732233812276,0.006320622976546231,0.06840027249080416,0.0016749801737432717,0.00748179646867213,0.005795577864900181,0.004892506263315366,0.008471179321621313,0.05863241326437385,0.013448605750415454,0.09949627960485152,0.017101547980737715,0.046747603284492456,-0.38731233811014554,0.010128973170961083,0.008165117516174103,-0.0018852616072514428,1,0,2025-02-21
2025-02-21,-0.0011389422057870302,0.01664388422557761,-0.02075442738416955,-0.01832431987734673,-0.019032636089064914,-0.003681797225264516,-0.04053964441074476,-0.006356725515446859,0.0014725220749531864,0.0033193577731237545,0.00535906051557925,0.004873534910889754,0.005614703954753445,0.05402615995348925,0.013611129116702638,0.09907878388230151,0.017108357067856725,0.04065115163217725,0.015328875274588816,0.014131546233260373,0.01961548517838252,0.028647198044117805,0,1,2025-02-24
2025-02-24,0.0063124340025495496,0.010220678198805233,-0.011804547687532363,-0.03396830834197817,-0.01031334871943701,-0.008863192153542365,-0.030871107960494082,-0.06172129019448713,0.003031293250489305,0.0020396864635984667,0.008387177131965873,0.0053858900619641326,0.0031093128021014407,0.08672710134985517,0.008922257547941882,0.11038564617022018,0.016983672604769986,0.04179731314298207,-0.01721911519390462,0.017968443268861125,0.018116981690081913,0.026904662342515095,1,0,2025-02-25
2025-02-25,-0.00024287121115651455,0.01051248068595334,-0.012599286116940278,-0.048297178186205825,-0.015098892841606704,-0.026711629754334054,-0.02801661924505383,-0.09160692709371332,0.0016435401952020017,0.002097425803250519,0.008244149767455,0.0037847276183066493,0.0030517763571550932,0.08517462762844441,0.00906088374521514,0.07592273462207011,0.01583499974599303,0.037730795318085875,-0.03748508389852889,0.02060393651320733,0.012356414905783764,0.021314884832173753,0,0,2025-02-26
2025-02-26,-0.027040139913881323,-0.018417904741387825,0.002415704010644948,-0.046263551843905515,0.00459924898565256,-0.03432852943221121,0.0367212871813456,-0.05709963451747013,-0.0069901923741627625,-0.0036378262747139845,0.003356958280094036,0.0006055255027733076,0.013431052705042844,0.03327316662078639,0.013167331889558919,0.009923102071021539,0.015285114063135456,0.00916982993950266,-0.08042047228369098,0.024338454109966535,-0.02945584392452627,-0.0477004079973804,0,0,2025-02-27
2025-02-27,-0.012730889246679977,-0.03469867337620647,-0.027771276684415702,-0.06879732711635245,-0.018012223498855895,-0.056713045576438526,-0.08478068700982089,-0.14245956506128132,-0.013337966790572605,-0.006968081714991059,0.00025685737684053576,-0.0002618617584884131,0.01314987540292132,0.0018153931390074707,0.012913033285330338,-0.007516271524538265,0.015535666095356341,-0.0033017779977213557,-0.14446649211013485,0.02275604334524868,0.015040387437735725,0.038665566007658414,0,1,2025-02-28
2025-02-28,0.01913186340897388,-0.015108926234724707,0.015791643740880934,-0.034044247738995725,0.011362222298084035,-0.027485698721755325,0.039700371673689006,-0.07074314875320376,-0.006879721917195806,-0.0029139205920388767,0.0002027185905424389,0.0010644706367125,0.017725151963039375,0.001283486771829212,0.012823407626478586,0.019007129727532268,0.01601945582911092,0.014805555864247033,0.18005618791151168,0.049164735236913164,0.0033402196680929475,-0.006399433576912639,1,0,2025-03-03
2025-03-03,-0.015754233800356232,-0.03670586115520713,-0.021882591357656023,-0.04389548135063892,-0.021411174312657266,-0.03839096261364827,-0.08693563240438495,-0.12450105843819881,-0.0031177532126874428,-0.007327254152620033,-0.002643783844510783,0.0006113706477539449,0.01760031609836312,-0.026860341751279382,0.012897479308953096,0.009710673280858506,0.01637461561774267,-0.0016614259513614282,0.03763094499427844,0.03327310931211151,0.006128357557299791,0.03841916955816488,0,0,2025-03-04
2025-03-04,-0.008822400114137041,-0.04497247878493371,-0.0030178189189887794,-0.0346177038946901,0.0003088456951749752,-0.02334760393025459,0.016920938730529356,-0.08402425068307307,-0.0018149235018397973,-0.009043159933216138,-0.0034728670649828096,0.0018630473436952733,0.017149415613911787,-0.03493277041360632,0.013012578554400533,0.0358730514169574,0.014444266288700427,-0.012161739563602447,0.2086865393284656,0.022845822132688997,-0.005804581195148262,-0.017437292326989207,0,0,2025-03-05
2025-03-05,-0.0008053418580530325,-0.019221206625959053,0.013036083157005551,-0.024389685753312462,0.031934366955736815,0.0032270809396455213,0.011294060111450399,-0.10649000271920828,-0.008460658590848769,-0.0037962003220504805,-0.0037170132983822325,0.0007723868048788663,0.013988631598585047,-0.03728509701469551,0.012928704794257275,0.01374225507743887,0.013728389799684885,-0.01361719279611262,0.05849780702983143,0.03105118840099051,-0.013841425015058584,-0.02241955539164664,0,0,2025-03-06
2025-03-06,-0.0017391065366217928,-0.00830168400950182,-0.02750934986936482,-0.024126847908458537,-0.010298692177502788,0.011107447372341595,-0.05737418573970754,-0.07973359305022021,-0.003788949502937289,-0.0015978437800388435,-0.004282962747514951,0.0007563075586926149,0.013066812610932076,-0.04271229996379022,0.012678686833428052,0.01341578807763466,0.013731277727246513,-0.015973966946869367,0.006132632588318421,0.019971941153582133,0.025770243332743026,0.03209733242198337,0,1,2025-03-07
2025-03-07,0.015892492236748712,-0.011453856021490738,0.007353429238719844,-0.03223345819117629,-0.009020184772629891,-0.00926982511243124,0.019173286967559156,-0.09790266079543475,0.004449347947357962,-0.0022457180144838775,-0.002579819303261377,0.0013896206061589367,0.011801046097237476,-0.02638972679048357,0.014200543968921595,0.026210697562294216,0.014137284834778312,-0.0016099195141543454,0.01227476341805045,0.02764880749506698,0.008539062998028868,0.01081594113928408,1,0,2025-03-10
2025-03-10,-0.04847953160793628,-0.04432213757188319,-0.038756272862125574,-0.04892857500729575,-0.03343422477658964,-0.021442045534473486,-0.05067004889183124,-0.06207267163757857,-0.011442048635936453,-0.008790777575999886,-0.00805901586430996,0.00016408063382795658,0.02396849626746782,-0.07940111649927484,0.019839339461368254,0.00043975617265590294,0.01718512353980776,-0.050031237362434755,0.5227160220989806,0.05248814254290392,-0.009723258745810703,-0.006427394773725836,0,0,2025-03-11
2025-03-11,-0.029189323366758724,-0.06395960484368635,-0.0023904218712512693,-0.04833006942158813,0.0007628805224979551,-0.020997883320180044,0.016638680910238124,-0.0623330038947012,-0.020592120912648764,-0.012864162226524223,-0.01095366107987018,-0.0013547556562075902,0.025647088582973727,-0.10605566165669456,0.02066667360494507,-0.02991428551774733,0.018390041378115368,-0.07644694232066795,0.5386956572702113,0.03799130378906328,-0.026798901495507454,-0.03789010408312676,0,0,2025-03-12
2025-03-12,-0.017478750557457734,-0.07957916799929354,0.011280776718877839,-0.04997904558728494,0.007412227476897293,-0.044262179213458985,0.06427599970802578,-0.013208403930296986,-0.03171586851071758,-0.01619884396640516,-0.009997522144227822,-0.003320281932066893,0.024755662869256095,-0.09727076699401627,0.020051773420631018,-0.06723410681075348,0.01787497656183528,-0.08961223282834985,0.25287353674095847,0.031523626475131766,-0.028759527276335572,-0.05332286414991927,0,0,2025-03-13
2025-03-13,-0.03364364095788941,-0.1089959249902811,-0.017990579046339494,-0.04068020889316171,-0.011741064199843998,-0.04565505349027377,-0.0013824634742628517,0.04540675400951377,-0.026770571627368622,-0.022579750850658685,-0.012088797315348765,-0.0059159699692541146,0.02420241955153094,-0.11639275927219017,0.021412861858213693,-0.11478866474979554,0.0183380388137778,-0.11519398589308816,0.20971659775375207,0.040156421514019956,-0.015653061911549915,-0.027081877120835984,0,1,2025-03-14
2025-03-14,0.01817056369559933,-0.10699790751450444,0.024170565836783897,-0.02466496389572137,0.025846859900428232,-0.012076985226766923,0.05269075080871022,0.07978695561493954,-0.010983942606582605,-0.022124136558888563,-0.01218492728668622,-0.0059911043480718905,0.025112074656036404,-0.11722622490872325,0.021258730859066963,-0.1160931964458759,0.018230439611201705,-0.09375508442043767,0.17733011374587293,0.020469319428292655,-0.006000002141184568,-0.021098241658969896,1,1,2025-03-17
2025-03-17,0.002388796001654203,-0.059257974948088155,0.006483669682431525,0.021238171541564155,0.0003602815567784745,0.02246424459478069,-0.0175885256660947,0.11741454464162637,-0.004361427086878626,-0.011950471036970467,-0.010370624306485176,-0.00650720407549798,0.02185877877357521,-0.10095367240209108,0.021690087977130984,-0.12510236401160357,0.0178144889559166,-0.08565181980861847,-0.06495669773921076,0.024532710280373928,-0.004094873680777322,0.011002918056312316,1,0,2025-03-18
2025-03-18,-0.0061214000921731015,-0.03690452810474032,-0.017047344805643738,0.006234096293989966,-0.013326490396163848,0.008069348187707881,-0.03430106695951218,0.061425316375126826,0.004812653201693477,-0.007336886382053343,-0.010100524304288783,-0.0067866956846357965,0.019631601179470885,-0.09850373391390466,0.02172829342448074,-0.12999549600581362,0.017759567657702317,-0.08503699897166683,-0.16951495703515407,0.0172080885857747,0.010925944713470637,0.017692378585664914,0,1,2025-03-19
2025-03-19,0.01198926607169426,-0.008019134127385752,0.013381369317085667,0.008324206126391953,0.011211970469916954,0.011871569699201112,0.018106204951170657,0.015379188284092349,0.0027522206603917874,-0.0014432830562229437,-0.008821063511314054,-0.006269038404848143,0.020239620910365137,-0.08696014610474723,0.022691792053029673,-0.12100292563551507,0.018164274002899158,-0.068128254491849,0.041814508192363986,0.023276316572083875,-0.0013921032453914073,-0.0026698216388495455,1,0,2025-03-20
2025-03-20,-0.005296390367379944,0.02107978980762626,-0.003389539667178476,0.023316507754532312,-0.0025269423082511233,0.02130584612625608,0.008594252615910847,0.025523362119277193,0.0001904918707137382,0.004226167061878949,-0.009176791894389868,-0.00672987732095241,0.0106751941683607,-0.09021374637133772,0.022596117214533383,-0.12907280973925794,0.018008404960976106,-0.06665295663377091,-0.07857787709286512,0.024614685297640524,-0.0019068507002014679,-0.008330045521209806,0,1,2025-03-21
2025-03-21,0.019476844222606093,0.022389802779425816,0.003296694837295,0.0024600435218748995,0.011425907871364549,0.006948729884345806,-0.0070024141076757696,-0.032629267352924374,0.008723239975640137,0.004487423167280302,-0.00881835669580413,-0.005699087999532754,0.011108946448110798,-0.0870037667821395,0.023061602807644462,-0.11109748793749952,0.01891258770686622,-0.0427824801787825,0.7090406879389981,0.03463598941958506,0.016180149385311093,0.017265097340761704,1,1,2025-03-24
2025-03-24,0.01127044431081825,0.03144866965761017,0.021944304665106218,0.017858871425856737,0.004651654992811283,0.011268366629767046,0.031520908262874014,0.015728300042102683,0.0084836327220148,0.0062637528291131115,-0.0028433591039286775,-0.005451187484119319,0.011395867334957639,-0.02967288976919935,0.019032378507170208,-0.10671794569103987,0.019109783625896326,-0.026364409811373557,-0.19050782045882098,0.013138195771380255,-0.010673860354287967,-0.006815837317024398,1,1,2025-03-25
2025-03-25,0.013681817138508912,0.05200047756394999,0.00570664971191448,0.04142089657293013,0.005291495283754388,0.03035044371525286,-0.005930270007605598,0.04556888531443981,0.014809701890644419,0.010224396275249514,0.001443754946598086,-0.0047549530666360475,0.009255611162173322,0.013176896373491065,0.01717640834544358,-0.09427624974667581,0.019557934497755596,-0.007947542003806207,-0.36180949661201356,0.017966499541724888,0.007975167426594432,0.014001204500434516,1,0,2025-03-26
2025-03-26,-0.009921752639865389,0.02922315875112358,-0.018400795513689006,0.008759342300031836,-0.01313394738591922,0.005543748385332448,-0.057419907130132564,-0.031994489151752625,0.0050101696031539245,0.005842192532937584,0.0021994547383573206,-0.0038990337029352505,0.012741657608581664,0.020969680194086626,0.016400080485029812,-0.07834082367602768,0.01889466304545114,-0.013673138335935864,-0.3563836432359695,0.02053899280833207,0.008479042873823617,0.025355174618160503,0,1,2025-03-27
2025-03-27,0.010472618545503964,0.0455394051249427,-0.005697928777791628,0.006422813461856691,0.0015642581772612463,0.009668051332539784,-0.02048169079087525,-0.05990033273343209,0.004744227681382496,0.008995994315514367,0.006611080688696658,-0.0027388583133260537,0.011147195186110622,0.06757915602056697,0.010592224896234063,-0.05667932769014283,0.019035673045672347,-0.00035056337368821744,-0.30466045896968474,0.01979007287818328,0.016170547323295592,0.019931334852310967,1,0,2025-03-28
2025-03-28,-0.026580406557995873,-0.0016952827992944286,-0.02632775770676299,-0.023293944332798633,-0.0301601775490562,-0.03184575754086805,-0.01579474517299173,-0.06822428802439429,-0.008676513550785766,-0.00021545584060602695,0.0021359836633371375,-0.005024471811674541,0.017525822780352238,0.020656562932599876,0.014053648394113308,-0.09899115286830151,0.01901576975828909,-0.021692145634047866,-0.24150727822403595,0.02813219391701606,-0.00025264885123288394,-0.0036029451969719073,0,1,2025-03-31
2025-03-31,0.01941267505554678,0.006342554563329994,-4.268295357401364e-05,-0.04430763740297228,-0.009002161470784809,-0.045003552353920506,-0.011762543009884885,-0.10732235021913406,0.0011016290143516239,0.001412990308339679,0.003838371568726395,-0.003266126368879391,0.01916178679299763,0.03799068912418768,0.015081203180145074,-0.06679828286207623,0.01958866652893882,0.0008718576142756618,0.2227697905211854,0.04227253942844056,0.019455358009120793,0.029795027295881626,1,1,2025-04-01
2025-04-01,0.0047719465966074015,-0.002502806703262306,0.00806107222453889,-0.042070301481721306,0.018114492819780725,-0.03282209339148978,0.016331443002860047,-0.08733126403000868,-0.0007985949686138971,-0.00036898380004062313,0.004927706237604445,-0.0025864090333421685,0.018121655617963812,0.04936752371686781,0.014669667173512192,-0.053999095617231596,0.019621550179115023,0.00854267557720867,-0.3068671127121634,0.02141672443662322,-0.0032891256279314884,-0.012451021314712984,1,1,2025-04-02
2025-04-02,0.0031363580770973343,0.010653152257211973,0.007298463725373239,-0.016990733830786642,-0.00013071270252795752,-0.020078275457021233,0.0024512088746246885,-0.0293600675465302,0.009106993243083839,0.0022426383433519215,0.004042415438144753,-0.00238932403658465,0.017324165112737152,0.04018762976794776,0.014461819916902393,-0.0502672384930235,0.019660139222076982,0.014421805742430127,-0.30906902824885285,0.01862520961326201,-0.0041621056482759045,0.001976109991048969,1,0,2025-04-03
2025-04-03,-0.09245611221219108,-0.09229396801986645,-0.053533530892642234,-0.06428304216710612,-0.023630177218855408,-0.04472829105080822,-0.0780655345334399,-0.08642196998898999,-0.02818260251282878,-0.018343107808187088,-0.0046735567463363605,-0.006925174320363115,0.044670356073655375,-0.05095757529516909,0.033907339342165825,-0.13657424789313,0.02813877751799087,-0.07261526226641879,0.8844621477646166,0.030710199410344908,-0.038922581319548843,-0.041608256336043425,0,0,2025-04-04
2025-04-04,-0.07288731157235961,-0.1354747887954587,-0.0621088246908591,-0.09866930655060924,-0.035565913240012126,-0.050052826352500523,-0.07357560612038438,-0.14005643785813116,-0.05406902190248445,-0.027604488811059834,-0.013909972325832931,-0.011364164510818531,0.051137349437961555,-0.13694040351557013,0.03882171457704727,-0.2120298393671889,0.031187286689031743,-0.13014758901599233,1.1390966946851617,0.06656761981040824,-0.010778486881500515,-0.01831655189216136,0,0,2025-04-07
2025-04-07,-0.03673427707221111,-0.18309088856986677,0.0024130961452923927,-0.09645574299103876,-0.005502459366292234,-0.04669809439092021,0.035308927291754166,-0.09909582908933035,-0.0673592336189206,-0.03883387923661141,-0.01871044446413587,-0.010776901784032272,0.04388153745924223,-0.17790959795733974,0.03832692682982596,-0.20230339583746837,0.030555802925374135,-0.15310274298541815,1.53575493742481,0.1076270145304936,-0.0391473732175035,-0.051637511034942074,0,0,2025-04-08
2025-04-08,-0.0498183293406258,-0.2274743866956508,-0.018008426374430342,-0.11982232899581513,-0.009221420296649852,-0.07229381888874487,-0.01372375294787731,-0.12573758220636,-0.05314663932839884,-0.04975193442405805,-0.02506045911204934,-0.011808352082725626,0.03648810686805165,-0.22940786897907073,0.0376176597290822,-0.21925385632238037,0.03154230472390252,-0.1860973626905974,0.8446882382322607,0.12254952933777019,-0.03180990296619546,-0.03834574271836222,0,1,2025-04-09
2025-04-09,0.15328860628500296,-0.11184059802688817,0.12003089231326824,-0.02131670229787619,0.10133672744473787,0.02185045837031807,0.18722733103945655,0.03541023016019973,0.02224533329072202,-0.019721484782476928,-0.008739423219562503,-0.0032699842406025913,0.09905134770741363,-0.10237890068899425,0.06802878596573804,-0.08355607330097803,0.04848776323866086,-0.05730145904106765,1.5750022744729977,0.14443047693824218,0.033257713971734715,0.00900657704290575,1,0,2025-04-10
2025-04-10,-0.042393829357370905,-0.06284760958846924,-0.04253226902252216,-0.009940967818779178,-0.023406454122720355,0.02208460279285096,-0.05912710690441181,0.05667968308201976,0.020358815862335417,-0.009709028211512894,-0.01402606800984999,-0.0037074936605766664,0.0921508826312532,-0.14934112233885244,0.06842292651189441,-0.0918543133251093,0.04881462703479151,-0.09312586488806851,0.6330013111708919,0.061863243842936025,0.0001384396651512576,-0.0011270488438048232,0,1,2025-04-11
2025-04-11,0.040594446087406144,0.05186304186353263,0.018423043965931862,0.07507028512941849,0.018618119896501417,0.07950756901348632,0.031235504378898327,0.17622723791491657,0.0504964076716794,0.012987323320440258,-0.007308582745309789,-0.0025862995409863254,0.08650211392313575,-0.09063788157467823,0.07032449779663705,-0.07185358574690315,0.049594863584345984,-0.052852033090221906,0.15044216931410803,0.06802925128819903,0.022171402121474282,0.015667633949706272,1,1,2025-04-14
2025-04-14,0.022054113206821935,0.11605855256561926,0.006778168068490631,0.07975174742787483,-0.0016475585484189148,0.0836919882208369,-0.0019832681208932224,0.13385911488448454,0.006751576645619058,0.024745001376246866,-0.007044438930182273,-0.0016030336807279389,0.08192865344249521,-0.08828159951961922,0.07044088103486315,-0.05364478919816751,0.04989273837825175,-0.029300225026337,0.2883957319791519,0.05816708735325048,0.015275945138331304,0.023869526541478003,1,0,2025-04-15
2025-04-15,-0.001876400316422444,0.17236988919330432,0.0011147410206711061,0.10077868285765867,-0.005363481416703619,0.08791171757398364,0.013458588155291107,0.16510892477886996,0.02025738632593521,0.03433338718108754,-0.007709273621485257,-0.001390783691940406,0.07338007230913975,-0.09431423233139069,0.07034827731700935,-0.049602768715981016,0.0498815331338412,-0.028665757510802248,-0.3509935875983714,0.018353574088652735,-0.0029911413370935502,-0.005923953685716188,0,0,2025-04-16
2025-04-16,-0.03893338704555671,-0.02303243750389894,-0.03015344203607706,-0.04682413317671141,-0.03660594039275766,-0.0483494648184446,-0.06871652057100175,-0.08606661503332236,-0.0062518913850524065,-0.004111011485024396,-0.011916248133750662,-0.003936916347802954,0.03662771204259522,-0.13229707394633416,0.07088351342554686,-0.09742615000552435,0.05045891768908961,-0.06175592389727391,-0.2475027524633594,0.04287847659369977,-0.00877994500947965,0.013727843436322995,0,1,2025-04-17
2025-04-17,0.01394951164262448,0.03445008318904108,-0.00018004161622220405,-0.004661750295479217,-0.01030664870111897,-0.035584239313044996,-0.0287109750728749,-0.05652137196554796,-0.008953425239784893,0.00715765671497468,-0.0012756857482691063,-0.002974621247302733,0.029966861256602414,-0.03056263177798324,0.06520941004366827,-0.07996280946310719,0.05061490367791621,-0.04471861344837158,-0.3442030846204147,0.02238807877836114,0.014129553258846683,0.033458323529621414,1,0,2025-04-21
2025-04-21,-0.019392670339880458,-0.025182829336868107,-0.024746735026135225,-0.046852991466503346,-0.023546578447766198,-0.07550528414185154,-0.04512747781521653,-0.12638595805397568,-0.014792181914270897,-0.00483976657048264,0.004073778374978809,-0.004918096975427061,0.024795469596385407,0.025374154394524284,0.06072180364183066,-0.11504099606269835,0.05045344028138252,-0.057505486143261675,-0.39432886831335445,0.02065647865768152,0.005354064686254767,0.014944357791610907,0,1,2025-04-22
2025-04-22,0.03406496561472383,-0.013727090340048265,0.026251961702770332,-0.028416568492689254,0.0214413849758901,-0.0541244516855951,0.020431219042711612,-0.10676543456608267,0.009540602305822618,-0.0024375960889022608,0.011153702643672303,-0.003778370910231782,0.028375634582484408,0.10073831598976768,0.05955124551717111,-0.09509359526421124,0.05109180276108315,-0.02038294541242025,-0.3173897752135991,0.028136552331174628,0.007813003911953498,0.013128663605422974,1,1,2025-04-23
2025-04-23,0.024331794174666133,0.0121699350843123,0.022678220875442134,-0.0074891773615015644,0.020636855780046925,-0.029398752655999005,0.038628832694534765,-0.08458107231818812,0.013001363149836501,0.0028040428093154546,0.018568714995201498,-0.003245872058423921,0.030820520658022543,0.1866375546395893,0.0556011659691785,-0.08558643802081456,0.05133826211974146,0.008187356034106141,-0.32600321569961266,0.025415429096376924,0.0016535732992239982,-0.005301050062624713,1,1,2025-04-24
2025-04-24,0.01842601970870783,0.07257934503401664,0.028137166754721887,0.05216361988563456,0.0344825538683724,0.04222155734444799,0.036218369160263775,0.01856623605358876,0.0256075931660326,0.014275924160168364,0.005082456337571983,-0.00182848344099526,0.020270858252926294,0.04787522830154756,0.02954316322714802,-0.05940508563119362,0.05153519476680737,0.030104208687556033,-0.4024320790819146,0.02826702273681897,-0.009711147046014057,-0.016924441805610257,1,1,2025-04-25
2025-04-25,0.004367291627862091,0.062443050130382316,0.011147935452434199,0.0640846515259772,0.011748042378253665,0.06544680631002664,0.0430332245095264,0.09380256370879603,0.01570836850374535,0.012359480157215885,0.009758568436095284,-0.0021337497868773535,0.020756573914589842,0.09904430159099253,0.0244564010134766,-0.06508820790872649,0.051476543693110555,0.03834249565197201,-0.5175716355754489,0.01696293517041539,-0.006780643824572108,-0.023023341816027942,1,1,2025-04-28
2025-04-28,0.004109149889997443,0.08790619405497635,-0.0003174750011987193,0.09073906179485114,-0.001760832365402032,0.08921809234806166,-0.020538829404824877,0.12196875976592358,0.008967487075522454,0.017059844203191465,0.006110038816354413,-0.0005992719644776878,0.012968647001439203,0.0605096380355683,0.0219367445430136,-0.0356127089455045,0.051165931709605164,0.044620160883732884,-0.5106661569110222,0.01922524649218117,0.0044266248911961625,0.015258980775110897,1,1,2025-04-29
2025-04-29,0.00509200189603054,0.057424679123311506,0.006604498399481518,0.06985700116081262,0.0073627278331585,0.07420526018619422,0.002667179331728331,0.10243711742587247,0.004522814471296692,0.011265251459452808,0.0044138276852752735,-0.0013153056224534999,0.009472483704537609,0.042909315025189354,0.02121068498893723,-0.04916038745914497,0.05097097072543173,0.052796872688653185,-0.5263428967157655,0.01832304461416623,-0.0015124965034509774,7.704831358712472e-05,1,1,2025-04-30
2025-04-30,0.006107619979907497,0.03861174013247681,-0.00012620977394317556,0.0460005433916757,0.0030961236982633977,0.055743897985661484,-0.0009173429822770807,0.060461417786130456,0.005102923921978493,0.007620416620501081,0.005212229714908268,-0.001248521953288495,0.006090039184295994,0.05125157758769383,0.02109756680366018,-0.047896407939652885,0.05098024037280675,0.06205655829754986,-0.33431404134391496,0.032517664292279466,0.006233829753850673,0.0050182296219143385,1,1,2025-05-01
2025-05-01,0.003858895845141097,0.023755888483093734,0.013060712497939608,0.030662143171409806,0.07625367141607309,0.0983735221374844,0.024697079525506593,0.048670579576322925,0.005019505907026378,0.004706991847787734,0.009491458003978048,-0.0012123950648863068,0.0009085799328270919,0.09805942034391446,0.014437004964925679,-0.04721062798679321,0.05098376712845367,0.06897851742911887,-0.27949088579338277,0.026532924562987132,-0.009201816652798511,-0.046616479625648743,1,0,2025-05-02
2025-05-02,-0.037361861668321006,-0.018778816464476433,0.01484390310900019,0.03442943954066369,0.023225168022485976,0.11083331488216563,0.02589380833985855,0.03143852879798148,-0.00913178194775747,-0.0036388388114488857,0.0043603206728835,0.0015423174623071967,0.018872669809372956,0.04249162708802534,0.02051535368173385,0.010630339357703411,0.04713761761629755,0.028482876213078656,0.27060770751516405,0.023520826333065528,-0.052205764777321195,-0.06192134984949327,0,0,2025-05-05
2025-05-05,-0.03145837934391604,-0.05353560872571439,-0.005932556033219849,0.028619189806693424,0.00204465106513374,0.11506802927820359,-0.005938849150802561,0.04681329056065309,-0.021653781722365317,-0.010752344658231583,0.003153749772479941,0.0036137640737293752,0.021711726913659204,0.029664473719767992,0.02234112845464789,0.05579133905049005,0.04453301754786118,-0.0064863848191833995,-0.09960106711724992,0.02961435671840515,-0.025525823310696194,-0.029511280301081633,0,0,2025-05-06
2025-05-06,-0.0019106471414049864,-0.060129789105242804,-0.009301682951692758,0.012365136302682433,-0.006557069525295778,0.0996599537364069,-0.002459970768716846,0.041460398815036825,-0.02357696271788068,-0.012152874465718689,-0.0004438115031329404,0.005354945570269681,0.02063323302849346,-0.0061580438270523175,0.019530189068838993,0.09395992119778684,0.04354218995853974,-0.012589505360876219,-0.2805737205624522,0.018286180668341468,0.007391035810287772,0.0025978730056013255,0,0,2025-05-07
2025-05-07,-0.011384822963551144,-0.07647061160956026,0.003925869653398806,0.016467838045512107,9.234744643626946e-05,0.09636701662292224,0.031002234694763375,0.07473389812366138,-0.014917949816290724,-0.015651363054410415,-0.004015473216954668,0.007276620889123414,0.01808914283843805,-0.040811534860323184,0.017673464059232345,0.13820905471184686,0.041791963900703534,-0.02958232753275969,-0.0005529013906968583,0.03154141371417202,-0.01531069261694995,-0.026932114034150967,0,1,2025-05-08
2025-05-08,0.006318561287165458,-0.07420777035695036,0.010324975537034042,0.01372290025470968,0.011122636059544888,0.03001879331842483,0.0026481846115249397,0.05160833716159119,-0.0023256362725968907,-0.015159429966005545,-0.005226219059108905,-7.188136076846096e-05,0.018772890939779095,-0.05221475339103532,0.01632882453459269,-0.006839318328792476,0.023826350935905398,-0.023122212475868653,-0.1842290323667578,0.027191301972809865,-0.004006414249868584,-0.0005668490483694555,1,1,2025-05-09
2025-05-09,0.005266106242241664,-0.03321142927548515,-0.0006554240537044453,-0.001759306255315396,0.0012780310500171144,0.007925940007490695,-0.006134461352112375,0.01877726326375706,6.661485528532592e-05,-0.00663383638389301,-0.005136337597670948,0.0023111154192121675,0.015576517287322322,-0.051366574405074195,0.016389858830287835,0.042590160698845914,0.021655166316672612,-0.019943664130652405,-0.36720174782918735,0.015111066430494948,0.005921530295946109,0.007694321393289294,1,1,2025-05-12
2025-05-12,0.06314611998383768,0.061221836924506556,0.04074026121418983,0.04510945073983863,0.024001059009966408,0.03001121644049154,0.054436384966563,0.08065365359492827,0.024910262504414932,0.012287063481657734,0.0007673594117130755,0.003438699114033744,0.029298010521648,0.0044086798917322145,0.027174591570048725,0.06518508555176394,0.024192031973797386,0.03863178895380104,0.13028650431803013,0.021443163415852295,0.022405858769647846,0.023927397995572974,1,1,2025-05-13
2025-05-13,0.01015225029473621,0.07404775290001453,0.015240810143960948,0.07099986665919289,-0.00026700038163529616,0.03653282082400722,0.056341411223286286,0.14435428356870195,0.02618815884027185,0.014699642968885974,0.0012733842515836424,0.002843605968429458,0.028316838734233036,0.009465488029176683,0.027310842120288857,0.05278096066207705,0.02385403995351565,0.04642413088800401,-0.03786633649832194,0.020664040049933358,-0.005088559849224739,-0.017884955126089286,1,0,2025-05-14
2025-05-14,-0.0028177938946358783,0.08335511387749861,0.005993088186767803,0.07320519958318483,0.008460501162603995,0.04520588586510588,0.041637736299942496,0.1561590900087111,0.02349352546131267,0.016413048782669026,0.0003808428641293049,0.002796536289518786,0.0265478617664197,0.0005102857289416285,0.027281129982580365,0.05178801626526419,0.02386477022280852,0.04080176995843443,-0.08403815910347312,0.015824426983356937,-0.008810882081403681,-0.027866912625909124,0,0,2025-05-15
2025-05-15,-0.004144471448105591,0.07209110618005043,0.0010988615543345848,0.06340487420479146,0.0022561427178473537,0.036040517889721846,-0.003768334317651667,0.1487601670364873,0.00106332831733158,0.014320442235614817,-0.0004194938651953639,0.0045359820693913425,0.02791940994592147,-0.007466384429087647,0.02728515409607849,0.08986088658564562,0.021845504839791436,0.032078115732903756,-0.15224585331506524,0.016174100151779773,-0.005243333002440176,-0.0033883756482034344,0,0,2025-05-16
2025-05-16,-0.0008985613302187057,0.06551664272609337,0.004352428847797629,0.0687337420577192,0.0025157750296285197,0.037321234008407256,0.004227632104436996,0.1607371998916436,-0.002620275557653392,0.013087508721122743,0.0032268361686148663,0.003793578420749183,0.028548249731436454,0.03012931210434333,0.02404359569615323,0.0739011826867253,0.021760892023835392,0.027505178683769227,0.02804053384658456,0.013253825260642029,-0.005250990178016335,-0.004270264897251463,0,0,2025-05-19
2025-05-19,-0.011739050474280921,-0.009535501016592507,0.0009588027962570411,0.02788225537658562,0.010126111496386647,0.023265801594593682,0.0012557052375559152,0.10219522034971074,-0.005594027750868406,-0.0018895253705009773,0.0051987690555783785,0.00417625941402916,0.00788901102700489,0.05110255501968264,0.021563546504720293,0.08228295913984507,0.021395921335048397,0.011538637539382668,-0.13293833659198284,0.025002400858432933,-0.012697853270537962,-0.017429958841252202,0,0,2025-05-20
2025-05-20,-0.009196290316480504,-0.028506940794068902,-0.003333305889036464,0.009076860549208199,-0.0015254141779564856,0.02197776588653788,-0.008778011251444506,0.03424908528295778,-0.007277967373660044,-0.00575923349274432,0.004470204738070827,0.0020131966174689432,0.004540298117523075,0.04342993719809107,0.021950056230671665,0.03700444991436691,0.020377796302067104,0.0004472457281305964,-0.19347202865320212,0.016629616316621534,-0.00586298442744404,-0.004044577601780008,0,0,2025-05-21
2025-05-21,-0.02305906406303615,-0.04822676066020393,-0.01389677273172496,-0.010873970771679509,-0.012222495097824582,0.0010175376121492885,-0.01919914509252596,-0.026156261738293107,-0.014664801617932524,-0.009807487526424375,0.003302780628122326,-0.00035634629441617103,0.008531522361650683,0.03110840609052068,0.023163895909958054,-0.010972710569414956,0.020401291041355858,-0.02209193572672985,0.11709996759735053,0.03132261213801983,-0.00916229133131119,-0.007348243967860879,0,0,2025-05-22
2025-05-22,-0.003612314828274732,-0.047718160350850636,0.001871415924358244,-0.01011065591264726,0.00505990777447618,0.003817837728463669,0.007814915604870576,-0.014833317693905057,-0.011955889735930461,-0.009701056202458203,0.002309693016578307,-0.0014582630212652992,0.00862266302763216,0.020932890864630016,0.02323301301953261,-0.03237486826066349,0.01992298394461189,-0.024033586929959494,-0.11767662243415689,0.015147015507115518,-0.005483730752632976,-0.01004972651794811,0,0,2025-05-23
2025-05-23,-0.03024429720389843,-0.07568870494425317,-0.00926088291260585,-0.023527930429344424,-0.010288869986621041,-0.009003437899555489,-0.011593857791904139,-0.030354504536428406,-0.018971892031736437,-0.015570203377194147,-0.0012413473280357024,-0.003188842462853325,0.010836370042895761,-0.01513093205839311,0.02534841452529395,-0.06572028231607174,0.02087100868720811,-0.05038992851246915,0.4263892254581876,0.02171347437704229,-0.02098341429129258,-0.01930293331463584,0,1,2025-05-27
2025-05-27,0.02529833156690242,-0.041047985227066985,0.02352526919346043,-0.0015135137678236044,0.023346309895081907,0.003966399246803309,0.0320663673247068,-0.0005165525040172758,-0.002852760155090247,-0.008162726968957479,-0.005026126169729228,-0.002129383379008076,0.02151112238497043,-0.05019207313879781,0.01562847177685206,-0.046004674030636905,0.021779022245731507,-0.024075312159281048,0.007593490618650112,0.01653270419251993,0.0017730623734419915,-0.002408007042991933,1,1,2025-05-28
2025-05-28,0.001048947326945715,-0.031132104630365087,-0.004431865327271023,-0.002614079041933115,-0.007228397243346896,-0.001767951386079103,-0.005092188504347228,0.003199990175568601,-0.0012990061033500977,-0.006113679440272235,-0.005936456466508278,-0.0023315361074623176,0.021872969941866088,-0.05875156436094142,0.014893990451481421,-0.0498421885609186,0.021727167635661657,-0.020541877860072444,-0.19453223402422104,0.014120356535823874,0.005480812654216738,0.007209240200792777,1,0,2025-05-29
2025-05-29,-0.0023452459731247988,-0.01058945706631964,0.001965668190524017,0.013429855112615519,0.0028861712028969144,0.013500623610156248,0.03249028851542146,0.05606988626937359,0.008000677640241113,-0.0019709158222899646,-0.005889201674357169,-0.0027541794051139322,0.019716426115815436,-0.0583055225150646,0.014905729586438137,-0.05782498926218105,0.02163639081348968,-0.019900009447846867,-0.08620462663489992,0.02650664232382934,-0.004310914163648816,-0.020033475832283987,0,1,2025-05-30
2025-05-30,0.00450130182792674,-0.0025326555015908747,-0.0015771961712724991,0.009941456900166123,0.0036625909172178783,0.012091571776273069,-0.029168891068372615,0.017315265850029293,0.0010683343939158856,-0.0003481924910496703,-0.005024624346753936,-0.0027220591059746503,0.01988076388552391,-0.050129962191103106,0.01526459414771712,-0.05722205705105632,0.02164719910243925,-0.012537989252613624,0.24424161899219277,0.025790429560159443,0.006078497999199239,0.01725445190350411,1,1,2025-06-02
2025-06-02,0.004232039234800755,0.032928873269406855,0.007898319967412748,0.02743323657960195,0.0034973918181435693,0.02618958376762537,0.01665067372753226,0.04638589973673746,0.0021293650298675657,0.006547074796690167,-0.00451156429025199,-0.0006423640608185621,0.010845010160228092,-0.04525217544788118,0.015503044965714034,-0.016486280261007513,0.020085821502519197,-0.007534147369311683,-0.33959509876812966,0.009965343559924603,-0.003666280732611993,-0.00584199353803716,1,1,2025-06-03
2025-06-03,0.007783712895285122,0.015283906167422812,0.007816945496833538,0.011664936233111156,0.0021645589135816934,0.004948981233568572,0.02795166046472719,0.04221410286771099,0.0055056846526708725,0.0030441510623667066,-0.002559287953295386,0.0013197405511414962,0.0038413621081536263,-0.026391452614216493,0.01571949633223029,0.023362431746198897,0.01879213044694756,-0.0009496662709151948,-0.11665730123356133,0.01382396565913017,-3.323260154841634e-05,-0.00727439679386932,1,0,2025-06-04
2025-06-04,-0.0022137023863150196,0.011974861435713358,0.0027878859294374614,0.019001419734702818,0.0019440684244984574,0.014233956753321175,0.004956696799257143,0.052740796758848685,0.003267349914590286,0.00239162111971456,-0.0018610291602788377,0.0013045877888959944,0.00448774608504988,-0.019530045833802467,0.015546050087994647,0.02305170270025081,0.018794994280660008,-0.004279513474853447,-0.16349312410301975,0.020412184400676256,-0.005001588315752481,-0.00566408499819282,0,0,2025-06-05
2025-06-05,-0.010797863333151914,0.003400917145711002,-0.0075270219321005305,0.009347331756294652,0.008213438445785703,0.019621502707770633,-0.013599161571480667,0.0057473819574098695,-0.0017426176080606037,0.0007010976477091369,-0.000634909087290414,0.001333935770415956,0.007378934576307365,-0.007224553786709276,0.014105135695936383,0.023659107950791514,0.01877458436294811,-0.016151027741461488,0.07133001242232173,0.022927807364618618,-0.003270841401051383,-0.008105001770304432,0,1,2025-06-06
2025-06-06,0.016398393763357166,0.015284976367589964,0.009775430902711602,0.02082417683796578,0.005773271339865049,0.021765744372002294,0.012358177578126739,0.048767985837259165,0.0011289426812967445,0.003080516034795222,0.0013661617718727758,0.0018379273942255414,0.010264624885409556,0.012713609286510108,0.01502523541035222,0.03391263274683021,0.019048727812154078,-0.0016547568677960367,-0.09079789786626402,0.017899146377298624,0.006622962860645565,0.007332669304361272,1,0,2025-06-09
2025-06-09,-0.012112643312068294,-0.0012396016034318391,0.0014720363493916366,0.014315478932103831,0.005038479503511217,0.023334887071146948,0.006421079132463259,0.03821522509391895,-0.0021707042939543473,-0.0001884204745785878,0.0031793271610557894,0.0009689899165100435,0.012222177096370003,0.03164845298187102,0.01145716987923656,0.01603865033165608,0.0192791018025967,-0.014514481497534093,0.3726259067583966,0.029684764547678332,-0.01358467966145993,-0.017842422630055532,0,1,2025-06-10
2025-06-10,0.006056066623202128,-0.00295177918371492,0.006613674894482724,0.013104449485970893,-0.003871001557357978,0.01717182778312365,0.009324836659214242,0.01940242210541787,0.0034472723581636666,-0.0005339497289951866,0.00125510066668576,-0.001885512751521734,0.01196210901366574,0.012287012267636843,0.008585514109928428,-0.03852177148955538,0.012688392325597275,-0.006573233750322149,0.038860405140090704,0.018651003174854974,-0.0005576082712805963,0.003329149072273996,1,0,2025-06-11
2025-06-11,-0.01919362519901391,-0.019919141704616283,-0.0033695860551224976,0.0068836301555090795,0.0036099329963450444,0.018863010519549972,-0.007780511518506894,0.006482123100152837,-0.008416733962626691,-0.003929934291534964,-0.0007691565859102023,-0.00335280652620924,0.014663445810338158,-0.00818280923073389,0.0107524218918871,-0.06645362074850258,0.012917785970614897,-0.022249913661697485,0.14898588500834697,0.030636866763703974,-0.01582403914389141,-0.017108335937932984,0,1,2025-06-12
2025-06-12,0.0021127551450150772,-0.00712757002257125,0.0023480491276319793,0.01690208669426907,0.013224066792120848,0.023926565206354722,0.0151928898165683,0.035860327051823626,-0.0036749344769322345,-0.0013478105959015662,-0.0003233564740962147,-0.003106279074226692,0.014283516763555167,-0.003750893151957202,0.010772213065421903,-0.061837717881898846,0.012975453147840104,-0.01700993216525304,-0.16863794652743413,0.011646546691627156,-0.00023529398261690204,-0.012095723159329497,1,0,2025-06-13
2025-06-13,-0.013805210122337819,-0.03663206921115181,-0.012554800119422671,-0.005585743597337101,-0.008165006394638796,0.009736714220784037,-0.02089655504520982,0.001833577454523061,-0.010295360058778883,-0.007388531373040563,-0.0021540076691226708,-0.0035893160079383036,0.010884425809418372,-0.021907013155750277,0.01139851540540076,-0.0709387776056356,0.013194113703555251,-0.026979148853434998,-0.031695702733612885,0.023771943199244257,-0.0012504100029151477,0.000725570597586489,0,1,2025-06-16
2025-06-16,0.010028002074829123,-0.015040956025721308,0.013910089504562073,0.006764653548530619,0.00880077201257179,0.013516594248773606,0.019158888009616293,0.014513324432130492,-0.0005548176341645394,-0.00296040229566108,-0.0015744113851198338,-0.003042987837685912,0.012814636835485848,-0.016261912835946468,0.011895824799029063,-0.06077820135105727,0.013533252990638543,-0.014086647186334789,-0.18126727372813733,0.01073482966670962,-0.00388208742973295,-0.003951827936264918,1,0,2025-06-17
2025-06-17,-0.014010702484725468,-0.03468692444827404,-0.009751350166173012,-0.009602826048079383,-0.0022957811579995546,0.015119310379761552,-0.00393947448259413,0.0011808273964692972,-0.005929303510744721,-0.006973756117246599,-0.003753852923120893,-0.0031565704382081395,0.012421121597092157,-0.03753631549045544,0.011986951335763843,-0.06293713021309333,0.013619338094899413,-0.024716153496682103,-0.25536102424510254,0.016254307328266823,-0.004259352318552456,-0.010893074664428626,0,1,2025-06-18
2025-06-18,0.004804780140241993,-0.011067609707304249,-0.00017012447169739708,-0.006423374903447576,0.004602063324257166,0.01612281843718999,0.009436643684034518,0.018553481220749957,0.0002740265767818828,-0.0021740750493954185,-0.0030520046704651917,-0.0024565169153720145,0.011083332882610193,-0.03076629412582932,0.012288817172415294,-0.04969547282521802,0.013652345896061954,-0.017512662432849546,-0.132466520334521,0.012717468596569446,0.00497490461193939,-0.002214573363903849,1,1,2025-06-20
2025-06-20,0.022484496456271374,0.009036190714285963,-0.0040831017227279665,-0.012798247546686126,-0.005913632813901337,-0.0030696325708508,-0.011204331756270225,-0.007931123032564158,0.004426191370595967,0.0019002732128558409,0.00027623130847713727,-0.00017933888940663834,0.01579578850454147,0.001844214609661332,0.014300265201626614,-0.0053936628046896695,0.013832119038182667,0.004851779120200295,0.7860209846650525,0.02407958377060004,0.02656759817899934,0.031043478741357156,1,1,2025-06-23
2025-06-23,0.0024876086788869767,0.02570636985934649,0.010282294601469122,0.0100332168547137,0.018014217911572983,0.023244082789938725,0.002224579264125559,0.015496184742392005,0.009925628425133448,0.0051588369731008,-0.0011148471999698818,0.00012565728595144708,0.013215703776005668,-0.011867376871660396,0.013191299055808061,0.0006953552220476666,0.013819684010474967,0.0073162020489896396,0.0211207148501793,0.016575664207893817,-0.007794685922582145,-0.007631789908962294,1,0,2025-06-24
2025-06-24,-0.0059553394813630645,0.009474923590385265,0.01529196130077004,0.011409804808668156,0.008456776258474852,0.02289516194287966,0.025872113294978627,0.022185283709006853,0.006338921884598429,0.0019621686618623625,-0.0004991168168993587,0.0013401051720782152,0.013668778412802762,-0.005708544344406152,0.012757485576774313,0.02575924204018598,0.011951296713271334,5.9944392533317625e-05,0.011650143895930887,0.016175763573637255,-0.021247300782133105,-0.023119784258089804,0,1,2025-06-25
2025-06-25,0.006290549791969635,0.030259738539645475,0.0025566485929571225,0.02398081980035327,0.004407232371007597,0.029767419250979588,0.04334009891237289,0.0707049096818071,0.0009409396631645158,0.006022419117201383,-0.00047566850002260795,0.00038971608333157604,0.010350315392957587,-0.00547680317317778,0.012771080997772568,0.006742915546682937,0.01062836787735921,0.006011830707106203,-0.24860740570071127,0.015131985953071836,0.0037339011990125126,-0.01758311584972061,1,0,2025-06-26
2025-06-26,-0.0027783565386656495,0.022484496456271374,0.00935032119700785,0.033731232344841766,0.010522631238796931,0.035836297829310526,0.004601259796613855,0.06557603973157167,-0.0008143820760196929,0.0045057917814198545,0.001165858366012218,0.0001983508900510078,0.01110164773832325,0.01116803711772385,0.011034788188894366,0.002893841969773936,0.010650306535135986,0.003071587892716332,-0.039282868691659756,0.015820859083488802,-0.012128677735673499,-0.010340302056371042,0,1,2025-06-27
2025-06-27,0.0003980356961281739,0.0003980356961281739,0.003423503212418355,0.04152285831660474,-0.003035458955880199,0.03883535007669314,0.017610600088035833,0.09662846233605893,0.00130340964981072,8.849962939121437e-05,0.0009943864211235276,0.00033551497351365643,0.004718681450154371,0.009437823136875467,0.011031761545783891,0.005651529718744719,0.01063347560613334,0.003187983555699825,0.35620287063181855,0.016013532879358864,-0.003025467516290181,-0.006889534869949643,1,1,2025-06-30
2025-07-01,0.012916188482370305,0.037543661940780515,-0.008429473685146793,0.01335724477314093,-0.010775863003698594,0.003958252686772301,-0.029685423770775543,0.03651119264792624,0.011218103643058605,0.00743330083649596,0.004697734749179161,0.0015616616820296636,0.009377179232910595,0.047374308859358116,0.011420747167806002,0.03034199914207747,0.011796957920384817,0.034120728119655386,0.37769940571348437,0.01948803247533051,0.0213456621675171,0.033146831869607374,1,1,2025-07-02
2025-07-02,0.022230775547297688,0.05397895511308026,0.006965411089763229,0.01781350310317431,-0.0019509984891958876,-0.002397135983140286,0.02576658439068691,0.019052700910786147,0.018495683593448442,0.01062134598756157,0.008321882552381477,0.002284014814630292,0.01138603508585633,0.08587208272109081,0.01054070741742337,0.04511244564179395,0.01261214655348013,0.05470371034263888,0.16604743133541588,0.024477484882708987,0.015265364457534458,0.010322982596552177,1,1,2025-07-03
2025-07-03,0.005224999770849115,0.0624378259927989,0.009840272609489498,0.01830756265119793,0.015781270376356238,0.0027942702281480436,0.013290834894361447,0.027867277725988737,0.013457321266839036,0.012222017249464524,0.008363904515442189,0.0026559499224884987,0.00942503265460182,0.08632620552634274,0.010525955384818974,0.052903973970523266,0.012582175761655497,0.05739808850816286,-0.3955875181088331,0.013298975871249752,-0.004615272838640383,-0.009311052864509728,1,0,2025-07-07
2025-07-07,-0.01685789198054155,0.044111770130911276,-0.007532999876067148,0.007188538710162895,-0.0022452134373747157,0.0035891366907010447,-0.0069035047411851735,0.0031060908883899785,0.0035326277792017504,0.008770831714130577,0.004429665671760896,0.0023529484901190167,0.015824080820196988,0.044527363886170956,0.01192162917559181,0.04645369651084086,0.01298959204493934,0.03717938593412917,-0.12780960553739928,0.03538934405230247,-0.009324892104474403,-0.012283532891261606,0,1,2025-07-08
2025-07-08,0.00028576430046589607,0.023590226006395376,0.0005617086252047709,0.0012690737673723973,-0.0022101410507523456,-0.001588268449710828,0.01112235244271731,0.012722310657565572,-0.00378237596974218,0.004759967224088291,0.004209481233918788,0.0015473170169744532,0.014657077406008205,0.04223318420318134,0.011981665165056096,0.029864610218091725,0.012565362592470911,0.03591747916866317,-0.2535236417831923,0.014189780512765298,-0.00027594432473887487,-0.004170341395516586,1,1,2025-07-09
2025-07-09,0.005380734022651268,0.015975363472663817,0.007078818462555203,0.016929052460116223,0.013873875159760685,0.02329040852714548,0.018000036669871378,0.06249187082421992,-0.0037304645524747957,0.003252876332144483,0.005343088584320222,0.0024219858837104314,0.013980562075289672,0.05411879905904304,0.011436978514256665,0.04810131515034244,0.01216699171776856,0.03900835136689951,-0.13250951270635625,0.019465760264433595,-0.0016980844399039352,-0.010556221892164763,1,1,2025-07-10
2025-07-10,0.006015010403235488,-0.00014117134542124266,-0.0014380506458879783,0.00844244081873713,-0.004031762964239682,0.021157019959556767,0.007490217212359207,0.043561159051515475,0.0038938362421175507,9.723303332043187e-06,0.0053155346454468065,0.0024199330727120993,0.009704418863703322,0.053830163485941274,0.01143477397053672,0.04805854310257107,0.012166349752798171,0.04275901892602518,-0.20186680516137,0.016242158508364187,0.007453061049123466,0.0042857832791757255,1,0,2025-07-11
2025-07-11,-0.005884918858686472,-0.011191782133958661,-0.0022505557657089836,-0.003631651301493344,0.003669142568156536,0.00898079196767032,0.004996949298580855,0.03501950786182939,0.0018369418557334278,-0.002212260422575074,0.005004878413444725,0.003085368389728471,0.009481094624612598,0.05054725331341081,0.011717795171203676,0.062279804032338015,0.011251549229130358,0.03348194479947719,-0.271998445350225,0.010750162119211287,-0.0036343630929774884,-0.010217964792055167,0,0,2025-07-14
2025-07-14,-0.012028881747194853,-0.00633494102834109,0.003626850289564887,0.007572067794320514,-0.0005960927178595421,0.010648467384552385,-0.005153967255895786,0.036842901092653646,-0.003966263400881946,-0.0012464583759057347,0.0037621866691124215,0.0023782865451179745,0.007693703328956001,0.03749738364013511,0.012863573336028025,0.04728910045190182,0.011749233182220143,0.018701984632836233,-0.2856337528722176,0.016153822523500255,-0.01565573203675974,-0.009153851760317189,0,1,2025-07-15
2025-07-15,0.0023489018883673385,-0.004285458964200628,0.000916943103989043,0.00792979119634074,0.005566421513260478,0.01852524721584481,0.04040951035509699,0.06687505467057653,-0.005188299572504662,-0.0008338308583254461,0.0019630681828814224,0.0031859921456532324,0.007850157409481652,0.01920367209668794,0.011469989829621063,0.06444395222148902,0.011116352722958366,0.017948363060127148,-0.21546336412769884,0.014203056821932169,0.0014319587843782955,-0.020639064045811395,1,1,2025-07-16
2025-07-16,0.00502129368152282,-0.004641443480498775,0.0010238410431149259,0.001869697374297985,-0.00039530917649799324,0.00419059982060932,0.003925040155780657,0.05212430601188234,-0.001552895392434898,-0.0009057189265511356,0.0011735787027966737,0.0029356567259879174,0.007780355272416177,0.01125977124552624,0.010889316694909513,0.05916750398555548,0.011010030199234595,0.020144694606034408,-0.1227548422074426,0.01789110411741892,0.0039974526384078946,0.0032564281918814886,1,0,2025-07-17
2025-07-17,-0.0006661656987771991,-0.011251847631512657,0.008092771167205415,0.011432090145010232,0.012024821190221857,0.02037974147549515,0.009511530259631584,0.054235167785784855,0.00223467662370432,-0.002241954146953673,-0.001116115421810815,0.003602883565285331,0.006807513884150431,-0.011391430538465364,0.007991294509310007,0.07350244631711478,0.010311171090650158,0.015919422248431347,-0.11957615633003882,0.010522839105365254,-0.008758936865982614,-0.01143434142370392,0,1,2025-07-18
2025-07-18,0.0055232025244587035,9.468473034446312e-05,-0.0009612012034828643,0.01273912628253604,-0.003224667732441233,0.013371152614921389,-0.0034103332904399375,0.04541598383000789,0.003292776835734775,3.96701296753621e-05,-0.001086295146449856,0.003638804684496166,0.0071827292980060665,-0.01109815709448747,0.008018097584198735,0.07426998664155282,0.010316828355307074,0.017936023956120595,-0.10590383956050453,0.009896753529579626,0.006484403727941568,0.008840703035899289,1,1,2025-07-21
2025-07-21,0.006155957704908399,0.01850267352953683,0.0051846626297804566,0.014311082540867437,1.9698217269104035e-05,0.013995549583108113,-0.005974105180302058,0.044554156706111625,0.0036709981768633013,0.0036766380200960124,0.0012150898220951389,0.0028223777469280177,0.002827885817719125,0.012050519155519579,0.00604935471084891,0.057114460893145536,0.009347521205415536,0.02137643712447379,-0.021452473809720374,0.019531221667595848,0.0009712950751279426,0.009133161186424876,1,1,2025-07-22
2025-07-22,0.009036079373582862,0.02529762101162336,-0.005175639761297202,0.008136969529657812,-0.009391091155209419,-0.001087343952494546,-0.025382332165809984,-0.021499778690069027,0.006905079867649988,0.005014073517139117,0.0020901213294068355,0.003149801281662812,0.0035357040541609446,0.02090375013068546,0.006514937213055308,0.06401976626367345,0.009449312966343892,0.02742019467136725,-0.10818328097095653,0.01268657321891699,0.014211719134880063,0.026422791034092563,1,0,2025-07-23
2025-07-23,-0.001165959336596023,0.018985540023929826,0.004561356157415597,0.011699621707132568,0.0011874624267076417,0.0004943318845529454,0.022451231563503482,-0.0034427707787273443,0.004675359247298412,0.0037766229135153483,0.0014354519934821064,0.003389270288901164,0.004487235969805581,0.014255976232463219,0.006476347324628897,0.06914629160462149,0.009265317583313264,0.022827999045484715,-0.09075534607636415,0.012794724783879621,-0.00572731549401162,-0.012985306331701585,0,0,2025-07-24
2025-07-24,-0.0018211458111605516,0.017807847452000702,0.0021282062327019347,0.0057137161828839655,0.009903867969059732,-0.0016024562885568194,0.01733228049004798,0.0042776216550777235,0.0020163247419420958,0.003545626891038678,0.0006518363720425024,0.0029836855087446547,0.00479246791393305,0.0063556286343129376,0.006333159748798995,0.06052791664869539,0.00930907062288794,0.01799934193214847,-0.11502377638325723,0.01010480781070731,-0.003949352043862486,-0.015439220040714408,0,1,2025-07-25
2025-07-25,0.0005613417976924051,0.012785366843907742,0.002407098073724523,0.00910452021109287,0.005539537379525505,0.0071760122119279846,-0.0013814869492179138,0.006322119050874875,-0.0008085877833547231,0.0025532547456854184,0.0012964624376803902,0.0031506704255625574,0.0047943230643756685,0.01288126215326435,0.0059076579709051846,0.06407962788773269,0.009229888699294286,0.01545643070499203,-0.21774465196855652,0.008603008952089233,-0.0018457562760321178,-0.0015176834174613907,1,1,2025-07-28
2025-07-28,0.000794871701126576,0.007388957456831102,0.003125199988001981,0.007037026407927138,-0.00235558342985287,0.0047837326383424195,0.01873201512024436,0.031333857139329124,-0.00015497743744719017,0.0014810375449290536,0.002578837782512533,0.0031705122258124776,0.0043676746751969385,0.026028346453915274,0.003656740119014178,0.06450172498655116,0.009224084545538124,0.013144177406543722,-0.23844261534955136,0.008362571919651255,-0.002330328286875405,-0.007393344144069169,1,0,2025-07-29
2025-07-29,-0.012987635336218717,-0.014598806364862216,-0.0015489340755781011,0.010708254270227258,0.0001366269899161221,0.014447784834833666,-0.007015683932365291,0.05076932069645235,-0.0038771406124665786,-0.002923705397031262,0.0010451840600539275,0.0015041261214676748,0.00573501011896736,0.010329499576120726,0.0061381051375696055,0.029731535995591418,0.008965857955417924,-0.0014557024817518638,0.07812453635729466,0.018885739355736383,-0.011438701260640616,-0.009548106864994133,0,0,2025-07-30
2025-07-30,-0.010507943315991919,-0.023815154416139017,0.0013397566404282912,0.007466941826926643,0.0013070386357445507,0.014568944782324955,0.021423404683743374,0.049713026842135744,-0.00756690231702802,-0.0047921021929104414,-0.0005077396396975465,0.0003329195315495637,0.00649110593278986,-0.00528175795955288,0.006933306060775128,0.005918541899574414,0.00892650021586746,-0.012235463771954613,-0.01107970974578365,0.02233914422756111,-0.01184769995642021,-0.02187316497573588,0,0,2025-07-31
2025-07-31,-0.00707959071771691,-0.02895773403258395,-0.005299167022337792,0.0,0.03947486937667577,0.04427654433297912,-0.0078095036466339085,0.02377100295037904,-0.010191723123309182,-0.005843791174221713,-0.0011490821415915176,-0.0011325987817011663,0.006312954900135947,-0.01166556149079101,0.0072394561038761195,-0.02292410459584182,0.007421306621915793,-0.018098715107344288,0.7294894186689334,0.012911271287837032,-0.0017804236953791186,-0.02291227358273784,0,0,2025-08-01
2025-08-01,-0.025003549300710026,-0.05376839655208632,-0.01969878059251129,-0.022052795424848393,-0.017600879737816322,0.020244674950004482,-0.023331592131278556,0.0012680341956212704,-0.014197027778139618,-0.010956769393902199,-0.004201757324108391,-0.0026440262352791233,0.00941768907412534,-0.041670478382705545,0.010016738686378103,-0.05230616996189941,0.008974100183394227,-0.040113754164273874,1.0830997933944468,0.05968970026485351,-0.005304768708198737,-0.0045373133661625875,0,1,2025-08-04
2025-08-04,0.004792875545773567,-0.049988363604794195,0.01845177307783752,-0.007110912488301202,0.021999149708366472,0.045151130979219856,0.036150068457843076,0.018387492272918804,-0.00909675482421779,-0.0101571686249728,-0.004338065540021874,-0.0015614878589633673,0.010741565415928937,-0.04296876803997551,0.009868304175743891,-0.03143604484681084,0.008460405458378591,-0.034001171138230646,0.46189059385990494,0.030489363269923367,-0.013658897532063952,-0.024281733537331207,1,0,2025-08-05
2025-08-05,-0.0021146609809232775,-0.039522991002014285,-0.006789690186342234,-0.012322474406831763,-0.01472999553626042,0.029615386234185914,-0.00966667003373034,0.01566868690597123,-0.007441778245286579,-0.007982573753913712,-0.0054531395754724874,-0.001681509123032826,0.011119251137932627,-0.053544808874277816,0.008756538638595853,-0.03376034604909561,0.008449840570806331,-0.034417863924688596,-0.14167784640646086,0.01567116452038255,0.004675029205418957,0.010083671804072103,0,1,2025-08-06
2025-08-06,0.05090694089734482,0.020091013879301123,0.012583267518402108,-0.0012323694456594092,-0.0053244450870758575,0.022796421210350415,0.006507379675917635,0.000836699050507983,0.01786171848739837,0.004300403088753635,-0.0002458495520784032,0.0005948012207018516,0.02829218455387405,-0.004202611134750067,0.01993604436131655,0.00999345277326169,0.014452525420267296,0.014227806781452745,0.993068552580838,0.04590859810045463,0.03832367337894271,0.05031547360292393,1,1,2025-08-07
2025-08-07,0.0317936017206375,0.060027945295414886,0.0033842791337344025,0.007486578658952414,-0.00781043138845372,-0.023730183542904237,0.007524336767571027,0.0163041624865361,0.026861960545686348,0.012075041576424517,0.003115625201101402,0.0018837307865719522,0.029689802631665155,0.0293319379884438,0.022331001214996652,0.03587398952773602,0.01602529912026089,0.044580924850231796,0.5907262525509418,0.0194064641010336,0.028409322586903096,0.031936649031078845,1,1,2025-08-08
2025-08-08,0.04235788102306204,0.13326410787534537,0.009328222932698305,0.037318548558990416,0.002303928773712993,-0.003949563475799334,0.010676444440988364,0.05169233399687645,0.04168614121368145,0.02554732764117893,0.007295279123638365,0.004295870780659378,0.0232414152198879,0.07233031392485745,0.025488118684218176,0.0861432818134158,0.018268221702146186,0.08414602590800624,0.8842618934371071,0.05123174051583287,0.033029658090363734,0.03586769441571136,1,0,2025-08-11
2025-08-11,-0.008337396271402842,0.11845502021240728,-0.002958805683887178,0.015511339742611208,-0.0005170389055541014,-0.02589406265092742,-0.003502989462430328,0.011444479652424011,0.0219380288240989,0.022921273277743646,0.006382052326385423,0.004480445054448978,0.026662707809531346,0.062545283986422,0.025907062868095333,0.09020158076099438,0.018112588087147205,0.07034656087593882,0.003802704997534656,0.021128634591550906,-0.005378590587515664,-0.006327382087410627,0,1,2025-08-12
2025-08-12,0.010872492605169315,0.13301134903963852,0.01256869481878442,0.03530438789924761,0.014316474548207392,0.002823282686011286,0.006041988268502108,0.027488002819598734,0.014964325785609503,0.025518703994962165,0.008768065120524226,0.004906624590289077,0.024125929157151296,0.08823135168636487,0.025008069456067667,0.09947223697233043,0.018160010017335946,0.07671391863023902,-0.10624066744587413,0.01624208938242047,-0.0016962022136151056,0.0006932611968145652,1,1,2025-08-13
2025-08-13,0.016024326053194482,0.09540345345484602,0.0005000006872497575,0.0229499874546224,-0.016363016340654846,-0.008305709281270501,-0.008571768446215433,0.012094530202219511,0.006186474128986985,0.018542181026132098,0.011421292057442866,0.0054567762088726605,0.01956056687956719,0.1174112194416419,0.02412772616943694,0.11150932383926215,0.018329542035675484,0.08799717683567287,0.1029177045214047,0.019586025321885928,0.015524325365944724,0.02849171844662962,1,0,2025-08-14
2025-08-14,-0.0023571672929779686,0.05914729693936738,-0.0007752531091496095,0.01870934551497694,0.003649788010366528,0.003148789443300881,0.0023679720733609244,0.006914775915111138,0.008179883788461942,0.011712027223409005,0.01189353439991676,0.0053722261291626215,0.019738228843392595,0.12272573293983013,0.02376892855360341,0.1096285068649272,0.018363141622397577,0.07964364364724141,-0.18306713591202173,0.018343453200720814,-0.001581914183828359,-0.005366047334841695,0,0,2025-08-15
2025-08-15,-0.00511213525022558,0.01091267394004447,-0.004397496451755467,0.004856053500381652,-0.004421153442550341,-0.0035819614701521063,-0.008625454083926676,-0.012315282265082161,0.0028516745033303112,0.0022180239687514813,0.013882675804965206,0.004840459240428407,0.010625374232572322,0.14563104957254436,0.021010285472233364,0.0978920556867755,0.018511927810302208,0.06900527568882064,-0.12307265943461287,0.021330811000138176,-0.000714638798470113,0.0014111685130129281,0,0,2025-08-18
2025-08-18,-0.0030225591525460116,0.01633068222550138,-0.0003984575835475068,0.007436469738307805,-0.005902089632179974,-0.008950498895275105,0.008645039504274532,-0.0002746816068395219,-0.0034972872319165202,0.003280991392522847,0.013101132335133247,0.004381533397555687,0.00951303877073226,0.13672015373101276,0.02152503260776199,0.0878766891189795,0.01859120082936243,0.06120611405766874,-0.40710104873702724,0.013036487135834307,-0.0026241015689985048,-0.0043940340885932905,0,0,2025-08-19
2025-08-19,-0.001429299458202249,0.003962466835505607,-0.01356762329292871,-0.01856737591202018,-0.01417512701095458,-0.03678854374558593,-0.03499799073918386,-0.041056981509572266,-0.003187997953657947,0.0008206329798485345,0.013169668487405351,0.0038582644559664314,0.008606403985645597,0.13750086893445945,0.021472228494574863,0.07659360231303891,0.01860057581141255,0.05570978412074035,-0.3731523432811257,0.015267128083557983,0.012138323834726461,0.02315725941686697,0,0,2025-08-20
2025-08-20,-0.019734536864348007,-0.03137188029118809,-0.005937164586183097,-0.024881862670294685,-0.00794473634842463,-0.02854507195144118,-0.001366455704626346,-0.034087758594910644,-0.00806213182503209,-0.0063311396036599635,0.006105520711236068,0.0029298355795788324,0.007614200993549561,0.061038587442506564,0.019174846172240852,0.05657945486052118,0.01931427728753754,0.032016266121777326,-0.3250957150646502,0.020795527023031696,-0.01379737227816491,-0.015078940837822519,0,0,2025-08-21
2025-08-21,-0.004911339340493592,-0.03385176867076456,-0.004629757069970708,-0.028643375517430236,-0.0012874464645682426,-0.03332393089098695,-0.0023946566664271307,-0.03867717239223445,-0.008691725221014615,-0.006841974013163088,0.0024350266051229585,0.00277532590311218,0.007362452800735677,0.023293287655110184,0.017113480590152098,0.05330846291260083,0.019366573985535877,0.024285855437705228,-0.5049278523675752,0.012183217285569302,-0.0002815822705228843,-0.0030702877749959057,0,1,2025-08-22
2025-08-22,0.012716822837219421,-0.016537841209240622,0.015427327600079588,-0.009301344834179659,0.005929790518730105,-0.02327348651417316,0.017202057065716758,-0.013632575321705809,-0.003976351122540726,-0.0032761823956740876,-0.0005290792134613031,0.003383099955088531,0.011541259547426361,-0.005805639337984725,0.010851844477273375,0.06610475087102174,0.019483817064309607,0.03398624836774711,-0.31445894363916727,0.01615732685518132,-0.0027105047628601664,0.00115089904499599,1,0,2025-08-25
2025-08-25,-0.0026342927136550065,-0.016154838209841538,-0.002884764158413655,-0.011765507278442389,-0.005855345599873996,-0.023227559312008927,0.01022530488477491,-0.012087212748526976,0.0017237302610236076,-0.0031985291078958865,4.123114231348035e-05,0.003211641734349452,0.011544698298495661,-8.797551354944311e-05,0.010541306721735609,0.06245180601939371,0.019522841616829278,0.0281461935625249,-0.49718023911572296,0.013514735317513323,0.0002504714447586487,-0.004819272356105464,0,1,2025-08-26
2025-08-26,0.009464638417816973,-0.005421549053301389,0.004015340881901697,0.00584957926186358,-0.004402531956217981,-0.01354470205712155,0.010900419888796531,0.03490090368931709,0.0065157228471271296,-0.0010197415326920422,-9.955427642175386e-05,0.004334255422051236,0.012909398678431496,-0.0014805649261165899,0.010388874931479757,0.0866201545155576,0.019184922412087236,0.033601495126354575,-0.11657712668187947,0.020932375835603433,0.005449297535915276,0.006215694451527698,1,1,2025-08-27
2025-08-27,0.005145948129371858,0.01982221924666594,0.001536842612600342,0.01341220682269273,0.009361754860801597,0.0036640972584567333,-0.0009352225175623952,0.03534779796554366,0.003992097944511275,0.0039563554660519305,-0.0011873920688040163,0.005116949994319425,0.00759234408719274,-0.012171521333834256,0.008988018994796516,0.10381062494554216,0.01886416747643493,0.03386949613418855,-0.4880881144473802,0.011453856248559798,0.003609105516771516,0.0009326819577522572,1,1,2025-08-28
2025-08-28,0.008980783797791547,0.03405963989976035,0.006259956128868982,0.02449930568152192,0.0057228727470803875,0.010709173119519688,-0.007874547726525405,0.029660585903100944,0.00786379011499346,0.006734780093708958,-5.3596959727064686e-05,0.005919968720094848,0.005886115161424822,-0.0009451078219003817,0.009523239889534931,0.12166463606778,0.018658363867237293,0.037286070868340904,-0.3539328154404402,0.017500891670732432,0.0027208276689225652,0.010056621287514056,1,0,2025-08-29
2025-08-29,-0.0018059976322623017,0.019230753713266102,-0.01157556659657133,-0.0027448363697305522,-0.005788354140098595,-0.0010646468928215969,-0.03324642350288309,-0.021405779623163257,0.004106911431633701,0.003830215999812614,0.00027701680206926316,0.007079846303517235,0.00577847282324061,0.0023748773527816347,0.009384490312498684,0.1483517828068177,0.017306945017545466,0.028533820298894508,-0.2920829499824271,0.008658610196044506,0.009769568964309028,0.017711391189228542,0,0,2025-09-02
2025-09-02,-0.010424716156024139,0.011269542395388354,-0.008380175987888983,-0.008241019384719439,-0.003098606140361726,0.0017053770601553886,-0.01951986144410689,-0.05021959740504067,-0.001083309996831631,0.0022721313113387874,-0.00046319889827854953,0.006318966718427349,0.008408895157130452,-0.005067353448549805,0.009948638208452274,0.1309599909399679,0.017741828790444666,0.011848926141106775,-0.18575362579482624,0.01689014827700963,-0.002044540168135156,0.0008845176362101692,0,1,2025-09-03
2025-09-03,0.03808981379539955,0.03994589905355417,0.007867545064627945,-0.004435840382148837,0.0004553899382946369,0.00659310190806317,-0.000936984001219554,-0.061341300404803456,0.008619700002371037,0.007997166386855303,0.0034887124270816306,0.00832919045724349,0.018372072270345763,0.034307781349055766,0.015705639560559863,0.17652600003022378,0.018971055440459364,0.042177674078994976,0.2024397864173204,0.018828387093471732,0.030222268730771606,0.03833061082686201,1,1,2025-09-04
2025-09-04,0.005493341372285965,0.04030531967202222,0.009051603618575932,0.0030341062112555495,0.005184613218952361,0.0024274180567285253,0.006095525885075004,-0.05473564949853216,0.011052813003887127,0.008066645035438125,0.0060115002507450275,0.006058510480990547,0.018359246415403076,0.06092647980203392,0.013420790966837104,0.12568393350950102,0.01610847341974282,0.04180815656200898,-0.08904823880916124,0.013178698888179134,-0.003558262246289967,-0.00014672817972771757,1,0,2025-09-05
2025-09-05,-0.00037524621740636643,0.030658824959619357,0.0014428434410915791,-0.0017675638640315405,-0.02553301833163546,-0.02872605676434048,-0.027030212069536264,-0.0729865335698231,0.014402636316759717,0.006195439032398542,0.0064651095630537505,0.004450068084088354,0.018716106262287306,0.06576269339725438,0.013082996442415076,0.09058781038664154,0.014969322959824097,0.0369323062513629,0.08805561793603078,0.01180692478713839,-0.0018180896584979456,0.025906368983179495,0,0,2025-09-08
2025-09-08,-0.00755144624022519,0.024726513908758685,0.004877924660135369,0.014849193173803066,0.006464589680276855,-0.016755803639445843,0.007723626471741962,-0.033700629726147846,-0.0008111170284485306,0.005046349310805965,0.0044382826553092895,0.001954601720923993,0.01949052567623352,0.04443277712119209,0.01356786566280249,0.03836917710445653,0.012225983943831327,0.027149011220165775,0.038409902716953104,0.016016468304978566,-0.012429370900360559,-0.0146455543162346,0,0,2025-09-09
2025-09-09,-0.014839372436636689,0.020155042274013768,0.0028332150443273196,0.02632526552151382,0.0004215097311310867,-0.013283912113884022,0.014556415107065845,-0.00011720128345249492,-0.007588688298089415,0.004163418054683454,0.003217774683011121,0.0016295029126623007,0.020443291009927023,0.031651722772789936,0.014770439977591168,0.03156096268267472,0.012594939554251436,0.010342772285390378,0.39866035158705193,0.02312779188301453,-0.017672587480964008,-0.022328334855735155,0,0,2025-09-10
2025-09-10,-0.032259523333079354,-0.04897889010690548,0.0003271885900453242,0.018646817694913054,0.003932556732294978,-0.009854497418926855,0.03847507015453244,0.03932719249487704,-0.01821678066998041,-0.009906449371012326,-0.0009546414920785118,-0.0005270978842501328,0.014641866972518387,-0.01098949685331696,0.018284838512349754,-0.012453791115836887,0.01448053547754729,-0.02164723736332741,0.7097413958970289,0.028528600962301566,-0.03258671192312468,-0.053463336776493064,0,1,2025-09-11
2025-09-11,0.014286401163462914,-0.040662191091725086,0.005820615665316886,0.015385105821313028,0.0012790299836604735,-0.013701647111157622,-0.0008460249278802179,0.03215635997214772,-0.010937498202084376,-0.008147837412776937,-4.059618866940618e-05,-0.0006139941287367113,0.017249738807526477,-0.001995774030219666,0.01884361157332232,-0.01414300375786759,0.0143808559644723,-0.006963260547599326,0.04995694763713887,0.016519597756480955,0.008465785498146028,0.014069898635572786,1,1,2025-09-12
2025-09-12,0.017562925755691072,-0.02344696454659123,0.0044170862602861405,0.018400756569117105,0.01774413804132413,0.030100953542672837,0.0036689535609097934,0.06472298171556368,-0.0001367321379751226,-0.004560203018157449,0.0008176180071205463,0.0003820105236967408,0.02077551757345022,0.006493004031159932,0.019484662475516282,0.0055417596203619635,0.014932995267629869,0.010196082858570987,0.16263914641798927,0.02345447969662613,0.013145839495404932,0.00685637995457411,1,1,2025-09-15
2025-09-15,0.011235867571386171,-0.004960557103867669,0.008556972855075173,0.022129314410058942,0.010707906213677676,0.034443922438009755,-0.0003937701997325238,0.05614644489456988,0.014361731496846719,-0.0008027402558351771,0.0021218045274853936,0.0011994106647773284,0.02177420606924649,0.019643299520667235,0.019724536851974846,0.02206482730061432,0.015063288102661459,0.020421312172424155,-0.09817942046683592,0.013350248005285467,0.0026788947163109977,0.006078799564413595,1,1,2025-09-16
2025-09-16,0.006125932763815012,0.01621498018734746,-0.0008450788899231343,0.018380244274754265,-0.012263227345331806,0.021327801834007953,-0.016146210499489166,0.0241852169131076,0.011641575363630752,0.003390320784255163,0.0037768694194693087,0.0016568352605953796,0.02036869449785959,0.03669683607250951,0.01924330085431951,0.031443526785136955,0.01506723731609082,0.025068211309200228,0.30374421154907805,0.020575242586880784,0.006971011653738146,0.020330651686225498,1,1,2025-09-17
2025-09-17,0.003527212326053464,0.053794287600498425,-0.001995960980000211,0.016015168473941133,0.001925157259961452,0.019285619939683807,-0.026246649910796838,-0.03964590509373522,0.006963004220418216,0.010547667916081726,0.00032060927253469985,0.001904660849808165,0.005755521828322336,0.00218061299282879,0.01504056915595067,0.036563206335649356,0.015054561992369174,0.026820920631241973,-0.050869249116720416,0.009916776105703545,0.005523173306053675,0.015687958651471157,1,0,2025-09-18
2025-09-18,-0.004644530963379578,0.034125968956636,0.009016938997385315,0.019243888325324088,-0.0030782543845292443,0.014849975962843542,0.03494053288969079,-0.005249037143304047,0.0016695380421629658,0.0067614814907132285,-0.0006931779610318545,0.0026591611448565865,0.00833145948086209,-0.007923858805994,0.014994763157892027,0.052519848172542405,0.014270707061464763,0.019452240358645456,-0.0987844987903237,0.019127303507494416,-0.013661469960764894,-0.02057567021596035,0,1,2025-09-19
2025-09-19,0.03203293157342535,0.04883150549724857,0.006769361238499583,0.021630886643056124,0.018644801357077023,0.015748078059605763,0.0024397172760990404,-0.006467351183561676,0.010305204312033078,0.009655482654260084,0.002547639818051317,0.004506374690552534,0.013763644554818346,0.02423959037250656,0.01822530129410136,0.09159634451950316,0.015571009625806452,0.047484536453328285,1.9367520916839047,0.02480650239466648,0.025263570334925767,0.021490672256837318,1,1,2025-09-22
2025-09-22,0.043095660015793014,0.08187577849613725,0.005920073936714676,0.018959805630818893,-0.006718932156726143,-0.0017656640142102997,0.03928241078649597,0.032967758377574485,0.023494686875279596,0.016027441143141453,0.007612350443653137,0.006025316549481213,0.020435815473635297,0.07650907191761602,0.021794729054113844,0.12434135957907255,0.0177441588169471,0.08606489515443583,0.7912267956612606,0.03327093087317722,0.03717558607907834,0.0268139207009081,1,0,2025-09-23
2025-09-23,-0.0064432141923312924,0.06836031765232531,-0.006642261760471446,0.01304771311525843,-0.010146751793009723,0.0003733052193883868,-0.028212047891209013,0.020299594534041843,0.022895125798962357,0.01351361175191219,0.008451966268083677,0.005834870475547399,0.02261517194423129,0.085683759036006,0.02098020606957576,0.12004752039593414,0.01786204193906818,0.07286303622471713,-0.0016116609383410863,0.014778110344983296,0.00019904756814015379,0.012736185649778076,0,0,2025-09-24
2025-09-24,-0.008332351669844251,0.055734563809031856,-0.0035106152024937387,0.011510227357421021,0.0018066160697352007,0.0002549476340816259,-0.008182508094013552,0.03922721780699989,0.009440031384539157,0.011141698952732648,0.010844683434407188,0.004945020971164338,0.024470247756029944,0.11252705256436157,0.01676159104491384,0.10030094002097556,0.018113235387157197,0.0587892377671575,-0.2920940853525992,0.018627926964882805,-0.0048217364673505125,-0.005144405657705076,0,1,2025-09-25
2025-09-25,0.01807298683810865,0.07983014523000032,-0.004311291858417277,-0.0018509376559445734,-0.00611585677090698,-0.002792810958087033,0.004068502370516036,0.008227316493912173,0.0010991403253110359,0.015685202513030294,0.01122334200187176,0.005591372906601178,0.022862593218723963,0.1166803952445592,0.016890258649669917,0.11445175351167447,0.018349880721271018,0.07199122311083261,-0.09439520861420503,0.021255914733740087,0.022384278696525928,0.019096664038304123,1,0,2025-09-26
2025-09-26,-0.005489117875236538,0.04057031265498412,0.004110948441042206,-0.0044865882262412615,0.008737116838221759,-0.01249198599515522,0.0028139530524602385,0.008603712925572049,0.0014171724310092875,0.008180792623297916,0.008918137638779,0.004867877822949773,0.022306475709122517,0.09138292759766942,0.01749127991216319,0.09846928134610033,0.01849390311237494,0.061036865250000405,-0.24903522288070923,0.014953445642461843,-0.009600066316278744,-0.011264652820577536,0,0,2025-09-29
2025-09-29,-0.0040319633846358505,-0.0064432141923312924,0.004631078168035652,-0.005762248796784997,0.006139295570396941,0.0002915083625936177,0.020539853219394555,-0.009585580913812675,0.002850635192745421,-0.0012447320567878562,0.007391354543176798,0.004756579535331096,0.010911190368676148,0.07490502112579156,0.017927404332649725,0.09601970241203461,0.018542814480093785,0.05188959874366583,-0.3463650282477547,0.007821426523797772,-0.008663041552671502,-0.0173715377795316,0,1,2025-09-30
2025-10-01,0.0032202541354313663,0.012444966570218874,0.004797022405524931,0.011994605258803803,0.003398067826388962,0.01873966499396662,0.003537466147390589,0.058032577026662535,-8.525290501437688e-06,0.00251165861827356,0.0068266787855031045,0.003573644029018902,0.009387037529810512,0.06887314516265985,0.018054953108484744,0.07120394383068729,0.016513862076734068,0.047039912871913,-0.19062886060184248,0.01511065145920808,-0.0015767682700935648,-0.00024751285145840907,1,1,2025-10-02
2025-10-02,0.006576613515574703,0.001012146473144071,0.004111121841221976,0.020554948624755598,-0.007638912488072025,0.017178519983612972,0.008812165089625124,0.06303118984978684,0.003527667009568747,0.00021238395376677044,0.007948793233398532,0.003627807636183339,0.005010027364738795,0.08092309150308963,0.017605915852162535,0.07235800954588045,0.016522264224562874,0.05019170777658677,-0.2888018853751878,0.015673000827474668,0.0024654916743527266,0.005989987214798154,1,1,2025-10-03
2025-10-03,0.003461262002619314,0.010021036304636688,-0.004209781352692232,0.01209795293085425,0.0031216109813123616,0.011516021954003586,-0.006723594708770708,0.052920928904564235,0.004419376551208461,0.0020024599293379406,0.005091626276317929,0.0038196330471846228,0.003950560791214618,0.050997905535626886,0.01544946113299817,0.07647366424817292,0.01649559182669616,0.049896681013147814,-0.1760109206764926,0.020502261496695533,0.0076710433553115465,0.0052622538663484875,1,0,2025-10-06
2025-10-06,-0.005154515566945683,0.008882645034234526,0.007510154587375251,0.01499842795463957,0.021687525447268374,0.027147340303977252,-0.011086137759471537,0.020291465494636896,0.0016277866504161114,0.0017779494928759742,0.00026660871804405905,0.0039394795808485985,0.004387018665964994,0.0023821980573530688,0.008000288477609875,0.07907352973746118,0.01641714937737469,0.04050302377890702,-0.24857090582552244,0.015660930438374077,-0.012664670154320934,-0.010455209410844102,0,0,2025-10-07
2025-10-07,-0.000818112846591168,0.007265420214595197,-0.005265569704058781,0.006895860004573207,-0.008683939078540814,0.01164189609357047,-0.002694897530570506,-0.008253842019873336,-0.0008371221369725124,0.0014571002480177064,0.0008291188526180715,0.004640542560350874,0.004533895961988641,0.00805726518162908,0.00766690044856603,0.09443140098594682,0.01586305322785938,0.03500950772310585,-0.4463745151891938,0.007680915222699897,0.004447456857467613,0.004871305457964492,0,1,2025-10-08
2025-10-08,0.006160217240152921,0.010217237783953115,0.011463738189771755,0.013576501341382441,0.001660514655019485,0.009890067341642217,0.021995264931179204,0.009987082356241572,6.252960887202323e-05,0.0020450928689620174,0.002278375743617789,0.006561529589012488,0.004987654047148119,0.0227893575368332,0.0070908146759383695,0.13788082933465007,0.013274398432985507,0.03485606232549587,-0.3408991891919957,0.009338927710259182,-0.005303520949618834,-0.005667672552946423,1,0,2025-10-09
2025-10-09,-0.015577766995038989,-0.012017271525854745,-0.0012102542195092658,0.008204962661412685,-0.004667973350588994,0.012913484889324423,0.0182962524780399,0.019482215426316785,-0.003411887533825745,-0.002385783233160721,-0.0010866996396969753,0.005068321181087393,0.00853483987591243,-0.011017288291702343,0.006738378023099299,0.10437760540045771,0.014018530606233478,0.013854451605508578,-0.30043102846332237,0.01913084844431412,-0.014367512775529723,-0.02239190655876444,0,0,2025-10-10
2025-10-10,-0.034522098610332286,-0.04941473336719027,-0.0347142937102668,-0.022679856416495725,-0.021898996790729264,-0.01235135910863816,-0.04886532988389891,-0.023771353579636,-0.014646549455072785,-0.009982455355751041,-0.00398999771320655,0.002464069962786225,0.01582230749741428,-0.039888883899610095,0.012573803748747696,0.04784888070870941,0.016237559633900226,-0.023328709435717743,0.12545175290747435,0.050475005777959034,0.00019219509993451123,0.0008600647269818018,0,1,2025-10-13
2025-10-13,0.009744389834039247,-0.035178673411404016,0.021221385738261933,-0.00937948188818205,0.006047389625173372,-0.027470422915633397,0.028172172097357784,0.01498337335426747,-0.013451825257110675,-0.007002674275554055,-0.00261236239133904,0.002389496075918879,0.01818533475275512,-0.026608508045858348,0.013302287672042588,0.046303402222632295,0.016198531306514257,-0.01595897143979974,-0.3047274935855324,0.01667610765461837,-0.011476995904222687,-0.007365391027226331,1,1,2025-10-14
2025-10-14,0.00044413082231420375,-0.033959836654283815,-0.006660944590322959,-0.010769085937958334,-0.0009337442606152102,-0.01986710245536316,-0.044020941066134855,-0.027075217312973243,-0.008111192651326279,-0.006750225541772981,-0.0026465626468776373,0.0021054059788438383,0.018301045424784723,-0.026941148923401048,0.013293015695327995,0.040394709773152515,0.016179365117425733,-0.017399857758241155,-0.33640341988475997,0.01674944135170558,0.007105075412637163,0.022921473485689237,1,1,2025-10-15
2025-10-15,0.0063365317531554055,-0.03379055258001551,0.007056768737883523,-0.01507918649276141,-0.000272596611534226,-0.021758667430963774,-0.0011108832013667636,-0.049071937769506246,0.005508350803169619,-0.006714962639172484,-0.0023349348851052333,0.0022458719501989356,0.018332283824373977,-0.023918560906623587,0.013481030803440387,0.04330723773863232,0.016204534022276777,-0.013198781166445683,-0.3584704561975459,0.017446082326963576,-0.0007202369847281176,0.0070282716596059,1,0,2025-10-16
2025-10-16,-0.007580061823251549,-0.025940812869167496,-0.0037029302513930107,-0.01753724987947991,-0.0035447821568930227,-0.02065476238156061,0.011010314326866277,-0.05587585463629874,-0.00026646641592731335,-0.005115421604814996,-0.0037506024189878583,0.0020990954072053368,0.017703791675899378,-0.03764634660317212,0.01318120817150306,0.040230286148992045,0.016283333406699053,-0.022529863049745247,-0.24391055460150202,0.01580112528406355,-0.0038771315718585386,-0.011312827908238177,0,1,2025-10-17
2025-10-17,0.019559517683697347,0.028621487448903693,0.006566773461732511,0.024478404674860732,0.003850759479899546,0.005127749946647553,0.007755428985164681,0.00032756981733172985,0.006105329204533734,0.00570090165399093,-0.0021407768508800553,0.0014754247127189367,0.010159142323599457,-0.02220756908914656,0.015015301702349139,0.027657796935895984,0.01528474383096254,-0.004745735628897352,0.048376740699594745,0.024218164703115816,0.012992744221964836,0.013756423451165234,1,1,2025-10-20
2025-10-20,0.03943872556830863,0.05887095662081121,0.012600648883664967,0.015830173387053614,0.006249948327481825,0.005330123487678362,-0.0031656380962610253,-0.030161560665973308,0.017139393809584808,0.011639768800844807,0.002318547262645376,0.0012925779903447177,0.018428055661653616,0.021621281053026742,0.01986076604709516,0.024054985284101882,0.014773988614909268,0.033250400407801584,0.9615881399826827,0.03336638318274712,0.026838076684643664,0.03789657045269823,1,1,2025-10-21
2025-10-21,0.002021035212009581,0.06053995362741449,-0.00026144432462971157,0.022374570719552178,0.0016836171512468745,0.007963895028137324,-0.008103311893813858,0.006276787115316429,0.020339759488005187,0.011955149678783883,0.002602462068505451,0.0017157904605617613,0.018200641077252184,0.024524190036885773,0.019831215720022374,0.032779053121006596,0.014661532277226984,0.03364034971987051,0.027447467686195326,0.013167492930390361,0.0022824795366392925,0.005230882583293073,1,0,2025-10-22
2025-10-22,-0.016440027383920586,0.03653660066461906,-0.009633987432361102,0.0054299403826501,0.005563514301789807,0.013848088127248026,-0.004857650244628253,0.00250230940907592,0.008339911132132541,0.007399837851368685,0.0003424376060981005,0.0013104066748579446,0.022338398702094992,0.0015114561587505904,0.020651542125318226,0.024335258810386895,0.015060635141884143,0.015421020446785949,-0.01247662695941687,0.02870966561143201,-0.006806039951559484,-0.016792959412501363,0,1,2025-10-23
2025-10-23,0.00437203311509915,0.049020009533831344,0.008406510401807177,0.017650386034554266,3.830271677385255e-05,0.017493714828494156,0.010428245272369407,0.0019251386689760341,-0.0033489863522706185,0.009790256839038825,0.002337417617111914,0.0006253589887074695,0.020929739122067772,0.021807577770501796,0.01989237989885906,0.010550029107558201,0.014561368397861103,0.01931782925037262,-0.26330035924197637,0.010054647841026523,-0.004034477286708027,-0.0008612408794724802,1,1,2025-10-24
2025-10-24,0.01248175137693619,0.04173772895107053,0.01067827953226419,0.021807165147648133,0.005859263712852281,0.01952951588152585,0.022507657786980495,0.01659201960339085,0.00013791903603825131,0.008374703577686594,0.007037802615838762,0.001523902451316106,0.020334715691946524,0.071553812285293,0.015219535625532625,0.02881072667486051,0.01471782869570519,0.030551493331105073,-0.1319894047146456,0.018834229012576198,0.001803471844672,-0.001701709372980198,1,1,2025-10-27
2025-10-27,0.022791155180591938,0.02505333790265074,0.01780922137392449,0.027063093727790477,0.015106679317070881,0.02850312991561066,0.028079138485787913,0.04845608021516701,0.013214979890875759,0.005045189500143254,0.00834247915049403,0.0028650583795774955,0.014503749030090898,0.08539920849233518,0.016015718237512796,0.05651835492019863,0.0153916066631544,0.05107566944364028,0.01308166794820953,0.016628850345228707,0.004981933806667449,0.0011982462791625403,1,1,2025-10-28
2025-10-28,0.0007068183069018907,0.02370891260820196,0.007689812405443863,0.03523167169235286,0.019848659758150644,0.04715453127264224,0.04981974713535808,0.10968199633325382,0.011993241621476672,0.004782346119121717,0.0083687478989528,0.002861092626037581,0.014583942076378266,0.08568420270547339,0.016001533210234883,0.056434622916601285,0.015392180711913383,0.04887188646147411,-0.06663570044063949,0.006468478631795922,-0.0069829940985419725,-0.03412738513985247,1,1,2025-10-29
2025-10-29,0.002602324032269898,0.043528573233391654,0.00450308802121091,0.05000918633736684,-0.0009593816364750207,0.04036184245525143,0.02989606259955968,0.14843581829491725,0.008700099173254575,0.008590816402359813,0.007995327126864248,0.002830196120879508,0.009118752596348062,0.08165555999573981,0.01609751152860103,0.05578391560399365,0.015392042008454341,0.0486879823568005,0.14496074350830424,0.015943708253324015,-0.0019007639889410122,-0.011866016449272432,1,1,2025-10-30
2025-10-30,0.0063032339337949495,0.04553506402417007,-0.015288556288274302,0.02533655933741974,-0.029156915158355057,0.0099894151422808,-0.020044438573744494,0.11380107627123137,0.003204125424322246,0.008977056566098974,0.0093836567025689,0.0028165271417905204,0.008934422049841939,0.09678720283058984,0.01517733963307677,0.055497171642905796,0.015388660894077545,0.052378457380277244,0.5198813437128587,0.02085484078628294,0.02159179022206925,0.030903910799844725,1,0,2025-10-31
2025-10-31,-0.00379504371308903,0.02872689936005246,0.004823836379978852,0.019397206805396694,-0.015120982490489876,-0.011076977897872764,-0.0019715110218919696,0.08713631307077097,0.0017035047509919392,0.005721697548093929,0.0070482005628902614,0.002453711856005103,0.010212154983190346,0.07166362385021752,0.015234285853424505,0.04786457988323867,0.015458043870326189,0.045880361671304604,0.8014482944255561,0.03018087735132206,-0.008618880093067882,0.0047512030431018926,0,0,2025-11-03
2025-11-03,-0.0048822471546564605,0.0008928950915496614,0.004784708564165685,0.006352373157351376,-0.0015063163677940805,-0.027261458045219622,0.021680115586237392,0.08036970347637817,-0.0007913523113168471,0.00018701708104424953,0.002616103290593752,0.0024673252766195643,0.004611568540974794,0.02596860299664061,0.010464255558158995,0.048151358513612186,0.0154511092247433,0.038291950996586666,0.043359146432086604,0.017097217291291135,-0.009666955718822146,-0.014969146763878116,0,1,2025-11-04
2025-11-04,0.003679621866796934,0.0038662514304583784,-0.02029790155517741,-0.021598194583615338,-0.005222097594208552,-0.05117411579035913,-0.03958822871705392,-0.011640061651081668,-0.0016658896669828522,0.0007815777930232582,0.002781961956072487,0.002692212012288969,0.0048792120343952115,0.027666828655946274,0.010466919711658716,0.052869525256508565,0.015433495404659906,0.03939293424986445,0.006129708052745819,0.014331191655786498,0.023977523421974345,0.02608478502242817,1,1,2025-11-05
2025-11-05,0.00037045842471905566,0.001631572228700806,0.006507949258017787,-0.0196454282087849,-0.013940568315460866,-0.06350282966082699,-0.01751466251475131,-0.05713869306907304,-0.00027738895438015704,0.0003352046715130896,0.004463010536936452,0.002402724071517276,0.0047719099361675545,0.045231165473335055,0.008124577979025967,0.04681098655570781,0.015419315026446823,0.037366291709007404,-0.11454210704158663,0.017657582263248702,-0.006137490833298731,0.016098073839825144,1,0,2025-11-06
2025-11-06,-0.0013698257358518706,-0.00600586603200004,-0.018627361947175403,-0.022969461267330682,-0.019835889117771233,-0.05451155738628799,-0.036524729969592995,-0.0729951560514116,0.000893418185221373,-0.0011994072624162745,0.0038888246518413495,0.003113121134476632,0.0034131760953462604,0.039255720497882285,0.008331971314180295,0.06191937044607898,0.014864636655542602,0.03282589603230468,0.02453058855284551,0.02042473022367074,0.017257536211323532,0.026810483807830243,0,0,2025-11-07
2025-11-07,-0.004818849477972176,-0.007027399721623029,-0.0031553923840142994,-0.030727985593387075,-0.0005632565936457556,-0.040536072741473195,0.0003719646075555083,-0.07081845139401477,-0.0019394055963683303,-0.0014041684153929036,0.002158764566350513,0.0045982835910946375,0.0036315451928283257,0.021497624233863588,0.00814350343577968,0.09458967348816616,0.012140803921249806,0.02330425554817328,-0.021546711084578507,0.02056102918818146,-0.0016634570939578763,-0.004723203484927052,0,1,2025-11-10
2025-11-10,0.004548510139593898,0.0023830279049470438,0.02212420765024037,-0.014001326574085593,0.018477424865517955,-0.021333468699669123,0.05793271397470856,-0.03784800888690776,-0.0005467216914100496,0.00048198304345716816,0.0003345000622507088,0.00433848960637237,0.003817787172698665,0.0032780507904162093,0.003994242599793039,0.08895720222565062,0.012080330874854514,0.023660709655964007,-0.16452670386406698,0.023271423752718602,-0.01757569751064647,-0.03365655928051936,1,1,2025-11-11
2025-11-11,0.021601267048394046,0.02028152117987725,-0.00266349827862411,0.0037464135450180347,0.005296467361710189,-0.010985261874034369,-0.029590603550341266,-0.02783226850535736,0.007110309236671923,0.004066312079776591,0.0024239449363999245,0.005396346417676362,0.010366583154754163,0.024226186070609224,0.007832019207930597,0.11198619021413703,0.012634975935416773,0.04029498950382804,-0.0755458476407096,0.02219805947008407,0.024264765327018156,0.033748335142709585,1,0,2025-11-12
2025-11-12,-0.006466769865795197,0.013308206822029156,-0.0007883320159972618,-0.003529849068115931,0.004836139065809153,0.00784772094306585,0.0033132668539086474,-0.0072230644047772685,0.006561002440730916,0.00269886642167374,0.001517035546593415,0.004756181336728832,0.01137762198474419,0.014961492351394767,0.008319006805298871,0.0978387413834596,0.01290626749776917,0.028829319488551164,-0.04558571561400515,0.014736529642402857,-0.005678437849797935,-0.010541472825654097,0,0,2025-11-13
2025-11-13,-0.0019014763772919885,0.012768741890949675,-0.020415947108225807,-0.005345949962188734,-0.015357905886437817,0.012452179669940389,-0.035810076045957095,-0.006486676088037213,0.004411006935102287,0.0025925362933857166,0.0006965645154847211,0.00504011060902681,0.011427527024966008,0.006686188505755419,0.008198236054736891,0.10412052881941536,0.012681092988044155,0.02192507049470871,-0.031212815002854,0.0168895975928515,0.01851447073093382,0.023682514588905468,0,0,2025-11-14
2025-11-14,-0.0019784193430598673,0.01565937024806363,0.0007559594991779495,-0.0014431932416160143,0.01368985264921152,0.02689090389656945,0.01771372748265021,0.010736190091831688,-0.0034488885287156843,0.0031606223203681783,0.0008782269524876373,0.003963213757688949,0.011030694485542579,0.008521925872318592,0.008107271437399031,0.08079626181272936,0.012291727454239823,0.016029958097738106,-0.07206944948209082,0.023347106442725477,-0.002734378842237817,-0.017680209408990732,0,0,2025-11-17
2025-11-17,-0.018171105694162026,-0.00731153705713361,-0.008540578033146784,-0.031400932470125875,-0.005272673136783701,0.002944610135138248,-0.01877255795624766,-0.0625471040981862,-0.007350333804837961,-0.0013833008463830065,-0.0004506589014629192,0.0010827221945654165,0.014461890281823153,-0.004945932749021664,0.010019898467285161,0.020894231283611342,0.010094595320069994,-0.0034497487106163183,-0.07828533715054731,0.01779697674463718,-0.009630527661015242,-0.006148490147646346,0,0,2025-11-18
2025-11-18,-7.493988505480331e-05,-0.028374275756905987,-0.012175613458800472,-0.04063896384454513,-0.026995476946810038,-0.02927178825727883,-0.02808152100624206,-0.061089272170448794,-0.006741488307425565,-0.005718542233072776,-0.0008261150766480929,0.0009779234397121971,0.0073490635421313245,-0.008668228051756155,0.009917759378520704,0.01875877822393157,0.010095221207751068,-0.004437782214075203,-0.06381661772489688,0.020153993724406592,0.012100673573745668,0.027463559091471246,0,1,2025-11-19
2025-11-19,0.004188023274068087,-0.017954421858530023,0.005969970168640204,-0.0341501967551987,-0.013507829718346742,-0.046993093574445366,0.028451698075282472,-0.037564473352065475,-0.004686007435049581,-0.00358758360510012,-0.0004443585917131898,0.0020093259726116307,0.008528045086234358,-0.00488515619596408,0.010041635407587134,0.04012504796910821,0.009239503973327979,-0.0021924559999233484,-0.1675596077422341,0.024985074158760834,-0.0017819468945721173,-0.0032839109043997783,1,0,2025-11-20
2025-11-20,-0.008601474473370674,-0.024546660348101823,-0.023671787217586227,-0.037360388386778576,-0.01600132392688336,-0.04761583948377546,-0.031524784480993384,-0.03328697911394651,-0.0014961303614524635,-0.004927583224315857,-0.00116752346546507,0.0013606505931881396,0.008721071624650722,-0.012091348427421877,0.010370697772815865,0.02668971747615112,0.009516167256709191,-0.012045373644079205,-0.06890742574347952,0.03571823191754703,0.015070312744215553,0.015161579730567698,0,1,2025-11-21
2025-11-21,0.01968061086817685,-0.0033774053313263552,0.00751273835218047,-0.03086095872156236,-0.01318899894610237,-0.07286911832970844,-0.00974309888497682,-0.05936786104078007,0.005089053222958088,-0.0005957771820685132,0.0012824225691498326,0.0017205935677501727,0.014206259994155642,0.012229076876176359,0.012152971828937362,0.03398959720945083,0.010078487326013736,0.00573291068151649,0.17465521212606627,0.028214569302973048,0.01216787251599638,0.031146659783716446,1,1,2025-11-24
2025-11-24,0.016317565960635383,0.03163092415523017,0.025573261083649657,0.0024848874154308476,0.003982072607125131,-0.06424327650404771,0.02051656850567407,-0.021704202771356318,0.00913223411848052,0.0063019571488909685,0.002459328151253981,0.001396914106752345,0.011689168079236291,0.02408811642398412,0.013041769050790231,0.027445129283483638,0.009450563607031526,0.020750519369199028,0.2787596777100878,0.022107878394668438,-0.009255695123014274,0.004068245404235782,1,1,2025-11-25
2025-11-25,0.0038054503569113773,0.03563435474326071,0.006163668529668875,0.02109634638524227,0.006308039042083102,-0.03221465971522508,-0.025910673248993876,-0.019519110828729702,0.013267875728574538,0.0070780351972842045,0.0006797464821057142,0.0015518457092528193,0.011281653759903858,0.0062489799784499755,0.011227539410091325,0.030626555000768496,0.009464044523037589,0.02307737594907744,-0.0900619356127591,0.01852187912121443,-0.002358218172757498,0.013606767460366764,1,1,2025-11-26
2025-11-26,0.002093995691360595,0.03347475230410679,0.008835737972002766,0.024005205616011605,0.01784106260616336,-0.0014602357676282152,0.01372155540861364,-0.033562184904511794,0.007405670669635785,0.006659229680742706,0.0015358230378212934,0.0015264292922073542,0.011453321972360892,0.014919310621098969,0.010944899903450664,0.03010401812423935,0.009461757202876661,0.023686148330289702,-0.3402757701508896,0.010448546294469901,-0.006741742280642171,-0.013687313316027905,1,1,2025-11-28
2025-11-28,0.00468386682792965,0.047323940553951616,0.008107246699400328,0.05733610370375786,0.01340886450717993,0.02838456315240312,-0.018084887277757256,-0.020150561478255224,0.0035277709587338744,0.009316297941002772,0.0021943573583434574,0.0014454609369140893,0.00806887918537564,0.021615635510738196,0.01091317238219348,0.028446350230190154,0.009425588267763163,0.02702016000954277,-0.582138558808017,0.01079436865605672,-0.0034233798714706776,0.007021878213218313,1,1,2025-12-01
2025-12-01,0.01524117335723596,0.04276415081366913,-0.0033590309023721066,0.045926705384114364,-0.010711244753378257,0.03096670315729,0.016497144261903296,0.00581390035502638,0.007339678625508735,0.008428410438814593,0.00391631662837304,0.0023972717904303387,0.00678547511961284,0.039242313611395074,0.01152307775256058,0.04809865957136816,0.009821385055754582,0.04018452769197434,0.008210755233448941,0.025715290082455728,0.018600204259608066,0.01234822360297344,1,1,2025-12-02
2025-12-02,0.010914842545035386,0.037220837893337855,0.007826172575998713,0.027827409587971585,0.006697668936617829,0.03375528820408569,0.008559455044009567,-0.005970945965964702,0.010279960910066999,0.007347865755694594,0.006824911452292781,0.003187126275414931,0.00552893244907674,0.0700290915489663,0.00863814402441517,0.0647367996226682,0.009840337759482941,0.04818722214421367,0.15711814314333727,0.016667210499949,0.0030886699690366726,0.003286280554721688,1,0,2025-12-03
2025-12-03,-0.007128210814380975,0.02592320925693481,0.0024437252800932896,0.0240273721252664,-0.025040836477469575,0.0015513659553496595,-0.010305282935148319,0.009953888590270132,0.006342601695963457,0.0051611335214361235,0.006119584359360164,0.0026467346413560355,0.008593245498489548,0.062481320834940846,0.009508268910736228,0.05327149044521251,0.010105068718219378,0.03798373395855181,-0.05546202335230532,0.018722531896857374,-0.009571936094474265,0.010544848891927971,0,0,2025-12-04
2025-12-04,-0.012141398148625804,0.011349306014176275,-0.0009301893300760478,0.014114383820929,0.006510015802057678,-0.009598336902283178,0.02116036257746856,0.01736504817997586,-0.0027849221393237977,0.0023140547534388433,0.004486642217090775,0.0020211418126887927,0.011670651791546966,0.045203973525931085,0.011139180862765545,0.0400979888586146,0.010627214252130167,0.023358460256349023,-0.046007598914217795,0.02187393794592683,-0.011211208818549756,-0.025976587338388923,0,0,2025-12-05
2025-12-05,-0.006840067419534801,-0.00025108221592784474,0.004077349973276911,0.01006047363562379,0.004824857333882937,-0.017987463224570233,-0.005289522900729926,0.030622361696441613,-0.008703225460847194,9.267903945953115e-06,0.004662782922474362,0.001747629728504646,0.012211041973757823,0.04706097613816307,0.010921016689794755,0.03440059705092002,0.010788254244879343,0.014643841720098028,0.029450408239384274,0.011084105276558944,-0.010917417392811712,-0.0066077346361113065,0,0,2025-12-08
2025-12-08,-0.0031923330440991604,-0.01840329920566952,-0.0019184045392969251,0.011520497648019212,0.016267852196279353,0.008793202475848805,0.017214022376646154,0.031349201530508575,-0.007391266204086588,-0.003677433376321071,0.0023754885312467612,0.0018289555501982968,0.008756692548880049,0.023573850145299335,0.009759713020423205,0.03609121344716981,0.010742180677936275,0.00962623915420524,-0.15856846229299226,0.012666952195829239,-0.0012739285048022353,-0.019933270330561914,0,0,2025-12-09
2025-12-09,-0.0025550638672366954,-0.031482556862038935,0.001233345566373334,0.004903503726698233,0.0020366130003734995,0.004122444124128766,-0.003125876875773148,0.019399823945663197,-0.004195821443623553,-0.006371414658775487,0.00048822554845955323,0.0014737768498567672,0.003832628946992322,0.00456647388586906,0.00850868309705052,0.028764588064463137,0.010764940852345245,0.005630784954322898,-0.28390731654258117,0.011220093202037963,-0.0037884094336100294,-0.002010431929536871,0,1,2025-12-10
2025-12-10,0.005772369311079162,-0.018898417586256655,0.004095633783892216,0.006559465653977137,-0.027356625781667865,0.001737384212689319,-0.006433489130266867,0.02338782737237155,8.32413324776867e-06,-0.0037912986336834597,0.0006849174438763317,0.000682331962991023,0.006564486532699467,0.006534884036964783,0.00861594458787051,0.012824700374923337,0.009740391796972043,0.010788393233710725,-0.25418734179729785,0.011873152927352476,0.0016767355271869455,0.022667426767046528,1,0,2025-12-11
2025-12-11,-0.0026902620286017864,-0.009511927874484849,-0.0032344464150966257,0.004237934410157074,0.010260036919396365,0.0054696236199958115,-0.015507749510496383,-0.013360269144841341,0.00017568113841356,-0.0019010714096786563,0.00020649167188009355,0.0008711573548506934,0.004636627509742831,0.0017294243594592196,0.008661716105574374,0.01667453679977271,0.009630491727931652,0.007236455506906214,-0.23639594872773617,0.020789119176614936,0.0005441843864948392,-6.640573305177755e-05,0,1,2025-12-12
2025-12-12,0.0008992097080309236,-0.0017934714303041721,-0.019118307600878626,-0.01896143289971719,-0.010217835533210096,-0.009582721696618446,-0.03266449001911087,-0.04051312498748938,0.0013271056635027663,-0.0003532159841655114,-0.00017197404010977914,0.001011191659116839,0.003790180382178068,-0.0020441033374510864,0.008525963875651164,0.019527347580598375,0.009608390369901541,0.007169785958564434,-0.08142906883653156,0.00862438517684416,0.02001751730890955,0.022340372484191406,1,0,2025-12-15
2025-12-15,-0.014985057058964357,-0.013602744664736321,-0.005019386618356658,-0.022009463270460716,-0.007752917074920096,-0.032992480130795476,0.007256197507397255,-0.049905840832473736,-0.005592036459845073,-0.0027117607871385506,-0.003194597081729811,0.0003608597733216146,0.007675910189316281,-0.03175570849032239,0.007779805448824447,0.006240437649543296,0.010240748616705755,-0.008227809707394562,0.16724788899994514,0.02666811845332182,-0.009965670440607699,-0.014736697275202937,0,1,2025-12-16
2025-12-16,0.0018241385327160131,-0.009272046225764052,0.0019819033054331303,-0.0212782826837995,0.0033065525131403817,-0.03176693503324912,0.008111694452662688,-0.03919561109061409,-0.0040872362727391405,-0.001835920307148009,-0.004103667482961748,0.0013606219846655165,0.007943436518928667,-0.040462695365272916,0.006347140091205051,0.02673283038564067,0.00926596108979902,-0.007702200737777387,-0.12072549266893673,0.01351003842896864,-0.0001577647727171172,-0.0038849849501855216,1,0,2025-12-17
2025-12-17,-0.010086925630541477,-0.024894116691446366,-0.018537145638057972,-0.043339122307226696,-0.0005668537354907022,-0.005098637293724173,-0.038149918132835525,-0.06986621426898165,-0.007749281385596607,-0.005007779295472137,-0.004399538964577798,0.0008600226973911829,0.007284955484486138,-0.04332207486502704,0.006568881203548982,0.01645242551103676,0.0096116053181009,-0.018491706699283683,0.16490907363164364,0.016627387708075255,0.008450220007516496,0.009271460303621637,0,1,2025-12-18
2025-12-18,0.0012874469253185694,-0.02100496645518546,0.014490198509077512,-0.026327625161314372,0.01650852133550962,0.0010548533257768167,0.018720044443348183,-0.037528298402522364,-0.0023251133908356314,-0.004212237504688065,-0.003056654457183361,0.000714993879953707,0.007800270168847484,-0.0303170966037426,0.00617093401251476,0.01351642368992989,0.009580579631686053,-0.01787167569178494,0.18415831865100896,0.024541653315202944,-0.013202751583758943,-0.01632683596411033,1,1,2025-12-19
2025-12-19,0.005437604202852997,-0.016565892442933938,0.013035360962284415,0.005589719277134142,0.004008419527562479,0.015443132064774545,0.039336279676618124,0.03411044804104146,-0.0011206248341233034,-0.003304558605723651,-0.001828887294944581,0.0014169478137648905,0.0087500000897444,-0.018329653418424185,0.006544615545745292,0.0278687113375935,0.00937413657689147,-0.013851375354919981,1.9795474397218058,0.01717401241065212,-0.007597756759431418,-0.016234745399237305,1,0,2025-12-22
2025-12-22,-0.009866070345355471,-0.011455121112639688,0.004793529762324944,0.01550726711256556,-0.0020579882201317012,0.021271192930567118,0.014917895904012823,0.04197641340445735,-0.0010470064057279682,-0.002280761263001874,-0.002496261025070212,-6.0386246911725563e-05,0.007204661572212382,-0.024902044689777192,0.0070219606623538565,-0.0019152316143062897,0.008644161664503353,-0.02348930473049482,-0.22874649531355284,0.012436783046115224,-0.014659600107680415,-0.016296024187296032,0,1,2025-12-23
2025-12-23,0.005129732868573544,-0.00819334269594374,0.004683320360612031,0.018245149545358386,0.00398000314889102,0.021956701993006922,0.03005070925675346,0.0646524086190603,0.00023375557535702343,-0.0016196423958303673,-0.0017277813514891883,-0.0006197779015148175,0.007802378221398806,-0.017389419869487388,0.007423821259951553,-0.012902354315342812,0.00785443463145018,-0.01785004362862397,-0.3502619162122387,0.010794546187140184,0.00044641250796151333,-0.011885623334248696,1,1,2025-12-24
2025-12-24,0.005323766193815027,0.007246827901655095,0.002925563588204838,0.040512216983129345,0.00240321276182498,0.024993702890607095,-0.0031711845381520165,0.10336966162353356,0.00019580957234436683,0.0014624959690409333,-0.0017726416632156017,-0.000543862109669635,0.0065674686258085455,-0.017827692169217868,0.007374656581414166,-0.011409310033225761,0.007906621247043125,-0.012058411248025092,-0.5945193347351492,0.011796429997260426,0.002398202605610189,0.0057077520819785454,1,0,2025-12-26
2025-12-26,-0.0014973429371301084,0.004445463753989687,-6.402972705099597e-05,0.025584667844942954,-0.0006351543356442058,0.007706922466725441,0.010179749413702144,0.09411971853227463,0.0029853853750861545,0.0009055379965511978,-0.001653349754068434,-0.0007234290410941702,0.006702715305588745,-0.016652879518226138,0.007367809066034719,-0.014952255054260899,0.007884309793882558,-0.01279859439531994,-0.5061066004525447,0.009180723561300936,-0.0014333132100791124,-0.006269640476159077,0,1,2025-12-29
2025-12-29,0.0013168127155420706,0.00032873855970239063,-0.004840682759455928,0.007487178784612691,-0.0012507766584408664,0.0024283527852679843,-0.012124095818556335,0.039946865478531546,0.0017144119907423299,8.137969908901254e-05,-0.001611589453317319,-0.0008917817467135492,0.00624377506343105,-0.01624259973085329,0.007385047656229535,-0.018253501515985704,0.007798250015338828,-0.010589411521903402,-0.4579975033584902,0.007342121479933126,0.006157495474997998,0.008004248954040671,1,0,2025-12-30
2025-12-30,-0.0024840667289872664,0.007786750192715131,-0.002319387022803987,0.0003551937025885188,0.0007801688074968727,0.005279269011429388,-0.003612778049374543,0.020959205126100056,-0.0008881989835251014,0.0015577804223626535,-0.0003614904203196101,-0.0017780437510247105,0.003628700376205308,-0.0037575690864559697,0.005745862906254894,-0.03539395330823669,0.006813281483929672,-0.011256860400382318,-0.4794647606676091,0.006591430648442768,-0.00016467970618327943,-0.0010677621080484312,0,0,2025-12-31
