Date,Quarter,Split,AAPL_Open,AAPL_High,AAPL_Low,AAPL_Close,AAPL_Volume,QQQ_Open,QQQ_High,QQQ_Low,QQQ_Close,QQQ_Volume,MSFT_Open,MSFT_High,MSFT_Low,MSFT_Close,MSFT_Volume,NVDA_Open,NVDA_High,NVDA_Low,NVDA_Close,NVDA_Volume,factor_rel_mom_aapl_qqq_5d,factor_rel_mom_aapl_peers_5d,factor_peer_confirmation_5d,factor_peer_disagreement_5d,factor_rel_vol_aapl_qqq_10d,factor_volume_confirmed_mom_5d_20d,factor_market_aligned_mom_5d_20d,factor_close_pressure_5d,target_next_day_up,target_date
2025-01-02,Q1,train,247.1365264348607,247.3053149666319,240.0777664039773,242.0931396484375,55740700,510.499434346488,512.8221689652438,501.9729160194123,506.4595336914063,36389800,419.7509810335182,420.2836558558519,409.2160306987592,412.8953552246094,16896500,135.79720670711552,138.67291713644488,134.4292544268475,138.103759765625,198247200,-0.018347905550472166,-0.025150871586738732,-0.030426086747685932,0.03360972265782214,1.0178022296399405,-0.009872153609122993,0.0006255042363381509,-0.2589036582530708,0,2025-01-03
2025-01-03,Q1,train,241.60665893554688,242.4207431843357,240.14724866814672,241.60665893554688,40244100,509.55653114882335,515.8100252164201,508.7426439244086,514.7479248046875,29059500,415.3613950253171,418.27134378737713,413.8423310893823,417.6005859375,16662900,139.80120658589456,144.6839138332244,139.5216253508109,144.2545623779297,229322500,-0.03965080163131207,-0.05983598880622443,-0.000622573885197375,0.0661350173052615,1.2290429789535984,0.008828819398001411,0.0004441079471279432,-0.32610901550621263,1,2025-01-06
2025-01-06,Q1,train,242.549801627174,245.54804748087852,241.4477983095151,243.23483276367188,45045600,520.1476411928097,524.018784806924,518.1723564940825,520.6637573242188,36109700,422.1874160873605,428.4215926337743,419.7016505493917,422.0394592285156,20573600,148.36840963752263,151.93309314343088,147.599568879649,149.2071533203125,265377400,-0.045222578153092496,-0.08364623832165125,0.042212746855227745,0.09687532219943018,1.1904817148258815,0.0020385319115568535,-0.0002839289721764525,-0.21326282168910055,0,2025-01-07
2025-01-07,Q1,train,241.22940732447117,243.78089861816605,239.6111612224788,240.4649658203125,40856000,521.7059999662438,522.1030076792526,509.4869713360559,511.3728942871094,36690300,423.1738758487943,424.8014616583564,415.085225621156,416.6339111328125,18139100,152.80179213743568,152.90164910642062,139.80120400217487,139.93101501464844,351782200,-0.03877724316318576,-0.04635310140391952,0.006741841869040643,0.025064707428101296,0.9107711780295272,0.0055948558263335365,0.0007876799821890298,-0.24774726243584394,1,2025-01-08
2025-01-08,Q1,train,240.17700647488417,241.95411831821167,238.32048434869316,240.95138549804688,37628900,511.2736514045927,513.1000201476976,506.7969699488272,511.4622497558594,30777800,417.709061289588,421.171402275518,415.81515330470927,418.7941284179688,15054600,142.36737985085435,143.73533196712347,137.3548616440079,139.90106201171875,227349900,-0.03873082751341439,-0.05612782185729459,0.025299477542443438,0.03607943098728872,0.9427188394503762,0.006264194676285249,0.0003705670682980635,-0.10018930044427843,0,2025-01-10
2025-01-10,Q1,train,238.28077607985776,238.42970445265777,231.3212870184269,235.1435546875,61710900,507.700292461824,507.799529251394,500.1961615298894,503.4419860839844,40532500,418.8631684887605,418.9420687753876,409.3836648034606,413.2603149414063,20201100,137.24503329388114,139.71135128077043,134.01985409411645,135.70733642578125,207602500,-0.02274812308569507,-0.020472026953118783,-0.008234217969928403,0.01823624326526696,0.9695153388063243,-0.007845972063038378,0.0006943331928726769,-0.04889699372520064,0,2025-01-13
2025-01-13,Q1,train,231.8474698930612,232.9792558543989,228.06492247356016,232.7111968994141,49630700,497.4962392396563,502.28059733248006,496.0073239549711,501.8240051269531,31694200,409.6007014640922,412.8164377086338,406.690782868284,411.5242309570313,17604800,129.79615256902926,133.29093305056014,129.31685741876072,133.03131103515625,204808900,-0.011710671776786752,0.009358222429695529,-0.046176173041337476,0.06325106995861263,0.906956398531954,-0.0007145403361094435,0.0016358474306016227,-0.013745654187657969,0,2025-01-14
2025-01-14,Q1,train,233.05869925952223,234.41882398797216,230.79512716232853,231.5992889404297,39435300,504.9804910575475,506.39001083545065,497.8833343601906,501.3475341796875,33737200,412.1357932076061,414.0395749911103,405.14208486737954,410.0248718261719,16935900,135.84710238324766,136.1766120600162,129.85605059334506,131.56349182128906,195590500,-0.010737440091826644,0.02552201189909975,-0.07335867941516783,0.0897815101099042,0.9418001486501084,0.009352326389357837,0.0018721816504643964,-0.12770792327986724,1,2025-01-15
2025-01-15,Q1,train,232.94949481929564,237.2383779015073,232.74100113522096,236.15621948242188,39832000,509.2387301124164,514.0230569301199,507.6802948725127,512.881591796875,34957600,413.4379027909623,422.3353935398116,412.5895665870108,420.5203857421875,19637800,133.45068552943664,136.2465130176968,131.09420431967888,136.03683471679688,185217300,-0.020868683785696618,-0.008667888379244204,-0.00925050702273017,0.03715755882266192,1.033928809443336,0.003456622281158691,0.00043896743753434075,0.0515624728343599,0,2025-01-16
2025-01-16,Q1,train,235.63995285298608,236.29518618874627,226.38709407905125,226.6154327392578,71759100,515.1448467748171,515.224272558158,509.1594384871324,509.2884826660156,28229000,422.8778842735224,423.6571336957602,418.6264203199314,418.8138122558594,15300000,138.4332346192246,138.54307117698642,133.2909213149963,133.3708038330078,209235600,-0.055247180241898786,-0.03618193936026054,-0.023315343584000725,0.04672468962197518,1.3359999584208566,-0.025288850851227705,0.0026823464794883413,-0.17322500767359472,1,2025-01-17
2025-01-17,Q1,train,230.44764042021455,230.6164138035219,226.833866130533,228.32305908203125,68488300,518.9861821179226,520.1971979799845,509.3181691473964,517.8843994140625,51837900,428.1947089431654,428.57942688248704,422.3551241092644,423.2034301757813,26197500,136.48614039423094,138.29343848833506,135.2579791055137,137.50462341308594,201188800,-0.05769301061814747,-0.047657676730030185,0.018652009895857247,0.010816328932235608,1.217287166972604,-0.009784742823472008,0.0007155988360161853,-0.19729321827419918,0,2025-01-21
2025-01-21,Q1,train,222.38612124582832,222.803093405302,217.79941234276583,221.03591918945312,98070400,520.6042324328826,522.0832120911833,516.2169118563148,520.921875,23628000,424.3575582513444,425.0480336398343,419.82002384260585,422.6806335449219,26085700,138.95245710585658,141.61847317570314,136.88553704004724,140.61996459960938,197749000,-0.08822758224697747,-0.09224770912319213,0.04207703463258128,0.029934163127701252,1.4253778539523965,-0.04218139169989833,-0.0008914073696211128,-0.2864129078924147,1,2025-01-22
2025-01-22,Q1,train,218.2064751614249,222.5052806842356,218.2064751614249,222.2173767089844,64126500,525.6565483001042,529.8751413083515,525.3488415863966,527.5822143554688,33593000,431.6175824572203,441.1957044539868,430.0787709144918,440.1402587890625,27803800,144.44426793757484,147.56958971587568,143.45573886876412,146.85067749023438,237651400,-0.09283757646192414,-0.13533122829898903,0.09482198375697126,0.04274855198091654,1.4039504380205117,-0.00810126218478373,-0.0014336707541842794,-0.01925936450185537,0,2025-01-23
2025-01-23,Q1,train,223.1208199792776,225.394314538592,220.69839703644928,222.0485992431641,60234800,525.1304247166951,528.8229657869698,524.5448186856646,528.703857421875,23096600,435.9973147591307,440.6828062638951,435.5041051270503,440.6433410644531,18389300,144.8337106624021,147.01045262591376,143.5056920734559,147.00047302246094,155915500,-0.09058825177820307,-0.1239613420783997,0.06422283394095951,0.032740650933691606,1.6368673854957008,-0.013582666390282265,-0.0017091274694505303,-0.2075296710827284,0,2025-01-24
2025-01-24,Q1,train,223.1605018815617,224.00438385368136,219.81478693461756,221.17491149902344,54697900,529.0810884811151,529.8453571094432,524.2470818339253,525.7161254882812,19878300,439.1143639891968,440.5841189283991,435.4054182545328,438.029296875,15549500,148.14874363197046,148.74785499769604,141.66843136501245,142.40731811523438,234657600,-0.05626379193229958,-0.08082550054445925,0.05681777444005842,0.021874083251081533,1.5715565431039686,-0.002377976080390524,-0.00031038627211287407,-0.12015173448115597,1,2025-01-27
2025-01-27,Q1,train,222.40601266103107,230.47742834163907,222.36629236472388,228.2039337158203,94863400,507.2238554261772,514.1621916220109,506.3801306258622,510.41015625,60771700,418.2516146753107,429.2896479328885,417.74853125025015,428.6583251953125,35647800,124.6138830305536,128.20850504229963,116.52595684106744,118.24339294433594,818830900,0.013910521255111163,0.06307197560719247,-0.06359371601611075,0.1529665001142806,1.473703920945782,-0.00040598764660396407,1.5505596215846463e-05,0.13514626216464104,1,2025-01-28
2025-01-28,Q1,train,229.1867945454765,238.4594987479956,229.147074251248,236.54339599609372,75707600,511.4125906777684,519.135127001106,507.9980395084438,517.9539184570312,33194200,428.6977608632086,442.2906153004339,425.5214900534852,441.1266479492188,23491700,121.62835222502514,128.80763280108368,116.07664583818588,128.7976531982422,579666400,0.07585568346959803,0.09037429176124817,-0.020216116277792462,0.12771332821210757,1.630687324551121,0.025075718059506143,-0.0010319621227869139,0.34711001834360233,1,2025-01-29
2025-01-29,Q1,train,232.43322998057815,238.1318804363608,232.32402189200357,237.63548278808597,45486100,518.5990994614392,518.7281436223639,513.0801896776674,516.9811401367188,26649000,440.6235877197962,440.81100977301065,434.41900262341227,436.3227844238281,23581400,126.31135328562937,126.70077107762197,119.8709750783515,123.5155258178711,467120600,0.0894766816679653,0.15317161834986065,-0.08378862811101412,0.15023062960015443,1.6203960697335398,-0.012955822224228265,-0.00022970217884192126,0.3396499217756445,0,2025-01-30
2025-01-30,Q1,train,236.95044029141235,239.05516137192973,235.500967711044,235.8782196044922,55658300,519.8398489654351,522.2121410225601,514.380493502768,519.1846923828125,27431300,413.0827588425547,417.1172097708342,407.5489615626973,409.3540954589844,54586300,122.9164122570478,124.81358019968631,117.92386904906036,124.46410369873048,392925500,0.08028667296089953,0.17444007256310418,-0.11215811983534413,0.0823000433978297,1.7766197012128073,-0.0013964547203881659,0.0008986894453007424,0.32498047826386933,0,2025-01-31
2025-01-31,Q1,train,245.40904807772532,245.40904807772532,231.7581140684966,234.29966735839844,100959800,523.0260873773669,527.5921301044531,517.338450995146,518.4302978515625,38755200,413.2899333042713,414.976701732093,409.27519987674,409.4231567382813,34161900,123.59540412169352,127.6593341751579,119.01225290264884,119.89093780517578,388161100,0.0731999325568573,0.17105055812411457,-0.11170948833269317,0.09280606862110086,1.4830200399098408,0.04049529656152383,0.001283780121317914,0.2570035088280971,0,2025-02-03
2025-02-03,Q1,train,228.3329787245057,230.15971829856625,224.0738787357251,226.3672332763672,73063300,509.6754636986273,517.0009308639123,507.2733642921369,514.2811889648438,40580800,406.0101743775102,409.7684293585694,403.1100993381394,405.3394165039063,25679100,114.57888277703152,118.39318602096668,112.84147962875149,116.4860382080078,371235700,-0.01563266555910303,0.026582464350736024,-0.03463096907870594,0.0395375756781412,1.837047216705116,-0.0016114673211419836,-0.00012429942623445645,0.049440876880067264,1,2025-02-04
2025-02-04,Q1,train,225.61271003037928,231.45035067549784,225.0170268486458,231.1227264404297,45067300,514.7974890430145,521.2295844539116,514.4004206860424,520.5942993164062,26046800,407.0853452090854,408.2986516716073,404.1753965052981,406.7696838378906,20532100,116.78557092036436,121.01924546805154,116.52595653802958,118.47305297851562,256550000,-0.028013887564449114,0.05610681682851998,-0.07902299055147416,0.0022768192486263272,1.6060173866511636,0.006017682048263285,-0.00026027600599037794,0.06274157084909704,0,2025-02-05
2025-02-05,Q1,train,226.88348940722173,230.9936609938165,226.62536810475493,230.79510498046875,39620300,517.9638671852232,523.11551659981,516.7727228160936,522.9566650390625,21134100,406.749979083578,408.2098602907994,404.8264495269334,407.6772155761719,16316700,121.57842315704724,124.8135892575584,120.57991444298676,124.6438446044922,262230800,-0.0403436670515771,-0.0005265674178738244,-0.028258602740057537,0.07478727766982285,1.6992311749120992,0.01004114875055843,-0.00012676461113292378,0.06268753930468421,1,2025-02-06
2025-02-06,Q1,train,229.62360070928509,232.11552641696264,228.76979621063217,231.53970336914065,29925300,523.4628423892975,525.8947492260023,521.8548188906348,525.686279296875,19434500,408.3775613386283,412.5205341470821,408.3775613386283,410.1728515625,16309800,127.22995239056334,128.57794497214795,125.02324949979864,128.48806762695312,251483600,-0.030915720586595863,-0.0355582515428039,0.01716521702428786,0.030330199959809123,1.6776060651681337,0.009264800644681962,-0.0005148231114761009,0.2375632410141893,0,2025-02-07
2025-02-07,Q1,train,230.9241838961893,232.31409120281864,225.6226456863809,225.989990234375,39707200,526.2223405922623,528.1678176426686,518.3310780658987,519.0556640625,29605500,410.8238533335017,412.96436600470287,402.5576561425311,404.1852416992188,22886800,129.0273069895586,130.17558600299384,124.81359867926386,129.64637756347656,228186300,-0.036672290499901394,-0.06975396281290042,0.03428794095418192,0.09416268594158461,1.7497417814825507,0.01215137702322598,-0.0005265456011859613,0.25284925205512954,1,2025-02-10
2025-02-10,Q1,train,228.1666073624245,229.1803610121675,225.81108525741095,226.25833129882807,33115600,523.3239005134812,526.4407109622551,522.8574028177311,525.3389282226562,20852800,408.0914590052598,409.8176925215145,405.33937124502273,406.6217041015625,20817900,129.89598286165247,134.79866384787866,129.76618710141213,133.3708038330078,216989100,-0.02198243429242097,-0.07453832192010112,0.07405723649107099,0.14178749097424337,2.2368593904166008,0.00021093504640084862,-2.0924555548439464e-05,0.20417473643234088,1,2025-02-11
2025-02-11,Q1,train,226.80497424991785,233.79199753404615,226.7354100570617,231.1979522705078,53718400,522.0732896066455,526.0039872775455,521.9442454321847,524.0882568359375,19325500,404.0767828884028,406.88805357704496,403.741373863551,405.8523254394531,18140600,132.38230132778313,134.27946199343057,130.8246300046561,132.6019744873047,178902400,-0.006385998617197686,-0.05817616828015343,0.05850164830211707,0.12151375269222064,2.1626573605586334,-3.002212771713891e-05,1.4440459326793318e-05,0.1573857875883964,1,2025-02-12
2025-02-12,Q1,train,229.78663009476247,235.51142789245532,229.26980470124647,235.4219665527344,45243300,518.4402741025981,525.2793726405877,518.0928847804781,524.3959350585938,25009400,401.6797299133385,405.1716621007933,398.87830316572246,403.4848937988281,19121700,129.8261026458349,132.04279313100764,128.88750205027108,130.94442749023438,160278600,0.017295307358661915,-8.514152548511067e-05,0.020132627249487833,0.06083212268374161,2.3175940305740776,-0.0047951495705997466,0.0009216410894231275,0.15886730554366635,1,2025-02-13
2025-02-13,Q1,train,235.4617298072221,240.85852795215615,234.1299251101732,240.0534820556641,53614100,526.0635838146525,532.2574623508953,525.2794434932922,531.9398803710938,28714800,401.4726062482461,405.4182829681306,400.8412835235649,404.9645385742188,23891700,131.36380821970238,136.29644386397356,130.9743904181038,135.08824157714844,197430000,0.024874204952989087,0.017435204396950843,0.019335071122276337,0.06406584051390818,2.163287152649678,-0.003998918402058368,0.0013663553791115634,0.1808116955995992,1,2025-02-14
2025-02-14,Q1,train,239.77522427175464,244.04894114679905,239.51681912694212,243.1047515869141,40896200,532.0489565555039,534.8580601398642,531.7114424599516,534.1731567382812,17862600,402.25191655873215,403.35670130819824,400.3678521686821,402.8832092285156,22758500,136.27645326854343,139.042326433892,135.29791907929888,138.64292907714844,195479600,0.04660739361652988,0.042646572911235414,0.033085813885141424,0.07261437894659672,2.1883712752850566,-0.02289161760619202,0.0037004091517586334,0.4752195273589136,0,2025-02-18
2025-02-18,Q1,train,242.65747382373945,243.6811760890431,240.3615975750387,242.97552490234372,48822500,535.7414804029439,536.0095045421328,532.078746365208,535.3841552734375,20565000,402.4590098668831,405.0237056562673,400.9793811541372,404.0767517089844,21423100,141.05932980350207,143.226091877041,137.72429913092634,139.19210815429688,219176600,0.05476400635939349,0.055191055531608635,0.018694372278059923,0.049906287849590836,1.803418050731022,-0.01129169850714324,0.0024966516653090157,0.6076568124661794,1,2025-02-19
2025-02-19,Q1,train,243.16435439309652,244.5060925083624,241.6735241546838,243.37306213378903,32204200,534.5901501639886,536.8135875991883,532.4957569178074,535.5331420898438,19666900,402.34067225656025,409.8473079963777,402.1137850010984,409.1370849609375,24114200,139.3019353271886,141.14918241151278,137.01535723812603,139.02235412597656,167536000,0.030823270237818612,0.02440501810935125,0.028255958096164657,0.04032494711224488,1.815767851015012,-0.021449887291924867,0.0014770805863176721,0.49788595104293687,1,2025-02-20
2025-02-20,Q1,train,243.442620363674,245.2713683243621,242.79658488378956,244.32717895507807,32316900,534.7488640035847,535.1161249242239,528.52523935916,533.2599487304688,26550800,410.47144681938056,414.4447923675228,407.75335474991726,411.30169677734375,23508700,139.8211794831435,140.45024487315197,136.5860056380014,139.90106201171875,143903600,0.020923314847593355,-0.0060601486057070275,0.04388674793601588,0.04902704910957656,1.7242935833337116,-0.014650708629377587,0.0004070823038821058,0.3887989016419511,0,2025-02-21
2025-02-21,Q1,train,244.44645306890683,247.1697083342209,243.72091995824803,244.0489044189453,53197400,534.4015384269126,534.4214100198424,521.8251828832033,522.1924438476562,47093800,412.4976109270871,413.19936436928833,403.1572771359109,403.4735412597656,27524800,139.83115735009994,141.24905316966826,133.83012530319377,134.22952270507812,228217600,0.03496820410292434,0.02166314559593341,-0.005019261370355799,0.0026749282901821214,1.3001381994414427,0.0002551320253785754,-0.00020498283141459045,0.22925993885975599,1,2025-02-24
2025-02-24,Q1,train,243.43269920852308,247.33868242018207,242.92582237394555,245.5894470214844,51326400,523.979014688761,525.1602231091551,515.6907447415672,516.0281982421875,39268400,403.7700579395831,404.620064859675,394.68668732557927,399.3123779296875,26443700,136.35634186179794,138.383313247837,129.88600993089565,130.08570861816406,251381100,0.044188986540783404,0.04551291937281998,-0.03529224117401475,0.05285809804094477,0.8605020412009105,-0.00017599103526505692,-0.00018834725053144463,0.18007806678662294,0,2025-02-25
2025-02-25,Q1,train,246.48393846255715,248.47171215983585,243.41283173998391,245.52980041503903,48013300,515.4028460127145,515.4822717823216,505.6752793876824,509.526611328125,48940000,396.4460859350655,397.25657880262406,392.09714469384,393.283203125,29387400,129.78614928447132,130.0058224050398,124.25441810041912,126.44114685058594,271428700,0.05880965887215939,0.06967175910997725,-0.05915927842402369,0.06489529733937927,0.9100083397206898,-0.00039406122049463386,-1.81976177641611e-05,0.12319461799724336,0,2025-02-26
2025-02-26,Q1,train,242.83637220684057,243.48239258336395,237.66816369812489,238.89064025878903,44433600,511.72034015672153,515.8197643424149,507.591048002011,510.7574768066406,34457600,393.3919661639477,398.917102708898,389.6755831630129,395.0920104980469,19619000,129.79615892181477,133.53057192522448,128.29839578499454,131.084228515625,322553800,0.02784564710251769,0.027296177233452845,-0.04571408197484067,0.022771105085258925,1.3030697593454434,0.0014811765977784403,0.0002558980095926161,-0.027268421675708598,0,2025-02-27
2025-02-27,Q1,train,237.94645181292125,240.9778097055873,235.61081167459412,235.84934997558597,41153600,514.3011233717788,515.2341793751592,496.3547141457957,496.5730895996094,52448000,396.61410618114576,401.0322425664148,387.6197164134029,387.97552490234375,21127400,134.7986697104659,134.8086493121392,119.83102696232622,119.97081756591795,443175800,0.03409865374014642,0.0648876319426539,-0.09958630531885992,0.0857465194848428,1.0117281371053282,0.005012795623535814,0.0013697448994851045,-0.17690219698251083,1,2025-02-28
2025-02-28,Q1,train,235.5014815283524,240.61005923211764,228.7927454203557,240.3615875244141,56833400,496.4341995419912,505.02027267121787,493.2578344308949,504.414794921875,47654000,388.104042520749,393.016377739764,382.0847072800103,392.3837890625,32845700,117.84399213493025,124.90344826210318,116.2264129341289,124.73370361328124,389091100,0.01893532150427102,0.03400549750275483,-0.04911442373747954,0.04325745003144843,0.9856304104365661,-0.0027204556612607602,0.00042982255545240673,-0.07159381292772779,0,2025-03-03
2025-03-03,Q1,train,240.3118838035197,242.5381957053339,234.66661403302143,236.5748748779297,47184000,507.7399630206097,509.2487196326077,489.9325334541656,493.37689208984375,44587200,394.1925506012372,394.1925506012372,381.6794393165997,383.9823913574219,23007700,123.32581202011416,123.51552349340125,112.11255593535712,113.88990020751952,411381400,0.0071896201954317895,0.04474014937071641,-0.08144601052592354,0.08611009582455054,0.9542150169507055,-0.0013812762420992212,0.0017738292633854064,-0.2642914899647847,0,2025-03-04
2025-03-04,Q1,train,236.25684921580157,238.6024227827577,233.2453581153048,234.4877166748047,53798100,490.5280988504062,500.0174498903787,484.1356867718227,491.8879699707031,67875400,378.9514422192701,388.0249203607145,376.5792952112664,384.1009826660156,29342900,110.48499132597254,119.13207287466712,109.9457957033308,115.81702423095705,398163300,-0.010354774890243612,0.008713448521730116,-0.05368592730666383,0.060676646752818475,0.9875447185764895,-0.009385150962650654,0.0019582255539375903,-0.292618756278087,0,2025-03-05
2025-03-05,Q1,train,233.98082285378285,235.1039197629907,227.82866128733943,234.2988739013672,47227600,492.5331995401363,499.90828614862966,487.6297026672125,498.3002624511719,46323700,384.822533208354,397.0094866568717,384.29868393839774,396.3670043945313,23433100,117.40464986998916,118.10360288358513,114.33922859376143,117.12506866455078,284337900,0.005168479127353409,0.032410254263822325,-0.05163146088978138,0.1097170836588538,0.8829868783235302,-0.0011243984360858699,0.0008231328880783104,-0.1481486456394946,0,2025-03-06
2025-03-06,Q1,train,233.00684447444675,236.4059358119138,231.73467047090972,233.8914031982422,45170400,490.0417668831769,494.895615354215,482.60712565033873,484.5923461914063,57574300,389.70521049036057,397.4838909032578,388.12376908504734,392.2849426269531,23304600,113.36069823382532,115.17798387118098,110.0556366780344,110.40511322021484,321181900,0.015825163898956385,0.026011388829437265,-0.03431307283893931,0.0908410404225618,0.7957845669160823,-5.091117789459415e-05,0.0006090149980003325,-0.03212826833556084,1,2025-03-07
2025-03-07,Q1,train,233.6727221740344,239.8944479764648,233.3248557337566,237.6085205078125,46273600,483.5599718062666,489.6347411717219,476.9789615630039,488.15576171875,54714700,387.76795648683793,390.2191619837315,381.0666253730808,388.7464599609375,22034100,111.08408724577036,113.31076488585998,107.3995878917184,112.52194213867188,341755500,0.02077960216968555,0.042132386932442256,-0.053586242953932994,0.08863283568300351,0.8773432694539501,-0.00014059337288821138,0.0008177294361322065,0.00543639171743322,0,2025-03-10
2025-03-10,Q1,train,234.10009611136832,234.71631625547707,222.84930513729452,226.08937072753903,72071200,479.87744712390025,480.39359355913183,465.19673274957023,469.2366638183594,76668000,381.3631114017718,381.9166113327009,372.8431337183802,375.7490234375,32840100,109.73609301585864,111.6831816739289,105.30271254146378,106.82044982910156,366487400,0.004606437435412558,-0.0025647789858571635,-0.04175735858602603,0.04063062610310508,1.0373025851566,-0.02316789144249855,0.00425404197544525,-0.034622536806897995,0,2025-03-11
2025-03-11,Q1,train,222.4418202229124,224.45940937640347,216.1206990584521,219.48997497558597,76137400,468.85944790641054,475.2717015064333,463.55891291656457,468.114990234375,68760800,374.6024872406928,381.5212666884101,372.5367409966354,376.0356750488281,30380200,106.83043665954976,112.0726069900584,104.61374627233778,108.5978012084961,354865700,-0.015629535422097884,-0.02229416123624539,-0.04166544360744062,0.041335120574521156,1.0762675612162242,-0.034454761370012424,0.006966969825961237,-0.039372561912297856,0,2025-03-12
2025-03-12,Q1,train,218.7942505386503,220.39440897367027,213.5962265598192,215.653564453125,62547500,475.6191281711679,477.50508157643935,468.3035955192933,473.3956909179688,46971100,378.5066728711865,380.7503233781215,374.55308456142495,378.8229370117188,24253600,113.96030532134075,116.59661034457648,112.72203506897392,115.57803344726562,323857500,-0.029600122412008822,-0.050843876427415724,-0.02873529157187782,0.031053775283161666,1.0055602076767622,-0.02012346566288426,0.007697314654321923,-0.14051374004542316,0,2025-03-13
2025-03-13,Q1,train,214.62986833256545,215.5144270476188,207.14590135231947,208.398193359375,61368300,472.7305781456632,472.76035523811606,462.98313932199375,464.8790283203125,46563300,378.71423026442886,380.8491715851453,373.0704913614682,374.3751525878906,20473000,116.86621875800482,117.59520049683546,113.63075517539951,115.41825103759766,299033100,-0.06831571609711928,-0.1088717752499011,-0.00012414974037999738,0.09106180749978754,1.1240390611820708,-0.022858254557984913,0.012370615156989005,-0.32731732934992247,1,2025-03-14
2025-03-14,Q1,train,209.9585940343847,212.6420854575803,208.2988048386841,212.18490600585935,60107600,470.2292461988736,477.00876061202655,469.62373821824536,476.1154174804688,43563000,375.3734493768336,385.7022111357248,375.10659301872727,384.0515747070313,19952800,118.44401014075396,121.7094305400334,117.98465480860956,121.49972534179688,277593500,-0.0823329436187834,-0.14085289270859075,0.03385498519408631,0.09186394084170646,1.0482886127890205,-0.018973951110117463,0.011228901869983878,-0.34461844988981893,1,2025-03-17
2025-03-17,Q1,train,212.0059881512876,213.904315554563,208.6864099217596,212.6917724609375,48073400,476.0657408601252,482.2497130174167,474.2691189068619,479.202392578125,41744400,382.2131473268013,388.1533930243756,381.09625384575537,384.18994140625,22474300,122.5682312033008,122.71802281178024,117.86482345684048,119.36272430419922,255501500,-0.08049614648965231,-0.1291973695662917,0.06993939461820353,0.09495030004684568,1.0998770961820616,0.0038492023673406856,0.006098127778209933,-0.18332433588890124,0,2025-03-18
2025-03-18,Q1,train,212.85081593904235,213.83475423543345,210.19713981325924,211.38980102539065,42432400,475.867271104116,476.0657749736721,468.91899953639006,471.03326416015625,39072300,382.5788655792479,382.8753726383068,376.6781337960948,379.0700378417969,19486900,117.83485847417,118.85342762738914,114.37970167383446,115.2684555053711,299686900,-0.04313862439873051,-0.0716518603861579,0.034747332281417354,0.053355968187418945,1.0737855370989553,0.006255869496077729,0.004435766815777879,-0.19285392199035004,1,2025-03-19
2025-03-19,Q1,train,212.91044076829724,217.4226803637017,212.443312738742,213.92420959472656,54385400,473.28646764378425,481.74349565345614,471.3608014299573,477.3363342285156,40430300,381.0567221702146,385.158563988563,379.54447585576617,383.3201599121094,19185500,117.10587965509885,120.2814296141779,115.51810848491796,117.35552978515624,273426200,-0.016343340253777483,-0.02164451311903237,0.01362537899164662,0.0035076185848914587,1.1195841702593108,-0.0003353161496652371,0.0008714456143731883,-0.059737326545736824,0,2025-03-20
2025-03-20,Q1,train,212.6818553101102,216.16045933121796,210.92267131595003,212.7911834716797,48862900,473.3559666184429,480.969270043224,472.6611273475336,475.7183837890625,36780500,381.2642891356356,387.2441097112173,378.8328407062668,382.3515319824219,18470500,116.38688818380663,120.0317738155389,116.30699831746894,118.3641128540039,248829700,-0.0022367179469060527,-0.0023348143151403766,0.023414604122766636,0.004217515993021115,1.219168993438481,-0.001656405132647087,-0.002274620655562867,0.09336851654862546,1,2025-03-21
2025-03-21,Q1,train,210.26669685360037,217.5021918152461,209.9884097524224,216.9356842041016,94127800,470.5766275228687,478.0509810732746,469.4152905592447,477.2866821289063,42234900,378.7735245117788,387.194656647968,378.3583844724842,386.7202453613281,39675900,116.77634740953133,117.82487338576216,115.25847035053428,117.5352783203125,266498500,0.01992975925755136,0.03523007151371532,-0.012840268734289284,0.03957799723727018,1.2562398837639575,0.01587528116554273,-0.0019254034798635168,0.16836445058053173,1,2025-03-24
2025-03-24,Q1,train,219.64899945464327,220.1260609084734,217.2437950361324,219.38064575195312,44299500,484.8576491349716,488.60538941404207,481.5373907904982,487.7604064941406,34567200,390.81222312553433,390.81222312553433,385.2870867325212,388.5191345214844,21004500,119.71223179694545,122.04896105750126,119.17298658297102,121.24009704589844,228452500,0.013589798231753436,0.01795033632167531,0.013498333335934865,0.004459933412335637,1.3103999172405856,-0.00599121751280077,-0.0017227439269069111,0.12345761979029031,1,2025-03-25
2025-03-25,Q1,train,219.42039321145907,222.7300380772677,218.73460889257407,222.38217163085935,34493600,488.4861400211188,490.7029423960745,487.5218710331621,490.54388427734375,26035200,389.3493790004213,391.7610400507305,388.0842319836349,390.5749816894531,15775000,120.38130705821352,121.12026937928964,118.75358318150823,120.52111053466795,167447200,0.010579580991019855,0.014040813049103651,0.037959664514846336,0.01521844159918695,1.1965802818579925,-0.01881426661099705,-0.0019373097501890013,0.35204414620525376,0,2025-03-26
2025-03-26,Q1,train,222.1436424317859,223.64442126802376,219.12223310716143,220.17575073242188,34466100,489.3906651224751,490.2455985952576,479.9667080597325,481.5174865722656,34627100,390.4168262767483,390.7232269425197,384.061440622416,385.4451904296875,16108400,118.5638454632065,118.6736845133834,112.55226594608844,113.60079956054688,293463300,0.020463816451091743,0.04244852913433367,-0.013225370383210089,0.03753823753708507,1.0345475249614546,-0.010414655782588525,-0.0016729757571888257,0.224292647269765,1,2025-03-27
2025-03-27,Q1,train,220.0365991694977,223.61459773398053,219.21167130142223,222.4815673828125,37094800,479.5591741727875,483.70451433059617,477.4119351757768,478.7738342285156,33469800,385.6033656235933,387.6888690270636,382.9050306805178,386.0481262207031,13766800,111.19417323533278,114.28983351449122,110.5051440147698,111.27406311035156,236902100,0.03911659166308601,0.07065554582538885,-0.025116140700446155,0.06956838406597188,0.726952821690761,-0.013874056066571456,-0.0016323226494615651,0.33117910670487427,0,2025-03-28
2025-03-28,Q1,train,220.31487416588556,222.44179120535847,216.3492605717641,216.5679168701172,39818600,476.974551402309,477.6803471496016,465.28403763438615,466.1687927246094,46363800,383.5771709738401,384.61500612887534,372.5565482590105,374.4048461914063,21632000,111.33397028810096,112.71204388720729,108.9173588485005,109.51651763916016,229872500,0.021598661533504204,0.04833973998333657,-0.05003502278263111,0.03637853048352635,0.9261803175724117,0.0004094231346776489,0.000128540618394922,0.0306639715101249,1,2025-03-31
2025-03-31,Q1,train,215.683368745432,224.24073468961828,214.908138255618,220.77207946777344,65299300,459.19026229129486,467.08331235256605,454.6273605455005,466.1488952636719,53000300,368.2174556076631,372.6948931611048,362.978933000102,371.0343933105469,35184700,104.98287310192076,110.80471613819728,103.5049485540766,108.22832489013672,299212700,0.05065019196630227,0.08250550584985727,-0.07616295128652728,0.06231879786521355,1.0117479300986398,0.0014129295514422112,-0.00035002663944934696,0.15833740627127152,1,2025-04-01
2025-04-01,Q2,train,218.46624988397505,222.31258685550367,217.5618092777705,221.8255920410156,36412700,464.53844262078127,470.8310519884103,461.6754876852753,469.9065551757813,41156200,370.3029705230893,378.4078388750376,368.89946352111616,377.7554931640625,19689500,108.36812587384452,110.04577506451116,106.32099936404416,109.995849609375,222614000,0.039567494778459,0.057573872007486926,-0.06007667871074923,0.0545091706385189,1.0247100528299695,0.000768029066706752,0.00011184504532443901,0.15150190449321568,1,2025-04-02
2025-04-02,Q2,train,219.9670353213626,223.8133724100327,219.66886624627367,222.5213165283203,35905900,463.3654253458386,476.7260031222664,463.1069521266998,473.3361511230469,49894500,373.5844861787052,380.6119757035965,372.25014394283687,377.70611572265625,16092600,107.1398553905561,111.82329447216486,106.64055510872038,110.26547241210938,220601200,0.027643886087998615,0.03537232375898769,-0.024719171501775716,0.009281792089508967,1.0481812787517037,-0.0032925594159235777,-0.0005337072825053258,0.3617956898079335,0,2025-04-03
2025-04-03,Q2,train,204.28348559152053,206.2215769781628,200.0197179050274,201.94786071777344,103419000,453.742637111202,457.3511902166352,447.4798795534505,447.9967956542969,70456300,370.4413834397649,373.1001742376296,365.06450042697054,368.7808532714844,30198000,103.36514539947606,105.48217369637304,101.45781468579652,101.65753936767578,338769400,-0.028010925852760327,-0.02671883749996734,-0.0655751305198991,0.041693678938181766,1.562108858311281,-0.08163052118056992,0.0069698760153494126,0.17541448446214214,0,2025-04-04
2025-04-04,Q2,train,192.7047355778497,198.658123727335,186.19477317599055,187.2284240722656,125910900,435.5508223213529,437.7676247006197,420.1722412109375,420.1722412109375,117088400,359.9050576420754,370.2436833446925,355.3090169453245,355.6648254394531,49209900,98.77159334909084,99.9898797349743,91.9811059228115,94.1780242919922,532273800,-0.036805482244849475,-0.04042015669014282,-0.0950546321053159,0.09000361150563052,1.4016151622423363,-0.1543188841300774,0.018867037541337037,0.2105375168155886,0,2025-04-07
2025-04-07,Q2,train,176.1167553732534,192.96313526897592,173.55252535537636,180.3507232666016,160466300,406.24497996843866,440.5212273303754,400.01204418212296,421.1861572265625,161557000,346.808801297969,366.6953473866903,340.7894661963344,353.7077941894531,50425000,87.33759621246332,101.60759784636036,86.4987754744505,97.50334930419922,611041300,-0.0866351455788279,-0.11019392682974138,-0.07289696174012528,0.05239773469841014,1.4956812145380267,-0.28118273611866845,0.018748769281016504,0.1451104002984629,0,2025-04-08
2025-04-08,Q2,train,185.5586531084637,189.17640027021665,168.17558356470508,171.36595153808594,120859500,435.5706616527368,440.5212428610244,407.3683213181599,413.6012573242188,101248100,363.98715955184485,369.31460473132455,346.1861164728992,350.44610595703125,35868900,103.66472218207365,105.70186824827938,94.3278084260022,96.1652374267578,476243400,-0.10765205769983588,-0.12845868614809836,-0.09901570054755243,0.053443763317615134,1.5260458764927618,-0.19214493894091325,0.026490238977435097,-0.1314757640445267,1,2025-04-09
2025-04-09,Q2,train,170.89883496621582,199.38363475051756,170.83920418374143,197.6343994140625,184395900,413.11420733728266,465.0653576176641,412.9750201017136,463.2461853027344,142876900,349.43791334353114,388.6673960004068,349.00301621371585,385.9591674804688,50199700,98.75160385221358,114.93891720962624,97.39350654873373,114.16999816894533,612918300,-0.09052389572901198,-0.14047094229214718,0.02863034426525901,0.013559771789881436,1.3689111211986527,-0.17614919627076914,0.0023978392694786366,-0.06741086741518307,0,2025-04-10
2025-04-10,Q2,train,187.9141823452429,193.58926741380884,181.88128226075605,189.25592041015625,121880000,450.8796663706337,452.89766878987024,430.07336033484415,443.5432739257813,108384100,377.6269854135807,379.4456324184745,363.5324334212975,376.92523193359375,38024400,109.21694044618194,110.70485307181583,99.01124202201945,107.4194564819336,437812400,-0.052906641769690066,-0.1022297525259046,0.03938214293743536,0.0345950802891688,1.3344335073822908,-0.039782619273457345,0.0028844088048193255,0.030829336334277747,1,2025-04-11
2025-04-11,Q2,train,184.96233608452025,198.32016168749277,184.92257212057936,196.93865966796875,87435900,442.0223093443537,453.09649143953806,438.7219217931667,451.7146911621094,52483800,376.2234920445777,385.52428234575257,374.4937970946495,383.94287109375,23839200,108.348157786305,111.39389245819964,107.32958859529616,110.7747573852539,313417300,-0.023207243265885857,-0.07600436160066881,0.12786740346420145,0.09671966890143024,1.3707804102547958,0.007802388525178249,-0.002657960326608389,0.2974912350622197,1,2025-04-14
2025-04-14,Q2,train,210.14743595954587,211.638266220138,199.9302804535287,201.28196716308597,101352900,461.7152208667026,462.3017305650004,449.95514472763216,454.7764892578125,43941200,388.6575350248574,390.0709357337415,379.75206690221165,383.310302734375,19251200,113.9503045917023,114.1300529879136,108.91735711650354,110.55506134033205,264705000,0.03630680513774465,0.007283001012958756,0.10877555155266072,0.05016712666364764,1.3710659047484095,0.03347079121960271,-0.005915736290905648,0.10242283177212694,0,2025-04-15
2025-04-15,Q2,train,200.6259945192588,202.26590170954893,198.57859009217825,200.9042816162109,51343900,455.83021518157193,459.6475186324782,453.454324591476,455.283447265625,35404200,384.0021677861047,387.3429548173336,379.702634359307,381.2544250488281,17199900,110.81470199440513,113.46099492172468,110.3453585264742,112.04297637939452,228966900,0.07159120633564542,0.04585956801687707,0.1265103211764268,0.07719720720488632,1.3717739148385915,-0.060500725801891475,-0.005763487208839932,0.2526804701368888,0,2025-04-16
2025-04-16,Q2,train,197.1473909296092,199.47308245703653,191.19400339685228,193.0823974609375,59732400,446.3764289285455,449.94520996662885,435.17304059444126,441.5550842285156,48980600,376.25315416820064,377.1822197333743,363.730149078798,367.2982482910156,21967800,104.40369410395132,106.64055727885454,100.30942561460589,104.3437728881836,397016900,0.023791695672812474,0.04417560242198465,-0.06720803992588359,0.03771715021487754,1.366004568900111,0.005700591678155295,0.0017265172276658227,-0.032844661149421084,1,2025-04-17
2025-04-17,Q2,train,195.9944589047864,197.61449911758032,193.2314550257992,195.7758026123047,52164700,444.5274509761507,445.10401010316673,438.7517574071589,441.4755859375,44837000,369.4133653600013,369.976758868816,362.6329766642394,363.51263427734375,21120200,104.30381795694564,104.3237942331935,99.90998190333625,101.34796142578124,292517500,0.0391118334845203,0.08050288882833756,-0.04605280563929648,0.020937132652502966,1.3280686304676772,-0.011857824899097834,-0.0024797596115918017,-0.06574208316048671,0,2025-04-21
2025-04-21,Q2,train,192.08851517151223,192.6152739871965,188.64966000796989,191.97918701171875,46742500,435.64027525418857,436.48522787937225,425.40112526573694,430.5505065917969,44149300,358.6102367890087,360.2509795659297,351.54320368031085,354.9531555175781,20807300,98.6317735699764,99.3008417327631,94.90699776234818,96.77438354492188,288501100,0.02167016212963524,0.0757627917610455,-0.10094562109791361,0.05088067391212414,1.3449538003360162,0.009930316593335544,0.002465916558072042,-0.25003914896576124,1,2025-04-22
2025-04-22,Q2,train,194.92107095045927,200.35763286451956,194.7719939992729,198.5189514160156,52976400,436.2267468236976,444.93495790304166,435.0338262355641,441.8533020019531,52304400,359.1637542302739,363.5028019496421,355.68457702509073,362.5638427734375,19485000,98.6417555090913,99.67031279819464,97.14385476914264,98.75160217285156,241004800,0.014689478152640656,0.06671785278579029,-0.08044494312583889,0.052640982880487575,1.3024991336863383,0.004356838117364792,0.0012919682742266174,0.030230063534207673,1,2025-04-23
2025-04-23,Q2,train,204.7407093293248,206.7284832063085,201.56027415925303,203.34927368164065,52929200,455.4624310494103,460.641633756553,450.20368411807647,451.8737487792969,55801100,371.6966268435602,375.9764033603888,368.6918910858119,370.0460205078125,20545500,104.37372584399633,104.6533403969428,101.87722447592722,102.5662612915039,247526000,0.019659112445814086,0.06915984757140609,-0.056989912487093564,0.05518231966218912,1.2305514445732963,-0.003967437972341419,-0.0009593699030742065,-0.03871019574420907,1,2025-04-24
2025-04-24,Q2,train,203.63746952607696,207.55338601533765,201.6993932641485,207.09619140625,47311000,453.78243704630535,464.896361425193,453.1362539590864,464.5881958007813,45956100,371.34077108557176,383.9428330432701,370.8366789549492,382.80615234375,22232300,103.33517578708889,106.39089066307956,102.96569088547096,106.28104400634766,220815000,0.02041572514838208,0.042185448334998266,0.030393896699018375,0.023655321290859233,1.1729914211987975,-0.02920825672044295,-0.0025517595317908594,0.17765522532734696,1,2025-04-25
2025-04-25,Q2,train,205.10842646651813,208.46776890662989,204.9394675201618,208.00064086914065,38222300,464.210432874224,470.2942617606861,462.639783263479,469.7673950195313,38697100,382.50964370251074,387.6097759048288,380.1374969060445,387.3033752441406,18973200,106.70047768277183,111.7633826618512,105.58204983332996,110.85466003417967,251064700,-0.0016416013955948827,-0.017181634879029017,0.07962468500941133,0.028355757398769388,1.2103999136333305,-0.03231875158630172,-0.0011746455107118977,0.3515763240193272,1,2025-04-28
2025-04-28,Q2,train,208.71620315087387,210.2070331733801,206.19173765225315,208.8553466796875,38743100,470.2345868172972,472.0040665388327,463.2759539267501,469.6182556152344,33550800,387.41210451108,388.183053013966,382.1538550582223,386.6213989257813,16579400,109.53649064316204,110.21553928394424,105.87162103934428,108.5778350830078,207708500,-0.0028328677398747892,-0.017687232002016273,0.10559342605699262,0.03275066741786192,1.1088124320486068,-0.044890718286729324,0.000650470728588343,0.3640208058551118,1,2025-04-29
2025-04-29,Q2,train,207.4142395090872,210.94254069563792,207.0961884524305,209.91883850097656,36827600,467.3915381780168,473.60460372916896,466.8149487060188,472.7198486328125,30613100,386.7597585973815,390.51568553400665,385.8504501911824,389.4679870605469,14974000,107.51932238432488,110.04578062718969,107.2896485179105,108.867431640625,170444300,-0.012432322037501109,-0.03089650968272184,0.08832118880603335,0.02823185723967825,1.072252084105634,-0.030225071952737124,0.0008094728799983649,0.3654271316681166,1,2025-04-30
2025-04-30,Q2,train,208.02050829648644,212.2743425468257,205.40658118436116,211.2009429931641,52286500,464.36947606745446,474.3799741649081,459.697238824554,472.6601867675781,46810600,385.7713570331464,392.0575779640377,379.979364791359,390.673828125,36461100,104.32379376082017,108.76756286621094,103.93434018163836,108.76756286621094,235044600,-0.007388803259198884,-0.019490917753419157,0.05810265788589597,0.004717519800468972,1.0652217526384504,-0.012908446887009354,0.0002262630862922641,0.5118923371354225,1,2025-05-01
2025-05-01,Q2,train,207.80185982414437,213.2483553954001,207.62295230903425,212.0159454345703,57365700,480.5532529218463,484.3009628787672,477.8990181556589,478.8334655761719,43316500,426.1078811300293,431.9196612018972,419.96994327038766,420.4641418457031,58938100,112.92174799120272,114.7791455573913,111.14424029465428,111.45380401611328,236121500,-0.006906254688316071,-0.04976616237380993,0.07352205085690366,0.04970294256116148,0.9099665853649255,-0.006639554314948688,0.00027590030635751676,0.5435495049857069,0,2025-05-02
2025-05-02,Q2,train,204.8301014441782,205.7246085520007,200.9241340864256,204.0946350097656,101010600,483.6647778483157,488.00894827712347,481.9648613296433,485.9412231445313,39218100,426.7305579775838,434.3412277785372,425.0008630376841,430.2294921875,30757400,114.02021557227994,115.23850951002052,113.21135153306962,114.33976745605467,190194800,-0.05320825600514012,-0.08991473830454999,0.07113592184007356,0.07939478608418415,1.3076518903102465,-0.005081692473299986,-0.0015905279827907448,0.34896437167584804,0,2025-05-05
2025-05-05,Q2,train,201.85841873478097,202.85230555245,196.99831280299983,197.6741485595703,69018500,481.7362227016212,486.14003597307794,481.2391774925475,483.058349609375,28309500,427.84743296236513,434.4005103334852,427.0962415401901,431.1091613769531,20136100,112.75199823422923,114.50952981770942,112.50234808238876,113.66072082519533,133163200,-0.08215479853240781,-0.13447626864514273,0.08094065991942834,0.0682547387175505,1.9067148637580944,0.005332203757852709,-0.008012538105323014,0.19907929492295767,0,2025-05-06
2025-05-06,Q2,train,196.9983091053983,199.42338015596505,195.81558138809012,197.2964630126953,51216500,476.7260205679887,482.1835675083398,475.36412148604,478.5650939941406,32786300,427.1852423209488,432.6510771239263,426.1671945058241,428.2823486328125,15104200,111.32400387233044,114.57943650755207,110.6649237860017,113.38111877441406,158525600,-0.07249492540792524,-0.13068996538096467,0.07056017627572186,0.05819955492137008,1.60424035282259,0.016870838645893577,-0.008191587752162588,0.08537516545518213,0,2025-05-07
2025-05-07,Q2,train,197.95242524507103,198.2207789180717,192.0686174137577,195.0502777099609,68536700,479.2310866723673,482.9291041737698,473.9624196873836,480.4438781738281,38006300,428.80620435216304,433.0365428333408,426.1078693467033,428.3218994140625,23295300,112.8918038042742,117.5153219594032,112.12287705585727,116.89618682861328,206758800,-0.09293844965507259,-0.1620210689828523,0.08555045737329181,0.02163311849926086,1.5965635454689036,4.2280707506365304e-05,-0.012358511990568546,-0.10158971184441071,1,2025-05-08
2025-05-08,Q2,train,196.5113045675241,198.82706269335063,193.4898801219913,196.28271484375,50478900,485.6430214704163,489.7883921245775,481.3088015351198,485.4044494628906,39577600,432.8487322038109,438.5221520354275,430.6050816589352,433.0859680175781,23491300,118.084515254596,118.51391379663416,115.68787240644632,117.20574951171876,198428100,-0.08793067061166004,-0.11502133559695837,0.04081356524000801,0.02158954384316636,1.9882319570382756,0.01367122572695554,-0.003549549743687467,-0.2599790628987135,1,2025-05-09
2025-05-09,Q2,train,197.78348851905432,199.3140676367793,196.3324070058388,197.3163604736328,36453900,487.3130565449711,488.63521379310254,483.326774588034,485.0863037109375,27767400,434.8947187750956,435.6261229679929,430.8225275981773,433.6394653320313,15324200,117.18577270674557,118.06454606438504,115.0487681449328,116.48675537109376,132972200,-0.03145212302016975,-0.04656303091110903,0.013351601635623878,0.010851323256266365,2.052879803103813,0.012195294877863588,-0.0031106398782409566,-0.26067107165595493,1,2025-05-12
2025-05-12,Q2,train,209.95526516858175,210.2538252478288,205.75556156059076,209.776123046875,63775800,503.99391286415016,504.88861854839246,498.51649505607935,504.8488464355469,45090600,440.7657862582039,444.155980926374,434.6772567640601,444.0472717285156,22821900,121.79931583574869,122.82787322998048,120.11167839159091,122.82787322998048,225023300,0.016112386184667926,0.005889401906796654,0.0553324350177099,0.050642437154436726,1.9223367393169866,0.00797637912082246,0.007201383202532124,-0.1256816146030232,1,2025-05-13
2025-05-13,Q2,train,209.4178474798385,212.37356332026263,207.99473291206183,211.90582275390625,51909300,506.151126830997,514.3325026354601,505.4155095627927,512.5431518554688,53269600,442.5844751269483,445.4409573721911,440.1925407492767,443.9287109375,23618800,124.8051066300396,131.03637225526788,124.295818189616,129.7481689453125,330430100,0.00304788624082164,-0.016395799296340052,0.09044355219635458,0.10782146274469473,1.903465898064129,-0.0028039171282565442,0.009405700731958589,-0.02857339363489584,0,2025-05-14
2025-05-14,Q2,train,211.40822571910564,212.9109724892217,209.56713314477625,211.3087158203125,49325800,513.7161819509431,516.1616058199734,512.7021901958013,515.6148681640625,47014500,442.940276452347,448.6334230518337,442.940276452347,447.6845703125,19902800,133.01358451331882,135.25045513495294,131.49570747587302,135.1505889892578,281180800,0.010149914294314222,-0.01732737405940943,0.10068248793690848,0.11095320414360521,1.937466767028049,-0.007005010322125386,0.011045717760185923,0.059820393979394273,0,2025-05-15
2025-05-15,Q2,train,209.93535780893237,211.93569971673276,208.53213606160296,210.43295288085935,45029500,513.4676100523011,518.8456125999866,512.125551562593,516.1814575195312,50153300,446.3576953837484,451.7246558325709,446.0210270484144,448.6946105957031,21992300,134.10204362723803,136.10924022234616,132.47433530494334,134.64129638671875,226632600,0.008686231975258973,-0.020309236283054144,0.09240034246310458,0.11271964914676547,1.9230342909755873,-0.010975571976808752,0.012183978835062986,0.09762597759236033,0,2025-05-16
2025-05-16,Q2,train,211.33858120774948,211.54757782116647,208.7610423595207,210.24386596679688,54737900,517.5830873308704,518.6169801912382,514.0441278903378,518.4281005859375,48394600,447.6251542704443,449.9125407132096,444.3376746324017,449.8234252929688,23849800,136.02937003025397,136.15919297953724,133.27323795943153,135.21051025390625,226542500,-0.003217099331625839,-0.03351257422393228,0.09902921695002564,0.12341596588323589,1.7195968962372492,0.001837121637875609,0.011420043530583584,0.05038761340553235,0,2025-05-19
2025-05-19,Q2,train,206.90999202317107,208.4724326946764,203.2775387890809,207.7758026123047,46140500,511.2010686059385,519.442117353632,511.2010686059385,518.9251708984375,52536200,446.4666065174048,455.0913410046994,446.3873726676465,454.3783874511719,21336500,132.20473687113784,135.6798627990254,132.20473687113784,135.3802947998047,193154600,-0.037417756393178125,-0.07226601198874472,0.06273051097215221,0.07892941875511705,1.6024132789195817,0.0012676336437169693,-0.0019572540002512416,0.09168569719127427,0,2025-05-20
2025-05-20,Q2,train,206.67113760639387,207.46729276724128,204.0438362053752,205.8650360107422,42496600,516.4001137065187,517.8515075410328,513.6067220946634,517.1954345703125,42517600,451.13050930908776,453.8535912700005,449.87295142774695,453.6852722167969,15441800,134.10203943343691,134.3916420789913,132.43437861355363,134.19192504882812,161514200,-0.0375838013432771,-0.05662036637881673,0.02811342558474783,0.0122713193964199,1.7209795969931903,0.005515295666125235,-0.004860829833553258,-0.06904367196865953,0,2025-05-21
2025-05-21,Q2,train,204.1831685508297,206.0441693385156,199.74462882701684,201.11798095703125,59211800,513.2190402211261,519.9092488061895,508.21873667770086,510.0080871582031,71292800,450.12052955644793,453.2991005803846,447.38753565613104,448.1401062011719,19216900,132.87378601013486,137.2077087161811,130.40724144628155,131.6155548095703,270608700,-0.03735278988852442,-0.03565739859713202,-0.01256936206307191,0.027173799350442396,1.5983118136533225,-0.005647352110635059,-0.006204456069228668,-0.16040647732686394,0,2025-05-22
2025-05-22,Q2,train,199.74461200022,201.77479312617928,198.7394602788173,200.3914794921875,46742400,510.6245069423915,514.6506220653856,509.2725584046473,510.9625244140625,55607200,450.4967994491365,455.7449090739042,449.4570590917957,450.40765380859375,18025600,132.04495280891254,134.0621302833829,131.36591171623223,132.6441192626953,187344000,-0.037607504438203376,-0.04221042036812994,-0.005507739982720694,0.018651155422368726,1.6062337498023416,0.005615311938859606,-0.0047631379120973115,-0.14702362066483837,0,2025-05-23
2025-05-23,Q2,train,192.738469754576,196.74908474491085,192.52948833207407,194.33078002929688,78432900,503.18864625765127,508.81520128108224,502.5921859799972,506.2305603027344,58368100,445.5754438212613,449.2491205375805,444.5159101158957,445.7734680175781,16883500,129.81807417545411,132.49431639064062,128.97925335315108,131.10626220703125,198821300,-0.05216077451490875,-0.05600973372626111,-0.01967897121799206,0.021351066636872695,1.6791484979263247,-0.0322728482771134,-0.005874928289433857,0.007020318078885246,1,2025-05-27
2025-05-27,Q2,train,197.34620772495165,199.77447409530296,196.4803819774073,199.2470245361328,56288500,513.099785560271,518.6269257716245,511.5490069592283,518.1397705078125,47226300,452.0118507212909,456.43809825868186,451.6553587930952,456.1806335449219,20974300,133.96224703921547,135.47014350181522,133.1234263008756,135.31036376953125,192953600,-0.03953447145924338,-0.04277290859846,0.0017249233713930168,0.004482951750820585,1.4362064393773417,-0.0003116974907362215,-0.004241126495170363,0.08909480898644355,1,2025-05-28
2025-05-28,Q2,train,199.6252046868552,201.7549111726597,198.9385209981625,199.45602416992188,45339700,519.0941399870436,520.5852756508032,515.326559052752,515.8434448242188,46637200,456.7054113344306,457.9926743719098,452.45739496057166,452.8831787109375,17086300,135.83963178227697,137.0579256739289,134.60136161311598,134.621337890625,304021100,-0.028518025588431972,-0.031848124025109836,0.0007160193947447491,0.004967941561647704,1.474054353964345,0.006056197863620717,-0.0028400083316816463,0.12417365977849179,0,2025-05-29
2025-05-29,Q2,train,202.60079553265004,202.8296849960031,197.55517460719432,198.98825073242188,51396800,523.2196247969079,523.3687019543887,514.2628604553026,516.857421875,58513300,457.0321797296883,457.2005290082406,450.8532686393741,454.1902770996094,13974800,142.05093948600498,143.28920975153582,137.71701641280157,138.99522399902344,369241900,-0.02401931217893516,-0.04537471200608456,0.03478525493976492,0.042569262659217344,1.498335005939092,0.0009128601926683873,-0.0009901928208102325,0.0845070625928944,1,2025-05-30
2025-05-30,Q2,train,198.41106448584637,200.98861863398105,195.8335255231089,199.8839569091797,70819900,516.370303138387,517.6029654866918,508.9046747674079,516.042236328125,67662800,455.2200705832806,457.1608768265464,451.0809934148865,455.8537902832031,34770500,138.52585950975748,139.42459384487097,132.73397369059805,134.94088745117188,333170900,-0.012474112401756998,-0.017236074314742056,0.014703418813151181,0.005223694073756224,1.5326120745021297,-0.0006185798800580393,-0.00019680537123480688,0.09902774844599203,1,2025-06-02
2025-06-02,Q2,train,199.31670530145792,201.15781336810343,199.1574712143689,200.72987365722656,35423300,514.18335129797,520.3566750351536,512.9208369697641,520.1181030273438,44762800,452.6653804963421,457.5867035205711,452.41782757710985,457.4480895996094,16626500,135.30038976970178,137.9266987725352,135.21050414256473,137.187744140625,197663100,0.005495636689804906,-0.0033588684827745574,0.03628774175218141,0.02019631596911209,1.5211351495621832,-0.011182483970247445,0.002315930595725866,0.16484825227315456,1,2025-06-03
2025-06-03,Q2,train,200.3815341795081,202.78989241693247,199.99341064507595,202.29229736328125,46381600,520.4659496294596,525.6153304447355,519.6010958649408,524.183837890625,44070300,456.95294554827,459.59682380087423,456.3489007620485,458.4382629394531,15743800,138.5857816307834,141.801276586457,137.75694135463797,141.02236938476562,225578800,0.0036189699343116555,-0.00829763588321697,0.02358154205063978,0.03726512163414242,1.5024205017534231,-0.0017829792457985287,0.0013012053398690972,0.18609541558392595,0,2025-06-04
2025-06-04,Q2,train,201.93404589483336,205.248031062868,201.1279442674136,201.844482421875,43604000,524.8896842213366,526.708886650537,522.8617009643712,525.6452026367188,41359300,459.4582306475514,461.1316908447896,458.4878122988585,459.3294982910156,14162700,141.99100090060617,142.19071794379053,139.3447005567539,141.72137451171875,167120800,-0.00702655829898946,-0.021512515320371572,0.03348737675608493,0.03850684000552751,1.5011850550611865,-0.001957807506825549,0.001178058710191066,0.19376176286871194,0,2025-06-05
2025-06-05,Q2,train,202.521183994692,203.765171611367,199.1872911078447,199.6649932861328,55126100,527.0468212855055,529.8998557728775,519.5712423411791,521.6886596679688,61031200,460.4087959802116,465.0528909924181,459.487906406924,463.1021728515625,20131700,141.97102431113476,143.79846496522654,138.63570246128648,139.79408264160156,231397900,-0.00594641461058365,-0.009283525186879249,0.012684442332590251,0.013874120750360763,1.4929083732480366,0.00024258746225085275,0.0002919593545196053,0.2059607694950029,1,2025-06-06
2025-06-06,Q2,train,202.0236053289331,204.7106157617459,201.07817770068,202.93917846679688,46607700,526.8679353376542,528.6572860020211,525.0885352856423,526.7883911132812,42467000,465.4886174973397,468.7068055435685,464.1914425792919,465.7757873535156,15285600,142.31057053380505,143.0695167658335,141.3119699021351,141.5216827392578,153986200,-0.005539200470375816,-0.019981888737040765,0.03526686510463073,0.02700224146525687,1.5435974396042158,-0.0013878437231126927,0.0013031453890129645,0.19922851856916496,0,2025-06-09
2025-06-09,Q2,train,203.4069099948636,205.0091667110405,199.05793398755327,200.4810485839844,72862600,527.0071545180014,529.2040557008712,525.8838273941709,527.5638427734375,33688700,465.1024554626714,468.7959258262165,464.03300988597726,468.1225891113281,16469900,142.98961854621228,144.7970831461155,141.74136782943543,142.43040466308594,185114500,-0.01555508053553567,-0.03201465768596479,0.030775056082532948,0.014880338022772,1.3074224719228609,-0.0004619076714979514,-0.00010854815963447761,-0.04039205620224847,1,2025-06-10
2025-06-10,Q2,train,199.63513956616535,203.36710243054736,199.605285078082,201.69517517089844,54672600,528.0309052999579,531.7389032205542,525.7644110626619,531.052978515625,40664800,466.5778321078869,468.172058367284,462.3892259287077,466.31048583984375,15375900,142.49031793007975,144.088069701399,141.33193761060437,143.758544921875,155881900,-0.016056228669685813,-0.02123890412798568,0.01828712494427076,0.0022305943222942215,1.5024017392884326,-0.00011470733496324801,-0.00015321182200852252,-0.06752342380352197,0,2025-06-11
2025-06-11,Q2,train,202.5212126953003,203.5164029296752,197.4556980468273,197.82391357421875,60989900,532.4546012685898,533.6077799068673,526.9771544229022,529.2635498046875,53701000,465.4192790589967,470.81594475736864,465.0628173622344,467.9938354492188,16399200,144.4176611881815,144.79716064315863,141.6813000562032,142.64002990722656,167694000,-0.026802771860125363,-0.0325917085144678,0.012672566809851515,0.012380887419397357,1.9269335386976985,-0.00296767095546893,-0.0006498106059994361,-0.2181841174698831,1,2025-06-12
2025-06-12,Q2,train,198.12244911144165,198.71955406677787,196.410720905765,198.2418670654297,43904600,527.9515275399644,531.4805365276557,527.703004925698,530.5062866210938,34104900,470.3702965389571,475.7174632765806,468.88497916047487,474.1826171875,18950600,141.78117540604916,144.80714416503906,141.66133988719625,144.80714416503906,162365000,-0.02402965671684032,-0.037021016151660424,0.029893446129089174,0.011933761845468904,1.9316611543143165,0.001201978772336913,-0.00020585059574761513,-0.08305744460506996,0,2025-06-13
2025-06-13,Q2,train,198.7693188209708,199.4062398916536,194.758703844025,195.50509643554688,51447300,524.5616021772432,528.7268432784747,522.6231138097035,523.8458862304688,55814400,471.746732054574,474.4896074244908,468.13246560456287,470.3109130859375,16814500,142.29048989356696,143.3890329315276,140.6626682408541,141.7811737060547,180820600,-0.031046325613814707,-0.04241721504880536,0.005785145837653549,0.007903136766260976,1.5598574798932003,0.0011610791762338007,-0.0005439247747336546,-0.2739394823500755,1,2025-06-16
2025-06-16,Q2,train,196.35101387226533,197.73432753277092,195.6145677161257,197.4656219482422,43020700,527.3650479728419,532.2062642001805,527.3153555791812,531.1326293945312,37622100,470.5584575569121,475.98482813726486,470.3505215770748,474.4500122070313,15626100,143.159329390418,145.98555166191812,143.00951976951112,144.49754333496094,183133700,-0.021805609574251927,-0.029055915366173357,0.014014959340452049,0.0009967301833568865,1.4695689975935462,0.002726433093047301,-0.00036859163097370003,-0.07044795155756363,0,2025-06-17
2025-06-17,Q2,train,196.2514839890114,197.43576263348731,194.27106541566712,194.6989898681641,38856200,528.5678317630843,530.1782533672921,524.7902396796701,525.953369140625,42180900,470.7466055851971,474.0539088222925,469.4395189734987,473.36077880859375,15414100,144.29781716982143,145.02684191909495,143.58875484653294,143.9282989501953,139108000,-0.025084098400194654,-0.04283699333638946,0.008150068888115425,0.013938482983292255,1.3917916819948974,0.008857688555023746,-0.0004697913978853097,-0.2780846566074152,1,2025-06-18
2025-06-18,Q2,train,194.9975546383106,196.6197193940347,194.13174409281177,195.6344757080078,45394700,526.9673174269449,529.4028511373086,524.2833217813045,525.8638916015625,43983500,473.3211507460615,476.2917855833799,469.8157931767449,475.5392150878906,17526500,143.81845298832403,145.45627108510786,142.9296373487004,145.2864990234375,161494100,-0.004644234803856673,-0.02840575953627411,0.017338149828969862,0.002430662783560189,1.4337589704587153,0.0014660877463471603,-0.00018549873563002088,-0.07187636195477563,1,2025-06-20
2025-06-20,Q2,train,197.28649906078425,200.7298484455588,195.9131318065836,200.03321838378903,96813500,529.1146401876316,530.4069457539052,521.7782471531975,523.7167358398438,61643500,477.50979012623617,478.72773115460745,472.2022397987241,472.72705078125,37576200,145.2565234707711,146.00552584195606,142.46024490398213,143.65866088867188,242956200,0.02183443826097209,0.014536568515993442,-0.005500377801707479,0.004861490461713358,1.7236585916480103,0.0071026355228642575,0.00024288627384848468,0.03182864209267581,1,2025-06-23
2025-06-23,Q2,train,200.6602023375907,201.3269779408771,198.00304635957568,200.53082275390625,55814300,524.2849177292203,529.6192118620138,521.1400908129034,529.1017456054688,50666100,473.52910172023695,482.97572926336846,467.8849134818946,481.2428588867188,24864000,142.31046402404658,144.58743022935184,141.84108794116847,143.97824096679688,154308900,0.01567315300463279,0.0063362360931810136,0.019370133766165476,0.007747898047546942,1.5776671340990085,0.000542936907632501,0.0009125787247146943,0.1645150049111739,0,2025-06-24
2025-06-24,Q2,train,201.61557243039425,202.46149014710028,199.23706853700068,199.3365936279297,54064000,534.3165868287479,538.1083222601969,533.6995634797794,537.1927490234375,45442000,484.1640031375646,487.0356109071577,482.0350238939456,485.3126220703125,22305600,145.36637857516104,147.76319531946535,145.3064608232896,147.70326232910156,187566100,-0.0019348812182828912,-0.013065299235557992,0.022540222825943257,0.0007098782338728071,1.329423700821414,0.00011038422323093845,0.0005795074326297355,-0.08200598537526363,1,2025-06-25
2025-06-25,Q2,train,200.48105886821315,202.690382284235,199.65504919597095,200.5905303955078,39525700,539.4618726543914,540.7058813321303,536.7947253384327,538.566162109375,44804200,487.223778215148,489.7191008453804,484.5997232276066,487.4515075683594,17495100,149.0714471780808,154.24454949233478,149.06145072732096,154.104736328125,269146500,0.006278918739292205,-0.019976425926747865,0.05023616446639334,0.040937490430827506,1.35039184621463,-0.007522795095523091,0.0011929160901235452,0.023320442159980907,0,2025-06-26
2025-06-26,Q2,train,200.4611428555203,201.66532960796235,198.50063224789568,200.03321838378903,50799100,540.7456895311693,544.0497840014915,538.9245044882573,543.6019287109375,43811400,488.15453290095326,493.1650012559548,487.9861836300842,492.5807800292969,21578900,155.77252682686714,156.51154803915952,153.79516469048193,154.81381225585938,198145700,-0.011246735888570392,-0.028221672324169722,0.0507061687804411,0.02973974190226114,1.1504034917328907,-0.0008832555218897975,0.0012099320808371958,-0.05492313581365562,1,2025-06-27
2025-06-27,Q2,train,200.91894034324127,202.24254507531293,199.03803155248616,200.1128387451172,73188600,544.6369129629151,547.3538082383178,541.9299187322695,545.4629516601562,57577100,492.6797975508017,494.4126679494895,488.2040517426954,491.0855712890625,34539200,155.83244416127852,158.4989061985097,155.05348286000648,157.54017639160156,263234500,-0.041124822620476564,-0.06733387051024786,0.06773190620637604,0.057793112259365786,1.1499177099977793,0.00014178145757478978,2.202932855224348e-05,-0.21928297018731618,1,2025-06-30
2025-06-30,Q2,train,201.03834688076608,206.39247448465787,198.30157410241037,204.1831512451172,91912800,548.6177271894713,550.150323841353,546.3785118204822,548.9959106445312,45548700,492.174794746513,495.8583832017286,490.4815111095117,492.5411682128906,28369000,158.18928922556665,158.4489531245615,155.7525477292889,157.77984619140625,194580300,-0.01938658319469888,-0.041454857821602076,0.059668160101287615,0.07238161067271864,1.4118370277429244,0.012212387684444733,0.0011630738519034388,-0.13376141736167207,1,2025-07-01
2025-07-01,Q3,validation,205.6759415551798,209.17901505124104,205.1484920031366,206.82041931152344,78788900,547.0950210069877,548.0703649871544,542.0493151839511,544.3681640625,56166700,491.61036068604886,493.1748817381986,486.1741086010328,487.2336120605469,19945400,156.0820975676339,156.99089075003695,151.288494680634,153.09608459472656,213143600,0.024186417167639584,0.017308939273431245,0.02023472266734927,0.03255293996115394,1.3897307572819186,0.014180218803340762,0.0017504410791472455,0.06438648600935677,1,2025-07-02
2025-07-02,Q3,validation,207.90517762155156,212.3138626915596,207.13887695509675,211.41819763183597,67941800,543.5421378206258,548.3589656247289,543.5023514145969,548.159912109375,36538300,485.1937811955959,488.6694336459704,483.9164299655294,486.2830200195313,16319600,152.77652287552658,157.3903883520798,152.76654166200262,157.0408477783203,171224100,0.036165452009906396,0.045651172649257776,0.00832778246382293,0.021449836893926433,1.490867393983813,0.008963066842696765,0.002468987672816884,0.1929426019483885,1,2025-07-03
2025-07-03,Q3,validation,211.1295823572572,213.6175577099725,210.7912213537831,212.5228576660156,34955800,550.528547956803,554.5292991491806,550.528547956803,553.553955078125,26443500,488.9764203666982,495.2345653483035,488.6100468852986,493.9571838378906,13984800,158.15934077500395,160.76586971787668,157.56014800239086,159.1280517578125,143716100,0.04413026334160097,0.04710705201573051,0.01533077397706839,0.025073007497840694,1.4832429714759505,-0.024699624620602503,0.003315091281860204,0.3185785499158224,0,2025-07-07
2025-07-07,Q3,validation,211.65703516300363,215.18996325511677,207.7957076824449,208.94017028808597,50229000,550.8668816007689,551.682958457329,546.9457644201566,549.384033203125,45349300,492.5114761959092,493.86806132382594,490.3825271883607,492.84814453125,13981600,157.98955517353815,159.09807923203843,157.13069855849747,158.02951049804688,140139000,0.0369232314207486,0.04076415634136599,0.0033476137895455116,0.0004830458023110662,1.556773536073181,-0.005637907939988231,0.002341802775337487,0.29540311267298874,1,2025-07-08
2025-07-08,Q3,validation,209.08945658408672,210.4130461204056,207.4473837253886,208.9998779296875,42848900,550.7276203014773,551.3546055319305,548.4585193260065,549.692626953125,36153300,492.37280697303856,493.3234318678901,489.2734398258723,491.7588806152344,11846600,159.11806346268276,160.00687898854957,158.17931139836438,159.78717041015625,138133000,0.02232115223902298,0.018023204902468004,0.005567021103927372,0.0143105791072764,1.5968648310927476,-0.005980680007629928,0.0010256795880103323,0.211625236486385,1,2025-07-09
2025-07-09,Q3,validation,208.52219391164948,210.31353924447487,206.22330706177223,210.12445068359372,48749400,551.8222657361728,554.957191559505,550.448875446199,553.5838012695312,43045500,495.40288075164045,501.8194631786975,494.8483646402868,498.58148193359375,18659500,161.0055497766517,164.2012901564699,160.9456320255445,162.66334533691406,183656400,-0.0009536889874526278,-0.026915776203019104,0.0428911396756827,0.03920146229707444,1.7613744297716925,-0.002116887629069576,0.0007879203630284264,0.2331802205597846,1,2025-07-10
2025-07-10,Q3,validation,209.49748097232364,212.45319704499605,209.0197939340788,211.3883514404297,44443600,554.2208201829343,554.6288283109999,550.1006487780387,552.7877197265625,34710900,498.12592881176073,499.50233742843255,492.877819466512,496.5713195800781,16492100,164.10143771292147,164.28119097215313,161.3950357038234,163.88172912597656,167704100,-0.008583612164158594,-0.032500260850957585,0.03235908950553612,0.022404139091958708,1.7204003676292385,2.8497808480563277e-05,-5.777808963075292e-06,0.20755651276877574,0,2025-07-11
2025-07-11,Q3,validation,209.55718962168865,211.1096837700706,208.8505979590809,210.14434814453125,39765800,550.6479296881262,553.1259849885996,549.4039211443059,551.5436401367188,39618600,493.5907782355643,500.0865639242522,492.9273231662245,498.393310546875,16459500,163.50223698698784,167.66668863474402,163.25256951238498,164.7006378173828,193633300,-0.007560130832465317,-0.03319193204870852,0.022000149914749856,0.02603871589415907,1.8456237778236098,0.0030441473411351792,-0.0004711337423728316,0.16094614996752105,0,2025-07-14
2025-07-14,Q3,validation,208.92024318716173,209.8955403849565,206.54173953773957,207.61654663085935,38840100,551.3346156245823,554.2804496744797,548.9859421113066,553.5440063476562,36453300,496.61090454240406,499.0369350196072,496.1257105345073,498.0962219238281,12058800,165.15003478890583,165.2698855378492,161.80449980139463,163.85177612304688,136975800,-0.013907008822661826,-0.030080625266944327,0.023745684238603015,0.02619443370810126,2.02377183720882,0.0018094729801493143,-0.0002751005964976739,0.1566875526418928,1,2025-07-15
2025-07-15,Q3,validation,208.2136890556617,210.87084499335575,207.9151289669034,208.10421752929688,42296300,557.5646843377589,558.112036002509,553.9918647207423,554.0515747070312,43277700,498.0962248562551,503.3245408608939,497.8684955298327,500.8688354492188,14927200,170.96229989605533,172.17068192225182,168.97494134085255,170.4729461669922,230627400,-0.012215250160541369,-0.04698560990741141,0.04270015094321078,0.0483498074547315,1.877269456859015,0.000923359405257871,-0.00024710557409013677,0.15532116259606904,1,2025-07-16
2025-07-16,Q3,validation,209.28849593835915,211.37838618562168,207.63647661047767,209.149169921875,47490500,554.6089344039383,557.5248833529374,548.9163193085661,554.6188354492188,52314700,500.2351418346736,501.760076321519,496.97736708309617,500.67083740234375,15154400,170.83247408910898,171.52155877211666,168.67534340451817,171.14205932617188,158831500,-0.006511140854796649,-0.03279889639674449,0.02815745291624583,0.04793370619127302,2.1114342231939185,0.0005697596620633766,-0.00020524044643697444,0.06952885882195908,0,2025-07-17
2025-07-17,Q3,validation,209.5571995447156,210.78127919114968,208.5819022531988,209.0098419189453,48068100,555.3453881761403,559.6148040205102,554.5392729959415,559.1072387695312,40423800,500.7302212088446,508.34495123446135,500.6708109272005,506.6913146972656,17503100,171.7911900263939,173.92834287299638,170.60277047944578,172.76988220214844,160841100,-0.02268393777652289,-0.04855930226215266,0.03730745463064,0.033855426310289705,1.510236047607143,0.0013454526913875345,-0.0007092687514655825,-0.09039057750866118,1,2025-07-18
2025-07-18,Q3,validation,209.8557390930104,210.77131219576944,208.69136845628208,210.16424560546875,48974600,560.4208944407413,562.0231629422733,557.2959302535468,558.56982421875,50484700,509.4440336050126,509.60250130270686,502.463054063605,505.0574035644531,21209700,173.40903901870553,174.01822826089457,171.03219980516573,172.18067932128906,146456400,-0.012644441552191577,-0.029298883492120176,0.02939356822246464,0.0320448312150865,1.7569106122222042,-1.0027476491229657e-05,5.888885812431729e-06,-0.112707645751153,1,2025-07-21
2025-07-21,Q3,validation,211.07984586548804,214.74213848423943,210.61210526026528,211.4580078125,51377400,559.3958338406302,563.3467757995568,559.365948479278,561.4658203125,39595200,501.7501372202775,507.0775109565722,500.6014880788464,505.0673522949219,14066800,172.52022673163836,173.1493936504508,170.7725543913757,171.1520538330078,123126100,0.004191590988669391,-0.010772179615073041,0.02927485314460987,0.03055860712300351,1.669118859239082,-0.00039692811930219524,0.0013336579456763057,-0.01665044299124745,1,2025-07-22
2025-07-22,Q3,validation,212.1148250502387,213.91611676733493,211.20919838168209,213.36875915527344,46404100,561.5952444003194,561.6449925970527,555.9325146805868,558.5598754882812,43270600,505.968437121084,506.1961966744728,500.32421875,500.32421875,13868600,171.1120799535818,171.16201649130318,164.36107758832912,166.8078155517578,193114300,0.01716065148196555,0.03659118233290526,-0.011293561321281897,0.02041243473757426,1.514898723357549,-0.002736779641797224,0.0014084637060378382,0.08340361580842459,0,2025-07-23
2025-07-23,Q3,validation,213.96589762082587,214.11517007989065,211.38835859165647,213.11997985839844,46989300,559.6447408565938,561.1474524289769,556.8979597699224,561.107666015625,40215300,501.78972599996087,501.8293429250601,495.79895793496456,500.9183349609375,16396600,169.30451898143798,171.03221376466186,167.7465962646817,170.5528564453125,154082200,0.007285918316797257,0.020459759471017025,-0.0014742194470871994,0.00393710266328029,1.6155981463420206,-0.0017230392553184142,0.0008452042857047699,0.02880594046795155,0,2025-07-24
2025-07-24,Q3,validation,212.87118332406595,214.65258233290425,212.5029677996749,212.7318572998047,46022600,562.4212388074466,563.5259038068097,560.590031519654,562.3018188476562,42275500,503.7900015885669,508.6420329312165,502.3343891638857,505.8793640136719,16107000,172.21065238052367,173.5988030318276,171.07216922217725,173.50892639160156,128984600,0.012094131269116737,0.01647026476874025,0.001337582683260452,0.005880077943634543,1.6284414697402034,-0.0020483258631860857,0.0007848264226494884,0.06561693661933052,1,2025-07-25
2025-07-25,Q3,validation,213.6673206036272,214.2047317845148,212.3735703810196,212.8512725830078,40268800,562.2222340881906,564.9789766749151,561.5654242523398,563.6553344726562,30630800,507.4537883180946,513.216827976129,505.364456023215,508.68170166015625,19125700,173.3790803717594,174.4876045602178,172.72995103806022,173.26922607421875,122316800,0.0036808466328148715,0.006036301212506312,0.00674906563140143,0.0008538931610531098,1.6266322876671706,-0.002783945253717013,0.0004716505508751482,-0.053176964092390935,1,2025-07-28
2025-07-28,Q3,validation,213.00055398053095,213.8166172208377,212.03521828670327,213.0204620361328,37858000,565.0187630549528,566.3125198933016,564.1529379000713,565.4168701171875,31498700,509.0480107678364,509.9589885432546,505.12675096242896,507.48345947265625,14308000,173.78854323017163,176.7645753161742,173.73860668662087,176.51490783691406,140023500,0.000351931048903964,-0.01066983743200467,0.018058794888835772,0.026550124500986705,1.012091774235003,-0.0017618423407133777,0.0002703000343604277,-0.06925464041872995,0,2025-07-29
2025-07-29,Q3,validation,213.14982178903043,213.7767964509494,209.80599741985404,210.2538299560547,51411700,568.0243008153843,569.3678058353573,563.8145950597007,564.5410766601562,45463300,510.4838436674275,512.5533521818816,506.5526719682665,507.55279541015625,16469200,177.72328828972238,179.14139760883538,174.7871965738649,175.2765350341797,154077500,-0.025307060635089473,-0.04720735913050522,0.032608552765643006,0.03632153586161868,1.6216427993911644,-0.001140524978624783,-0.00041337442442023424,-0.30776569112818375,0,2025-07-30
2025-07-30,Q3,validation,210.88077731884883,211.3684259373732,206.720889966108,208.04449462890625,45512500,565.4566306884598,567.88493787487,562.3416283337683,565.2974243164062,43433800,510.12728763864055,510.8996816885534,504.4533945708925,508.2161865234375,26380400,176.27521653092245,179.65072563032518,175.80584046425426,179.03155517578125,174312200,-0.03128209624306566,-0.055956140228369367,0.03214098581223035,0.03514408205981079,1.8349586568385448,0.000263864998481838,-0.0009156185053928194,-0.36777655914912055,0,2025-07-31
2025-07-31,Q3,validation,207.48719786288635,208.8306954413449,206.16359315375277,206.57162475585935,80698400,571.7861083195327,571.8757036606775,561.1672684870435,562.3018188476562,64613600,549.7952354974353,550.0131135040644,526.6936395202101,528.2779541015625,51617300,182.65671589592668,183.05619299307685,175.69598557745124,177.63340759277344,221685400,-0.02895773403258395,-0.06298150767426303,0.03402377364167908,0.02050554138260008,1.9468836447120583,-0.02112436056539925,-0.0007470768383351654,-0.42347044208303675,0,2025-08-01
2025-08-01,Q3,validation,209.8557561748323,212.5527283441607,200.530828701964,201.40660095214844,104434500,556.1514446022372,556.3405363278684,549.0356915374143,551.2251586914062,69400800,529.7632164041114,530.5553736121248,515.7616096000787,518.9797973632812,28977600,173.85844036702034,176.3051785902702,170.66269971388826,173.4889373779297,204529000,-0.031715601127237925,-0.0645247511248992,0.010756354572812876,0.01897664075438321,1.3465239927198984,-0.05823653919671538,0.00022620314869304457,-0.4749041624118309,1,2025-08-04
2025-08-04,Q3,validation,203.5263267271778,206.8801277700508,200.70993685491413,202.37191772460935,75109300,556.3704570702163,561.6152173589087,556.2709606680011,561.396240234375,47669800,523.0990575737549,532.9813491761439,522.9604134562841,530.3969116210938,25349000,174.9270158880054,179.96030526461158,174.28786778877773,179.7605743408203,148174600,-0.04287745111649299,-0.08175767523086352,0.03176931162606933,0.02676363870630105,1.028556026503205,-0.02308915495150325,-0.0010929887591985747,-0.5145581730626418,0,2025-08-05
2025-08-05,Q3,validation,202.42165671427043,204.35232790405936,201.18763073057525,201.9439697265625,44155100,562.6799876518158,563.8443626007596,557.047083143738,557.5845336914062,48666600,531.9218555369729,532.0406760929504,522.0791498987046,522.5841674804688,19171600,179.38107983649965,180.0202279532499,175.6660266458598,178.02288818359375,156407600,-0.027200516595182522,-0.06216502757209286,0.022642036570078572,0.013946699328214684,0.9023118269534264,0.005599532248707314,-0.0005674294027458785,-0.3988822157564301,1,2025-08-06
2025-08-06,Q3,validation,204.64097466073488,214.3440795363061,204.601158547166,212.2243194580078,108483100,558.4205125100245,565.0386624956789,557.9428326498341,564.6007690429688,41823700,525.70337986457,526.4955370830186,518.9006307843745,519.8016967773438,21355700,176.09546439011424,179.66070799076476,176.01556896990587,179.1813507080078,137192300,0.021323383324960532,0.008274453748871924,0.011816560130429199,0.021959722159842432,1.9096954413919496,0.019951754072999095,0.00039983477106147737,-0.12115807104157046,1,2025-08-07
2025-08-07,Q3,validation,217.82723230897545,219.78775818606877,215.53829184895108,218.97169494628903,90224800,568.9298809926769,570.5719965866228,562.4013265086303,566.5115356445312,44463000,521.6434435727333,522.9208551796034,512.483986539974,515.7418212890625,16079100,181.32851054269395,183.6354356942093,178.5621905082108,180.52957153320312,151878400,0.05254136663646247,0.06374095582359895,-0.0037130105281840686,0.04003434602944034,2.133589064228345,0.03546008317269337,0.001490287214729868,0.0013625252081477025,1,2025-08-08
2025-08-08,Q3,validation,219.7678474336444,229.88892965735025,218.1954451401473,228.2468719482422,113854000,567.7157577691117,572.0150586353669,567.4172078636645,571.7960815429688,35255500,517.4845698020915,519.524403327164,514.3257923084495,516.9300537109375,15531000,181.3085211979325,183.05619350177665,180.16004168373897,182.4569854736328,123396700,0.09594555931635496,0.10939272261480681,0.023871385260538558,0.05564189747267578,2.358247771815655,0.1178403723570598,0.004893399796310925,0.2869466054452285,0,2025-08-11
2025-08-11,Q3,validation,227.08116933177635,228.71513292468896,223.9327956372812,226.3438873291016,61806100,571.9354554685915,574.0353274481827,568.8304148017489,570.104248046875,33112900,517.1875615378566,522.4258201385037,514.6327984158801,516.6627807617188,20194400,181.80785936297343,183.59547178906817,180.01025048518693,181.81784057617188,138323200,0.10294368046979607,0.12567981171165898,-0.007224791499251704,0.03733854230335143,2.381892889232524,0.0004504494973447899,0.003543790092040645,0.2935319699125804,1,2025-08-12
2025-08-12,Q3,validation,227.1708458950812,229.95058632959717,226.2343181614284,228.8048095703125,55626200,572.4031383383943,577.568264258411,569.7459530883017,577.2697143554688,42143300,518.6233183732385,525.7825288027884,517.5836082950698,524.0595703125,18667000,182.7166509044063,184.234618174838,179.22130626788388,182.9163818359375,145485700,0.0977069611403909,0.1178557062868335,0.01515564275280501,0.024664720133587448,2.188182554312237,-0.014131214499847325,0.005573986642782119,0.4116561748143271,1,2025-08-13
2025-08-13,Q3,validation,230.2195756343437,234.1351043372746,229.5819165003467,232.47125244140625,69878500,579.9667330931853,580.5240464797514,576.165035771658,577.558349609375,41209300,526.9014833945702,527.4857348349631,514.2861971986356,515.484375,19619200,182.3770937521473,183.72530422356277,179.11145412417423,181.3484649658203,179871700,0.07245346600022362,0.09350904299437152,0.001894410460474505,0.020400239483490012,2.109151764162002,0.009818704432987428,0.0039459692523472365,0.3548928695673201,0,2025-08-14
2025-08-14,Q3,validation,233.1985666998313,234.25466305951576,230.0003892485326,231.92327880859372,51916300,575.5083270283026,579.091047893356,575.1400445589929,577.110595703125,45425000,517.445017549053,520.8018496782777,515.0487221853349,517.3657836914062,20269100,179.51090820642335,182.7765629312542,179.22130065055427,181.77789306640625,129554000,0.04043795142439022,0.054115514260161146,0.005031782679206009,0.0037659864718102565,2.1228721536305004,-0.010827926247627833,0.0019045539471107113,0.24107578205181732,0,2025-08-15
2025-08-15,Q3,validation,233.1387895567921,233.417757832359,228.4959365092947,230.73765563964844,56038700,577.0209239007323,577.060771050305,572.811218330625,574.57275390625,49480200,517.6530169939211,520.9503786133035,513.9991332111027,515.0784301757812,25213300,181.6380820439347,181.658044469753,177.8031781362909,180.20997619628903,156602200,0.006056620439662819,0.018861295807661604,-0.007948621867617134,0.008733320794930055,2.4632479140510144,-0.0013430518033440682,0.00031264623721734465,-0.0015165175118860396,0,2025-08-18
2025-08-18,Q3,validation,230.8472538899505,232.26202593201924,229.26310933608104,230.0402374267578,37476200,573.67703945311,575.0006815724842,572.4827790837365,574.3438110351562,29831000,516.4844919382945,517.7024328589179,508.9885829187347,512.0383911132812,23760600,180.359785616326,182.69666946783065,180.3497891649352,181.7678985595703,132008000,0.008894212487193576,0.020943272476558694,-0.004612590251057314,0.008675817288435583,3.0894846327342034,-0.006648237860592742,0.00037456665497037964,-0.02450350890804181,0,2025-08-19
2025-08-19,Q3,validation,230.4287923573085,232.01293684851592,228.50590285589897,229.71144104003903,39402600,573.6272360152775,573.7964041556768,565.5262384524466,566.5513305664062,53752600,509.9589996924715,510.1174069638556,503.5721224631474,504.7801818847656,21481000,182.1873495042791,182.25726371442747,175.25659293377495,175.40638732910156,185229200,0.022529842747525786,0.042885229463084706,-0.0389227626275791,0.0042684377639863325,2.6265157515992974,-0.001478603784842664,5.669199866320761e-05,-0.15334852169208193,0,2025-08-20
2025-08-20,Q3,validation,229.13358225147155,229.6217843388592,224.939085159242,225.17819213867188,42263900,565.6059676042936,565.7253875756548,556.1614636230435,563.1876220703125,76781100,504.87920872605446,505.9981527246316,499.5023667236012,500.7698364257813,27723000,174.93701244991922,175.76591033294957,168.57548977611862,175.1667022705078,215142700,-0.006490017620893407,-5.546501801217962e-05,-0.03131641527317591,0.005542686643469463,2.5614169268570772,0.010198863856186399,-0.00011629164296032408,-0.4211903627236541,0,2025-08-21
2025-08-21,Q3,validation,225.43723377620464,225.6863136691638,222.95639256938463,224.072265625,30621200,561.6450181787756,563.774775630925,558.2911756152315,560.5802001953125,46436900,499.57962247206007,503.48747238505433,498.6175369804135,500.1251220703125,18443300,174.61742144674352,176.66468235557974,173.57879631630271,174.7472381591797,140040900,-0.005208393153334212,0.0021487829708462525,-0.0360005516416107,0.0053532415012474965,2.286176026905785,0.017092700853773058,0.00010364511442955807,-0.4612376609415338,1,2025-08-22
2025-08-22,Q3,validation,225.33760837029212,228.2468598588307,224.58041092619504,226.9217529296875,42477800,561.9634564557491,571.238791941298,560.5702032580724,569.2284545898438,51502100,500.135066677745,506.5621975190336,498.3100856343386,503.09075927734375,24324200,172.38040151215634,178.35244288234992,170.97227338198675,177.7532501220703,172789400,-0.0072364963750609634,0.0019151897086988612,-0.018453030917939484,0.00964091119246735,1.263300669600782,0.005200472076730095,-0.00016351725939806906,-0.27725369425992186,0,2025-08-25
2025-08-25,Q3,validation,225.6464693442017,228.456098045362,225.3973894325087,226.323974609375,30983100,567.6659983001664,570.5420998652211,566.4318908111547,567.5863647460938,34044700,502.4956437530773,504.0429109301173,500.00611695670057,500.1449890136719,21638600,178.11278178635797,181.6680441727565,176.33515059315872,179.57083129882812,163012800,-0.004389330931399149,0.0015025478204264142,-0.017657386030267952,0.011140346563481951,1.227493262880832,0.008031866324044833,-6.198583130325929e-05,-0.17913307476328044,1,2025-08-26
2025-08-26,Q3,validation,226.0350268937484,228.6453946309622,223.86305742355088,228.46604919433597,54575100,567.0987738406898,570.1739291946637,566.0736815609588,569.8654174804688,34103000,500.2441292309945,500.8590951140394,494.4418926777319,497.9430847167969,30835700,179.82049655621498,182.14739921043056,178.57215920342722,181.5282287597656,168688200,-0.011271128315164747,-0.016099649869398935,0.010678100816097769,0.048445605746438636,1.3833902498412352,0.0006320286107987139,-5.113210734742519e-05,-0.03655708305948078,1,2025-08-27
2025-08-27,Q3,validation,227.7686378094015,230.050203138926,227.41991984776428,229.6417236328125,31259500,568.8503542214644,571.6567843025553,567.6361701841732,570.7412109375,36927100,497.90339657266526,503.1502356611414,495.82052770461,502.6047058105469,17277900,181.7379436715125,182.24727507184863,178.86178472902657,181.35845947265625,235518900,0.00641001242397321,0.0003162716346657435,0.019505947612000196,0.031683700707086926,1.1914327781656824,-0.009674989616267747,0.00019088700442227384,0.27480389405206,1,2025-08-28
2025-08-28,Q3,validation,229.9704999102399,232.55096405412047,228.4959359400532,231.7040863037109,38074700,571.3582297430389,575.2295992365423,569.7161747720991,574.3140258789062,46787900,502.9518399416591,506.919197559233,501.3748189208979,505.4810485839844,18015600,180.5794881684096,184.22462699678687,176.17535050737845,179.9303436279297,281787800,0.009560334218238209,0.013874760388449814,0.020184879511310316,0.018951412783581256,1.2049649497419856,-0.012054824242609655,0.0007276011426109025,0.46030750269331255,0,2025-08-29
2025-08-29,Q3,validation,231.65426265633036,232.52107103838583,230.51845893056876,231.2856292724609,39418400,571.9055458127416,572.273828233091,565.8148847062891,567.666015625,56030400,504.5090702372647,505.44140176386463,500.3730863144936,502.5551452636719,20961600,177.87308356836775,177.91302365652732,172.91967451951007,173.94830322265625,243257900,0.021975590082996432,0.030465966971258307,-0.011235213257992427,0.02034113273034166,1.0916640538441984,-0.005616975274956213,0.0005735769957880023,0.3370792305785791,0,2025-09-02
2025-09-02,Q3,validation,228.4062708029861,230.00038826150748,226.1346633063032,228.87454223632807,44075600,558.6195355636612,563.2571726003424,556.8580000613789,562.9088745117188,65876800,496.38587753866574,501.87074834041937,492.75574161607386,500.9979248046875,18128000,169.77389508693437,172.15073449446965,166.997593786357,170.5528564453125,231164900,0.01951056178010735,0.03552665256783055,-0.024257110172442642,0.05192497446519606,1.120071236273709,-0.0020933583609918155,3.0364820594675997e-05,0.3170059816479335,1,2025-09-03
2025-09-03,Q3,validation,236.33697373754435,237.9709372370204,233.49745685978084,237.5923309326172,66427800,566.5015849549442,568.9597775003773,564.0135677896833,567.3375854492188,54230200,499.6788070917271,503.6461649084089,498.220801883355,501.22607421875,16345100,170.83246833565184,172.18067877773825,168.6553752976972,170.39305114746094,164424900,0.04438173943570278,0.06731999830192409,-0.027374099248370143,0.06793440231286663,1.8824022640597897,0.008086639272649302,0.0006987181269222339,0.2714636861493313,1,2025-09-04
2025-09-04,Q3,validation,237.5723998534893,239.0170601981439,235.8687018920251,238.8975067138672,47549400,568.0044307011564,572.8411221194266,566.302665614699,572.472900390625,47526300,500.18467308127,504.00326140342247,499.04406365219614,503.8247375488281,15509500,170.34313981864827,171.6314173426514,169.18467902530818,171.4316864013672,141670100,0.03727121346076667,0.06645943539292404,-0.026154115720901816,0.05716306755526068,1.5845537259937128,-0.003589117731433819,0.0005619701351191127,0.21321668088487833,0,2025-09-05
2025-09-05,Q3,validation,239.1167179897741,240.43186723598092,237.61228077870243,238.807861328125,54870400,577.7076484747704,578.3346336864022,568.7906334517568,573.2988891601562,68342500,504.9157608525771,507.7920894589463,488.3520284612672,490.9605712890625,31994800,167.8065026792569,168.80517258283567,163.8517783946414,166.7978515625,224441400,0.03242638882365134,0.08151512012670159,-0.05085629516708179,0.04426047680548262,1.5992406921452071,0.0026996817770119255,0.0003673222349088737,0.10580568863643543,0,2025-09-08
2025-09-08,Q3,validation,238.41928864081729,239.2661511981365,235.4701758698508,237.0045166015625,48999500,575.5977945125156,578.0559870759845,575.0006946855148,576.0953979492188,46371400,494.0451377441344,497.1099483047291,490.990285532587,494.1344299316406,16771000,167.32715219255022,170.73262035939155,167.12742125141602,168.0861358642578,163769100,0.009877320734956063,0.049954730591555974,-0.025228216682796845,0.016944826086702003,1.9743949571437869,0.000949742993764826,0.00018591786538730816,0.0680803102536436,0,2025-09-09
2025-09-09,Q3,validation,236.12775932745956,237.901207105354,232.5011563745861,233.48751831054688,66313900,576.8915995273586,578.155531799883,574.2742003720782,577.7276000976562,44007600,497.33805669614713,498.1513723235736,493.6385148559322,494.34271240234375,14410500,168.86509051949955,170.7525760297424,166.51822538667548,170.53286743164062,157548400,-0.006170223247499829,0.02685559897268225,-0.0067005566986682585,0.013166710830431527,2.1951391302754035,0.008035016239210312,0.00026951032794366147,-0.053932311977517675,0,2025-09-10
2025-09-10,Q3,validation,231.3354573908009,231.56460664903227,225.118417424808,225.955322265625,83440800,580.9420329124574,580.971918274203,575.7769069667078,577.9166259765625,49308000,498.8754600894228,499.1234199731124,492.6665349159027,496.2867431640625,21611800,176.4050468150653,179.05151589898875,175.2366048852674,177.09413146972656,226852000,-0.06762570780181854,-0.06371523764488057,0.014736347537975092,0.049181689913803894,2.73138590976032,-0.034762345833962274,-5.4887710909630444e-05,-0.27698123758824106,1,2025-09-11
2025-09-11,Q3,validation,226.04500979013488,229.60186307827533,225.81584532196928,229.18341064453125,50208600,580.4444560297375,582.0766099053841,578.8322257294989,581.2804565429688,44745800,498.15138006137016,499.0638857033828,493.8170463660224,496.9215087890625,18881600,179.45110250300584,180.05034427267074,176.2551819566126,176.94430541992188,151159300,-0.056047296913038114,-0.049889547522220135,0.009227356430495048,0.04585800708330534,2.755767884425787,-0.0020313589511806447,-0.0002620497539339336,-0.19536985828339679,1,2025-09-12
2025-09-12,Q3,validation,228.37638560886936,233.6469097348115,228.17712472443904,233.2085418701172,55824200,582.2357922273038,585.0422828265267,581.3002953608963,583.8480224609375,50745900,502.5154742767582,508.367321245748,499.73833579713096,505.7389526367188,23624900,177.5435664999128,178.37251110105626,176.22524055900428,177.593505859375,124911000,-0.041847721115708336,-0.0708589321757096,0.04741196762911837,0.03462202817289062,2.8952473535633807,-0.0038133942999504546,-0.00027372951996006855,0.0032235004543671674,1,2025-09-15
2025-09-15,Q3,validation,236.1277410783948,237.31336381412063,234.1649902844441,235.82884216308597,42699500,585.6195335974215,588.9534523182087,585.4702282697297,588.843994140625,44360300,504.6379958107742,511.26344571936806,502.8625947427051,511.15435791015625,17143800,175.44622258887705,178.62217970015598,174.28769658655634,177.52357482910156,147061600,-0.027089871513926278,-0.05025574077015715,0.04529518366628982,0.021702522456560125,3.8264528236963127,0.00048702462165034103,-0.00012321033610510746,0.05877662159868098,1,2025-09-16
2025-09-16,Q3,validation,236.30708253667356,240.3322223551857,235.45026224943368,237.2735137939453,63421100,589.7695130089575,590.018314719858,587.6596793599289,588.3463745117188,36942100,512.6619733694059,513.0090929577493,504.449544036503,504.8859558105469,19711900,176.77453647764895,177.27389957504343,174.15787872389456,174.65724182128906,140737800,-0.002165264087406804,-0.006541529186210315,0.022756509373557776,0.0028574150790996455,5.542898055334093,0.004925206372289776,0.00039532294939387296,0.19615434314735417,1,2025-09-17
2025-09-17,Q3,validation,238.09049720761,239.21634322602875,236.85505542454317,238.1104278564453,46508000,588.2667613743852,588.9136701422223,581.5690385221046,587.1720581054688,69384800,506.4530503919847,507.1175961354426,501.8013209933917,505.8579406738281,15816600,172.42008695754546,172.97937117956877,168.1954794867923,170.0730743408203,211843800,0.03777911912655729,0.06397443017752413,-0.010180142577025708,0.05893152503341903,3.9832509067450412,-0.0027364750170062587,0.001957946770081458,0.36476697737037045,0,2025-09-18
2025-09-18,Q3,validation,239.08682096339743,240.31228984200703,235.77903252032195,237.0045166015625,44249600,592.058483907603,595.2730433570825,590.1178791327126,592.466552734375,61069300,507.31595138937655,508.883074673213,503.5172196080818,504.30078125,18913700,173.7583871307785,176.87442336525442,172.73969733735942,176.01551818847656,191763300,0.014882080631311911,0.02932549954686625,0.0048004694097697476,0.02009901310614759,3.977127451783895,-0.003371116739115433,0.0017741367881138365,0.10711004878906927,1,2025-09-19
2025-09-19,Q3,validation,240.3421770415445,245.3935247988757,239.32594197772087,244.59646606445312,163741300,594.4668964152456,597.173829761915,592.9939490424024,596.4771728515625,58196100,506.3935176630352,515.0621842649809,506.1455578149837,513.703369140625,52474100,175.54609885389235,177.8531538116004,174.95683884616588,176.4449462890625,237182100,0.02720061885419245,0.04419114205922664,0.004640363438021933,0.022215429243167217,4.756463492094183,0.09457452041187027,0.0031269445781130405,0.0706547402403992,1,2025-09-22
2025-09-22,Q3,validation,247.38616206443075,255.69547916115812,247.2068166293636,255.13751220703125,105517400,595.56457167487,600.6759063866804,595.5446250028239,600.0083618164062,57154800,511.3825425873763,513.5149611406991,508.35738375283694,510.2518310546875,20009300,175.07671637070237,184.31493427279133,174.4874715349329,183.37612915039065,269637000,0.06291597286531814,0.06627473131445494,0.015601047181682093,0.034733422391784785,5.627577292081944,0.06478230986176965,0.004427271416060091,0.27227055563872826,0,2025-09-23
2025-09-23,Q3,validation,254.93828225227924,256.3929004583055,252.64674396870495,253.4936065673828,60275200,600.1777560752951,600.3770403666388,594.8073576106723,596.02294921875,64635500,509.6071158201621,510.3907077578639,503.170087241692,505.0744323730469,19799600,181.73821238324945,182.18763613663097,175.9855548133895,178.2027130126953,192559600,0.05531260453706688,0.058023867775610194,0.010336449876715115,0.019926289314653456,4.067352931383526,-0.00011017365369284133,0.0034249130497833093,0.15555019819787694,0,2025-09-24
2025-09-24,Q3,validation,254.2807025242173,254.7987929994329,250.11607847800005,251.38140869140625,42303700,597.3979183069385,597.7167610032964,591.2005236200914,593.9305419921875,49850300,506.215041937542,508.2978806442568,502.7832857896144,505.9869079589844,13533700,179.54100413716742,179.5509859124944,175.17656050171237,176.74456787109375,143564100,0.044224336451610835,0.0359934810884911,0.01974108272054076,0.038972270172918266,3.0363376245688,-0.016279736438325237,0.0023536420644733242,0.030032459877103013,1,2025-09-25
2025-09-25,Q3,validation,252.2781032462208,256.2235357177961,250.7836237831838,255.92462158203125,55202100,590.0447574609248,592.9541133753095,586.358211090951,591.3699340820312,70920200,504.1519897302721,505.84805701475193,500.9186136455738,502.8923645019531,15786500,174.25773588995062,180.0303718676576,172.90946471941734,177.46365356445312,191586700,0.08168108288594489,0.07711289246208775,0.00271725276791257,0.011020127451999207,2.9040263087884632,-0.007535583212688164,0.0028853601824763513,0.25596571358228826,0,2025-09-26
2025-09-26,Q3,validation,253.1648258525147,256.6519445821492,252.84599627139943,254.5198211669922,46076300,592.1869260081028,594.1298414316656,588.9089213733314,593.801025390625,54337400,505.8976246789574,509.7459665668784,502.4856945681329,507.28619384765625,16213100,177.94304916264082,179.54101721374016,174.70717071687335,177.96302795410156,148573700,0.04505690088122538,0.042514449189775705,-0.001944136534791585,0.02109569892072727,3.015079016388752,-0.010103436854374028,0.001376587767794914,0.1869396878045102,0,2025-09-29
2025-09-29,Q3,validation,253.6231329894407,254.06151607705357,252.07883445903423,253.4936065673828,40127700,596.929586249639,599.858888854889,595.2357610619866,596.5509643554688,48332900,507.325895548039,512.6322125671903,504.7272809455784,510.4005737304688,17617800,180.2001578366391,183.76561762390497,180.09031258631592,181.6183624267578,193063500,-0.0006809653955462958,-0.001796177916721875,-0.0046470362756094175,0.009877089276406514,3.316489109878149,0.002231704065733162,-0.0003278545949241102,-0.008754395978497009,1,2025-09-30
2025-09-30,Q3,validation,253.92203562343897,254.9781320575181,252.17847617402816,253.69288635253903,37704300,596.2520555976123,598.5237869140956,593.9305184146496,598.1849975585938,46533800,509.0516808953517,513.9315141469417,505.5009089039439,513.7232666015625,19728200,181.848063160254,187.11135435179563,181.2488213615314,186.3423309326172,236981000,-0.002841324831212244,-0.030613893296634886,0.03140002667433506,0.02855229232905243,3.364023556523788,-0.0003008028830527693,4.9265056954488214e-05,0.05200420869235752,1,2025-10-01
2025-10-01,Q4,test,254.10134722927504,257.83756097799323,253.9917514638179,254.5098419189453,48713900,594.9966151966095,601.592517201177,594.1696797218984,601.0545043945312,46899600,510.5989672146665,516.262392605391,507.5143608700387,515.4689331054688,22632300,185.00405809785752,187.9003581593927,183.665753326035,187.0015106201172,173844900,0.00045036131141507063,-0.025941154440095704,0.03838612101031458,0.039292912032695915,3.4205717159530367,-0.0023723697975088433,0.0007396053776217708,0.19707745587184894,1,2025-10-02
2025-10-02,Q4,test,255.6356607808825,257.229778167004,253.2146115335708,256.18365478515625,42630200,604.8506893778672,604.950301116935,600.7357150581139,603.5255126953125,43765400,513.4158303625842,517.343476169315,506.5126054199375,511.53131103515625,21222900,189.3585011391996,190.806651138866,187.8204541960536,188.6493988037109,136805800,-0.019542802151611527,-0.03909270844355561,0.040104854916699684,0.04585266986617342,3.6709543731990175,-0.0002923098097198546,5.49017988531049e-05,0.09030831378558549,1,2025-10-03
2025-10-03,Q4,test,253.73271197999827,258.2858846694617,253.01536064819075,257.07037353515625,49155600,604.3027001978111,605.1197232184186,599.2013385970163,600.9848022460938,46482100,512.8801529316524,516.2425031799986,510.7973143114264,513.1281127929688,15112300,188.94900408551683,190.11751186051177,185.1438598655547,187.3809967041016,137596900,-0.002076916626217562,-0.022197439124647333,0.03221847542928402,0.04140490695056087,3.2157449252103123,-0.0017638118261116605,0.0004839387366817128,0.14575810875179768,0,2025-10-06
2025-10-06,Q4,test,257.0405037108186,258.1165459888059,254.11133663097664,255.74530029296875,44664100,606.2355880916678,607.1422494333636,603.7645725777412,605.498291015625,41962100,514.377848960065,526.6965386672223,513.9712214168786,524.256591796875,21388600,185.2637228157064,186.991514993276,183.09648864167903,185.3036651611328,157678100,-0.006115782920405044,-0.014836757865072436,0.023719402899306963,0.0068558748093401345,1.5950769158260971,-0.002207967122286255,0.0004533545364503409,0.09414794919055655,0,2025-10-07
2025-10-07,Q4,test,255.86484387966763,256.45266881763376,254.48991791397023,255.53607177734372,31955800,606.8035939044607,607.4910851983766,600.835403229105,602.3099975585938,58209500,523.9788048028778,525.4764919541412,517.1847292577561,519.7039794921875,14615200,185.99277739696944,188.8191743935438,183.76562222076905,184.8042907714844,140088000,0.00036956021002176875,0.005571393177746409,0.0016940270368485666,0.019895738113443806,1.5975626398155736,-0.0032430984259356004,0.0003091447377721148,0.0770166119945021,1,2025-10-08
2025-10-08,Q4,test,255.5758888188916,257.5685279874928,255.16739414069707,257.1102294921875,36496900,603.2066381307736,609.523591030116,603.0572205300643,609.2147216796875,50629800,519.0098207695767,522.6498549115006,518.8213688365025,520.5669555664062,13363400,186.33235229407293,189.35849142592937,186.30237648821537,188.86911010742188,130168900,-0.003359263557429326,0.0002786629350112202,0.009938574848941895,9.701501459935535e-05,1.289353160703845,-0.0034830480763314397,0.0005533325597673975,0.18357433106553797,0,2025-10-09
2025-10-09,Q4,test,256.8611554198282,257.0504585775582,252.2083446799687,253.1050262451172,38322000,609.2545466200572,609.3840783602061,605.2691043090726,608.4774169921875,45551000,518.07745494396,520.0512058016051,513.1777655449532,518.136962890625,18343600,191.9851285494953,195.05122522476876,190.816620752273,192.32470703125,182997200,-0.02022223418726743,-0.02821512168367546,0.016197850157820715,0.006568730536992584,1.3096514709969487,0.00361036124383554,-0.0005622643161615309,0.0011339394664451551,0,2025-10-10
2025-10-10,Q4,test,254.00171816056968,255.436420799504,243.10197943699816,244.3673095703125,61999100,609.1748739271294,610.9483641105261,586.9061788056832,587.3545532226562,97614800,515.3994727403434,519.3073226434543,505.4711500363669,506.790283203125,24133800,193.26350393527704,195.3708168536685,181.81811007166195,182.92669677734372,268774400,-0.02673487695069454,-0.03135337702305302,-0.018061356344137247,0.011419994470998174,0.9744889804004238,-0.006199164920369481,-0.0002967797713929453,-0.2817395574276834,1,2025-10-13
2025-10-13,Q4,test,248.46219085423505,248.7710475029622,244.6562426215344,246.7485198974609,38142900,597.497493628088,600.7556121211176,595.056398092238,599.8190307617188,65872600,512.1957680051081,512.1957680051081,507.5043869225772,509.8550415039063,14284200,187.73057886865317,189.86785248459336,185.72314454487463,188.08013916015625,153482800,-0.025799191523222187,-0.02893514863072133,-0.0062435247806829075,0.042453796269900756,0.9075774269477684,0.010719908976321224,-0.000655669808664902,-0.3003565554116018,1,2025-10-14
2025-10-14,Q4,test,245.69241642712316,247.93413549962375,243.79940008876653,246.8581085205078,35478000,593.1434568492728,600.4966033203683,587.9823159734815,595.8236694335938,69203200,506.0662273255252,511.0750344503804,501.8707357721012,509.37896728515625,14684300,184.5346420566055,184.56460262310264,179.47109296765566,179.80067443847656,205641400,-0.02319075071632537,-0.010488676770115501,-0.023471159884168202,0.007208114857610082,0.897674023031728,0.011424205189228863,-0.00043159561299841733,-0.2104700717872297,1,2025-10-15
2025-10-15,Q4,test,248.5717898296712,250.8932163906544,246.559219921403,248.42233276367188,33893600,601.8117836952674,604.4919961772353,593.7611729131481,600.0282592773438,62805500,510.75765569343554,512.9694382549203,505.838110317394,509.2401123046875,14694700,184.56460739230215,184.63451030281777,177.06416377208902,179.60093688964844,214450500,-0.0187113660872541,0.0016247500202195009,-0.03541530260023501,0.027313270338542472,0.9040681223513938,0.012112914798525321,-0.0007398481172267678,-0.34516837956370267,0,2025-10-16
2025-10-16,Q4,test,247.33633482463924,248.1234206007849,244.2278226113223,246.53927612304688,39777000,602.9077579751356,606.0961241101174,593.3327470469682,597.806396484375,70982000,508.3970827878481,512.6321960787722,503.9833851231019,507.4349670410156,15559600,181.99786281424812,183.04652832403656,179.5410050089342,181.57839965820312,179723300,-0.008403562989687585,0.012324495639762179,-0.038265308508929674,0.03522109225473813,0.8862641422289058,0.0063272380537324245,-0.0002338020379885414,-0.23094518388489121,1,2025-10-17
2025-10-17,Q4,test,247.10719170360767,252.44746537322092,246.35995200283696,251.3614654541016,49147000,595.7738386787643,603.306322454893,594.1995718879336,601.7320556640625,72024900,504.88601698312937,511.2734358883721,503.17012365144205,509.3889770507813,19867800,179.9504818191574,183.8655019863948,179.52103686227596,182.9866180419922,173135200,0.004143082774043183,0.025893827566914274,0.0027276598819896414,0.004800180129315823,1.0015327611983256,0.0013846142767523302,0.0002521514138494247,0.06504492797811819,1,2025-10-20
2025-10-20,Q4,test,254.94822099113512,263.4069798400544,254.68918336894043,261.2748413085937,90483000,604.9303203667564,610.5696939626,604.8605678351395,609.3142700195312,45761700,510.4104293345006,514.4670788802013,509.2400661752128,512.5726318359375,14665600,182.89672994644727,184.96408521149223,181.4985041529273,182.4073486328125,128544700,0.043040783233757596,0.07128667520995868,-0.012415718589147473,0.03549168415365167,1.2939214544283586,0.05660961367600705,0.0009130668054107173,0.29348051470423353,1,2025-10-21
2025-10-21,Q4,test,260.9161783410852,264.3136317818121,260.86634411857244,261.8028869628906,46695900,609.41403175621,610.4900574537519,607.1024677916307,609.1549682617188,44538200,513.2769402267872,514.4572316509175,508.8533142722573,513.4356079101562,15586200,182.55715836486127,182.55715836486127,179.5709767314294,180.9292449951172,124240200,0.03816538290786231,0.05341961255568761,0.007120341071726877,0.0016871079128208955,1.3035820610072213,0.0016616684209122227,0.001333861095344954,0.288539027891079,0,2025-10-22
2025-10-22,Q4,test,261.68336485657886,261.882640960004,254.48993535873984,257.49884033203125,45015300,608.5969960402966,609.1848147458128,597.5573034367524,603.286376953125,61478800,516.8971823641815,520.943843958813,513.4852520447155,516.2921142578125,18962700,180.9092591258601,183.20633238125785,176.53483359319367,180.05035400390625,162249600,0.031106660281968956,0.028361401896457084,0.008175198768161973,0.011345778718172106,1.3677093963115228,-0.00045585353685763445,0.0005755393630798514,0.18222914211287067,1,2025-10-23
2025-10-23,Q4,test,258.98332466328685,259.6608147081683,257.0604350924048,258.6246337890625,32754900,602.7085014161719,609.1450131867009,602.319966975814,608.35791015625,42844300,518.1964086283891,519.6742395740552,514.3777908083965,516.3118896484375,14023500,180.1901742303588,182.7968501503985,179.5609718650331,181.92796325683597,111363700,0.03136962349927708,0.03931058278509614,0.009709426748735206,0.0155685761595179,1.293459291513876,-0.0129069861203029,0.0014081722812157493,0.19556255793728028,1,2025-10-24
2025-10-24,Q4,test,260.2287163700197,263.15789839957887,258.22610426270086,261.85272216796875,38253700,613.7481802624443,616.1693293175521,612.8913247080658,614.8541259765625,47632500,518.5237814648117,521.0628883153897,516.4607987679614,519.3370971679688,15532400,183.6058200325102,187.23120099697576,183.26625678365264,186.02273559570312,131296700,0.019930563803422396,0.02367696120861218,0.01806076774245835,0.002937496278134999,1.590979169728807,-0.005508937998393028,0.0014798031129323798,0.1216506848191784,1,2025-10-27
2025-10-27,Q4,test,263.9051197703755,268.1295048126629,263.6759553344934,267.8206481933594,44888200,622.2471843336021,626.2624862060553,621.7589773359792,625.80419921875,54098600,527.4404441110845,530.2175826339089,524.6930292943027,527.1825561523438,18734700,189.7480043855645,191.75543864774096,188.18997864549505,191.24609375,153452700,-0.0020097558251395142,-0.01342626716273787,0.03847960506538883,0.01995295029955635,1.789575900249257,0.00032773944743677205,0.0012285474696486867,0.1523465873892648,1,2025-10-28
2025-10-28,Q4,test,267.9999758056659,268.896687690681,267.16307106420925,268.00994873046875,41534800,628.0658354818435,632.3701204498367,626.9598898422056,630.6165161132812,61195700,545.511702993095,549.2013167264516,536.3570441492753,537.6464233398438,29986700,192.8040950113927,202.8912204382634,191.66554775855596,200.77392578125,297986200,-0.011522759084150902,-0.05470935119474607,0.07841826380294803,0.06252746506061158,1.9729888475261526,-0.0015798599983334464,0.0012854151179026332,0.10205327871972195,1,2025-10-29
2025-10-29,Q4,test,268.28892986747474,270.4110953948544,266.1269030442272,268.7073974609375,51086700,633.2769001713006,634.6917152842577,627.9563074763624,633.4562377929688,67422800,540.4929653309738,541.8121286840217,532.3499420595073,537.130615234375,36023000,207.715080745974,211.9197249544373,204.51915980095316,206.7762756347656,308829600,-0.006480613103975186,-0.05087025714169269,0.09439883037508434,0.10807397583966583,1.9864229662563522,0.006309934339768125,0.0023465446391479545,0.23479555255666326,1,2025-10-30
2025-10-30,Q4,test,270.98894793982623,273.1310593223432,267.49188695276854,270.401123046875,69886500,629.8693290874667,631.1945058511565,623.6620213630231,623.7716064453125,61628600,526.1509968235328,530.6043464776645,517.8592331602406,521.4695434570312,41023100,204.8886770404504,205.89740027142088,201.1534507471854,202.63156127929688,178864400,0.02019850468675033,-0.016360181682585906,0.061895245706755975,0.10381166112895035,1.4976585527465398,0.023672830270936585,0.0015275363770926823,0.24153521666759464,0,2025-10-31
2025-10-31,Q4,test,275.9705701844509,276.29937269597025,268.16940070155243,269.3749389648437,86167100,631.8619934183905,631.8919134270566,624.4092354874234,626.7805786132812,66305100,524.5640822050067,525.0004940086545,510.89650476941233,513.5844116210938,34006400,206.18701808603035,207.7050861560208,201.81260775338424,202.2320709228516,179802200,0.009329692554655544,-0.009302768226396974,0.03802966758644921,0.09821329096864395,1.5074778062294691,0.023023124496248465,0.0012330306337949078,0.013421886469397171,0,2025-11-03
2025-11-03,Q4,test,269.42476736726525,269.8531775103368,265.2701011373342,268.0597839355469,50194600,632.798481607898,633.5059194321615,627.5576158213403,629.779541015625,37154300,515.5680732671589,520.6760707602963,510.3907002836433,512.810791015625,22374700,207.8149540137207,211.07079600988305,205.2981596683369,206.61648559570312,180267300,-0.005459478065801715,-0.025661227624029614,0.026554122715579276,0.1076311615215978,1.0820220387704347,3.871516902299314e-05,3.580622648054793e-05,-0.2219829168908977,1,2025-11-04
2025-11-04,Q4,test,267.3424142382169,270.49078769741067,266.6350358638735,269.046142578125,49274800,621.0117005353788,624.6683271251044,616.2092348629542,616.996337890625,63830800,507.5838081580189,511.342858187808,503.6957838776707,510.1328430175781,20958700,202.7414122562426,203.7101778590782,197.67786326579136,198.43690490722656,188919300,0.025464446014073716,0.03527334015117878,-0.0314070887207204,0.039534054139277464,0.8553055146753009,2.3698992527220763e-05,9.427219296885478e-05,-0.13476011087971704,1,2025-11-05
2025-11-05,Q4,test,267.6214146886098,270.7000692568828,265.94760492323326,269.14581298828125,43683100,616.2391121345779,624.3195827183903,614.9638020768305,621.01171875,48688500,509.1111797792272,510.6287232020861,502.4460174356622,503.0213012695313,23024300,198.5168123443512,202.66152000582164,194.40205001057663,194.9613494873047,171350300,0.021277000437485705,0.06195233359365082,-0.060320761364950015,0.006364136591753944,0.695592475348381,-0.0001868837208659278,3.1594201710881785e-05,-0.09014362685917718,0,2025-11-06
2025-11-06,Q4,test,266.90407480138714,272.3937751745226,266.90407480138714,268.7771301269531,51204000,619.5270737190788,619.7761638844125,608.078899450419,609.4439086914062,72115100,501.5335702984596,501.5732523540539,491.7639450704796,493.0434265136719,27406500,196.16981228388872,197.3682807609907,186.14260723026615,187.84043884277344,223029800,0.016963595235330642,0.057747490686849756,-0.0637533567188498,0.018483598665123613,0.6266278851846766,-0.00014732742853450388,-9.5395810993956e-06,-0.0010568222636990643,0,2025-11-07
2025-11-07,Q4,test,268.80702532983145,271.2878818962731,265.7881780523408,267.48193359375,48227400,606.0960857298178,607.730131632313,596.4911554011275,607.5208740234375,81835400,492.89466053302914,495.304823297102,489.22484220934433,492.7657165527344,24019800,184.6644490263876,188.08010568481336,178.682089465448,187.91030883789065,264942300,0.023700585871764268,0.04864986234612123,-0.05567726206774404,0.030282378652541686,0.6360908840142466,0.00015141735147765405,-0.00024127981370707834,0.1130101384186224,1,2025-11-10
2025-11-10,Q4,test,268.2298525605972,272.98692304032335,266.733924572705,268.6985778808594,41312400,616.6674802752618,622.0378784586748,614.644899897251,620.9617919921875,55919900,495.95940345274505,502.7138276367279,494.7295019610679,501.8707580566406,26101500,194.8614791513322,199.6853287651845,193.5431531870904,198.7964630126953,198897100,0.016384354479032637,0.031973766698235484,-0.02959073879328844,0.016514540187238635,0.29452373406273563,-0.00039207172641703023,8.399831851926481e-05,0.18756840908500932,1,2025-11-11
2025-11-11,Q4,test,269.07757258136417,275.16101963639426,269.0675899882029,274.5028076171875,46208300,618.3115007347396,620.4536395227035,615.2726130875191,619.307861328125,44868800,500.6805581155917,505.4414057875519,498.2505695472254,504.5289001464844,17980000,194.91140808059745,195.17107140540628,191.05632435423007,192.91395568847656,176483300,0.016535107634859214,0.03969028636957311,-0.019408765189695865,0.01684700663132299,0.5914523405206724,-0.0015321847089768313,0.0007993894162580288,0.2772634262221299,0,2025-11-12
2025-11-12,Q4,test,274.2535066981436,274.9815360542478,270.9624767916609,272.7276611328125,48398000,622.5659665942537,622.5858524528388,615.5615225825271,618.8196411132812,47444400,505.2033686484966,507.4945458106546,495.0469415436793,506.9688720703125,26574900,195.47068348463264,195.64046510157328,190.8865341091802,193.5531311035156,154935300,0.016838055890145087,0.012995878552884865,0.0003123282691442908,0.015070785347843119,0.636500227254877,-0.0006066641315213844,0.0004167796967522266,0.13718103361128736,0,2025-11-13
2025-11-13,Q4,test,273.36590026791555,275.9488963676571,271.3513946141157,272.2090759277344,49602800,615.2925422980531,615.8704485105809,603.8742880136988,606.1858520507812,71333600,506.1455939798088,509.3095642884979,497.1992129195551,499.1828918457031,25273100,190.8066439854392,191.1961465947379,183.61581837719612,186.6219787597656,207423100,0.01811469185313841,0.009785990099998088,0.0029827517909515877,0.018938855757977602,0.5974428275689231,-0.0003985483784614044,0.00017897952571827326,0.01861810137949461,0,2025-11-14
2025-11-14,Q4,test,270.3142081927936,275.21088338895913,268.8681625557137,271.6705322265625,47431300,597.3679891941105,611.1177533949825,594.9966460866717,606.6441040039062,80087300,494.164169077362,507.425057385904,493.380607454102,506.0166320800781,28505700,182.62706393415107,190.7666759402113,180.34996953708983,189.92774963378903,186591900,0.017102563489679645,-0.0031541767461369385,0.01881354699420057,0.016154713804737764,0.5991618952720528,-0.0011285621930141778,0.00012783029075143996,0.10957374329385101,0,2025-11-17
2025-11-17,Q4,test,268.0903024129557,269.75575219797963,265.00869378967747,266.7339782714844,45018300,604.0934192729386,610.2509204798646,597.6868279161546,601.4630126953125,63850400,504.3007594029326,507.9407930820625,500.78963942134817,503.34857177734375,19092800,185.73311754704963,188.75925679396332,184.08522536919267,186.36231994628903,173628900,0.024089395412992265,0.022489709924390366,-0.029801246981523977,0.06549171423332445,0.7525739637904949,0.0005723861436064252,9.421207034799453e-05,0.037437952497687464,0,2025-11-18
2025-11-18,Q4,test,269.25705465795,269.97510130800674,264.59974924229334,266.7139892578125,45677300,597.4377829439551,600.1179955916228,589.1879481795877,594.1398315429688,83327300,491.3275301094218,498.87544447228873,482.8076324047851,489.7604370117188,33815100,183.14641371605563,184.5646030780414,179.42115405263684,181.1289825439453,213598900,0.012264688087639142,0.016806254456957714,-0.0451805302138637,0.031817483913170186,0.7956695001083146,0.0018107503091992785,0.000699401058816302,-0.23524989637601745,1,2025-11-19
2025-11-19,Q4,test,264.80921977983166,271.47107967039307,264.77930243197466,267.8309936523437,40424500,594.897031094223,603.9539148983285,592.4260762649179,597.6868286132812,73111500,486.1005289347495,491.1489881906385,478.8898366362472,483.1448364257813,23245300,184.5546024199349,187.62069907956396,182.5971076589588,186.28240966796875,247246400,0.016195774896668458,0.024324361604725175,-0.04227878346325542,0.009428620222379891,0.8087137476214554,0.0030084358838539218,0.0001666483065945297,-0.0690063685170624,0,2025-11-20
2025-11-20,Q4,test,270.0948061865016,274.68232536305425,265.1981613886433,265.5272521972656,45823600,609.3940836964333,611.7953468701894,582.6218784315797,583.5385131835938,117743200,489.6038543571072,490.45844852333465,472.50235794747454,475.4138793945313,26802500,195.70039225393623,195.7503316108911,179.62090987236718,180.40989685058597,343504800,0.012813728038676753,0.015904748950758996,-0.04045140929886082,0.014328860369829277,0.7875666053523315,0.0016914471751872395,0.0010014389512516147,-0.11500191853675487,1,2025-11-21
2025-11-21,Q4,test,265.2280517805383,272.5879921198442,264.9488130991126,270.75299072265625,59030800,585.3319113971087,594.807310091711,578.6264242609341,587.9224853515625,103344200,475.4834301610789,475.9007957312625,465.3179114267742,469.1436462402344,31769200,181.00913979899244,184.32490281868388,172.70971237567008,178.6521453857422,346926200,0.027483553390236004,0.0627410843539179,-0.06611848968524425,0.01350125728892837,0.8877945132921699,-0.0005898814445785117,0.00014793601081194955,-0.013122358659072741,1,2025-11-24
2025-11-24,Q4,test,270.164627965921,276.24807542504453,270.164627965921,275.1710205078125,65585800,593.1135933516537,604.4720682054578,592.9939741263881,602.9575805664062,60168100,472.0055061050608,473.8935220644432,465.0694984877541,471.0118103027344,34421000,179.2613745727385,183.26626122561635,176.25519889972114,182.3174743652344,256618300,0.02914603673979932,0.07460466379293218,-0.04297373963770201,0.04253907373269139,0.9043306140263973,0.008817426223184193,-0.0011547695951831494,0.20861205399921962,1,2025-11-25
2025-11-25,Q4,test,274.52277261748515,279.6189174225992,274.50283786370125,276.2181701660156,46914200,601.3135864178203,608.0390203669549,595.1461119637967,606.6740112304688,57560900,471.0813963074052,476.1293578546732,461.95927573241335,473.9829711914063,28019800,174.68720886729724,177.9330691207534,169.3340356551,177.593505859375,320600300,0.01453800835801844,0.06150124001523816,-0.025866885271977447,0.012695548886495489,0.7637158882591969,-0.003209298962489763,-0.0013529231960095573,0.36950876161625024,1,2025-11-26
2025-11-26,Q4,test,276.2081750495132,278.7712060098946,275.8790842359358,276.79656982421875,33431400,610.2808195033393,613.9474190856081,608.1685399702174,612.034423828125,42393600,483.244222260298,485.2316139433245,478.1664510662567,482.4393310546875,25709100,181.39863013804072,182.6769983530976,178.01294919921247,180.03036499023438,183852000,0.00946954668809541,0.05098596264017702,-0.017511210336070004,0.03210194913688358,0.7250076133754844,-0.01139064712089028,-0.0011320275554886402,0.31988520551862837,1,2025-11-28
2025-11-28,Q4,test,276.50736791500816,278.242634823177,275.2407959413455,278.0930480957031,20135600,613.8677508272276,617.0660904342964,613.1802595402138,616.996337890625,23034400,484.5260924315005,489.5243812398697,483.5820692635899,488.9082946777344,14386700,178.7819702942556,179.0616124091028,176.27517303639212,176.7745361328125,121332800,-0.010012163149806241,0.04320693971687778,0.0041170008370738365,0.048535124630658566,0.7998019708615912,-0.027549090551193665,-0.0005140221244539758,0.5218520512603616,1,2025-12-01
2025-12-01,Q4,test,277.2553332443013,282.65065109438723,275.3904143522869,282.3315124511719,46587700,611.3967336448243,617.1855860502521,610.2907880213397,614.923828125,40957600,485.3607732415945,486.7718042788117,481.5946577130528,483.6714782714844,23964000,174.5373804488289,180.07033197943204,173.45875435362808,179.69081115722656,188131000,-0.0031625545704452307,0.024373849057510943,0.01839030175615819,0.02515280280226362,0.8384505776706491,0.0003511259750973336,-0.0008089655029878416,0.5170396859271914,1,2025-12-02
2025-12-02,Q4,test,282.231773534172,286.619823290159,281.86278279875575,285.4131164550781,53669500,617.2055939510703,621.4799592732617,615.3424043891131,619.736328125,54541800,483.6516286444489,490.38888506208144,483.2541563831954,486.9109497070313,19562700,181.5284722516508,185.4235136530611,179.7707195907086,181.22886657714844,182632200,0.00939342830536627,0.023328666774277362,0.013892171119060492,0.03972623417005039,0.6449973760071614,0.005848068936040409,-0.0005935677083561533,0.4862020772813064,0,2025-12-03
2025-12-03,Q4,test,285.4230848596457,287.8364984098337,282.5309329409685,283.3786315917969,43538700,617.3649627124794,621.9481972408511,615.7807833814271,621.2507934570312,47841600,473.3171775583083,481.1872310931236,472.2042431453193,474.7182922363281,34615100,180.849359498178,182.21760964702736,178.88186747602086,179.3612518310547,165138000,0.0018958371316684097,0.020170581984124913,0.005752627272809896,0.008402522634920473,0.7733202963350869,-0.001437753637174816,0.00017875169615971017,0.3428566099014801,0,2025-12-04
2025-12-04,Q4,test,283.3287830094401,283.95707766942763,277.8337308175164,279.9380187988281,43989100,622.6556605829674,622.665633919662,617.285262025035,620.6729125976562,47067800,476.7355376297969,478.28570075231454,473.48613274494215,477.8087158203125,22318200,181.39873533031871,184.29521152983364,179.7407692190929,183.15660095214844,167364900,-0.002765077806752725,0.007465950375329933,0.003883355638846342,0.02696338508225904,0.8983641491884381,-0.0005221543190549419,-6.191855300531785e-06,0.19141839901218488,0,2025-12-05
2025-12-05,Q4,test,279.77845592816414,280.37683325787106,277.2951945750906,278.0232238769531,47265800,622.1076409382764,626.6310962033638,621.440096358939,623.20361328125,53614200,479.4780948278929,480.3525519991133,475.86105782216015,480.1140747070313,22608700,183.66598269849337,184.43504894381925,180.6896172324408,182.1877899169922,143971100,-0.010311555851551635,-0.006568531451863535,0.00631744923593569,0.048609824921011846,1.3979109160712746,-7.39447376072426e-06,-5.668802443769851e-06,-0.028144355063078486,0,2025-12-08
2025-12-08,Q4,test,277.3750199323196,278.91084811822003,275.4003836933047,277.1356811523437,38211800,624.9273860516373,626.5514587784469,619.42745579579,622.008056640625,43462400,481.8331697469475,489.1964289193557,481.3263751862239,487.9244995117188,21965900,182.41751577930148,187.7709870845105,182.17780264974235,185.323974609375,204378100,-0.029923796853688955,-0.038474501208848655,0.020071202003178912,0.022555999054659326,1.1829512038063728,0.002918182856160897,-0.0004388523386621825,-0.18161517584962109,0,2025-12-09
2025-12-09,Q4,test,277.40493251311347,279.2698514894354,276.16830825817004,276.4275817871094,32193300,620.7426537012356,623.5922305440594,618.7399590794447,622.7752075195312,37156000,486.01663804004494,489.0175885389743,485.4204144751398,488.918212890625,14696100,185.33395229946427,185.4937610485011,183.09669077375295,184.7446746826172,144719700,-0.03638606058873717,-0.043243690896934917,0.011761134034895981,0.015277379821534431,1.9159983323819854,0.0089381282366007,-9.19395656710926e-05,-0.37839171822391054,1,2025-12-10
2025-12-10,Q4,test,276.9960211276047,278.9905919368044,275.68957968235776,278.0232238769531,33038300,621.5795410824109,626.920080160108,618.7299643381673,625.3258666992188,55031400,480.97857754952304,481.19719183884354,472.084987996716,475.5430603027344,35756200,184.74467463147755,185.2540478736652,181.8182359713298,183.55612182617188,162785400,-0.025457883240233792,-0.03146102337878709,0.012562605792530435,0.02165044315968223,1.986645268576922,0.004803738530425885,-0.00018364174854064457,-0.2390878450945917,0,2025-12-11
2025-12-11,Q4,test,278.34237127554803,278.8310314000742,273.0667227973629,277.2752685546875,33248000,621.5496792982444,623.5025679748155,615.4718431258982,623.3032836914062,58272800,473.6252734590456,482.9660086920916,472.86010822118624,480.4221496582031,24669200,180.060377409269,181.09911899111663,176.40483245042134,180.70957946777344,182136600,-0.013749862284641923,-0.005566605112062084,-0.003945322762422765,0.018829892764837153,2.0509895388469452,0.002248581214118645,-6.891844082610031e-05,-0.16536360516180365,1,2025-12-12
2025-12-12,Q4,test,277.14562382282355,278.4620479370953,276.0685689150702,277.52459716796875,39532900,619.8160122611713,621.2706598008424,609.1349951238292,611.3867797851562,75158700,476.7951512874317,479.4085762318817,473.3370788032073,475.5132751464844,21248100,180.88937065842447,182.59729422559732,174.40727135263347,174.80679321289062,204274900,0.017167961469413018,0.02325445191174974,-0.025047923342053913,0.030930403290870934,1.1601793844649677,0.00014604070855459114,-1.538755032160785e-05,-0.019780951425825356,0,2025-12-15
2025-12-15,Q4,test,279.3894873363706,279.3894873363706,272.0993337942639,273.3658752441406,50409100,616.1195138735233,616.1693197420918,607.102462393675,608.3179931640625,49538200,477.0733729131614,477.6894594742654,469.5411415575728,471.82666015625,23727700,177.72322484137152,178.20263580820242,174.81676632707214,176.07522583007812,164775600,0.008406718605724506,0.027846415816898507,-0.04144916048163472,0.016913360701678037,1.0471968649713508,-0.0022750303297823975,-3.753351708587266e-05,-0.1713985852685826,1,2025-12-16
2025-12-16,Q4,test,272.07941349564567,274.752131096348,271.0522107383373,273.8645324707031,37648600,606.0463317071705,611.277225059322,604.7012083573723,609.5236206054688,55152800,468.9350114671635,474.8773235577871,467.911505956298,473.38677978515625,20705600,176.04526619844617,178.27256047932946,174.686922405521,177.5034942626953,148588100,0.012006236458035446,0.026209226836167554,-0.035481273061931606,0.007428676057364969,0.9250912499919423,0.0011193723486545206,-0.00012426088981898686,-0.011880079254074204,0,2025-12-17
2025-12-17,Q4,test,274.2634896625032,275.41036187784255,270.9026424636208,271.1020812988281,50138700,610.8287773715621,611.4166568355257,598.0953215609716,598.2247924804688,70654300,473.903466892556,476.9739832708393,472.0055042784347,473.1184387207031,24527200,175.88546784627562,175.91543007880583,170.10251312474713,170.73175048828125,222775500,0.01844500561578033,0.012588309089906546,-0.03748242578135291,0.06476757697525748,0.7738301629669302,-0.0041052657224644575,-0.0001711575101673201,-0.2143821227516812,1,2025-12-18
2025-12-18,Q4,test,272.86723904028526,272.8872042261758,266.22534517191764,271.4511108398437,51630700,607.5806797208244,610.6992932536183,604.7111563372118,606.8931884765625,78875800,475.1754171439269,486.5134903409317,474.8773205213831,480.9289245605469,28573500,174.3173807251694,175.93540231223645,171.6106906687844,173.9278564453125,176096000,0.005322658706128691,-0.002768243916812907,-0.018236722538372774,0.03858315172829918,0.6009166180696658,-0.0038682393057078387,-0.00032354616304873036,-0.21987214504837466,1,2025-12-19
2025-12-19,Q4,test,271.41126100078174,273.854622814086,269.1673684747946,272.9271545410156,144632000,609.722845815118,615.372193060386,609.6431199441153,614.8042602539062,60369800,484.2875835443981,484.7745151206103,479.44828972039977,482.856689453125,70836100,176.4547863729682,181.22896236326451,176.12518653595592,180.76953125,324925900,-0.02215561172006808,-0.04134268249584194,0.024776790052908004,0.01866731597626692,0.5831167632376132,-0.03279296997211669,-0.0008875935202443386,-0.18685778496242889,0,2025-12-22
2025-12-22,Q4,test,272.1192896847017,273.13654030849926,269.7756932559407,270.23443603515625,36571800,619.8862552767364,620.1855972768566,616.3147325600856,617.7513427734375,43703100,483.05539282771,485.6489546100234,479.6470235443271,481.8629760742188,16963000,183.6959478478248,183.935660967629,182.1278683380167,183.4662322998047,129064400,-0.026962388225205247,-0.04307892428015203,0.03162380316751234,0.020705220473890007,0.6169390735805413,0.0026203188079086145,-0.000581187457416119,-0.1337698108434007,1,2025-12-23
2025-12-23,Q4,test,270.1048034873943,271.7603010837797,268.8282792538215,271.62066650390625,29642000,616.7437078609482,620.9437513214359,616.3247143117193,620.6444702148438,41120400,481.922585996358,484.7545946839082,481.6840783901604,483.7807922363281,14683600,182.74711840334103,189.099371651584,182.67719635774475,188.97952270507807,174873600,-0.026438492241302125,-0.05149789800197724,0.0433045553060335,0.042695706626053154,0.6457556317128437,0.0028698159128648037,-0.000240339872630606,-0.12686427814542686,1,2025-12-24
2025-12-24,Q4,test,271.60070067851706,274.6823088952694,271.46109654935304,273.06671142578125,17910600,620.5247726871431,622.809417120355,620.255389239048,622.460205078125,18468700,482.61817584356095,486.0762481946253,481.77352833631136,484.94342041015625,5855900,187.71105179508496,188.67987134928,186.3626902843432,188.38023376464844,65528500,-0.03326538908147425,-0.05693485435541523,0.06418168225707033,0.07837595873292647,0.6439236381470779,-0.004308379303032104,0.00018856886551659547,0.10442444146779137,0,2025-12-26
2025-12-26,Q4,test,273.41578359787746,274.6224904749486,272.11929424741834,272.6578369140625,21521800,623.1884938656726,624.0465142854792,621.6721158574088,622.4203491210938,28959800,483.64171061957336,485.04282544173617,482.8964387136479,484.6354064941406,8842200,189.68863982420257,192.45526970950263,187.7709805748158,190.2978973388672,139740300,-0.021139204090953045,-0.04646785674551013,0.05091332049950004,0.08641279606554919,0.6457720329300839,-0.0022498785479668406,7.543734901830475e-05,0.08638063502202296,1,2025-12-29
2025-12-29,Q4,test,271.9497734782625,273.6152231466168,271.6107000753325,273.0168762207031,23715200,618.6392040742111,621.312944373981,617.2724362589381,619.4074096679688,32458300,481.8033366009864,485.2713556042012,481.1276307272214,484.02923583984375,10893400,187.4813341773615,188.53004285167208,185.68352392965696,187.9907073974609,120006100,-0.007158440224910301,-0.020858870572197263,0.021187609131899654,0.03751851269326334,0.777754379631494,-0.00015056143960136088,1.2846304179581176e-06,0.12816861053290102,0,2025-12-30
2025-12-30,Q4,test,272.06942798009953,273.3359694836473,271.54086793463244,272.33868408203125,22139600,618.3798323976478,620.7142858196408,617.7612369489017,617.9707641601562,31226800,482.8666136001516,486.5929730105466,482.43933166580535,484.4068603515625,13944500,188.0106981731968,188.75978454971104,186.70228116711607,187.31153869628903,97687300,0.007431556490126612,-0.00533248687604948,0.013119237068764611,0.01567993611467089,0.615766192140477,-0.003733472317528619,3.8583201160518886e-05,0.27033298610850315,0,2025-12-31
2025-12-31,Q4,test,272.3187639976345,272.9370761103812,271.0123224859311,271.1220092773437,27293600,618.1903012408169,618.4995685313527,612.6034567489972,612.8628540039062,40746500,484.7645645601486,485.0626915008753,480.25317705215497,480.5711669921875,15601600,189.33906392286715,190.32784810299728,186.26281429981768,186.27279663085935,120100500,0.010702102146742276,0.008642798927205098,-0.010478657858636553,0.007688391875531497,0.5921276465919758,0.0006200655125894725,2.0361447735927723e-05,0.04257839029971651,0,2026-01-02
