Date,target_date,actual,predicted,probability_up,split,experiment,model,seed
2025-07-01,2025-07-02,1,1,0.5041322314049587,validation,baseline,majority_class,
2025-07-02,2025-07-03,1,1,0.5041322314049587,validation,baseline,majority_class,
2025-07-03,2025-07-07,0,1,0.5041322314049587,validation,baseline,majority_class,
2025-07-07,2025-07-08,1,1,0.5041322314049587,validation,baseline,majority_class,
2025-07-08,2025-07-09,1,1,0.5041322314049587,validation,baseline,majority_class,
2025-07-09,2025-07-10,1,1,0.5041322314049587,validation,baseline,majority_class,
2025-07-10,2025-07-11,0,1,0.5041322314049587,validation,baseline,majority_class,
2025-07-11,2025-07-14,0,1,0.5041322314049587,validation,baseline,majority_class,
2025-07-14,2025-07-15,1,1,0.5041322314049587,validation,baseline,majority_class,
2025-07-15,2025-07-16,1,1,0.5041322314049587,validation,baseline,majority_class,
2025-07-16,2025-07-17,0,1,0.5041322314049587,validation,baseline,majority_class,
2025-07-17,2025-07-18,1,1,0.5041322314049587,validation,baseline,majority_class,
2025-07-18,2025-07-21,1,1,0.5041322314049587,validation,baseline,majority_class,
2025-07-21,2025-07-22,1,1,0.5041322314049587,validation,baseline,majority_class,
2025-07-22,2025-07-23,0,1,0.5041322314049587,validation,baseline,majority_class,
2025-07-23,2025-07-24,0,1,0.5041322314049587,validation,baseline,majority_class,
2025-07-24,2025-07-25,1,1,0.5041322314049587,validation,baseline,majority_class,
2025-07-25,2025-07-28,1,1,0.5041322314049587,validation,baseline,majority_class,
2025-07-28,2025-07-29,0,1,0.5041322314049587,validation,baseline,majority_class,
2025-07-29,2025-07-30,0,1,0.5041322314049587,validation,baseline,majority_class,
2025-07-30,2025-07-31,0,1,0.5041322314049587,validation,baseline,majority_class,
2025-07-31,2025-08-01,0,1,0.5041322314049587,validation,baseline,majority_class,
2025-08-01,2025-08-04,1,1,0.5041322314049587,validation,baseline,majority_class,
2025-08-04,2025-08-05,0,1,0.5041322314049587,validation,baseline,majority_class,
2025-08-05,2025-08-06,1,1,0.5041322314049587,validation,baseline,majority_class,
2025-08-06,2025-08-07,1,1,0.5041322314049587,validation,baseline,majority_class,
2025-08-07,2025-08-08,1,1,0.5041322314049587,validation,baseline,majority_class,
2025-08-08,2025-08-11,0,1,0.5041322314049587,validation,baseline,majority_class,
2025-08-11,2025-08-12,1,1,0.5041322314049587,validation,baseline,majority_class,
2025-08-12,2025-08-13,1,1,0.5041322314049587,validation,baseline,majority_class,
2025-08-13,2025-08-14,0,1,0.5041322314049587,validation,baseline,majority_class,
2025-08-14,2025-08-15,0,1,0.5041322314049587,validation,baseline,majority_class,
2025-08-15,2025-08-18,0,1,0.5041322314049587,validation,baseline,majority_class,
2025-08-18,2025-08-19,0,1,0.5041322314049587,validation,baseline,majority_class,
2025-08-19,2025-08-20,0,1,0.5041322314049587,validation,baseline,majority_class,
2025-08-20,2025-08-21,0,1,0.5041322314049587,validation,baseline,majority_class,
2025-08-21,2025-08-22,1,1,0.5041322314049587,validation,baseline,majority_class,
2025-08-22,2025-08-25,0,1,0.5041322314049587,validation,baseline,majority_class,
2025-08-25,2025-08-26,1,1,0.5041322314049587,validation,baseline,majority_class,
2025-08-26,2025-08-27,1,1,0.5041322314049587,validation,baseline,majority_class,
2025-08-27,2025-08-28,1,1,0.5041322314049587,validation,baseline,majority_class,
2025-08-28,2025-08-29,0,1,0.5041322314049587,validation,baseline,majority_class,
2025-08-29,2025-09-02,0,1,0.5041322314049587,validation,baseline,majority_class,
2025-09-02,2025-09-03,1,1,0.5041322314049587,validation,baseline,majority_class,
2025-09-03,2025-09-04,1,1,0.5041322314049587,validation,baseline,majority_class,
2025-09-04,2025-09-05,0,1,0.5041322314049587,validation,baseline,majority_class,
2025-09-05,2025-09-08,0,1,0.5041322314049587,validation,baseline,majority_class,
2025-09-08,2025-09-09,0,1,0.5041322314049587,validation,baseline,majority_class,
2025-09-09,2025-09-10,0,1,0.5041322314049587,validation,baseline,majority_class,
2025-09-10,2025-09-11,1,1,0.5041322314049587,validation,baseline,majority_class,
2025-09-11,2025-09-12,1,1,0.5041322314049587,validation,baseline,majority_class,
2025-09-12,2025-09-15,1,1,0.5041322314049587,validation,baseline,majority_class,
2025-09-15,2025-09-16,1,1,0.5041322314049587,validation,baseline,majority_class,
2025-09-16,2025-09-17,1,1,0.5041322314049587,validation,baseline,majority_class,
2025-09-17,2025-09-18,0,1,0.5041322314049587,validation,baseline,majority_class,
2025-09-18,2025-09-19,1,1,0.5041322314049587,validation,baseline,majority_class,
2025-09-19,2025-09-22,1,1,0.5041322314049587,validation,baseline,majority_class,
2025-09-22,2025-09-23,0,1,0.5041322314049587,validation,baseline,majority_class,
2025-09-23,2025-09-24,0,1,0.5041322314049587,validation,baseline,majority_class,
2025-09-24,2025-09-25,1,1,0.5041322314049587,validation,baseline,majority_class,
2025-09-25,2025-09-26,0,1,0.5041322314049587,validation,baseline,majority_class,
2025-09-26,2025-09-29,0,1,0.5041322314049587,validation,baseline,majority_class,
2025-09-29,2025-09-30,1,1,0.5041322314049587,validation,baseline,majority_class,
2025-07-01,2025-07-02,1,1,1.0,validation,baseline,previous_direction,
2025-07-02,2025-07-03,1,1,1.0,validation,baseline,previous_direction,
2025-07-03,2025-07-07,0,1,1.0,validation,baseline,previous_direction,
2025-07-07,2025-07-08,1,0,0.0,validation,baseline,previous_direction,
2025-07-08,2025-07-09,1,1,1.0,validation,baseline,previous_direction,
2025-07-09,2025-07-10,1,1,1.0,validation,baseline,previous_direction,
2025-07-10,2025-07-11,0,1,1.0,validation,baseline,previous_direction,
2025-07-11,2025-07-14,0,0,0.0,validation,baseline,previous_direction,
2025-07-14,2025-07-15,1,0,0.0,validation,baseline,previous_direction,
2025-07-15,2025-07-16,1,1,1.0,validation,baseline,previous_direction,
2025-07-16,2025-07-17,0,1,1.0,validation,baseline,previous_direction,
2025-07-17,2025-07-18,1,0,0.0,validation,baseline,previous_direction,
2025-07-18,2025-07-21,1,1,1.0,validation,baseline,previous_direction,
2025-07-21,2025-07-22,1,1,1.0,validation,baseline,previous_direction,
2025-07-22,2025-07-23,0,1,1.0,validation,baseline,previous_direction,
2025-07-23,2025-07-24,0,0,0.0,validation,baseline,previous_direction,
2025-07-24,2025-07-25,1,0,0.0,validation,baseline,previous_direction,
2025-07-25,2025-07-28,1,1,1.0,validation,baseline,previous_direction,
2025-07-28,2025-07-29,0,1,1.0,validation,baseline,previous_direction,
2025-07-29,2025-07-30,0,0,0.0,validation,baseline,previous_direction,
2025-07-30,2025-07-31,0,0,0.0,validation,baseline,previous_direction,
2025-07-31,2025-08-01,0,0,0.0,validation,baseline,previous_direction,
2025-08-01,2025-08-04,1,0,0.0,validation,baseline,previous_direction,
2025-08-04,2025-08-05,0,1,1.0,validation,baseline,previous_direction,
2025-08-05,2025-08-06,1,0,0.0,validation,baseline,previous_direction,
2025-08-06,2025-08-07,1,1,1.0,validation,baseline,previous_direction,
2025-08-07,2025-08-08,1,1,1.0,validation,baseline,previous_direction,
2025-08-08,2025-08-11,0,1,1.0,validation,baseline,previous_direction,
2025-08-11,2025-08-12,1,0,0.0,validation,baseline,previous_direction,
2025-08-12,2025-08-13,1,1,1.0,validation,baseline,previous_direction,
2025-08-13,2025-08-14,0,1,1.0,validation,baseline,previous_direction,
2025-08-14,2025-08-15,0,0,0.0,validation,baseline,previous_direction,
2025-08-15,2025-08-18,0,0,0.0,validation,baseline,previous_direction,
2025-08-18,2025-08-19,0,0,0.0,validation,baseline,previous_direction,
2025-08-19,2025-08-20,0,0,0.0,validation,baseline,previous_direction,
2025-08-20,2025-08-21,0,0,0.0,validation,baseline,previous_direction,
2025-08-21,2025-08-22,1,0,0.0,validation,baseline,previous_direction,
2025-08-22,2025-08-25,0,1,1.0,validation,baseline,previous_direction,
2025-08-25,2025-08-26,1,0,0.0,validation,baseline,previous_direction,
2025-08-26,2025-08-27,1,1,1.0,validation,baseline,previous_direction,
2025-08-27,2025-08-28,1,1,1.0,validation,baseline,previous_direction,
2025-08-28,2025-08-29,0,1,1.0,validation,baseline,previous_direction,
2025-08-29,2025-09-02,0,0,0.0,validation,baseline,previous_direction,
2025-09-02,2025-09-03,1,0,0.0,validation,baseline,previous_direction,
2025-09-03,2025-09-04,1,1,1.0,validation,baseline,previous_direction,
2025-09-04,2025-09-05,0,1,1.0,validation,baseline,previous_direction,
2025-09-05,2025-09-08,0,0,0.0,validation,baseline,previous_direction,
2025-09-08,2025-09-09,0,0,0.0,validation,baseline,previous_direction,
2025-09-09,2025-09-10,0,0,0.0,validation,baseline,previous_direction,
2025-09-10,2025-09-11,1,0,0.0,validation,baseline,previous_direction,
2025-09-11,2025-09-12,1,1,1.0,validation,baseline,previous_direction,
2025-09-12,2025-09-15,1,1,1.0,validation,baseline,previous_direction,
2025-09-15,2025-09-16,1,1,1.0,validation,baseline,previous_direction,
2025-09-16,2025-09-17,1,1,1.0,validation,baseline,previous_direction,
2025-09-17,2025-09-18,0,1,1.0,validation,baseline,previous_direction,
2025-09-18,2025-09-19,1,0,0.0,validation,baseline,previous_direction,
2025-09-19,2025-09-22,1,1,1.0,validation,baseline,previous_direction,
2025-09-22,2025-09-23,0,1,1.0,validation,baseline,previous_direction,
2025-09-23,2025-09-24,0,0,0.0,validation,baseline,previous_direction,
2025-09-24,2025-09-25,1,0,0.0,validation,baseline,previous_direction,
2025-09-25,2025-09-26,0,1,1.0,validation,baseline,previous_direction,
2025-09-26,2025-09-29,0,0,0.0,validation,baseline,previous_direction,
2025-09-29,2025-09-30,1,0,0.0,validation,baseline,previous_direction,
2025-10-01,2025-10-02,1,1,0.5041322314049587,test,baseline,majority_class,
2025-10-02,2025-10-03,1,1,0.5041322314049587,test,baseline,majority_class,
2025-10-03,2025-10-06,0,1,0.5041322314049587,test,baseline,majority_class,
2025-10-06,2025-10-07,0,1,0.5041322314049587,test,baseline,majority_class,
2025-10-07,2025-10-08,1,1,0.5041322314049587,test,baseline,majority_class,
2025-10-08,2025-10-09,0,1,0.5041322314049587,test,baseline,majority_class,
2025-10-09,2025-10-10,0,1,0.5041322314049587,test,baseline,majority_class,
2025-10-10,2025-10-13,1,1,0.5041322314049587,test,baseline,majority_class,
2025-10-13,2025-10-14,1,1,0.5041322314049587,test,baseline,majority_class,
2025-10-14,2025-10-15,1,1,0.5041322314049587,test,baseline,majority_class,
2025-10-15,2025-10-16,0,1,0.5041322314049587,test,baseline,majority_class,
2025-10-16,2025-10-17,1,1,0.5041322314049587,test,baseline,majority_class,
2025-10-17,2025-10-20,1,1,0.5041322314049587,test,baseline,majority_class,
2025-10-20,2025-10-21,1,1,0.5041322314049587,test,baseline,majority_class,
2025-10-21,2025-10-22,0,1,0.5041322314049587,test,baseline,majority_class,
2025-10-22,2025-10-23,1,1,0.5041322314049587,test,baseline,majority_class,
2025-10-23,2025-10-24,1,1,0.5041322314049587,test,baseline,majority_class,
2025-10-24,2025-10-27,1,1,0.5041322314049587,test,baseline,majority_class,
2025-10-27,2025-10-28,1,1,0.5041322314049587,test,baseline,majority_class,
2025-10-28,2025-10-29,1,1,0.5041322314049587,test,baseline,majority_class,
2025-10-29,2025-10-30,1,1,0.5041322314049587,test,baseline,majority_class,
2025-10-30,2025-10-31,0,1,0.5041322314049587,test,baseline,majority_class,
2025-10-31,2025-11-03,0,1,0.5041322314049587,test,baseline,majority_class,
2025-11-03,2025-11-04,1,1,0.5041322314049587,test,baseline,majority_class,
2025-11-04,2025-11-05,1,1,0.5041322314049587,test,baseline,majority_class,
2025-11-05,2025-11-06,0,1,0.5041322314049587,test,baseline,majority_class,
2025-11-06,2025-11-07,0,1,0.5041322314049587,test,baseline,majority_class,
2025-11-07,2025-11-10,1,1,0.5041322314049587,test,baseline,majority_class,
2025-11-10,2025-11-11,1,1,0.5041322314049587,test,baseline,majority_class,
2025-11-11,2025-11-12,0,1,0.5041322314049587,test,baseline,majority_class,
2025-11-12,2025-11-13,0,1,0.5041322314049587,test,baseline,majority_class,
2025-11-13,2025-11-14,0,1,0.5041322314049587,test,baseline,majority_class,
2025-11-14,2025-11-17,0,1,0.5041322314049587,test,baseline,majority_class,
2025-11-17,2025-11-18,0,1,0.5041322314049587,test,baseline,majority_class,
2025-11-18,2025-11-19,1,1,0.5041322314049587,test,baseline,majority_class,
2025-11-19,2025-11-20,0,1,0.5041322314049587,test,baseline,majority_class,
2025-11-20,2025-11-21,1,1,0.5041322314049587,test,baseline,majority_class,
2025-11-21,2025-11-24,1,1,0.5041322314049587,test,baseline,majority_class,
2025-11-24,2025-11-25,1,1,0.5041322314049587,test,baseline,majority_class,
2025-11-25,2025-11-26,1,1,0.5041322314049587,test,baseline,majority_class,
2025-11-26,2025-11-28,1,1,0.5041322314049587,test,baseline,majority_class,
2025-11-28,2025-12-01,1,1,0.5041322314049587,test,baseline,majority_class,
2025-12-01,2025-12-02,1,1,0.5041322314049587,test,baseline,majority_class,
2025-12-02,2025-12-03,0,1,0.5041322314049587,test,baseline,majority_class,
2025-12-03,2025-12-04,0,1,0.5041322314049587,test,baseline,majority_class,
2025-12-04,2025-12-05,0,1,0.5041322314049587,test,baseline,majority_class,
2025-12-05,2025-12-08,0,1,0.5041322314049587,test,baseline,majority_class,
2025-12-08,2025-12-09,0,1,0.5041322314049587,test,baseline,majority_class,
2025-12-09,2025-12-10,1,1,0.5041322314049587,test,baseline,majority_class,
2025-12-10,2025-12-11,0,1,0.5041322314049587,test,baseline,majority_class,
2025-12-11,2025-12-12,1,1,0.5041322314049587,test,baseline,majority_class,
2025-12-12,2025-12-15,0,1,0.5041322314049587,test,baseline,majority_class,
2025-12-15,2025-12-16,1,1,0.5041322314049587,test,baseline,majority_class,
2025-12-16,2025-12-17,0,1,0.5041322314049587,test,baseline,majority_class,
2025-12-17,2025-12-18,1,1,0.5041322314049587,test,baseline,majority_class,
2025-12-18,2025-12-19,1,1,0.5041322314049587,test,baseline,majority_class,
2025-12-19,2025-12-22,0,1,0.5041322314049587,test,baseline,majority_class,
2025-12-22,2025-12-23,1,1,0.5041322314049587,test,baseline,majority_class,
2025-12-23,2025-12-24,1,1,0.5041322314049587,test,baseline,majority_class,
2025-12-24,2025-12-26,0,1,0.5041322314049587,test,baseline,majority_class,
2025-12-26,2025-12-29,1,1,0.5041322314049587,test,baseline,majority_class,
2025-12-29,2025-12-30,0,1,0.5041322314049587,test,baseline,majority_class,
2025-12-30,2025-12-31,0,1,0.5041322314049587,test,baseline,majority_class,
2025-10-01,2025-10-02,1,1,1.0,test,baseline,previous_direction,
2025-10-02,2025-10-03,1,1,1.0,test,baseline,previous_direction,
2025-10-03,2025-10-06,0,1,1.0,test,baseline,previous_direction,
2025-10-06,2025-10-07,0,0,0.0,test,baseline,previous_direction,
2025-10-07,2025-10-08,1,0,0.0,test,baseline,previous_direction,
2025-10-08,2025-10-09,0,1,1.0,test,baseline,previous_direction,
2025-10-09,2025-10-10,0,0,0.0,test,baseline,previous_direction,
2025-10-10,2025-10-13,1,0,0.0,test,baseline,previous_direction,
2025-10-13,2025-10-14,1,1,1.0,test,baseline,previous_direction,
2025-10-14,2025-10-15,1,1,1.0,test,baseline,previous_direction,
2025-10-15,2025-10-16,0,1,1.0,test,baseline,previous_direction,
2025-10-16,2025-10-17,1,0,0.0,test,baseline,previous_direction,
2025-10-17,2025-10-20,1,1,1.0,test,baseline,previous_direction,
2025-10-20,2025-10-21,1,1,1.0,test,baseline,previous_direction,
2025-10-21,2025-10-22,0,1,1.0,test,baseline,previous_direction,
2025-10-22,2025-10-23,1,0,0.0,test,baseline,previous_direction,
2025-10-23,2025-10-24,1,1,1.0,test,baseline,previous_direction,
2025-10-24,2025-10-27,1,1,1.0,test,baseline,previous_direction,
2025-10-27,2025-10-28,1,1,1.0,test,baseline,previous_direction,
2025-10-28,2025-10-29,1,1,1.0,test,baseline,previous_direction,
2025-10-29,2025-10-30,1,1,1.0,test,baseline,previous_direction,
2025-10-30,2025-10-31,0,1,1.0,test,baseline,previous_direction,
2025-10-31,2025-11-03,0,0,0.0,test,baseline,previous_direction,
2025-11-03,2025-11-04,1,0,0.0,test,baseline,previous_direction,
2025-11-04,2025-11-05,1,1,1.0,test,baseline,previous_direction,
2025-11-05,2025-11-06,0,1,1.0,test,baseline,previous_direction,
2025-11-06,2025-11-07,0,0,0.0,test,baseline,previous_direction,
2025-11-07,2025-11-10,1,0,0.0,test,baseline,previous_direction,
2025-11-10,2025-11-11,1,1,1.0,test,baseline,previous_direction,
2025-11-11,2025-11-12,0,1,1.0,test,baseline,previous_direction,
2025-11-12,2025-11-13,0,0,0.0,test,baseline,previous_direction,
2025-11-13,2025-11-14,0,0,0.0,test,baseline,previous_direction,
2025-11-14,2025-11-17,0,0,0.0,test,baseline,previous_direction,
2025-11-17,2025-11-18,0,0,0.0,test,baseline,previous_direction,
2025-11-18,2025-11-19,1,0,0.0,test,baseline,previous_direction,
2025-11-19,2025-11-20,0,1,1.0,test,baseline,previous_direction,
2025-11-20,2025-11-21,1,0,0.0,test,baseline,previous_direction,
2025-11-21,2025-11-24,1,1,1.0,test,baseline,previous_direction,
2025-11-24,2025-11-25,1,1,1.0,test,baseline,previous_direction,
2025-11-25,2025-11-26,1,1,1.0,test,baseline,previous_direction,
2025-11-26,2025-11-28,1,1,1.0,test,baseline,previous_direction,
2025-11-28,2025-12-01,1,1,1.0,test,baseline,previous_direction,
2025-12-01,2025-12-02,1,1,1.0,test,baseline,previous_direction,
2025-12-02,2025-12-03,0,1,1.0,test,baseline,previous_direction,
2025-12-03,2025-12-04,0,0,0.0,test,baseline,previous_direction,
2025-12-04,2025-12-05,0,0,0.0,test,baseline,previous_direction,
2025-12-05,2025-12-08,0,0,0.0,test,baseline,previous_direction,
2025-12-08,2025-12-09,0,0,0.0,test,baseline,previous_direction,
2025-12-09,2025-12-10,1,0,0.0,test,baseline,previous_direction,
2025-12-10,2025-12-11,0,1,1.0,test,baseline,previous_direction,
2025-12-11,2025-12-12,1,0,0.0,test,baseline,previous_direction,
2025-12-12,2025-12-15,0,1,1.0,test,baseline,previous_direction,
2025-12-15,2025-12-16,1,0,0.0,test,baseline,previous_direction,
2025-12-16,2025-12-17,0,1,1.0,test,baseline,previous_direction,
2025-12-17,2025-12-18,1,0,0.0,test,baseline,previous_direction,
2025-12-18,2025-12-19,1,1,1.0,test,baseline,previous_direction,
2025-12-19,2025-12-22,0,1,1.0,test,baseline,previous_direction,
2025-12-22,2025-12-23,1,0,0.0,test,baseline,previous_direction,
2025-12-23,2025-12-24,1,1,1.0,test,baseline,previous_direction,
2025-12-24,2025-12-26,0,1,1.0,test,baseline,previous_direction,
2025-12-26,2025-12-29,1,0,0.0,test,baseline,previous_direction,
2025-12-29,2025-12-30,0,1,1.0,test,baseline,previous_direction,
2025-12-30,2025-12-31,0,0,0.0,test,baseline,previous_direction,
2025-07-01,2025-07-02,1,0,0.39967573839940657,validation,A,logistic_regression,42.0
2025-07-02,2025-07-03,1,0,0.4039927441440345,validation,A,logistic_regression,42.0
2025-07-03,2025-07-07,0,0,0.36370005434406366,validation,A,logistic_regression,42.0
2025-07-07,2025-07-08,1,0,0.26636439761675745,validation,A,logistic_regression,42.0
2025-07-08,2025-07-09,1,0,0.23432277740700766,validation,A,logistic_regression,42.0
2025-07-09,2025-07-10,1,0,0.21348744908055248,validation,A,logistic_regression,42.0
2025-07-10,2025-07-11,0,0,0.36992590199104075,validation,A,logistic_regression,42.0
2025-07-11,2025-07-14,0,0,0.3628117163726997,validation,A,logistic_regression,42.0
2025-07-14,2025-07-15,1,0,0.3339560423665331,validation,A,logistic_regression,42.0
2025-07-15,2025-07-16,1,0,0.27070400473124695,validation,A,logistic_regression,42.0
2025-07-16,2025-07-17,0,0,0.31886291713632153,validation,A,logistic_regression,42.0
2025-07-17,2025-07-18,1,0,0.3887055337206067,validation,A,logistic_regression,42.0
2025-07-18,2025-07-21,1,0,0.3645518190819655,validation,A,logistic_regression,42.0
2025-07-21,2025-07-22,1,0,0.37308549469758484,validation,A,logistic_regression,42.0
2025-07-22,2025-07-23,0,0,0.38250905981012556,validation,A,logistic_regression,42.0
2025-07-23,2025-07-24,0,0,0.3649442198086882,validation,A,logistic_regression,42.0
2025-07-24,2025-07-25,1,0,0.3496130915075275,validation,A,logistic_regression,42.0
2025-07-25,2025-07-28,1,0,0.31611622745905543,validation,A,logistic_regression,42.0
2025-07-28,2025-07-29,0,0,0.33918609233702296,validation,A,logistic_regression,42.0
2025-07-29,2025-07-30,0,0,0.39001331438783793,validation,A,logistic_regression,42.0
2025-07-30,2025-07-31,0,0,0.3979720830283338,validation,A,logistic_regression,42.0
2025-07-31,2025-08-01,0,0,0.38472907065321316,validation,A,logistic_regression,42.0
2025-08-01,2025-08-04,1,0,0.4374046814009938,validation,A,logistic_regression,42.0
2025-08-04,2025-08-05,0,0,0.43554572827832305,validation,A,logistic_regression,42.0
2025-08-05,2025-08-06,1,0,0.4796354979373487,validation,A,logistic_regression,42.0
2025-08-06,2025-08-07,1,0,0.3559180308333684,validation,A,logistic_regression,42.0
2025-08-07,2025-08-08,1,0,0.3770706686421321,validation,A,logistic_regression,42.0
2025-08-08,2025-08-11,0,0,0.35767513631256204,validation,A,logistic_regression,42.0
2025-08-11,2025-08-12,1,0,0.21492593097669052,validation,A,logistic_regression,42.0
2025-08-12,2025-08-13,1,0,0.1244707532612906,validation,A,logistic_regression,42.0
2025-08-13,2025-08-14,0,0,0.10081831810587448,validation,A,logistic_regression,42.0
2025-08-14,2025-08-15,0,0,0.17271084276085225,validation,A,logistic_regression,42.0
2025-08-15,2025-08-18,0,0,0.26641078560433007,validation,A,logistic_regression,42.0
2025-08-18,2025-08-19,0,0,0.2196303145212533,validation,A,logistic_regression,42.0
2025-08-19,2025-08-20,0,0,0.26299411370015346,validation,A,logistic_regression,42.0
2025-08-20,2025-08-21,0,0,0.3703477685463488,validation,A,logistic_regression,42.0
2025-08-21,2025-08-22,1,0,0.38184404372800673,validation,A,logistic_regression,42.0
2025-08-22,2025-08-25,0,0,0.3355848008784734,validation,A,logistic_regression,42.0
2025-08-25,2025-08-26,1,0,0.455067068486276,validation,A,logistic_regression,42.0
2025-08-26,2025-08-27,1,0,0.40985489318994983,validation,A,logistic_regression,42.0
2025-08-27,2025-08-28,1,0,0.3633155098629983,validation,A,logistic_regression,42.0
2025-08-28,2025-08-29,0,0,0.3554309658924191,validation,A,logistic_regression,42.0
2025-08-29,2025-09-02,0,0,0.30460132278109914,validation,A,logistic_regression,42.0
2025-09-02,2025-09-03,1,0,0.27710261669444175,validation,A,logistic_regression,42.0
2025-09-03,2025-09-04,1,0,0.14539784377588072,validation,A,logistic_regression,42.0
2025-09-04,2025-09-05,0,0,0.2353762455755625,validation,A,logistic_regression,42.0
2025-09-05,2025-09-08,0,0,0.33364757458686223,validation,A,logistic_regression,42.0
2025-09-08,2025-09-09,0,0,0.22243590611139274,validation,A,logistic_regression,42.0
2025-09-09,2025-09-10,0,0,0.17370390393813642,validation,A,logistic_regression,42.0
2025-09-10,2025-09-11,1,0,0.3102138399575992,validation,A,logistic_regression,42.0
2025-09-11,2025-09-12,1,0,0.32088900824078104,validation,A,logistic_regression,42.0
2025-09-12,2025-09-15,1,0,0.3528694432610974,validation,A,logistic_regression,42.0
2025-09-15,2025-09-16,1,1,0.5009049762724402,validation,A,logistic_regression,42.0
2025-09-16,2025-09-17,1,0,0.39280812411833543,validation,A,logistic_regression,42.0
2025-09-17,2025-09-18,0,0,0.4016451383301478,validation,A,logistic_regression,42.0
2025-09-18,2025-09-19,1,0,0.3311915627848789,validation,A,logistic_regression,42.0
2025-09-19,2025-09-22,1,0,0.1998936967473181,validation,A,logistic_regression,42.0
2025-09-22,2025-09-23,0,0,0.20296438018513885,validation,A,logistic_regression,42.0
2025-09-23,2025-09-24,0,0,0.2966372585182835,validation,A,logistic_regression,42.0
2025-09-24,2025-09-25,1,0,0.19414884441470234,validation,A,logistic_regression,42.0
2025-09-25,2025-09-26,0,0,0.0828908694414772,validation,A,logistic_regression,42.0
2025-09-26,2025-09-29,0,0,0.15853543013750432,validation,A,logistic_regression,42.0
2025-09-29,2025-09-30,1,0,0.34235982856485314,validation,A,logistic_regression,42.0
2025-07-01,2025-07-02,1,0,0.3757883649046022,validation,A,random_forest,0.0
2025-07-02,2025-07-03,1,0,0.4718825591621836,validation,A,random_forest,0.0
2025-07-03,2025-07-07,0,1,0.5083529007380471,validation,A,random_forest,0.0
2025-07-07,2025-07-08,1,0,0.38526719326130066,validation,A,random_forest,0.0
2025-07-08,2025-07-09,1,0,0.3870938578010336,validation,A,random_forest,0.0
2025-07-09,2025-07-10,1,0,0.3727825943121223,validation,A,random_forest,0.0
2025-07-10,2025-07-11,0,0,0.41993023434401294,validation,A,random_forest,0.0
2025-07-11,2025-07-14,0,0,0.38445383524617943,validation,A,random_forest,0.0
2025-07-14,2025-07-15,1,0,0.3531673021497615,validation,A,random_forest,0.0
2025-07-15,2025-07-16,1,0,0.34787993258294186,validation,A,random_forest,0.0
2025-07-16,2025-07-17,0,0,0.31498005985111693,validation,A,random_forest,0.0
2025-07-17,2025-07-18,1,0,0.32876487127282916,validation,A,random_forest,0.0
2025-07-18,2025-07-21,1,0,0.380991715932054,validation,A,random_forest,0.0
2025-07-21,2025-07-22,1,0,0.2710862571682602,validation,A,random_forest,0.0
2025-07-22,2025-07-23,0,0,0.3251318001745501,validation,A,random_forest,0.0
2025-07-23,2025-07-24,0,0,0.3720959947825365,validation,A,random_forest,0.0
2025-07-24,2025-07-25,1,0,0.3887803842535873,validation,A,random_forest,0.0
2025-07-25,2025-07-28,1,0,0.3524922653141389,validation,A,random_forest,0.0
2025-07-28,2025-07-29,0,0,0.38986573611238046,validation,A,random_forest,0.0
2025-07-29,2025-07-30,0,0,0.2670329035689486,validation,A,random_forest,0.0
2025-07-30,2025-07-31,0,0,0.3310522508968668,validation,A,random_forest,0.0
2025-07-31,2025-08-01,0,0,0.41709104373275757,validation,A,random_forest,0.0
2025-08-01,2025-08-04,1,0,0.4334456475281763,validation,A,random_forest,0.0
2025-08-04,2025-08-05,0,0,0.3425596993287505,validation,A,random_forest,0.0
2025-08-05,2025-08-06,1,0,0.4529386834220071,validation,A,random_forest,0.0
2025-08-06,2025-08-07,1,1,0.5357538075231266,validation,A,random_forest,0.0
2025-08-07,2025-08-08,1,0,0.42552231400314977,validation,A,random_forest,0.0
2025-08-08,2025-08-11,0,0,0.459847167077347,validation,A,random_forest,0.0
2025-08-11,2025-08-12,1,0,0.3212765884495466,validation,A,random_forest,0.0
2025-08-12,2025-08-13,1,0,0.3239874575749956,validation,A,random_forest,0.0
2025-08-13,2025-08-14,0,0,0.35519763962283335,validation,A,random_forest,0.0
2025-08-14,2025-08-15,0,0,0.38135509803900053,validation,A,random_forest,0.0
2025-08-15,2025-08-18,0,0,0.3896207222329673,validation,A,random_forest,0.0
2025-08-18,2025-08-19,0,1,0.5141702486409386,validation,A,random_forest,0.0
2025-08-19,2025-08-20,0,0,0.4725856519159435,validation,A,random_forest,0.0
2025-08-20,2025-08-21,0,0,0.34509934492937594,validation,A,random_forest,0.0
2025-08-21,2025-08-22,1,0,0.4013124324744816,validation,A,random_forest,0.0
2025-08-22,2025-08-25,0,0,0.3060810517391633,validation,A,random_forest,0.0
2025-08-25,2025-08-26,1,0,0.4071631837380931,validation,A,random_forest,0.0
2025-08-26,2025-08-27,1,0,0.312127028091426,validation,A,random_forest,0.0
2025-08-27,2025-08-28,1,0,0.437668427045328,validation,A,random_forest,0.0
2025-08-28,2025-08-29,0,0,0.3505229623362183,validation,A,random_forest,0.0
2025-08-29,2025-09-02,0,0,0.387720205971732,validation,A,random_forest,0.0
2025-09-02,2025-09-03,1,0,0.34218947187150067,validation,A,random_forest,0.0
2025-09-03,2025-09-04,1,0,0.475285193342682,validation,A,random_forest,0.0
2025-09-04,2025-09-05,0,0,0.4405537557793856,validation,A,random_forest,0.0
2025-09-05,2025-09-08,0,0,0.44415898314865615,validation,A,random_forest,0.0
2025-09-08,2025-09-09,0,0,0.3997998185757794,validation,A,random_forest,0.0
2025-09-09,2025-09-10,0,0,0.32426390926841414,validation,A,random_forest,0.0
2025-09-10,2025-09-11,1,0,0.3916245583247929,validation,A,random_forest,0.0
2025-09-11,2025-09-12,1,0,0.32795586633951357,validation,A,random_forest,0.0
2025-09-12,2025-09-15,1,0,0.31784862429085536,validation,A,random_forest,0.0
2025-09-15,2025-09-16,1,0,0.33614796090785204,validation,A,random_forest,0.0
2025-09-16,2025-09-17,1,0,0.35400316931972964,validation,A,random_forest,0.0
2025-09-17,2025-09-18,0,0,0.36978311790732926,validation,A,random_forest,0.0
2025-09-18,2025-09-19,1,0,0.35085154865271057,validation,A,random_forest,0.0
2025-09-19,2025-09-22,1,0,0.4992799087783942,validation,A,random_forest,0.0
2025-09-22,2025-09-23,0,0,0.46582713039465395,validation,A,random_forest,0.0
2025-09-23,2025-09-24,0,0,0.35499533656334203,validation,A,random_forest,0.0
2025-09-24,2025-09-25,1,0,0.38546888383968797,validation,A,random_forest,0.0
2025-09-25,2025-09-26,0,0,0.3775608003138101,validation,A,random_forest,0.0
2025-09-26,2025-09-29,0,0,0.39415906427280056,validation,A,random_forest,0.0
2025-09-29,2025-09-30,1,0,0.48674595965910017,validation,A,random_forest,0.0
2025-07-01,2025-07-02,1,0,0.38985582318864026,validation,A,random_forest,1.0
2025-07-02,2025-07-03,1,1,0.5166650775533999,validation,A,random_forest,1.0
2025-07-03,2025-07-07,0,1,0.514977383790037,validation,A,random_forest,1.0
2025-07-07,2025-07-08,1,0,0.37734387302300965,validation,A,random_forest,1.0
2025-07-08,2025-07-09,1,0,0.35512007273701723,validation,A,random_forest,1.0
2025-07-09,2025-07-10,1,0,0.36633143928000533,validation,A,random_forest,1.0
2025-07-10,2025-07-11,0,0,0.4091209747062771,validation,A,random_forest,1.0
2025-07-11,2025-07-14,0,0,0.4040491159719566,validation,A,random_forest,1.0
2025-07-14,2025-07-15,1,0,0.34839601955787386,validation,A,random_forest,1.0
2025-07-15,2025-07-16,1,0,0.34905459990202115,validation,A,random_forest,1.0
2025-07-16,2025-07-17,0,0,0.33000425569776104,validation,A,random_forest,1.0
2025-07-17,2025-07-18,1,0,0.3240698567814349,validation,A,random_forest,1.0
2025-07-18,2025-07-21,1,0,0.35913098662342086,validation,A,random_forest,1.0
2025-07-21,2025-07-22,1,0,0.2729976072476606,validation,A,random_forest,1.0
2025-07-22,2025-07-23,0,0,0.318542208222404,validation,A,random_forest,1.0
2025-07-23,2025-07-24,0,0,0.35692405930259535,validation,A,random_forest,1.0
2025-07-24,2025-07-25,1,0,0.3554372382722072,validation,A,random_forest,1.0
2025-07-25,2025-07-28,1,0,0.3282824567839856,validation,A,random_forest,1.0
2025-07-28,2025-07-29,0,0,0.35660171308967675,validation,A,random_forest,1.0
2025-07-29,2025-07-30,0,0,0.3010071080289759,validation,A,random_forest,1.0
2025-07-30,2025-07-31,0,0,0.4061713545526314,validation,A,random_forest,1.0
2025-07-31,2025-08-01,0,0,0.4462922749532735,validation,A,random_forest,1.0
2025-08-01,2025-08-04,1,0,0.46580179439931535,validation,A,random_forest,1.0
2025-08-04,2025-08-05,0,0,0.39307461978610886,validation,A,random_forest,1.0
2025-08-05,2025-08-06,1,0,0.49571744394800066,validation,A,random_forest,1.0
2025-08-06,2025-08-07,1,1,0.5211221558496648,validation,A,random_forest,1.0
2025-08-07,2025-08-08,1,0,0.46194363609291117,validation,A,random_forest,1.0
2025-08-08,2025-08-11,0,0,0.4833250458434683,validation,A,random_forest,1.0
2025-08-11,2025-08-12,1,0,0.33829999028442675,validation,A,random_forest,1.0
2025-08-12,2025-08-13,1,0,0.3324925408604851,validation,A,random_forest,1.0
2025-08-13,2025-08-14,0,0,0.3718854998582633,validation,A,random_forest,1.0
2025-08-14,2025-08-15,0,0,0.4100302809017214,validation,A,random_forest,1.0
2025-08-15,2025-08-18,0,0,0.3782953170109923,validation,A,random_forest,1.0
2025-08-18,2025-08-19,0,0,0.4625278106874621,validation,A,random_forest,1.0
2025-08-19,2025-08-20,0,0,0.43123106999973726,validation,A,random_forest,1.0
2025-08-20,2025-08-21,0,0,0.3365389493462389,validation,A,random_forest,1.0
2025-08-21,2025-08-22,1,0,0.38563776504153147,validation,A,random_forest,1.0
2025-08-22,2025-08-25,0,0,0.3280683956716297,validation,A,random_forest,1.0
2025-08-25,2025-08-26,1,0,0.4038103448182802,validation,A,random_forest,1.0
2025-08-26,2025-08-27,1,0,0.3497731975022982,validation,A,random_forest,1.0
2025-08-27,2025-08-28,1,0,0.42869830231470635,validation,A,random_forest,1.0
2025-08-28,2025-08-29,0,0,0.374513421015239,validation,A,random_forest,1.0
2025-08-29,2025-09-02,0,0,0.3791399298613983,validation,A,random_forest,1.0
2025-09-02,2025-09-03,1,0,0.32446241004984294,validation,A,random_forest,1.0
2025-09-03,2025-09-04,1,0,0.4997248305785267,validation,A,random_forest,1.0
2025-09-04,2025-09-05,0,0,0.4131876096984685,validation,A,random_forest,1.0
2025-09-05,2025-09-08,0,0,0.4062514061307898,validation,A,random_forest,1.0
2025-09-08,2025-09-09,0,0,0.37650833268581757,validation,A,random_forest,1.0
2025-09-09,2025-09-10,0,0,0.30128844506105645,validation,A,random_forest,1.0
2025-09-10,2025-09-11,1,0,0.4584104253334877,validation,A,random_forest,1.0
2025-09-11,2025-09-12,1,0,0.33347003803286773,validation,A,random_forest,1.0
2025-09-12,2025-09-15,1,0,0.36639307044107927,validation,A,random_forest,1.0
2025-09-15,2025-09-16,1,0,0.3340744585833485,validation,A,random_forest,1.0
2025-09-16,2025-09-17,1,0,0.29029535425902997,validation,A,random_forest,1.0
2025-09-17,2025-09-18,0,0,0.33735167369158403,validation,A,random_forest,1.0
2025-09-18,2025-09-19,1,0,0.3138954301079481,validation,A,random_forest,1.0
2025-09-19,2025-09-22,1,1,0.5340079475177869,validation,A,random_forest,1.0
2025-09-22,2025-09-23,0,0,0.48975513043286756,validation,A,random_forest,1.0
2025-09-23,2025-09-24,0,0,0.377034577820955,validation,A,random_forest,1.0
2025-09-24,2025-09-25,1,0,0.41522736897071005,validation,A,random_forest,1.0
2025-09-25,2025-09-26,0,0,0.4068801411783521,validation,A,random_forest,1.0
2025-09-26,2025-09-29,0,0,0.3897464282379324,validation,A,random_forest,1.0
2025-09-29,2025-09-30,1,0,0.4825460269072827,validation,A,random_forest,1.0
2025-07-01,2025-07-02,1,0,0.3724020990809235,validation,A,random_forest,2.0
2025-07-02,2025-07-03,1,0,0.49978965311394735,validation,A,random_forest,2.0
2025-07-03,2025-07-07,0,0,0.4885683055756807,validation,A,random_forest,2.0
2025-07-07,2025-07-08,1,0,0.39862298626196024,validation,A,random_forest,2.0
2025-07-08,2025-07-09,1,0,0.3796740704567648,validation,A,random_forest,2.0
2025-07-09,2025-07-10,1,0,0.3606272187241361,validation,A,random_forest,2.0
2025-07-10,2025-07-11,0,0,0.3701379903604287,validation,A,random_forest,2.0
2025-07-11,2025-07-14,0,0,0.4164872554926375,validation,A,random_forest,2.0
2025-07-14,2025-07-15,1,0,0.3520794156187835,validation,A,random_forest,2.0
2025-07-15,2025-07-16,1,0,0.3044434677819843,validation,A,random_forest,2.0
2025-07-16,2025-07-17,0,0,0.30506154462433754,validation,A,random_forest,2.0
2025-07-17,2025-07-18,1,0,0.37052125979459055,validation,A,random_forest,2.0
2025-07-18,2025-07-21,1,0,0.36136344046559254,validation,A,random_forest,2.0
2025-07-21,2025-07-22,1,0,0.27353654214726947,validation,A,random_forest,2.0
2025-07-22,2025-07-23,0,0,0.30199325123783294,validation,A,random_forest,2.0
2025-07-23,2025-07-24,0,0,0.3823891277629913,validation,A,random_forest,2.0
2025-07-24,2025-07-25,1,0,0.40434104916472624,validation,A,random_forest,2.0
2025-07-25,2025-07-28,1,0,0.36112626401739417,validation,A,random_forest,2.0
2025-07-28,2025-07-29,0,0,0.3796558723886267,validation,A,random_forest,2.0
2025-07-29,2025-07-30,0,0,0.3363929658615307,validation,A,random_forest,2.0
2025-07-30,2025-07-31,0,0,0.38094570650716486,validation,A,random_forest,2.0
2025-07-31,2025-08-01,0,0,0.44293023653085944,validation,A,random_forest,2.0
2025-08-01,2025-08-04,1,0,0.4775260927494342,validation,A,random_forest,2.0
2025-08-04,2025-08-05,0,0,0.3707357169793938,validation,A,random_forest,2.0
2025-08-05,2025-08-06,1,1,0.5173688565896397,validation,A,random_forest,2.0
2025-08-06,2025-08-07,1,1,0.5243128178732683,validation,A,random_forest,2.0
2025-08-07,2025-08-08,1,0,0.4217520511954749,validation,A,random_forest,2.0
2025-08-08,2025-08-11,0,0,0.4926189861708384,validation,A,random_forest,2.0
2025-08-11,2025-08-12,1,0,0.3662451933174017,validation,A,random_forest,2.0
2025-08-12,2025-08-13,1,0,0.3122016895987248,validation,A,random_forest,2.0
2025-08-13,2025-08-14,0,0,0.37236778078162297,validation,A,random_forest,2.0
2025-08-14,2025-08-15,0,0,0.3913314586118578,validation,A,random_forest,2.0
2025-08-15,2025-08-18,0,0,0.3672043105305273,validation,A,random_forest,2.0
2025-08-18,2025-08-19,0,1,0.5045671719058696,validation,A,random_forest,2.0
2025-08-19,2025-08-20,0,0,0.4617057800113973,validation,A,random_forest,2.0
2025-08-20,2025-08-21,0,0,0.3299797390004084,validation,A,random_forest,2.0
2025-08-21,2025-08-22,1,0,0.4058464559858784,validation,A,random_forest,2.0
2025-08-22,2025-08-25,0,0,0.31966605866000897,validation,A,random_forest,2.0
2025-08-25,2025-08-26,1,0,0.4491582580073458,validation,A,random_forest,2.0
2025-08-26,2025-08-27,1,0,0.30817183796932573,validation,A,random_forest,2.0
2025-08-27,2025-08-28,1,0,0.419544594821616,validation,A,random_forest,2.0
2025-08-28,2025-08-29,0,0,0.35619552939262944,validation,A,random_forest,2.0
2025-08-29,2025-09-02,0,0,0.3662925235018088,validation,A,random_forest,2.0
2025-09-02,2025-09-03,1,0,0.3370962350577089,validation,A,random_forest,2.0
2025-09-03,2025-09-04,1,0,0.4657123397836066,validation,A,random_forest,2.0
2025-09-04,2025-09-05,0,0,0.3731566415109055,validation,A,random_forest,2.0
2025-09-05,2025-09-08,0,0,0.4293311475682259,validation,A,random_forest,2.0
2025-09-08,2025-09-09,0,0,0.43051106072624234,validation,A,random_forest,2.0
2025-09-09,2025-09-10,0,0,0.323942404810431,validation,A,random_forest,2.0
2025-09-10,2025-09-11,1,0,0.4186648005312864,validation,A,random_forest,2.0
2025-09-11,2025-09-12,1,0,0.3021626403535933,validation,A,random_forest,2.0
2025-09-12,2025-09-15,1,0,0.3487728645335627,validation,A,random_forest,2.0
2025-09-15,2025-09-16,1,0,0.2845979089022226,validation,A,random_forest,2.0
2025-09-16,2025-09-17,1,0,0.32071197660505907,validation,A,random_forest,2.0
2025-09-17,2025-09-18,0,0,0.3403159569865487,validation,A,random_forest,2.0
2025-09-18,2025-09-19,1,0,0.36890099093306744,validation,A,random_forest,2.0
2025-09-19,2025-09-22,1,1,0.5053654756744853,validation,A,random_forest,2.0
2025-09-22,2025-09-23,0,0,0.49498857608851476,validation,A,random_forest,2.0
2025-09-23,2025-09-24,0,0,0.3773174774722783,validation,A,random_forest,2.0
2025-09-24,2025-09-25,1,0,0.40270801531694417,validation,A,random_forest,2.0
2025-09-25,2025-09-26,0,0,0.39815044207406286,validation,A,random_forest,2.0
2025-09-26,2025-09-29,0,0,0.4048884526009759,validation,A,random_forest,2.0
2025-09-29,2025-09-30,1,0,0.4873885805816008,validation,A,random_forest,2.0
2025-10-01,2025-10-02,1,0,0.2867464715390283,test,A,logistic_regression,42.0
2025-10-02,2025-10-03,1,0,0.38578328585891614,test,A,logistic_regression,42.0
2025-10-03,2025-10-06,0,0,0.39331727708806125,test,A,logistic_regression,42.0
2025-10-06,2025-10-07,0,0,0.3949622088813752,test,A,logistic_regression,42.0
2025-10-07,2025-10-08,1,0,0.33856440907726604,test,A,logistic_regression,42.0
2025-10-08,2025-10-09,0,0,0.24522565994563428,test,A,logistic_regression,42.0
2025-10-09,2025-10-10,0,0,0.3106058756634105,test,A,logistic_regression,42.0
2025-10-10,2025-10-13,1,0,0.3048315391842561,test,A,logistic_regression,42.0
2025-10-13,2025-10-14,1,0,0.23756225061767064,test,A,logistic_regression,42.0
2025-10-14,2025-10-15,1,0,0.3204945805827034,test,A,logistic_regression,42.0
2025-10-15,2025-10-16,0,1,0.5014118925703677,test,A,logistic_regression,42.0
2025-10-16,2025-10-17,1,0,0.4368147307447205,test,A,logistic_regression,42.0
2025-10-17,2025-10-20,1,0,0.41754561905059345,test,A,logistic_regression,42.0
2025-10-20,2025-10-21,1,0,0.33348192688072503,test,A,logistic_regression,42.0
2025-10-21,2025-10-22,0,0,0.45458183170763594,test,A,logistic_regression,42.0
2025-10-22,2025-10-23,1,0,0.35251811378018943,test,A,logistic_regression,42.0
2025-10-23,2025-10-24,1,0,0.1976762366166826,test,A,logistic_regression,42.0
2025-10-24,2025-10-27,1,0,0.2024955306111432,test,A,logistic_regression,42.0
2025-10-27,2025-10-28,1,0,0.37109269118542065,test,A,logistic_regression,42.0
2025-10-28,2025-10-29,1,0,0.39501828529692595,test,A,logistic_regression,42.0
2025-10-29,2025-10-30,1,0,0.34382592623161895,test,A,logistic_regression,42.0
2025-10-30,2025-10-31,0,0,0.25014842953597377,test,A,logistic_regression,42.0
2025-10-31,2025-11-03,0,0,0.27413935955317387,test,A,logistic_regression,42.0
2025-11-03,2025-11-04,1,0,0.3955396732975324,test,A,logistic_regression,42.0
2025-11-04,2025-11-05,1,0,0.35541583253807607,test,A,logistic_regression,42.0
2025-11-05,2025-11-06,0,0,0.39712357212595417,test,A,logistic_regression,42.0
2025-11-06,2025-11-07,0,0,0.4146675253340093,test,A,logistic_regression,42.0
2025-11-07,2025-11-10,1,0,0.31761362889158384,test,A,logistic_regression,42.0
2025-11-10,2025-11-11,1,0,0.3251448834926857,test,A,logistic_regression,42.0
2025-11-11,2025-11-12,0,0,0.2665004590054943,test,A,logistic_regression,42.0
2025-11-12,2025-11-13,0,0,0.3322366195962988,test,A,logistic_regression,42.0
2025-11-13,2025-11-14,0,0,0.29337203060731104,test,A,logistic_regression,42.0
2025-11-14,2025-11-17,0,0,0.228446829456878,test,A,logistic_regression,42.0
2025-11-17,2025-11-18,0,0,0.29190339975489,test,A,logistic_regression,42.0
2025-11-18,2025-11-19,1,0,0.38163908232571137,test,A,logistic_regression,42.0
2025-11-19,2025-11-20,0,0,0.3301210627532743,test,A,logistic_regression,42.0
2025-11-20,2025-11-21,1,0,0.43196041101139987,test,A,logistic_regression,42.0
2025-11-21,2025-11-24,1,0,0.35709413504609866,test,A,logistic_regression,42.0
2025-11-24,2025-11-25,1,0,0.3561181226475083,test,A,logistic_regression,42.0
2025-11-25,2025-11-26,1,0,0.44527328218489437,test,A,logistic_regression,42.0
2025-11-26,2025-11-28,1,0,0.3742282338095067,test,A,logistic_regression,42.0
2025-11-28,2025-12-01,1,0,0.3236159890384365,test,A,logistic_regression,42.0
2025-12-01,2025-12-02,1,0,0.3168700354077802,test,A,logistic_regression,42.0
2025-12-02,2025-12-03,0,0,0.346842327918874,test,A,logistic_regression,42.0
2025-12-03,2025-12-04,0,0,0.3481847394409822,test,A,logistic_regression,42.0
2025-12-04,2025-12-05,0,0,0.27332522864125597,test,A,logistic_regression,42.0
2025-12-05,2025-12-08,0,0,0.22911544729938482,test,A,logistic_regression,42.0
2025-12-08,2025-12-09,0,0,0.31054587511668913,test,A,logistic_regression,42.0
2025-12-09,2025-12-10,1,0,0.45312034627096254,test,A,logistic_regression,42.0
2025-12-10,2025-12-11,0,0,0.4616966786934846,test,A,logistic_regression,42.0
2025-12-11,2025-12-12,1,0,0.4660187719542788,test,A,logistic_regression,42.0
2025-12-12,2025-12-15,0,0,0.46341490800313995,test,A,logistic_regression,42.0
2025-12-15,2025-12-16,1,0,0.4096578201681889,test,A,logistic_regression,42.0
2025-12-16,2025-12-17,0,0,0.3712138466638574,test,A,logistic_regression,42.0
2025-12-17,2025-12-18,1,0,0.3920439603378769,test,A,logistic_regression,42.0
2025-12-18,2025-12-19,1,0,0.4390033532736289,test,A,logistic_regression,42.0
2025-12-19,2025-12-22,0,0,0.3410593695055039,test,A,logistic_regression,42.0
2025-12-22,2025-12-23,1,0,0.4961012452877362,test,A,logistic_regression,42.0
2025-12-23,2025-12-24,1,0,0.4890598495556048,test,A,logistic_regression,42.0
2025-12-24,2025-12-26,0,0,0.4672606995995511,test,A,logistic_regression,42.0
2025-12-26,2025-12-29,1,1,0.528940927464925,test,A,logistic_regression,42.0
2025-12-29,2025-12-30,0,1,0.5211687900926567,test,A,logistic_regression,42.0
2025-12-30,2025-12-31,0,1,0.5147169679944474,test,A,logistic_regression,42.0
2025-10-01,2025-10-02,1,0,0.3955166566284144,test,A,random_forest,0.0
2025-10-02,2025-10-03,1,0,0.36696843951430824,test,A,random_forest,0.0
2025-10-03,2025-10-06,0,0,0.3330355793150781,test,A,random_forest,0.0
2025-10-06,2025-10-07,0,0,0.38214126987359204,test,A,random_forest,0.0
2025-10-07,2025-10-08,1,0,0.46598060257417967,test,A,random_forest,0.0
2025-10-08,2025-10-09,0,0,0.3738512007868327,test,A,random_forest,0.0
2025-10-09,2025-10-10,0,0,0.270090455249208,test,A,random_forest,0.0
2025-10-10,2025-10-13,1,0,0.3221156612804739,test,A,random_forest,0.0
2025-10-13,2025-10-14,1,0,0.33568335232813595,test,A,random_forest,0.0
2025-10-14,2025-10-15,1,0,0.39364647506094896,test,A,random_forest,0.0
2025-10-15,2025-10-16,0,0,0.37297602287446385,test,A,random_forest,0.0
2025-10-16,2025-10-17,1,0,0.45770093782253324,test,A,random_forest,0.0
2025-10-17,2025-10-20,1,0,0.4178104329207384,test,A,random_forest,0.0
2025-10-20,2025-10-21,1,1,0.5087853080806678,test,A,random_forest,0.0
2025-10-21,2025-10-22,0,0,0.3725409635649308,test,A,random_forest,0.0
2025-10-22,2025-10-23,1,0,0.3412529069939022,test,A,random_forest,0.0
2025-10-23,2025-10-24,1,0,0.3276105994279298,test,A,random_forest,0.0
2025-10-24,2025-10-27,1,0,0.335837260029486,test,A,random_forest,0.0
2025-10-27,2025-10-28,1,1,0.5087656731913395,test,A,random_forest,0.0
2025-10-28,2025-10-29,1,0,0.47186329613920447,test,A,random_forest,0.0
2025-10-29,2025-10-30,1,0,0.4313513829590159,test,A,random_forest,0.0
2025-10-30,2025-10-31,0,0,0.3769680708836476,test,A,random_forest,0.0
2025-10-31,2025-11-03,0,0,0.42271377431072127,test,A,random_forest,0.0
2025-11-03,2025-11-04,1,0,0.35715661331801923,test,A,random_forest,0.0
2025-11-04,2025-11-05,1,0,0.3757153604907268,test,A,random_forest,0.0
2025-11-05,2025-11-06,0,0,0.3448791970395076,test,A,random_forest,0.0
2025-11-06,2025-11-07,0,0,0.28523809482088375,test,A,random_forest,0.0
2025-11-07,2025-11-10,1,0,0.30689812117432475,test,A,random_forest,0.0
2025-11-10,2025-11-11,1,0,0.3417738688325973,test,A,random_forest,0.0
2025-11-11,2025-11-12,0,0,0.4256806405910514,test,A,random_forest,0.0
2025-11-12,2025-11-13,0,0,0.3825849635361379,test,A,random_forest,0.0
2025-11-13,2025-11-14,0,0,0.37151118435856256,test,A,random_forest,0.0
2025-11-14,2025-11-17,0,0,0.3622217016464597,test,A,random_forest,0.0
2025-11-17,2025-11-18,0,0,0.3720734359011102,test,A,random_forest,0.0
2025-11-18,2025-11-19,1,0,0.2750748102340127,test,A,random_forest,0.0
2025-11-19,2025-11-20,0,0,0.23248465601823062,test,A,random_forest,0.0
2025-11-20,2025-11-21,1,0,0.29775133045912466,test,A,random_forest,0.0
2025-11-21,2025-11-24,1,0,0.4398026919820262,test,A,random_forest,0.0
2025-11-24,2025-11-25,1,0,0.35362494879599427,test,A,random_forest,0.0
2025-11-25,2025-11-26,1,0,0.3579125590392255,test,A,random_forest,0.0
2025-11-26,2025-11-28,1,0,0.43310493010694423,test,A,random_forest,0.0
2025-11-28,2025-12-01,1,0,0.4493308945159773,test,A,random_forest,0.0
2025-12-01,2025-12-02,1,0,0.36434766589296197,test,A,random_forest,0.0
2025-12-02,2025-12-03,0,0,0.36176474084385873,test,A,random_forest,0.0
2025-12-03,2025-12-04,0,0,0.37013055222849917,test,A,random_forest,0.0
2025-12-04,2025-12-05,0,0,0.391201105503404,test,A,random_forest,0.0
2025-12-05,2025-12-08,0,0,0.42313627548851085,test,A,random_forest,0.0
2025-12-08,2025-12-09,0,0,0.2681555049790307,test,A,random_forest,0.0
2025-12-09,2025-12-10,1,0,0.3084107075219699,test,A,random_forest,0.0
2025-12-10,2025-12-11,0,0,0.2985389454253023,test,A,random_forest,0.0
2025-12-11,2025-12-12,1,0,0.37635396687516953,test,A,random_forest,0.0
2025-12-12,2025-12-15,0,0,0.4303686354057273,test,A,random_forest,0.0
2025-12-15,2025-12-16,1,0,0.30915427095852893,test,A,random_forest,0.0
2025-12-16,2025-12-17,0,0,0.4023534520647856,test,A,random_forest,0.0
2025-12-17,2025-12-18,1,0,0.36394813990745817,test,A,random_forest,0.0
2025-12-18,2025-12-19,1,0,0.32771773950430444,test,A,random_forest,0.0
2025-12-19,2025-12-22,0,0,0.2607089541565337,test,A,random_forest,0.0
2025-12-22,2025-12-23,1,1,0.5099302327722574,test,A,random_forest,0.0
2025-12-23,2025-12-24,1,1,0.5101494106876435,test,A,random_forest,0.0
2025-12-24,2025-12-26,0,1,0.5586312415484731,test,A,random_forest,0.0
2025-12-26,2025-12-29,1,1,0.5832392742506297,test,A,random_forest,0.0
2025-12-29,2025-12-30,0,1,0.5612276110112745,test,A,random_forest,0.0
2025-12-30,2025-12-31,0,1,0.5589666005273222,test,A,random_forest,0.0
2025-10-01,2025-10-02,1,0,0.3664101121834629,test,A,random_forest,1.0
2025-10-02,2025-10-03,1,0,0.3394258243958657,test,A,random_forest,1.0
2025-10-03,2025-10-06,0,0,0.3090211517294961,test,A,random_forest,1.0
2025-10-06,2025-10-07,0,0,0.3609615055022987,test,A,random_forest,1.0
2025-10-07,2025-10-08,1,0,0.4218544223965112,test,A,random_forest,1.0
2025-10-08,2025-10-09,0,0,0.35161889389780093,test,A,random_forest,1.0
2025-10-09,2025-10-10,0,0,0.3069111884959466,test,A,random_forest,1.0
2025-10-10,2025-10-13,1,0,0.35201833249549136,test,A,random_forest,1.0
2025-10-13,2025-10-14,1,0,0.334531001952692,test,A,random_forest,1.0
2025-10-14,2025-10-15,1,0,0.4022381389339151,test,A,random_forest,1.0
2025-10-15,2025-10-16,0,0,0.38781617859825745,test,A,random_forest,1.0
2025-10-16,2025-10-17,1,0,0.4131481583827121,test,A,random_forest,1.0
2025-10-17,2025-10-20,1,0,0.43692108110652184,test,A,random_forest,1.0
2025-10-20,2025-10-21,1,1,0.5595098275210418,test,A,random_forest,1.0
2025-10-21,2025-10-22,0,0,0.34853363919777336,test,A,random_forest,1.0
2025-10-22,2025-10-23,1,0,0.35999383852548333,test,A,random_forest,1.0
2025-10-23,2025-10-24,1,0,0.31533591122982957,test,A,random_forest,1.0
2025-10-24,2025-10-27,1,0,0.33522492053798525,test,A,random_forest,1.0
2025-10-27,2025-10-28,1,1,0.5276062182815441,test,A,random_forest,1.0
2025-10-28,2025-10-29,1,0,0.4465423628910105,test,A,random_forest,1.0
2025-10-29,2025-10-30,1,0,0.4401039112017195,test,A,random_forest,1.0
2025-10-30,2025-10-31,0,0,0.3971163718926341,test,A,random_forest,1.0
2025-10-31,2025-11-03,0,0,0.42431633108431865,test,A,random_forest,1.0
2025-11-03,2025-11-04,1,0,0.3608950646537706,test,A,random_forest,1.0
2025-11-04,2025-11-05,1,0,0.3608339377305542,test,A,random_forest,1.0
2025-11-05,2025-11-06,0,0,0.34677765337592564,test,A,random_forest,1.0
2025-11-06,2025-11-07,0,0,0.29332054212617514,test,A,random_forest,1.0
2025-11-07,2025-11-10,1,0,0.3166615851415857,test,A,random_forest,1.0
2025-11-10,2025-11-11,1,0,0.3539258436650691,test,A,random_forest,1.0
2025-11-11,2025-11-12,0,0,0.45048094347196743,test,A,random_forest,1.0
2025-11-12,2025-11-13,0,0,0.38941115226175704,test,A,random_forest,1.0
2025-11-13,2025-11-14,0,0,0.36946443946878066,test,A,random_forest,1.0
2025-11-14,2025-11-17,0,0,0.3530985648758377,test,A,random_forest,1.0
2025-11-17,2025-11-18,0,0,0.4229351639915887,test,A,random_forest,1.0
2025-11-18,2025-11-19,1,0,0.3237116937520112,test,A,random_forest,1.0
2025-11-19,2025-11-20,0,0,0.2648095289094332,test,A,random_forest,1.0
2025-11-20,2025-11-21,1,0,0.3343431001387141,test,A,random_forest,1.0
2025-11-21,2025-11-24,1,0,0.4716446748231183,test,A,random_forest,1.0
2025-11-24,2025-11-25,1,0,0.3701047269529931,test,A,random_forest,1.0
2025-11-25,2025-11-26,1,0,0.36000479169994376,test,A,random_forest,1.0
2025-11-26,2025-11-28,1,0,0.416918738179325,test,A,random_forest,1.0
2025-11-28,2025-12-01,1,0,0.42072371882465054,test,A,random_forest,1.0
2025-12-01,2025-12-02,1,0,0.3811312364506717,test,A,random_forest,1.0
2025-12-02,2025-12-03,0,0,0.38864951986670315,test,A,random_forest,1.0
2025-12-03,2025-12-04,0,0,0.39534177113289737,test,A,random_forest,1.0
2025-12-04,2025-12-05,0,0,0.3543049255005854,test,A,random_forest,1.0
2025-12-05,2025-12-08,0,0,0.41103014806796534,test,A,random_forest,1.0
2025-12-08,2025-12-09,0,0,0.2947674048028998,test,A,random_forest,1.0
2025-12-09,2025-12-10,1,0,0.3074259360718043,test,A,random_forest,1.0
2025-12-10,2025-12-11,0,0,0.32940168524304475,test,A,random_forest,1.0
2025-12-11,2025-12-12,1,0,0.4131820501577743,test,A,random_forest,1.0
2025-12-12,2025-12-15,0,0,0.41901156102370113,test,A,random_forest,1.0
2025-12-15,2025-12-16,1,0,0.36980778505111206,test,A,random_forest,1.0
2025-12-16,2025-12-17,0,0,0.3828488865589843,test,A,random_forest,1.0
2025-12-17,2025-12-18,1,0,0.40171341362614726,test,A,random_forest,1.0
2025-12-18,2025-12-19,1,0,0.36297465738231544,test,A,random_forest,1.0
2025-12-19,2025-12-22,0,0,0.3037602447144511,test,A,random_forest,1.0
2025-12-22,2025-12-23,1,1,0.5316192943091615,test,A,random_forest,1.0
2025-12-23,2025-12-24,1,1,0.5492215663221216,test,A,random_forest,1.0
2025-12-24,2025-12-26,0,1,0.5775368850836675,test,A,random_forest,1.0
2025-12-26,2025-12-29,1,1,0.591552367978178,test,A,random_forest,1.0
2025-12-29,2025-12-30,0,1,0.5721022251710884,test,A,random_forest,1.0
2025-12-30,2025-12-31,0,1,0.553696201995654,test,A,random_forest,1.0
2025-10-01,2025-10-02,1,0,0.36446061802432295,test,A,random_forest,2.0
2025-10-02,2025-10-03,1,0,0.3390490734001349,test,A,random_forest,2.0
2025-10-03,2025-10-06,0,0,0.3098214572504727,test,A,random_forest,2.0
2025-10-06,2025-10-07,0,0,0.38571419029825216,test,A,random_forest,2.0
2025-10-07,2025-10-08,1,0,0.45719199883476097,test,A,random_forest,2.0
2025-10-08,2025-10-09,0,0,0.36528943811130166,test,A,random_forest,2.0
2025-10-09,2025-10-10,0,0,0.3173952710071465,test,A,random_forest,2.0
2025-10-10,2025-10-13,1,0,0.35453090685845445,test,A,random_forest,2.0
2025-10-13,2025-10-14,1,0,0.3225309166117032,test,A,random_forest,2.0
2025-10-14,2025-10-15,1,0,0.42093502169505487,test,A,random_forest,2.0
2025-10-15,2025-10-16,0,0,0.38625011329804076,test,A,random_forest,2.0
2025-10-16,2025-10-17,1,0,0.44878285784257865,test,A,random_forest,2.0
2025-10-17,2025-10-20,1,0,0.444591040261053,test,A,random_forest,2.0
2025-10-20,2025-10-21,1,1,0.5072650341999536,test,A,random_forest,2.0
2025-10-21,2025-10-22,0,0,0.33246543961775754,test,A,random_forest,2.0
2025-10-22,2025-10-23,1,0,0.36563197087157223,test,A,random_forest,2.0
2025-10-23,2025-10-24,1,0,0.30877660284345526,test,A,random_forest,2.0
2025-10-24,2025-10-27,1,0,0.31156512424205923,test,A,random_forest,2.0
2025-10-27,2025-10-28,1,0,0.49428624782930874,test,A,random_forest,2.0
2025-10-28,2025-10-29,1,0,0.45123146185235136,test,A,random_forest,2.0
2025-10-29,2025-10-30,1,0,0.4019176129833108,test,A,random_forest,2.0
2025-10-30,2025-10-31,0,0,0.3481458085632654,test,A,random_forest,2.0
2025-10-31,2025-11-03,0,0,0.4255038830289705,test,A,random_forest,2.0
2025-11-03,2025-11-04,1,0,0.3882115747979305,test,A,random_forest,2.0
2025-11-04,2025-11-05,1,0,0.36013657863716936,test,A,random_forest,2.0
2025-11-05,2025-11-06,0,0,0.3544255285455594,test,A,random_forest,2.0
2025-11-06,2025-11-07,0,0,0.3161367915378731,test,A,random_forest,2.0
2025-11-07,2025-11-10,1,0,0.3534801655856876,test,A,random_forest,2.0
2025-11-10,2025-11-11,1,0,0.35527319995630907,test,A,random_forest,2.0
2025-11-11,2025-11-12,0,0,0.43899174210302616,test,A,random_forest,2.0
2025-11-12,2025-11-13,0,0,0.4125511451393236,test,A,random_forest,2.0
2025-11-13,2025-11-14,0,0,0.37881268764388526,test,A,random_forest,2.0
2025-11-14,2025-11-17,0,0,0.38174078608181805,test,A,random_forest,2.0
2025-11-17,2025-11-18,0,0,0.37818344341046367,test,A,random_forest,2.0
2025-11-18,2025-11-19,1,0,0.2991157549865227,test,A,random_forest,2.0
2025-11-19,2025-11-20,0,0,0.2527326291078107,test,A,random_forest,2.0
2025-11-20,2025-11-21,1,0,0.37589048001845965,test,A,random_forest,2.0
2025-11-21,2025-11-24,1,0,0.4554013331200636,test,A,random_forest,2.0
2025-11-24,2025-11-25,1,0,0.3897499759571317,test,A,random_forest,2.0
2025-11-25,2025-11-26,1,0,0.3490128802407626,test,A,random_forest,2.0
2025-11-26,2025-11-28,1,0,0.4236791913627684,test,A,random_forest,2.0
2025-11-28,2025-12-01,1,0,0.41952135937008717,test,A,random_forest,2.0
2025-12-01,2025-12-02,1,0,0.36164116160227266,test,A,random_forest,2.0
2025-12-02,2025-12-03,0,0,0.35635704167255355,test,A,random_forest,2.0
2025-12-03,2025-12-04,0,0,0.39096563069325957,test,A,random_forest,2.0
2025-12-04,2025-12-05,0,0,0.38639833829509523,test,A,random_forest,2.0
2025-12-05,2025-12-08,0,0,0.43028683109900556,test,A,random_forest,2.0
2025-12-08,2025-12-09,0,0,0.32816166381317197,test,A,random_forest,2.0
2025-12-09,2025-12-10,1,0,0.37031588230214496,test,A,random_forest,2.0
2025-12-10,2025-12-11,0,0,0.31678668558297046,test,A,random_forest,2.0
2025-12-11,2025-12-12,1,0,0.43400725876195007,test,A,random_forest,2.0
2025-12-12,2025-12-15,0,0,0.45476651910989535,test,A,random_forest,2.0
2025-12-15,2025-12-16,1,0,0.3553650102623897,test,A,random_forest,2.0
2025-12-16,2025-12-17,0,0,0.4087144740563777,test,A,random_forest,2.0
2025-12-17,2025-12-18,1,0,0.4279448218374183,test,A,random_forest,2.0
2025-12-18,2025-12-19,1,0,0.4094757121739383,test,A,random_forest,2.0
2025-12-19,2025-12-22,0,0,0.31107982036802767,test,A,random_forest,2.0
2025-12-22,2025-12-23,1,1,0.5377601567106772,test,A,random_forest,2.0
2025-12-23,2025-12-24,1,1,0.5235755975896687,test,A,random_forest,2.0
2025-12-24,2025-12-26,0,1,0.5665065080177648,test,A,random_forest,2.0
2025-12-26,2025-12-29,1,1,0.6046740669552908,test,A,random_forest,2.0
2025-12-29,2025-12-30,0,1,0.578634105772436,test,A,random_forest,2.0
2025-12-30,2025-12-31,0,1,0.5952705170070441,test,A,random_forest,2.0
2025-07-01,2025-07-02,1,1,0.5506510398839574,validation,B,logistic_regression,42.0
2025-07-02,2025-07-03,1,0,0.45886091720782723,validation,B,logistic_regression,42.0
2025-07-03,2025-07-07,0,0,0.2905892117821813,validation,B,logistic_regression,42.0
2025-07-07,2025-07-08,1,0,0.2406064555414123,validation,B,logistic_regression,42.0
2025-07-08,2025-07-09,1,0,0.2282360396759597,validation,B,logistic_regression,42.0
2025-07-09,2025-07-10,1,0,0.2061020481514842,validation,B,logistic_regression,42.0
2025-07-10,2025-07-11,0,0,0.4328078004375528,validation,B,logistic_regression,42.0
2025-07-11,2025-07-14,0,0,0.3584921863429172,validation,B,logistic_regression,42.0
2025-07-14,2025-07-15,1,0,0.2650910692947311,validation,B,logistic_regression,42.0
2025-07-15,2025-07-16,1,0,0.2882610526622654,validation,B,logistic_regression,42.0
2025-07-16,2025-07-17,0,0,0.3445154674631394,validation,B,logistic_regression,42.0
2025-07-17,2025-07-18,1,0,0.33185002853948664,validation,B,logistic_regression,42.0
2025-07-18,2025-07-21,1,0,0.41231830320142604,validation,B,logistic_regression,42.0
2025-07-21,2025-07-22,1,0,0.367287206387849,validation,B,logistic_regression,42.0
2025-07-22,2025-07-23,0,0,0.46995474264242765,validation,B,logistic_regression,42.0
2025-07-23,2025-07-24,0,0,0.32018717551507586,validation,B,logistic_regression,42.0
2025-07-24,2025-07-25,1,0,0.31631624153948124,validation,B,logistic_regression,42.0
2025-07-25,2025-07-28,1,0,0.3003438894831126,validation,B,logistic_regression,42.0
2025-07-28,2025-07-29,0,0,0.320924627426229,validation,B,logistic_regression,42.0
2025-07-29,2025-07-30,0,0,0.36573968037917104,validation,B,logistic_regression,42.0
2025-07-30,2025-07-31,0,0,0.3641099173348165,validation,B,logistic_regression,42.0
2025-07-31,2025-08-01,0,0,0.4341176084094775,validation,B,logistic_regression,42.0
2025-08-01,2025-08-04,1,1,0.5332632589142605,validation,B,logistic_regression,42.0
2025-08-04,2025-08-05,0,0,0.3402061289609543,validation,B,logistic_regression,42.0
2025-08-05,2025-08-06,1,1,0.5426836251403666,validation,B,logistic_regression,42.0
2025-08-06,2025-08-07,1,1,0.5257605586161126,validation,B,logistic_regression,42.0
2025-08-07,2025-08-08,1,0,0.490630811035716,validation,B,logistic_regression,42.0
2025-08-08,2025-08-11,0,0,0.4695336119178633,validation,B,logistic_regression,42.0
2025-08-11,2025-08-12,1,0,0.16197197331049595,validation,B,logistic_regression,42.0
2025-08-12,2025-08-13,1,0,0.08567225202024471,validation,B,logistic_regression,42.0
2025-08-13,2025-08-14,0,0,0.12717039980404068,validation,B,logistic_regression,42.0
2025-08-14,2025-08-15,0,0,0.1655607496239223,validation,B,logistic_regression,42.0
2025-08-15,2025-08-18,0,0,0.29303627855023145,validation,B,logistic_regression,42.0
2025-08-18,2025-08-19,0,0,0.22056012960683224,validation,B,logistic_regression,42.0
2025-08-19,2025-08-20,0,0,0.35906657166618655,validation,B,logistic_regression,42.0
2025-08-20,2025-08-21,0,0,0.3266479948459358,validation,B,logistic_regression,42.0
2025-08-21,2025-08-22,1,0,0.3915878382610965,validation,B,logistic_regression,42.0
2025-08-22,2025-08-25,0,0,0.27976089550439676,validation,B,logistic_regression,42.0
2025-08-25,2025-08-26,1,0,0.46189491052979315,validation,B,logistic_regression,42.0
2025-08-26,2025-08-27,1,0,0.438304950684207,validation,B,logistic_regression,42.0
2025-08-27,2025-08-28,1,0,0.3699646691453672,validation,B,logistic_regression,42.0
2025-08-28,2025-08-29,0,0,0.3459377141968394,validation,B,logistic_regression,42.0
2025-08-29,2025-09-02,0,0,0.3685912805904098,validation,B,logistic_regression,42.0
2025-09-02,2025-09-03,1,0,0.2766773046635798,validation,B,logistic_regression,42.0
2025-09-03,2025-09-04,1,0,0.2108672866319286,validation,B,logistic_regression,42.0
2025-09-04,2025-09-05,0,0,0.18456224643969216,validation,B,logistic_regression,42.0
2025-09-05,2025-09-08,0,0,0.30250367300352,validation,B,logistic_regression,42.0
2025-09-08,2025-09-09,0,0,0.17448208959232628,validation,B,logistic_regression,42.0
2025-09-09,2025-09-10,0,0,0.13666335980432592,validation,B,logistic_regression,42.0
2025-09-10,2025-09-11,1,0,0.23303599092224103,validation,B,logistic_regression,42.0
2025-09-11,2025-09-12,1,0,0.40038752748409323,validation,B,logistic_regression,42.0
2025-09-12,2025-09-15,1,0,0.45639391258078504,validation,B,logistic_regression,42.0
2025-09-15,2025-09-16,1,1,0.5083968828604716,validation,B,logistic_regression,42.0
2025-09-16,2025-09-17,1,0,0.451508442739195,validation,B,logistic_regression,42.0
2025-09-17,2025-09-18,0,0,0.4152300080715385,validation,B,logistic_regression,42.0
2025-09-18,2025-09-19,1,0,0.23937038242053207,validation,B,logistic_regression,42.0
2025-09-19,2025-09-22,1,0,0.3086722544183183,validation,B,logistic_regression,42.0
2025-09-22,2025-09-23,0,0,0.3363334203635119,validation,B,logistic_regression,42.0
2025-09-23,2025-09-24,0,0,0.2896236543456479,validation,B,logistic_regression,42.0
2025-09-24,2025-09-25,1,0,0.17643486105304929,validation,B,logistic_regression,42.0
2025-09-25,2025-09-26,0,0,0.12157608783471234,validation,B,logistic_regression,42.0
2025-09-26,2025-09-29,0,0,0.11624053837439349,validation,B,logistic_regression,42.0
2025-09-29,2025-09-30,1,0,0.28753635781476083,validation,B,logistic_regression,42.0
2025-07-01,2025-07-02,1,1,0.515951676005845,validation,B,random_forest,0.0
2025-07-02,2025-07-03,1,0,0.49011228310291594,validation,B,random_forest,0.0
2025-07-03,2025-07-07,0,1,0.505018599032831,validation,B,random_forest,0.0
2025-07-07,2025-07-08,1,0,0.4114868696400588,validation,B,random_forest,0.0
2025-07-08,2025-07-09,1,0,0.4183532504686807,validation,B,random_forest,0.0
2025-07-09,2025-07-10,1,0,0.35326738508524863,validation,B,random_forest,0.0
2025-07-10,2025-07-11,0,0,0.4145944548119714,validation,B,random_forest,0.0
2025-07-11,2025-07-14,0,0,0.39800623736515095,validation,B,random_forest,0.0
2025-07-14,2025-07-15,1,0,0.35560814126655266,validation,B,random_forest,0.0
2025-07-15,2025-07-16,1,0,0.34892179852494815,validation,B,random_forest,0.0
2025-07-16,2025-07-17,0,0,0.34905114069601084,validation,B,random_forest,0.0
2025-07-17,2025-07-18,1,0,0.3111634999778637,validation,B,random_forest,0.0
2025-07-18,2025-07-21,1,0,0.399244908964665,validation,B,random_forest,0.0
2025-07-21,2025-07-22,1,0,0.2819191832399213,validation,B,random_forest,0.0
2025-07-22,2025-07-23,0,0,0.37651038408111354,validation,B,random_forest,0.0
2025-07-23,2025-07-24,0,0,0.3492274131162609,validation,B,random_forest,0.0
2025-07-24,2025-07-25,1,0,0.3853773444882723,validation,B,random_forest,0.0
2025-07-25,2025-07-28,1,0,0.385262451235045,validation,B,random_forest,0.0
2025-07-28,2025-07-29,0,0,0.37689240621041764,validation,B,random_forest,0.0
2025-07-29,2025-07-30,0,0,0.3548635622007828,validation,B,random_forest,0.0
2025-07-30,2025-07-31,0,0,0.3725485239938273,validation,B,random_forest,0.0
2025-07-31,2025-08-01,0,0,0.4284240208453997,validation,B,random_forest,0.0
2025-08-01,2025-08-04,1,0,0.48269270246604046,validation,B,random_forest,0.0
2025-08-04,2025-08-05,0,0,0.386983269075648,validation,B,random_forest,0.0
2025-08-05,2025-08-06,1,0,0.4890043858525044,validation,B,random_forest,0.0
2025-08-06,2025-08-07,1,1,0.5922708778427993,validation,B,random_forest,0.0
2025-08-07,2025-08-08,1,1,0.5112284949448953,validation,B,random_forest,0.0
2025-08-08,2025-08-11,0,1,0.530327859857896,validation,B,random_forest,0.0
2025-08-11,2025-08-12,1,0,0.31033371400834814,validation,B,random_forest,0.0
2025-08-12,2025-08-13,1,0,0.30978886620627133,validation,B,random_forest,0.0
2025-08-13,2025-08-14,0,0,0.37009761664237656,validation,B,random_forest,0.0
2025-08-14,2025-08-15,0,0,0.3760218371729421,validation,B,random_forest,0.0
2025-08-15,2025-08-18,0,0,0.41509769968246174,validation,B,random_forest,0.0
2025-08-18,2025-08-19,0,1,0.5078658664525146,validation,B,random_forest,0.0
2025-08-19,2025-08-20,0,0,0.46672149201004154,validation,B,random_forest,0.0
2025-08-20,2025-08-21,0,0,0.3441860164049149,validation,B,random_forest,0.0
2025-08-21,2025-08-22,1,0,0.38494831823711306,validation,B,random_forest,0.0
2025-08-22,2025-08-25,0,0,0.32743564217274523,validation,B,random_forest,0.0
2025-08-25,2025-08-26,1,0,0.4484103591216863,validation,B,random_forest,0.0
2025-08-26,2025-08-27,1,0,0.2986543246458322,validation,B,random_forest,0.0
2025-08-27,2025-08-28,1,0,0.441492096382436,validation,B,random_forest,0.0
2025-08-28,2025-08-29,0,0,0.343491015493673,validation,B,random_forest,0.0
2025-08-29,2025-09-02,0,0,0.42654495506460016,validation,B,random_forest,0.0
2025-09-02,2025-09-03,1,0,0.40579661644041054,validation,B,random_forest,0.0
2025-09-03,2025-09-04,1,1,0.5506999660362075,validation,B,random_forest,0.0
2025-09-04,2025-09-05,0,0,0.3932641611792835,validation,B,random_forest,0.0
2025-09-05,2025-09-08,0,0,0.42919594252665644,validation,B,random_forest,0.0
2025-09-08,2025-09-09,0,0,0.4054275795054741,validation,B,random_forest,0.0
2025-09-09,2025-09-10,0,0,0.3263358389872618,validation,B,random_forest,0.0
2025-09-10,2025-09-11,1,0,0.42867880167979594,validation,B,random_forest,0.0
2025-09-11,2025-09-12,1,0,0.32308918200690506,validation,B,random_forest,0.0
2025-09-12,2025-09-15,1,0,0.3650636280402277,validation,B,random_forest,0.0
2025-09-15,2025-09-16,1,0,0.30462433087173785,validation,B,random_forest,0.0
2025-09-16,2025-09-17,1,0,0.3596023001286438,validation,B,random_forest,0.0
2025-09-17,2025-09-18,0,0,0.4026493970977431,validation,B,random_forest,0.0
2025-09-18,2025-09-19,1,0,0.33596454197208725,validation,B,random_forest,0.0
2025-09-19,2025-09-22,1,1,0.5505258995210627,validation,B,random_forest,0.0
2025-09-22,2025-09-23,0,1,0.5428810539496628,validation,B,random_forest,0.0
2025-09-23,2025-09-24,0,0,0.4347434864516881,validation,B,random_forest,0.0
2025-09-24,2025-09-25,1,0,0.36566838532362667,validation,B,random_forest,0.0
2025-09-25,2025-09-26,0,1,0.5047390982839202,validation,B,random_forest,0.0
2025-09-26,2025-09-29,0,0,0.3725210551024872,validation,B,random_forest,0.0
2025-09-29,2025-09-30,1,0,0.4597167635796484,validation,B,random_forest,0.0
2025-07-01,2025-07-02,1,1,0.5105667734562904,validation,B,random_forest,1.0
2025-07-02,2025-07-03,1,0,0.49655105402144545,validation,B,random_forest,1.0
2025-07-03,2025-07-07,0,1,0.5134857527225074,validation,B,random_forest,1.0
2025-07-07,2025-07-08,1,0,0.39036413531528846,validation,B,random_forest,1.0
2025-07-08,2025-07-09,1,0,0.36811541971654244,validation,B,random_forest,1.0
2025-07-09,2025-07-10,1,0,0.3603425286657475,validation,B,random_forest,1.0
2025-07-10,2025-07-11,0,0,0.41194701252087645,validation,B,random_forest,1.0
2025-07-11,2025-07-14,0,0,0.4104369682926075,validation,B,random_forest,1.0
2025-07-14,2025-07-15,1,0,0.32946537724134906,validation,B,random_forest,1.0
2025-07-15,2025-07-16,1,0,0.3225394335282559,validation,B,random_forest,1.0
2025-07-16,2025-07-17,0,0,0.308733771737633,validation,B,random_forest,1.0
2025-07-17,2025-07-18,1,0,0.31119422404060976,validation,B,random_forest,1.0
2025-07-18,2025-07-21,1,0,0.3835810553773712,validation,B,random_forest,1.0
2025-07-21,2025-07-22,1,0,0.25969229402561506,validation,B,random_forest,1.0
2025-07-22,2025-07-23,0,0,0.349807146027502,validation,B,random_forest,1.0
2025-07-23,2025-07-24,0,0,0.33227281728803876,validation,B,random_forest,1.0
2025-07-24,2025-07-25,1,0,0.3673711692548819,validation,B,random_forest,1.0
2025-07-25,2025-07-28,1,0,0.33227220364295995,validation,B,random_forest,1.0
2025-07-28,2025-07-29,0,0,0.35307187898840203,validation,B,random_forest,1.0
2025-07-29,2025-07-30,0,0,0.3097005802340714,validation,B,random_forest,1.0
2025-07-30,2025-07-31,0,0,0.36173014544019483,validation,B,random_forest,1.0
2025-07-31,2025-08-01,0,0,0.4692823169310982,validation,B,random_forest,1.0
2025-08-01,2025-08-04,1,1,0.5172730221281288,validation,B,random_forest,1.0
2025-08-04,2025-08-05,0,0,0.40491320188910646,validation,B,random_forest,1.0
2025-08-05,2025-08-06,1,1,0.5228304699906385,validation,B,random_forest,1.0
2025-08-06,2025-08-07,1,1,0.5946745597039816,validation,B,random_forest,1.0
2025-08-07,2025-08-08,1,1,0.5202340190867486,validation,B,random_forest,1.0
2025-08-08,2025-08-11,0,1,0.5599905927776027,validation,B,random_forest,1.0
2025-08-11,2025-08-12,1,0,0.2943325484637293,validation,B,random_forest,1.0
2025-08-12,2025-08-13,1,0,0.3220223817735195,validation,B,random_forest,1.0
2025-08-13,2025-08-14,0,0,0.4002508945514828,validation,B,random_forest,1.0
2025-08-14,2025-08-15,0,0,0.4160480516522451,validation,B,random_forest,1.0
2025-08-15,2025-08-18,0,0,0.42654322854284754,validation,B,random_forest,1.0
2025-08-18,2025-08-19,0,1,0.5225597474972447,validation,B,random_forest,1.0
2025-08-19,2025-08-20,0,0,0.49410133670476425,validation,B,random_forest,1.0
2025-08-20,2025-08-21,0,0,0.3686151518103472,validation,B,random_forest,1.0
2025-08-21,2025-08-22,1,0,0.406638071285375,validation,B,random_forest,1.0
2025-08-22,2025-08-25,0,0,0.3434744086618886,validation,B,random_forest,1.0
2025-08-25,2025-08-26,1,0,0.45545126487706106,validation,B,random_forest,1.0
2025-08-26,2025-08-27,1,0,0.29898295471442393,validation,B,random_forest,1.0
2025-08-27,2025-08-28,1,0,0.4238345094005056,validation,B,random_forest,1.0
2025-08-28,2025-08-29,0,0,0.3306936616467942,validation,B,random_forest,1.0
2025-08-29,2025-09-02,0,0,0.40935631015848095,validation,B,random_forest,1.0
2025-09-02,2025-09-03,1,0,0.380616374315211,validation,B,random_forest,1.0
2025-09-03,2025-09-04,1,1,0.5612278099224177,validation,B,random_forest,1.0
2025-09-04,2025-09-05,0,0,0.3808988676310469,validation,B,random_forest,1.0
2025-09-05,2025-09-08,0,0,0.4044142060708441,validation,B,random_forest,1.0
2025-09-08,2025-09-09,0,0,0.35470173141152284,validation,B,random_forest,1.0
2025-09-09,2025-09-10,0,0,0.30149594079391795,validation,B,random_forest,1.0
2025-09-10,2025-09-11,1,0,0.4460691882731831,validation,B,random_forest,1.0
2025-09-11,2025-09-12,1,0,0.305413358075913,validation,B,random_forest,1.0
2025-09-12,2025-09-15,1,0,0.34170632462392125,validation,B,random_forest,1.0
2025-09-15,2025-09-16,1,0,0.290003759502108,validation,B,random_forest,1.0
2025-09-16,2025-09-17,1,0,0.3122354184729934,validation,B,random_forest,1.0
2025-09-17,2025-09-18,0,0,0.37000193174832585,validation,B,random_forest,1.0
2025-09-18,2025-09-19,1,0,0.3435609119326184,validation,B,random_forest,1.0
2025-09-19,2025-09-22,1,1,0.5891477413423298,validation,B,random_forest,1.0
2025-09-22,2025-09-23,0,1,0.5678334992083995,validation,B,random_forest,1.0
2025-09-23,2025-09-24,0,0,0.38896090671148814,validation,B,random_forest,1.0
2025-09-24,2025-09-25,1,0,0.3550733214822916,validation,B,random_forest,1.0
2025-09-25,2025-09-26,0,1,0.5085302684300285,validation,B,random_forest,1.0
2025-09-26,2025-09-29,0,0,0.3493083381768671,validation,B,random_forest,1.0
2025-09-29,2025-09-30,1,0,0.45478987853229236,validation,B,random_forest,1.0
2025-07-01,2025-07-02,1,0,0.4748677817830862,validation,B,random_forest,2.0
2025-07-02,2025-07-03,1,0,0.45179414453665573,validation,B,random_forest,2.0
2025-07-03,2025-07-07,0,0,0.4608696441062875,validation,B,random_forest,2.0
2025-07-07,2025-07-08,1,0,0.4106175094307852,validation,B,random_forest,2.0
2025-07-08,2025-07-09,1,0,0.3988668902031091,validation,B,random_forest,2.0
2025-07-09,2025-07-10,1,0,0.33258388352839263,validation,B,random_forest,2.0
2025-07-10,2025-07-11,0,0,0.37684468627808,validation,B,random_forest,2.0
2025-07-11,2025-07-14,0,0,0.430886873817644,validation,B,random_forest,2.0
2025-07-14,2025-07-15,1,0,0.35249072851100544,validation,B,random_forest,2.0
2025-07-15,2025-07-16,1,0,0.3165276120275664,validation,B,random_forest,2.0
2025-07-16,2025-07-17,0,0,0.29831436137394773,validation,B,random_forest,2.0
2025-07-17,2025-07-18,1,0,0.3378877073065945,validation,B,random_forest,2.0
2025-07-18,2025-07-21,1,0,0.37809605038278793,validation,B,random_forest,2.0
2025-07-21,2025-07-22,1,0,0.2603447937812011,validation,B,random_forest,2.0
2025-07-22,2025-07-23,0,0,0.3245762347707744,validation,B,random_forest,2.0
2025-07-23,2025-07-24,0,0,0.3517366722536771,validation,B,random_forest,2.0
2025-07-24,2025-07-25,1,0,0.3926023930978215,validation,B,random_forest,2.0
2025-07-25,2025-07-28,1,0,0.37227220023872404,validation,B,random_forest,2.0
2025-07-28,2025-07-29,0,0,0.37656138792889676,validation,B,random_forest,2.0
2025-07-29,2025-07-30,0,0,0.3396657610157272,validation,B,random_forest,2.0
2025-07-30,2025-07-31,0,0,0.37349928290242657,validation,B,random_forest,2.0
2025-07-31,2025-08-01,0,0,0.4880664220539858,validation,B,random_forest,2.0
2025-08-01,2025-08-04,1,1,0.530639805289887,validation,B,random_forest,2.0
2025-08-04,2025-08-05,0,0,0.42914575835483465,validation,B,random_forest,2.0
2025-08-05,2025-08-06,1,1,0.5797429262091693,validation,B,random_forest,2.0
2025-08-06,2025-08-07,1,1,0.5809278118430461,validation,B,random_forest,2.0
2025-08-07,2025-08-08,1,1,0.5283451394217278,validation,B,random_forest,2.0
2025-08-08,2025-08-11,0,1,0.5320054253781049,validation,B,random_forest,2.0
2025-08-11,2025-08-12,1,0,0.2973234248349829,validation,B,random_forest,2.0
2025-08-12,2025-08-13,1,0,0.2978571255224561,validation,B,random_forest,2.0
2025-08-13,2025-08-14,0,0,0.35530545771562966,validation,B,random_forest,2.0
2025-08-14,2025-08-15,0,0,0.3889825564361751,validation,B,random_forest,2.0
2025-08-15,2025-08-18,0,0,0.395776422119513,validation,B,random_forest,2.0
2025-08-18,2025-08-19,0,1,0.516994957157685,validation,B,random_forest,2.0
2025-08-19,2025-08-20,0,0,0.4885330966280394,validation,B,random_forest,2.0
2025-08-20,2025-08-21,0,0,0.34816969462137315,validation,B,random_forest,2.0
2025-08-21,2025-08-22,1,0,0.37467530289867296,validation,B,random_forest,2.0
2025-08-22,2025-08-25,0,0,0.3491357060580638,validation,B,random_forest,2.0
2025-08-25,2025-08-26,1,0,0.44255998618387715,validation,B,random_forest,2.0
2025-08-26,2025-08-27,1,0,0.3015518020648335,validation,B,random_forest,2.0
2025-08-27,2025-08-28,1,0,0.41517051985581316,validation,B,random_forest,2.0
2025-08-28,2025-08-29,0,0,0.34848098156698054,validation,B,random_forest,2.0
2025-08-29,2025-09-02,0,0,0.41414479514707403,validation,B,random_forest,2.0
2025-09-02,2025-09-03,1,0,0.39909853275862933,validation,B,random_forest,2.0
2025-09-03,2025-09-04,1,1,0.5576856238988881,validation,B,random_forest,2.0
2025-09-04,2025-09-05,0,0,0.3368047621819879,validation,B,random_forest,2.0
2025-09-05,2025-09-08,0,0,0.386204367286397,validation,B,random_forest,2.0
2025-09-08,2025-09-09,0,0,0.3882650854187936,validation,B,random_forest,2.0
2025-09-09,2025-09-10,0,0,0.32036416102474025,validation,B,random_forest,2.0
2025-09-10,2025-09-11,1,0,0.4041553711151527,validation,B,random_forest,2.0
2025-09-11,2025-09-12,1,0,0.2983047763862842,validation,B,random_forest,2.0
2025-09-12,2025-09-15,1,0,0.35082946707823065,validation,B,random_forest,2.0
2025-09-15,2025-09-16,1,0,0.2924507500956911,validation,B,random_forest,2.0
2025-09-16,2025-09-17,1,0,0.32526268366995,validation,B,random_forest,2.0
2025-09-17,2025-09-18,0,0,0.33876182677897054,validation,B,random_forest,2.0
2025-09-18,2025-09-19,1,0,0.34841375111504036,validation,B,random_forest,2.0
2025-09-19,2025-09-22,1,1,0.570850143602733,validation,B,random_forest,2.0
2025-09-22,2025-09-23,0,1,0.5463097630176046,validation,B,random_forest,2.0
2025-09-23,2025-09-24,0,0,0.37303532224051794,validation,B,random_forest,2.0
2025-09-24,2025-09-25,1,0,0.3689556264301548,validation,B,random_forest,2.0
2025-09-25,2025-09-26,0,0,0.47428079034002374,validation,B,random_forest,2.0
2025-09-26,2025-09-29,0,0,0.37590109151782886,validation,B,random_forest,2.0
2025-09-29,2025-09-30,1,0,0.4867143832198579,validation,B,random_forest,2.0
2025-10-01,2025-10-02,1,0,0.2778302208259762,test,B,logistic_regression,42.0
2025-10-02,2025-10-03,1,0,0.41491448465448616,test,B,logistic_regression,42.0
2025-10-03,2025-10-06,0,0,0.46465486367790027,test,B,logistic_regression,42.0
2025-10-06,2025-10-07,0,0,0.3160119730075892,test,B,logistic_regression,42.0
2025-10-07,2025-10-08,1,0,0.37887135270763006,test,B,logistic_regression,42.0
2025-10-08,2025-10-09,0,0,0.19982331849063517,test,B,logistic_regression,42.0
2025-10-09,2025-10-10,0,0,0.2628930973467538,test,B,logistic_regression,42.0
2025-10-10,2025-10-13,1,0,0.4528017751292298,test,B,logistic_regression,42.0
2025-10-13,2025-10-14,1,0,0.15934660843225235,test,B,logistic_regression,42.0
2025-10-14,2025-10-15,1,0,0.3898674826793533,test,B,logistic_regression,42.0
2025-10-15,2025-10-16,0,0,0.4682441291719328,test,B,logistic_regression,42.0
2025-10-16,2025-10-17,1,0,0.419378620487664,test,B,logistic_regression,42.0
2025-10-17,2025-10-20,1,0,0.4719146462245266,test,B,logistic_regression,42.0
2025-10-20,2025-10-21,1,0,0.4275983317527424,test,B,logistic_regression,42.0
2025-10-21,2025-10-22,0,0,0.443048198180353,test,B,logistic_regression,42.0
2025-10-22,2025-10-23,1,0,0.3322220736784319,test,B,logistic_regression,42.0
2025-10-23,2025-10-24,1,0,0.159199320306889,test,B,logistic_regression,42.0
2025-10-24,2025-10-27,1,0,0.19099589235756634,test,B,logistic_regression,42.0
2025-10-27,2025-10-28,1,0,0.35852389702196824,test,B,logistic_regression,42.0
2025-10-28,2025-10-29,1,0,0.3591664548801696,test,B,logistic_regression,42.0
2025-10-29,2025-10-30,1,0,0.35581320293757407,test,B,logistic_regression,42.0
2025-10-30,2025-10-31,0,0,0.42954809648087017,test,B,logistic_regression,42.0
2025-10-31,2025-11-03,0,0,0.2507007605601552,test,B,logistic_regression,42.0
2025-11-03,2025-11-04,1,0,0.3460049692521237,test,B,logistic_regression,42.0
2025-11-04,2025-11-05,1,1,0.5443437553916798,test,B,logistic_regression,42.0
2025-11-05,2025-11-06,0,0,0.3326190205259486,test,B,logistic_regression,42.0
2025-11-06,2025-11-07,0,1,0.5698025313742364,test,B,logistic_regression,42.0
2025-11-07,2025-11-10,1,0,0.3001735079480394,test,B,logistic_regression,42.0
2025-11-10,2025-11-11,1,0,0.1820000619484035,test,B,logistic_regression,42.0
2025-11-11,2025-11-12,0,0,0.3897353875196912,test,B,logistic_regression,42.0
2025-11-12,2025-11-13,0,0,0.29551471930909584,test,B,logistic_regression,42.0
2025-11-13,2025-11-14,0,0,0.44518503882194305,test,B,logistic_regression,42.0
2025-11-14,2025-11-17,0,0,0.2128764526505026,test,B,logistic_regression,42.0
2025-11-17,2025-11-18,0,0,0.25405042384340415,test,B,logistic_regression,42.0
2025-11-18,2025-11-19,1,0,0.47211404708755816,test,B,logistic_regression,42.0
2025-11-19,2025-11-20,0,0,0.28391225468270037,test,B,logistic_regression,42.0
2025-11-20,2025-11-21,1,1,0.5828873847701085,test,B,logistic_regression,42.0
2025-11-21,2025-11-24,1,0,0.3718202467709429,test,B,logistic_regression,42.0
2025-11-24,2025-11-25,1,0,0.2266389923638615,test,B,logistic_regression,42.0
2025-11-25,2025-11-26,1,0,0.4039219169031672,test,B,logistic_regression,42.0
2025-11-26,2025-11-28,1,0,0.30837240835767565,test,B,logistic_regression,42.0
2025-11-28,2025-12-01,1,0,0.30361090891978165,test,B,logistic_regression,42.0
2025-12-01,2025-12-02,1,0,0.4571281008319343,test,B,logistic_regression,42.0
2025-12-02,2025-12-03,0,0,0.352279694140043,test,B,logistic_regression,42.0
2025-12-03,2025-12-04,0,0,0.30935132562976725,test,B,logistic_regression,42.0
2025-12-04,2025-12-05,0,0,0.24453252875025597,test,B,logistic_regression,42.0
2025-12-05,2025-12-08,0,0,0.1965829535189506,test,B,logistic_regression,42.0
2025-12-08,2025-12-09,0,0,0.3417368966651525,test,B,logistic_regression,42.0
2025-12-09,2025-12-10,1,0,0.45673922202889367,test,B,logistic_regression,42.0
2025-12-10,2025-12-11,0,0,0.47756497825765065,test,B,logistic_regression,42.0
2025-12-11,2025-12-12,1,0,0.4941161570086784,test,B,logistic_regression,42.0
2025-12-12,2025-12-15,0,1,0.6212184670928517,test,B,logistic_regression,42.0
2025-12-15,2025-12-16,1,0,0.3675880846130836,test,B,logistic_regression,42.0
2025-12-16,2025-12-17,0,0,0.3444789981998528,test,B,logistic_regression,42.0
2025-12-17,2025-12-18,1,0,0.4782487237543384,test,B,logistic_regression,42.0
2025-12-18,2025-12-19,1,0,0.31160809334929085,test,B,logistic_regression,42.0
2025-12-19,2025-12-22,0,0,0.30971951850883367,test,B,logistic_regression,42.0
2025-12-22,2025-12-23,1,0,0.4166656918707541,test,B,logistic_regression,42.0
2025-12-23,2025-12-24,1,0,0.49382979645891856,test,B,logistic_regression,42.0
2025-12-24,2025-12-26,0,1,0.500604424969738,test,B,logistic_regression,42.0
2025-12-26,2025-12-29,1,1,0.5348131241601379,test,B,logistic_regression,42.0
2025-12-29,2025-12-30,0,1,0.570311745764432,test,B,logistic_regression,42.0
2025-12-30,2025-12-31,0,1,0.5089259492027747,test,B,logistic_regression,42.0
2025-10-01,2025-10-02,1,0,0.3728546503251335,test,B,random_forest,0.0
2025-10-02,2025-10-03,1,0,0.33046475107373546,test,B,random_forest,0.0
2025-10-03,2025-10-06,0,0,0.3648530117918706,test,B,random_forest,0.0
2025-10-06,2025-10-07,0,0,0.36504534024166335,test,B,random_forest,0.0
2025-10-07,2025-10-08,1,0,0.4565579615830106,test,B,random_forest,0.0
2025-10-08,2025-10-09,0,0,0.36798294113514274,test,B,random_forest,0.0
2025-10-09,2025-10-10,0,0,0.328976945914717,test,B,random_forest,0.0
2025-10-10,2025-10-13,1,0,0.39701419585445613,test,B,random_forest,0.0
2025-10-13,2025-10-14,1,0,0.3309770312150997,test,B,random_forest,0.0
2025-10-14,2025-10-15,1,0,0.4444872736230916,test,B,random_forest,0.0
2025-10-15,2025-10-16,0,0,0.3415007568281802,test,B,random_forest,0.0
2025-10-16,2025-10-17,1,0,0.40897779973147624,test,B,random_forest,0.0
2025-10-17,2025-10-20,1,0,0.42016841664424975,test,B,random_forest,0.0
2025-10-20,2025-10-21,1,1,0.5878616732404018,test,B,random_forest,0.0
2025-10-21,2025-10-22,0,0,0.4084772307804061,test,B,random_forest,0.0
2025-10-22,2025-10-23,1,0,0.3967669517998044,test,B,random_forest,0.0
2025-10-23,2025-10-24,1,0,0.30429146237586263,test,B,random_forest,0.0
2025-10-24,2025-10-27,1,0,0.3303788138339527,test,B,random_forest,0.0
2025-10-27,2025-10-28,1,1,0.5099749573672708,test,B,random_forest,0.0
2025-10-28,2025-10-29,1,0,0.4087966926409058,test,B,random_forest,0.0
2025-10-29,2025-10-30,1,0,0.4090443733890557,test,B,random_forest,0.0
2025-10-30,2025-10-31,0,1,0.5305485784881414,test,B,random_forest,0.0
2025-10-31,2025-11-03,0,0,0.38635885824814686,test,B,random_forest,0.0
2025-11-03,2025-11-04,1,0,0.3333362824390008,test,B,random_forest,0.0
2025-11-04,2025-11-05,1,1,0.5184302005125561,test,B,random_forest,0.0
2025-11-05,2025-11-06,0,0,0.31028845459542465,test,B,random_forest,0.0
2025-11-06,2025-11-07,0,0,0.4567443593463815,test,B,random_forest,0.0
2025-11-07,2025-11-10,1,0,0.3285878857059096,test,B,random_forest,0.0
2025-11-10,2025-11-11,1,0,0.39072873925618046,test,B,random_forest,0.0
2025-11-11,2025-11-12,0,1,0.5295557768034539,test,B,random_forest,0.0
2025-11-12,2025-11-13,0,0,0.39704701875384324,test,B,random_forest,0.0
2025-11-13,2025-11-14,0,1,0.5168675905520543,test,B,random_forest,0.0
2025-11-14,2025-11-17,0,0,0.38371444174600305,test,B,random_forest,0.0
2025-11-17,2025-11-18,0,0,0.3756088683528498,test,B,random_forest,0.0
2025-11-18,2025-11-19,1,0,0.36278576205704727,test,B,random_forest,0.0
2025-11-19,2025-11-20,0,0,0.2405805117057298,test,B,random_forest,0.0
2025-11-20,2025-11-21,1,0,0.4518257698184587,test,B,random_forest,0.0
2025-11-21,2025-11-24,1,0,0.3848898413106405,test,B,random_forest,0.0
2025-11-24,2025-11-25,1,0,0.3714586994924422,test,B,random_forest,0.0
2025-11-25,2025-11-26,1,0,0.3547955577757434,test,B,random_forest,0.0
2025-11-26,2025-11-28,1,0,0.43784506594395045,test,B,random_forest,0.0
2025-11-28,2025-12-01,1,0,0.44209168215930494,test,B,random_forest,0.0
2025-12-01,2025-12-02,1,0,0.4642328753337216,test,B,random_forest,0.0
2025-12-02,2025-12-03,0,0,0.35207151493120364,test,B,random_forest,0.0
2025-12-03,2025-12-04,0,0,0.34328081366983043,test,B,random_forest,0.0
2025-12-04,2025-12-05,0,0,0.3979033835676221,test,B,random_forest,0.0
2025-12-05,2025-12-08,0,0,0.4241816521115058,test,B,random_forest,0.0
2025-12-08,2025-12-09,0,0,0.3310454481664857,test,B,random_forest,0.0
2025-12-09,2025-12-10,1,0,0.3146967059756449,test,B,random_forest,0.0
2025-12-10,2025-12-11,0,0,0.29924614395892646,test,B,random_forest,0.0
2025-12-11,2025-12-12,1,0,0.41795638389123835,test,B,random_forest,0.0
2025-12-12,2025-12-15,0,1,0.5615407172265404,test,B,random_forest,0.0
2025-12-15,2025-12-16,1,0,0.36569715789712565,test,B,random_forest,0.0
2025-12-16,2025-12-17,0,0,0.3712390845048684,test,B,random_forest,0.0
2025-12-17,2025-12-18,1,0,0.4340302673708786,test,B,random_forest,0.0
2025-12-18,2025-12-19,1,0,0.30342644296131244,test,B,random_forest,0.0
2025-12-19,2025-12-22,0,0,0.24633240642732582,test,B,random_forest,0.0
2025-12-22,2025-12-23,1,0,0.4578010348987891,test,B,random_forest,0.0
2025-12-23,2025-12-24,1,0,0.449041313079659,test,B,random_forest,0.0
2025-12-24,2025-12-26,0,1,0.514895542725691,test,B,random_forest,0.0
2025-12-26,2025-12-29,1,1,0.5449997254812522,test,B,random_forest,0.0
2025-12-29,2025-12-30,0,1,0.5178140270286408,test,B,random_forest,0.0
2025-12-30,2025-12-31,0,1,0.5369976771711397,test,B,random_forest,0.0
2025-10-01,2025-10-02,1,0,0.3878428095294103,test,B,random_forest,1.0
2025-10-02,2025-10-03,1,0,0.3570535578181167,test,B,random_forest,1.0
2025-10-03,2025-10-06,0,0,0.35508077165783725,test,B,random_forest,1.0
2025-10-06,2025-10-07,0,0,0.37513286462706674,test,B,random_forest,1.0
2025-10-07,2025-10-08,1,0,0.467515419281634,test,B,random_forest,1.0
2025-10-08,2025-10-09,0,0,0.3624133577349885,test,B,random_forest,1.0
2025-10-09,2025-10-10,0,0,0.33674512234996407,test,B,random_forest,1.0
2025-10-10,2025-10-13,1,0,0.44461822528081363,test,B,random_forest,1.0
2025-10-13,2025-10-14,1,0,0.3498675728688319,test,B,random_forest,1.0
2025-10-14,2025-10-15,1,0,0.4453391100662421,test,B,random_forest,1.0
2025-10-15,2025-10-16,0,0,0.37083335266317397,test,B,random_forest,1.0
2025-10-16,2025-10-17,1,0,0.43761848044362184,test,B,random_forest,1.0
2025-10-17,2025-10-20,1,0,0.3973522103614504,test,B,random_forest,1.0
2025-10-20,2025-10-21,1,1,0.6146260582953536,test,B,random_forest,1.0
2025-10-21,2025-10-22,0,0,0.3830174676621095,test,B,random_forest,1.0
2025-10-22,2025-10-23,1,0,0.38312757461017716,test,B,random_forest,1.0
2025-10-23,2025-10-24,1,0,0.3077940118294634,test,B,random_forest,1.0
2025-10-24,2025-10-27,1,0,0.3302663596167706,test,B,random_forest,1.0
2025-10-27,2025-10-28,1,1,0.5218631705918704,test,B,random_forest,1.0
2025-10-28,2025-10-29,1,0,0.4165858583726139,test,B,random_forest,1.0
2025-10-29,2025-10-30,1,0,0.4259909724110253,test,B,random_forest,1.0
2025-10-30,2025-10-31,0,1,0.550905483514441,test,B,random_forest,1.0
2025-10-31,2025-11-03,0,0,0.4001447764981267,test,B,random_forest,1.0
2025-11-03,2025-11-04,1,0,0.31004279842473936,test,B,random_forest,1.0
2025-11-04,2025-11-05,1,1,0.5358922305686162,test,B,random_forest,1.0
2025-11-05,2025-11-06,0,0,0.30277406298380144,test,B,random_forest,1.0
2025-11-06,2025-11-07,0,0,0.45809738333895533,test,B,random_forest,1.0
2025-11-07,2025-11-10,1,0,0.2693593588742262,test,B,random_forest,1.0
2025-11-10,2025-11-11,1,0,0.3785538500690317,test,B,random_forest,1.0
2025-11-11,2025-11-12,0,1,0.5445813157191887,test,B,random_forest,1.0
2025-11-12,2025-11-13,0,0,0.36434940206300515,test,B,random_forest,1.0
2025-11-13,2025-11-14,0,1,0.5356075429839905,test,B,random_forest,1.0
2025-11-14,2025-11-17,0,0,0.36900375221657084,test,B,random_forest,1.0
2025-11-17,2025-11-18,0,0,0.3633150682316172,test,B,random_forest,1.0
2025-11-18,2025-11-19,1,0,0.3628020413898914,test,B,random_forest,1.0
2025-11-19,2025-11-20,0,0,0.21331940028178958,test,B,random_forest,1.0
2025-11-20,2025-11-21,1,0,0.40762644733155495,test,B,random_forest,1.0
2025-11-21,2025-11-24,1,0,0.3683019713399607,test,B,random_forest,1.0
2025-11-24,2025-11-25,1,0,0.3509081143131546,test,B,random_forest,1.0
2025-11-25,2025-11-26,1,0,0.334060401617703,test,B,random_forest,1.0
2025-11-26,2025-11-28,1,0,0.42054138047441897,test,B,random_forest,1.0
2025-11-28,2025-12-01,1,0,0.4281156290481879,test,B,random_forest,1.0
2025-12-01,2025-12-02,1,0,0.45086363416694053,test,B,random_forest,1.0
2025-12-02,2025-12-03,0,0,0.34802243291909124,test,B,random_forest,1.0
2025-12-03,2025-12-04,0,0,0.3716468924293212,test,B,random_forest,1.0
2025-12-04,2025-12-05,0,0,0.385943217082558,test,B,random_forest,1.0
2025-12-05,2025-12-08,0,0,0.38968536767667333,test,B,random_forest,1.0
2025-12-08,2025-12-09,0,0,0.3383417095528364,test,B,random_forest,1.0
2025-12-09,2025-12-10,1,0,0.3537512510096295,test,B,random_forest,1.0
2025-12-10,2025-12-11,0,0,0.3203594448952414,test,B,random_forest,1.0
2025-12-11,2025-12-12,1,0,0.4339135095958078,test,B,random_forest,1.0
2025-12-12,2025-12-15,0,1,0.6020165470740207,test,B,random_forest,1.0
2025-12-15,2025-12-16,1,0,0.3303794578188474,test,B,random_forest,1.0
2025-12-16,2025-12-17,0,0,0.353477663281642,test,B,random_forest,1.0
2025-12-17,2025-12-18,1,0,0.43577419541399515,test,B,random_forest,1.0
2025-12-18,2025-12-19,1,0,0.30442024314957633,test,B,random_forest,1.0
2025-12-19,2025-12-22,0,0,0.28613616773681894,test,B,random_forest,1.0
2025-12-22,2025-12-23,1,0,0.49477879053258117,test,B,random_forest,1.0
2025-12-23,2025-12-24,1,0,0.4840917031546649,test,B,random_forest,1.0
2025-12-24,2025-12-26,0,1,0.5305518824746522,test,B,random_forest,1.0
2025-12-26,2025-12-29,1,1,0.6022543877692395,test,B,random_forest,1.0
2025-12-29,2025-12-30,0,1,0.5638001059457967,test,B,random_forest,1.0
2025-12-30,2025-12-31,0,1,0.5605273361112221,test,B,random_forest,1.0
2025-10-01,2025-10-02,1,0,0.3642513389932584,test,B,random_forest,2.0
2025-10-02,2025-10-03,1,0,0.33608913321328526,test,B,random_forest,2.0
2025-10-03,2025-10-06,0,0,0.31528207229197347,test,B,random_forest,2.0
2025-10-06,2025-10-07,0,0,0.38019653762188294,test,B,random_forest,2.0
2025-10-07,2025-10-08,1,0,0.4807331890665573,test,B,random_forest,2.0
2025-10-08,2025-10-09,0,0,0.3791495389499659,test,B,random_forest,2.0
2025-10-09,2025-10-10,0,0,0.3586097011417633,test,B,random_forest,2.0
2025-10-10,2025-10-13,1,0,0.40043161030102636,test,B,random_forest,2.0
2025-10-13,2025-10-14,1,0,0.34260403250635996,test,B,random_forest,2.0
2025-10-14,2025-10-15,1,0,0.45459077891896743,test,B,random_forest,2.0
2025-10-15,2025-10-16,0,0,0.3424260458374072,test,B,random_forest,2.0
2025-10-16,2025-10-17,1,0,0.4313991983939214,test,B,random_forest,2.0
2025-10-17,2025-10-20,1,0,0.3833346226841522,test,B,random_forest,2.0
2025-10-20,2025-10-21,1,1,0.573942954060501,test,B,random_forest,2.0
2025-10-21,2025-10-22,0,0,0.34348387049569507,test,B,random_forest,2.0
2025-10-22,2025-10-23,1,0,0.4016950707405333,test,B,random_forest,2.0
2025-10-23,2025-10-24,1,0,0.32597400190292364,test,B,random_forest,2.0
2025-10-24,2025-10-27,1,0,0.32729168912729234,test,B,random_forest,2.0
2025-10-27,2025-10-28,1,0,0.46858558672303074,test,B,random_forest,2.0
2025-10-28,2025-10-29,1,0,0.38493242268971173,test,B,random_forest,2.0
2025-10-29,2025-10-30,1,0,0.389591894117422,test,B,random_forest,2.0
2025-10-30,2025-10-31,0,0,0.4960496258980161,test,B,random_forest,2.0
2025-10-31,2025-11-03,0,0,0.38228770698973474,test,B,random_forest,2.0
2025-11-03,2025-11-04,1,0,0.3493271289952451,test,B,random_forest,2.0
2025-11-04,2025-11-05,1,1,0.5078692719363168,test,B,random_forest,2.0
2025-11-05,2025-11-06,0,0,0.32852870919107036,test,B,random_forest,2.0
2025-11-06,2025-11-07,0,0,0.4462072062160634,test,B,random_forest,2.0
2025-11-07,2025-11-10,1,0,0.3206048986114512,test,B,random_forest,2.0
2025-11-10,2025-11-11,1,0,0.36878041805319794,test,B,random_forest,2.0
2025-11-11,2025-11-12,0,1,0.5077028686359026,test,B,random_forest,2.0
2025-11-12,2025-11-13,0,0,0.37078103135413465,test,B,random_forest,2.0
2025-11-13,2025-11-14,0,1,0.5053288340647507,test,B,random_forest,2.0
2025-11-14,2025-11-17,0,0,0.38802893286966783,test,B,random_forest,2.0
2025-11-17,2025-11-18,0,0,0.41157722038355504,test,B,random_forest,2.0
2025-11-18,2025-11-19,1,0,0.3789321524694034,test,B,random_forest,2.0
2025-11-19,2025-11-20,0,0,0.237624273652963,test,B,random_forest,2.0
2025-11-20,2025-11-21,1,0,0.42483898883557286,test,B,random_forest,2.0
2025-11-21,2025-11-24,1,0,0.3633758586840917,test,B,random_forest,2.0
2025-11-24,2025-11-25,1,0,0.3611857710472997,test,B,random_forest,2.0
2025-11-25,2025-11-26,1,0,0.32582140145974653,test,B,random_forest,2.0
2025-11-26,2025-11-28,1,0,0.42946900234461965,test,B,random_forest,2.0
2025-11-28,2025-12-01,1,0,0.427701732798614,test,B,random_forest,2.0
2025-12-01,2025-12-02,1,0,0.426136524730164,test,B,random_forest,2.0
2025-12-02,2025-12-03,0,0,0.3291498499014116,test,B,random_forest,2.0
2025-12-03,2025-12-04,0,0,0.3697804778226442,test,B,random_forest,2.0
2025-12-04,2025-12-05,0,0,0.3956437683824588,test,B,random_forest,2.0
2025-12-05,2025-12-08,0,0,0.4076903502326743,test,B,random_forest,2.0
2025-12-08,2025-12-09,0,0,0.3292793873591298,test,B,random_forest,2.0
2025-12-09,2025-12-10,1,0,0.3423659151620191,test,B,random_forest,2.0
2025-12-10,2025-12-11,0,0,0.3003735926281223,test,B,random_forest,2.0
2025-12-11,2025-12-12,1,0,0.4448440861528344,test,B,random_forest,2.0
2025-12-12,2025-12-15,0,1,0.566866136069709,test,B,random_forest,2.0
2025-12-15,2025-12-16,1,0,0.40669929525737186,test,B,random_forest,2.0
2025-12-16,2025-12-17,0,0,0.36693793018881066,test,B,random_forest,2.0
2025-12-17,2025-12-18,1,0,0.4819059847890891,test,B,random_forest,2.0
2025-12-18,2025-12-19,1,0,0.3670677175105545,test,B,random_forest,2.0
2025-12-19,2025-12-22,0,0,0.2848076966495279,test,B,random_forest,2.0
2025-12-22,2025-12-23,1,1,0.5292742229292109,test,B,random_forest,2.0
2025-12-23,2025-12-24,1,0,0.48966518594270914,test,B,random_forest,2.0
2025-12-24,2025-12-26,0,1,0.5291457749529687,test,B,random_forest,2.0
2025-12-26,2025-12-29,1,1,0.6047697444280739,test,B,random_forest,2.0
2025-12-29,2025-12-30,0,1,0.594985462523252,test,B,random_forest,2.0
2025-12-30,2025-12-31,0,1,0.583173510681868,test,B,random_forest,2.0
2025-07-01,2025-07-02,1,1,0.684584569802306,validation,C,logistic_regression,42.0
2025-07-02,2025-07-03,1,1,0.523611439092938,validation,C,logistic_regression,42.0
2025-07-03,2025-07-07,0,0,0.2848814736409469,validation,C,logistic_regression,42.0
2025-07-07,2025-07-08,1,0,0.20523748708969558,validation,C,logistic_regression,42.0
2025-07-08,2025-07-09,1,0,0.2025484989972704,validation,C,logistic_regression,42.0
2025-07-09,2025-07-10,1,0,0.17988713576870635,validation,C,logistic_regression,42.0
2025-07-10,2025-07-11,0,0,0.37702940980221966,validation,C,logistic_regression,42.0
2025-07-11,2025-07-14,0,0,0.31831551358464477,validation,C,logistic_regression,42.0
2025-07-14,2025-07-15,1,0,0.2444248407875416,validation,C,logistic_regression,42.0
2025-07-15,2025-07-16,1,0,0.24908591770384347,validation,C,logistic_regression,42.0
2025-07-16,2025-07-17,0,0,0.38960407200733854,validation,C,logistic_regression,42.0
2025-07-17,2025-07-18,1,0,0.31876537389057613,validation,C,logistic_regression,42.0
2025-07-18,2025-07-21,1,0,0.4253416693156473,validation,C,logistic_regression,42.0
2025-07-21,2025-07-22,1,0,0.423465233099848,validation,C,logistic_regression,42.0
2025-07-22,2025-07-23,0,0,0.44414633065201314,validation,C,logistic_regression,42.0
2025-07-23,2025-07-24,0,0,0.27304417602251174,validation,C,logistic_regression,42.0
2025-07-24,2025-07-25,1,0,0.2875744324199762,validation,C,logistic_regression,42.0
2025-07-25,2025-07-28,1,0,0.26105626400147963,validation,C,logistic_regression,42.0
2025-07-28,2025-07-29,0,0,0.3414555078145389,validation,C,logistic_regression,42.0
2025-07-29,2025-07-30,0,0,0.41381068824697903,validation,C,logistic_regression,42.0
2025-07-30,2025-07-31,0,0,0.36280166702729666,validation,C,logistic_regression,42.0
2025-07-31,2025-08-01,0,0,0.3356624488470599,validation,C,logistic_regression,42.0
2025-08-01,2025-08-04,1,1,0.569032340040238,validation,C,logistic_regression,42.0
2025-08-04,2025-08-05,0,0,0.22821995030592984,validation,C,logistic_regression,42.0
2025-08-05,2025-08-06,1,0,0.448983212852278,validation,C,logistic_regression,42.0
2025-08-06,2025-08-07,1,1,0.5696560270957058,validation,C,logistic_regression,42.0
2025-08-07,2025-08-08,1,1,0.6633154514287052,validation,C,logistic_regression,42.0
2025-08-08,2025-08-11,0,1,0.6822116108216657,validation,C,logistic_regression,42.0
2025-08-11,2025-08-12,1,0,0.21210004262410384,validation,C,logistic_regression,42.0
2025-08-12,2025-08-13,1,0,0.0835605967081974,validation,C,logistic_regression,42.0
2025-08-13,2025-08-14,0,0,0.14502823895744651,validation,C,logistic_regression,42.0
2025-08-14,2025-08-15,0,0,0.11472294769991434,validation,C,logistic_regression,42.0
2025-08-15,2025-08-18,0,0,0.2311119097732168,validation,C,logistic_regression,42.0
2025-08-18,2025-08-19,0,0,0.17057756364835605,validation,C,logistic_regression,42.0
2025-08-19,2025-08-20,0,0,0.3659409509664898,validation,C,logistic_regression,42.0
2025-08-20,2025-08-21,0,0,0.29487782652220634,validation,C,logistic_regression,42.0
2025-08-21,2025-08-22,1,0,0.357810961212997,validation,C,logistic_regression,42.0
2025-08-22,2025-08-25,0,0,0.3068949490962214,validation,C,logistic_regression,42.0
2025-08-25,2025-08-26,1,0,0.47393027834243157,validation,C,logistic_regression,42.0
2025-08-26,2025-08-27,1,1,0.5641573591113476,validation,C,logistic_regression,42.0
2025-08-27,2025-08-28,1,0,0.39374293030172575,validation,C,logistic_regression,42.0
2025-08-28,2025-08-29,0,0,0.3671485192262434,validation,C,logistic_regression,42.0
2025-08-29,2025-09-02,0,0,0.35504395871952066,validation,C,logistic_regression,42.0
2025-09-02,2025-09-03,1,0,0.21273580138402448,validation,C,logistic_regression,42.0
2025-09-03,2025-09-04,1,0,0.15686149458312054,validation,C,logistic_regression,42.0
2025-09-04,2025-09-05,0,0,0.12041699135253246,validation,C,logistic_regression,42.0
2025-09-05,2025-09-08,0,0,0.33300686326665835,validation,C,logistic_regression,42.0
2025-09-08,2025-09-09,0,0,0.13244724276578365,validation,C,logistic_regression,42.0
2025-09-09,2025-09-10,0,0,0.13583134109002665,validation,C,logistic_regression,42.0
2025-09-10,2025-09-11,1,0,0.2593860070276292,validation,C,logistic_regression,42.0
2025-09-11,2025-09-12,1,0,0.43433074068448796,validation,C,logistic_regression,42.0
2025-09-12,2025-09-15,1,0,0.3976654149753754,validation,C,logistic_regression,42.0
2025-09-15,2025-09-16,1,0,0.4267949427661099,validation,C,logistic_regression,42.0
2025-09-16,2025-09-17,1,0,0.44124021252904794,validation,C,logistic_regression,42.0
2025-09-17,2025-09-18,0,0,0.2862543068317731,validation,C,logistic_regression,42.0
2025-09-18,2025-09-19,1,0,0.15348833056110103,validation,C,logistic_regression,42.0
2025-09-19,2025-09-22,1,0,0.4099237906775448,validation,C,logistic_regression,42.0
2025-09-22,2025-09-23,0,0,0.44132349617934014,validation,C,logistic_regression,42.0
2025-09-23,2025-09-24,0,0,0.3308122502008601,validation,C,logistic_regression,42.0
2025-09-24,2025-09-25,1,0,0.20368212599780303,validation,C,logistic_regression,42.0
2025-09-25,2025-09-26,0,0,0.13259628401471227,validation,C,logistic_regression,42.0
2025-09-26,2025-09-29,0,0,0.12329309492458278,validation,C,logistic_regression,42.0
2025-09-29,2025-09-30,1,0,0.2007613884882471,validation,C,logistic_regression,42.0
2025-07-01,2025-07-02,1,1,0.543079872452425,validation,C,random_forest,0.0
2025-07-02,2025-07-03,1,0,0.4519067755815676,validation,C,random_forest,0.0
2025-07-03,2025-07-07,0,1,0.5047653567605589,validation,C,random_forest,0.0
2025-07-07,2025-07-08,1,0,0.4565570104747268,validation,C,random_forest,0.0
2025-07-08,2025-07-09,1,0,0.36901840879397874,validation,C,random_forest,0.0
2025-07-09,2025-07-10,1,0,0.36196418450826945,validation,C,random_forest,0.0
2025-07-10,2025-07-11,0,0,0.41617212963159034,validation,C,random_forest,0.0
2025-07-11,2025-07-14,0,0,0.40613378965464747,validation,C,random_forest,0.0
2025-07-14,2025-07-15,1,0,0.33761014880698165,validation,C,random_forest,0.0
2025-07-15,2025-07-16,1,0,0.3344107349590472,validation,C,random_forest,0.0
2025-07-16,2025-07-17,0,0,0.3330824794195421,validation,C,random_forest,0.0
2025-07-17,2025-07-18,1,0,0.3240076890174638,validation,C,random_forest,0.0
2025-07-18,2025-07-21,1,0,0.4056955051908836,validation,C,random_forest,0.0
2025-07-21,2025-07-22,1,0,0.328831577105705,validation,C,random_forest,0.0
2025-07-22,2025-07-23,0,0,0.3965654310177909,validation,C,random_forest,0.0
2025-07-23,2025-07-24,0,0,0.3040978317095439,validation,C,random_forest,0.0
2025-07-24,2025-07-25,1,0,0.35236635752544165,validation,C,random_forest,0.0
2025-07-25,2025-07-28,1,0,0.3336352981883325,validation,C,random_forest,0.0
2025-07-28,2025-07-29,0,0,0.340017869883105,validation,C,random_forest,0.0
2025-07-29,2025-07-30,0,0,0.3858267251236462,validation,C,random_forest,0.0
2025-07-30,2025-07-31,0,0,0.439534209691777,validation,C,random_forest,0.0
2025-07-31,2025-08-01,0,1,0.5320604149956514,validation,C,random_forest,0.0
2025-08-01,2025-08-04,1,1,0.5463942776161165,validation,C,random_forest,0.0
2025-08-04,2025-08-05,0,0,0.4511368533311768,validation,C,random_forest,0.0
2025-08-05,2025-08-06,1,1,0.5542056056677884,validation,C,random_forest,0.0
2025-08-06,2025-08-07,1,1,0.59627264959916,validation,C,random_forest,0.0
2025-08-07,2025-08-08,1,1,0.5226332042202857,validation,C,random_forest,0.0
2025-08-08,2025-08-11,0,1,0.5367885297749694,validation,C,random_forest,0.0
2025-08-11,2025-08-12,1,0,0.32928813781381105,validation,C,random_forest,0.0
2025-08-12,2025-08-13,1,0,0.35328837900438903,validation,C,random_forest,0.0
2025-08-13,2025-08-14,0,0,0.44050447560747785,validation,C,random_forest,0.0
2025-08-14,2025-08-15,0,0,0.4184924071061496,validation,C,random_forest,0.0
2025-08-15,2025-08-18,0,0,0.42652716346150427,validation,C,random_forest,0.0
2025-08-18,2025-08-19,0,0,0.4702126479764344,validation,C,random_forest,0.0
2025-08-19,2025-08-20,0,1,0.5014709059853542,validation,C,random_forest,0.0
2025-08-20,2025-08-21,0,0,0.33828817439451114,validation,C,random_forest,0.0
2025-08-21,2025-08-22,1,0,0.3873156608059478,validation,C,random_forest,0.0
2025-08-22,2025-08-25,0,0,0.30119086025468095,validation,C,random_forest,0.0
2025-08-25,2025-08-26,1,0,0.4008044415864567,validation,C,random_forest,0.0
2025-08-26,2025-08-27,1,0,0.3152543091241355,validation,C,random_forest,0.0
2025-08-27,2025-08-28,1,0,0.4436249342262231,validation,C,random_forest,0.0
2025-08-28,2025-08-29,0,0,0.40222368216359833,validation,C,random_forest,0.0
2025-08-29,2025-09-02,0,0,0.4598383286248573,validation,C,random_forest,0.0
2025-09-02,2025-09-03,1,0,0.3920779376746458,validation,C,random_forest,0.0
2025-09-03,2025-09-04,1,1,0.5367667962472312,validation,C,random_forest,0.0
2025-09-04,2025-09-05,0,0,0.36510173332133783,validation,C,random_forest,0.0
2025-09-05,2025-09-08,0,0,0.41788461344897965,validation,C,random_forest,0.0
2025-09-08,2025-09-09,0,0,0.33733828379356134,validation,C,random_forest,0.0
2025-09-09,2025-09-10,0,0,0.32155366065837704,validation,C,random_forest,0.0
2025-09-10,2025-09-11,1,0,0.4453871897732774,validation,C,random_forest,0.0
2025-09-11,2025-09-12,1,0,0.3731307464069442,validation,C,random_forest,0.0
2025-09-12,2025-09-15,1,0,0.38670604542143766,validation,C,random_forest,0.0
2025-09-15,2025-09-16,1,0,0.34578369459812475,validation,C,random_forest,0.0
2025-09-16,2025-09-17,1,0,0.43262945055434715,validation,C,random_forest,0.0
2025-09-17,2025-09-18,0,0,0.4140414567136894,validation,C,random_forest,0.0
2025-09-18,2025-09-19,1,0,0.3553164762683226,validation,C,random_forest,0.0
2025-09-19,2025-09-22,1,1,0.5693979664264132,validation,C,random_forest,0.0
2025-09-22,2025-09-23,0,1,0.5394241770655392,validation,C,random_forest,0.0
2025-09-23,2025-09-24,0,0,0.4494810002797391,validation,C,random_forest,0.0
2025-09-24,2025-09-25,1,0,0.40737612434812603,validation,C,random_forest,0.0
2025-09-25,2025-09-26,0,0,0.49543410123323944,validation,C,random_forest,0.0
2025-09-26,2025-09-29,0,0,0.3820474832771554,validation,C,random_forest,0.0
2025-09-29,2025-09-30,1,0,0.4055285675798057,validation,C,random_forest,0.0
2025-07-01,2025-07-02,1,1,0.5548835121505271,validation,C,random_forest,1.0
2025-07-02,2025-07-03,1,0,0.44465290745294406,validation,C,random_forest,1.0
2025-07-03,2025-07-07,0,0,0.465905537031977,validation,C,random_forest,1.0
2025-07-07,2025-07-08,1,0,0.4671978530649477,validation,C,random_forest,1.0
2025-07-08,2025-07-09,1,0,0.3971803780889488,validation,C,random_forest,1.0
2025-07-09,2025-07-10,1,0,0.37381903375650877,validation,C,random_forest,1.0
2025-07-10,2025-07-11,0,0,0.383352781062891,validation,C,random_forest,1.0
2025-07-11,2025-07-14,0,0,0.40182940926543254,validation,C,random_forest,1.0
2025-07-14,2025-07-15,1,0,0.34894345487032524,validation,C,random_forest,1.0
2025-07-15,2025-07-16,1,0,0.3410923066997887,validation,C,random_forest,1.0
2025-07-16,2025-07-17,0,0,0.32305734674899095,validation,C,random_forest,1.0
2025-07-17,2025-07-18,1,0,0.3243085664923837,validation,C,random_forest,1.0
2025-07-18,2025-07-21,1,0,0.3704497882281595,validation,C,random_forest,1.0
2025-07-21,2025-07-22,1,0,0.3166791536864468,validation,C,random_forest,1.0
2025-07-22,2025-07-23,0,0,0.4057496744006675,validation,C,random_forest,1.0
2025-07-23,2025-07-24,0,0,0.3196094582846035,validation,C,random_forest,1.0
2025-07-24,2025-07-25,1,0,0.34656773000658286,validation,C,random_forest,1.0
2025-07-25,2025-07-28,1,0,0.34146090107613297,validation,C,random_forest,1.0
2025-07-28,2025-07-29,0,0,0.3244134550621638,validation,C,random_forest,1.0
2025-07-29,2025-07-30,0,0,0.41597418953970994,validation,C,random_forest,1.0
2025-07-30,2025-07-31,0,0,0.42095858013124,validation,C,random_forest,1.0
2025-07-31,2025-08-01,0,1,0.5394912815685843,validation,C,random_forest,1.0
2025-08-01,2025-08-04,1,1,0.5857934777891045,validation,C,random_forest,1.0
2025-08-04,2025-08-05,0,0,0.42817168096127084,validation,C,random_forest,1.0
2025-08-05,2025-08-06,1,1,0.589104528690157,validation,C,random_forest,1.0
2025-08-06,2025-08-07,1,1,0.6014076652791241,validation,C,random_forest,1.0
2025-08-07,2025-08-08,1,1,0.5048254124006532,validation,C,random_forest,1.0
2025-08-08,2025-08-11,0,1,0.5248332654919415,validation,C,random_forest,1.0
2025-08-11,2025-08-12,1,0,0.3097297526551833,validation,C,random_forest,1.0
2025-08-12,2025-08-13,1,0,0.32584967907358725,validation,C,random_forest,1.0
2025-08-13,2025-08-14,0,0,0.4366830765866328,validation,C,random_forest,1.0
2025-08-14,2025-08-15,0,0,0.3798937113985583,validation,C,random_forest,1.0
2025-08-15,2025-08-18,0,0,0.4212808127258851,validation,C,random_forest,1.0
2025-08-18,2025-08-19,0,0,0.4699093921778794,validation,C,random_forest,1.0
2025-08-19,2025-08-20,0,0,0.4684680263411129,validation,C,random_forest,1.0
2025-08-20,2025-08-21,0,0,0.3753548802746861,validation,C,random_forest,1.0
2025-08-21,2025-08-22,1,0,0.40294620784033236,validation,C,random_forest,1.0
2025-08-22,2025-08-25,0,0,0.3246567942117316,validation,C,random_forest,1.0
2025-08-25,2025-08-26,1,0,0.39233716805473334,validation,C,random_forest,1.0
2025-08-26,2025-08-27,1,0,0.2954610667000597,validation,C,random_forest,1.0
2025-08-27,2025-08-28,1,0,0.4389259205177633,validation,C,random_forest,1.0
2025-08-28,2025-08-29,0,0,0.3972695601359688,validation,C,random_forest,1.0
2025-08-29,2025-09-02,0,0,0.41485598138252555,validation,C,random_forest,1.0
2025-09-02,2025-09-03,1,0,0.3994564316271158,validation,C,random_forest,1.0
2025-09-03,2025-09-04,1,1,0.5246459391985817,validation,C,random_forest,1.0
2025-09-04,2025-09-05,0,0,0.34886420378505156,validation,C,random_forest,1.0
2025-09-05,2025-09-08,0,0,0.39844587836674655,validation,C,random_forest,1.0
2025-09-08,2025-09-09,0,0,0.3397040624570245,validation,C,random_forest,1.0
2025-09-09,2025-09-10,0,0,0.37198688178203426,validation,C,random_forest,1.0
2025-09-10,2025-09-11,1,0,0.4513303043829003,validation,C,random_forest,1.0
2025-09-11,2025-09-12,1,0,0.33644622332647406,validation,C,random_forest,1.0
2025-09-12,2025-09-15,1,0,0.3993161611730528,validation,C,random_forest,1.0
2025-09-15,2025-09-16,1,0,0.3368883950173569,validation,C,random_forest,1.0
2025-09-16,2025-09-17,1,0,0.42487181380238676,validation,C,random_forest,1.0
2025-09-17,2025-09-18,0,0,0.39406067355649405,validation,C,random_forest,1.0
2025-09-18,2025-09-19,1,0,0.3672360558221821,validation,C,random_forest,1.0
2025-09-19,2025-09-22,1,1,0.5737844811430668,validation,C,random_forest,1.0
2025-09-22,2025-09-23,0,1,0.5305105178080431,validation,C,random_forest,1.0
2025-09-23,2025-09-24,0,0,0.4090994466966987,validation,C,random_forest,1.0
2025-09-24,2025-09-25,1,0,0.3672733248729134,validation,C,random_forest,1.0
2025-09-25,2025-09-26,0,0,0.4680768894132348,validation,C,random_forest,1.0
2025-09-26,2025-09-29,0,0,0.3487522495396636,validation,C,random_forest,1.0
2025-09-29,2025-09-30,1,0,0.4068910268320136,validation,C,random_forest,1.0
2025-07-01,2025-07-02,1,1,0.5326326694402198,validation,C,random_forest,2.0
2025-07-02,2025-07-03,1,0,0.4409976172078948,validation,C,random_forest,2.0
2025-07-03,2025-07-07,0,1,0.5034985183782649,validation,C,random_forest,2.0
2025-07-07,2025-07-08,1,0,0.45669629670505024,validation,C,random_forest,2.0
2025-07-08,2025-07-09,1,0,0.3697302033341302,validation,C,random_forest,2.0
2025-07-09,2025-07-10,1,0,0.3883754543291238,validation,C,random_forest,2.0
2025-07-10,2025-07-11,0,0,0.4061776873922648,validation,C,random_forest,2.0
2025-07-11,2025-07-14,0,0,0.45666142543071847,validation,C,random_forest,2.0
2025-07-14,2025-07-15,1,0,0.4165258518620242,validation,C,random_forest,2.0
2025-07-15,2025-07-16,1,0,0.3694293768884965,validation,C,random_forest,2.0
2025-07-16,2025-07-17,0,0,0.3602297278209573,validation,C,random_forest,2.0
2025-07-17,2025-07-18,1,0,0.3958932570028772,validation,C,random_forest,2.0
2025-07-18,2025-07-21,1,0,0.43537418223664076,validation,C,random_forest,2.0
2025-07-21,2025-07-22,1,0,0.34002151798181485,validation,C,random_forest,2.0
2025-07-22,2025-07-23,0,0,0.35905830211362344,validation,C,random_forest,2.0
2025-07-23,2025-07-24,0,0,0.34130182272370174,validation,C,random_forest,2.0
2025-07-24,2025-07-25,1,0,0.3934077771180677,validation,C,random_forest,2.0
2025-07-25,2025-07-28,1,0,0.38530162782202865,validation,C,random_forest,2.0
2025-07-28,2025-07-29,0,0,0.37096769086717796,validation,C,random_forest,2.0
2025-07-29,2025-07-30,0,0,0.416649238038538,validation,C,random_forest,2.0
2025-07-30,2025-07-31,0,0,0.432398015169564,validation,C,random_forest,2.0
2025-07-31,2025-08-01,0,1,0.5155155588047955,validation,C,random_forest,2.0
2025-08-01,2025-08-04,1,1,0.558248709776809,validation,C,random_forest,2.0
2025-08-04,2025-08-05,0,0,0.4750196816913642,validation,C,random_forest,2.0
2025-08-05,2025-08-06,1,1,0.5674057427326575,validation,C,random_forest,2.0
2025-08-06,2025-08-07,1,1,0.5468065622138221,validation,C,random_forest,2.0
2025-08-07,2025-08-08,1,0,0.47077264668993185,validation,C,random_forest,2.0
2025-08-08,2025-08-11,0,1,0.545295445712727,validation,C,random_forest,2.0
2025-08-11,2025-08-12,1,0,0.34550980397675396,validation,C,random_forest,2.0
2025-08-12,2025-08-13,1,0,0.3572005925928895,validation,C,random_forest,2.0
2025-08-13,2025-08-14,0,0,0.42438363123330114,validation,C,random_forest,2.0
2025-08-14,2025-08-15,0,0,0.41350638984653193,validation,C,random_forest,2.0
2025-08-15,2025-08-18,0,0,0.3922869894256934,validation,C,random_forest,2.0
2025-08-18,2025-08-19,0,0,0.4740503592286595,validation,C,random_forest,2.0
2025-08-19,2025-08-20,0,0,0.48008462021558773,validation,C,random_forest,2.0
2025-08-20,2025-08-21,0,0,0.358560209986815,validation,C,random_forest,2.0
2025-08-21,2025-08-22,1,0,0.35079093975921083,validation,C,random_forest,2.0
2025-08-22,2025-08-25,0,0,0.3272794999918104,validation,C,random_forest,2.0
2025-08-25,2025-08-26,1,0,0.3992720013337519,validation,C,random_forest,2.0
2025-08-26,2025-08-27,1,0,0.31729089466518184,validation,C,random_forest,2.0
2025-08-27,2025-08-28,1,0,0.4569612760235025,validation,C,random_forest,2.0
2025-08-28,2025-08-29,0,0,0.41122293967893486,validation,C,random_forest,2.0
2025-08-29,2025-09-02,0,0,0.4225994533705632,validation,C,random_forest,2.0
2025-09-02,2025-09-03,1,0,0.3650914044604317,validation,C,random_forest,2.0
2025-09-03,2025-09-04,1,0,0.4753661996219164,validation,C,random_forest,2.0
2025-09-04,2025-09-05,0,0,0.3319054557142514,validation,C,random_forest,2.0
2025-09-05,2025-09-08,0,0,0.41302772264416066,validation,C,random_forest,2.0
2025-09-08,2025-09-09,0,0,0.35647244755797375,validation,C,random_forest,2.0
2025-09-09,2025-09-10,0,0,0.36240085945596895,validation,C,random_forest,2.0
2025-09-10,2025-09-11,1,0,0.4160852899309322,validation,C,random_forest,2.0
2025-09-11,2025-09-12,1,0,0.3807339579597722,validation,C,random_forest,2.0
2025-09-12,2025-09-15,1,0,0.3893499934648592,validation,C,random_forest,2.0
2025-09-15,2025-09-16,1,0,0.33537724513229916,validation,C,random_forest,2.0
2025-09-16,2025-09-17,1,0,0.4252531762299612,validation,C,random_forest,2.0
2025-09-17,2025-09-18,0,0,0.3758949808861464,validation,C,random_forest,2.0
2025-09-18,2025-09-19,1,0,0.3679275959157719,validation,C,random_forest,2.0
2025-09-19,2025-09-22,1,1,0.5329777148801468,validation,C,random_forest,2.0
2025-09-22,2025-09-23,0,1,0.5355784373577833,validation,C,random_forest,2.0
2025-09-23,2025-09-24,0,0,0.4545024762633968,validation,C,random_forest,2.0
2025-09-24,2025-09-25,1,0,0.3896073572026017,validation,C,random_forest,2.0
2025-09-25,2025-09-26,0,0,0.4636738723799559,validation,C,random_forest,2.0
2025-09-26,2025-09-29,0,0,0.39068397796457094,validation,C,random_forest,2.0
2025-09-29,2025-09-30,1,0,0.46023784413073626,validation,C,random_forest,2.0
2025-10-01,2025-10-02,1,0,0.27064689974005046,test,C,logistic_regression,42.0
2025-10-02,2025-10-03,1,0,0.4061360961840036,test,C,logistic_regression,42.0
2025-10-03,2025-10-06,0,0,0.47949418459065024,test,C,logistic_regression,42.0
2025-10-06,2025-10-07,0,0,0.24778821263972492,test,C,logistic_regression,42.0
2025-10-07,2025-10-08,1,0,0.284003767855866,test,C,logistic_regression,42.0
2025-10-08,2025-10-09,0,0,0.1579312310053449,test,C,logistic_regression,42.0
2025-10-09,2025-10-10,0,0,0.2078792078510858,test,C,logistic_regression,42.0
2025-10-10,2025-10-13,1,0,0.4474732359046733,test,C,logistic_regression,42.0
2025-10-13,2025-10-14,1,0,0.21208243440514507,test,C,logistic_regression,42.0
2025-10-14,2025-10-15,1,0,0.3917161019025415,test,C,logistic_regression,42.0
2025-10-15,2025-10-16,0,0,0.4232485184595582,test,C,logistic_regression,42.0
2025-10-16,2025-10-17,1,0,0.3438848225307544,test,C,logistic_regression,42.0
2025-10-17,2025-10-20,1,0,0.4506559873540366,test,C,logistic_regression,42.0
2025-10-20,2025-10-21,1,0,0.45735421859302,test,C,logistic_regression,42.0
2025-10-21,2025-10-22,0,0,0.4024609568757854,test,C,logistic_regression,42.0
2025-10-22,2025-10-23,1,0,0.23612117823470993,test,C,logistic_regression,42.0
2025-10-23,2025-10-24,1,0,0.0956670790771975,test,C,logistic_regression,42.0
2025-10-24,2025-10-27,1,0,0.1384048913577685,test,C,logistic_regression,42.0
2025-10-27,2025-10-28,1,0,0.31335914603144055,test,C,logistic_regression,42.0
2025-10-28,2025-10-29,1,0,0.30467939112362125,test,C,logistic_regression,42.0
2025-10-29,2025-10-30,1,0,0.46849868885665247,test,C,logistic_regression,42.0
2025-10-30,2025-10-31,0,1,0.7039628867843264,test,C,logistic_regression,42.0
2025-10-31,2025-11-03,0,1,0.5585326851972481,test,C,logistic_regression,42.0
2025-11-03,2025-11-04,1,1,0.5996130756429127,test,C,logistic_regression,42.0
2025-11-04,2025-11-05,1,1,0.725225204646476,test,C,logistic_regression,42.0
2025-11-05,2025-11-06,0,1,0.5136229343614349,test,C,logistic_regression,42.0
2025-11-06,2025-11-07,0,1,0.6668861990492079,test,C,logistic_regression,42.0
2025-11-07,2025-11-10,1,0,0.30646483622295584,test,C,logistic_regression,42.0
2025-11-10,2025-11-11,1,0,0.16104037810342078,test,C,logistic_regression,42.0
2025-11-11,2025-11-12,0,0,0.3799535426554824,test,C,logistic_regression,42.0
2025-11-12,2025-11-13,0,0,0.2530123347947137,test,C,logistic_regression,42.0
2025-11-13,2025-11-14,0,0,0.4128883053474789,test,C,logistic_regression,42.0
2025-11-14,2025-11-17,0,0,0.14499533087179545,test,C,logistic_regression,42.0
2025-11-17,2025-11-18,0,0,0.16041949609216075,test,C,logistic_regression,42.0
2025-11-18,2025-11-19,1,0,0.4927594022701317,test,C,logistic_regression,42.0
2025-11-19,2025-11-20,0,0,0.34244568235676004,test,C,logistic_regression,42.0
2025-11-20,2025-11-21,1,1,0.6836351432441421,test,C,logistic_regression,42.0
2025-11-21,2025-11-24,1,1,0.5820872202303344,test,C,logistic_regression,42.0
2025-11-24,2025-11-25,1,0,0.41835725634379667,test,C,logistic_regression,42.0
2025-11-25,2025-11-26,1,0,0.4587302196482751,test,C,logistic_regression,42.0
2025-11-26,2025-11-28,1,0,0.17204935314545558,test,C,logistic_regression,42.0
2025-11-28,2025-12-01,1,0,0.11619026998835019,test,C,logistic_regression,42.0
2025-12-01,2025-12-02,1,0,0.2697905601475712,test,C,logistic_regression,42.0
2025-12-02,2025-12-03,0,0,0.22481470674362217,test,C,logistic_regression,42.0
2025-12-03,2025-12-04,0,0,0.3195160575430309,test,C,logistic_regression,42.0
2025-12-04,2025-12-05,0,0,0.2233053037081718,test,C,logistic_regression,42.0
2025-12-05,2025-12-08,0,0,0.2656608018200046,test,C,logistic_regression,42.0
2025-12-08,2025-12-09,0,0,0.2686403119277623,test,C,logistic_regression,42.0
2025-12-09,2025-12-10,1,0,0.4168150886394649,test,C,logistic_regression,42.0
2025-12-10,2025-12-11,0,1,0.5074361725795202,test,C,logistic_regression,42.0
2025-12-11,2025-12-12,1,0,0.3835087479560911,test,C,logistic_regression,42.0
2025-12-12,2025-12-15,0,1,0.583101214679697,test,C,logistic_regression,42.0
2025-12-15,2025-12-16,1,0,0.39000807391721104,test,C,logistic_regression,42.0
2025-12-16,2025-12-17,0,0,0.36217575698097215,test,C,logistic_regression,42.0
2025-12-17,2025-12-18,1,0,0.41186089082259825,test,C,logistic_regression,42.0
2025-12-18,2025-12-19,1,0,0.28019556440138277,test,C,logistic_regression,42.0
2025-12-19,2025-12-22,0,1,0.5386944130518829,test,C,logistic_regression,42.0
2025-12-22,2025-12-23,1,0,0.3818196884536875,test,C,logistic_regression,42.0
2025-12-23,2025-12-24,1,0,0.4545269946366513,test,C,logistic_regression,42.0
2025-12-24,2025-12-26,0,1,0.5220042829580743,test,C,logistic_regression,42.0
2025-12-26,2025-12-29,1,1,0.6120033262276282,test,C,logistic_regression,42.0
2025-12-29,2025-12-30,0,1,0.5891858221944527,test,C,logistic_regression,42.0
2025-12-30,2025-12-31,0,0,0.4874542139611881,test,C,logistic_regression,42.0
2025-10-01,2025-10-02,1,0,0.3917650670393113,test,C,random_forest,0.0
2025-10-02,2025-10-03,1,0,0.3492606186337913,test,C,random_forest,0.0
2025-10-03,2025-10-06,0,0,0.4143949561184119,test,C,random_forest,0.0
2025-10-06,2025-10-07,0,0,0.4232324390272079,test,C,random_forest,0.0
2025-10-07,2025-10-08,1,0,0.4394703368593638,test,C,random_forest,0.0
2025-10-08,2025-10-09,0,0,0.3474006751851647,test,C,random_forest,0.0
2025-10-09,2025-10-10,0,0,0.35243692448471153,test,C,random_forest,0.0
2025-10-10,2025-10-13,1,0,0.4207684309901543,test,C,random_forest,0.0
2025-10-13,2025-10-14,1,0,0.35202815631423634,test,C,random_forest,0.0
2025-10-14,2025-10-15,1,0,0.47759112272059534,test,C,random_forest,0.0
2025-10-15,2025-10-16,0,0,0.34199523552856415,test,C,random_forest,0.0
2025-10-16,2025-10-17,1,0,0.3400750461757181,test,C,random_forest,0.0
2025-10-17,2025-10-20,1,0,0.43305837475495856,test,C,random_forest,0.0
2025-10-20,2025-10-21,1,1,0.5905009958677158,test,C,random_forest,0.0
2025-10-21,2025-10-22,0,0,0.4218150818152012,test,C,random_forest,0.0
2025-10-22,2025-10-23,1,0,0.4505598410469609,test,C,random_forest,0.0
2025-10-23,2025-10-24,1,0,0.30072122530184614,test,C,random_forest,0.0
2025-10-24,2025-10-27,1,0,0.32306724709684537,test,C,random_forest,0.0
2025-10-27,2025-10-28,1,1,0.5132855247883987,test,C,random_forest,0.0
2025-10-28,2025-10-29,1,0,0.4396417798836078,test,C,random_forest,0.0
2025-10-29,2025-10-30,1,0,0.40199583221143503,test,C,random_forest,0.0
2025-10-30,2025-10-31,0,1,0.5809002416341155,test,C,random_forest,0.0
2025-10-31,2025-11-03,0,0,0.3960781651120689,test,C,random_forest,0.0
2025-11-03,2025-11-04,1,0,0.35069124095669946,test,C,random_forest,0.0
2025-11-04,2025-11-05,1,1,0.5503276591288627,test,C,random_forest,0.0
2025-11-05,2025-11-06,0,0,0.31701649963006107,test,C,random_forest,0.0
2025-11-06,2025-11-07,0,0,0.4570270541764134,test,C,random_forest,0.0
2025-11-07,2025-11-10,1,0,0.268555664391644,test,C,random_forest,0.0
2025-11-10,2025-11-11,1,0,0.34936358390802186,test,C,random_forest,0.0
2025-11-11,2025-11-12,0,1,0.5450932873457794,test,C,random_forest,0.0
2025-11-12,2025-11-13,0,0,0.38762030748753684,test,C,random_forest,0.0
2025-11-13,2025-11-14,0,1,0.561745902341681,test,C,random_forest,0.0
2025-11-14,2025-11-17,0,0,0.38487719952161653,test,C,random_forest,0.0
2025-11-17,2025-11-18,0,0,0.361761239218712,test,C,random_forest,0.0
2025-11-18,2025-11-19,1,0,0.36766009448429615,test,C,random_forest,0.0
2025-11-19,2025-11-20,0,0,0.21329928239100318,test,C,random_forest,0.0
2025-11-20,2025-11-21,1,0,0.42400094061144805,test,C,random_forest,0.0
2025-11-21,2025-11-24,1,0,0.402705293960649,test,C,random_forest,0.0
2025-11-24,2025-11-25,1,0,0.36135634921611,test,C,random_forest,0.0
2025-11-25,2025-11-26,1,0,0.3929142702075104,test,C,random_forest,0.0
2025-11-26,2025-11-28,1,0,0.3892872000002031,test,C,random_forest,0.0
2025-11-28,2025-12-01,1,0,0.41203619827564647,test,C,random_forest,0.0
2025-12-01,2025-12-02,1,0,0.42656209976709186,test,C,random_forest,0.0
2025-12-02,2025-12-03,0,0,0.3537779446808741,test,C,random_forest,0.0
2025-12-03,2025-12-04,0,0,0.36603760395654095,test,C,random_forest,0.0
2025-12-04,2025-12-05,0,0,0.4090988850739421,test,C,random_forest,0.0
2025-12-05,2025-12-08,0,0,0.4184223520984781,test,C,random_forest,0.0
2025-12-08,2025-12-09,0,0,0.33252171042620526,test,C,random_forest,0.0
2025-12-09,2025-12-10,1,0,0.3314873177835711,test,C,random_forest,0.0
2025-12-10,2025-12-11,0,0,0.4060034673325308,test,C,random_forest,0.0
2025-12-11,2025-12-12,1,0,0.39031148219899714,test,C,random_forest,0.0
2025-12-12,2025-12-15,0,1,0.5698551944895631,test,C,random_forest,0.0
2025-12-15,2025-12-16,1,0,0.3197829567961836,test,C,random_forest,0.0
2025-12-16,2025-12-17,0,0,0.3174148786202327,test,C,random_forest,0.0
2025-12-17,2025-12-18,1,0,0.4173086499632495,test,C,random_forest,0.0
2025-12-18,2025-12-19,1,0,0.2901888812595207,test,C,random_forest,0.0
2025-12-19,2025-12-22,0,0,0.32793872267625734,test,C,random_forest,0.0
2025-12-22,2025-12-23,1,0,0.4988703605590472,test,C,random_forest,0.0
2025-12-23,2025-12-24,1,1,0.5033234467208147,test,C,random_forest,0.0
2025-12-24,2025-12-26,0,1,0.5330907989783809,test,C,random_forest,0.0
2025-12-26,2025-12-29,1,1,0.5830240120635451,test,C,random_forest,0.0
2025-12-29,2025-12-30,0,1,0.576340284315019,test,C,random_forest,0.0
2025-12-30,2025-12-31,0,1,0.5460912835580826,test,C,random_forest,0.0
2025-10-01,2025-10-02,1,0,0.3700937624005826,test,C,random_forest,1.0
2025-10-02,2025-10-03,1,0,0.33142857228459843,test,C,random_forest,1.0
2025-10-03,2025-10-06,0,0,0.40197299169530515,test,C,random_forest,1.0
2025-10-06,2025-10-07,0,0,0.4035366484489675,test,C,random_forest,1.0
2025-10-07,2025-10-08,1,0,0.42036209089032955,test,C,random_forest,1.0
2025-10-08,2025-10-09,0,0,0.36579193845611535,test,C,random_forest,1.0
2025-10-09,2025-10-10,0,0,0.3661883343966968,test,C,random_forest,1.0
2025-10-10,2025-10-13,1,0,0.42017138098753054,test,C,random_forest,1.0
2025-10-13,2025-10-14,1,0,0.3321285744512606,test,C,random_forest,1.0
2025-10-14,2025-10-15,1,0,0.4762720537623956,test,C,random_forest,1.0
2025-10-15,2025-10-16,0,0,0.33904216168619766,test,C,random_forest,1.0
2025-10-16,2025-10-17,1,0,0.3467564366703355,test,C,random_forest,1.0
2025-10-17,2025-10-20,1,0,0.4408398945555598,test,C,random_forest,1.0
2025-10-20,2025-10-21,1,1,0.5879465633297204,test,C,random_forest,1.0
2025-10-21,2025-10-22,0,0,0.39405997959397765,test,C,random_forest,1.0
2025-10-22,2025-10-23,1,0,0.4675480848932465,test,C,random_forest,1.0
2025-10-23,2025-10-24,1,0,0.3047963016118467,test,C,random_forest,1.0
2025-10-24,2025-10-27,1,0,0.33767972708811106,test,C,random_forest,1.0
2025-10-27,2025-10-28,1,0,0.4881739991756641,test,C,random_forest,1.0
2025-10-28,2025-10-29,1,0,0.3888981349413912,test,C,random_forest,1.0
2025-10-29,2025-10-30,1,0,0.39305716546320335,test,C,random_forest,1.0
2025-10-30,2025-10-31,0,1,0.5471966706927224,test,C,random_forest,1.0
2025-10-31,2025-11-03,0,0,0.3989892835150816,test,C,random_forest,1.0
2025-11-03,2025-11-04,1,0,0.33861788583725805,test,C,random_forest,1.0
2025-11-04,2025-11-05,1,1,0.5243433653625995,test,C,random_forest,1.0
2025-11-05,2025-11-06,0,0,0.3043923567032905,test,C,random_forest,1.0
2025-11-06,2025-11-07,0,0,0.43133390664314886,test,C,random_forest,1.0
2025-11-07,2025-11-10,1,0,0.26989422333483787,test,C,random_forest,1.0
2025-11-10,2025-11-11,1,0,0.34178678237622245,test,C,random_forest,1.0
2025-11-11,2025-11-12,0,1,0.5410204849280769,test,C,random_forest,1.0
2025-11-12,2025-11-13,0,0,0.37495558138697993,test,C,random_forest,1.0
2025-11-13,2025-11-14,0,1,0.5199044391354497,test,C,random_forest,1.0
2025-11-14,2025-11-17,0,0,0.38852105498489997,test,C,random_forest,1.0
2025-11-17,2025-11-18,0,0,0.40282694543401437,test,C,random_forest,1.0
2025-11-18,2025-11-19,1,0,0.42044446773099703,test,C,random_forest,1.0
2025-11-19,2025-11-20,0,0,0.2432503566954241,test,C,random_forest,1.0
2025-11-20,2025-11-21,1,0,0.4630476133670657,test,C,random_forest,1.0
2025-11-21,2025-11-24,1,0,0.4356692817673788,test,C,random_forest,1.0
2025-11-24,2025-11-25,1,0,0.3490935214045907,test,C,random_forest,1.0
2025-11-25,2025-11-26,1,0,0.3583626696364647,test,C,random_forest,1.0
2025-11-26,2025-11-28,1,0,0.41503637784249053,test,C,random_forest,1.0
2025-11-28,2025-12-01,1,0,0.4518702406125062,test,C,random_forest,1.0
2025-12-01,2025-12-02,1,0,0.4078445035486997,test,C,random_forest,1.0
2025-12-02,2025-12-03,0,0,0.3598256113822364,test,C,random_forest,1.0
2025-12-03,2025-12-04,0,0,0.37645764640009716,test,C,random_forest,1.0
2025-12-04,2025-12-05,0,0,0.4077148323890387,test,C,random_forest,1.0
2025-12-05,2025-12-08,0,0,0.3931619351680485,test,C,random_forest,1.0
2025-12-08,2025-12-09,0,0,0.34967736948229344,test,C,random_forest,1.0
2025-12-09,2025-12-10,1,0,0.3285490595810922,test,C,random_forest,1.0
2025-12-10,2025-12-11,0,0,0.4094266646185068,test,C,random_forest,1.0
2025-12-11,2025-12-12,1,0,0.4221787359580785,test,C,random_forest,1.0
2025-12-12,2025-12-15,0,1,0.5353266652995492,test,C,random_forest,1.0
2025-12-15,2025-12-16,1,0,0.3185120414841246,test,C,random_forest,1.0
2025-12-16,2025-12-17,0,0,0.30638248676738594,test,C,random_forest,1.0
2025-12-17,2025-12-18,1,0,0.4568697763194082,test,C,random_forest,1.0
2025-12-18,2025-12-19,1,0,0.2854804770474179,test,C,random_forest,1.0
2025-12-19,2025-12-22,0,0,0.3110020604960657,test,C,random_forest,1.0
2025-12-22,2025-12-23,1,0,0.48463578343573543,test,C,random_forest,1.0
2025-12-23,2025-12-24,1,0,0.4639438179130257,test,C,random_forest,1.0
2025-12-24,2025-12-26,0,1,0.5017428619073186,test,C,random_forest,1.0
2025-12-26,2025-12-29,1,1,0.5397350067984644,test,C,random_forest,1.0
2025-12-29,2025-12-30,0,1,0.5707245195945942,test,C,random_forest,1.0
2025-12-30,2025-12-31,0,1,0.5173219122542383,test,C,random_forest,1.0
2025-10-01,2025-10-02,1,0,0.3983542303257969,test,C,random_forest,2.0
2025-10-02,2025-10-03,1,0,0.352446525225533,test,C,random_forest,2.0
2025-10-03,2025-10-06,0,0,0.38909615194985386,test,C,random_forest,2.0
2025-10-06,2025-10-07,0,0,0.42714467715822585,test,C,random_forest,2.0
2025-10-07,2025-10-08,1,0,0.4366595646253267,test,C,random_forest,2.0
2025-10-08,2025-10-09,0,0,0.3599658318532244,test,C,random_forest,2.0
2025-10-09,2025-10-10,0,0,0.37607686589880324,test,C,random_forest,2.0
2025-10-10,2025-10-13,1,0,0.410406987505485,test,C,random_forest,2.0
2025-10-13,2025-10-14,1,0,0.35708678754180695,test,C,random_forest,2.0
2025-10-14,2025-10-15,1,0,0.47743126667441177,test,C,random_forest,2.0
2025-10-15,2025-10-16,0,0,0.3622034122317289,test,C,random_forest,2.0
2025-10-16,2025-10-17,1,0,0.35507600304198383,test,C,random_forest,2.0
2025-10-17,2025-10-20,1,0,0.44465263429922847,test,C,random_forest,2.0
2025-10-20,2025-10-21,1,1,0.5464215842965475,test,C,random_forest,2.0
2025-10-21,2025-10-22,0,0,0.3976800561780476,test,C,random_forest,2.0
2025-10-22,2025-10-23,1,0,0.422870638982394,test,C,random_forest,2.0
2025-10-23,2025-10-24,1,0,0.28151538268505655,test,C,random_forest,2.0
2025-10-24,2025-10-27,1,0,0.3456745016719333,test,C,random_forest,2.0
2025-10-27,2025-10-28,1,0,0.478093784938119,test,C,random_forest,2.0
2025-10-28,2025-10-29,1,0,0.4353050560989563,test,C,random_forest,2.0
2025-10-29,2025-10-30,1,0,0.4239616451453964,test,C,random_forest,2.0
2025-10-30,2025-10-31,0,1,0.5406297386291823,test,C,random_forest,2.0
2025-10-31,2025-11-03,0,0,0.41905355213453227,test,C,random_forest,2.0
2025-11-03,2025-11-04,1,0,0.3707664677390959,test,C,random_forest,2.0
2025-11-04,2025-11-05,1,0,0.4937844455460323,test,C,random_forest,2.0
2025-11-05,2025-11-06,0,0,0.34553902518129587,test,C,random_forest,2.0
2025-11-06,2025-11-07,0,0,0.42565674990770935,test,C,random_forest,2.0
2025-11-07,2025-11-10,1,0,0.3004666111959088,test,C,random_forest,2.0
2025-11-10,2025-11-11,1,0,0.3631376437081078,test,C,random_forest,2.0
2025-11-11,2025-11-12,0,1,0.5034923429944181,test,C,random_forest,2.0
2025-11-12,2025-11-13,0,0,0.4003383653260445,test,C,random_forest,2.0
2025-11-13,2025-11-14,0,1,0.5406622699023432,test,C,random_forest,2.0
2025-11-14,2025-11-17,0,0,0.4002329513584496,test,C,random_forest,2.0
2025-11-17,2025-11-18,0,0,0.38636344272351225,test,C,random_forest,2.0
2025-11-18,2025-11-19,1,0,0.3991334222828507,test,C,random_forest,2.0
2025-11-19,2025-11-20,0,0,0.23114725592641208,test,C,random_forest,2.0
2025-11-20,2025-11-21,1,0,0.417315195076786,test,C,random_forest,2.0
2025-11-21,2025-11-24,1,0,0.4261444645057855,test,C,random_forest,2.0
2025-11-24,2025-11-25,1,0,0.3431734265886994,test,C,random_forest,2.0
2025-11-25,2025-11-26,1,0,0.3799955894226437,test,C,random_forest,2.0
2025-11-26,2025-11-28,1,0,0.41471645015441194,test,C,random_forest,2.0
2025-11-28,2025-12-01,1,0,0.4367484699652349,test,C,random_forest,2.0
2025-12-01,2025-12-02,1,0,0.3922521406310765,test,C,random_forest,2.0
2025-12-02,2025-12-03,0,0,0.3745644671719024,test,C,random_forest,2.0
2025-12-03,2025-12-04,0,0,0.4434430426446308,test,C,random_forest,2.0
2025-12-04,2025-12-05,0,0,0.43682603519058283,test,C,random_forest,2.0
2025-12-05,2025-12-08,0,0,0.42810776312832466,test,C,random_forest,2.0
2025-12-08,2025-12-09,0,0,0.35907843952342006,test,C,random_forest,2.0
2025-12-09,2025-12-10,1,0,0.37859586908830456,test,C,random_forest,2.0
2025-12-10,2025-12-11,0,0,0.4166550279306413,test,C,random_forest,2.0
2025-12-11,2025-12-12,1,0,0.44842841239182796,test,C,random_forest,2.0
2025-12-12,2025-12-15,0,1,0.5069560736830787,test,C,random_forest,2.0
2025-12-15,2025-12-16,1,0,0.32817884584545237,test,C,random_forest,2.0
2025-12-16,2025-12-17,0,0,0.35217270066048906,test,C,random_forest,2.0
2025-12-17,2025-12-18,1,0,0.4447818411460196,test,C,random_forest,2.0
2025-12-18,2025-12-19,1,0,0.3211480604000447,test,C,random_forest,2.0
2025-12-19,2025-12-22,0,0,0.34039663868365166,test,C,random_forest,2.0
2025-12-22,2025-12-23,1,1,0.5084635211932798,test,C,random_forest,2.0
2025-12-23,2025-12-24,1,1,0.5073298631536162,test,C,random_forest,2.0
2025-12-24,2025-12-26,0,1,0.5379731122293583,test,C,random_forest,2.0
2025-12-26,2025-12-29,1,1,0.5865379280301443,test,C,random_forest,2.0
2025-12-29,2025-12-30,0,1,0.5577581026366251,test,C,random_forest,2.0
2025-12-30,2025-12-31,0,1,0.5357722301565392,test,C,random_forest,2.0
