Date,AAPL_return_1d,AAPL_cum_return_5d,QQQ_return_1d,QQQ_cum_return_5d,MSFT_return_1d,MSFT_cum_return_5d,NVDA_return_1d,NVDA_cum_return_5d,AAPL_mean_return_3d,AAPL_mean_return_5d,AAPL_mean_return_10d,AAPL_mean_return_20d,AAPL_volatility_5d,AAPL_cum_return_10d,AAPL_volatility_10d,AAPL_cum_return_20d,AAPL_volatility_20d,AAPL_close_to_ma20,AAPL_volume_to_ma20,AAPL_daily_range,AAPL_minus_QQQ_1d,AAPL_minus_peer_mean_1d,previous_direction,target_next_day_up,target_date
2022-01-03,0.025003996152784813,0.009316292935587667,0.009626698902850617,-0.0044613860471610645,-0.004668246373933815,-0.02248528596542332,0.024140747753341518,-0.026627960180547694,0.004963521156969593,0.0019250926627692121,0.006252771964961312,0.006067465236223968,0.013190435088332803,0.06351522053225378,0.013036594397356901,0.12462939976178111,0.019336649986800472,0.037153016657005766,-0.024589629076158914,0.028405023487603882,0.015377297249934196,0.015267745463080962,1,0,2022-01-04
2022-01-04,-0.012691513334697424,0.0022866898271882707,-0.012970625453899598,-0.0127986173503285,-0.01714696246398484,-0.03586813638173547,-0.02758870882395803,-0.03403467673805838,0.0029257560562405693,0.0005401821621602076,0.005795819876751718,0.004357738655705412,0.014498602602740145,0.058615671422715954,0.013661540431591249,0.08698274099319314,0.019411600304588047,0.019811708749551515,-0.06936627762816516,0.021257692760668273,0.00027911211920217394,0.00967632230927401,0,0,2022-01-05
2022-01-05,-0.026599999617508807,-0.024863518391326167,-0.03072081968394802,-0.04298347147726722,-0.03838777111041369,-0.07477697922928206,-0.0575624500466585,-0.07989748482585368,-0.004762505599807139,-0.00488018989625949,0.0012270872518690523,0.001255423916324916,0.018911132580885504,0.011156225810448284,0.016137709370695783,0.021848265268763267,0.019137714733666995,-0.008367638067055316,-0.10322277890939668,0.03161444567336307,0.0041208200664392125,0.021375110961027288,0,0,2022-01-06
2022-01-06,-0.01669313081266066,-0.03479225222750171,-0.000702695024808242,-0.04078923541369672,-0.00790181936270784,-0.07497332931109879,0.020794258379175368,-0.04759002854281602,-0.018661547921622296,-0.006903172452289552,-0.001974066729465962,-0.0007183829022206545,0.019664204302489538,-0.020724086309477197,0.016206740615238975,-0.017591793131612188,0.018833880386278045,-0.024069072318968487,-0.07192988714932147,0.021279091058775457,-0.01599043578785242,-0.023139350320894425,0,1,2022-01-07
2022-01-07,0.000988318730156701,-0.030410612726125774,-0.010832772666331869,-0.04521799756178513,0.0005095526200802336,-0.06624634675392427,-0.03303996241426299,-0.07357777547622601,-0.014101603900004256,-0.005998465776385076,-0.002239601103940436,-0.000520467481024367,0.0199597328756763,-0.023314960211261337,0.016126023597086914,-0.013691534723355714,0.018829771562366496,-0.022441714600601403,-0.16063974222825017,0.0180635455853337,0.01182109139648857,0.01725352362724808,1,1,2022-01-10
2022-01-10,0.00011613664201792773,-0.05395296431126606,0.0006582835374444596,-0.053699232844672595,0.0007323552021778479,-0.0611798637114116,0.0056152656463128725,-0.09033564628804369,-0.005196225146828677,-0.010976037678538452,-0.004525472507884621,-0.0019153233723250395,0.011682447867777867,-0.045139312995945424,0.013572711897283705,-0.04045691284375319,0.017597794661653576,-0.02030897892209549,0.037849582694756245,0.02514665061653683,-0.0005421468954265318,-0.0030576737822274325,1,1,2022-01-11
2022-01-11,0.016783697034686407,-0.02570957759589354,0.015021785984425717,-0.02686189537353989,0.002259388414834751,-0.04264293877847125,0.015219006985282668,-0.05029019073969976,0.005962717468953678,-0.005080995604661687,-0.0022704067212507397,-4.241325502014059e-05,0.0168806158217884,-0.023481677598255146,0.015127799173616754,-0.0037553674296542106,0.01748917826773062,-0.0036790848825006828,-0.231058341948436,0.024902817603176138,0.0017619110502606894,0.008044499334627697,1,1,2022-01-12
2022-01-12,0.002570445912452035,0.0034875517301120595,0.003965524951722754,0.007962543612316075,0.010444769568840329,0.005973516204277551,0.006542698469156116,0.014309621070188072,0.006490093196385456,0.0007530935013304818,-0.002063548197464504,0.00048725460189024685,0.011886071756396749,-0.021462679467796453,0.015183958105528767,0.00688356295419279,0.01739492287924691,-0.001459040658861488,-0.21905657630537023,0.013444911798409238,-0.001395079039270719,-0.005923288106546187,1,0,2022-01-13
2022-01-13,-0.019028189330003276,0.0011045701521930074,-0.025015952594856894,-0.016561542284639352,-0.04232244653485551,-0.028928512669597617,-0.050858896585940006,-0.05688835429514094,0.00010865120571172208,0.000286081797861959,-0.0033085453272137964,-0.0018896139666902234,0.012756887504168982,-0.03372611255864666,0.016079282323189774,-0.039654279095122424,0.01659378061694084,-0.018474485590736722,-0.09581141183156028,0.028050419667647417,0.005987763264853618,0.02756248223039448,0,1,2022-01-14
2022-01-14,0.005110779676270383,0.005227509867077984,0.006222465734490257,0.0003949205715796378,0.01771677178495734,-0.012227582764930967,0.013809989951815593,-0.011193874730623388,-0.0037823212470936194,0.0011105739870846953,-0.00244394589465019,0.0003291188999221872,0.01294544660522074,-0.025342074637137446,0.016296721596022464,0.004702346303402161,0.014115001281339964,-0.013685832784752328,-0.1059463092977102,0.015542857384682373,-0.001111686058219874,-0.010652601192116085,1,0,2022-01-18
2022-01-18,-0.018894288939143578,-0.013880073810780935,-0.024894031854916898,-0.02515066971424229,-0.024339400140691914,-0.03697464750268453,-0.038564340136599484,-0.05463500604842764,-0.010937232864292157,-0.0026915111291476055,-0.006833774403843029,-0.00029050121944085847,0.015789749286665603,-0.06708416699509623,0.013803246531343122,-0.00782981212375855,0.014690903296885575,-0.03195191107751305,0.07324400950945686,0.018433389680619493,0.005999742915773321,0.012557581199502121,0,0,2022-01-19
2022-01-19,-0.02102461475081885,-0.05054817710157311,-0.010983753712646704,-0.050126964122370166,0.0022469251733541196,-0.03698662286321375,-0.03227436765504499,-0.09886051160010212,-0.011602708004564014,-0.010253173486248657,-0.007667084545455172,-0.000935632334351727,0.012924685658723973,-0.07495818241594276,0.01443333071476303,-0.020736235184163676,0.01532263114649443,-0.051352888011434006,0.12720525912613923,0.03092101017720783,-0.010040861038172144,-0.006010893509973414,0,0,2022-01-20
2022-01-20,-0.01034690473393629,-0.06278113506301553,-0.012988335895196879,-0.06616737076211487,-0.005703132406470135,-0.052376524501828725,-0.03658180811175504,-0.13746910302590465,-0.016755269474632906,-0.012836643615526323,-0.00604177505709792,-0.002407343902614434,0.010844145644390471,-0.059512535789110865,0.01289788601749678,-0.0490202452664783,0.014699108357158108,-0.058891246543192444,0.08669830658691646,0.03343261919427922,0.002641431161260588,0.010795565525176298,0,0,2022-01-21
2022-01-21,-0.012765467310015488,-0.056797740678848685,-0.02772867619650743,-0.06876559769728063,-0.01846840328661592,-0.028772910440091004,-0.03213248440263361,-0.12045149727742865,-0.01471232893159021,-0.011584099211528764,-0.005649008706833403,-0.0038115377181496823,0.010298148733377902,-0.05575590761572147,0.01259370732418216,-0.0753245036835073,0.014251251362445047,-0.06737567820209789,0.43410318572794804,0.024813734920425188,0.014963208886491941,0.012534976534609277,0,0,2022-01-24
2022-01-24,-0.004864230620626131,-0.0661583529009312,0.004577999484782103,-0.07028751118788845,0.0011487468484248087,-0.044584101809810095,-8.562459622996066e-05,-0.13250687953966522,-0.00932553422152597,-0.013579101270908066,-0.006234263641911686,-0.004236932372926061,0.00653347067138078,-0.061276686476432474,0.012385249763115929,-0.08316298318061788,0.014143575969133671,-0.06798918119873332,0.7961004067920971,0.04702392236805247,-0.009442230105408234,-0.005395791746723555,0,0,2022-01-25
2022-01-25,-0.011384730091099637,-0.05901056166438645,-0.023181524962229583,-0.06865472552425755,-0.02658866778639324,-0.046786697741528216,-0.04484010324951049,-0.13816943352363387,-0.009671476007247085,-0.012077189501299278,-0.007384350315223442,-0.0059549114115540315,0.005831601541663647,-0.07207156452365016,0.012263416383562459,-0.113957616610455,0.012674788316256055,-0.07310779905626796,0.253183799096494,0.035924335199824325,0.011796794871129945,0.024329655426852226,0,0,2022-01-26
2022-01-26,-0.0005632383949280007,-0.03934312228356629,-0.0015645790644195356,-0.059784796611543456,0.02849337615371339,-0.021824320124629093,0.020068147466282937,-0.09155458945000716,-0.00560406636888459,-0.007984914230121109,-0.009119043858184883,-0.005694725289717812,0.005118871290910271,-0.08790257627222087,0.009344421216316089,-0.10932015391439565,0.012732130500418229,-0.06833330232361923,0.15358404064184383,0.04114216272142883,0.001001340669491535,-0.024844000204926164,0,0,2022-01-27
2022-01-27,-0.002943089764922635,-0.032156234468689315,-0.010070621996152496,-0.05700541814339999,0.010548870306404279,-0.0058358217986934635,-0.03636024641290636,-0.0913456700937324,-0.004963686083650091,-0.006504151236318379,-0.00967039742592235,-0.0058669728116934276,0.005331253903874401,-0.09291856463240811,0.008719850923223232,-0.11238696273089144,0.012667023558469595,-0.06558006360360469,0.25933858046555036,0.03492022054997194,0.007127532231229861,0.009962598288328406,0,1,2022-01-28
2022-01-28,0.06977765228250088,0.04876561443325689,0.03136891605942527,0.00031264517261586633,0.02808180446084907,0.04131349991985367,0.04083105511273866,-0.022845968391262628,0.022090441374216747,0.010004472682184896,-0.0007898132646719346,-0.0020491792959428656,0.033655331016966765,-0.010801902968216703,0.026077020074750833,-0.044163709331509704,0.021124578750187493,0.0019353740187018076,0.7495246763109971,0.044325738100128985,0.03840873622307561,0.035321222495707016,1,1,2022-01-31
2022-01-31,0.026125595932321444,0.08142554435040927,0.03197855380502235,0.027596859026923548,0.008823720503381205,0.04929638328618058,0.07206668796175131,0.047663992101559804,0.030986719483299896,0.01620243799277441,0.0013116683609331714,-0.0005661387668585094,0.03308120172556136,0.00988021155119334,0.027417672299226523,-0.015712248144505114,0.02203625027081041,0.028955884171681046,0.09598823019418101,0.0314109482292453,-0.0058529578727009035,-0.014319608300244813,1,0,2022-02-01
2022-02-01,-0.0009725989332515228,0.09281515661713202,0.006803385906090753,0.05914048869188937,-0.007138716957930669,0.07026261039285386,0.00620756474281392,0.10365545888974714,0.0316435497605236,0.018284864224344034,0.003103837361522377,-0.001864968521160326,0.031183774570687897,0.02832752042980058,0.026521222651056036,-0.04065697467636531,0.02119945931460834,0.030199141518918005,-0.175054493123054,0.01448942655319426,-0.007775984839342276,-0.0005070228256931486,0,1,2022-02-02
2022-02-02,0.0070442059755242425,0.10113337226671515,0.008125287673873549,0.0694195012122365,0.015222112890167061,0.056452373795344624,0.02451492145248979,0.10846661429786009,0.010732400991531388,0.01980635309843448,0.005910719434156686,-0.0008781825556492429,0.03020446146454266,0.057811347351110154,0.025132837510453882,-0.02148026858528862,0.021128191214809116,0.038638775864240804,-0.1818548428084168,0.014501837493546046,-0.0010810816983493066,-0.012824311195804183,1,0,2022-02-03
2022-02-03,-0.016719858463181247,0.08591853385586123,-0.04054375488770012,0.03649941286920089,-0.038952359765500266,0.004702583605191268,-0.051263829836585284,0.09132314901733807,-0.0035494171403028427,0.017050999358782758,0.00527342406123219,-0.00038417549793286486,0.03327125290227987,0.05099948286729661,0.02566603235232406,-0.011548161471180318,0.020604131904618246,0.021882517840392746,-0.13633087556197154,0.023828863628781945,0.023823896424518876,0.028388236337861528,0,0,2022-02-04
2022-02-04,-0.00167931111653008,0.013383422692802016,0.012614992508483969,0.017652198795876428,0.0155685098511813,-0.007526150887721128,0.01549195644524648,0.06475481709139141,-0.0037849878680623616,0.002759606678976567,0.0063820396805807315,0.0003665154868736642,0.015631779785673466,0.06280168795689334,0.02503188098101364,0.003544215229335901,0.020249105754179056,0.019982713363677407,-0.1978923633478905,0.019838815707657123,-0.014294303625014049,-0.01720954426474397,0,0,2022-02-07
2022-02-07,-0.004234435830590688,-0.016599605722943056,-0.008044247876011212,-0.021814989725146172,-0.016310663374869527,-0.032253185161128184,0.016818322759381665,0.009883265119667195,-0.0075445351367673386,-0.003312399673605859,0.006445019159584275,0.00010537775883629475,0.0086024855155408,0.06347430669547349,0.025001215262623694,-0.0016918749716463566,0.020274326062557215,0.01575108202984099,-0.24513666698277603,0.0174764064779185,0.003809812045420524,-0.004488265522846757,0,1,2022-02-08
2022-02-08,0.018466664964077895,0.002535584924157508,0.01123515308709866,-0.017509195479541106,0.01199553834906264,-0.013602931652479722,0.01536680324190276,0.01907596253675914,0.004184306005652376,0.0005754531058600243,0.009430158665102028,0.0010229041749392931,0.013127138121028116,0.09558608225314136,0.024410963639554435,0.01662547923482105,0.020685893115995883,0.03363426919385204,-0.25721334896083947,0.02242185772852909,0.007231511876979235,0.004785494168595195,1,1,2022-02-09
2022-02-09,0.008293563854275376,0.0037793493232982645,0.021190659592834837,-0.004776048196192817,0.0218348734762277,-0.007177926155697456,0.06360553147241377,0.05795904778819283,0.007508597662587528,0.0008253246816102511,0.010315838890022366,0.0005983975159187416,0.013291908363816446,0.10529493993205241,0.024167553732366207,0.0081366671713754,0.02043097891445543,0.0417686315118595,-0.2906860012153414,0.009927388314717461,-0.012897095738559461,-0.03442663862004536,1,0,2022-02-10
2022-02-10,-0.02359859658091168,-0.0032427952114110203,-0.02263250626314084,0.013802916429534351,-0.028373132128737044,0.0037510749492211115,-0.032990208511559094,0.07833641256531187,0.0010538774124805306,-0.0005504229419358353,0.008250288208423462,-0.0007100546087494442,0.015699764189658277,0.08239712243429098,0.026222044645920775,-0.018177664544552274,0.021124241123520834,0.018143055896441274,-0.10301565489450337,0.022832865368753383,-0.0009660903177708402,0.00708307373923639,0,0,2022-02-11
2022-02-11,-0.020218381653859918,-0.021752831449199928,-0.031721806091946525,-0.03058589477591367,-0.02427418044436569,-0.03562799482804535,-0.07260686507502834,-0.015214468410599591,-0.011841138126832074,-0.004258237049401803,-0.0007493151852126179,-0.0007695642249422763,0.018046780644682164,-0.008660536094447835,0.01634108880538772,-0.01936888879211962,0.02118016404985039,-0.001458424944570047,-0.03273303474107725,0.02988619878535896,0.011503424438086607,0.028222141105837095,0,1,2022-02-14
2022-02-14,0.0014232213965017504,-0.016194708772352073,0.0012390628389615799,-0.021513542172480582,-0.00013533438889856697,-0.01977031103731275,0.01327841333662394,-0.018642860193714417,-0.014131252279423282,-0.003126705603983315,-0.003219552638794587,-0.0009539421389307079,0.018225132050713355,-0.03252548871487615,0.013435934351014117,-0.022966635872991636,0.021142296835932158,0.0011393410776008306,-0.1574974932066695,0.017882544914399712,0.00018415855754017052,-0.005148318077360936,1,1,2022-02-15
2022-02-15,0.023152494788522215,-0.011668351323781745,0.024864429676584754,-0.008325647613944498,0.018541922111726006,-0.013429413793858092,0.09181174993093033,0.05524156659260737,0.0014524448437213493,-0.002189539639094451,-0.0008070432666172134,0.0011483970474525818,0.019675829548044966,-0.009162352495330706,0.015835800007185572,0.01890562120697359,0.021353916504334842,0.023345726403309675,-0.38015313124407935,0.015625887222364267,-0.0017119348880625385,-0.03202434123280595,1,0,2022-02-16
2022-02-16,-0.0013893098713595453,-0.02115952621197481,-0.00025289964728825165,-0.029149406157505497,-0.0011669486590125677,-0.03563742580911977,0.0006038737613529577,-0.007264659647976401,0.0077288021045548065,-0.004126114384221435,-0.0016503948513055921,0.002130162291425547,0.018845068146109378,-0.01746014612974711,0.01559393599231236,0.03934180664865505,0.020722890338593435,0.019951269018287254,-0.38325304596018617,0.01906689787276305,-0.0011364102240712937,-0.0011077724225297403,0,0,2022-02-17
2022-02-17,-0.0212688256743101,-0.01882393549073058,-0.029744063549113964,-0.036213544936905984,-0.0292820428105397,-0.036539541089992134,-0.07559131030302702,-0.05099908680535614,0.00016478641428419039,-0.0036601602029011195,-0.0021052915724184772,0.0015840662444068566,0.018263048723484606,-0.022005688534272316,0.016139194327026058,0.027871515597637675,0.021207243690647793,-0.0030911393628425543,-0.29064427965471085,0.020369506998731447,0.008475237874803865,0.031167850882473258,0,0,2022-02-18
2022-02-18,-0.009355947736026882,-0.007946041924527636,-0.011405410466279187,-0.015991394894786293,-0.00963094225781691,-0.02208037571752508,-0.035295811406731104,-0.012818704969412287,-0.010671361093898843,-0.0014876734193345121,-0.0028729552343681576,0.001754542223106287,0.01634644149796181,-0.029526024463054967,0.01629846557946444,0.03142137931890199,0.021099251752275627,-0.013901546804649834,-0.13866643440451765,0.026001140259279118,0.002049462730252305,0.013107429096247125,0,0,2022-02-22
2022-02-22,-0.017812184393181663,-0.027001482262961507,-0.010043831301847383,-0.027080120192385815,-0.0007294632070463658,-0.022661464589450953,-0.010659358908867156,-0.03613995675413839,-0.016145652601172882,-0.005334754577271195,-0.004230730090627255,0.0011071445344785103,0.017697745487157312,-0.04275890989364306,0.0169759674410871,0.01800130464127725,0.02150771737477042,-0.03229478797462715,-0.01490052270478659,0.027629067323274963,-0.007768353091334279,-0.012117773335224902,0,0,2022-02-23
2022-02-23,-0.025864137299222767,-0.07361536495275112,-0.02561468260389954,-0.07500073332969825,-0.025893325509722676,-0.0652991596004846,-0.042881350732853374,-0.15504809072405268,-0.017677423142810438,-0.015138080994820191,-0.00866381031695732,0.00038317417407235377,0.00977556795770947,-0.08442474633543573,0.016158801513933913,0.003091505170286002,0.022183418033372627,-0.05746056676630884,-0.013622237958818784,0.03998246769315925,-0.00024945469532322573,0.008523200822065258,0,1,2022-02-24
2022-02-24,0.016680065013822576,-0.056852885415920706,0.03360427529231802,-0.04367494905924141,0.05109369931999086,-0.01639401822554054,0.0607941370256917,-0.10422090606220846,-0.008998752226193951,-0.011524206017783766,-0.007825160201002601,0.0012453393445098827,0.01688425421699859,-0.07680943150871089,0.01731309053587112,0.020397863946416628,0.022477828907958377,-0.04265587960707118,0.5194163098962312,0.06667079843481614,-0.016924210278495444,-0.0392638531590187,1,1,2022-02-25
2022-02-25,0.012965543740363517,-0.02386318652817432,0.015507052802201216,0.0009264540592937021,0.009233151565484432,0.02263253454077363,0.017222544009502183,-0.014281562947416337,0.0012604904849877752,-0.004677332134849044,-0.0041687461688750815,0.0020407710197741903,0.018779669745360182,-0.04223792293509521,0.017472029630025934,0.03667891619174246,0.02260294470518703,-0.03190421538128696,0.006316957313080351,0.025781012087626183,-0.002541509061837699,-0.00026230404712979105,1,1,2022-02-28
2022-02-28,0.0016377456216212227,-0.013030487560370396,0.002978747842626195,0.015490042332167775,0.004977850355744051,0.03771724109556551,0.009438399282712284,0.031427097556980366,0.010427784791935771,-0.002478593463319423,-0.0019831334413269674,-0.0013662243132697926,0.01873847971006098,-0.020872988684446314,0.016585810174485335,-0.0293527535069934,0.016037282352549077,-0.028894908688612886,0.09068780790357,0.018108076438846932,-0.0013410022210049721,-0.005570379197606945,1,0,2022-03-01
2022-03-01,-0.011627925654067228,-0.006816121289930255,-0.015311472826606609,0.010086532879821863,-0.012851865849049737,0.025128431797252437,-0.037236289245645704,0.003719587139734193,0.0009917879026391703,-0.001241741715496536,-0.0032882481463838652,-0.0032539003925892264,0.0176455712919652,-0.03363355817477953,0.016800090647601778,-0.06506509897280077,0.014805635474435485,-0.036970498614644076,-0.02425653161060426,0.028370128488917103,0.003683547172539381,0.013416151893280492,0,1,2022-03-02
2022-03-02,0.020588412148336177,0.04054475002465896,0.016779344101397475,0.05403386530063714,0.017765815509491523,0.0710743512111216,0.03182402203106838,0.08206227324781201,0.003532744038630057,0.008048768174015253,-0.003544656410402469,-0.002175849838509841,0.013078514138471864,-0.036055331498075494,0.016365655025794568,-0.0448873323368848,0.015736209777792515,-0.014868028039382253,-0.06453827910751153,0.026476967619778975,0.0038090680469387017,-0.004206506621943773,1,0,2022-03-03
2022-03-03,-0.00198136748357991,0.021445274898383326,-0.014284668828998148,0.005198377596136838,-0.014224085855630952,0.004514914669177195,-0.020892112302083765,-0.0012617248358608446,0.002326373003563013,0.004316481674534756,-0.0036038621716245056,-0.002627128511465049,0.012655479563046058,-0.03662683627404817,0.016358060466916194,-0.053447472490180115,0.015586588382328055,-0.014083245471337658,-0.09591522130053087,0.0202129621410736,0.012303301345418238,0.015576731595277449,0,0,2022-03-04
2022-03-04,-0.018408404769790776,-0.010191311023651117,-0.014491860959746528,-0.02449600941963681,-0.020478888999613476,-0.025058219989152364,-0.032807404952000074,-0.0503825639547133,6.621329832183036e-05,-0.001958308027496103,-0.0033178200811725734,-0.0027115558267955253,0.014877784715374088,-0.03381130039590141,0.016036696200929578,-0.05507294798472273,0.01567128465835468,-0.029495375351317854,-0.009370012081026613,0.02114357410649772,-0.0039165438100442485,0.008234742206016,0,0,2022-03-07
2022-03-07,-0.023717549527573767,-0.03524716735488176,-0.03688122228211754,-0.06326408900730385,-0.03777656967547882,-0.06653482601964045,-0.06906174142937971,-0.12423065850429793,-0.01470244059364815,-0.007029367057335101,-0.004753980260327262,-0.00381346774734771,0.017445262269015112,-0.047818367139496054,0.01723576720619827,-0.07593250532460694,0.01635477741022584,-0.04881053352520359,0.13131873489253576,0.037539302396530236,0.013163672754543776,0.029701606024855498,0,0,2022-03-08
2022-03-08,-0.011676084153598998,-0.035294175005183726,-0.004648046155804275,-0.05311995264222258,-0.01097135588937559,-0.06475658170559051,0.0075868776287950634,-0.0834576683106566,-0.017934012816987848,-0.007038998757241455,-0.0041403702363689955,-0.004185550163498125,0.017448448908827154,-0.04186972691745072,0.016823524188849602,-0.08283833293055898,0.016449237311961355,-0.05590862690839771,0.491647716580758,0.04496952312795872,-0.007028037997794723,-0.009983845023308735,0,1,2022-03-09
2022-03-09,0.034997341794667625,-0.02167421009445525,0.03599801734695296,-0.035222482224009144,0.045858204058002006,-0.0389419777035771,0.06972214999852366,-0.04979375098337935,-0.00013209729550171337,-0.004157212827975165,0.0019457776730200439,-0.0033590163219686386,0.02334550342269184,0.01799176449994211,0.01896401615653792,-0.06795193198952809,0.017990470815281843,-0.019375009720396297,0.030442334094433976,0.02454740763984498,-0.001000675552285335,-0.02279283523359521,1,0,2022-03-10
2022-03-10,-0.027186095890811002,-0.04638160034245575,-0.011104610998209807,-0.032109972756668936,-0.010086690732787007,-0.034908325920077754,-0.015468726802811528,-0.04453045481654827,-0.0012882794165807916,-0.009198158509421383,-0.002440838417443314,-0.005132999309222957,0.025389907471169773,-0.025930991613643428,0.02020959069824541,-0.10074867839805324,0.018522377001871124,-0.040909057013439054,0.1645674853713246,0.02781985581157029,-0.016081484892601194,-0.014408387123011734,0,0,2022-03-11
2022-03-11,-0.023908678801096817,-0.05172512869467427,-0.02073861346927952,-0.03824505091292074,-0.019328403632149938,-0.03377478848344606,-0.024627055642449602,-0.03644925705484492,-0.005365810965746731,-0.010298213315682592,-0.0061282606715893475,-0.005148503420232214,0.026000527753151016,-0.061389292844059584,0.020448821580981647,-0.10103425955896739,0.018538769612868985,-0.05888872478871987,0.06841024751680536,0.030892515422244877,-0.0031700653318172956,-0.0019309491637970466,0,0,2022-03-14
2022-03-14,-0.0265623265410615,-0.05448829477950157,-0.019204573696410487,-0.020593433424099583,-0.012960840958976205,-0.008855853886360454,-0.034841629037613786,-0.0010303510047490194,-0.02588570041098977,-0.010867168718380138,-0.00894826788785762,-0.005465700664592293,0.02639570995994606,-0.08781490408940806,0.02118989414181276,-0.10685493327447038,0.01886164571886956,-0.07883873650997664,0.19139951731336424,0.026689610569593868,-0.007357752844651011,-0.0026610915427665027,0,1,2022-03-15
2022-03-15,0.029677273940115212,-0.014926281252492846,0.03136662197585194,0.014844285188865713,0.03874261744062868,0.040964456111225456,0.07702750152581972,0.06781639285486896,-0.006931243800681035,-0.002596497099637296,-0.0048177479284393756,-0.00405299803741162,0.03196917053326405,-0.04969364547497446,0.024393178664172177,-0.08165582953375461,0.02040011448356071,-0.04748456323167993,0.014859537535402811,0.03346445653463643,-0.0016893480357367263,-0.028207785543108987,1,1,2022-03-16
2022-03-16,0.02901536380287717,-0.020619715494189506,0.037086797865513166,0.01591083422523898,0.025213385823210643,0.02041623848295604,0.06629542105803998,0.06439576878297903,0.010710103733976961,-0.003792892697995387,-0.003975052762985276,-0.0037598545866938727,0.030277746254922067,-0.04184700954293574,0.025489321546784235,-0.07639353323973752,0.020848813927074376,-0.015857729929108166,0.09304708021304431,0.03471391323553453,-0.008071434062635996,-0.016739039637748143,1,1,2022-03-17
2022-03-17,0.006454168521242476,0.013247616779290983,0.012106265008042794,0.03975580374260401,0.0028191787648979005,0.03371978606019632,0.011022206228090026,0.09303562796961318,0.021715602088078285,0.0029351601844153086,-0.0031314991625030373,-0.0033676806670637715,0.027378798837684903,-0.03374842923011179,0.025701335168671333,-0.06913916731224234,0.020969173589226207,-0.005849005258900863,-0.1982561168763889,0.020981168096342925,-0.005652096486800318,-0.00046652397525148714,1,1,2022-03-18
2022-03-18,0.02091892318224442,0.05978164478372139,0.020467986188672294,0.08350796403010574,0.017647636935675948,0.07269599877676058,0.06811744505876494,0.19696822539413117,0.01879615183545469,0.011900680581083557,0.0008012336327004821,-0.0012582932242360457,0.023448431521875188,0.00496430281902982,0.026109603943363004,-0.02901484711074198,0.02119435923662426,0.01648899367068446,0.2731881259807001,0.028784006242722725,0.00045093699357212635,-0.021963617814976022,1,1,2022-03-21
2022-03-21,0.008537485387355659,0.09799481182185343,-0.0027800648226614655,0.1016525084404114,-0.00422714844814609,0.08218761511751072,0.010622614701002897,0.2533519824892858,0.011970192363614185,0.018920642966766987,0.0040267371241934245,-0.0003636215680669186,0.01100936611362301,0.03816694684894095,0.024698274565303404,-0.011476501367571279,0.021212202208483764,0.025777690101187467,-0.018946165342273558,0.02019598196920139,0.011317550210017124,0.005339752260927255,1,1,2022-03-22
2022-03-22,0.020800686922464617,0.08852927661122356,0.019652803396965624,0.08914041298775466,0.016379194152287502,0.058888850526621406,-0.007855205407256372,0.1545727880277621,0.016752365164021565,0.01714532556323687,0.007274414231799786,0.0015670219977153954,0.009445835919299818,0.07228158247695182,0.024538757616671868,0.027385445440029965,0.021297542291859012,0.04565528895200299,-0.16102229698598503,0.026714810515168826,0.0011478835254989939,0.016538692549949052,1,1,2022-03-23
2022-03-23,0.008233666644579696,0.0665456536545419,-0.01437173062548347,0.035099070365539387,-0.015029764617581098,0.017323822308029646,-0.03355422393226237,0.046456706195914466,0.012523946318133325,0.012988986131577373,0.0045980467167909935,0.0032719121949055185,0.007229096319275655,0.044553785714620764,0.022558776685975505,0.06334715143472125,0.020328827709205945,0.05096451746109021,0.004917359966428503,0.029316757513279012,0.022605397270063166,0.03252566091950143,1,1,2022-03-24
2022-03-24,0.0226780014357586,0.08373814887369124,0.02222694803162173,0.045449672818422826,0.015392682571624183,0.030079187605507762,0.09815068554489859,0.13663888114722944,0.017237451667600972,0.016233752714480597,0.009584456449447953,0.0035718090160023197,0.007203644214044497,0.09809509655906834,0.020133156376787427,0.06962040181921214,0.02057973256964425,0.07105189068404671,-0.05156834202610283,0.022577081119215147,0.0004510534041368697,-0.034093682622502786,1,1,2022-03-25
2022-03-25,0.003734048486703001,0.06549585375282008,-0.0008341532573444832,0.02362604384075384,-0.001381142385989076,0.010817953330147123,-0.016270084628089987,0.04683775696395376,0.011548572189013765,0.012796777775372314,0.012348729178227935,0.003110234253319294,0.008408295898393588,0.12919294840039908,0.01661365234598101,0.05987259181360005,0.020461138395642033,0.07179673744905779,-0.1473041497864005,0.01448030426751787,0.004568201744047484,0.012559661993742532,1,1,2022-03-28
2022-03-28,0.005036526064986724,0.061797173538957306,0.015472314336631099,0.0423617409627588,0.023116691254267963,0.038574930276352504,0.019030797648357023,0.05554724282812562,0.010482858662482775,0.012096585910898527,0.015508614438832757,0.003280173275487569,0.008978117166008683,0.16584778775288322,0.010130648257396709,0.06346897608851543,0.020462379210864048,0.07374342062961614,-0.040906896484754096,0.02124143278981561,-0.010435788271644375,-0.01603721838632577,1,1,2022-03-29
2022-03-29,0.01913456065017005,0.06006413378952802,0.017209765781128095,0.039864293857236,0.015159159553472579,0.037328252505212545,0.015486207767807736,0.08038027572305162,0.009301711733953258,0.011763360656439615,0.01445434310983824,0.004818297590699433,0.008597134261577393,0.15391084471541827,0.008974977564494929,0.09656880828840197,0.020438951401631718,0.08904158902913517,0.05792085497426647,0.01491952430027714,0.001924794869041957,0.0038118769895298943,1,0,2022-03-30
2022-03-30,-0.0066495158123786036,0.04441584863379289,-0.011045562512766893,0.043373490542488735,-0.004914129271506029,0.04798160421025166,-0.03371026174430658,0.0802058425799057,0.005840523634259391,0.008786724165047954,0.010887855148312664,0.003456401192663694,0.012019945154570475,0.11391718396829154,0.009609620032593155,0.06730308094073045,0.02023933500659464,0.07812266204991691,-0.032324853506168205,0.016369486370992906,0.00439604670038829,0.012662679695527701,0,0,2022-03-31
2022-03-31,-0.01777579241185534,0.00310217671311408,-0.012394757566961179,0.008035574741612761,-0.01768312331470656,0.013844233803449457,-0.014590221843803985,-0.030692769479520376,-0.001763582524687964,0.0006959653955251665,0.008464859055002882,0.0026666799462499225,0.013813165291027425,0.08710009612224079,0.013225989516444341,0.05041217546221155,0.02076402059334579,0.05627406240726174,0.06185898715688021,0.020789215223204694,-0.005381034844894161,-0.0016391198326000667,0,0,2022-04-01
2022-04-01,-0.0017181115801292446,-0.0023465511038540665,-0.0019032155025553443,0.006957022288785364,0.003600391753854737,0.018901718573206994,-0.021036310479489062,-0.03538911662507627,-0.008714473268121062,-0.0003944666178412826,0.006201155578765516,0.003501194605732999,0.01372831699741078,0.06299561328104453,0.01278752357047502,0.0682726454006719,0.02020016333886612,0.05091820518019796,-0.18642686955760845,0.016866516451060038,0.00018510392242609974,0.006999847782687918,0,1,2022-04-04
2022-04-04,0.023693177393846243,0.016173047000668905,0.020588415091902013,0.012030221734525615,0.01793655824291185,0.013742926352509288,0.024258727870265062,-0.030440376703559813,0.0013997578006205529,0.0033368636479306213,0.007716724779414574,0.005871730951804,0.017571080893595582,0.07896966913178027,0.013941264575888375,0.12015064714515233,0.019611157759619115,0.06964618548385526,-0.2017854825885489,0.022696721566609884,0.0031047623019442305,0.0025955343372577877,1,0,2022-04-05
2022-04-05,-0.0189418476725578,-0.021792714693708137,-0.02220401713932385,-0.02718286961615668,-0.012985516282554399,-0.014362485271621317,-0.052229501734154415,-0.09509356184163464,0.0010110727137197333,-0.004278418016614949,0.0037424713199123326,0.00550844277585606,0.017261103009747036,0.036962458564820055,0.015386762839051405,0.11191574603907584,0.02001644188368917,0.04387231849948425,-0.209985665466086,0.02216385774547847,0.0032621694667660517,0.013665661335796608,0,0,2022-04-06
2022-04-06,-0.018450765592876284,-0.03341405952089982,-0.02171135335198726,-0.03767462094885499,-0.03660554195817378,-0.04575298749616885,-0.058771470610280874,-0.1185627640415764,-0.004566478623862613,-0.0066386679727144845,0.0010740280961667348,0.002836037406478864,0.018433408123847708,0.009517675302972206,0.016772779776326185,0.05449550948354287,0.019431545783417777,0.021906518428081112,-0.04023377832054387,0.020368969113096023,0.0032605877591109778,0.029237740691351044,0,1,2022-04-07
2022-04-07,0.0018039270733334334,-0.014146074241469742,0.00237752268096858,-0.023280468732715276,0.006243653179591746,-0.02250992252351458,-0.008153362409599074,-0.11280507042648513,-0.011862895397366882,-0.0027227240756767302,-0.0010133793400757818,0.0042855385546860855,0.01753375977618782,-0.011087781150449394,0.014989491367979167,0.08591965844603977,0.01811052347695093,0.0196204649421865,-0.15108739074631905,0.020390348084589453,-0.0005735956076351467,0.0027587816883370975,1,0,2022-04-08
2022-04-08,-0.011908968745244608,-0.024210061838175312,-0.013978946459371477,-0.03509756148669119,-0.014599940995688843,-0.040236743692205756,-0.04498524199570897,-0.13450901188758302,-0.00951860242159582,-0.004760895508699803,-0.0025776810632705425,0.004885524057478696,0.01797455186136253,-0.026499802794698657,0.015252938011850374,0.0992695579506242,0.017308316640891358,0.0029155585305322695,-0.15278610403475312,0.015168451329315076,0.0020699777141268694,0.017883622750454298,0,0,2022-04-11
2022-04-11,-0.02551572533222135,-0.07111625717917147,-0.0236572922730508,-0.07692910719000479,-0.03943183867737343,-0.09432663661481755,-0.051991741760378685,-0.19894009019714531,-0.011873589001377508,-0.014602676053913322,-0.00563290620299135,0.004937854117920704,0.010358131265175948,-0.056093376748373,0.01656201403509674,0.10045144856320354,0.017209533102275326,-0.02701467020342696,-0.1842136954137109,0.021297126873585846,-0.00185843305917055,0.020196064886654708,0,1,2022-04-12
2022-04-12,0.011523394113726937,-0.04227121088986585,-0.00422428178937484,-0.059955658072930906,-0.011217697459501186,-0.09270450599187063,-0.018843747940594846,-0.17072230016094658,-0.008633766654579675,-0.008509627696656374,-0.006394022856635662,0.00403016012660129,0.015060548411956294,-0.06314272114489361,0.015433804962984863,0.08104977402148394,0.016290205062564952,-0.019420349025262462,-0.09798663705823196,0.019265153626314955,0.015747675903101777,0.026554116813774953,1,1,2022-04-13
2022-04-13,0.016342862513393897,-0.008321961940480072,0.020326941232025497,-0.019560769403448974,0.01971235682917838,-0.03966602795699703,0.032505359986477744,-0.09030204327077573,0.0007835104316331609,-0.0015509020754023383,-0.004094785024058412,0.0033965350621271264,0.017204514011481226,-0.041457950929770004,0.017022392945408343,0.0677364600155066,0.015494239101750485,-0.0065354077834987034,-0.18162671201821678,0.025058621869821315,-0.003984078718631601,-0.009765995894434165,1,0,2022-04-14
2022-04-14,-0.02998866609174633,-0.0397932065251132,-0.022867017820708768,-0.044252801403557585,-0.027084644069203967,-0.07147372778917027,-0.042561990983521314,-0.12186081246073421,-0.0007074698215418321,-0.007909420708418291,-0.005316072392047511,0.001574393331477686,0.021090750087923743,-0.053376363112772496,0.01848802747588439,0.02907464665169024,0.017168171262519596,-0.03763818784810791,-0.12689398318762035,0.037691398386975314,-0.007121648271037562,0.0048346514346163105,0,0,2022-04-18
2022-04-18,-0.001330778058236337,-0.029513535686041092,0.0007681382511832702,-0.029958497190715083,0.002465782513545234,-0.055392977146003886,0.024697030850590496,-0.05778773510744817,-0.004992193878862923,-0.005793782571016637,-0.00527733903985822,0.00046190826945364806,0.02111978626822956,-0.053009073000194196,0.018496806588462162,0.006647201217743426,0.016558751400419094,-0.03922374723910149,-0.17389186194815864,0.018355840824224236,-0.0020989163094196073,-0.014912184740304202,0,1,2022-04-19
2022-04-19,0.01411498843858805,0.00995459354445205,0.022351235524857405,0.015753096795612098,0.017039956406184054,0.0001404627253009938,0.019051351942613648,0.012821010798593102,-0.005734818570464872,0.002132360183145243,-0.006235157935384039,0.0007407834220152676,0.019218916008080872,-0.06186959706934081,0.0170188916533242,0.012214250452556863,0.01674780258355995,-0.02623483903388346,-0.17559523900097052,0.02335725092395888,-0.008236247086269355,-0.003930665735810801,1,0,2022-04-20
2022-04-20,-0.0010153033635861286,-0.0025646573082404034,-0.014584825798189871,0.0051846982406122955,0.003715466704295789,0.015245164415814028,-0.03225509265762738,-0.0010231569208323243,0.003922969005588528,-0.0003753793123173699,-0.004442503504486872,-0.0003500160922872697,0.018491480543315335,-0.04472745702816938,0.01646691928468867,-0.009418235240462924,0.016069218984923708,-0.026773440052484165,-0.16618442574480985,0.01662380464223774,0.013569522434603742,0.013254509613079668,0,0,2022-04-21
2022-04-21,-0.00484359221801034,-0.023356970133837862,-0.020690867275038105,-0.03522438222224311,-0.019381287622312393,-0.023677217197941247,-0.06046931753547158,-0.09097867040930174,0.0027520309523305273,-0.004612670258598217,-0.0030817861670002777,-0.0010038790354167716,0.015956437217826143,-0.03148455625781921,0.015726300777324186,-0.02226654073836709,0.015967298916396762,-0.03041807106025929,0.07785955394048982,0.03376995060102223,0.015847275057027765,0.035081710360881646,0,0,2022-04-22
2022-04-22,-0.027821448345390132,-0.021174935726411936,-0.026186046860524836,-0.03850143698419495,-0.024144378762566032,-0.02072665424418174,-0.03309726462409113,-0.08199256576499236,-0.011226781308995534,-0.004179226709326978,-0.006044323708872634,-0.003528851524474208,0.015101311234059174,-0.060125523661007985,0.017404543561361133,-0.070546646163548,0.01601804722091861,-0.05400919876249455,0.05229046461872544,0.03937199691900518,-0.0016354014848652954,0.0007993733479384479,0,1,2022-04-25
2022-04-25,0.0067374687988628335,-0.013267009783605732,0.012845804322728638,-0.026897691692435055,0.024413251577084294,0.0007130515648630098,0.01983110471086391,-0.08635186049916299,-0.008642523921512546,-0.0025655773379071435,-0.00417967995446189,-0.0033786805088662163,0.015892133774157744,-0.0423889891029513,0.017702712987980703,-0.06776549204575522,0.01610357183064549,-0.04432761443532074,0.1793599243020243,0.028916940777763474,-0.006108335523865804,-0.01538470934511127,1,0,2022-04-26
2022-04-26,-0.03732853107312162,-0.06332150894173405,-0.03774481577635702,-0.08409878287257055,-0.03740362468557534,-0.052856527318716706,-0.0559741089647392,-0.1536172369127511,-0.019470836873216307,-0.012854281240249076,-0.005360960528551917,-0.005496933365771633,0.01878279932148859,-0.05399725528141841,0.01957929656094081,-0.1070617436459127,0.017650424531541677,-0.07489924218221267,0.17039002535984582,0.0358418048967282,0.00041628470323540334,0.009360335752035653,0,0,2022-04-27
2022-04-27,-0.0014665130272305538,-0.06374457687091895,-0.0011983863969213804,-0.07165666054524233,0.04810890664687406,-0.010965216218826068,-0.019853116446561292,-0.1427705573656678,-0.010685858433829779,-0.012944523172977961,-0.006659951242647666,-0.006526987049641664,0.01871265181022225,-0.06614575118422661,0.018747892341667082,-0.12511184960717514,0.016713571251411524,-0.07011409213202846,0.0861850874278769,0.028166240001434594,-0.0002681266303091734,-0.015594408127386938,0,1,2022-04-28
2022-04-28,0.04515540227062931,-0.016704906146872256,0.03551588585111465,-0.018375052977822492,0.022632663300060196,0.03140931563723881,0.07423291086640371,-0.019868007901668205,0.0021201193900923787,-0.0029447242752500325,-0.003778697266924125,-0.003936741145491268,0.03244475965130203,-0.039671700286749045,0.024120153812797657,-0.07948494381273041,0.020319024908249474,-0.02402955700836984,0.5697307204345399,0.03416042298661408,0.00963951641951466,-0.003277384812602646,1,0,2022-04-29
2022-04-29,-0.03660477681182639,-0.025588669087381555,-0.044998539957452954,-0.03733844170324785,-0.04181205931768628,0.012735846003332663,-0.06243033505129236,-0.049602416234886926,0.0023613708105241216,-0.004701389968537284,-0.004440308338932131,-0.004878190365489821,0.03431241786815801,-0.04622176639054365,0.024993883962906735,-0.09713097971674078,0.02140136170395456,-0.05497518306307547,0.5611795646344853,0.056771311733249466,0.008393763145626565,0.015516420372662931,0,1,2022-05-02
2022-05-02,0.001966480469041798,-0.030206461940344487,0.01669589146160222,-0.03367911777766308,0.025043054395029296,0.013358469625845304,0.0531620368063912,-0.018540765749918364,0.003505701975948239,-0.005655587634501491,-0.004110582486204317,-0.004693960763031269,0.03397951081232451,-0.043072722297859634,0.025061122376313527,-0.09379855021744943,0.021445809286200174,-0.048453786014678646,0.4208801849501034,0.03140029909002715,-0.014729410992560421,-0.03713606513166845,1,1,2022-05-03
2022-05-03,0.009622581391338425,0.01709200585729631,0.0010673200644859548,0.005297006187744202,-0.009456176856762588,0.04277971376101375,0.0035321804507888466,0.043325119282938696,-0.008338571650482055,0.0037346348583905177,-0.0045598231909292795,-0.00539749056315666,0.02918815826052383,-0.047311794686162756,0.0247362731300728,-0.10625423008164336,0.02068277527161726,-0.03377963726063493,0.019908486638495537,0.027526959538853268,0.00855526132685247,0.012584579594325296,1,1,2022-05-04
2022-05-04,0.041008390405464556,0.06035633829538578,0.03381238968666089,0.04053546385719864,0.029100900823531006,0.023868355651248674,0.03734338999804043,0.10420839393309778,0.017532484088614925,0.01222961554492954,-0.0003574538140242112,-0.0023999786592555417,0.033201098473910166,-0.007235627821650437,0.028663271622701145,-0.05163945361735511,0.02284745902314845,0.00860554438723593,0.21673948682190103,0.04348874253041297,0.007196000718803663,0.007786244994678837,1,0,2022-05-05
2022-05-05,-0.055715978035109415,-0.04198213426804509,-0.05036417665276882,-0.04576089517945248,-0.043554722103828714,-0.04239900690262166,-0.07327631382119482,-0.04741694023325238,-0.0016950020794354777,-0.007944660516218205,-0.005444692395734118,-0.004263239281367198,0.038427662373535315,-0.05798573280212427,0.033631812095321435,-0.08764463399338407,0.025581299211701942,-0.04321296008647324,0.433620135416245,0.0582382128850673,-0.005351801382340593,0.00269953992740235,0,1,2022-05-06
2022-05-06,0.0047270958027072485,-0.0008809626659660452,-0.011980810842410539,-0.012769523341610856,-0.009446766094608816,-0.010053539362885111,-0.008968302117875582,0.006901185466613224,-0.0033268306089792032,0.0003217140066885227,-0.002189837980924381,-0.0041170808448985075,0.03501516580476709,-0.02644708909120974,0.03279006346617575,-0.08498246767129947,0.025626099862805514,-0.034379515532385274,0.24902175311307317,0.033443602533378095,0.016707906645117787,0.013934629908949447,1,0,2022-05-09
2022-05-09,-0.0331892392922194,-0.035936774980379727,-0.039126973303876045,-0.06697455540054209,-0.03694538287054849,-0.06991954577927106,-0.09236964740909259,-0.13223792156375358,-0.02805937384154052,-0.006709429945563716,-0.006182508790032603,-0.005181094372247247,0.038004411432229684,-0.0650577140950207,0.03399108744699237,-0.10468897246413533,0.026396847173576665,-0.06130418836707041,0.37457564862452486,0.02854134162548766,0.005937734011656648,0.031468275847601146,0,1,2022-05-10
2022-05-10,0.016111976015267482,-0.029740215171912943,0.01214886143239724,-0.05664621897959421,0.018595700258348336,-0.04357997149756487,0.03805341276566554,-0.10238714359439993,-0.0041167224914148886,-0.005411551020777905,-0.0008384580811936937,-0.0030997093048728054,0.03880399683165417,-0.013156529246532322,0.0327277096346173,-0.06644336805960815,0.026350203861863562,-0.042931386908871993,0.17867181535976817,0.024658681980693875,0.003963114582870242,-0.012212580496739456,1,0,2022-05-11
2022-05-11,-0.05184135780256449,-0.11627974506232575,-0.029658345897809912,-0.11456326369203451,-0.03320992182893334,-0.10149005468725936,-0.05484516489233604,-0.1821578664629494,-0.022972873693172136,-0.023981500662383713,-0.0058759425587270875,-0.006267946900687377,0.03278605468702922,-0.06294162639682288,0.036495152843615125,-0.12492405642227467,0.02824096519064425,-0.08663095244870922,0.41207418639860616,0.06580204361534768,-0.02218301190475458,-0.0078138144419298,0,0,2022-05-12
2022-05-12,-0.026894377514695145,-0.08930668233209627,-0.002364281421420311,-0.06980834866896346,-0.019957626150218566,-0.07932231975792303,-0.02736049761795034,-0.1416367384861782,-0.020874586433997384,-0.01821718055830086,-0.013080920537259533,-0.008429808902091829,0.027995412096844134,-0.1275395314714417,0.03215504972594795,-0.16215152169094327,0.028073417070561955,-0.10348482147672466,0.7121782123583127,0.05190792664992071,-0.024530096093274834,-0.003235315630610691,0,1,2022-05-13
2022-05-13,0.031916852464835,-0.06466165205008378,0.037060142249029315,-0.02363770174269375,0.022596648829149357,-0.049539309709360935,0.09465244076024737,-0.05188760230069778,-0.015606294284141545,-0.012779229225875311,-0.006228757609593394,-0.005334532974262762,0.035263640161836404,-0.06548565021467401,0.03384184030843147,-0.1086805541790622,0.028969741267563857,-0.06962341329560207,0.049813772114388755,0.033920232971659296,-0.005143289784194316,-0.026707692329863364,1,0,2022-05-16
2022-05-16,-0.010672306603359938,-0.042877708926944647,-0.011591589129811064,0.004341552777570978,0.0014550888473938706,-0.011641003416711926,-0.02496351853936729,0.018524968499596728,-0.0018832772177400277,-0.008275842688103418,-0.007492636316833568,-0.005801609401518942,0.03339373230989612,-0.07727359732994254,0.03373761617374216,-0.11701793542905292,0.028977096980739227,-0.07390427844910386,-0.2084650692290908,0.02294909819126611,0.0009192825264511262,0.0010819082426267723,0,1,2022-05-17
2022-05-17,0.025422506024178837,-0.03410769536192415,0.02590112092155583,0.017987732876015183,0.02034418862228371,-0.009944418398261212,0.05288487057057556,0.033077408583871426,0.015555683961884633,-0.006413736686321147,-0.005912643853549527,-0.005236233522239403,0.03529887123321622,-0.0628335403347553,0.03497547213893279,-0.10717256746119541,0.02949188323312337,-0.044917007615828064,-0.2878106406879525,0.02070498179404869,-0.00047861489737699436,-0.011192023572250798,1,0,2022-05-18
2022-05-18,-0.056419312269555544,-0.038771272524921074,-0.04909044579208377,-0.002398529254198145,-0.0455295603636372,-0.02256052521399665,-0.06816322320790502,0.018520444305685446,-0.013889704282912215,-0.007329327579719358,-0.015655414121051536,-0.008006433967537873,0.036799247740497226,-0.15054270390230706,0.034009275263876294,-0.15668906074725553,0.03160118539131969,-0.09119339613417554,-0.020889590285597115,0.052975474548098755,-0.007328866477471774,0.00042707951621556717,0,0,2022-05-19
2022-05-19,-0.024641321755976553,-0.036545715637938736,-0.005358197706722856,-0.005392342761359914,-0.0036996988526101227,-0.006345777420531218,0.010981449934498011,0.05867104209759533,-0.018546042667117752,-0.006878716427975639,-0.01254794849313825,-0.008996320444436184,0.036512454205436015,-0.12258862135295856,0.0312499094476758,-0.17346596311272933,0.03180630677583585,-0.10526509327620392,0.18832053577263874,0.03684016988525093,-0.019283124049253697,-0.028282197296920497,0,1,2022-05-20
2022-05-20,0.0017472668402553904,-0.06471369880247357,-0.0031078749856097154,-0.0439160656295674,-0.0022910547746536336,-0.030529087432880853,-0.025111047059822367,-0.05715580095741013,-0.026437789061758903,-0.012912633552891562,-0.012845931389383437,-0.007517884685153908,0.030495523813715123,-0.12519085617771797,0.031080629287801243,-0.14832701154219075,0.031571560857854564,-0.09665116339391755,0.17302934141790272,0.05879785270161196,0.004855141825865106,0.01544831775749339,1,1,2022-05-23
2022-05-23,0.04011941985717438,-0.016696437899149985,0.01662747823761479,-0.016619862302888033,0.03203180620984347,-0.0009289202213904613,0.012219833935854574,-0.021200112274151084,0.005741788313817738,-0.0027542882607846987,-0.005515065474444058,-0.005848787132238331,0.03876637595704042,-0.058858241821738155,0.03423466722157042,-0.12008677324818462,0.03320501356667977,-0.054346211703739544,-0.004334995942324005,0.03920061900933135,0.023491941619559586,0.017993599784325354,1,0,2022-05-24
2022-05-24,-0.019216081916160976,-0.05950150826870293,-0.021262323975426822,-0.06182850277635077,-0.0039515513351898734,-0.024718119419073092,-0.044028646141716865,-0.11129442545931767,0.007550201593756263,-0.01168200584885266,-0.009047871267586905,-0.004943164674390299,0.03567164779935161,-0.09157974431302307,0.03357130672689745,-0.10353140197511113,0.032541627465397786,-0.06752395319151039,-0.12246004149182477,0.033057846747445954,0.002046242059265846,0.004774016822292393,0,1,2022-05-25
2022-05-25,0.001139864605838925,-0.0021303478152070454,0.013995200293030585,0.00041206971457641295,0.011170084571228145,0.033217814522908284,0.05082296358789962,0.0021843404923755916,0.007347734182284109,-0.00017017047377376748,-0.0037497490267465626,-0.0048128457927368255,0.0254471404805451,-0.040819024044411845,0.030064930100961625,-0.1011914346799484,0.0325614959262656,-0.0615293220872164,-0.22208474612697116,0.024551642779293045,-0.01285533568719166,-0.029856659473724956,1,1,2022-05-26
2022-05-26,0.023199601069255005,0.04681472858044233,0.027707561984546825,0.03366965552401946,0.012875438836925879,0.05040713737995839,0.05160543389241701,0.04245483266973227,0.0017077945863109845,0.009398014091272545,0.0012596488316484523,-0.005910635852805541,0.02280233558261817,0.008558135184135507,0.0299532101256761,-0.12007289683896005,0.031126683278534788,-0.033424531837499605,-0.2249959475486626,0.05007648497267144,-0.00450796091529182,-0.009040835295416438,1,1,2022-05-27
2022-05-27,0.04075660594568964,0.08757905315560444,0.032639508352633406,0.07073583800649552,0.027603996012022014,0.08188122094805528,0.053778621782025526,0.1268120471851637,0.02169869054026119,0.017199881912359393,0.0021436241797339163,-0.0020425667149297387,0.02598204992968104,0.01719778988581333,0.03106817688388923,-0.049414068781788556,0.03190858638548676,0.008606961592283247,-0.20796036463153034,0.029537544687073012,0.008117097593056233,6.529704866586883e-05,1,0,2022-05-31
2022-05-31,-0.005346085428054814,0.04003900126796567,-0.002652925353986979,0.050429265993957584,-0.005013671915885087,0.04304636444062093,-0.007389404533591937,0.10498286996228479,0.019536707195629943,0.008106780855313555,0.0026762462972644285,-0.0024081950097845695,0.02382152736358819,0.02267405467060124,0.030869069990973858,-0.056351648429794565,0.03190212574409262,0.006228959533890244,-0.08938469744094013,0.02566519361870126,-0.002693160074067835,0.0008554527966836978,0,0,2022-06-01
2022-06-01,-0.0008734395967587849,0.059489833451019436,-0.0073959535586559655,0.06531133465821037,0.0020229667870326207,0.04930278641991537,-0.01885160124577656,0.13408437307114207,0.01151236030695868,0.011775309319193994,4.665173517066634e-05,-0.00293299605918943,0.01960022759832273,-0.0035514096346730417,0.029818256156144106,-0.06616180232890301,0.03177989639559552,0.008943348855290356,-0.343556465277262,0.027301544173787044,0.006522513961897181,0.0075408776326131854,0,1,2022-06-02
2022-06-02,0.016811204382727762,0.0760745542849135,0.02738574749288225,0.07937954889152765,0.00792902126415651,0.045939497878289215,0.06943216301843913,0.15416806271328798,0.0035305597859713878,0.014909577274571761,0.007369703400398997,-0.00414285536032627,0.018706984420155483,0.0737821412091928,0.022505628627608486,-0.087867925730448,0.030451849221754118,0.030999479540501085,-0.3503797504952755,0.02916476070564814,-0.010574543110154488,-0.021869387758570058,1,0,2022-06-03
2022-06-03,-0.038555731718109665,0.011127947450396247,-0.026019314213661104,0.02295134544210642,-0.01660739031803915,0.01549423843179154,-0.04450786554682884,0.04868087423026912,-0.007539322310713563,0.0025585107170988273,0.005978262404185686,-0.003284843044476282,0.0292697608890755,0.05846362787038628,0.024996907937932567,-0.07129196902249535,0.029135547716049134,-0.0049657090063377485,-0.18945172502199437,0.02414358501133113,-0.01253641750444856,-0.00799810378567567,0,1,2022-06-06
2022-06-06,0.005227774004056274,-0.023389436067733027,0.0033308843542982913,-0.006082306775967883,-0.004703053204445085,-0.016432089674537464,0.003525752061994236,-0.0013288927751229362,-0.005505584443775209,-0.004547255671227846,0.0063263131205657745,-0.003259809134408831,0.020751183807134088,0.06214119242321581,0.024955647711895887,-0.07082917283786883,0.029143008211377792,0.00406391647557891,-0.3311422146273405,0.02511299742070714,0.0018968896497579824,0.005816424575281698,1,1,2022-06-07
2022-06-07,0.017585904924545925,-0.0008734395967587849,0.008625613084799255,0.0051574503687508155,0.013953475793217596,0.0023173919118057995,0.00745239452293478,0.01360352479596516,-0.005247350929835822,3.9142399292302346e-05,0.004072961627302929,-0.0007210519235705648,0.02294836568397313,0.039130590022084855,0.0224575836971756,-0.02203080952980041,0.028605162274358262,0.02289846194779943,-0.34710216297767826,0.03294999445405476,0.00896029183974667,0.006882969766469738,1,0,2022-06-08
2022-06-08,-0.005043246081328001,-0.005043246081328001,-0.007196527288572674,0.00535939877092817,-0.007669825259769003,-0.007378248175013091,-0.014480578560054913,0.018119135285505683,0.005923477615758066,-0.0007948188976215409,0.0054902452107862265,-0.001778813028400339,0.023065289721820627,0.054146565500260646,0.0212386606501191,-0.04239190743670462,0.028339858696444935,0.020037564109621986,-0.46470788513120287,0.0162881068799953,0.0021532812072446728,0.006031955828583957,0,0,2022-06-09
2022-06-09,-0.035955675135459164,-0.05667600045454957,-0.026784710374125553,-0.047649686750474984,-0.020783264705349636,-0.03565448489077461,-0.03217524773445346,-0.07861299298932967,-0.007804338764080414,-0.011348194801258926,0.0017806912366564176,-0.0009845288950450725,0.024987373814680927,0.015086952357132644,0.024991013831570763,-0.026347906358301976,0.027056457538659665,-0.015328437673560402,-0.2847098796018044,0.03799774391571295,-0.009170964761333611,-0.009476418915557616,0,0,2022-06-10
2022-06-10,-0.03862880641069577,-0.056747697913830386,-0.03527040908588597,-0.05669533131821247,-0.044563701921283894,-0.06306931742882282,-0.05950805577401208,-0.09307776970455073,-0.026542575875827645,-0.011362809739776148,-0.00440214951133866,-0.0015712503398451038,0.025007279126983275,-0.04625123586375024,0.026693402338221543,-0.038088925008570085,0.027765818184264424,-0.05158760884857638,-0.012202133320773134,0.02698167298545714,-0.003358397324809803,0.013407072436952217,0,0,2022-06-13
2022-06-13,-0.0382845564984059,-0.09757735560633263,-0.0464960983148508,-0.10354131813180834,-0.04241279649292329,-0.09856768365270241,-0.07817807267102239,-0.1669164477835945,-0.037623012681520275,-0.02006527584026858,-0.012306265755748214,-0.0050813207880071485,0.025359043927970688,-0.1186845123534529,0.023325697151114815,-0.10352783377379449,0.02774685800894745,-0.08306800034313844,0.31436251260106807,0.028510724655925048,0.0082115418164449,0.022010878083566943,0,1,2022-06-14
2022-06-14,0.0066724903003423375,-0.10725566624023286,0.0018154566371730851,-0.10959413276704566,0.009205005420214407,-0.10278920342617537,0.012078858080659893,-0.16309072786290824,-0.023413624202919776,-0.0222479587651093,-0.011104408182908499,-0.004214080942822035,0.021481391000213963,-0.10803542449112069,0.024023363126706453,-0.0878109709417928,0.02783383525187014,-0.07283052817398405,-0.08721464994632355,0.01815308648559252,0.004857033663169252,-0.003969441450094813,1,1,2022-06-15
2022-06-15,0.020111380075383822,-0.08468518779400558,0.02497174380336764,-0.08074369246713631,0.02973544410030171,-0.06896939992438944,0.043634637166504175,-0.11373892227115168,-0.003833562040893246,-0.017217033533766933,-0.009005926215694238,-0.004479637240261786,0.028361774637140357,-0.08930134563384495,0.02586248728256369,-0.09253560960924478,0.02756018836874189,-0.04960074125496672,-0.021509306367656467,0.03824848966936098,-0.0048603637279838185,-0.01657366055801912,1,0,2022-06-16
2022-06-16,-0.03965160846529203,-0.08819430291918107,-0.04034629099367548,-0.09355336434295436,-0.026970188343963808,-0.07485187212922528,-0.056029412156140324,-0.13558277098363514,-0.004289246029855291,-0.01795622019973351,-0.014652207500496218,-0.00364125205004861,0.029012939013988145,-0.13987180302139446,0.025763115151323526,-0.07640970293391058,0.02611411757596234,-0.08382659117672453,0.15684903322279542,0.025757390176840502,0.0006946825283834501,0.0018481917847600338,0,1,2022-06-17
2022-06-17,0.011533508886172106,-0.040618210384430364,0.012159290269935452,-0.04898907211411052,0.010940127256741983,-0.021107563108343497,0.017883546204524592,-0.06445123759609417,-0.002668906501245368,-0.007923757140359932,-0.00964328344006804,-0.0018325105179411772,0.028749083666438597,-0.09506091836556463,0.025466891340485454,-0.042154896651519946,0.025834325515393303,-0.0713661357849601,0.4404857291626232,0.024855612140039333,-0.0006257813837633464,-0.0028783278444611815,1,1,2022-06-21
2022-06-21,0.032760475090299446,0.030254426640820675,0.025229685598179508,0.022549181889801817,0.024591241242889028,0.04738723876512907,0.04319895223732062,0.058733210582847084,0.0015474585037265065,0.0062852491773811355,-0.006890013331443723,-0.0002818501054389744,0.027522665925061737,-0.07027507591250914,0.02855440891432367,-0.012500860504128575,0.026966454809565457,-0.040361110011500445,-0.10560029336129295,0.027526241030253033,0.007530789492119938,-0.0011346216498053785,1,0,2022-06-22
2022-06-22,-0.0038269248938042066,0.01950905604101205,-0.0014583428828016665,0.019207627316409015,-0.0024040754767737926,0.035338940233123006,-0.012435187337156539,0.033089127809694086,0.013489019694222448,0.004185366138551827,-0.009031296313278736,-0.0024791673429879037,0.027883898236101438,-0.08983906700261768,0.027289903351153343,-0.05422393267937886,0.02523609037902175,-0.04140663839303038,-0.16909267236110193,0.02844470388706217,-0.00236858201100254,0.0035927065131609592,0,1,2022-06-23
2022-06-23,0.021573281698828328,0.020970094485689206,0.014892855582999243,0.009185419571490439,0.022636676436934344,0.028201543310777177,-0.008251609497002654,-0.01827282914533257,0.016835610631774522,0.004477746463240728,-0.006369643535263103,-0.0004396991622384383,0.02809947232471126,-0.06549094969789504,0.028968452418636027,-0.01489049419512578,0.02545951614149166,-0.02000132314513592,-0.16515618730247628,0.021407328875505494,0.006680426115829086,0.014380748228862483,1,1,2022-06-24
2022-06-24,0.024517329994171666,0.089189677857207,0.034263521093021554,0.08764615369695705,0.03414968460334644,0.09278697218312293,0.05553150097553661,0.09775025572311291,0.014087895599731929,0.01731153415513347,-0.0003223430223000201,0.0007291741071781988,0.014044356418066204,-0.006870646528176816,0.028412662577716182,0.008112648712122361,0.026065287734775334,0.003620177352635201,0.02912177377446734,0.015106588552353861,-0.009746191098849888,-0.02032326279526986,1,0,2022-06-27
2022-06-27,0.0,0.07677073303932769,-0.007331750123103387,0.06670147105773827,-0.010496564378707829,0.0696147419843931,-0.015006424991104605,0.06227962214685001,0.015363537230999999,0.015004832377899046,0.003540537618769557,-0.0004308059462845515,0.016036482330461566,0.03303423286893903,0.025053309499772244,-0.014744877090810626,0.025523246165601438,0.004374448506618389,-0.17957771002200162,0.017789102127031664,0.007331750123103387,0.012751494684906217,0,0,2022-06-28
2022-06-28,-0.029789441422130136,0.011555302085941799,-0.03046684454907478,0.008751948647817587,-0.0317492906804302,0.01079844423493892,-0.05258166095579586,-0.035252869976120205,-0.0017573704759861568,0.00249484907541313,0.004390049126397133,-0.00395810831467554,0.02200818466014408,0.04215932776603415,0.023578114048985514,-0.08152884384448,0.024380724850468927,-0.021312566876596883,-0.20498991681319034,0.04438293609116554,0.0006774031269446423,0.012376034395982893,0,1,2022-06-29
2022-06-29,0.013023772996138883,0.028666196990025705,0.0009170670310376661,0.0111516476111444,0.01473806201821648,0.02816744653823,-0.027531024813028937,-0.04999991816315086,-0.005588556141997085,0.005864988653401748,0.005025177395976787,-0.0030396153934658552,0.022088147144310993,0.048734503474598734,0.023731472141256146,-0.0645659737867641,0.024669990685373903,-0.0051624673273305,-0.1971276537142136,0.02872944137574809,0.012106705965101217,0.01942025439354511,1,0,2022-06-30
2022-07-01,0.016164081280401144,-0.019271684865619032,0.006600575741492198,-0.04236104602267521,0.010707407197323882,-0.03033260270505589,-0.04195521455421303,-0.15199118883889817,0.00372005408762055,-0.003725855831853697,0.006792839161639886,-0.003929684169428166,0.019836170736045218,0.06819915762665762,0.019633587746881107,-0.08121178453651767,0.024860021766873963,0.0013763885642832374,-0.15087073824838437,0.024328725273247937,0.009563505538908945,0.031787984958845716,1,1,2022-07-05
2022-07-05,0.01893071643721056,-0.0007057952298668013,0.017119415038713726,-0.018772714037650906,0.012597188826841021,-0.00770179743601096,0.03036551082725314,-0.11292920678175034,0.005689035234644442,6.028745558841475e-05,0.007532559916743731,-0.0010553617616621547,0.022369949364138633,0.07601075339228847,0.019968536800829457,-0.026275816996405577,0.023952577186595225,0.021739767378193164,-0.11531337932661412,0.03306024311446593,0.001811301398496834,-0.0025506333898365208,1,1,2022-07-06
2022-07-06,0.00960704735436435,0.03987166764618033,0.006412271772393119,0.018551223790935545,0.012783113743226826,0.0379366146406519,0.01109331055134355,-0.05331012917346678,0.014900615023992017,0.007939585210887312,0.005217217143150221,-0.0008363980941467509,0.014927961876331162,0.05188769889644407,0.017959614664967774,-0.02203378899493813,0.024032919741875856,0.03275579240695259,-0.10807066690487,0.021270594214108676,0.003194775581971232,-0.0023311647929208368,1,1,2022-07-07
2022-07-07,0.02399933988571612,0.051138117011994444,0.021398781525198585,0.039393785128454706,0.008226519708878,0.031276207946926204,0.048116399501170415,0.020331963458434688,0.017512367892430342,0.01013469858880276,0.007999843621102254,-0.0005157263460882411,0.016578226112850963,0.08127024933798488,0.01854864882351074,-0.015870061040227368,0.024332585278269928,0.05844377890145491,-0.20138335580585387,0.022343724879300763,0.0026005583605175353,-0.004172119719308087,1,1,2022-07-08
2022-07-08,0.004715071612777955,0.0754827808477645,0.0012544561392497933,0.053767596672566365,-0.0027570826187587327,0.04216790605358178,-0.0012611051519390015,0.04479200674011796,0.012773819617619475,0.014683251314094026,0.006314022612497217,-2.7810461382943298e-05,0.007618329489363453,0.06342690774938853,0.01793383809626559,-0.006217930373414893,0.024334858033048447,0.06378832532402945,-0.22688412544379322,0.017342241350593875,0.0034606154735281613,0.006724165498126822,1,0,2022-07-11
2022-07-11,-0.01475827338647806,0.04275533003530141,-0.02136436395546837,0.02449228330027653,-0.011768562408817629,0.01899232228507053,-0.043313569065455915,0.043310658522137224,0.004652046037338671,0.008498780380718185,0.002386462274432244,0.0010320596260661118,0.015045995252146407,0.022659677922916455,0.017804577740672633,0.015633344757288947,0.02311894823252735,0.04724389131590345,-0.2408482998691056,0.01974184238798417,0.006606090568990308,0.012782792350658712,0,1,2022-07-12
2022-07-12,0.006833818313987772,0.030375582530004053,-0.00968751122491951,-0.0025089603000595373,-0.04098137922510925,-0.034924625230079775,-0.004619971538819212,0.007885630934833632,-0.001069794486570778,0.006079400756073628,0.003069844105831021,0.003305190862300289,0.01387630815875235,0.029648348358883192,0.017833926977637384,0.06366199167168896,0.021166710677172382,0.05108399221556681,-0.059318015017561176,0.02330998136745562,0.01652132953890728,0.029634493695952002,1,0,2022-07-13
2022-07-13,-0.002536289543079162,0.017982446148528508,-0.0020613357735493887,-0.01090745447394914,-0.0037449819521568894,-0.050674155342703364,0.005436997070161764,0.002247262030348196,-0.0034869148718564835,0.003650733376584925,0.005795159293736118,0.005092604210066626,0.01416422796231892,0.05857110391100839,0.013903889237429717,0.10319975004444504,0.018852728484946207,0.043302038261078035,-0.10940473682340479,0.02976150709718763,-0.0004749537695297734,-0.0033822971020815995,0,1,2022-07-14
2022-07-14,0.02048228622262238,0.014486058258677659,0.0035709984870413436,-0.028171355337396564,0.005381374736423972,-0.05335308671511685,0.013716762702483676,-0.03064692969561922,0.008259938331176997,0.002947322643966177,0.0065410106163844685,0.005783094006180628,0.012935057654740349,0.06636496501294675,0.014521092408983381,0.11833373210556086,0.019163963995552098,0.05870778286657585,-0.018310468907706157,0.038391573391105716,0.016911287735581038,0.010933217503168557,1,1,2022-07-15
2022-07-15,0.011450375271629953,0.021286863634350617,0.018139445026905676,-0.011782598448257131,0.010390287663976538,-0.04087275992708839,0.025370588745798006,-0.004798818261944504,0.009798790650391057,0.004294383375736577,0.009488817344915301,0.0053500437659929345,0.013503397448628654,0.09837643614476299,0.01169683808204457,0.10883879457702306,0.018919442032336368,0.06523216029647405,-0.0326585972326211,0.017713282909658207,-0.006689069755275723,-0.006430062933257319,1,0,2022-07-18
2022-07-18,-0.0206437909957895,0.015186023954388173,-0.008462687034115568,0.001245398053496105,-0.009621248802667792,-0.03878868640514321,0.021507236971673338,0.06263157552585863,0.003762956832820944,0.0031172798538742887,0.005808030117296237,0.006300434639468061,0.015663236562110154,0.05859063745578341,0.014754574359288609,0.13078562720173448,0.016910641830568084,0.03698557650709677,0.05060073065105364,0.03311355227745745,-0.012181103961673934,-0.026586785080292274,0,1,2022-07-19
2022-07-19,0.026722249527570296,0.03523943995924328,0.030753466022802822,0.04213283794850553,0.020766929519552058,0.023100803199093134,0.055338637642523336,0.12664120955398817,0.005842944601136916,0.007094966096590794,0.006587183426332211,0.007059871671537971,0.019010654343983153,0.06668544100604046,0.015699986055246435,0.14776500500949497,0.01748917996400276,0.05744890621701204,0.10757679137156173,0.02860921897635552,-0.004031216495232526,-0.0113305340534674,1,1,2022-07-20
2022-07-20,0.01350977572810752,0.05189319833736361,0.01585616098724585,0.060843819312008884,0.010557414563996614,0.037788602104258384,0.047963662469701296,0.17429441297066273,0.006529411419962772,0.01030417915082813,0.006977456263706527,0.006097336703428375,0.01832016218282545,0.07080881113046855,0.015831352986229008,0.12637061629806556,0.01650216520946021,0.06532999329463718,-0.1253511078428562,0.021889742880818477,-0.0023463852591383283,-0.015750762788741435,1,1,2022-07-21
2022-07-21,0.01509429007018781,0.046339357195845254,0.014355235236284791,0.07224350196393847,0.009798821399070734,0.04234843970628277,0.013646290730685351,0.17421277789684475,0.018442105108621876,0.009226579920341215,0.006086951282153696,0.007043397451627975,0.01772045829096444,0.06149669008253156,0.014995903567123978,0.1477647907569848,0.016445542122337106,0.0739346143220454,-0.1168410812334938,0.023366622080424563,0.000739054833903019,0.0033717340053097677,1,0,2022-07-22
2022-07-22,-0.00811065793400445,0.026103585465597545,-0.017535535091112275,0.034672748958463284,-0.016915330040625398,0.014179158630341249,-0.040498461513682305,0.09878221519929697,0.006831135954763627,0.005314373279214335,0.004804378327475456,0.0055592004699863366,0.01920394695633295,0.04794611256412207,0.01566004907732166,0.11441409397205682,0.016404640394591195,0.05943112199096734,-0.09173428670578732,0.018625447370990512,0.009424877157107825,0.0205962378431494,0,0,2022-07-25
2022-07-25,-0.0073984065001723165,0.03998120874185429,-0.005695388268080026,0.03756043516452112,-0.005876699755722137,0.018013695263210394,-0.01703345088893371,0.05732600142999922,-0.00013825812132965223,0.007963450178337772,0.00554036501610603,0.003963413645269137,0.015230452635348267,0.05577438828992176,0.014787111825832635,0.0796978958878356,0.016011000321456144,0.047527391432304666,-0.2514280393657117,0.01804507722723202,-0.0017030182320922904,0.004056668822155607,0,0,2022-07-26
2022-07-26,-0.008826436735365317,0.003973451311912735,-0.019648954127584273,-0.013174836370742127,-0.026774359750737386,-0.029399364631279123,-0.028841556144368674,-0.027012716514720037,-0.008111833723180695,0.0008537129257506493,0.0039743395111707215,0.003522091808500871,0.012299722359228214,0.039352913470093176,0.015449328276150299,0.0701680107164746,0.01624591741483484,0.03475927650650301,-0.2220999366971368,0.01510549600221743,0.010822517392218955,0.018981521212187713,0,1,2022-07-27
2022-07-27,0.034234828950195695,0.024503498194839546,0.04225960633437831,0.01247405495432341,0.06685189034661132,0.02466926439949102,0.07602958611096455,-0.0009547645263250359,0.006003328571552687,0.004998723570168284,0.007651451360498207,0.006723305327117163,0.019192121401925433,0.0776682614239872,0.017907891223148176,0.1407884811454474,0.015632835613519278,0.06316322140939157,0.10023134460101812,0.032974031445427494,-0.008024777384182613,-0.03720590927859224,1,1,2022-07-28
2022-07-28,0.0035716634848552697,0.012874064987950407,0.009778241290526068,0.007905549307793969,0.02854086536737266,0.04368730640882457,0.010904974164790637,-0.0036565938321946323,0.009660018566561882,0.002694198253101776,0.005960389086721496,0.006250699851552982,0.018350149512134442,0.05980999807983478,0.017351434594081522,0.13014425152277442,0.015575107115978471,0.06044573053462665,0.12689234876615219,0.020527458546230646,-0.006206577805670799,-0.016151256281226378,1,1,2022-07-29
2022-07-29,0.032793307621594936,0.05464340770528575,0.018236895836521327,0.04460431341783777,0.015665026804436266,0.07827609201044106,0.009953428221072924,0.04873249117670375,0.023533266685548632,0.010874991364221653,0.008094682321717995,0.008791749833316648,0.021222020028666477,0.08217338203405,0.01930447281191403,0.188633742649285,0.015551317912142567,0.08578527080140419,0.4067460912509724,0.02541385159322483,0.014556411785073609,0.01998408010884034,1,0,2022-08-01
2022-08-01,-0.006153471849958514,0.055966156057162264,-0.0006025173089899694,0.049954821610975086,-0.009724227880727465,0.07410286964505475,0.015305889812209594,0.08323551405901153,0.010070499752163897,0.011123978294264415,0.009543714236301093,0.0076758721767986645,0.020959711674174295,0.09818495936681715,0.017352800442251133,0.1625283161804727,0.015793288062365445,0.07102490804574435,-0.060471643805484976,0.01671721280461015,-0.005550954540968545,-0.008944302815699579,0,0,2022-08-02
2022-08-02,-0.009287501949605703,0.055474951206652134,-0.0029816698720114276,0.06780546352233885,-0.01147461825535967,0.09098846694683149,0.004609283826341404,0.12054676647166551,0.00578411127401024,0.011031765251416336,0.005942739088583493,0.006264961257457851,0.021070150708544663,0.05966882953621511,0.01712671583241775,0.13033331275419235,0.01599408140297723,0.05462620300121501,-0.1624071869649435,0.0173739070978977,-0.0063058320775942756,-0.00585483473509657,0,1,2022-08-03
2022-08-03,0.03824784521135949,0.05957038294408723,0.027233143103757573,0.05241070060765041,0.02783642168233036,0.051090307951746405,0.019809997223847686,0.06200127724630833,0.007602290470598423,0.011834368503649096,0.00841654603690869,0.0076970011503076086,0.02222001905375575,0.08553356390986311,0.019902769731214125,0.16239890501254117,0.017518595713985754,0.08665172071568228,0.1468138569223314,0.03515317020552746,0.011014702107601915,0.014424635758270465,1,0,2022-08-04
2022-08-04,-0.0019262861256010844,0.05376565091934071,0.004676195517910653,0.047093248372565455,0.00417748254012329,0.026192789125896843,0.017043111171852754,0.06844966706336164,0.009011352378717566,0.010734778581557825,0.0067144884173298,0.006400719849741748,0.022858011826333204,0.06733189839134601,0.01999581649892404,0.13296927736191866,0.017205196928404252,0.07769962756718773,-0.22311710500518167,0.01664561731055862,-0.006602481643511737,-0.012536582981589106,0,0,2022-08-05
2022-08-05,-0.0013891104638303897,0.018889110010360755,-0.008168847002045676,0.019939179258019468,-0.0026087407968246046,0.007729606828898117,-0.011761343802062063,0.04547718111483445,0.01164414954064267,0.0038982949644727595,0.007386643164347206,0.006095510745911331,0.019472270409177483,0.07456468305513275,0.019550105221588582,0.12608588230632423,0.017290603197831718,0.06975726753550093,-0.20160206248223933,0.017236201985571145,0.006779736538215286,0.005795931835612944,0,0,2022-08-08
2022-08-08,-0.002902890348853937,0.02222159847700711,-0.003232247205874117,0.017255397680467244,-0.009154921239305613,0.008308947628781871,-0.0629839840139289,-0.03513919018655354,-0.0020727623127618036,0.0045484112646936746,0.007836194779479045,0.0066882798977925375,0.019103547505031366,0.07943141198237313,0.019221271108872444,0.13963603868661645,0.016732253166023302,0.0597269076054634,-0.14947497344618277,0.02189604365418726,0.0003293568570201799,0.03316656227776332,0,1,2022-08-09
2022-08-09,0.0003031743286359134,0.03211730127162449,-0.01131873721973864,0.0087491079724209,0.007063218482804112,0.027217785983324916,-0.039734687158067716,-0.07772864306459104,-0.0013296088280161378,0.006466546520341998,0.008749155885879167,0.0063617476985249445,0.01780432136436826,0.08937395819920924,0.018546888015879923,0.13224399731279557,0.01679287685829848,0.05352624786772653,-0.09996156673161549,0.0155833577052677,0.011621911548374553,0.016638908666267715,1,1,2022-08-10
2022-08-10,0.026194699481448813,0.02013532577322441,0.027910797406691668,0.009414568562538861,0.024300319581088914,0.023683812196423126,0.05917117569726549,-0.04213212255579324,0.00786499448707693,0.0040559173743598635,0.007945142939004479,0.007798297149751343,0.012430495216951986,0.0809051777843266,0.017461852349490253,0.16485720370702106,0.01721521813539586,0.07291489450464339,0.0010513317975049397,0.014417409372542376,-0.0017160979252428543,-0.015541048157728388,1,0,2022-08-11
2022-08-11,-0.004431751830721975,0.01757447877587648,-0.005675903302111762,-0.0009863540538698201,-0.007400382368389025,0.011881045162989379,-0.008564675682808165,-0.0662499560783616,0.007355373993120917,0.003554824233335685,0.007144801407446754,0.006552595247084125,0.012777589204293458,0.0722850329861704,0.01786337445791198,0.13641839875010886,0.01715036600529176,0.06135541377589959,-0.17231726747039666,0.01661821449623859,0.0012441514713897872,0.00355077719487662,0,1,2022-08-12
2022-08-12,0.02142567749984403,0.0408225188421143,0.01947058497152221,0.026853232981012276,0.017037040625493383,0.0318122343078997,0.042748573832282144,-0.0147455571500128,0.014396208383523623,0.008117781826070569,0.006008038395271665,0.007051360358494829,0.01452488502288789,0.06048272990178383,0.01634719334626981,0.14762618240651526,0.017442855605776172,0.07658894814890238,-0.008695192282265563,0.016095317688686238,0.0019550925283218223,-0.008467129729043732,1,1,2022-08-15
2022-08-15,0.006333226306129536,0.050463664231175764,0.008081320535858305,0.03850827858173722,0.005343949350047117,0.04691057044380975,0.017264400725146567,0.06963408657731973,0.007775717325083864,0.009965005157067264,0.007256708210880469,0.00840021122359078,0.013309370690946998,0.0738066459924065,0.015782156680361654,0.17923830789698925,0.016186279694869316,0.07455970980371562,-0.19589854250227945,0.011778932140283213,-0.0017480942297287694,-0.004970948731467306,1,0,2022-08-16
2022-08-16,-0.0009235879622767618,0.04917538559293422,-0.0023419590751031505,0.047937463465832275,-0.0025895022002907497,0.03687591211133867,-0.008038893645151646,0.10493985123333416,0.008945105281232268,0.009719652698884728,0.008093099609613363,0.007017919349098428,0.01354129691696732,0.08287206753879506,0.015010733475597643,0.14748577634629623,0.01571278206457937,0.0662111982569733,-0.14501752212786634,0.011847674196499668,0.0014183711128263887,0.004390609960444436,0,1,2022-08-17
2022-08-17,0.008784714217846101,0.03137551972796926,-0.011406194620472099,0.007854463073191154,-0.0026360624177951264,0.009608825378909502,-0.028815280401019994,0.013151343442998176,0.004731450853899625,0.006237655646164186,0.005146786510262025,0.006781666273585357,0.010028613000731374,0.052142601812220635,0.010709606875994045,0.14213610828661594,0.015645412878303542,0.06842694832574914,0.19297354152002955,0.020509805268832206,0.0201909088383182,0.02451038562725366,1,0,2022-08-18
2022-08-18,-0.0022917809519438226,0.03359245822652124,0.0024050999848157506,0.01604542943505094,-0.003947712242843959,0.013120660531727557,0.023888700075921587,0.04631556549839266,0.001856448434541839,0.006665649821919817,0.005110237027627751,0.005912362722478776,0.009490672428424917,0.05175730694652936,0.010737016374703366,0.12257412307020887,0.01564224020739396,0.05981054623577853,-0.06380773536446704,0.010221067135695183,-0.004696880936759573,-0.012262274868482637,0,0,2022-08-19
2022-08-19,-0.015101862264648713,-0.0033701817871518713,-0.019497210200302817,-0.02279144409828393,-0.013854149278749173,-0.01765157437246967,-0.04921953768070941,-0.045967146768363554,-0.002869642999582145,-0.0006398581309787321,0.0037389618475459187,0.005562802505946563,0.009346194221595735,0.03731475774545512,0.012405353546248889,0.11466180388515679,0.016045039554802323,0.038231530144217984,0.05436476764610099,0.014167489937268468,0.004395347935654104,0.01643498121508058,0,0,2022-08-22
2022-08-22,-0.023029343806191704,-0.032449627986817164,-0.02632737429161136,-0.0561463632876813,-0.029354962454992473,-0.0515568079044425,-0.04566074460347014,-0.1049809645084534,-0.013474329007594746,-0.00651237215344298,0.0017263165018121418,0.004781255640645593,0.012546298689498898,0.016376509113205096,0.01497017681021886,0.09710873033778245,0.017058296598135774,0.009788748149151871,0.02278176791793962,0.016232029013643134,0.0032980304854196563,0.014478509723039601,0,0,2022-08-23
2022-08-23,-0.0020288877445023834,-0.03352004983102552,-0.0008268590725549751,-0.05471297370054162,-0.004716430063671062,-0.053579315444268305,0.008629803041703354,-0.08994126110073408,-0.0133866979384476,-0.006733432109888105,0.0014931102944983122,0.00512113309018874,0.012432429664113865,0.01400697438637355,0.015012913395170838,0.10463279132888803,0.016839212697687768,0.0029531588019096056,-0.19710342699503614,0.01231844088986946,-0.0012020286719474083,-0.00398557423351853,0,1,2022-08-24
2022-08-24,0.0017939330568259582,-0.040217663041177465,0.002897297710606095,-0.041036066503908675,-0.0023514807861068077,-0.05330926964400884,0.0023862126669318418,-0.060703577619759086,-0.00775476616462271,-0.008131588342092133,-0.0009469663479639734,0.003499088295520253,0.010492736968992129,-0.010103993393369537,0.012287619619676204,0.0699837190091348,0.015387050242939609,0.0014617277720563315,-0.186693319945768,0.011102492830564154,-0.0011033646537801367,0.0017765671164134411,1,1,2022-08-25
2022-08-25,0.014922486144991032,-0.023657761871781924,0.01768201206994191,-0.02642120899266065,0.011095412105751157,-0.03901164034135962,0.04012287921900337,-0.04581064405359525,0.0048958438191048686,-0.004688734922705162,0.0009884574496073274,0.004066629428527041,0.014819842426345512,0.009139973977328575,0.013170284326062407,0.08208569028394286,0.015597759084851536,0.01250266111411169,-0.20828482838329077,0.010527514550278142,-0.0027595259249508786,-0.010686659517386232,1,0,2022-08-26
2022-08-26,-0.0376991836898638,-0.04605877831265748,-0.04098823926946982,-0.04776047525108451,-0.03858703365387606,-0.0631135660026565,-0.09227919676406138,-0.08902468766970983,-0.006994254829348938,-0.00920819920774818,-0.004924028669363456,0.0005420048629541041,0.02096210651281031,-0.04927373364400145,0.01595335630151713,0.008228786334539606,0.016691020623739367,-0.026055109734803406,0.24247430210641263,0.04577683484099591,0.003289055579606015,0.027733931519104915,0,0,2022-08-29
2022-08-29,-0.013690119868653317,-0.03693970125941626,-0.009855748276129006,-0.03165143314115226,-0.010668230921790367,-0.045076750697354284,-0.02822867507634108,-0.0723847088652736,-0.012155605804508696,-0.0073403544202405024,-0.006926363286841741,0.00016517246201936398,0.019806936864808774,-0.06819064968242117,0.015636891285517693,0.0005830731688825086,0.016933456656750265,-0.03941541784810654,0.1486605423258942,0.019085304740833232,-0.0038343715925243105,0.0057583331304124075,0,0,2022-08-30
2022-08-30,-0.015305596187834336,-0.04975196670749005,-0.01113626494621145,-0.041642792990612354,-0.008520729053965725,-0.04872677935538128,-0.021074549779400154,-0.09970316783507782,-0.022231633248783817,-0.009995696108906892,-0.0083645641093975,-0.00013573224989206766,0.019806805601970373,-0.08160432813528895,0.01568476025399518,-0.0054949799891794715,0.017162195125128725,-0.053870498665003486,0.20363803474683628,0.03045746791487038,-0.004169331241622887,-0.0005079567711513966,0,0,2022-08-31
2022-08-31,-0.010634912072763791,-0.061541303067765174,-0.005813574786989184,-0.04996680329203329,-0.00570430158265145,-0.0519237455974465,-0.024179092112446288,-0.12356289319456537,-0.013210209376417148,-0.012481465134824843,-0.010306526738458489,-0.0025798701140982315,0.018706657875933272,-0.09928391871904829,0.014481597065972166,-0.05231823874695196,0.01471436006261092,-0.06150757647656646,0.35371370843765093,0.021880183276282047,-0.004821337285774607,0.004306784774785077,0,1,2022-09-01
2022-09-01,0.004706652998381244,-0.07098748008494771,0.00043448466545004116,-0.06606782836770453,-0.004092061864305108,-0.06616462065530038,-0.07665288044023,-0.2219614680029517,-0.007077951754072294,-0.014524631764146801,-0.009606683343425982,-0.0022482231578991154,0.015193241963020243,-0.09296583705700212,0.015069142459723805,-0.046020191474572925,0.014804341294218894,-0.054941063133155055,0.12576023610210108,0.023740186380169438,0.004272168332931203,0.0450791241506488,1,0,2022-09-02
2022-09-02,-0.013611017713173301,-0.047732581621965364,-0.014128406215257905,-0.039910420042605144,-0.016666740334984165,-0.044873098548425694,-0.020808047788513195,-0.16070110288755157,-0.006513092262518616,-0.0097069985688087,-0.00945759888827844,-0.002859318520366261,0.008232030293915671,-0.09159285553940588,0.015016017118263638,-0.057695863009618154,0.01501772317280006,-0.06513631914985607,0.1494711437676861,0.034593411681567356,0.0005173885020846036,0.005126376348575379,0,0,2022-09-06
2022-09-06,-0.00821497992508402,-0.04244641600165655,-0.007182125701979181,-0.03731795215753575,-0.010973997377373479,-0.04516829352387974,-0.013336162519953176,-0.14783874623714144,-0.005706448213292026,-0.00861197058009484,-0.007976162500167671,-0.003124922999177765,0.007928283608439375,-0.0778181593344387,0.014238961552782165,-0.0627160400167468,0.015065433549051271,-0.06993112198374418,0.09009263335537243,0.02200216089654093,-0.0010328542231048399,0.003940100023579307,0,1,2022-09-07
2022-09-07,0.009253708293806895,-0.018564031846878715,0.02020113417289693,-0.006810258843856887,0.019111519694822388,-0.018557402101608167,0.018794905051751964,-0.11313211499356712,-0.004190763114816809,-0.0037001096837665946,-0.006847902896336744,-0.002677396300919216,0.010064500663567396,-0.06739240145996606,0.015178570083933009,-0.05432939071467835,0.015303682960375953,-0.05878667109399094,0.2703641429400805,0.019620398992465933,-0.010947425879090034,-0.009699504079480281,1,0,2022-09-08
2022-09-08,-0.009617834229714406,-0.01755510522336956,0.00518453063084201,0.00417682083871207,0.0016662637698907634,-0.011282114861511316,0.020125457506083633,-0.07286624048857449,-0.0028597019536638437,-0.0034966941151567178,-0.007989079624990781,-0.004468022986477377,0.00989820418797397,-0.07801604424019692,0.014882761302280164,-0.0873317640379867,0.013765510708247946,-0.06366318379891489,0.22059253867863404,0.023824988829551374,-0.014802364860556416,-0.020513694867701604,0,1,2022-09-09
2022-09-09,0.01883991730644463,-0.0037349983050489755,0.021862177976322394,0.025684668955337386,0.022976864440561906,0.015591384730446967,0.028377448437844954,0.03259481701911349,0.006158597123512373,-0.0006700412535440403,-0.00759733650884542,-0.0033044395296190467,0.013996225013565322,-0.07445734027219975,0.01558770833220888,-0.06599790444738018,0.014719261730626586,-0.042796450612166415,-0.02982122325971559,0.019508212616595886,-0.003022260669877763,-0.006837239132758799,1,1,2022-09-12
2022-09-12,0.03850792456366614,0.04890577429907528,0.01188561249952147,0.052749228216279365,0.008281182946414889,0.04135772152671935,0.008201911065811807,0.06318691194724257,0.01591000254679879,0.009753747201823848,2.3374316507573934e-05,-0.0024503271764279412,0.02004834509102879,-0.0011612061864060275,0.01771882683434227,-0.05037772286607278,0.01660466262441162,-0.003308485222867863,0.45841719852891005,0.03034933413304341,0.02662231206414467,0.030266377557552793,1,0,2022-09-13
2022-09-13,-0.058679529254712315,-0.004465224574500493,-0.05483689269952796,0.002217785867935085,-0.05497867591902639,-0.004975349253156125,-0.09472598623002249,-0.024515294262366316,-0.00044389579486718106,-0.0003391626641018108,-0.004475566622098326,-0.005700964954470034,0.036941333854379324,-0.046722107796326906,0.025562945597753895,-0.1117267465935845,0.020662476837111244,-0.05622525921658672,0.6268762202158569,0.04660685348169995,-0.0038426365551843533,0.01617280181981212,0,1,2022-09-14
2022-09-14,0.00955520321719816,-0.004167827915579347,0.007933481838118928,-0.00983362139767896,0.0009128352177572019,-0.02274390481934796,-0.0002283977551640337,-0.042729893539165564,-0.003538800491282671,-0.00027886367942355774,-0.0019894866815950763,-0.005177025395496288,0.03696114754341045,-0.02265448807230097,0.025601529285672667,-0.1024101119292008,0.020921228346456024,-0.042000165837767334,0.14280332088963266,0.022471222381208324,0.0016217213790792329,0.009212984485901576,1,0,2022-09-15
2022-09-15,-0.01892953091965288,-0.013530766244866155,-0.016653829971020495,-0.0313457017897113,-0.027119156038981296,-0.05082783654195655,-0.015158384913594669,-0.07583971090614494,-0.022684618985722344,-0.002141203017411253,-0.0028189485662839854,-0.006562737652371237,0.037774975808796046,-0.030848337443054263,0.02604331085859769,-0.12706951233478858,0.020865553810994534,-0.05366108039821249,0.16719226014397126,0.02533307563200252,-0.0022757009486323865,0.002209239556635101,0,0,2022-09-16
2022-09-16,-0.010960283991924724,-0.04238415257298467,-0.006114602468658359,-0.057865744523638685,-0.0026083273838007903,-0.07456713380328805,0.020805819548218363,-0.08264402069938093,-0.006778203898126482,-0.008101243277085123,-0.004385642265314582,-0.0069961628043702815,0.0359435445147204,-0.04596084614001261,0.026011509709773672,-0.13465389466376032,0.0208621989762579,-0.05716737681787187,0.9665452169383957,0.01977445950016564,-0.004845681523266365,-0.02005903007413351,0,1,2022-09-19
2022-09-19,0.025082548657408665,-0.054763791111514304,0.007787257394008762,-0.06168159158017705,-0.0008987741084510725,-0.08299279334403442,0.013941579550205585,-0.0774215358522774,-0.0016024220847229802,-0.010786318458336618,-0.0005162856282563855,-0.004986942258267413,0.031860849587802643,-0.008536282420300356,0.027331169127108545,-0.09934727547714017,0.0219473024329986,-0.028339365113400183,-0.019282733844081745,0.035344326813085074,0.017295291263399903,0.01856114593653141,1,1,2022-09-20
2022-09-20,0.01566567697104193,0.01989067892909313,-0.007970868614357585,-0.01515496269581229,-0.008465594204601135,-0.03785854076260675,-0.015393909448885745,0.0034269856352591166,0.009929313878841958,0.0040827227868142305,0.0018717800613562096,-0.003052191219405731,0.018445605370156173,0.01533663800623497,0.02762545664781255,-0.06367499026822743,0.021978619746653064,-0.009794853965528483,0.2668004442103,0.03186743272468672,0.023636545585399515,0.02759542879778537,1,0,2022-09-21
2022-09-21,-0.020267612600959994,-0.010237452524670343,-0.01790624971620114,-0.0404027908958795,-0.014436090851436933,-0.05261291058016293,0.006451079243180224,0.010130884260724615,0.006826871009163534,-0.0018818403768174007,-0.0010803520281204792,-0.003964127462228612,0.0208930140995593,-0.01436261249983295,0.028317646047986728,-0.08078708301219628,0.022309811179595213,-0.025710426290457167,0.16375510846779218,0.03343741444725013,-0.0023613628847588553,-0.01627510679683164,0,0,2022-09-22
2022-09-22,-0.006375277182114281,0.002428029265405085,-0.012307620837078037,-0.03616154779937053,0.008495594070669021,-0.017931423472838937,-0.05278625843030693,-0.028463217131865948,-0.0036590709373441146,0.0006290103706903194,-0.0007560963233604667,-0.004372587974175624,0.01900077312081767,-0.011135590075887047,0.028227445099710816,-0.08828287962808279,0.02227359470993784,-0.02736302318480721,-0.02667518240468203,0.023307564688761745,0.0059323436549637565,0.015770054997704674,0,0,2022-09-23
2022-09-23,-0.015123530475821045,-0.0017915737501772444,-0.016281726328211676,-0.04602130119595349,-0.012698165107421389,-0.027866249321780168,-0.0035824971014797313,-0.05167443541028771,-0.01392214008629844,-0.00020363892608894486,-0.0041524411015870346,-0.005874888805216227,0.019713458548639318,-0.044099791987988635,0.027644902578423246,-0.11527357904220548,0.021914057166480212,-0.03605718852705708,0.05217600864181127,0.01934457092197874,0.001158195852390631,-0.006983199371370485,0,1,2022-09-26
2022-09-26,0.0022601624317879487,-0.024015635868277374,-0.004137887120351902,-0.057309729148771194,-0.001975386268268875,-0.028913801851820797,-0.023010446752908864,-0.08623515558726302,-0.006412881742049126,-0.004768116171213088,-0.007777217314774853,-0.00387692149913364,0.014291505902219061,-0.07746423971369121,0.0234946575642701,-0.07853549394571646,0.02064467304175669,-0.029884479793708674,0.014704007883737713,0.027392748993686017,0.006398049552139851,0.014753078942376818,1,1,2022-09-27
2022-09-27,0.006566259925951723,-0.03275954536535397,0.0004010475703855043,-0.049354192677059094,-0.004379843450477372,-0.024912310684986005,0.015129054931514618,-0.05790828246944524,-0.002099036039360458,-0.006587999580231129,-0.0012526383967084499,-0.002864102509403388,0.011306600561531151,-0.013520476034986073,0.015481096302353194,-0.05961087869254866,0.020634785531817783,-0.020482891848812357,-0.08753268471415421,0.03143123645965926,0.006165212355566219,0.0011916541854330998,1,0,2022-09-28
2022-09-28,-0.012651674997137374,-0.0252407136464734,0.019891945939761735,-0.012766345321010286,0.019711498092662705,0.008872300632555508,0.026021051626277103,-0.039589747893198135,-0.0012750842131325675,-0.005064812059466605,-0.0034733262181420033,-0.0027314064498685396,0.009346024704114856,-0.03521976556349915,0.01535068994312126,-0.05707636787693249,0.0205589611020367,-0.030036277974846315,0.528313697119017,0.03870797646496705,-0.03254362093689911,-0.03551794985660728,0,0,2022-09-29
2022-09-29,-0.04911920306752726,-0.06717308281483747,-0.028827544771828806,-0.029278596731662,-0.014808994307986212,-0.014440992783004036,-0.04051503541566592,-0.027147563123349094,-0.01840153937957097,-0.013613597236549202,-0.006492293432929441,-0.0046556209996067134,0.021926331882656438,-0.06490815176035436,0.02074796727581128,-0.09375418063510033,0.0229943436884032,-0.07325877518409851,0.30766775649014755,0.042391975898652096,-0.020291658295698456,-0.021457188205701194,0,0,2022-09-30
2022-10-03,0.030752705771400546,-0.05518343160831218,0.02346014167959143,-0.003061500445816989,0.03366259752005929,0.013855471407876019,0.030727414147186494,0.02322527479830394,-0.016135236498997396,-0.010898224913635568,-0.007833170542424328,-0.004174728085340357,0.031105077600800782,-0.07787380227712237,0.02304834907803066,-0.08574533192804257,0.02489098001277636,-0.06336496523462032,0.11640870791701796,0.03776767285412629,0.007292564091809117,-0.0014423000622223459,1,1,2022-10-04
2022-10-04,0.025623087261867017,-0.037295681020211746,0.03144088288233182,0.02787090103202483,0.03381248566908157,0.05274731343111383,0.05234979615427049,0.0607428721725809,0.008778860277467363,-0.0070868594464525096,-0.0068374295133418195,-0.0024828247259928047,0.034735676504472734,-0.06883343683125231,0.024354438123587552,-0.054552472328423196,0.025737533782521728,-0.03669574579973511,-0.1480920042128805,0.013415514250413199,-0.005817795620464805,-0.017458053649809013,1,1,2022-10-05
2022-10-05,0.002053171192225589,-0.022957864691417917,-0.0005318610434190685,0.007287311790163953,0.001285728214097226,0.033724599875522454,0.003189697010005821,0.03713887629660184,0.019476321408497716,-0.0041458902085799165,-0.004605351134023261,-0.0028428515810718703,0.03476922265656,-0.04761910544928072,0.02400717284263548,-0.061297783189956934,0.02561478697512556,-0.03166604511051907,-0.22617684124531667,0.02984979889457157,0.0025850322356446576,-0.0001845414198259343,1,0,2022-10-06
2022-10-06,-0.006625714300287466,0.020704736484030484,-0.007872787567024475,0.029021310669985922,-0.00967091431867284,0.039115797775619354,-0.005980719432083559,0.07446815501896409,0.00701684805126838,0.004352807544868042,-0.004630394845840579,-0.0026932455846005233,0.0247891443834823,-0.04785914730930818,0.024009354862679026,-0.05846179753937719,0.025581851035059583,-0.03520071032382921,-0.32855480634999845,0.015952638260814812,0.0012470732667370088,0.0012001025750907335,0,0,2022-10-07
2022-10-07,-0.03671861361092377,0.013675899089898191,-0.03810402212593833,0.006884603583418469,-0.050853058156278164,0.005753581941221331,-0.08027419427417071,-0.005189886018928891,-0.013763718906328548,0.0030169272628563838,-0.006789903159350852,-0.005471172130468943,0.027171374873139423,-0.06873644665235867,0.025950712289312155,-0.10980497564098479,0.02613114897928005,-0.06526903798802786,-0.16388706263291175,0.026054745168739693,0.0013854085150145634,0.02884501260430067,0,1,2022-10-10
2022-10-10,0.002355691021022732,-0.014250653319213269,-0.009996337866127858,-0.02603002862629833,-0.021302937445831005,-0.04772787690994584,-0.033620532615054044,-0.06729552847528775,-0.013662878963396166,-0.0026624756872191792,-0.006780350300427373,-0.007278783807601113,0.02248899833547811,-0.06864768497471085,0.025954431238103415,-0.1407941839637311,0.024100285687128766,-0.05581904976204144,-0.2603669863112247,0.023643299449664236,0.01235202888715059,0.029817426051465257,1,0,2022-10-11
2022-10-11,-0.010254908647191363,-0.0487337996785544,-0.013738150716118502,-0.06869172915692778,-0.016750201601463677,-0.09430251034078352,-0.007197892816918849,-0.12007303266197444,-0.014872610412364132,-0.009838074869030855,-0.008462467157741682,-0.004857552777225066,0.01599332699399519,-0.08421192045105197,0.025535025809865587,-0.09659381123371946,0.02088215698467075,-0.06080942508988685,-0.22175556964089327,0.022521261901235323,0.0034832420689271393,0.0017191385619999,0,0,2022-10-12
2022-10-12,-0.0046052839986697736,-0.05505478498307437,-0.0003426303700241329,-0.06851540328483552,0.0015082944654134511,-0.09410119148701401,-0.0074227029385665055,-0.12938147844322379,-0.004168167208279468,-0.011169765907209927,-0.007657828057894922,-0.0055655771380184625,0.015002161474644046,-0.07674870937023581,0.025515119366945872,-0.10926540338241408,0.020605997160495403,-0.059743285487417364,-0.2820752327896313,0.015902826416655153,-0.004262653628645641,-0.0016480797620932464,0,1,2022-10-13
2022-10-13,0.03361289822703584,-0.016777888838303112,0.02345231657822655,-0.039105009500509436,0.03760796930096255,-0.050853058156278164,0.040000043229539095,-0.08910891593755144,0.006250901860391567,-0.003122043401745267,0.0006153820715613878,-0.002938455680684027,0.02530448976947891,0.0035794658785719413,0.023941964596638894,-0.06156102239624972,0.02210722385962194,-0.02503064595676807,0.14085919118943613,0.06448003962867113,0.010160581648809286,-0.0051911080382149866,1,0,2022-10-14
2022-10-14,-0.03223976903657455,-0.012206328461262794,-0.03005741268318418,-0.031066773680938686,-0.02424862220142432,-0.02424862220142432,-0.06128762150813338,-0.07030472479512984,-0.0010773849360694958,-0.0022262744868754235,0.00039532638799048,-0.004002429932916518,0.023855655600692208,0.0013026381123408814,0.024262984102475967,-0.081751817433112,0.023007360377823836,-0.052483710488167135,-0.07285921394685624,0.045743616185122044,-0.002182356353390369,0.0105283528182043,0,1,2022-10-17
2022-10-17,0.029122606275849172,0.014171722496275851,0.033021579124994815,0.01103558481932465,0.039245690364342334,0.03611776620420115,0.05887564942576806,0.018680261248233077,0.01016524515543682,0.003127108564089864,0.00023231643843534265,-0.003800427051994493,0.02781561424480634,-0.00028088712716789477,0.024040826345345566,-0.07813281565568708,0.023292137752447095,-0.020843425103150848,-0.10964461931547376,0.018467730892441435,-0.0038989728491456432,-0.019938063619206026,1,1,2022-10-18
2022-10-18,0.009409522323855724,0.03432146610607467,0.007908175830212416,0.03322564158249608,0.0040837781898153125,0.05807195997839987,0.0066457836251296865,0.03288478381379756,0.0020974531877101152,0.007059994758299282,-0.0013890400553657866,-0.004113234784353803,0.026822965683283174,-0.01608494902636748,0.022644336741983285,-0.08381120353487947,0.023057783847986443,-0.007141604593320139,0.04002202647908848,0.04236519191576092,0.0015013464936433074,0.004044741416383224,1,1,2022-10-19
2022-10-19,0.0007654540718358138,0.039902236815279046,-0.0036470458101056646,0.029810264607486037,-0.008469643294053641,0.047530483467377094,0.0070190118643103094,0.047912960980685426,0.013099194223846903,0.0081341423724004,-0.0015178117674047643,-0.003061581450714013,0.02634226404790267,-0.01734935723600428,0.022626241116337795,-0.06414230181358649,0.022759942548326764,-0.002986730394392234,-0.33824278693177834,0.023981627510113634,0.0044124998819414785,0.0014907697867074798,1,0,2022-10-20
2022-10-20,-0.00326753423146553,0.002797393915102475,-0.005101565067746949,0.001078998932380948,-0.00139561767249885,0.008153910110102691,0.011866262895128266,0.019565122684196412,0.0023024807214086693,0.0007580558807001259,-0.0011819937605225706,-0.0029061943031815753,0.022273624932257378,-0.014027429287345128,0.022566849350738258,-0.061215235792019373,0.02274673330519398,-0.0030142863145335985,-0.30033322603345536,0.02259575637740029,0.0018340308362814195,-0.008502856842780238,0,1,2022-10-21
2022-10-21,0.02705919981113425,0.06424324539748527,0.02344757172562084,0.05630156254620444,0.02528068038306941,0.05932797063588913,0.022306088316768058,0.1103588875967052,0.008185706550501512,0.012617849650241885,0.005195787581683231,-0.0007970577888338104,0.01486672166273974,0.051252742781483285,0.020306859601951197,-0.021006635290861886,0.023497543040253432,0.025089490773451573,-0.05663055027395758,0.03530937771557908,0.0036116280855134075,0.0032658154612155155,1,1,2022-10-24
2022-10-24,0.014802675362001638,0.049434621374765175,0.01100143838023726,0.03378517997859465,0.021187952528264775,0.04092128687137864,0.01066903326821711,0.05980843370674438,0.01286478031389012,0.009753863467472378,0.006440486015781122,-0.0001699321423231259,0.011994082289136024,0.06430691760687268,0.02049403795273021,-0.008755288389409532,0.023749454727272273,0.04074168763236763,-0.16389701180985194,0.028303752518670035,0.0038012369817643776,-0.0011258175362393041,1,1,2022-10-25
2022-10-25,0.019337622162620027,0.059756390156258554,0.02068589152737399,0.046890950363704276,0.013791646422470105,0.05098531430913944,0.052543763451989633,0.10813036273269705,0.02039983244525197,0.01173948343522524,0.00939973909676226,0.0004686359695102893,0.012722504337356328,0.09612878318170259,0.019944585604274884,0.003821673288296523,0.0241090814989344,0.06065296611238158,-0.17323043929562465,0.020546179322928085,-0.0013482693647539623,-0.013830082774609842,1,0,2022-10-26
2022-10-26,-0.019627197819704012,0.03816167676326376,-0.022096809694500896,0.02750535937840448,-0.07715633724127258,-0.021820027593652314,-0.02752424736071235,0.07011873244169764,0.004837699901639218,0.007660953056917275,0.007897547714658837,0.00011985982838195741,0.018892563277001975,0.0795866498420188,0.021612586506993534,-0.0032702321866928674,0.024358047933640183,0.04001272901219477,0.00832816274507997,0.026448021731538825,0.0024696118747968843,0.03271309448128845,0,0,2022-10-27
2022-10-27,-0.03046529907500173,0.009833436113043437,-0.01820560243400282,0.013971848669605658,-0.01975617117502748,-0.03980505353216124,0.021712127766280842,0.08053141722235613,-0.010251624910695237,0.002221400088210035,0.0014897279844550803,0.0010525550280082341,0.025563408289093367,0.012658338022493165,0.022617010030764183,0.016283113990096076,0.02267219919124527,0.0075145769188045275,0.2619366820557625,0.03397788719097388,-0.012259696640998907,-0.03144327737062841,0,1,2022-10-28
2022-10-28,0.0755526571377001,0.05751356462958146,0.03060048877591992,0.021058539502867513,0.04022044789238666,-0.02581367581645977,0.04993941320052131,0.10973859503381789,0.00848672008099812,0.011920091553523204,0.012268970601882544,0.006332148494936513,0.04154571355177676,0.12545166807324892,0.029419343742205634,0.12691772430967885,0.026943047915539378,0.07706257974191777,0.8615153741406674,0.06215482428633998,0.044952168361780176,0.030472726591246113,1,0,2022-10-31
2022-10-31,-0.015410470057594772,0.02602881208894403,-0.011627918593136721,-0.0017959266768652338,-0.015856079351387664,-0.061152703426832655,-0.024360443254898945,0.0712753980999743,0.009892296001701198,0.0058774624696039226,0.00781566296853815,0.004023989703486747,0.04318642360581108,0.07675015793416118,0.029950453506151303,0.07644771267562134,0.02671728662978024,0.05648620236080171,0.11690770132532946,0.015129825092120764,-0.0037825514644580505,0.004697791245548533,0,0,2022-11-01
2022-11-01,-0.01754286825058904,-0.011093771189833124,-0.010217576806182627,-0.03201870944131324,-0.01705948302480964,-0.08972316914335265,0.003408430870882162,0.021265626725749165,0.014199772943172095,-0.0014986356130378907,0.005120423911093674,0.001865691927863944,0.04346139267470666,0.04799969524690151,0.030985908211451273,0.031142673569206414,0.026623988049173892,0.03632804581808924,-0.0794737814946278,0.04195149234305516,-0.007325291444406412,-0.0107173421736253,0,0,2022-11-02
2022-11-02,-0.03730489187247521,-0.028925336611586805,-0.03427715762754158,-0.04407547439367543,-0.03536821223318287,-0.048504094304508194,-0.023923956351368236,0.025046547169342626,-0.023419410060219675,-0.005034174423592131,0.0013133893166625721,-0.00010221122537109605,0.04595245820174106,0.008132500805636989,0.03379208504007195,-0.009357950092066303,0.028027002659637392,-0.0018617211933017463,0.06338001448216057,0.04943803509132232,-0.003027734244933633,-0.007658807580199656,0,0,2022-11-03
2022-11-03,-0.04240494869211664,-0.04088395059606176,-0.01953491066250468,-0.04536975590604242,-0.026579026488263824,-0.05512685356582281,0.015280984298819078,0.01859441527570982,-0.032417569605060294,-0.0074221043470151125,-0.002600352129402539,-0.0018911729449625548,0.04787440673504118,-0.031452544199253474,0.03653655642538593,-0.04503877514693655,0.029565006437831897,-0.04202850800541158,0.09404488904106545,0.029161887308221543,-0.02287003802961196,-0.03675592759739427,0,0,2022-11-04
2022-11-04,-0.0019473023074815243,-0.10999396063484657,0.016085104164763164,-0.05881514556515699,0.03332559883660213,-0.061389716149160334,0.05476492408612921,0.023275864869024332,-0.027219047624024457,-0.022922096236051438,-0.005501002341264116,-0.00015260737979044258,0.016671449787393783,-0.05880654076910108,0.03504105423177771,-0.010567794495525362,0.02840895228656669,-0.04340553820287418,0.5265169482214451,0.05990745045249287,-0.01803240647224469,-0.045992563768847194,0,1,2022-11-07
2022-11-07,0.003902091149132092,-0.09253663899280007,0.010994497031510564,-0.037272777708771354,0.029269476645246373,-0.018351995715940816,0.010243099453878024,0.059568950617808536,-0.013483386616822024,-0.019059583994706066,-0.006591060762551071,-7.52873733849746e-05,0.02061714364923169,-0.06891644569154198,0.03450471127310384,-0.00904133227951387,0.02841824125267834,-0.03925192260544097,-0.10030253180668369,0.025050358288278406,-0.007092405882378472,-0.015854196900430106,1,1,2022-11-08
2022-11-08,0.004175142446200875,-0.0724764263439227,0.00728744023033312,-0.02024625144116421,0.004388505939435738,0.0030677903230442727,0.021047472783739973,0.07819524530948185,0.0020433104292838142,-0.014715981855348082,-0.008107308734192986,0.0006462151812846373,0.02314888840431852,-0.0827661606432396,0.03355890402551796,0.005406412227207058,0.028329232092123263,-0.03549084844096462,-0.03648819324697805,0.028243635717685935,-0.0031122977841322452,-0.008542846915386981,1,0,2022-11-09
2022-11-09,-0.033190008851084696,-0.06851187830274652,-0.02307639836368225,-0.008882757285313181,-0.019049895068953826,0.020036315046459974,-0.05656755832701632,0.042136398594677216,-0.008370925085250577,-0.013893005251069979,-0.009463589837331055,-0.0007830210613361088,0.022198696485625922,-0.09545548577253427,0.034341163137697334,-0.02346581825219407,0.029312131417092893,-0.06645699185773934,-0.199061681545185,0.029361658317154437,-0.010113610487402447,0.0046187178469003776,0,1,2022-11-10
2022-11-10,0.08897481862572532,0.05928608026102644,0.07378844677027807,0.08545450133360988,0.08226775380639362,0.1340955676182305,0.143292481501057,0.1735339552673123,0.019986650740280498,0.012382948212498412,0.00248042193274165,0.001985074958598365,0.045518837092207325,0.015978280488538665,0.0452601046655747,0.028838876986473805,0.03482661061083067,0.015158432755139728,0.2668430629859355,0.05018040009674531,0.015186371855447245,-0.023805299027999993,1,1,2022-11-11
2022-11-11,0.019268476374195043,0.08180350753852084,0.01842605202774661,0.08795526862647507,0.016997491406417042,0.11617514226051595,0.036634950283900736,0.1533625034308228,0.025017762049611886,0.016626103948833727,-0.0031479961436088554,0.004560487229136845,0.04483271876095011,-0.03718834488431011,0.03809606276347485,0.08359798329031887,0.034058528862180734,0.03060547973297134,-0.0011523770932835298,0.03767534739228101,0.0008424243464484338,-0.007547744470963846,1,0,2022-11-14
2022-11-14,-0.009485517436283342,0.06737703900843028,-0.008751264791858726,0.06670638381863969,-0.02250007640738405,0.06003446233709964,-0.001959857297561096,0.1394307747650132,0.032919259187879,0.013948582231750639,-0.0025555008814777125,0.002630081043530219,0.046162650874108355,-0.031394444719496706,0.03792987006157984,0.042946184624187644,0.03368518928880632,0.018688600500742947,-0.21520229819394843,0.01922043516980091,-0.0007342526444246156,0.002744449416189232,0,1,2022-11-15
2022-11-15,0.011869576065022258,0.07555575348337507,0.013838308357872808,0.07364368152742751,0.0017387149488556908,0.057237865451138736,0.02276784079889671,0.14135060740026462,0.007217511667644653,0.015487468955514916,0.0003857435500834172,0.0027530837305885457,0.045882792587624566,-0.0023966838627451637,0.03777863573530654,0.04548797128914139,0.033715725225377406,0.028473750500012995,-0.033994844936954816,0.033524386859338555,-0.00196873229285055,-0.00038370180885394234,1,0,2022-11-16
2022-11-16,-0.00833116990394378,0.1032106882681727,-0.013649423427574803,0.08400397178872976,0.0018235342720185344,0.07973460587673475,-0.04536182868120131,0.15490713330786865,-0.001982370425068288,0.0204592367449431,0.00328311574693656,0.002298252531799566,0.04029628071950699,0.027627651851254376,0.03561597766815496,0.035984834557829526,0.0338051887955683,0.018101980839900556,-0.3106212334495604,0.017339888080330452,0.0053182535236310224,0.013437977300647608,0,1,2022-11-17
2022-11-17,0.012971257932064217,0.02621355383534807,-0.002206885329122832,0.007285655363429289,-0.00020696531288688647,-0.0025470735227062224,-0.014644924208618959,-0.004634750699592183,0.005503221364380899,0.005258524606210879,0.008820736409354647,0.0031101921399760537,0.013243277331519835,0.08705373295298369,0.03182642024085997,0.0528631273703164,0.0338594425483457,0.02864483801388018,-0.14431334012579822,0.03536359997270584,0.01517814326118705,0.02039720269281714,1,1,2022-11-18
2022-11-18,0.0037818013946293583,0.010621355963785106,3.50726096181031e-05,-0.010904148127045654,-0.0019031478966584636,-0.021084482065448218,-0.017095190374223246,-0.05622582896342343,0.002807296474249932,0.0021611896102977425,0.009393646779565733,0.001946322219150809,0.010717650400577877,0.0932937276749588,0.031662187706900095,0.029000905505838892,0.033389707972048925,0.031034786695428362,-0.19849436527708642,0.018044787155062244,0.003746728785011255,0.013280970530070213,1,0,2022-11-21
2022-11-21,-0.02168026715750937,-0.0018209401518717305,-0.010287093217206111,-0.01243664090180907,0.0034407237434772586,0.0048938849936372986,-0.005970443917014179,-0.060018349825255335,-0.0016424026102719314,-0.00027776033394746327,0.006835410948901588,0.00012217509317525855,0.014684166745730707,0.06543340930091368,0.03315356929327594,-0.007992474389127091,0.033645957781309035,0.009091712196630963,-0.365133883396902,0.017904155089756322,-0.011393173940303258,-0.02041540707074091,0,1,2022-11-22
2022-11-22,0.0146611484445609,0.0009328624717253042,0.01440248352589979,-0.011887087073093494,0.012311407621831139,0.015499878409328094,0.0470719259127812,-0.0376815172421231,-0.0010791057727730369,0.0002805541419602653,0.00788401154873759,-0.00011164859272769779,0.015301582031758293,0.07655909908204794,0.03322582984269448,-0.012543564254518191,0.03352141020077424,0.024552438810630406,-0.43291766276793753,0.023238817841059075,0.0002586649186611112,-0.015030518322745268,1,1,2022-11-23
2022-11-23,0.005926201704310463,0.01532342446386803,0.01003684645520031,0.011841503639118844,0.010407045693391126,0.024200567209839097,0.029991139452992366,0.0382776850449853,-0.0003643056695460019,0.003132028463611114,0.011795632604277106,0.001166021383473026,0.014608308141420853,0.12011565391758183,0.029998799963742443,0.01319447005145924,0.03322409086185573,0.02993298349361262,-0.3511782481443225,0.01648246092833072,-0.004110644750889847,-0.014272890868881283,1,0,2022-11-25
2022-11-25,-0.019593284769747865,-0.017316734625740793,-0.006578192940223326,0.007408650374197245,-0.0003635063502476221,0.024040204601085025,-0.015073439960774593,0.037826154064849904,0.0003313551263744996,-0.0033808800767513025,0.0009388222647297884,0.001709622098735719,0.01628765025843651,0.008442886054242926,0.01471690662270494,0.024556069344289,0.032765082811788505,0.00853282391172594,-0.591496472822704,0.011883125773898426,-0.013015091829524539,-0.011874811614236758,0,0,2022-11-28
2022-11-28,-0.026264318675480958,-0.04673131391110008,-0.014673625976103,-0.007408500140669072,-0.023152479279146987,0.0022385431584068805,-0.02722809686313854,0.027127055568329617,-0.013310467246972787,-0.009390104090773366,-0.0036144572402378116,-0.0033812266919233335,0.018391194181947925,-0.03660630786702013,0.015441636282069416,-0.07243332474943032,0.028292527460621473,-0.014175584603756786,-0.14912712603021472,0.022604316178357918,-0.011590692699377958,-0.0010740306043381942,0,0,2022-11-29
2022-11-29,-0.021148398042313166,-0.04621306394067248,-0.0075692430271142586,-0.004682745047360659,-0.0059149485918902345,-0.007105920535158572,-0.011878499894652728,0.021022283226994842,-0.022335333829180664,-0.009283730267734125,-0.004780745300840794,-0.0036681230911592535,0.018303666881564856,-0.047949852868873655,0.016348172284630154,-0.07783893858317048,0.0284495847560632,-0.031078116880131068,0.03830831846059679,0.03159305456489861,-0.013579155015198907,-0.012251673799041685,0,1,2022-11-30
2022-11-30,0.04859400035821637,-0.014316000661868111,0.04558571889498331,0.02591380093133,0.06162357379673322,0.041260380063655955,0.08237942484651972,0.05545138239793679,0.0003937612134740827,-0.0024971598850030306,-0.0011083028715213827,-0.0003612796607189828,0.031170032416208405,-0.013396493049905422,0.02319513016908558,-0.015761069753940538,0.030520325675804098,0.016832855044927264,0.35461283415357814,0.05519150331904179,0.0030082814632330646,-0.0234074989634101,1,1,2022-12-01
2022-12-01,0.0018914781710954731,-0.018269533656341208,0.0012269855091000537,0.01696545616488887,-0.001763738531632475,0.028717954254338762,0.012527256740649584,0.037555811800536576,0.00977902682899956,-0.0033041045916460286,-8.60380640174574e-05,0.0015985388414595514,0.030948889350165498,-0.0032260610114461796,0.023066341993900973,0.02431246234933293,0.029255446610442288,0.01752595372619359,-0.12151191327959521,0.016991465942579782,0.0006644926619954195,-0.0034902809334130813,1,0,2022-12-02
2022-12-02,-0.0033713826019734494,-0.0020257285775375777,-0.003983267724903761,0.01962187993831277,0.0012957099832018315,0.03042544056866836,-0.015115089006195848,0.03751193725101598,0.01570469864244613,-5.9724158091145616e-05,-0.0017203021174212242,0.003550217145966711,0.02963685257202166,-0.019307384199077293,0.022612920389453128,0.06606556888581916,0.027409136213182413,0.010918928956647811,-0.17657743426810713,0.01589883054144613,0.0006118851229303113,0.0035383069095235586,0,0,2022-12-05
2022-12-05,-0.007982869398814985,0.016710789321868758,-0.016783398848470132,0.01743867380572861,-0.018900506355491897,0.03491062477624074,-0.015762318098562877,0.0497407879196734,-0.003154257943230987,0.003596565697242049,-0.0028967691967656584,0.0032484387914000377,0.026564192537402276,-0.030801441730733847,0.022600893234232425,0.05961870462740171,0.027505905751220666,2.758779049027993e-05,-0.0929899930465079,0.035122374173009785,0.008800529449655148,0.009348542828212403,0,0,2022-12-06
2022-12-06,-0.025370322372630705,0.01232557300332826,-0.020720188466375244,0.003956342274785474,-0.020303687482903454,0.01993096208606393,-0.03750738279935495,0.022513687071230137,-0.012241524791139713,0.0027521808311785413,-0.0032657747182777918,0.0017848181153118981,0.027594509171333177,-0.03445709343065251,0.022968777166755605,0.028721670772493546,0.028238350827977914,-0.02666775937027055,-0.13639913561461647,0.03764610415610085,-0.00465013390625546,0.003535212768498497,0,0,2022-12-07
2022-12-07,-0.013784804209831192,-0.0478956938130366,-0.00408282226945611,-0.043734675317033345,-0.0030596845999553146,-0.042212023050801295,0.008318934954401502,-0.04745056284661131,-0.015712665327092295,-0.00972358008243097,-0.006110369983717001,0.0008868207825102947,0.01048336957347805,-0.061526019690576694,0.022252192665844862,0.010322702753856383,0.028443162342636233,-0.040555449801338295,-0.057071114609696605,0.023910849005331525,-0.009701981940375082,-0.016414429387054286,0,1,2022-12-08
2022-12-08,0.012132675267018111,-0.03816341435165549,0.011834778449947514,-0.03360324187829988,0.01239912477220484,-0.02862303543815259,0.06507483946877324,0.001984323985542602,-0.009007483771814595,-0.007675340663246444,-0.005489722627446236,0.003152954988415435,0.01379686600765282,-0.05573572022505824,0.022707116643984854,0.057685201211123305,0.027370544902915576,-0.0314795651103702,-0.15242821704106546,0.016964586557931413,0.00029789681707059756,-0.026604306853470927,1,0,2022-12-09
2022-12-09,-0.0034348172975082747,-0.038224634559363424,-0.006376430674654321,-0.03592523591851371,-0.008003149121703745,-0.03764404435804802,-0.009785398837282466,0.0074065473756466105,-0.001695648746773785,-0.0076880276023534085,-0.003873875880222277,-0.0014675268077462445,0.013791947153706748,-0.04017293040230818,0.022160327114161833,-0.032069219821916906,0.01847447351618583,-0.03326051012158149,0.06932371531709935,0.03285040311925018,0.002941613377146046,0.005459456681984831,0,1,2022-12-12
2022-12-12,0.01639007911969781,-0.01459469839681704,0.012551253747429714,-0.00716168753285551,0.028889152265483498,0.009232610751770842,0.0314100262692838,0.05568932443760688,0.008362645696402549,-0.00281343789865085,0.0003915638992955994,-0.001611446670471106,0.01747663721156684,0.0018722019949262148,0.021465934404705324,-0.03480264027470936,0.018314956880655955,-0.01567185700127216,0.006785180621428077,0.023807891969171657,0.0038388253722680954,-0.013759510147685838,1,1,2022-12-13
2022-12-13,0.006782366835131226,0.017913474844180488,0.010749955512299403,0.02474417254196193,0.01746480178189702,0.0481397603836109,0.030624417925332326,0.1304182245812311,0.006579209552440253,0.003617099942901536,0.0031846403870400388,-0.0007980524569003777,0.012229459713710845,0.030459841689443934,0.02012719745865951,-0.018950556106847816,0.01830809164948637,-0.008046341511485644,0.3220908581722399,0.03938953515815037,-0.003967588677168177,-0.017262243018483447,1,0,2022-12-14
2022-12-14,-0.015535844310584523,0.016106153966183756,-0.007413909656412976,0.021316666254952432,0.0011675771553147918,0.052584119845059396,-0.02202281063156286,0.09640233835022194,0.0025455338814148374,0.0032668919227508697,-0.003228344079840051,-0.002168323475680717,0.012861128612085965,-0.03256095526572289,0.013009054857019569,-0.04552124570471283,0.018335641191447705,-0.021177818861508824,0.16502726639377863,0.038405137505432486,-0.008121934654171548,-0.005108227572460489,0,0,2022-12-15
2022-12-15,-0.04685426229710876,-0.04311235732900387,-0.0335762699916663,-0.024519928407844338,-0.03191826527964503,0.006507646782073939,-0.040851104883847356,-0.012639250819318937,-0.018535913257520686,-0.008530495590074506,-0.008102918126660474,-0.004094478095338966,0.024491175666406313,-0.07963045692423598,0.018745408366660506,-0.08259962522327524,0.020865950657528925,-0.06310482324498923,0.3670244333825017,0.04227109357114223,-0.013277992305442465,-0.010469577215362569,0,0,2022-12-16
2022-12-16,-0.014578797015425637,-0.05381264735251634,-0.00953460971785225,-0.027620439319890555,-0.017348610078054882,-0.002974518314460939,-0.022474902810941555,-0.025292182956909603,-0.025656301207706306,-0.010759291533657978,-0.009223659568005693,-0.0054719808427134585,0.02441848223257843,-0.08998031313215793,0.018766110052944096,-0.10755041285523947,0.02058755546528405,-0.07159890593816087,1.0974303819640543,0.029142802237986175,-0.005044187297573388,0.005332959429072581,0,0,2022-12-19
2022-12-19,-0.015909871082588234,-0.08388161890231383,-0.01405350573896913,-0.05316968855111759,-0.017328157750330586,-0.04776052434753564,-0.01913005119442701,-0.07305379795305944,-0.02578097679837421,-0.017219281574115185,-0.010016359736383018,-0.006456564466574338,0.019143091994068804,-0.09725209037021487,0.01887498081611154,-0.12505802750621853,0.020592577008798723,-0.08036498873106346,0.03911163361642833,0.029311700288184334,-0.001856365343619104,0.002319233389790565,0,0,2022-12-20
2022-12-20,-0.0005285777527314073,-0.09053418944860003,-0.0007784425330933376,-0.06396903279278354,0.005614541678640839,-0.058851114849838626,-0.010397648609577592,-0.10994914810515188,-0.010339081950248427,-0.018681470491687713,-0.007532185274393088,-0.00539897999633544,0.017012071963110775,-0.07424249652964532,0.01825421326718602,-0.10614140932085092,0.02031079636940143,-0.07580756063257776,-0.001282176788201972,0.0253968294243886,0.00024986478036193027,0.0018629757127369695,0,1,2022-12-21
2022-12-21,0.023809613252119055,-0.05418614341057948,0.01450593125120947,-0.04329813070640842,0.01087677365947326,-0.049723972027698404,0.025862816855813042,-0.0663687415251355,0.0024570548055998045,-0.010812378979146997,-0.0037727435281980637,-0.004941556755957532,0.025708104740531222,-0.0389527198130003,0.020550279227433955,-0.09808213369736085,0.02088135529491644,-0.04890965847087769,0.0844236453270355,0.02997414285764169,0.009303682000909586,0.005439817994475904,1,0,2022-12-22
2022-12-22,-0.023772572190591035,-0.03128200454419727,-0.02446503693209645,-0.034278553238474285,-0.025528931899670204,-0.0434521562006317,-0.07041997679358525,-0.09515094961956017,-0.00016384556373446232,-0.006196040957843452,-0.007363268273958978,-0.006426495450702607,0.018748486397161652,-0.07304572091532413,0.02059913133795311,-0.12471018527580824,0.021122433933098136,-0.0653372551976169,-0.02946845726672276,0.032216551799742255,0.0006924647415054164,0.02420188215603669,0,0,2022-12-23
2022-12-23,-0.0027983781739422398,-0.019701267605324868,0.00224931775092041,-0.022789013477338083,0.0022672180547314014,-0.024357410803440338,-0.008670558050223875,-0.08237291631506716,-0.0009204457041380731,-0.003839957189546772,-0.007299624361602375,-0.005586750120912326,0.018162742279142784,-0.0724537375917983,0.020613595556706502,-0.10971598903644408,0.020904145319866112,-0.06256899930227378,-0.21840378733347954,0.02108295742779374,-0.00504769592486265,0.0004032918238039973,0,0,2022-12-27
2022-12-27,-0.013878270230923695,-0.017677493886743112,-0.01413838645769383,-0.0228731421510181,-0.007414242199720089,-0.014514411522286497,-0.07135355240982022,-0.13122923939689168,-0.01348307353181899,-0.0034336370192138642,-0.010326459296664526,-0.0049674476986844626,0.017845169201505133,-0.10007629598370116,0.018899565336507128,-0.09839145702976038,0.020437580573322348,-0.07089245692562407,-0.1546785458880494,0.02068755261600887,0.00026011622677013513,0.02550562707384646,0,0,2022-12-28
2022-12-28,-0.030685095258025097,-0.04731658630305391,-0.013202683305850393,-0.035022659199288264,-0.010254808285008354,-0.03006611154203742,-0.00601937957159393,-0.12738556206840734,-0.015787247887630345,-0.009464940520272603,-0.014073205505980157,-0.00544428255947006,0.0213665612143828,-0.1335670069632322,0.01884475519197463,-0.1071755951608212,0.020940047386469395,-0.09450762930566925,0.04551821730910821,0.04093935254866511,-0.017482411952174703,-0.022548001329723955,0,1,2022-12-29
2022-12-29,0.028324008977603565,-0.043115815109987854,0.02437523414240106,-0.025635179672428343,0.02762957994108839,-0.013991833289024869,0.040396091761335295,-0.11502333848001689,-0.005413118837115076,-0.0085620613751757,-0.009687220177161348,-0.0064577821285007,0.02314547782051532,-0.09496567877975348,0.023091939418230917,-0.12443446082694976,0.018539919904892087,-0.0626584137224605,-0.052932481889939154,0.021217439685636625,0.0039487748352025065,-0.005688826873608277,1,1,2022-12-30
