Date,target_date,actual,predicted,probability_up,split,experiment,model,seed
2022-07-01,2022-07-05,1,0,0.4634146341463415,validation,baseline,majority_class,
2022-07-05,2022-07-06,1,0,0.4634146341463415,validation,baseline,majority_class,
2022-07-06,2022-07-07,1,0,0.4634146341463415,validation,baseline,majority_class,
2022-07-07,2022-07-08,1,0,0.4634146341463415,validation,baseline,majority_class,
2022-07-08,2022-07-11,0,0,0.4634146341463415,validation,baseline,majority_class,
2022-07-11,2022-07-12,1,0,0.4634146341463415,validation,baseline,majority_class,
2022-07-12,2022-07-13,0,0,0.4634146341463415,validation,baseline,majority_class,
2022-07-13,2022-07-14,1,0,0.4634146341463415,validation,baseline,majority_class,
2022-07-14,2022-07-15,1,0,0.4634146341463415,validation,baseline,majority_class,
2022-07-15,2022-07-18,0,0,0.4634146341463415,validation,baseline,majority_class,
2022-07-18,2022-07-19,1,0,0.4634146341463415,validation,baseline,majority_class,
2022-07-19,2022-07-20,1,0,0.4634146341463415,validation,baseline,majority_class,
2022-07-20,2022-07-21,1,0,0.4634146341463415,validation,baseline,majority_class,
2022-07-21,2022-07-22,0,0,0.4634146341463415,validation,baseline,majority_class,
2022-07-22,2022-07-25,0,0,0.4634146341463415,validation,baseline,majority_class,
2022-07-25,2022-07-26,0,0,0.4634146341463415,validation,baseline,majority_class,
2022-07-26,2022-07-27,1,0,0.4634146341463415,validation,baseline,majority_class,
2022-07-27,2022-07-28,1,0,0.4634146341463415,validation,baseline,majority_class,
2022-07-28,2022-07-29,1,0,0.4634146341463415,validation,baseline,majority_class,
2022-07-29,2022-08-01,0,0,0.4634146341463415,validation,baseline,majority_class,
2022-08-01,2022-08-02,0,0,0.4634146341463415,validation,baseline,majority_class,
2022-08-02,2022-08-03,1,0,0.4634146341463415,validation,baseline,majority_class,
2022-08-03,2022-08-04,0,0,0.4634146341463415,validation,baseline,majority_class,
2022-08-04,2022-08-05,0,0,0.4634146341463415,validation,baseline,majority_class,
2022-08-05,2022-08-08,0,0,0.4634146341463415,validation,baseline,majority_class,
2022-08-08,2022-08-09,1,0,0.4634146341463415,validation,baseline,majority_class,
2022-08-09,2022-08-10,1,0,0.4634146341463415,validation,baseline,majority_class,
2022-08-10,2022-08-11,0,0,0.4634146341463415,validation,baseline,majority_class,
2022-08-11,2022-08-12,1,0,0.4634146341463415,validation,baseline,majority_class,
2022-08-12,2022-08-15,1,0,0.4634146341463415,validation,baseline,majority_class,
2022-08-15,2022-08-16,0,0,0.4634146341463415,validation,baseline,majority_class,
2022-08-16,2022-08-17,1,0,0.4634146341463415,validation,baseline,majority_class,
2022-08-17,2022-08-18,0,0,0.4634146341463415,validation,baseline,majority_class,
2022-08-18,2022-08-19,0,0,0.4634146341463415,validation,baseline,majority_class,
2022-08-19,2022-08-22,0,0,0.4634146341463415,validation,baseline,majority_class,
2022-08-22,2022-08-23,0,0,0.4634146341463415,validation,baseline,majority_class,
2022-08-23,2022-08-24,1,0,0.4634146341463415,validation,baseline,majority_class,
2022-08-24,2022-08-25,1,0,0.4634146341463415,validation,baseline,majority_class,
2022-08-25,2022-08-26,0,0,0.4634146341463415,validation,baseline,majority_class,
2022-08-26,2022-08-29,0,0,0.4634146341463415,validation,baseline,majority_class,
2022-08-29,2022-08-30,0,0,0.4634146341463415,validation,baseline,majority_class,
2022-08-30,2022-08-31,0,0,0.4634146341463415,validation,baseline,majority_class,
2022-08-31,2022-09-01,1,0,0.4634146341463415,validation,baseline,majority_class,
2022-09-01,2022-09-02,0,0,0.4634146341463415,validation,baseline,majority_class,
2022-09-02,2022-09-06,0,0,0.4634146341463415,validation,baseline,majority_class,
2022-09-06,2022-09-07,1,0,0.4634146341463415,validation,baseline,majority_class,
2022-09-07,2022-09-08,0,0,0.4634146341463415,validation,baseline,majority_class,
2022-09-08,2022-09-09,1,0,0.4634146341463415,validation,baseline,majority_class,
2022-09-09,2022-09-12,1,0,0.4634146341463415,validation,baseline,majority_class,
2022-09-12,2022-09-13,0,0,0.4634146341463415,validation,baseline,majority_class,
2022-09-13,2022-09-14,1,0,0.4634146341463415,validation,baseline,majority_class,
2022-09-14,2022-09-15,0,0,0.4634146341463415,validation,baseline,majority_class,
2022-09-15,2022-09-16,0,0,0.4634146341463415,validation,baseline,majority_class,
2022-09-16,2022-09-19,1,0,0.4634146341463415,validation,baseline,majority_class,
2022-09-19,2022-09-20,1,0,0.4634146341463415,validation,baseline,majority_class,
2022-09-20,2022-09-21,0,0,0.4634146341463415,validation,baseline,majority_class,
2022-09-21,2022-09-22,0,0,0.4634146341463415,validation,baseline,majority_class,
2022-09-22,2022-09-23,0,0,0.4634146341463415,validation,baseline,majority_class,
2022-09-23,2022-09-26,1,0,0.4634146341463415,validation,baseline,majority_class,
2022-09-26,2022-09-27,1,0,0.4634146341463415,validation,baseline,majority_class,
2022-09-27,2022-09-28,0,0,0.4634146341463415,validation,baseline,majority_class,
2022-09-28,2022-09-29,0,0,0.4634146341463415,validation,baseline,majority_class,
2022-09-29,2022-09-30,0,0,0.4634146341463415,validation,baseline,majority_class,
2022-07-01,2022-07-05,1,1,1.0,validation,baseline,previous_direction,
2022-07-05,2022-07-06,1,1,1.0,validation,baseline,previous_direction,
2022-07-06,2022-07-07,1,1,1.0,validation,baseline,previous_direction,
2022-07-07,2022-07-08,1,1,1.0,validation,baseline,previous_direction,
2022-07-08,2022-07-11,0,1,1.0,validation,baseline,previous_direction,
2022-07-11,2022-07-12,1,0,0.0,validation,baseline,previous_direction,
2022-07-12,2022-07-13,0,1,1.0,validation,baseline,previous_direction,
2022-07-13,2022-07-14,1,0,0.0,validation,baseline,previous_direction,
2022-07-14,2022-07-15,1,1,1.0,validation,baseline,previous_direction,
2022-07-15,2022-07-18,0,1,1.0,validation,baseline,previous_direction,
2022-07-18,2022-07-19,1,0,0.0,validation,baseline,previous_direction,
2022-07-19,2022-07-20,1,1,1.0,validation,baseline,previous_direction,
2022-07-20,2022-07-21,1,1,1.0,validation,baseline,previous_direction,
2022-07-21,2022-07-22,0,1,1.0,validation,baseline,previous_direction,
2022-07-22,2022-07-25,0,0,0.0,validation,baseline,previous_direction,
2022-07-25,2022-07-26,0,0,0.0,validation,baseline,previous_direction,
2022-07-26,2022-07-27,1,0,0.0,validation,baseline,previous_direction,
2022-07-27,2022-07-28,1,1,1.0,validation,baseline,previous_direction,
2022-07-28,2022-07-29,1,1,1.0,validation,baseline,previous_direction,
2022-07-29,2022-08-01,0,1,1.0,validation,baseline,previous_direction,
2022-08-01,2022-08-02,0,0,0.0,validation,baseline,previous_direction,
2022-08-02,2022-08-03,1,0,0.0,validation,baseline,previous_direction,
2022-08-03,2022-08-04,0,1,1.0,validation,baseline,previous_direction,
2022-08-04,2022-08-05,0,0,0.0,validation,baseline,previous_direction,
2022-08-05,2022-08-08,0,0,0.0,validation,baseline,previous_direction,
2022-08-08,2022-08-09,1,0,0.0,validation,baseline,previous_direction,
2022-08-09,2022-08-10,1,1,1.0,validation,baseline,previous_direction,
2022-08-10,2022-08-11,0,1,1.0,validation,baseline,previous_direction,
2022-08-11,2022-08-12,1,0,0.0,validation,baseline,previous_direction,
2022-08-12,2022-08-15,1,1,1.0,validation,baseline,previous_direction,
2022-08-15,2022-08-16,0,1,1.0,validation,baseline,previous_direction,
2022-08-16,2022-08-17,1,0,0.0,validation,baseline,previous_direction,
2022-08-17,2022-08-18,0,1,1.0,validation,baseline,previous_direction,
2022-08-18,2022-08-19,0,0,0.0,validation,baseline,previous_direction,
2022-08-19,2022-08-22,0,0,0.0,validation,baseline,previous_direction,
2022-08-22,2022-08-23,0,0,0.0,validation,baseline,previous_direction,
2022-08-23,2022-08-24,1,0,0.0,validation,baseline,previous_direction,
2022-08-24,2022-08-25,1,1,1.0,validation,baseline,previous_direction,
2022-08-25,2022-08-26,0,1,1.0,validation,baseline,previous_direction,
2022-08-26,2022-08-29,0,0,0.0,validation,baseline,previous_direction,
2022-08-29,2022-08-30,0,0,0.0,validation,baseline,previous_direction,
2022-08-30,2022-08-31,0,0,0.0,validation,baseline,previous_direction,
2022-08-31,2022-09-01,1,0,0.0,validation,baseline,previous_direction,
2022-09-01,2022-09-02,0,1,1.0,validation,baseline,previous_direction,
2022-09-02,2022-09-06,0,0,0.0,validation,baseline,previous_direction,
2022-09-06,2022-09-07,1,0,0.0,validation,baseline,previous_direction,
2022-09-07,2022-09-08,0,1,1.0,validation,baseline,previous_direction,
2022-09-08,2022-09-09,1,0,0.0,validation,baseline,previous_direction,
2022-09-09,2022-09-12,1,1,1.0,validation,baseline,previous_direction,
2022-09-12,2022-09-13,0,1,1.0,validation,baseline,previous_direction,
2022-09-13,2022-09-14,1,0,0.0,validation,baseline,previous_direction,
2022-09-14,2022-09-15,0,1,1.0,validation,baseline,previous_direction,
2022-09-15,2022-09-16,0,0,0.0,validation,baseline,previous_direction,
2022-09-16,2022-09-19,1,0,0.0,validation,baseline,previous_direction,
2022-09-19,2022-09-20,1,1,1.0,validation,baseline,previous_direction,
2022-09-20,2022-09-21,0,1,1.0,validation,baseline,previous_direction,
2022-09-21,2022-09-22,0,0,0.0,validation,baseline,previous_direction,
2022-09-22,2022-09-23,0,0,0.0,validation,baseline,previous_direction,
2022-09-23,2022-09-26,1,0,0.0,validation,baseline,previous_direction,
2022-09-26,2022-09-27,1,1,1.0,validation,baseline,previous_direction,
2022-09-27,2022-09-28,0,1,1.0,validation,baseline,previous_direction,
2022-09-28,2022-09-29,0,0,0.0,validation,baseline,previous_direction,
2022-09-29,2022-09-30,0,0,0.0,validation,baseline,previous_direction,
2022-10-03,2022-10-04,1,0,0.4634146341463415,test,baseline,majority_class,
2022-10-04,2022-10-05,1,0,0.4634146341463415,test,baseline,majority_class,
2022-10-05,2022-10-06,0,0,0.4634146341463415,test,baseline,majority_class,
2022-10-06,2022-10-07,0,0,0.4634146341463415,test,baseline,majority_class,
2022-10-07,2022-10-10,1,0,0.4634146341463415,test,baseline,majority_class,
2022-10-10,2022-10-11,0,0,0.4634146341463415,test,baseline,majority_class,
2022-10-11,2022-10-12,0,0,0.4634146341463415,test,baseline,majority_class,
2022-10-12,2022-10-13,1,0,0.4634146341463415,test,baseline,majority_class,
2022-10-13,2022-10-14,0,0,0.4634146341463415,test,baseline,majority_class,
2022-10-14,2022-10-17,1,0,0.4634146341463415,test,baseline,majority_class,
2022-10-17,2022-10-18,1,0,0.4634146341463415,test,baseline,majority_class,
2022-10-18,2022-10-19,1,0,0.4634146341463415,test,baseline,majority_class,
2022-10-19,2022-10-20,0,0,0.4634146341463415,test,baseline,majority_class,
2022-10-20,2022-10-21,1,0,0.4634146341463415,test,baseline,majority_class,
2022-10-21,2022-10-24,1,0,0.4634146341463415,test,baseline,majority_class,
2022-10-24,2022-10-25,1,0,0.4634146341463415,test,baseline,majority_class,
2022-10-25,2022-10-26,0,0,0.4634146341463415,test,baseline,majority_class,
2022-10-26,2022-10-27,0,0,0.4634146341463415,test,baseline,majority_class,
2022-10-27,2022-10-28,1,0,0.4634146341463415,test,baseline,majority_class,
2022-10-28,2022-10-31,0,0,0.4634146341463415,test,baseline,majority_class,
2022-10-31,2022-11-01,0,0,0.4634146341463415,test,baseline,majority_class,
2022-11-01,2022-11-02,0,0,0.4634146341463415,test,baseline,majority_class,
2022-11-02,2022-11-03,0,0,0.4634146341463415,test,baseline,majority_class,
2022-11-03,2022-11-04,0,0,0.4634146341463415,test,baseline,majority_class,
2022-11-04,2022-11-07,1,0,0.4634146341463415,test,baseline,majority_class,
2022-11-07,2022-11-08,1,0,0.4634146341463415,test,baseline,majority_class,
2022-11-08,2022-11-09,0,0,0.4634146341463415,test,baseline,majority_class,
2022-11-09,2022-11-10,1,0,0.4634146341463415,test,baseline,majority_class,
2022-11-10,2022-11-11,1,0,0.4634146341463415,test,baseline,majority_class,
2022-11-11,2022-11-14,0,0,0.4634146341463415,test,baseline,majority_class,
2022-11-14,2022-11-15,1,0,0.4634146341463415,test,baseline,majority_class,
2022-11-15,2022-11-16,0,0,0.4634146341463415,test,baseline,majority_class,
2022-11-16,2022-11-17,1,0,0.4634146341463415,test,baseline,majority_class,
2022-11-17,2022-11-18,1,0,0.4634146341463415,test,baseline,majority_class,
2022-11-18,2022-11-21,0,0,0.4634146341463415,test,baseline,majority_class,
2022-11-21,2022-11-22,1,0,0.4634146341463415,test,baseline,majority_class,
2022-11-22,2022-11-23,1,0,0.4634146341463415,test,baseline,majority_class,
2022-11-23,2022-11-25,0,0,0.4634146341463415,test,baseline,majority_class,
2022-11-25,2022-11-28,0,0,0.4634146341463415,test,baseline,majority_class,
2022-11-28,2022-11-29,0,0,0.4634146341463415,test,baseline,majority_class,
2022-11-29,2022-11-30,1,0,0.4634146341463415,test,baseline,majority_class,
2022-11-30,2022-12-01,1,0,0.4634146341463415,test,baseline,majority_class,
2022-12-01,2022-12-02,0,0,0.4634146341463415,test,baseline,majority_class,
2022-12-02,2022-12-05,0,0,0.4634146341463415,test,baseline,majority_class,
2022-12-05,2022-12-06,0,0,0.4634146341463415,test,baseline,majority_class,
2022-12-06,2022-12-07,0,0,0.4634146341463415,test,baseline,majority_class,
2022-12-07,2022-12-08,1,0,0.4634146341463415,test,baseline,majority_class,
2022-12-08,2022-12-09,0,0,0.4634146341463415,test,baseline,majority_class,
2022-12-09,2022-12-12,1,0,0.4634146341463415,test,baseline,majority_class,
2022-12-12,2022-12-13,1,0,0.4634146341463415,test,baseline,majority_class,
2022-12-13,2022-12-14,0,0,0.4634146341463415,test,baseline,majority_class,
2022-12-14,2022-12-15,0,0,0.4634146341463415,test,baseline,majority_class,
2022-12-15,2022-12-16,0,0,0.4634146341463415,test,baseline,majority_class,
2022-12-16,2022-12-19,0,0,0.4634146341463415,test,baseline,majority_class,
2022-12-19,2022-12-20,0,0,0.4634146341463415,test,baseline,majority_class,
2022-12-20,2022-12-21,1,0,0.4634146341463415,test,baseline,majority_class,
2022-12-21,2022-12-22,0,0,0.4634146341463415,test,baseline,majority_class,
2022-12-22,2022-12-23,0,0,0.4634146341463415,test,baseline,majority_class,
2022-12-23,2022-12-27,0,0,0.4634146341463415,test,baseline,majority_class,
2022-12-27,2022-12-28,0,0,0.4634146341463415,test,baseline,majority_class,
2022-12-28,2022-12-29,1,0,0.4634146341463415,test,baseline,majority_class,
2022-12-29,2022-12-30,1,0,0.4634146341463415,test,baseline,majority_class,
2022-10-03,2022-10-04,1,1,1.0,test,baseline,previous_direction,
2022-10-04,2022-10-05,1,1,1.0,test,baseline,previous_direction,
2022-10-05,2022-10-06,0,1,1.0,test,baseline,previous_direction,
2022-10-06,2022-10-07,0,0,0.0,test,baseline,previous_direction,
2022-10-07,2022-10-10,1,0,0.0,test,baseline,previous_direction,
2022-10-10,2022-10-11,0,1,1.0,test,baseline,previous_direction,
2022-10-11,2022-10-12,0,0,0.0,test,baseline,previous_direction,
2022-10-12,2022-10-13,1,0,0.0,test,baseline,previous_direction,
2022-10-13,2022-10-14,0,1,1.0,test,baseline,previous_direction,
2022-10-14,2022-10-17,1,0,0.0,test,baseline,previous_direction,
2022-10-17,2022-10-18,1,1,1.0,test,baseline,previous_direction,
2022-10-18,2022-10-19,1,1,1.0,test,baseline,previous_direction,
2022-10-19,2022-10-20,0,1,1.0,test,baseline,previous_direction,
2022-10-20,2022-10-21,1,0,0.0,test,baseline,previous_direction,
2022-10-21,2022-10-24,1,1,1.0,test,baseline,previous_direction,
2022-10-24,2022-10-25,1,1,1.0,test,baseline,previous_direction,
2022-10-25,2022-10-26,0,1,1.0,test,baseline,previous_direction,
2022-10-26,2022-10-27,0,0,0.0,test,baseline,previous_direction,
2022-10-27,2022-10-28,1,0,0.0,test,baseline,previous_direction,
2022-10-28,2022-10-31,0,1,1.0,test,baseline,previous_direction,
2022-10-31,2022-11-01,0,0,0.0,test,baseline,previous_direction,
2022-11-01,2022-11-02,0,0,0.0,test,baseline,previous_direction,
2022-11-02,2022-11-03,0,0,0.0,test,baseline,previous_direction,
2022-11-03,2022-11-04,0,0,0.0,test,baseline,previous_direction,
2022-11-04,2022-11-07,1,0,0.0,test,baseline,previous_direction,
2022-11-07,2022-11-08,1,1,1.0,test,baseline,previous_direction,
2022-11-08,2022-11-09,0,1,1.0,test,baseline,previous_direction,
2022-11-09,2022-11-10,1,0,0.0,test,baseline,previous_direction,
2022-11-10,2022-11-11,1,1,1.0,test,baseline,previous_direction,
2022-11-11,2022-11-14,0,1,1.0,test,baseline,previous_direction,
2022-11-14,2022-11-15,1,0,0.0,test,baseline,previous_direction,
2022-11-15,2022-11-16,0,1,1.0,test,baseline,previous_direction,
2022-11-16,2022-11-17,1,0,0.0,test,baseline,previous_direction,
2022-11-17,2022-11-18,1,1,1.0,test,baseline,previous_direction,
2022-11-18,2022-11-21,0,1,1.0,test,baseline,previous_direction,
2022-11-21,2022-11-22,1,0,0.0,test,baseline,previous_direction,
2022-11-22,2022-11-23,1,1,1.0,test,baseline,previous_direction,
2022-11-23,2022-11-25,0,1,1.0,test,baseline,previous_direction,
2022-11-25,2022-11-28,0,0,0.0,test,baseline,previous_direction,
2022-11-28,2022-11-29,0,0,0.0,test,baseline,previous_direction,
2022-11-29,2022-11-30,1,0,0.0,test,baseline,previous_direction,
2022-11-30,2022-12-01,1,1,1.0,test,baseline,previous_direction,
2022-12-01,2022-12-02,0,1,1.0,test,baseline,previous_direction,
2022-12-02,2022-12-05,0,0,0.0,test,baseline,previous_direction,
2022-12-05,2022-12-06,0,0,0.0,test,baseline,previous_direction,
2022-12-06,2022-12-07,0,0,0.0,test,baseline,previous_direction,
2022-12-07,2022-12-08,1,0,0.0,test,baseline,previous_direction,
2022-12-08,2022-12-09,0,1,1.0,test,baseline,previous_direction,
2022-12-09,2022-12-12,1,0,0.0,test,baseline,previous_direction,
2022-12-12,2022-12-13,1,1,1.0,test,baseline,previous_direction,
2022-12-13,2022-12-14,0,1,1.0,test,baseline,previous_direction,
2022-12-14,2022-12-15,0,0,0.0,test,baseline,previous_direction,
2022-12-15,2022-12-16,0,0,0.0,test,baseline,previous_direction,
2022-12-16,2022-12-19,0,0,0.0,test,baseline,previous_direction,
2022-12-19,2022-12-20,0,0,0.0,test,baseline,previous_direction,
2022-12-20,2022-12-21,1,0,0.0,test,baseline,previous_direction,
2022-12-21,2022-12-22,0,1,1.0,test,baseline,previous_direction,
2022-12-22,2022-12-23,0,0,0.0,test,baseline,previous_direction,
2022-12-23,2022-12-27,0,0,0.0,test,baseline,previous_direction,
2022-12-27,2022-12-28,0,0,0.0,test,baseline,previous_direction,
2022-12-28,2022-12-29,1,0,0.0,test,baseline,previous_direction,
2022-12-29,2022-12-30,1,1,1.0,test,baseline,previous_direction,
2022-07-01,2022-07-05,1,0,0.3524909592641538,validation,A,logistic_regression,42.0
2022-07-05,2022-07-06,1,0,0.3076894265711971,validation,A,logistic_regression,42.0
2022-07-06,2022-07-07,1,0,0.47650087582741424,validation,A,logistic_regression,42.0
2022-07-07,2022-07-08,1,0,0.4227105420879156,validation,A,logistic_regression,42.0
2022-07-08,2022-07-11,0,1,0.5962017062090256,validation,A,logistic_regression,42.0
2022-07-11,2022-07-12,1,1,0.5334669373730713,validation,A,logistic_regression,42.0
2022-07-12,2022-07-13,0,0,0.4902453632251714,validation,A,logistic_regression,42.0
2022-07-13,2022-07-14,1,0,0.30044561007220616,validation,A,logistic_regression,42.0
2022-07-14,2022-07-15,1,0,0.31648643445971414,validation,A,logistic_regression,42.0
2022-07-15,2022-07-18,0,0,0.28033254382029227,validation,A,logistic_regression,42.0
2022-07-18,2022-07-19,1,0,0.2940939009282031,validation,A,logistic_regression,42.0
2022-07-19,2022-07-20,1,0,0.25810929499234414,validation,A,logistic_regression,42.0
2022-07-20,2022-07-21,1,0,0.2472165510091491,validation,A,logistic_regression,42.0
2022-07-21,2022-07-22,0,0,0.26304446329380204,validation,A,logistic_regression,42.0
2022-07-22,2022-07-25,0,0,0.30575653493540067,validation,A,logistic_regression,42.0
2022-07-25,2022-07-26,0,0,0.2758229363390869,validation,A,logistic_regression,42.0
2022-07-26,2022-07-27,1,0,0.3309550743296097,validation,A,logistic_regression,42.0
2022-07-27,2022-07-28,1,0,0.23614167134140637,validation,A,logistic_regression,42.0
2022-07-28,2022-07-29,1,0,0.3259699380208087,validation,A,logistic_regression,42.0
2022-07-29,2022-08-01,0,0,0.3230351188863735,validation,A,logistic_regression,42.0
2022-08-01,2022-08-02,0,0,0.22010435940185896,validation,A,logistic_regression,42.0
2022-08-02,2022-08-03,1,0,0.2426375060644961,validation,A,logistic_regression,42.0
2022-08-03,2022-08-04,0,0,0.27655406800183,validation,A,logistic_regression,42.0
2022-08-04,2022-08-05,0,0,0.2767193979196634,validation,A,logistic_regression,42.0
2022-08-05,2022-08-08,0,0,0.28287959650074573,validation,A,logistic_regression,42.0
2022-08-08,2022-08-09,1,0,0.2500610810397465,validation,A,logistic_regression,42.0
2022-08-09,2022-08-10,1,0,0.2465931250865172,validation,A,logistic_regression,42.0
2022-08-10,2022-08-11,0,0,0.32346365970477525,validation,A,logistic_regression,42.0
2022-08-11,2022-08-12,1,0,0.3235758953080178,validation,A,logistic_regression,42.0
2022-08-12,2022-08-15,1,0,0.35519420891308967,validation,A,logistic_regression,42.0
2022-08-15,2022-08-16,0,0,0.2756110526520131,validation,A,logistic_regression,42.0
2022-08-16,2022-08-17,1,0,0.2678285686544733,validation,A,logistic_regression,42.0
2022-08-17,2022-08-18,0,0,0.39408072894712015,validation,A,logistic_regression,42.0
2022-08-18,2022-08-19,0,0,0.3504762505392049,validation,A,logistic_regression,42.0
2022-08-19,2022-08-22,0,0,0.3971932159984254,validation,A,logistic_regression,42.0
2022-08-22,2022-08-23,0,0,0.3807509186878467,validation,A,logistic_regression,42.0
2022-08-23,2022-08-24,1,0,0.27960770473336455,validation,A,logistic_regression,42.0
2022-08-24,2022-08-25,1,0,0.3174456663511462,validation,A,logistic_regression,42.0
2022-08-25,2022-08-26,0,0,0.2474089002266416,validation,A,logistic_regression,42.0
2022-08-26,2022-08-29,0,0,0.4462560100274407,validation,A,logistic_regression,42.0
2022-08-29,2022-08-30,0,0,0.44130821614896626,validation,A,logistic_regression,42.0
2022-08-30,2022-08-31,0,0,0.4455071969274195,validation,A,logistic_regression,42.0
2022-08-31,2022-09-01,1,1,0.5130076814604366,validation,A,logistic_regression,42.0
2022-09-01,2022-09-02,0,0,0.465141959220098,validation,A,logistic_regression,42.0
2022-09-02,2022-09-06,0,1,0.5520461462714406,validation,A,logistic_regression,42.0
2022-09-06,2022-09-07,1,0,0.4977896870164181,validation,A,logistic_regression,42.0
2022-09-07,2022-09-08,0,1,0.5159459212538409,validation,A,logistic_regression,42.0
2022-09-08,2022-09-09,1,1,0.5397858157934228,validation,A,logistic_regression,42.0
2022-09-09,2022-09-12,1,0,0.43122431808752815,validation,A,logistic_regression,42.0
2022-09-12,2022-09-13,0,0,0.4457191458338395,validation,A,logistic_regression,42.0
2022-09-13,2022-09-14,1,1,0.5736324562589212,validation,A,logistic_regression,42.0
2022-09-14,2022-09-15,0,0,0.34213365026007037,validation,A,logistic_regression,42.0
2022-09-15,2022-09-16,0,0,0.3905694033562154,validation,A,logistic_regression,42.0
2022-09-16,2022-09-19,1,1,0.6618339819966073,validation,A,logistic_regression,42.0
2022-09-19,2022-09-20,1,0,0.34823267894728754,validation,A,logistic_regression,42.0
2022-09-20,2022-09-21,0,1,0.5813181759051937,validation,A,logistic_regression,42.0
2022-09-21,2022-09-22,0,1,0.6200939624542215,validation,A,logistic_regression,42.0
2022-09-22,2022-09-23,0,1,0.5745735093939224,validation,A,logistic_regression,42.0
2022-09-23,2022-09-26,1,1,0.6645575924126971,validation,A,logistic_regression,42.0
2022-09-26,2022-09-27,1,1,0.6753942377055642,validation,A,logistic_regression,42.0
2022-09-27,2022-09-28,0,0,0.4608722259706828,validation,A,logistic_regression,42.0
2022-09-28,2022-09-29,0,1,0.6934802745975932,validation,A,logistic_regression,42.0
2022-09-29,2022-09-30,0,1,0.609854389583683,validation,A,logistic_regression,42.0
2022-07-01,2022-07-05,1,1,0.5485448078879057,validation,A,random_forest,0.0
2022-07-05,2022-07-06,1,0,0.3662645184552376,validation,A,random_forest,0.0
2022-07-06,2022-07-07,1,0,0.44345246354285534,validation,A,random_forest,0.0
2022-07-07,2022-07-08,1,0,0.44489100121337155,validation,A,random_forest,0.0
2022-07-08,2022-07-11,0,1,0.5997432649156448,validation,A,random_forest,0.0
2022-07-11,2022-07-12,1,0,0.327191630166074,validation,A,random_forest,0.0
2022-07-12,2022-07-13,0,0,0.428590552892903,validation,A,random_forest,0.0
2022-07-13,2022-07-14,1,0,0.24666292983840166,validation,A,random_forest,0.0
2022-07-14,2022-07-15,1,0,0.3287078360421544,validation,A,random_forest,0.0
2022-07-15,2022-07-18,0,0,0.33418770587026464,validation,A,random_forest,0.0
2022-07-18,2022-07-19,1,0,0.20475788189983044,validation,A,random_forest,0.0
2022-07-19,2022-07-20,1,0,0.2506759518943607,validation,A,random_forest,0.0
2022-07-20,2022-07-21,1,0,0.3372867397729065,validation,A,random_forest,0.0
2022-07-21,2022-07-22,0,0,0.3765540188537713,validation,A,random_forest,0.0
2022-07-22,2022-07-25,0,0,0.24141675929239745,validation,A,random_forest,0.0
2022-07-25,2022-07-26,0,0,0.20622218070289533,validation,A,random_forest,0.0
2022-07-26,2022-07-27,1,0,0.2752843289815037,validation,A,random_forest,0.0
2022-07-27,2022-07-28,1,0,0.25798077937165187,validation,A,random_forest,0.0
2022-07-28,2022-07-29,1,0,0.28683274682276727,validation,A,random_forest,0.0
2022-07-29,2022-08-01,0,0,0.40528196673787364,validation,A,random_forest,0.0
2022-08-01,2022-08-02,0,0,0.3383313580978283,validation,A,random_forest,0.0
2022-08-02,2022-08-03,1,0,0.30788279840887267,validation,A,random_forest,0.0
2022-08-03,2022-08-04,0,0,0.355213518800602,validation,A,random_forest,0.0
2022-08-04,2022-08-05,0,0,0.3556714578951548,validation,A,random_forest,0.0
2022-08-05,2022-08-08,0,0,0.4235611222347733,validation,A,random_forest,0.0
2022-08-08,2022-08-09,1,0,0.34717711469651613,validation,A,random_forest,0.0
2022-08-09,2022-08-10,1,0,0.3064865819860106,validation,A,random_forest,0.0
2022-08-10,2022-08-11,0,0,0.3375689657122434,validation,A,random_forest,0.0
2022-08-11,2022-08-12,1,0,0.36955326994223103,validation,A,random_forest,0.0
2022-08-12,2022-08-15,1,0,0.3585727467684455,validation,A,random_forest,0.0
2022-08-15,2022-08-16,0,0,0.2846091083292496,validation,A,random_forest,0.0
2022-08-16,2022-08-17,1,0,0.2561720363833646,validation,A,random_forest,0.0
2022-08-17,2022-08-18,0,0,0.289824378217309,validation,A,random_forest,0.0
2022-08-18,2022-08-19,0,0,0.28419185010348585,validation,A,random_forest,0.0
2022-08-19,2022-08-22,0,0,0.24813754176581354,validation,A,random_forest,0.0
2022-08-22,2022-08-23,0,0,0.32902754067833917,validation,A,random_forest,0.0
2022-08-23,2022-08-24,1,0,0.39062039857150677,validation,A,random_forest,0.0
2022-08-24,2022-08-25,1,0,0.39864503355708364,validation,A,random_forest,0.0
2022-08-25,2022-08-26,0,0,0.27609692020680404,validation,A,random_forest,0.0
2022-08-26,2022-08-29,0,0,0.4645224670630943,validation,A,random_forest,0.0
2022-08-29,2022-08-30,0,1,0.5216425041143448,validation,A,random_forest,0.0
2022-08-30,2022-08-31,0,1,0.5946830759330245,validation,A,random_forest,0.0
2022-08-31,2022-09-01,1,1,0.5665399835002222,validation,A,random_forest,0.0
2022-09-01,2022-09-02,0,1,0.5494822963429544,validation,A,random_forest,0.0
2022-09-02,2022-09-06,0,0,0.4799069126840034,validation,A,random_forest,0.0
2022-09-06,2022-09-07,1,0,0.45597282871194494,validation,A,random_forest,0.0
2022-09-07,2022-09-08,0,0,0.40028088541085655,validation,A,random_forest,0.0
2022-09-08,2022-09-09,1,0,0.46458558594786725,validation,A,random_forest,0.0
2022-09-09,2022-09-12,1,0,0.38941246475960833,validation,A,random_forest,0.0
2022-09-12,2022-09-13,0,0,0.48565450625471435,validation,A,random_forest,0.0
2022-09-13,2022-09-14,1,1,0.6967670562238656,validation,A,random_forest,0.0
2022-09-14,2022-09-15,0,1,0.5304565403465075,validation,A,random_forest,0.0
2022-09-15,2022-09-16,0,1,0.5945905843633594,validation,A,random_forest,0.0
2022-09-16,2022-09-19,1,1,0.6647366659149,validation,A,random_forest,0.0
2022-09-19,2022-09-20,1,0,0.43718956089443284,validation,A,random_forest,0.0
2022-09-20,2022-09-21,0,1,0.5107188799281139,validation,A,random_forest,0.0
2022-09-21,2022-09-22,0,1,0.5437515724679709,validation,A,random_forest,0.0
2022-09-22,2022-09-23,0,1,0.5707588366796956,validation,A,random_forest,0.0
2022-09-23,2022-09-26,1,1,0.6297464722299091,validation,A,random_forest,0.0
2022-09-26,2022-09-27,1,1,0.7250313604521652,validation,A,random_forest,0.0
2022-09-27,2022-09-28,0,1,0.5691132655464014,validation,A,random_forest,0.0
2022-09-28,2022-09-29,0,1,0.5407168695808298,validation,A,random_forest,0.0
2022-09-29,2022-09-30,0,1,0.6611779117970009,validation,A,random_forest,0.0
2022-07-01,2022-07-05,1,1,0.5365639786707145,validation,A,random_forest,1.0
2022-07-05,2022-07-06,1,0,0.31128919006415817,validation,A,random_forest,1.0
2022-07-06,2022-07-07,1,0,0.4622245515742341,validation,A,random_forest,1.0
2022-07-07,2022-07-08,1,0,0.45216994903257934,validation,A,random_forest,1.0
2022-07-08,2022-07-11,0,1,0.6510071171006492,validation,A,random_forest,1.0
2022-07-11,2022-07-12,1,0,0.3277584480874346,validation,A,random_forest,1.0
2022-07-12,2022-07-13,0,0,0.39896044821579524,validation,A,random_forest,1.0
2022-07-13,2022-07-14,1,0,0.2244100219733598,validation,A,random_forest,1.0
2022-07-14,2022-07-15,1,0,0.2959056144141101,validation,A,random_forest,1.0
2022-07-15,2022-07-18,0,0,0.30354194616954705,validation,A,random_forest,1.0
2022-07-18,2022-07-19,1,0,0.1598561805758785,validation,A,random_forest,1.0
2022-07-19,2022-07-20,1,0,0.23858326945349642,validation,A,random_forest,1.0
2022-07-20,2022-07-21,1,0,0.30389483526448335,validation,A,random_forest,1.0
2022-07-21,2022-07-22,0,0,0.36351498550435934,validation,A,random_forest,1.0
2022-07-22,2022-07-25,0,0,0.23035588412604494,validation,A,random_forest,1.0
2022-07-25,2022-07-26,0,0,0.201806524730748,validation,A,random_forest,1.0
2022-07-26,2022-07-27,1,0,0.246041140081521,validation,A,random_forest,1.0
2022-07-27,2022-07-28,1,0,0.22630458679665386,validation,A,random_forest,1.0
2022-07-28,2022-07-29,1,0,0.24665885462351422,validation,A,random_forest,1.0
2022-07-29,2022-08-01,0,0,0.35294879259633827,validation,A,random_forest,1.0
2022-08-01,2022-08-02,0,0,0.2609095970452905,validation,A,random_forest,1.0
2022-08-02,2022-08-03,1,0,0.26556655234392357,validation,A,random_forest,1.0
2022-08-03,2022-08-04,0,0,0.31001500378102764,validation,A,random_forest,1.0
2022-08-04,2022-08-05,0,0,0.31114720638010235,validation,A,random_forest,1.0
2022-08-05,2022-08-08,0,0,0.38861728295903286,validation,A,random_forest,1.0
2022-08-08,2022-08-09,1,0,0.29424779679634866,validation,A,random_forest,1.0
2022-08-09,2022-08-10,1,0,0.28384297894992805,validation,A,random_forest,1.0
2022-08-10,2022-08-11,0,0,0.3171497671116067,validation,A,random_forest,1.0
2022-08-11,2022-08-12,1,0,0.3375883139867322,validation,A,random_forest,1.0
2022-08-12,2022-08-15,1,0,0.3418807486493353,validation,A,random_forest,1.0
2022-08-15,2022-08-16,0,0,0.26508449072899526,validation,A,random_forest,1.0
2022-08-16,2022-08-17,1,0,0.23741048598645284,validation,A,random_forest,1.0
2022-08-17,2022-08-18,0,0,0.3050325980046452,validation,A,random_forest,1.0
2022-08-18,2022-08-19,0,0,0.2928236148558484,validation,A,random_forest,1.0
2022-08-19,2022-08-22,0,0,0.25288474113602855,validation,A,random_forest,1.0
2022-08-22,2022-08-23,0,0,0.364321600991767,validation,A,random_forest,1.0
2022-08-23,2022-08-24,1,0,0.43075629820711,validation,A,random_forest,1.0
2022-08-24,2022-08-25,1,0,0.43819940807853547,validation,A,random_forest,1.0
2022-08-25,2022-08-26,0,0,0.25205865469298544,validation,A,random_forest,1.0
2022-08-26,2022-08-29,0,0,0.4615036419136434,validation,A,random_forest,1.0
2022-08-29,2022-08-30,0,1,0.5223912946089456,validation,A,random_forest,1.0
2022-08-30,2022-08-31,0,1,0.5717021550262615,validation,A,random_forest,1.0
2022-08-31,2022-09-01,1,1,0.537571503416318,validation,A,random_forest,1.0
2022-09-01,2022-09-02,0,1,0.5394339626800931,validation,A,random_forest,1.0
2022-09-02,2022-09-06,0,0,0.49142763853793253,validation,A,random_forest,1.0
2022-09-06,2022-09-07,1,0,0.4423429385653206,validation,A,random_forest,1.0
2022-09-07,2022-09-08,0,0,0.40637083780164385,validation,A,random_forest,1.0
2022-09-08,2022-09-09,1,0,0.45435521771097465,validation,A,random_forest,1.0
2022-09-09,2022-09-12,1,0,0.3892280824419618,validation,A,random_forest,1.0
2022-09-12,2022-09-13,0,0,0.44419990986183194,validation,A,random_forest,1.0
2022-09-13,2022-09-14,1,1,0.6621144498440112,validation,A,random_forest,1.0
2022-09-14,2022-09-15,0,1,0.5499134702767637,validation,A,random_forest,1.0
2022-09-15,2022-09-16,0,1,0.5778841782057443,validation,A,random_forest,1.0
2022-09-16,2022-09-19,1,1,0.6583722593636387,validation,A,random_forest,1.0
2022-09-19,2022-09-20,1,0,0.4950859539724242,validation,A,random_forest,1.0
2022-09-20,2022-09-21,0,0,0.48588536498082563,validation,A,random_forest,1.0
2022-09-21,2022-09-22,0,1,0.5500002283769482,validation,A,random_forest,1.0
2022-09-22,2022-09-23,0,1,0.5726969310703125,validation,A,random_forest,1.0
2022-09-23,2022-09-26,1,1,0.6314766112411219,validation,A,random_forest,1.0
2022-09-26,2022-09-27,1,1,0.7664649157767246,validation,A,random_forest,1.0
2022-09-27,2022-09-28,0,1,0.5974562943772433,validation,A,random_forest,1.0
2022-09-28,2022-09-29,0,1,0.5586988418740462,validation,A,random_forest,1.0
2022-09-29,2022-09-30,0,1,0.6156848623171265,validation,A,random_forest,1.0
2022-07-01,2022-07-05,1,1,0.5054582762600838,validation,A,random_forest,2.0
2022-07-05,2022-07-06,1,0,0.37114838125135197,validation,A,random_forest,2.0
2022-07-06,2022-07-07,1,0,0.4609057233532353,validation,A,random_forest,2.0
2022-07-07,2022-07-08,1,0,0.4376563140055886,validation,A,random_forest,2.0
2022-07-08,2022-07-11,0,1,0.6297044749826264,validation,A,random_forest,2.0
2022-07-11,2022-07-12,1,0,0.3355063059970823,validation,A,random_forest,2.0
2022-07-12,2022-07-13,0,0,0.4203965338380018,validation,A,random_forest,2.0
2022-07-13,2022-07-14,1,0,0.2605664292409385,validation,A,random_forest,2.0
2022-07-14,2022-07-15,1,0,0.3315225178263273,validation,A,random_forest,2.0
2022-07-15,2022-07-18,0,0,0.31492314709425184,validation,A,random_forest,2.0
2022-07-18,2022-07-19,1,0,0.21517224120926012,validation,A,random_forest,2.0
2022-07-19,2022-07-20,1,0,0.23944026230018675,validation,A,random_forest,2.0
2022-07-20,2022-07-21,1,0,0.3058142746240927,validation,A,random_forest,2.0
2022-07-21,2022-07-22,0,0,0.3596593272044519,validation,A,random_forest,2.0
2022-07-22,2022-07-25,0,0,0.22853530371749395,validation,A,random_forest,2.0
2022-07-25,2022-07-26,0,0,0.23171066843572574,validation,A,random_forest,2.0
2022-07-26,2022-07-27,1,0,0.3271753061444492,validation,A,random_forest,2.0
2022-07-27,2022-07-28,1,0,0.2366968747896443,validation,A,random_forest,2.0
2022-07-28,2022-07-29,1,0,0.2426812448226293,validation,A,random_forest,2.0
2022-07-29,2022-08-01,0,0,0.3882506537335713,validation,A,random_forest,2.0
2022-08-01,2022-08-02,0,0,0.2829028780836087,validation,A,random_forest,2.0
2022-08-02,2022-08-03,1,0,0.2811871906207444,validation,A,random_forest,2.0
2022-08-03,2022-08-04,0,0,0.32482153743421954,validation,A,random_forest,2.0
2022-08-04,2022-08-05,0,0,0.31301270487653504,validation,A,random_forest,2.0
2022-08-05,2022-08-08,0,0,0.37017395342447595,validation,A,random_forest,2.0
2022-08-08,2022-08-09,1,0,0.29830747282126385,validation,A,random_forest,2.0
2022-08-09,2022-08-10,1,0,0.2692438673134427,validation,A,random_forest,2.0
2022-08-10,2022-08-11,0,0,0.30987648855509686,validation,A,random_forest,2.0
2022-08-11,2022-08-12,1,0,0.3339890181482561,validation,A,random_forest,2.0
2022-08-12,2022-08-15,1,0,0.3268391358377717,validation,A,random_forest,2.0
2022-08-15,2022-08-16,0,0,0.2624567559101352,validation,A,random_forest,2.0
2022-08-16,2022-08-17,1,0,0.23115475106257524,validation,A,random_forest,2.0
2022-08-17,2022-08-18,0,0,0.288701285528476,validation,A,random_forest,2.0
2022-08-18,2022-08-19,0,0,0.2828158678640421,validation,A,random_forest,2.0
2022-08-19,2022-08-22,0,0,0.2514561746533427,validation,A,random_forest,2.0
2022-08-22,2022-08-23,0,0,0.4016688212192019,validation,A,random_forest,2.0
2022-08-23,2022-08-24,1,0,0.43702007761592615,validation,A,random_forest,2.0
2022-08-24,2022-08-25,1,0,0.4107940545905685,validation,A,random_forest,2.0
2022-08-25,2022-08-26,0,0,0.26459657068139897,validation,A,random_forest,2.0
2022-08-26,2022-08-29,0,0,0.43023324869361007,validation,A,random_forest,2.0
2022-08-29,2022-08-30,0,1,0.546939541657502,validation,A,random_forest,2.0
2022-08-30,2022-08-31,0,1,0.6046356033878746,validation,A,random_forest,2.0
2022-08-31,2022-09-01,1,1,0.5694408956924032,validation,A,random_forest,2.0
2022-09-01,2022-09-02,0,1,0.5337117370514801,validation,A,random_forest,2.0
2022-09-02,2022-09-06,0,1,0.526676966953587,validation,A,random_forest,2.0
2022-09-06,2022-09-07,1,0,0.4875232158515328,validation,A,random_forest,2.0
2022-09-07,2022-09-08,0,0,0.4001883059307142,validation,A,random_forest,2.0
2022-09-08,2022-09-09,1,0,0.4881194652379695,validation,A,random_forest,2.0
2022-09-09,2022-09-12,1,0,0.36359469197634436,validation,A,random_forest,2.0
2022-09-12,2022-09-13,0,0,0.4516133683579962,validation,A,random_forest,2.0
2022-09-13,2022-09-14,1,1,0.6794487627332101,validation,A,random_forest,2.0
2022-09-14,2022-09-15,0,0,0.4976851132903956,validation,A,random_forest,2.0
2022-09-15,2022-09-16,0,1,0.5657517007993965,validation,A,random_forest,2.0
2022-09-16,2022-09-19,1,1,0.6835818260021452,validation,A,random_forest,2.0
2022-09-19,2022-09-20,1,0,0.46858544833266,validation,A,random_forest,2.0
2022-09-20,2022-09-21,0,0,0.49465462886577993,validation,A,random_forest,2.0
2022-09-21,2022-09-22,0,0,0.4985657351576552,validation,A,random_forest,2.0
2022-09-22,2022-09-23,0,1,0.5430091963365197,validation,A,random_forest,2.0
2022-09-23,2022-09-26,1,1,0.6021748857144062,validation,A,random_forest,2.0
2022-09-26,2022-09-27,1,1,0.7235052748917489,validation,A,random_forest,2.0
2022-09-27,2022-09-28,0,1,0.573815617026355,validation,A,random_forest,2.0
2022-09-28,2022-09-29,0,1,0.5517014372039607,validation,A,random_forest,2.0
2022-09-29,2022-09-30,0,1,0.6439438887832103,validation,A,random_forest,2.0
2022-10-03,2022-10-04,1,0,0.4290800803967016,test,A,logistic_regression,42.0
2022-10-04,2022-10-05,1,0,0.39832262966639875,test,A,logistic_regression,42.0
2022-10-05,2022-10-06,0,0,0.3595767012607553,test,A,logistic_regression,42.0
2022-10-06,2022-10-07,0,0,0.46729357167549995,test,A,logistic_regression,42.0
2022-10-07,2022-10-10,1,1,0.5603317730459002,test,A,logistic_regression,42.0
2022-10-10,2022-10-11,0,1,0.5505318482105562,test,A,logistic_regression,42.0
2022-10-11,2022-10-12,0,1,0.586573938607368,test,A,logistic_regression,42.0
2022-10-12,2022-10-13,1,1,0.5710450445707442,test,A,logistic_regression,42.0
2022-10-13,2022-10-14,0,0,0.34308142291781196,test,A,logistic_regression,42.0
2022-10-14,2022-10-17,1,0,0.3850717630148662,test,A,logistic_regression,42.0
2022-10-17,2022-10-18,1,0,0.3576459370188564,test,A,logistic_regression,42.0
2022-10-18,2022-10-19,1,0,0.4729970143878804,test,A,logistic_regression,42.0
2022-10-19,2022-10-20,0,0,0.3964115300566145,test,A,logistic_regression,42.0
2022-10-20,2022-10-21,1,0,0.4517976666743518,test,A,logistic_regression,42.0
2022-10-21,2022-10-24,1,0,0.44425950851428136,test,A,logistic_regression,42.0
2022-10-24,2022-10-25,1,0,0.4855641932447974,test,A,logistic_regression,42.0
2022-10-25,2022-10-26,0,0,0.45636292819690755,test,A,logistic_regression,42.0
2022-10-26,2022-10-27,0,0,0.4944543707832319,test,A,logistic_regression,42.0
2022-10-27,2022-10-28,1,1,0.5160194241310359,test,A,logistic_regression,42.0
2022-10-28,2022-10-31,0,0,0.31727597673674307,test,A,logistic_regression,42.0
2022-10-31,2022-11-01,0,0,0.35638733497297087,test,A,logistic_regression,42.0
2022-11-01,2022-11-02,0,0,0.31516381874957766,test,A,logistic_regression,42.0
2022-11-02,2022-11-03,0,0,0.4063722023866393,test,A,logistic_regression,42.0
2022-11-03,2022-11-04,0,0,0.480200619491003,test,A,logistic_regression,42.0
2022-11-04,2022-11-07,1,1,0.8128594727772688,test,A,logistic_regression,42.0
2022-11-07,2022-11-08,1,1,0.6870610591884068,test,A,logistic_regression,42.0
2022-11-08,2022-11-09,0,1,0.6892634099472451,test,A,logistic_regression,42.0
2022-11-09,2022-11-10,1,1,0.699157854649061,test,A,logistic_regression,42.0
2022-11-10,2022-11-11,1,0,0.4853685866125525,test,A,logistic_regression,42.0
2022-11-11,2022-11-14,0,1,0.5728656248234986,test,A,logistic_regression,42.0
2022-11-14,2022-11-15,1,1,0.539794731167545,test,A,logistic_regression,42.0
2022-11-15,2022-11-16,0,1,0.5102097573771609,test,A,logistic_regression,42.0
2022-11-16,2022-11-17,1,0,0.4440575314629647,test,A,logistic_regression,42.0
2022-11-17,2022-11-18,1,1,0.6067388350147788,test,A,logistic_regression,42.0
2022-11-18,2022-11-21,0,1,0.6573791809822812,test,A,logistic_regression,42.0
2022-11-21,2022-11-22,1,1,0.6471835488668936,test,A,logistic_regression,42.0
2022-11-22,2022-11-23,1,1,0.5824545483006742,test,A,logistic_regression,42.0
2022-11-23,2022-11-25,0,1,0.5071368122088896,test,A,logistic_regression,42.0
2022-11-25,2022-11-28,0,0,0.4602732360043559,test,A,logistic_regression,42.0
2022-11-28,2022-11-29,0,1,0.6166167630412908,test,A,logistic_regression,42.0
2022-11-29,2022-11-30,1,1,0.6469408370950098,test,A,logistic_regression,42.0
2022-11-30,2022-12-01,1,1,0.556930194824087,test,A,logistic_regression,42.0
2022-12-01,2022-12-02,0,0,0.46558114194173467,test,A,logistic_regression,42.0
2022-12-02,2022-12-05,0,0,0.4251268420399347,test,A,logistic_regression,42.0
2022-12-05,2022-12-06,0,0,0.4738368143983048,test,A,logistic_regression,42.0
2022-12-06,2022-12-07,0,0,0.447213677785272,test,A,logistic_regression,42.0
2022-12-07,2022-12-08,1,1,0.6923166498187907,test,A,logistic_regression,42.0
2022-12-08,2022-12-09,0,1,0.5643859218584375,test,A,logistic_regression,42.0
2022-12-09,2022-12-12,1,1,0.5257583199100997,test,A,logistic_regression,42.0
2022-12-12,2022-12-13,1,0,0.39499562270801736,test,A,logistic_regression,42.0
2022-12-13,2022-12-14,0,0,0.4798184737832072,test,A,logistic_regression,42.0
2022-12-14,2022-12-15,0,1,0.5122723180394577,test,A,logistic_regression,42.0
2022-12-15,2022-12-16,0,1,0.5948295370374879,test,A,logistic_regression,42.0
2022-12-16,2022-12-19,0,1,0.7663937790550336,test,A,logistic_regression,42.0
2022-12-19,2022-12-20,0,1,0.5553532946487328,test,A,logistic_regression,42.0
2022-12-20,2022-12-21,1,0,0.47923105732628474,test,A,logistic_regression,42.0
2022-12-21,2022-12-22,0,0,0.3806660599830888,test,A,logistic_regression,42.0
2022-12-22,2022-12-23,0,1,0.5595438850004838,test,A,logistic_regression,42.0
2022-12-23,2022-12-27,0,0,0.4823883371814391,test,A,logistic_regression,42.0
2022-12-27,2022-12-28,0,1,0.5305146318526345,test,A,logistic_regression,42.0
2022-12-28,2022-12-29,1,1,0.5744643361705254,test,A,logistic_regression,42.0
2022-12-29,2022-12-30,1,0,0.47565725851306007,test,A,logistic_regression,42.0
2022-10-03,2022-10-04,1,1,0.6024128699628067,test,A,random_forest,0.0
2022-10-04,2022-10-05,1,1,0.5499749107747931,test,A,random_forest,0.0
2022-10-05,2022-10-06,0,1,0.6473723389705718,test,A,random_forest,0.0
2022-10-06,2022-10-07,0,1,0.5131954589754075,test,A,random_forest,0.0
2022-10-07,2022-10-10,1,1,0.7074178519035451,test,A,random_forest,0.0
2022-10-10,2022-10-11,0,1,0.6920671070675499,test,A,random_forest,0.0
2022-10-11,2022-10-12,0,1,0.756661028537448,test,A,random_forest,0.0
2022-10-12,2022-10-13,1,1,0.6273910046936289,test,A,random_forest,0.0
2022-10-13,2022-10-14,0,0,0.47234111853493826,test,A,random_forest,0.0
2022-10-14,2022-10-17,1,1,0.6107265962826315,test,A,random_forest,0.0
2022-10-17,2022-10-18,1,1,0.5254799421923987,test,A,random_forest,0.0
2022-10-18,2022-10-19,1,1,0.5563022970246536,test,A,random_forest,0.0
2022-10-19,2022-10-20,0,1,0.5630855798287431,test,A,random_forest,0.0
2022-10-20,2022-10-21,1,0,0.4760998984492603,test,A,random_forest,0.0
2022-10-21,2022-10-24,1,0,0.3443943653121817,test,A,random_forest,0.0
2022-10-24,2022-10-25,1,1,0.5455901587578079,test,A,random_forest,0.0
2022-10-25,2022-10-26,0,1,0.5526798594887877,test,A,random_forest,0.0
2022-10-26,2022-10-27,0,0,0.3612236075126394,test,A,random_forest,0.0
2022-10-27,2022-10-28,1,0,0.3803137848446357,test,A,random_forest,0.0
2022-10-28,2022-10-31,0,0,0.4384085360121043,test,A,random_forest,0.0
2022-10-31,2022-11-01,0,0,0.36458183641537745,test,A,random_forest,0.0
2022-11-01,2022-11-02,0,0,0.41073082822581003,test,A,random_forest,0.0
2022-11-02,2022-11-03,0,0,0.46745444438188316,test,A,random_forest,0.0
2022-11-03,2022-11-04,0,0,0.46442139348867356,test,A,random_forest,0.0
2022-11-04,2022-11-07,1,1,0.5648162083018756,test,A,random_forest,0.0
2022-11-07,2022-11-08,1,1,0.5806711620960618,test,A,random_forest,0.0
2022-11-08,2022-11-09,0,1,0.6127812263523268,test,A,random_forest,0.0
2022-11-09,2022-11-10,1,1,0.6815479425677624,test,A,random_forest,0.0
2022-11-10,2022-11-11,1,0,0.4107666719794838,test,A,random_forest,0.0
2022-11-11,2022-11-14,0,0,0.4088436441159207,test,A,random_forest,0.0
2022-11-14,2022-11-15,1,0,0.4144160069837699,test,A,random_forest,0.0
2022-11-15,2022-11-16,0,0,0.3745540592283127,test,A,random_forest,0.0
2022-11-16,2022-11-17,1,0,0.30546932714742364,test,A,random_forest,0.0
2022-11-17,2022-11-18,1,0,0.4210574348010991,test,A,random_forest,0.0
2022-11-18,2022-11-21,0,1,0.5050153279411973,test,A,random_forest,0.0
2022-11-21,2022-11-22,1,0,0.3467343245845784,test,A,random_forest,0.0
2022-11-22,2022-11-23,1,0,0.3470596512425726,test,A,random_forest,0.0
2022-11-23,2022-11-25,0,0,0.316353678755347,test,A,random_forest,0.0
2022-11-25,2022-11-28,0,0,0.2330820088168375,test,A,random_forest,0.0
2022-11-28,2022-11-29,0,1,0.5679877526061949,test,A,random_forest,0.0
2022-11-29,2022-11-30,1,1,0.563467589355794,test,A,random_forest,0.0
2022-11-30,2022-12-01,1,0,0.38270833870784665,test,A,random_forest,0.0
2022-12-01,2022-12-02,0,0,0.3701489167949877,test,A,random_forest,0.0
2022-12-02,2022-12-05,0,0,0.37600877316032544,test,A,random_forest,0.0
2022-12-05,2022-12-06,0,0,0.38434852027535577,test,A,random_forest,0.0
2022-12-06,2022-12-07,0,0,0.4353159570334192,test,A,random_forest,0.0
2022-12-07,2022-12-08,1,1,0.5785969868350893,test,A,random_forest,0.0
2022-12-08,2022-12-09,0,1,0.5897594843685202,test,A,random_forest,0.0
2022-12-09,2022-12-12,1,0,0.4934149657758965,test,A,random_forest,0.0
2022-12-12,2022-12-13,1,0,0.4300315285673583,test,A,random_forest,0.0
2022-12-13,2022-12-14,0,0,0.4401066901570578,test,A,random_forest,0.0
2022-12-14,2022-12-15,0,0,0.415664991282575,test,A,random_forest,0.0
2022-12-15,2022-12-16,0,1,0.7641133187347205,test,A,random_forest,0.0
2022-12-16,2022-12-19,0,1,0.8144687976627396,test,A,random_forest,0.0
2022-12-19,2022-12-20,0,1,0.7897131303246464,test,A,random_forest,0.0
2022-12-20,2022-12-21,1,1,0.6797828051759081,test,A,random_forest,0.0
2022-12-21,2022-12-22,0,1,0.5171842559045478,test,A,random_forest,0.0
2022-12-22,2022-12-23,0,1,0.6419397544678631,test,A,random_forest,0.0
2022-12-23,2022-12-27,0,1,0.6779520619641239,test,A,random_forest,0.0
2022-12-27,2022-12-28,0,1,0.7748165006019426,test,A,random_forest,0.0
2022-12-28,2022-12-29,1,1,0.7128866278107806,test,A,random_forest,0.0
2022-12-29,2022-12-30,1,1,0.6905207377667579,test,A,random_forest,0.0
2022-10-03,2022-10-04,1,1,0.6337303431812852,test,A,random_forest,1.0
2022-10-04,2022-10-05,1,1,0.5480630079109347,test,A,random_forest,1.0
2022-10-05,2022-10-06,0,1,0.6419580940267366,test,A,random_forest,1.0
2022-10-06,2022-10-07,0,0,0.45787007257488077,test,A,random_forest,1.0
2022-10-07,2022-10-10,1,1,0.6706545467898369,test,A,random_forest,1.0
2022-10-10,2022-10-11,0,1,0.6719355333749494,test,A,random_forest,1.0
2022-10-11,2022-10-12,0,1,0.7527177572828893,test,A,random_forest,1.0
2022-10-12,2022-10-13,1,1,0.6364894515209208,test,A,random_forest,1.0
2022-10-13,2022-10-14,0,0,0.4427298832050342,test,A,random_forest,1.0
2022-10-14,2022-10-17,1,1,0.5835058066635703,test,A,random_forest,1.0
2022-10-17,2022-10-18,1,1,0.5343351643465301,test,A,random_forest,1.0
2022-10-18,2022-10-19,1,1,0.5275975492818374,test,A,random_forest,1.0
2022-10-19,2022-10-20,0,1,0.527272395243634,test,A,random_forest,1.0
2022-10-20,2022-10-21,1,0,0.4402217032751008,test,A,random_forest,1.0
2022-10-21,2022-10-24,1,0,0.3508841346980109,test,A,random_forest,1.0
2022-10-24,2022-10-25,1,1,0.5518667060861623,test,A,random_forest,1.0
2022-10-25,2022-10-26,0,1,0.5551640933044439,test,A,random_forest,1.0
2022-10-26,2022-10-27,0,0,0.31156115566003856,test,A,random_forest,1.0
2022-10-27,2022-10-28,1,0,0.34746396095244675,test,A,random_forest,1.0
2022-10-28,2022-10-31,0,0,0.3764444127929644,test,A,random_forest,1.0
2022-10-31,2022-11-01,0,0,0.3049852150161549,test,A,random_forest,1.0
2022-11-01,2022-11-02,0,0,0.37282328454541064,test,A,random_forest,1.0
2022-11-02,2022-11-03,0,0,0.4646892834627829,test,A,random_forest,1.0
2022-11-03,2022-11-04,0,0,0.47837825934953543,test,A,random_forest,1.0
2022-11-04,2022-11-07,1,1,0.5414822022636082,test,A,random_forest,1.0
2022-11-07,2022-11-08,1,1,0.5986091649130052,test,A,random_forest,1.0
2022-11-08,2022-11-09,0,1,0.6385598931471492,test,A,random_forest,1.0
2022-11-09,2022-11-10,1,1,0.6873861716433043,test,A,random_forest,1.0
2022-11-10,2022-11-11,1,0,0.3848732062457583,test,A,random_forest,1.0
2022-11-11,2022-11-14,0,0,0.4312491137368509,test,A,random_forest,1.0
2022-11-14,2022-11-15,1,0,0.4078914307773216,test,A,random_forest,1.0
2022-11-15,2022-11-16,0,0,0.3578878923588385,test,A,random_forest,1.0
2022-11-16,2022-11-17,1,0,0.27231781431883173,test,A,random_forest,1.0
2022-11-17,2022-11-18,1,0,0.37146627019332074,test,A,random_forest,1.0
2022-11-18,2022-11-21,0,0,0.4938851825804766,test,A,random_forest,1.0
2022-11-21,2022-11-22,1,0,0.3121939394907358,test,A,random_forest,1.0
2022-11-22,2022-11-23,1,0,0.3333663289791697,test,A,random_forest,1.0
2022-11-23,2022-11-25,0,0,0.30008411092193665,test,A,random_forest,1.0
2022-11-25,2022-11-28,0,0,0.24276125198295928,test,A,random_forest,1.0
2022-11-28,2022-11-29,0,1,0.5808225807289217,test,A,random_forest,1.0
2022-11-29,2022-11-30,1,1,0.5549237145738459,test,A,random_forest,1.0
2022-11-30,2022-12-01,1,0,0.36749109862729246,test,A,random_forest,1.0
2022-12-01,2022-12-02,0,0,0.3906057045142335,test,A,random_forest,1.0
2022-12-02,2022-12-05,0,0,0.38138044778712765,test,A,random_forest,1.0
2022-12-05,2022-12-06,0,0,0.33691363889236653,test,A,random_forest,1.0
2022-12-06,2022-12-07,0,0,0.4173546323542049,test,A,random_forest,1.0
2022-12-07,2022-12-08,1,1,0.5870310040067563,test,A,random_forest,1.0
2022-12-08,2022-12-09,0,1,0.595255463159186,test,A,random_forest,1.0
2022-12-09,2022-12-12,1,0,0.49647657333879835,test,A,random_forest,1.0
2022-12-12,2022-12-13,1,0,0.40601492960215796,test,A,random_forest,1.0
2022-12-13,2022-12-14,0,0,0.4230617755853535,test,A,random_forest,1.0
2022-12-14,2022-12-15,0,0,0.3672864795265734,test,A,random_forest,1.0
2022-12-15,2022-12-16,0,1,0.7038718066292643,test,A,random_forest,1.0
2022-12-16,2022-12-19,0,1,0.7690257078124615,test,A,random_forest,1.0
2022-12-19,2022-12-20,0,1,0.7729493727515102,test,A,random_forest,1.0
2022-12-20,2022-12-21,1,1,0.6725806770079177,test,A,random_forest,1.0
2022-12-21,2022-12-22,0,1,0.5219721729770808,test,A,random_forest,1.0
2022-12-22,2022-12-23,0,1,0.6212791380336873,test,A,random_forest,1.0
2022-12-23,2022-12-27,0,1,0.6546744455915328,test,A,random_forest,1.0
2022-12-27,2022-12-28,0,1,0.78237149457878,test,A,random_forest,1.0
2022-12-28,2022-12-29,1,1,0.7095816522800007,test,A,random_forest,1.0
2022-12-29,2022-12-30,1,1,0.7085199413684865,test,A,random_forest,1.0
2022-10-03,2022-10-04,1,1,0.6545595648254624,test,A,random_forest,2.0
2022-10-04,2022-10-05,1,1,0.5304653498415387,test,A,random_forest,2.0
2022-10-05,2022-10-06,0,1,0.6187764831015993,test,A,random_forest,2.0
2022-10-06,2022-10-07,0,0,0.47163707606870586,test,A,random_forest,2.0
2022-10-07,2022-10-10,1,1,0.7195574512532779,test,A,random_forest,2.0
2022-10-10,2022-10-11,0,1,0.6997755202635632,test,A,random_forest,2.0
2022-10-11,2022-10-12,0,1,0.7609884929393256,test,A,random_forest,2.0
2022-10-12,2022-10-13,1,1,0.6784261030897476,test,A,random_forest,2.0
2022-10-13,2022-10-14,0,0,0.4418268288878768,test,A,random_forest,2.0
2022-10-14,2022-10-17,1,1,0.5855397793787116,test,A,random_forest,2.0
2022-10-17,2022-10-18,1,1,0.5302527952998642,test,A,random_forest,2.0
2022-10-18,2022-10-19,1,1,0.5273451420191897,test,A,random_forest,2.0
2022-10-19,2022-10-20,0,1,0.510376871552422,test,A,random_forest,2.0
2022-10-20,2022-10-21,1,0,0.4503172565348316,test,A,random_forest,2.0
2022-10-21,2022-10-24,1,0,0.39641936935565947,test,A,random_forest,2.0
2022-10-24,2022-10-25,1,1,0.5728295215711161,test,A,random_forest,2.0
2022-10-25,2022-10-26,0,1,0.5514105403876166,test,A,random_forest,2.0
2022-10-26,2022-10-27,0,0,0.37240471711592765,test,A,random_forest,2.0
2022-10-27,2022-10-28,1,0,0.4074573873732112,test,A,random_forest,2.0
2022-10-28,2022-10-31,0,0,0.45872482579241336,test,A,random_forest,2.0
2022-10-31,2022-11-01,0,0,0.33677400646292044,test,A,random_forest,2.0
2022-11-01,2022-11-02,0,0,0.38497001241697576,test,A,random_forest,2.0
2022-11-02,2022-11-03,0,0,0.4342606497287275,test,A,random_forest,2.0
2022-11-03,2022-11-04,0,0,0.46110534976824064,test,A,random_forest,2.0
2022-11-04,2022-11-07,1,1,0.5380868604580534,test,A,random_forest,2.0
2022-11-07,2022-11-08,1,1,0.589346810143222,test,A,random_forest,2.0
2022-11-08,2022-11-09,0,1,0.6588420189607557,test,A,random_forest,2.0
2022-11-09,2022-11-10,1,1,0.7159147974697062,test,A,random_forest,2.0
2022-11-10,2022-11-11,1,0,0.43605569027962465,test,A,random_forest,2.0
2022-11-11,2022-11-14,0,0,0.44304123778512905,test,A,random_forest,2.0
2022-11-14,2022-11-15,1,0,0.426425175191519,test,A,random_forest,2.0
2022-11-15,2022-11-16,0,0,0.4062175969786874,test,A,random_forest,2.0
2022-11-16,2022-11-17,1,0,0.30790695519993894,test,A,random_forest,2.0
2022-11-17,2022-11-18,1,0,0.4369784857161916,test,A,random_forest,2.0
2022-11-18,2022-11-21,0,1,0.5310235536684489,test,A,random_forest,2.0
2022-11-21,2022-11-22,1,0,0.3059878025685072,test,A,random_forest,2.0
2022-11-22,2022-11-23,1,0,0.3189874720452726,test,A,random_forest,2.0
2022-11-23,2022-11-25,0,0,0.3229107860845962,test,A,random_forest,2.0
2022-11-25,2022-11-28,0,0,0.23419112108397874,test,A,random_forest,2.0
2022-11-28,2022-11-29,0,1,0.5785458640062101,test,A,random_forest,2.0
2022-11-29,2022-11-30,1,1,0.534776223130902,test,A,random_forest,2.0
2022-11-30,2022-12-01,1,0,0.4113281451074369,test,A,random_forest,2.0
2022-12-01,2022-12-02,0,0,0.4055309434539988,test,A,random_forest,2.0
2022-12-02,2022-12-05,0,0,0.40651663910953956,test,A,random_forest,2.0
2022-12-05,2022-12-06,0,0,0.384162728950001,test,A,random_forest,2.0
2022-12-06,2022-12-07,0,0,0.4622230325514994,test,A,random_forest,2.0
2022-12-07,2022-12-08,1,1,0.5819939682944328,test,A,random_forest,2.0
2022-12-08,2022-12-09,0,1,0.6068811189545591,test,A,random_forest,2.0
2022-12-09,2022-12-12,1,0,0.44477833711742354,test,A,random_forest,2.0
2022-12-12,2022-12-13,1,0,0.3830270611091581,test,A,random_forest,2.0
2022-12-13,2022-12-14,0,0,0.4599523576048487,test,A,random_forest,2.0
2022-12-14,2022-12-15,0,0,0.3610836177751523,test,A,random_forest,2.0
2022-12-15,2022-12-16,0,1,0.7363682450769683,test,A,random_forest,2.0
2022-12-16,2022-12-19,0,1,0.8032851549579221,test,A,random_forest,2.0
2022-12-19,2022-12-20,0,1,0.7804614626816746,test,A,random_forest,2.0
2022-12-20,2022-12-21,1,1,0.6718999076882456,test,A,random_forest,2.0
2022-12-21,2022-12-22,0,0,0.4764622558150642,test,A,random_forest,2.0
2022-12-22,2022-12-23,0,1,0.6349574197473435,test,A,random_forest,2.0
2022-12-23,2022-12-27,0,1,0.6451927600407433,test,A,random_forest,2.0
2022-12-27,2022-12-28,0,1,0.7429673696087475,test,A,random_forest,2.0
2022-12-28,2022-12-29,1,1,0.7245075577597392,test,A,random_forest,2.0
2022-12-29,2022-12-30,1,1,0.6951747605559842,test,A,random_forest,2.0
2022-07-01,2022-07-05,1,0,0.3510885219933649,validation,B,logistic_regression,42.0
2022-07-05,2022-07-06,1,0,0.3052477095163287,validation,B,logistic_regression,42.0
2022-07-06,2022-07-07,1,0,0.4750466637760201,validation,B,logistic_regression,42.0
2022-07-07,2022-07-08,1,0,0.4213563209463773,validation,B,logistic_regression,42.0
2022-07-08,2022-07-11,0,1,0.5953368943130428,validation,B,logistic_regression,42.0
2022-07-11,2022-07-12,1,1,0.5349235666355625,validation,B,logistic_regression,42.0
2022-07-12,2022-07-13,0,0,0.49163689189428345,validation,B,logistic_regression,42.0
2022-07-13,2022-07-14,1,0,0.2981741319769326,validation,B,logistic_regression,42.0
2022-07-14,2022-07-15,1,0,0.3166314457692942,validation,B,logistic_regression,42.0
2022-07-15,2022-07-18,0,0,0.2754047123595828,validation,B,logistic_regression,42.0
2022-07-18,2022-07-19,1,0,0.2921651547597262,validation,B,logistic_regression,42.0
2022-07-19,2022-07-20,1,0,0.2581246439265409,validation,B,logistic_regression,42.0
2022-07-20,2022-07-21,1,0,0.2483750837263259,validation,B,logistic_regression,42.0
2022-07-21,2022-07-22,0,0,0.2671527274532325,validation,B,logistic_regression,42.0
2022-07-22,2022-07-25,0,0,0.3115001772228392,validation,B,logistic_regression,42.0
2022-07-25,2022-07-26,0,0,0.2765005474895366,validation,B,logistic_regression,42.0
2022-07-26,2022-07-27,1,0,0.33282059719836593,validation,B,logistic_regression,42.0
2022-07-27,2022-07-28,1,0,0.23247990271796162,validation,B,logistic_regression,42.0
2022-07-28,2022-07-29,1,0,0.3247320440177688,validation,B,logistic_regression,42.0
2022-07-29,2022-08-01,0,0,0.3275183293590643,validation,B,logistic_regression,42.0
2022-08-01,2022-08-02,0,0,0.2204457273142478,validation,B,logistic_regression,42.0
2022-08-02,2022-08-03,1,0,0.24446316078702907,validation,B,logistic_regression,42.0
2022-08-03,2022-08-04,0,0,0.2788789186422992,validation,B,logistic_regression,42.0
2022-08-04,2022-08-05,0,0,0.2755177847199565,validation,B,logistic_regression,42.0
2022-08-05,2022-08-08,0,0,0.28598845740413975,validation,B,logistic_regression,42.0
2022-08-08,2022-08-09,1,0,0.2507547608510118,validation,B,logistic_regression,42.0
2022-08-09,2022-08-10,1,0,0.24836522958079058,validation,B,logistic_regression,42.0
2022-08-10,2022-08-11,0,0,0.32111646166296165,validation,B,logistic_regression,42.0
2022-08-11,2022-08-12,1,0,0.3229747489950641,validation,B,logistic_regression,42.0
2022-08-12,2022-08-15,1,0,0.35426751712950405,validation,B,logistic_regression,42.0
2022-08-15,2022-08-16,0,0,0.2749288283686884,validation,B,logistic_regression,42.0
2022-08-16,2022-08-17,1,0,0.26987694437750204,validation,B,logistic_regression,42.0
2022-08-17,2022-08-18,0,0,0.399288082247678,validation,B,logistic_regression,42.0
2022-08-18,2022-08-19,0,0,0.3481979150297771,validation,B,logistic_regression,42.0
2022-08-19,2022-08-22,0,0,0.39810940324891836,validation,B,logistic_regression,42.0
2022-08-22,2022-08-23,0,0,0.3804257020641551,validation,B,logistic_regression,42.0
2022-08-23,2022-08-24,1,0,0.27655203528346717,validation,B,logistic_regression,42.0
2022-08-24,2022-08-25,1,0,0.3162137290858758,validation,B,logistic_regression,42.0
2022-08-25,2022-08-26,0,0,0.24547502648649971,validation,B,logistic_regression,42.0
2022-08-26,2022-08-29,0,0,0.4507293197760171,validation,B,logistic_regression,42.0
2022-08-29,2022-08-30,0,0,0.44139038219315774,validation,B,logistic_regression,42.0
2022-08-30,2022-08-31,0,0,0.4458674833594617,validation,B,logistic_regression,42.0
2022-08-31,2022-09-01,1,1,0.5130661408568641,validation,B,logistic_regression,42.0
2022-09-01,2022-09-02,0,0,0.46572129172165544,validation,B,logistic_regression,42.0
2022-09-02,2022-09-06,0,1,0.5539857633627301,validation,B,logistic_regression,42.0
2022-09-06,2022-09-07,1,0,0.49825917152572075,validation,B,logistic_regression,42.0
2022-09-07,2022-09-08,0,1,0.513181753280828,validation,B,logistic_regression,42.0
2022-09-08,2022-09-09,1,1,0.538481178748037,validation,B,logistic_regression,42.0
2022-09-09,2022-09-12,1,0,0.43266464732704185,validation,B,logistic_regression,42.0
2022-09-12,2022-09-13,0,0,0.45531342206873593,validation,B,logistic_regression,42.0
2022-09-13,2022-09-14,1,1,0.5795058503291344,validation,B,logistic_regression,42.0
2022-09-14,2022-09-15,0,0,0.34104989912028766,validation,B,logistic_regression,42.0
2022-09-15,2022-09-16,0,0,0.3879182561240502,validation,B,logistic_regression,42.0
2022-09-16,2022-09-19,1,1,0.6593911333642006,validation,B,logistic_regression,42.0
2022-09-19,2022-09-20,1,0,0.34982048104988267,validation,B,logistic_regression,42.0
2022-09-20,2022-09-21,0,1,0.5844711586058638,validation,B,logistic_regression,42.0
2022-09-21,2022-09-22,0,1,0.6168498021189389,validation,B,logistic_regression,42.0
2022-09-22,2022-09-23,0,1,0.5710377931140062,validation,B,logistic_regression,42.0
2022-09-23,2022-09-26,1,1,0.6590678679777591,validation,B,logistic_regression,42.0
2022-09-26,2022-09-27,1,1,0.6716937302569066,validation,B,logistic_regression,42.0
2022-09-27,2022-09-28,0,0,0.45955928452061134,validation,B,logistic_regression,42.0
2022-09-28,2022-09-29,0,1,0.6868691072668356,validation,B,logistic_regression,42.0
2022-09-29,2022-09-30,0,1,0.6114057458272587,validation,B,logistic_regression,42.0
2022-07-01,2022-07-05,1,1,0.5204282698188447,validation,B,random_forest,0.0
2022-07-05,2022-07-06,1,0,0.3781803870553101,validation,B,random_forest,0.0
2022-07-06,2022-07-07,1,0,0.48434074444863967,validation,B,random_forest,0.0
2022-07-07,2022-07-08,1,0,0.4321262046822003,validation,B,random_forest,0.0
2022-07-08,2022-07-11,0,1,0.6443447580023292,validation,B,random_forest,0.0
2022-07-11,2022-07-12,1,0,0.37895846452670856,validation,B,random_forest,0.0
2022-07-12,2022-07-13,0,0,0.4314968230844873,validation,B,random_forest,0.0
2022-07-13,2022-07-14,1,0,0.30880069824508694,validation,B,random_forest,0.0
2022-07-14,2022-07-15,1,0,0.35786327486211195,validation,B,random_forest,0.0
2022-07-15,2022-07-18,0,0,0.33218471741116906,validation,B,random_forest,0.0
2022-07-18,2022-07-19,1,0,0.24267837158794392,validation,B,random_forest,0.0
2022-07-19,2022-07-20,1,0,0.26960802250077814,validation,B,random_forest,0.0
2022-07-20,2022-07-21,1,0,0.34398645814869044,validation,B,random_forest,0.0
2022-07-21,2022-07-22,0,0,0.418146472057481,validation,B,random_forest,0.0
2022-07-22,2022-07-25,0,0,0.28193081881389337,validation,B,random_forest,0.0
2022-07-25,2022-07-26,0,0,0.27414367185124167,validation,B,random_forest,0.0
2022-07-26,2022-07-27,1,0,0.2906220016462787,validation,B,random_forest,0.0
2022-07-27,2022-07-28,1,0,0.2609867649875836,validation,B,random_forest,0.0
2022-07-28,2022-07-29,1,0,0.3062684551925591,validation,B,random_forest,0.0
2022-07-29,2022-08-01,0,0,0.3906714769198455,validation,B,random_forest,0.0
2022-08-01,2022-08-02,0,0,0.35844726812007754,validation,B,random_forest,0.0
2022-08-02,2022-08-03,1,0,0.33606912844118036,validation,B,random_forest,0.0
2022-08-03,2022-08-04,0,0,0.3376866365459946,validation,B,random_forest,0.0
2022-08-04,2022-08-05,0,0,0.38906977893385714,validation,B,random_forest,0.0
2022-08-05,2022-08-08,0,0,0.4754454425469475,validation,B,random_forest,0.0
2022-08-08,2022-08-09,1,0,0.39726538239481285,validation,B,random_forest,0.0
2022-08-09,2022-08-10,1,0,0.34358396342503994,validation,B,random_forest,0.0
2022-08-10,2022-08-11,0,0,0.32628648522942105,validation,B,random_forest,0.0
2022-08-11,2022-08-12,1,0,0.4245901953388171,validation,B,random_forest,0.0
2022-08-12,2022-08-15,1,0,0.3817757730846115,validation,B,random_forest,0.0
2022-08-15,2022-08-16,0,0,0.30654908679944404,validation,B,random_forest,0.0
2022-08-16,2022-08-17,1,0,0.30495184130104375,validation,B,random_forest,0.0
2022-08-17,2022-08-18,0,0,0.3110855366257893,validation,B,random_forest,0.0
2022-08-18,2022-08-19,0,0,0.2984268004984278,validation,B,random_forest,0.0
2022-08-19,2022-08-22,0,0,0.29111207846927606,validation,B,random_forest,0.0
2022-08-22,2022-08-23,0,0,0.398864611192725,validation,B,random_forest,0.0
2022-08-23,2022-08-24,1,0,0.47237808550993887,validation,B,random_forest,0.0
2022-08-24,2022-08-25,1,0,0.4102409321502718,validation,B,random_forest,0.0
2022-08-25,2022-08-26,0,0,0.26709127848960745,validation,B,random_forest,0.0
2022-08-26,2022-08-29,0,0,0.4543176194457857,validation,B,random_forest,0.0
2022-08-29,2022-08-30,0,1,0.5059323730814858,validation,B,random_forest,0.0
2022-08-30,2022-08-31,0,1,0.5671000227963652,validation,B,random_forest,0.0
2022-08-31,2022-09-01,1,1,0.5763057011763254,validation,B,random_forest,0.0
2022-09-01,2022-09-02,0,1,0.5872637999088048,validation,B,random_forest,0.0
2022-09-02,2022-09-06,0,0,0.4969596198435489,validation,B,random_forest,0.0
2022-09-06,2022-09-07,1,1,0.5026080272730014,validation,B,random_forest,0.0
2022-09-07,2022-09-08,0,0,0.41028416137622153,validation,B,random_forest,0.0
2022-09-08,2022-09-09,1,0,0.4810389246945086,validation,B,random_forest,0.0
2022-09-09,2022-09-12,1,0,0.3778602895905956,validation,B,random_forest,0.0
2022-09-12,2022-09-13,0,0,0.4412949352196239,validation,B,random_forest,0.0
2022-09-13,2022-09-14,1,1,0.6969184779659411,validation,B,random_forest,0.0
2022-09-14,2022-09-15,0,1,0.627510753944711,validation,B,random_forest,0.0
2022-09-15,2022-09-16,0,1,0.6304888443775883,validation,B,random_forest,0.0
2022-09-16,2022-09-19,1,1,0.6751593747748872,validation,B,random_forest,0.0
2022-09-19,2022-09-20,1,0,0.46503492786739326,validation,B,random_forest,0.0
2022-09-20,2022-09-21,0,0,0.47830890168686485,validation,B,random_forest,0.0
2022-09-21,2022-09-22,0,1,0.5699620757494802,validation,B,random_forest,0.0
2022-09-22,2022-09-23,0,1,0.6112096598284698,validation,B,random_forest,0.0
2022-09-23,2022-09-26,1,1,0.6417352971894045,validation,B,random_forest,0.0
2022-09-26,2022-09-27,1,1,0.7764533333690034,validation,B,random_forest,0.0
2022-09-27,2022-09-28,0,1,0.6101887889653932,validation,B,random_forest,0.0
2022-09-28,2022-09-29,0,1,0.5649148995527414,validation,B,random_forest,0.0
2022-09-29,2022-09-30,0,1,0.6382005898613168,validation,B,random_forest,0.0
2022-07-01,2022-07-05,1,1,0.5064854173387944,validation,B,random_forest,1.0
2022-07-05,2022-07-06,1,0,0.3466174225070977,validation,B,random_forest,1.0
2022-07-06,2022-07-07,1,0,0.46843107766435726,validation,B,random_forest,1.0
2022-07-07,2022-07-08,1,0,0.43401949648750315,validation,B,random_forest,1.0
2022-07-08,2022-07-11,0,1,0.6844084540107958,validation,B,random_forest,1.0
2022-07-11,2022-07-12,1,0,0.3651891037395799,validation,B,random_forest,1.0
2022-07-12,2022-07-13,0,0,0.38952991676486404,validation,B,random_forest,1.0
2022-07-13,2022-07-14,1,0,0.23219159731821748,validation,B,random_forest,1.0
2022-07-14,2022-07-15,1,0,0.2929249275241699,validation,B,random_forest,1.0
2022-07-15,2022-07-18,0,0,0.27583649415935063,validation,B,random_forest,1.0
2022-07-18,2022-07-19,1,0,0.1928195611822194,validation,B,random_forest,1.0
2022-07-19,2022-07-20,1,0,0.20882591808166118,validation,B,random_forest,1.0
2022-07-20,2022-07-21,1,0,0.2834544075564378,validation,B,random_forest,1.0
2022-07-21,2022-07-22,0,0,0.35735979481033786,validation,B,random_forest,1.0
2022-07-22,2022-07-25,0,0,0.23225505054588988,validation,B,random_forest,1.0
2022-07-25,2022-07-26,0,0,0.22444557542852175,validation,B,random_forest,1.0
2022-07-26,2022-07-27,1,0,0.2756942691211755,validation,B,random_forest,1.0
2022-07-27,2022-07-28,1,0,0.18508879811333592,validation,B,random_forest,1.0
2022-07-28,2022-07-29,1,0,0.22452398385239353,validation,B,random_forest,1.0
2022-07-29,2022-08-01,0,0,0.36761000720961584,validation,B,random_forest,1.0
2022-08-01,2022-08-02,0,0,0.28536621425054864,validation,B,random_forest,1.0
2022-08-02,2022-08-03,1,0,0.28114073124255784,validation,B,random_forest,1.0
2022-08-03,2022-08-04,0,0,0.2922854083767153,validation,B,random_forest,1.0
2022-08-04,2022-08-05,0,0,0.33504335878997493,validation,B,random_forest,1.0
2022-08-05,2022-08-08,0,0,0.41184109197813334,validation,B,random_forest,1.0
2022-08-08,2022-08-09,1,0,0.31126331522688216,validation,B,random_forest,1.0
2022-08-09,2022-08-10,1,0,0.28826441541837583,validation,B,random_forest,1.0
2022-08-10,2022-08-11,0,0,0.2619210468462201,validation,B,random_forest,1.0
2022-08-11,2022-08-12,1,0,0.3647895865591084,validation,B,random_forest,1.0
2022-08-12,2022-08-15,1,0,0.33286620749094686,validation,B,random_forest,1.0
2022-08-15,2022-08-16,0,0,0.24546944623016004,validation,B,random_forest,1.0
2022-08-16,2022-08-17,1,0,0.26548968714627913,validation,B,random_forest,1.0
2022-08-17,2022-08-18,0,0,0.2935993141358038,validation,B,random_forest,1.0
2022-08-18,2022-08-19,0,0,0.26967007561316525,validation,B,random_forest,1.0
2022-08-19,2022-08-22,0,0,0.2675218953902667,validation,B,random_forest,1.0
2022-08-22,2022-08-23,0,0,0.3681621543014019,validation,B,random_forest,1.0
2022-08-23,2022-08-24,1,0,0.4686687393273675,validation,B,random_forest,1.0
2022-08-24,2022-08-25,1,0,0.42552440854057444,validation,B,random_forest,1.0
2022-08-25,2022-08-26,0,0,0.2621570270547376,validation,B,random_forest,1.0
2022-08-26,2022-08-29,0,0,0.4488977390444211,validation,B,random_forest,1.0
2022-08-29,2022-08-30,0,1,0.5299799307607105,validation,B,random_forest,1.0
2022-08-30,2022-08-31,0,1,0.6000217188115601,validation,B,random_forest,1.0
2022-08-31,2022-09-01,1,1,0.5557352013851374,validation,B,random_forest,1.0
2022-09-01,2022-09-02,0,1,0.5723686139868415,validation,B,random_forest,1.0
2022-09-02,2022-09-06,0,0,0.4746249685771745,validation,B,random_forest,1.0
2022-09-06,2022-09-07,1,0,0.4841401470367531,validation,B,random_forest,1.0
2022-09-07,2022-09-08,0,0,0.3801397076940839,validation,B,random_forest,1.0
2022-09-08,2022-09-09,1,0,0.4623463384444689,validation,B,random_forest,1.0
2022-09-09,2022-09-12,1,0,0.3218655771648039,validation,B,random_forest,1.0
2022-09-12,2022-09-13,0,0,0.44291563673966833,validation,B,random_forest,1.0
2022-09-13,2022-09-14,1,1,0.6575479064783178,validation,B,random_forest,1.0
2022-09-14,2022-09-15,0,1,0.5579113913095015,validation,B,random_forest,1.0
2022-09-15,2022-09-16,0,1,0.5916777402067531,validation,B,random_forest,1.0
2022-09-16,2022-09-19,1,1,0.6833827241918691,validation,B,random_forest,1.0
2022-09-19,2022-09-20,1,0,0.4795969937613226,validation,B,random_forest,1.0
2022-09-20,2022-09-21,0,0,0.49020133201917576,validation,B,random_forest,1.0
2022-09-21,2022-09-22,0,1,0.5365683936959982,validation,B,random_forest,1.0
2022-09-22,2022-09-23,0,1,0.5542608928686995,validation,B,random_forest,1.0
2022-09-23,2022-09-26,1,1,0.6261512219884393,validation,B,random_forest,1.0
2022-09-26,2022-09-27,1,1,0.7752043878703735,validation,B,random_forest,1.0
2022-09-27,2022-09-28,0,1,0.6058734058736834,validation,B,random_forest,1.0
2022-09-28,2022-09-29,0,1,0.5703467211798581,validation,B,random_forest,1.0
2022-09-29,2022-09-30,0,1,0.6009182063711521,validation,B,random_forest,1.0
2022-07-01,2022-07-05,1,1,0.526669113398829,validation,B,random_forest,2.0
2022-07-05,2022-07-06,1,0,0.40051963599575746,validation,B,random_forest,2.0
2022-07-06,2022-07-07,1,1,0.5023366537782136,validation,B,random_forest,2.0
2022-07-07,2022-07-08,1,0,0.4437806855391094,validation,B,random_forest,2.0
2022-07-08,2022-07-11,0,1,0.6304172706195144,validation,B,random_forest,2.0
2022-07-11,2022-07-12,1,0,0.3672048767245355,validation,B,random_forest,2.0
2022-07-12,2022-07-13,0,0,0.39419320738161173,validation,B,random_forest,2.0
2022-07-13,2022-07-14,1,0,0.28576166474603387,validation,B,random_forest,2.0
2022-07-14,2022-07-15,1,0,0.3238559305225826,validation,B,random_forest,2.0
2022-07-15,2022-07-18,0,0,0.31696834800423573,validation,B,random_forest,2.0
2022-07-18,2022-07-19,1,0,0.24158314427033314,validation,B,random_forest,2.0
2022-07-19,2022-07-20,1,0,0.25777595994346053,validation,B,random_forest,2.0
2022-07-20,2022-07-21,1,0,0.3246996602972822,validation,B,random_forest,2.0
2022-07-21,2022-07-22,0,0,0.41712389240481607,validation,B,random_forest,2.0
2022-07-22,2022-07-25,0,0,0.2714322128395727,validation,B,random_forest,2.0
2022-07-25,2022-07-26,0,0,0.24512084360452738,validation,B,random_forest,2.0
2022-07-26,2022-07-27,1,0,0.304929868476667,validation,B,random_forest,2.0
2022-07-27,2022-07-28,1,0,0.23339475154001163,validation,B,random_forest,2.0
2022-07-28,2022-07-29,1,0,0.2534225879698088,validation,B,random_forest,2.0
2022-07-29,2022-08-01,0,0,0.3684872732082116,validation,B,random_forest,2.0
2022-08-01,2022-08-02,0,0,0.32278180400764506,validation,B,random_forest,2.0
2022-08-02,2022-08-03,1,0,0.31254936097903857,validation,B,random_forest,2.0
2022-08-03,2022-08-04,0,0,0.31016463597365346,validation,B,random_forest,2.0
2022-08-04,2022-08-05,0,0,0.3483471240101648,validation,B,random_forest,2.0
2022-08-05,2022-08-08,0,0,0.44105412963720897,validation,B,random_forest,2.0
2022-08-08,2022-08-09,1,0,0.35461134403460565,validation,B,random_forest,2.0
2022-08-09,2022-08-10,1,0,0.30972013405430593,validation,B,random_forest,2.0
2022-08-10,2022-08-11,0,0,0.27213688610204007,validation,B,random_forest,2.0
2022-08-11,2022-08-12,1,0,0.3978454005292393,validation,B,random_forest,2.0
2022-08-12,2022-08-15,1,0,0.36683725216156254,validation,B,random_forest,2.0
2022-08-15,2022-08-16,0,0,0.2675153350729319,validation,B,random_forest,2.0
2022-08-16,2022-08-17,1,0,0.2652526714018688,validation,B,random_forest,2.0
2022-08-17,2022-08-18,0,0,0.2978614780170418,validation,B,random_forest,2.0
2022-08-18,2022-08-19,0,0,0.28725650611938747,validation,B,random_forest,2.0
2022-08-19,2022-08-22,0,0,0.26633654796426875,validation,B,random_forest,2.0
2022-08-22,2022-08-23,0,0,0.4210447695085246,validation,B,random_forest,2.0
2022-08-23,2022-08-24,1,0,0.47177110692823876,validation,B,random_forest,2.0
2022-08-24,2022-08-25,1,0,0.421822926301183,validation,B,random_forest,2.0
2022-08-25,2022-08-26,0,0,0.2603248116682384,validation,B,random_forest,2.0
2022-08-26,2022-08-29,0,0,0.4465873232925893,validation,B,random_forest,2.0
2022-08-29,2022-08-30,0,1,0.500449985338767,validation,B,random_forest,2.0
2022-08-30,2022-08-31,0,1,0.5678139217074399,validation,B,random_forest,2.0
2022-08-31,2022-09-01,1,1,0.573957047787507,validation,B,random_forest,2.0
2022-09-01,2022-09-02,0,1,0.5836618995176298,validation,B,random_forest,2.0
2022-09-02,2022-09-06,0,1,0.5414054602997739,validation,B,random_forest,2.0
2022-09-06,2022-09-07,1,1,0.513639037394287,validation,B,random_forest,2.0
2022-09-07,2022-09-08,0,0,0.40911573049819583,validation,B,random_forest,2.0
2022-09-08,2022-09-09,1,0,0.4828211751439479,validation,B,random_forest,2.0
2022-09-09,2022-09-12,1,0,0.35886578401989105,validation,B,random_forest,2.0
2022-09-12,2022-09-13,0,0,0.42437386819845724,validation,B,random_forest,2.0
2022-09-13,2022-09-14,1,1,0.6539031490679617,validation,B,random_forest,2.0
2022-09-14,2022-09-15,0,1,0.5847973597003062,validation,B,random_forest,2.0
2022-09-15,2022-09-16,0,1,0.5533655970190109,validation,B,random_forest,2.0
2022-09-16,2022-09-19,1,1,0.6536735679783627,validation,B,random_forest,2.0
2022-09-19,2022-09-20,1,0,0.46908503254348444,validation,B,random_forest,2.0
2022-09-20,2022-09-21,0,0,0.46529149737216613,validation,B,random_forest,2.0
2022-09-21,2022-09-22,0,1,0.5385362489716754,validation,B,random_forest,2.0
2022-09-22,2022-09-23,0,1,0.5568710905604802,validation,B,random_forest,2.0
2022-09-23,2022-09-26,1,1,0.5981115123152071,validation,B,random_forest,2.0
2022-09-26,2022-09-27,1,1,0.7660852632776345,validation,B,random_forest,2.0
2022-09-27,2022-09-28,0,1,0.5983872790907291,validation,B,random_forest,2.0
2022-09-28,2022-09-29,0,1,0.5550858647140628,validation,B,random_forest,2.0
2022-09-29,2022-09-30,0,1,0.6292561708246754,validation,B,random_forest,2.0
2022-10-03,2022-10-04,1,0,0.4352972907658738,test,B,logistic_regression,42.0
2022-10-04,2022-10-05,1,0,0.40203988710651617,test,B,logistic_regression,42.0
2022-10-05,2022-10-06,0,0,0.36398244416266684,test,B,logistic_regression,42.0
2022-10-06,2022-10-07,0,0,0.4690860032152991,test,B,logistic_regression,42.0
2022-10-07,2022-10-10,1,1,0.562012661433366,test,B,logistic_regression,42.0
2022-10-10,2022-10-11,0,1,0.5508175912624893,test,B,logistic_regression,42.0
2022-10-11,2022-10-12,0,1,0.5832172266900477,test,B,logistic_regression,42.0
2022-10-12,2022-10-13,1,1,0.5652889738871519,test,B,logistic_regression,42.0
2022-10-13,2022-10-14,0,0,0.3419936363240005,test,B,logistic_regression,42.0
2022-10-14,2022-10-17,1,0,0.384702356415794,test,B,logistic_regression,42.0
2022-10-17,2022-10-18,1,0,0.35385840032214444,test,B,logistic_regression,42.0
2022-10-18,2022-10-19,1,0,0.47350368064747683,test,B,logistic_regression,42.0
2022-10-19,2022-10-20,0,0,0.39669757580144704,test,B,logistic_regression,42.0
2022-10-20,2022-10-21,1,0,0.4515958875793694,test,B,logistic_regression,42.0
2022-10-21,2022-10-24,1,0,0.4442311857138968,test,B,logistic_regression,42.0
2022-10-24,2022-10-25,1,0,0.4848424420125328,test,B,logistic_regression,42.0
2022-10-25,2022-10-26,0,0,0.45426290439856487,test,B,logistic_regression,42.0
2022-10-26,2022-10-27,0,0,0.4968967587056088,test,B,logistic_regression,42.0
2022-10-27,2022-10-28,1,1,0.5158475026219286,test,B,logistic_regression,42.0
2022-10-28,2022-10-31,0,0,0.3257167832483037,test,B,logistic_regression,42.0
2022-10-31,2022-11-01,0,0,0.3538646793278355,test,B,logistic_regression,42.0
2022-11-01,2022-11-02,0,0,0.312045527931267,test,B,logistic_regression,42.0
2022-11-02,2022-11-03,0,0,0.40545638416920043,test,B,logistic_regression,42.0
2022-11-03,2022-11-04,0,0,0.47300550380520645,test,B,logistic_regression,42.0
2022-11-04,2022-11-07,1,1,0.8126519249291124,test,B,logistic_regression,42.0
2022-11-07,2022-11-08,1,1,0.6889121142478821,test,B,logistic_regression,42.0
2022-11-08,2022-11-09,0,1,0.6928269346484138,test,B,logistic_regression,42.0
2022-11-09,2022-11-10,1,1,0.7036790501754274,test,B,logistic_regression,42.0
2022-11-10,2022-11-11,1,0,0.4895992530960381,test,B,logistic_regression,42.0
2022-11-11,2022-11-14,0,1,0.5748036061679944,test,B,logistic_regression,42.0
2022-11-14,2022-11-15,1,1,0.5415934680977191,test,B,logistic_regression,42.0
2022-11-15,2022-11-16,0,1,0.5098379046354292,test,B,logistic_regression,42.0
2022-11-16,2022-11-17,1,0,0.4453830668532095,test,B,logistic_regression,42.0
2022-11-17,2022-11-18,1,1,0.609323179391629,test,B,logistic_regression,42.0
2022-11-18,2022-11-21,0,1,0.6554503289872846,test,B,logistic_regression,42.0
2022-11-21,2022-11-22,1,1,0.6427673995612073,test,B,logistic_regression,42.0
2022-11-22,2022-11-23,1,1,0.578416468108427,test,B,logistic_regression,42.0
2022-11-23,2022-11-25,0,1,0.5045740755924895,test,B,logistic_regression,42.0
2022-11-25,2022-11-28,0,0,0.45970864299632413,test,B,logistic_regression,42.0
2022-11-28,2022-11-29,0,1,0.6184299106433584,test,B,logistic_regression,42.0
2022-11-29,2022-11-30,1,1,0.6482885549160344,test,B,logistic_regression,42.0
2022-11-30,2022-12-01,1,1,0.5606635800252312,test,B,logistic_regression,42.0
2022-12-01,2022-12-02,0,0,0.47042257308075963,test,B,logistic_regression,42.0
2022-12-02,2022-12-05,0,0,0.4290166580842873,test,B,logistic_regression,42.0
2022-12-05,2022-12-06,0,0,0.4784899387436711,test,B,logistic_regression,42.0
2022-12-06,2022-12-07,0,0,0.446929713380036,test,B,logistic_regression,42.0
2022-12-07,2022-12-08,1,1,0.6896396289067513,test,B,logistic_regression,42.0
2022-12-08,2022-12-09,0,1,0.5630452574156425,test,B,logistic_regression,42.0
2022-12-09,2022-12-12,1,1,0.5269471810746951,test,B,logistic_regression,42.0
2022-12-12,2022-12-13,1,0,0.3961906396743673,test,B,logistic_regression,42.0
2022-12-13,2022-12-14,0,0,0.48098130842128484,test,B,logistic_regression,42.0
2022-12-14,2022-12-15,0,1,0.5128620458873492,test,B,logistic_regression,42.0
2022-12-15,2022-12-16,0,1,0.5963941969368072,test,B,logistic_regression,42.0
2022-12-16,2022-12-19,0,1,0.7689206345192526,test,B,logistic_regression,42.0
2022-12-19,2022-12-20,0,1,0.5578778530251248,test,B,logistic_regression,42.0
2022-12-20,2022-12-21,1,0,0.48118065630996404,test,B,logistic_regression,42.0
2022-12-21,2022-12-22,0,0,0.38271751551174316,test,B,logistic_regression,42.0
2022-12-22,2022-12-23,0,1,0.5604219071630292,test,B,logistic_regression,42.0
2022-12-23,2022-12-27,0,0,0.4790635599507491,test,B,logistic_regression,42.0
2022-12-27,2022-12-28,0,1,0.5294987962577374,test,B,logistic_regression,42.0
2022-12-28,2022-12-29,1,1,0.5713806686617746,test,B,logistic_regression,42.0
2022-12-29,2022-12-30,1,0,0.4752096779819435,test,B,logistic_regression,42.0
2022-10-03,2022-10-04,1,1,0.6272666787713111,test,B,random_forest,0.0
2022-10-04,2022-10-05,1,0,0.49187255060091944,test,B,random_forest,0.0
2022-10-05,2022-10-06,0,1,0.6753447587771538,test,B,random_forest,0.0
2022-10-06,2022-10-07,0,1,0.5052167976990869,test,B,random_forest,0.0
2022-10-07,2022-10-10,1,1,0.7252860088362356,test,B,random_forest,0.0
2022-10-10,2022-10-11,0,1,0.684051878082614,test,B,random_forest,0.0
2022-10-11,2022-10-12,0,1,0.7497468491962757,test,B,random_forest,0.0
2022-10-12,2022-10-13,1,1,0.6103352454169787,test,B,random_forest,0.0
2022-10-13,2022-10-14,0,0,0.45394320035108243,test,B,random_forest,0.0
2022-10-14,2022-10-17,1,1,0.6402901047391176,test,B,random_forest,0.0
2022-10-17,2022-10-18,1,0,0.4864236344151454,test,B,random_forest,0.0
2022-10-18,2022-10-19,1,1,0.6208878132096762,test,B,random_forest,0.0
2022-10-19,2022-10-20,0,1,0.5731550971143659,test,B,random_forest,0.0
2022-10-20,2022-10-21,1,1,0.5116441803933803,test,B,random_forest,0.0
2022-10-21,2022-10-24,1,0,0.33496493278835054,test,B,random_forest,0.0
2022-10-24,2022-10-25,1,1,0.5642984969193799,test,B,random_forest,0.0
2022-10-25,2022-10-26,0,0,0.4884223022644783,test,B,random_forest,0.0
2022-10-26,2022-10-27,0,0,0.38998268550816373,test,B,random_forest,0.0
2022-10-27,2022-10-28,1,0,0.4035686603607262,test,B,random_forest,0.0
2022-10-28,2022-10-31,0,0,0.44311666840343067,test,B,random_forest,0.0
2022-10-31,2022-11-01,0,0,0.35810681904410496,test,B,random_forest,0.0
2022-11-01,2022-11-02,0,0,0.3801380118664612,test,B,random_forest,0.0
2022-11-02,2022-11-03,0,0,0.44115391582552044,test,B,random_forest,0.0
2022-11-03,2022-11-04,0,0,0.4730947526348665,test,B,random_forest,0.0
2022-11-04,2022-11-07,1,1,0.5657191564353893,test,B,random_forest,0.0
2022-11-07,2022-11-08,1,1,0.5863336755800094,test,B,random_forest,0.0
2022-11-08,2022-11-09,0,1,0.6310292963618347,test,B,random_forest,0.0
2022-11-09,2022-11-10,1,1,0.6299308172690598,test,B,random_forest,0.0
2022-11-10,2022-11-11,1,0,0.42075202862686994,test,B,random_forest,0.0
2022-11-11,2022-11-14,0,0,0.4590597580105625,test,B,random_forest,0.0
2022-11-14,2022-11-15,1,0,0.45494276651651433,test,B,random_forest,0.0
2022-11-15,2022-11-16,0,0,0.4233031453774879,test,B,random_forest,0.0
2022-11-16,2022-11-17,1,0,0.3518102584032074,test,B,random_forest,0.0
2022-11-17,2022-11-18,1,0,0.4279740831634321,test,B,random_forest,0.0
2022-11-18,2022-11-21,0,1,0.5185819855040467,test,B,random_forest,0.0
2022-11-21,2022-11-22,1,0,0.2973603642623257,test,B,random_forest,0.0
2022-11-22,2022-11-23,1,0,0.34961870762182695,test,B,random_forest,0.0
2022-11-23,2022-11-25,0,0,0.3249200464940218,test,B,random_forest,0.0
2022-11-25,2022-11-28,0,0,0.2420151151865189,test,B,random_forest,0.0
2022-11-28,2022-11-29,0,1,0.5145426688528361,test,B,random_forest,0.0
2022-11-29,2022-11-30,1,1,0.5542166648044932,test,B,random_forest,0.0
2022-11-30,2022-12-01,1,0,0.4053046271181761,test,B,random_forest,0.0
2022-12-01,2022-12-02,0,0,0.4807204593391947,test,B,random_forest,0.0
2022-12-02,2022-12-05,0,0,0.4619006771041516,test,B,random_forest,0.0
2022-12-05,2022-12-06,0,0,0.3985664578013295,test,B,random_forest,0.0
2022-12-06,2022-12-07,0,0,0.41570797808770643,test,B,random_forest,0.0
2022-12-07,2022-12-08,1,1,0.5657040202673466,test,B,random_forest,0.0
2022-12-08,2022-12-09,0,1,0.6060889501095637,test,B,random_forest,0.0
2022-12-09,2022-12-12,1,1,0.5366942205975088,test,B,random_forest,0.0
2022-12-12,2022-12-13,1,0,0.4398105027749029,test,B,random_forest,0.0
2022-12-13,2022-12-14,0,0,0.4326818861268499,test,B,random_forest,0.0
2022-12-14,2022-12-15,0,0,0.4118994798148394,test,B,random_forest,0.0
2022-12-15,2022-12-16,0,1,0.7129733803377114,test,B,random_forest,0.0
2022-12-16,2022-12-19,0,1,0.7745728060834443,test,B,random_forest,0.0
2022-12-19,2022-12-20,0,1,0.7269480182801558,test,B,random_forest,0.0
2022-12-20,2022-12-21,1,1,0.7334118658261279,test,B,random_forest,0.0
2022-12-21,2022-12-22,0,1,0.5086012929324971,test,B,random_forest,0.0
2022-12-22,2022-12-23,0,1,0.6520267839507402,test,B,random_forest,0.0
2022-12-23,2022-12-27,0,1,0.6408020176862979,test,B,random_forest,0.0
2022-12-27,2022-12-28,0,1,0.7401541528877427,test,B,random_forest,0.0
2022-12-28,2022-12-29,1,1,0.6691876644806007,test,B,random_forest,0.0
2022-12-29,2022-12-30,1,1,0.6342196144971002,test,B,random_forest,0.0
2022-10-03,2022-10-04,1,1,0.6331775872165104,test,B,random_forest,1.0
2022-10-04,2022-10-05,1,1,0.5376768750654228,test,B,random_forest,1.0
2022-10-05,2022-10-06,0,1,0.6730525757614977,test,B,random_forest,1.0
2022-10-06,2022-10-07,0,1,0.525818515621754,test,B,random_forest,1.0
2022-10-07,2022-10-10,1,1,0.6868011896706298,test,B,random_forest,1.0
2022-10-10,2022-10-11,0,1,0.6420120220229357,test,B,random_forest,1.0
2022-10-11,2022-10-12,0,1,0.7702475007549207,test,B,random_forest,1.0
2022-10-12,2022-10-13,1,1,0.6403187999373411,test,B,random_forest,1.0
2022-10-13,2022-10-14,0,0,0.42961162860274094,test,B,random_forest,1.0
2022-10-14,2022-10-17,1,1,0.5722149363771512,test,B,random_forest,1.0
2022-10-17,2022-10-18,1,1,0.5029437918362554,test,B,random_forest,1.0
2022-10-18,2022-10-19,1,1,0.5739805886941443,test,B,random_forest,1.0
2022-10-19,2022-10-20,0,1,0.5695822843272745,test,B,random_forest,1.0
2022-10-20,2022-10-21,1,0,0.48794953496339377,test,B,random_forest,1.0
2022-10-21,2022-10-24,1,0,0.3565394884504326,test,B,random_forest,1.0
2022-10-24,2022-10-25,1,1,0.5359095192824782,test,B,random_forest,1.0
2022-10-25,2022-10-26,0,1,0.5069756603437263,test,B,random_forest,1.0
2022-10-26,2022-10-27,0,0,0.3754353870505952,test,B,random_forest,1.0
2022-10-27,2022-10-28,1,0,0.3933993568832717,test,B,random_forest,1.0
2022-10-28,2022-10-31,0,0,0.3783018380578984,test,B,random_forest,1.0
2022-10-31,2022-11-01,0,0,0.3811876035502839,test,B,random_forest,1.0
2022-11-01,2022-11-02,0,0,0.41488614638741517,test,B,random_forest,1.0
2022-11-02,2022-11-03,0,0,0.44602929559458177,test,B,random_forest,1.0
2022-11-03,2022-11-04,0,0,0.45948577771741755,test,B,random_forest,1.0
2022-11-04,2022-11-07,1,1,0.574193472883263,test,B,random_forest,1.0
2022-11-07,2022-11-08,1,1,0.5735223880072458,test,B,random_forest,1.0
2022-11-08,2022-11-09,0,1,0.6169788265362677,test,B,random_forest,1.0
2022-11-09,2022-11-10,1,1,0.6317198792341614,test,B,random_forest,1.0
2022-11-10,2022-11-11,1,0,0.39556554309286973,test,B,random_forest,1.0
2022-11-11,2022-11-14,0,0,0.47302151173618623,test,B,random_forest,1.0
2022-11-14,2022-11-15,1,0,0.4629562956536554,test,B,random_forest,1.0
2022-11-15,2022-11-16,0,0,0.40651158601626036,test,B,random_forest,1.0
2022-11-16,2022-11-17,1,0,0.37374392702558856,test,B,random_forest,1.0
2022-11-17,2022-11-18,1,0,0.3989740777224441,test,B,random_forest,1.0
2022-11-18,2022-11-21,0,1,0.5748226630755673,test,B,random_forest,1.0
2022-11-21,2022-11-22,1,0,0.3691781055298825,test,B,random_forest,1.0
2022-11-22,2022-11-23,1,0,0.36461848847004186,test,B,random_forest,1.0
2022-11-23,2022-11-25,0,0,0.32064062924157,test,B,random_forest,1.0
2022-11-25,2022-11-28,0,0,0.28217099047913163,test,B,random_forest,1.0
2022-11-28,2022-11-29,0,1,0.5215002987799261,test,B,random_forest,1.0
2022-11-29,2022-11-30,1,1,0.5609425770201991,test,B,random_forest,1.0
2022-11-30,2022-12-01,1,0,0.41719433636490905,test,B,random_forest,1.0
2022-12-01,2022-12-02,0,0,0.46447229174570337,test,B,random_forest,1.0
2022-12-02,2022-12-05,0,0,0.4425916487404759,test,B,random_forest,1.0
2022-12-05,2022-12-06,0,0,0.3701137000569539,test,B,random_forest,1.0
2022-12-06,2022-12-07,0,0,0.43997797226463387,test,B,random_forest,1.0
2022-12-07,2022-12-08,1,1,0.5914991454046062,test,B,random_forest,1.0
2022-12-08,2022-12-09,0,1,0.6083540956320374,test,B,random_forest,1.0
2022-12-09,2022-12-12,1,1,0.5240576777769022,test,B,random_forest,1.0
2022-12-12,2022-12-13,1,0,0.38786417151390534,test,B,random_forest,1.0
2022-12-13,2022-12-14,0,0,0.40552419543670876,test,B,random_forest,1.0
2022-12-14,2022-12-15,0,0,0.3762968156340465,test,B,random_forest,1.0
2022-12-15,2022-12-16,0,1,0.7001858668423273,test,B,random_forest,1.0
2022-12-16,2022-12-19,0,1,0.7519171007866965,test,B,random_forest,1.0
2022-12-19,2022-12-20,0,1,0.7805753048259919,test,B,random_forest,1.0
2022-12-20,2022-12-21,1,1,0.7098047449436599,test,B,random_forest,1.0
2022-12-21,2022-12-22,0,1,0.5366474896999219,test,B,random_forest,1.0
2022-12-22,2022-12-23,0,1,0.674706279525288,test,B,random_forest,1.0
2022-12-23,2022-12-27,0,1,0.6481015772813147,test,B,random_forest,1.0
2022-12-27,2022-12-28,0,1,0.7414175188319674,test,B,random_forest,1.0
2022-12-28,2022-12-29,1,1,0.6791711613079078,test,B,random_forest,1.0
2022-12-29,2022-12-30,1,1,0.6733271260724438,test,B,random_forest,1.0
2022-10-03,2022-10-04,1,1,0.608697366887976,test,B,random_forest,2.0
2022-10-04,2022-10-05,1,1,0.5198782376413323,test,B,random_forest,2.0
2022-10-05,2022-10-06,0,1,0.6511766809791543,test,B,random_forest,2.0
2022-10-06,2022-10-07,0,1,0.5049793534116425,test,B,random_forest,2.0
2022-10-07,2022-10-10,1,1,0.7203638282530517,test,B,random_forest,2.0
2022-10-10,2022-10-11,0,1,0.6495363263275733,test,B,random_forest,2.0
2022-10-11,2022-10-12,0,1,0.7630573852860049,test,B,random_forest,2.0
2022-10-12,2022-10-13,1,1,0.6595331578904421,test,B,random_forest,2.0
2022-10-13,2022-10-14,0,0,0.40949955952814926,test,B,random_forest,2.0
2022-10-14,2022-10-17,1,1,0.5790578946180726,test,B,random_forest,2.0
2022-10-17,2022-10-18,1,0,0.48232398261360876,test,B,random_forest,2.0
2022-10-18,2022-10-19,1,1,0.6008298801649906,test,B,random_forest,2.0
2022-10-19,2022-10-20,0,1,0.562910942054589,test,B,random_forest,2.0
2022-10-20,2022-10-21,1,0,0.48302520865765547,test,B,random_forest,2.0
2022-10-21,2022-10-24,1,0,0.37194160174488505,test,B,random_forest,2.0
2022-10-24,2022-10-25,1,1,0.563957355117009,test,B,random_forest,2.0
2022-10-25,2022-10-26,0,0,0.4919133988117366,test,B,random_forest,2.0
2022-10-26,2022-10-27,0,0,0.4024316456395022,test,B,random_forest,2.0
2022-10-27,2022-10-28,1,0,0.3823340131562008,test,B,random_forest,2.0
2022-10-28,2022-10-31,0,0,0.39444297859489724,test,B,random_forest,2.0
2022-10-31,2022-11-01,0,0,0.33044864151286674,test,B,random_forest,2.0
2022-11-01,2022-11-02,0,0,0.4188070273472832,test,B,random_forest,2.0
2022-11-02,2022-11-03,0,0,0.466283454625865,test,B,random_forest,2.0
2022-11-03,2022-11-04,0,0,0.46145320648717314,test,B,random_forest,2.0
2022-11-04,2022-11-07,1,1,0.5571247953996402,test,B,random_forest,2.0
2022-11-07,2022-11-08,1,1,0.593635032667457,test,B,random_forest,2.0
2022-11-08,2022-11-09,0,1,0.6359872028258018,test,B,random_forest,2.0
2022-11-09,2022-11-10,1,1,0.6510797460176295,test,B,random_forest,2.0
2022-11-10,2022-11-11,1,0,0.401084956820954,test,B,random_forest,2.0
2022-11-11,2022-11-14,0,0,0.4893082076271427,test,B,random_forest,2.0
2022-11-14,2022-11-15,1,0,0.4652129426653709,test,B,random_forest,2.0
2022-11-15,2022-11-16,0,0,0.42740367309615673,test,B,random_forest,2.0
2022-11-16,2022-11-17,1,0,0.3552703401235289,test,B,random_forest,2.0
2022-11-17,2022-11-18,1,0,0.3871155322128751,test,B,random_forest,2.0
2022-11-18,2022-11-21,0,1,0.5221972255263267,test,B,random_forest,2.0
2022-11-21,2022-11-22,1,0,0.32036989275095207,test,B,random_forest,2.0
2022-11-22,2022-11-23,1,0,0.3716491298583411,test,B,random_forest,2.0
2022-11-23,2022-11-25,0,0,0.3086981610278974,test,B,random_forest,2.0
2022-11-25,2022-11-28,0,0,0.24679732676697502,test,B,random_forest,2.0
2022-11-28,2022-11-29,0,0,0.49442395228309344,test,B,random_forest,2.0
2022-11-29,2022-11-30,1,1,0.5344440898238886,test,B,random_forest,2.0
2022-11-30,2022-12-01,1,0,0.3843612135040832,test,B,random_forest,2.0
2022-12-01,2022-12-02,0,0,0.44889973068188654,test,B,random_forest,2.0
2022-12-02,2022-12-05,0,0,0.4454531335317255,test,B,random_forest,2.0
2022-12-05,2022-12-06,0,0,0.3801916462850125,test,B,random_forest,2.0
2022-12-06,2022-12-07,0,0,0.4160847355954388,test,B,random_forest,2.0
2022-12-07,2022-12-08,1,1,0.5600492433623594,test,B,random_forest,2.0
2022-12-08,2022-12-09,0,1,0.6305934269207031,test,B,random_forest,2.0
2022-12-09,2022-12-12,1,0,0.4965578605487111,test,B,random_forest,2.0
2022-12-12,2022-12-13,1,0,0.406841176061279,test,B,random_forest,2.0
2022-12-13,2022-12-14,0,0,0.43005835960998023,test,B,random_forest,2.0
2022-12-14,2022-12-15,0,0,0.35764957094824934,test,B,random_forest,2.0
2022-12-15,2022-12-16,0,1,0.6951173629782791,test,B,random_forest,2.0
2022-12-16,2022-12-19,0,1,0.7613585826435375,test,B,random_forest,2.0
2022-12-19,2022-12-20,0,1,0.7654738375158332,test,B,random_forest,2.0
2022-12-20,2022-12-21,1,1,0.72578182123588,test,B,random_forest,2.0
2022-12-21,2022-12-22,0,1,0.5244155804223876,test,B,random_forest,2.0
2022-12-22,2022-12-23,0,1,0.6574596330668652,test,B,random_forest,2.0
2022-12-23,2022-12-27,0,1,0.6304646223079604,test,B,random_forest,2.0
2022-12-27,2022-12-28,0,1,0.7132442017112568,test,B,random_forest,2.0
2022-12-28,2022-12-29,1,1,0.692708275077589,test,B,random_forest,2.0
2022-12-29,2022-12-30,1,1,0.6848468685796776,test,B,random_forest,2.0
2022-07-01,2022-07-05,1,0,0.32152823691657995,validation,C,logistic_regression,42.0
2022-07-05,2022-07-06,1,0,0.21002743087853773,validation,C,logistic_regression,42.0
2022-07-06,2022-07-07,1,0,0.33121441653198547,validation,C,logistic_regression,42.0
2022-07-07,2022-07-08,1,0,0.3160895301437083,validation,C,logistic_regression,42.0
2022-07-08,2022-07-11,0,0,0.49769351380933174,validation,C,logistic_regression,42.0
2022-07-11,2022-07-12,1,1,0.5149298438690154,validation,C,logistic_regression,42.0
2022-07-12,2022-07-13,0,0,0.49817363671862275,validation,C,logistic_regression,42.0
2022-07-13,2022-07-14,1,0,0.285464964904194,validation,C,logistic_regression,42.0
2022-07-14,2022-07-15,1,0,0.28888878636273396,validation,C,logistic_regression,42.0
2022-07-15,2022-07-18,0,0,0.28145613807822273,validation,C,logistic_regression,42.0
2022-07-18,2022-07-19,1,0,0.28881556514430456,validation,C,logistic_regression,42.0
2022-07-19,2022-07-20,1,0,0.3573391865474392,validation,C,logistic_regression,42.0
2022-07-20,2022-07-21,1,0,0.3185707381429637,validation,C,logistic_regression,42.0
2022-07-21,2022-07-22,0,0,0.37678792605167155,validation,C,logistic_regression,42.0
2022-07-22,2022-07-25,0,0,0.4015229666184288,validation,C,logistic_regression,42.0
2022-07-25,2022-07-26,0,0,0.2959759010421479,validation,C,logistic_regression,42.0
2022-07-26,2022-07-27,1,0,0.33530614129906283,validation,C,logistic_regression,42.0
2022-07-27,2022-07-28,1,0,0.1958923906230098,validation,C,logistic_regression,42.0
2022-07-28,2022-07-29,1,0,0.3359879041775268,validation,C,logistic_regression,42.0
2022-07-29,2022-08-01,0,0,0.3976583300965054,validation,C,logistic_regression,42.0
2022-08-01,2022-08-02,0,0,0.2624815785917659,validation,C,logistic_regression,42.0
2022-08-02,2022-08-03,1,0,0.32141224059635637,validation,C,logistic_regression,42.0
2022-08-03,2022-08-04,0,0,0.3243293017427636,validation,C,logistic_regression,42.0
2022-08-04,2022-08-05,0,0,0.2516892555012029,validation,C,logistic_regression,42.0
2022-08-05,2022-08-08,0,0,0.29845627106766714,validation,C,logistic_regression,42.0
2022-08-08,2022-08-09,1,0,0.32500842648046585,validation,C,logistic_regression,42.0
2022-08-09,2022-08-10,1,0,0.2023627408526166,validation,C,logistic_regression,42.0
2022-08-10,2022-08-11,0,0,0.2670697130525729,validation,C,logistic_regression,42.0
2022-08-11,2022-08-12,1,0,0.2766430043703552,validation,C,logistic_regression,42.0
2022-08-12,2022-08-15,1,0,0.27873158951136257,validation,C,logistic_regression,42.0
2022-08-15,2022-08-16,0,0,0.32404241223904345,validation,C,logistic_regression,42.0
2022-08-16,2022-08-17,1,0,0.3362262298492662,validation,C,logistic_regression,42.0
2022-08-17,2022-08-18,0,0,0.42039465314550495,validation,C,logistic_regression,42.0
2022-08-18,2022-08-19,0,0,0.3605943179428151,validation,C,logistic_regression,42.0
2022-08-19,2022-08-22,0,0,0.4406590937509339,validation,C,logistic_regression,42.0
2022-08-22,2022-08-23,0,0,0.4068670251857637,validation,C,logistic_regression,42.0
2022-08-23,2022-08-24,1,0,0.2986159745818494,validation,C,logistic_regression,42.0
2022-08-24,2022-08-25,1,0,0.35770940732264506,validation,C,logistic_regression,42.0
2022-08-25,2022-08-26,0,0,0.24273270193075627,validation,C,logistic_regression,42.0
2022-08-26,2022-08-29,0,0,0.4885030083666117,validation,C,logistic_regression,42.0
2022-08-29,2022-08-30,0,0,0.45023021794437745,validation,C,logistic_regression,42.0
2022-08-30,2022-08-31,0,0,0.43149707032022244,validation,C,logistic_regression,42.0
2022-08-31,2022-09-01,1,0,0.4945481832904607,validation,C,logistic_regression,42.0
2022-09-01,2022-09-02,0,0,0.49480976114274383,validation,C,logistic_regression,42.0
2022-09-02,2022-09-06,0,0,0.42158948049161626,validation,C,logistic_regression,42.0
2022-09-06,2022-09-07,1,0,0.38709163051641565,validation,C,logistic_regression,42.0
2022-09-07,2022-09-08,0,0,0.3984499122776234,validation,C,logistic_regression,42.0
2022-09-08,2022-09-09,1,0,0.3952991058786589,validation,C,logistic_regression,42.0
2022-09-09,2022-09-12,1,0,0.4360204762510374,validation,C,logistic_regression,42.0
2022-09-12,2022-09-13,0,0,0.4250901928349248,validation,C,logistic_regression,42.0
2022-09-13,2022-09-14,1,1,0.5254095505458445,validation,C,logistic_regression,42.0
2022-09-14,2022-09-15,0,0,0.31749694188134736,validation,C,logistic_regression,42.0
2022-09-15,2022-09-16,0,0,0.3138562796125995,validation,C,logistic_regression,42.0
2022-09-16,2022-09-19,1,1,0.5197031534840861,validation,C,logistic_regression,42.0
2022-09-19,2022-09-20,1,0,0.344884123623624,validation,C,logistic_regression,42.0
2022-09-20,2022-09-21,0,1,0.5561265831571295,validation,C,logistic_regression,42.0
2022-09-21,2022-09-22,0,1,0.5746683237341341,validation,C,logistic_regression,42.0
2022-09-22,2022-09-23,0,1,0.6271782968301725,validation,C,logistic_regression,42.0
2022-09-23,2022-09-26,1,1,0.6069792508155283,validation,C,logistic_regression,42.0
2022-09-26,2022-09-27,1,1,0.7021649818093122,validation,C,logistic_regression,42.0
2022-09-27,2022-09-28,0,0,0.4778661177032094,validation,C,logistic_regression,42.0
2022-09-28,2022-09-29,0,1,0.686555553080899,validation,C,logistic_regression,42.0
2022-09-29,2022-09-30,0,1,0.6369248845011325,validation,C,logistic_regression,42.0
2022-07-01,2022-07-05,1,1,0.5589240492410266,validation,C,random_forest,0.0
2022-07-05,2022-07-06,1,0,0.3822837655940443,validation,C,random_forest,0.0
2022-07-06,2022-07-07,1,1,0.5152190191875335,validation,C,random_forest,0.0
2022-07-07,2022-07-08,1,0,0.46630960336995175,validation,C,random_forest,0.0
2022-07-08,2022-07-11,0,1,0.6388589924364907,validation,C,random_forest,0.0
2022-07-11,2022-07-12,1,0,0.44284753966813895,validation,C,random_forest,0.0
2022-07-12,2022-07-13,0,0,0.40955788672097077,validation,C,random_forest,0.0
2022-07-13,2022-07-14,1,0,0.31283309627884337,validation,C,random_forest,0.0
2022-07-14,2022-07-15,1,0,0.3822746649324127,validation,C,random_forest,0.0
2022-07-15,2022-07-18,0,0,0.28548213830981345,validation,C,random_forest,0.0
2022-07-18,2022-07-19,1,0,0.26222789188808415,validation,C,random_forest,0.0
2022-07-19,2022-07-20,1,0,0.29872717942615507,validation,C,random_forest,0.0
2022-07-20,2022-07-21,1,0,0.39357533594167343,validation,C,random_forest,0.0
2022-07-21,2022-07-22,0,0,0.43244066885644883,validation,C,random_forest,0.0
2022-07-22,2022-07-25,0,0,0.3092230535818479,validation,C,random_forest,0.0
2022-07-25,2022-07-26,0,0,0.28951825008567794,validation,C,random_forest,0.0
2022-07-26,2022-07-27,1,0,0.27698027594160163,validation,C,random_forest,0.0
2022-07-27,2022-07-28,1,0,0.30039700273708403,validation,C,random_forest,0.0
2022-07-28,2022-07-29,1,0,0.29378790569672375,validation,C,random_forest,0.0
2022-07-29,2022-08-01,0,0,0.4245960699280935,validation,C,random_forest,0.0
2022-08-01,2022-08-02,0,0,0.37775633770730477,validation,C,random_forest,0.0
2022-08-02,2022-08-03,1,0,0.39016919652301835,validation,C,random_forest,0.0
2022-08-03,2022-08-04,0,0,0.3621016965933885,validation,C,random_forest,0.0
2022-08-04,2022-08-05,0,0,0.40855916563788197,validation,C,random_forest,0.0
2022-08-05,2022-08-08,0,0,0.43010466169399697,validation,C,random_forest,0.0
2022-08-08,2022-08-09,1,0,0.4277677426657711,validation,C,random_forest,0.0
2022-08-09,2022-08-10,1,0,0.4041909024599148,validation,C,random_forest,0.0
2022-08-10,2022-08-11,0,0,0.31488124169766557,validation,C,random_forest,0.0
2022-08-11,2022-08-12,1,0,0.44373543564383605,validation,C,random_forest,0.0
2022-08-12,2022-08-15,1,0,0.33386337119478116,validation,C,random_forest,0.0
2022-08-15,2022-08-16,0,0,0.34851117471970255,validation,C,random_forest,0.0
2022-08-16,2022-08-17,1,0,0.35868469480487497,validation,C,random_forest,0.0
2022-08-17,2022-08-18,0,0,0.3380046493452887,validation,C,random_forest,0.0
2022-08-18,2022-08-19,0,0,0.30606696793168325,validation,C,random_forest,0.0
2022-08-19,2022-08-22,0,0,0.292589760321384,validation,C,random_forest,0.0
2022-08-22,2022-08-23,0,0,0.3429457501989804,validation,C,random_forest,0.0
2022-08-23,2022-08-24,1,0,0.46571375761122624,validation,C,random_forest,0.0
2022-08-24,2022-08-25,1,0,0.4045097658696395,validation,C,random_forest,0.0
2022-08-25,2022-08-26,0,0,0.2547056308853352,validation,C,random_forest,0.0
2022-08-26,2022-08-29,0,0,0.4925250696555725,validation,C,random_forest,0.0
2022-08-29,2022-08-30,0,0,0.48473283662889105,validation,C,random_forest,0.0
2022-08-30,2022-08-31,0,1,0.5398583768481913,validation,C,random_forest,0.0
2022-08-31,2022-09-01,1,1,0.5082254247791216,validation,C,random_forest,0.0
2022-09-01,2022-09-02,0,1,0.5952094407690673,validation,C,random_forest,0.0
2022-09-02,2022-09-06,0,0,0.4733834174963352,validation,C,random_forest,0.0
2022-09-06,2022-09-07,1,0,0.47102236747255555,validation,C,random_forest,0.0
2022-09-07,2022-09-08,0,0,0.3596978225267768,validation,C,random_forest,0.0
2022-09-08,2022-09-09,1,0,0.46254778348107295,validation,C,random_forest,0.0
2022-09-09,2022-09-12,1,0,0.36132450590290416,validation,C,random_forest,0.0
2022-09-12,2022-09-13,0,1,0.5120851046530511,validation,C,random_forest,0.0
2022-09-13,2022-09-14,1,1,0.6207788124502244,validation,C,random_forest,0.0
2022-09-14,2022-09-15,0,1,0.5320794903532986,validation,C,random_forest,0.0
2022-09-15,2022-09-16,0,0,0.49994685506752357,validation,C,random_forest,0.0
2022-09-16,2022-09-19,1,1,0.6380368803538959,validation,C,random_forest,0.0
2022-09-19,2022-09-20,1,1,0.5483463083061936,validation,C,random_forest,0.0
2022-09-20,2022-09-21,0,0,0.4890226807300055,validation,C,random_forest,0.0
2022-09-21,2022-09-22,0,0,0.46370731929589015,validation,C,random_forest,0.0
2022-09-22,2022-09-23,0,1,0.5688829673804549,validation,C,random_forest,0.0
2022-09-23,2022-09-26,1,1,0.5314075749071387,validation,C,random_forest,0.0
2022-09-26,2022-09-27,1,1,0.7510112481218224,validation,C,random_forest,0.0
2022-09-27,2022-09-28,0,1,0.6114881643787907,validation,C,random_forest,0.0
2022-09-28,2022-09-29,0,1,0.5506805041294018,validation,C,random_forest,0.0
2022-09-29,2022-09-30,0,1,0.6674404806239481,validation,C,random_forest,0.0
2022-07-01,2022-07-05,1,0,0.49426183624656744,validation,C,random_forest,1.0
2022-07-05,2022-07-06,1,0,0.3819965460582117,validation,C,random_forest,1.0
2022-07-06,2022-07-07,1,1,0.5388499995471627,validation,C,random_forest,1.0
2022-07-07,2022-07-08,1,0,0.4883938241501731,validation,C,random_forest,1.0
2022-07-08,2022-07-11,0,1,0.6912079227728372,validation,C,random_forest,1.0
2022-07-11,2022-07-12,1,0,0.4285759552413681,validation,C,random_forest,1.0
2022-07-12,2022-07-13,0,0,0.3982874206064058,validation,C,random_forest,1.0
2022-07-13,2022-07-14,1,0,0.30203782591287376,validation,C,random_forest,1.0
2022-07-14,2022-07-15,1,0,0.3129440427603295,validation,C,random_forest,1.0
2022-07-15,2022-07-18,0,0,0.2869700414802465,validation,C,random_forest,1.0
2022-07-18,2022-07-19,1,0,0.24456713451396592,validation,C,random_forest,1.0
2022-07-19,2022-07-20,1,0,0.27337035362949874,validation,C,random_forest,1.0
2022-07-20,2022-07-21,1,0,0.376594821258099,validation,C,random_forest,1.0
2022-07-21,2022-07-22,0,0,0.4504800272033278,validation,C,random_forest,1.0
2022-07-22,2022-07-25,0,0,0.31234540784612275,validation,C,random_forest,1.0
2022-07-25,2022-07-26,0,0,0.3050495684954835,validation,C,random_forest,1.0
2022-07-26,2022-07-27,1,0,0.2858636612186547,validation,C,random_forest,1.0
2022-07-27,2022-07-28,1,0,0.2691125409981466,validation,C,random_forest,1.0
2022-07-28,2022-07-29,1,0,0.3156731582763715,validation,C,random_forest,1.0
2022-07-29,2022-08-01,0,0,0.41183994080326675,validation,C,random_forest,1.0
2022-08-01,2022-08-02,0,0,0.3844791840762336,validation,C,random_forest,1.0
2022-08-02,2022-08-03,1,0,0.38607999115947517,validation,C,random_forest,1.0
2022-08-03,2022-08-04,0,0,0.31134139970271885,validation,C,random_forest,1.0
2022-08-04,2022-08-05,0,0,0.4016434077355596,validation,C,random_forest,1.0
2022-08-05,2022-08-08,0,0,0.44978824145465873,validation,C,random_forest,1.0
2022-08-08,2022-08-09,1,0,0.3962062792016418,validation,C,random_forest,1.0
2022-08-09,2022-08-10,1,0,0.3534031817730628,validation,C,random_forest,1.0
2022-08-10,2022-08-11,0,0,0.281644830734323,validation,C,random_forest,1.0
2022-08-11,2022-08-12,1,0,0.39875687841961316,validation,C,random_forest,1.0
2022-08-12,2022-08-15,1,0,0.36154393723132655,validation,C,random_forest,1.0
2022-08-15,2022-08-16,0,0,0.318987151215746,validation,C,random_forest,1.0
2022-08-16,2022-08-17,1,0,0.341725424521155,validation,C,random_forest,1.0
2022-08-17,2022-08-18,0,0,0.3283141291586829,validation,C,random_forest,1.0
2022-08-18,2022-08-19,0,0,0.3042589811856796,validation,C,random_forest,1.0
2022-08-19,2022-08-22,0,0,0.2578464783578334,validation,C,random_forest,1.0
2022-08-22,2022-08-23,0,0,0.3553291047431183,validation,C,random_forest,1.0
2022-08-23,2022-08-24,1,0,0.46373365491119095,validation,C,random_forest,1.0
2022-08-24,2022-08-25,1,0,0.4144022200459078,validation,C,random_forest,1.0
2022-08-25,2022-08-26,0,0,0.25739993223441193,validation,C,random_forest,1.0
2022-08-26,2022-08-29,0,0,0.48129790850030163,validation,C,random_forest,1.0
2022-08-29,2022-08-30,0,0,0.4771926654056739,validation,C,random_forest,1.0
2022-08-30,2022-08-31,0,1,0.5416244922019463,validation,C,random_forest,1.0
2022-08-31,2022-09-01,1,1,0.5063363838822746,validation,C,random_forest,1.0
2022-09-01,2022-09-02,0,1,0.6094287023784383,validation,C,random_forest,1.0
2022-09-02,2022-09-06,0,0,0.4801927419473508,validation,C,random_forest,1.0
2022-09-06,2022-09-07,1,0,0.48667471116042854,validation,C,random_forest,1.0
2022-09-07,2022-09-08,0,0,0.34152800445742326,validation,C,random_forest,1.0
2022-09-08,2022-09-09,1,0,0.4538625497069926,validation,C,random_forest,1.0
2022-09-09,2022-09-12,1,0,0.35682956035210106,validation,C,random_forest,1.0
2022-09-12,2022-09-13,0,0,0.463847811483171,validation,C,random_forest,1.0
2022-09-13,2022-09-14,1,1,0.6272876516910121,validation,C,random_forest,1.0
2022-09-14,2022-09-15,0,1,0.5118724774148932,validation,C,random_forest,1.0
2022-09-15,2022-09-16,0,1,0.5542953866267601,validation,C,random_forest,1.0
2022-09-16,2022-09-19,1,1,0.6471140137793537,validation,C,random_forest,1.0
2022-09-19,2022-09-20,1,1,0.5206964593706963,validation,C,random_forest,1.0
2022-09-20,2022-09-21,0,0,0.44809654811981886,validation,C,random_forest,1.0
2022-09-21,2022-09-22,0,0,0.4775995516309158,validation,C,random_forest,1.0
2022-09-22,2022-09-23,0,0,0.48914148086593023,validation,C,random_forest,1.0
2022-09-23,2022-09-26,1,1,0.5360048933053615,validation,C,random_forest,1.0
2022-09-26,2022-09-27,1,1,0.7295230918941772,validation,C,random_forest,1.0
2022-09-27,2022-09-28,0,1,0.6152275291517719,validation,C,random_forest,1.0
2022-09-28,2022-09-29,0,1,0.538635943809772,validation,C,random_forest,1.0
2022-09-29,2022-09-30,0,1,0.612574641657596,validation,C,random_forest,1.0
2022-07-01,2022-07-05,1,1,0.5163923052009033,validation,C,random_forest,2.0
2022-07-05,2022-07-06,1,0,0.3652874335240667,validation,C,random_forest,2.0
2022-07-06,2022-07-07,1,0,0.4656996824826577,validation,C,random_forest,2.0
2022-07-07,2022-07-08,1,0,0.43689617195045666,validation,C,random_forest,2.0
2022-07-08,2022-07-11,0,1,0.6418425288537589,validation,C,random_forest,2.0
2022-07-11,2022-07-12,1,0,0.38498102741846607,validation,C,random_forest,2.0
2022-07-12,2022-07-13,0,0,0.40523412975339373,validation,C,random_forest,2.0
2022-07-13,2022-07-14,1,0,0.3228895888546534,validation,C,random_forest,2.0
2022-07-14,2022-07-15,1,0,0.3889717264519409,validation,C,random_forest,2.0
2022-07-15,2022-07-18,0,0,0.31662966140807647,validation,C,random_forest,2.0
2022-07-18,2022-07-19,1,0,0.25280644597610114,validation,C,random_forest,2.0
2022-07-19,2022-07-20,1,0,0.2599803262147491,validation,C,random_forest,2.0
2022-07-20,2022-07-21,1,0,0.34886230483362113,validation,C,random_forest,2.0
2022-07-21,2022-07-22,0,0,0.42964976910910213,validation,C,random_forest,2.0
2022-07-22,2022-07-25,0,0,0.290145361094052,validation,C,random_forest,2.0
2022-07-25,2022-07-26,0,0,0.25206023624514606,validation,C,random_forest,2.0
2022-07-26,2022-07-27,1,0,0.2700495256033521,validation,C,random_forest,2.0
2022-07-27,2022-07-28,1,0,0.29159773883614076,validation,C,random_forest,2.0
2022-07-28,2022-07-29,1,0,0.31649652568895204,validation,C,random_forest,2.0
2022-07-29,2022-08-01,0,0,0.41612218881463164,validation,C,random_forest,2.0
2022-08-01,2022-08-02,0,0,0.35226764341613737,validation,C,random_forest,2.0
2022-08-02,2022-08-03,1,0,0.3518544846861123,validation,C,random_forest,2.0
2022-08-03,2022-08-04,0,0,0.3513581783882416,validation,C,random_forest,2.0
2022-08-04,2022-08-05,0,0,0.39288441510610733,validation,C,random_forest,2.0
2022-08-05,2022-08-08,0,0,0.42248558166008965,validation,C,random_forest,2.0
2022-08-08,2022-08-09,1,0,0.3973711794872485,validation,C,random_forest,2.0
2022-08-09,2022-08-10,1,0,0.3777871894644923,validation,C,random_forest,2.0
2022-08-10,2022-08-11,0,0,0.29597918417553454,validation,C,random_forest,2.0
2022-08-11,2022-08-12,1,0,0.4151386954011923,validation,C,random_forest,2.0
2022-08-12,2022-08-15,1,0,0.3342549529111886,validation,C,random_forest,2.0
2022-08-15,2022-08-16,0,0,0.3194213598021495,validation,C,random_forest,2.0
2022-08-16,2022-08-17,1,0,0.32192665865017706,validation,C,random_forest,2.0
2022-08-17,2022-08-18,0,0,0.3194535492309461,validation,C,random_forest,2.0
2022-08-18,2022-08-19,0,0,0.29353877721189325,validation,C,random_forest,2.0
2022-08-19,2022-08-22,0,0,0.29427098278252367,validation,C,random_forest,2.0
2022-08-22,2022-08-23,0,0,0.40951136467244637,validation,C,random_forest,2.0
2022-08-23,2022-08-24,1,1,0.5243871276626626,validation,C,random_forest,2.0
2022-08-24,2022-08-25,1,0,0.45014303149371215,validation,C,random_forest,2.0
2022-08-25,2022-08-26,0,0,0.2653796672700012,validation,C,random_forest,2.0
2022-08-26,2022-08-29,0,0,0.48631936359298567,validation,C,random_forest,2.0
2022-08-29,2022-08-30,0,1,0.5163202370331036,validation,C,random_forest,2.0
2022-08-30,2022-08-31,0,1,0.6076439313069653,validation,C,random_forest,2.0
2022-08-31,2022-09-01,1,1,0.5535705170187221,validation,C,random_forest,2.0
2022-09-01,2022-09-02,0,1,0.613385486456614,validation,C,random_forest,2.0
2022-09-02,2022-09-06,0,0,0.49851483197735563,validation,C,random_forest,2.0
2022-09-06,2022-09-07,1,0,0.4896142988318151,validation,C,random_forest,2.0
2022-09-07,2022-09-08,0,0,0.39932251659925727,validation,C,random_forest,2.0
2022-09-08,2022-09-09,1,1,0.5005611699382225,validation,C,random_forest,2.0
2022-09-09,2022-09-12,1,0,0.34605871199387395,validation,C,random_forest,2.0
2022-09-12,2022-09-13,0,0,0.4640567878053604,validation,C,random_forest,2.0
2022-09-13,2022-09-14,1,1,0.6175187705903672,validation,C,random_forest,2.0
2022-09-14,2022-09-15,0,1,0.5389696513108015,validation,C,random_forest,2.0
2022-09-15,2022-09-16,0,1,0.5212848266307145,validation,C,random_forest,2.0
2022-09-16,2022-09-19,1,1,0.6480113318180423,validation,C,random_forest,2.0
2022-09-19,2022-09-20,1,1,0.5040608766433295,validation,C,random_forest,2.0
2022-09-20,2022-09-21,0,0,0.4896094376007885,validation,C,random_forest,2.0
2022-09-21,2022-09-22,0,1,0.5036182780205647,validation,C,random_forest,2.0
2022-09-22,2022-09-23,0,0,0.49653434399071167,validation,C,random_forest,2.0
2022-09-23,2022-09-26,1,1,0.5503118677213161,validation,C,random_forest,2.0
2022-09-26,2022-09-27,1,1,0.7374401298748241,validation,C,random_forest,2.0
2022-09-27,2022-09-28,0,1,0.6083990930775969,validation,C,random_forest,2.0
2022-09-28,2022-09-29,0,1,0.5884972250855506,validation,C,random_forest,2.0
2022-09-29,2022-09-30,0,1,0.6514621552326867,validation,C,random_forest,2.0
2022-10-03,2022-10-04,1,1,0.5279336741987798,test,C,logistic_regression,42.0
2022-10-04,2022-10-05,1,0,0.46909158601556555,test,C,logistic_regression,42.0
2022-10-05,2022-10-06,0,0,0.41433056375102834,test,C,logistic_regression,42.0
2022-10-06,2022-10-07,0,1,0.5100020269309608,test,C,logistic_regression,42.0
2022-10-07,2022-10-10,1,1,0.6035459927720138,test,C,logistic_regression,42.0
2022-10-10,2022-10-11,0,1,0.5276997124852951,test,C,logistic_regression,42.0
2022-10-11,2022-10-12,0,0,0.49414869058749633,test,C,logistic_regression,42.0
2022-10-12,2022-10-13,1,0,0.4919837544112661,test,C,logistic_regression,42.0
2022-10-13,2022-10-14,0,0,0.25283154399470126,test,C,logistic_regression,42.0
2022-10-14,2022-10-17,1,0,0.3755995313568362,test,C,logistic_regression,42.0
2022-10-17,2022-10-18,1,0,0.33965897205720375,test,C,logistic_regression,42.0
2022-10-18,2022-10-19,1,0,0.47684600744489275,test,C,logistic_regression,42.0
2022-10-19,2022-10-20,0,0,0.37601006808653936,test,C,logistic_regression,42.0
2022-10-20,2022-10-21,1,0,0.41625494962310694,test,C,logistic_regression,42.0
2022-10-21,2022-10-24,1,0,0.49939477500107954,test,C,logistic_regression,42.0
2022-10-24,2022-10-25,1,0,0.4718093476068037,test,C,logistic_regression,42.0
2022-10-25,2022-10-26,0,0,0.4442568485178973,test,C,logistic_regression,42.0
2022-10-26,2022-10-27,0,1,0.5522129985048236,test,C,logistic_regression,42.0
2022-10-27,2022-10-28,1,0,0.4334955559907992,test,C,logistic_regression,42.0
2022-10-28,2022-10-31,0,0,0.34470384740978904,test,C,logistic_regression,42.0
2022-10-31,2022-11-01,0,0,0.3879219916526592,test,C,logistic_regression,42.0
2022-11-01,2022-11-02,0,0,0.2950939012246655,test,C,logistic_regression,42.0
2022-11-02,2022-11-03,0,0,0.47570748386508765,test,C,logistic_regression,42.0
2022-11-03,2022-11-04,0,1,0.5147171751396437,test,C,logistic_regression,42.0
2022-11-04,2022-11-07,1,1,0.8680803778709297,test,C,logistic_regression,42.0
2022-11-07,2022-11-08,1,1,0.8400697878405858,test,C,logistic_regression,42.0
2022-11-08,2022-11-09,0,1,0.8349832896561004,test,C,logistic_regression,42.0
2022-11-09,2022-11-10,1,1,0.842746044819351,test,C,logistic_regression,42.0
2022-11-10,2022-11-11,1,1,0.5338427041155075,test,C,logistic_regression,42.0
2022-11-11,2022-11-14,0,1,0.6125687170143114,test,C,logistic_regression,42.0
2022-11-14,2022-11-15,1,1,0.5595053454177175,test,C,logistic_regression,42.0
2022-11-15,2022-11-16,0,1,0.5492439002157989,test,C,logistic_regression,42.0
2022-11-16,2022-11-17,1,1,0.5037436312123365,test,C,logistic_regression,42.0
2022-11-17,2022-11-18,1,1,0.59037753998913,test,C,logistic_regression,42.0
2022-11-18,2022-11-21,0,1,0.6126263309447273,test,C,logistic_regression,42.0
2022-11-21,2022-11-22,1,1,0.542080973950081,test,C,logistic_regression,42.0
2022-11-22,2022-11-23,1,1,0.5151088990896757,test,C,logistic_regression,42.0
2022-11-23,2022-11-25,0,1,0.512966978495426,test,C,logistic_regression,42.0
2022-11-25,2022-11-28,0,1,0.5368952429477296,test,C,logistic_regression,42.0
2022-11-28,2022-11-29,0,1,0.7065199208153834,test,C,logistic_regression,42.0
2022-11-29,2022-11-30,1,1,0.6930245590925581,test,C,logistic_regression,42.0
2022-11-30,2022-12-01,1,1,0.547356248545677,test,C,logistic_regression,42.0
2022-12-01,2022-12-02,0,0,0.4899789902945419,test,C,logistic_regression,42.0
2022-12-02,2022-12-05,0,0,0.4773154743449953,test,C,logistic_regression,42.0
2022-12-05,2022-12-06,0,1,0.5373944827440181,test,C,logistic_regression,42.0
2022-12-06,2022-12-07,0,1,0.5310759206719711,test,C,logistic_regression,42.0
2022-12-07,2022-12-08,1,1,0.7047902379958607,test,C,logistic_regression,42.0
2022-12-08,2022-12-09,0,1,0.5752230790979823,test,C,logistic_regression,42.0
2022-12-09,2022-12-12,1,1,0.6239945604399366,test,C,logistic_regression,42.0
2022-12-12,2022-12-13,1,0,0.4518527207313764,test,C,logistic_regression,42.0
2022-12-13,2022-12-14,0,1,0.601020048814632,test,C,logistic_regression,42.0
2022-12-14,2022-12-15,0,1,0.6445020668946715,test,C,logistic_regression,42.0
2022-12-15,2022-12-16,0,1,0.6487568222607262,test,C,logistic_regression,42.0
2022-12-16,2022-12-19,0,1,0.823398269320011,test,C,logistic_regression,42.0
2022-12-19,2022-12-20,0,1,0.5977656639857218,test,C,logistic_regression,42.0
2022-12-20,2022-12-21,1,0,0.49418259844024787,test,C,logistic_regression,42.0
2022-12-21,2022-12-22,0,0,0.3691146542740019,test,C,logistic_regression,42.0
2022-12-22,2022-12-23,0,1,0.5424672844674969,test,C,logistic_regression,42.0
2022-12-23,2022-12-27,0,0,0.4265743182944192,test,C,logistic_regression,42.0
2022-12-27,2022-12-28,0,1,0.5025621528084326,test,C,logistic_regression,42.0
2022-12-28,2022-12-29,1,0,0.4458039969915114,test,C,logistic_regression,42.0
2022-12-29,2022-12-30,1,0,0.3675485307725722,test,C,logistic_regression,42.0
2022-10-03,2022-10-04,1,1,0.59983595506943,test,C,random_forest,0.0
2022-10-04,2022-10-05,1,1,0.5024161026555364,test,C,random_forest,0.0
2022-10-05,2022-10-06,0,1,0.7462453803755164,test,C,random_forest,0.0
2022-10-06,2022-10-07,0,1,0.5764454438367153,test,C,random_forest,0.0
2022-10-07,2022-10-10,1,1,0.6923992400409826,test,C,random_forest,0.0
2022-10-10,2022-10-11,0,1,0.6202416110918831,test,C,random_forest,0.0
2022-10-11,2022-10-12,0,1,0.7180315493373599,test,C,random_forest,0.0
2022-10-12,2022-10-13,1,1,0.6482429707552181,test,C,random_forest,0.0
2022-10-13,2022-10-14,0,0,0.4045329538684717,test,C,random_forest,0.0
2022-10-14,2022-10-17,1,1,0.5380140215096644,test,C,random_forest,0.0
2022-10-17,2022-10-18,1,0,0.46139204048441,test,C,random_forest,0.0
2022-10-18,2022-10-19,1,1,0.6183341627558692,test,C,random_forest,0.0
2022-10-19,2022-10-20,0,1,0.6259424417217013,test,C,random_forest,0.0
2022-10-20,2022-10-21,1,1,0.5287142822337956,test,C,random_forest,0.0
2022-10-21,2022-10-24,1,0,0.3611907636958192,test,C,random_forest,0.0
2022-10-24,2022-10-25,1,1,0.530539870533973,test,C,random_forest,0.0
2022-10-25,2022-10-26,0,0,0.49287098167890786,test,C,random_forest,0.0
2022-10-26,2022-10-27,0,0,0.3861661177380251,test,C,random_forest,0.0
2022-10-27,2022-10-28,1,0,0.3533179058593058,test,C,random_forest,0.0
2022-10-28,2022-10-31,0,0,0.3945592579254278,test,C,random_forest,0.0
2022-10-31,2022-11-01,0,0,0.35990750918076364,test,C,random_forest,0.0
2022-11-01,2022-11-02,0,0,0.37350376045904016,test,C,random_forest,0.0
2022-11-02,2022-11-03,0,0,0.441094634847153,test,C,random_forest,0.0
2022-11-03,2022-11-04,0,0,0.49868675285740705,test,C,random_forest,0.0
2022-11-04,2022-11-07,1,1,0.576744627610447,test,C,random_forest,0.0
2022-11-07,2022-11-08,1,1,0.5427995066718451,test,C,random_forest,0.0
2022-11-08,2022-11-09,0,1,0.6252709960016095,test,C,random_forest,0.0
2022-11-09,2022-11-10,1,1,0.6690930128238654,test,C,random_forest,0.0
2022-11-10,2022-11-11,1,0,0.4262266615673531,test,C,random_forest,0.0
2022-11-11,2022-11-14,0,0,0.475893172702719,test,C,random_forest,0.0
2022-11-14,2022-11-15,1,0,0.4881291492394692,test,C,random_forest,0.0
2022-11-15,2022-11-16,0,0,0.4758561727507375,test,C,random_forest,0.0
2022-11-16,2022-11-17,1,0,0.4589608287363794,test,C,random_forest,0.0
2022-11-17,2022-11-18,1,0,0.45543603787883796,test,C,random_forest,0.0
2022-11-18,2022-11-21,0,1,0.502682708175632,test,C,random_forest,0.0
2022-11-21,2022-11-22,1,0,0.31741398231041223,test,C,random_forest,0.0
2022-11-22,2022-11-23,1,0,0.424795652599187,test,C,random_forest,0.0
2022-11-23,2022-11-25,0,0,0.3812954013352682,test,C,random_forest,0.0
2022-11-25,2022-11-28,0,0,0.324448385170911,test,C,random_forest,0.0
2022-11-28,2022-11-29,0,1,0.5205348588592361,test,C,random_forest,0.0
2022-11-29,2022-11-30,1,1,0.6056638829322946,test,C,random_forest,0.0
2022-11-30,2022-12-01,1,0,0.4093131268553705,test,C,random_forest,0.0
2022-12-01,2022-12-02,0,1,0.5376399481258796,test,C,random_forest,0.0
2022-12-02,2022-12-05,0,1,0.5111825331448034,test,C,random_forest,0.0
2022-12-05,2022-12-06,0,0,0.46172599659900393,test,C,random_forest,0.0
2022-12-06,2022-12-07,0,1,0.5367723857994848,test,C,random_forest,0.0
2022-12-07,2022-12-08,1,1,0.5589030412045326,test,C,random_forest,0.0
2022-12-08,2022-12-09,0,1,0.5933266120944459,test,C,random_forest,0.0
2022-12-09,2022-12-12,1,1,0.5720978807482235,test,C,random_forest,0.0
2022-12-12,2022-12-13,1,0,0.39302013403106856,test,C,random_forest,0.0
2022-12-13,2022-12-14,0,0,0.46387573704794677,test,C,random_forest,0.0
2022-12-14,2022-12-15,0,0,0.4679428352240901,test,C,random_forest,0.0
2022-12-15,2022-12-16,0,1,0.7301839192156047,test,C,random_forest,0.0
2022-12-16,2022-12-19,0,1,0.7745779619117921,test,C,random_forest,0.0
2022-12-19,2022-12-20,0,1,0.7154221144492845,test,C,random_forest,0.0
2022-12-20,2022-12-21,1,1,0.7094951046496437,test,C,random_forest,0.0
2022-12-21,2022-12-22,0,1,0.5459882043251404,test,C,random_forest,0.0
2022-12-22,2022-12-23,0,1,0.6272842934598382,test,C,random_forest,0.0
2022-12-23,2022-12-27,0,1,0.6244149943476768,test,C,random_forest,0.0
2022-12-27,2022-12-28,0,1,0.7287076405284934,test,C,random_forest,0.0
2022-12-28,2022-12-29,1,1,0.6446567166874849,test,C,random_forest,0.0
2022-12-29,2022-12-30,1,1,0.5596299034144707,test,C,random_forest,0.0
2022-10-03,2022-10-04,1,1,0.6230626600570665,test,C,random_forest,1.0
2022-10-04,2022-10-05,1,0,0.4954647778721268,test,C,random_forest,1.0
2022-10-05,2022-10-06,0,1,0.7293026656067056,test,C,random_forest,1.0
2022-10-06,2022-10-07,0,1,0.522909634283195,test,C,random_forest,1.0
2022-10-07,2022-10-10,1,1,0.6731195138373041,test,C,random_forest,1.0
2022-10-10,2022-10-11,0,1,0.628602493525435,test,C,random_forest,1.0
2022-10-11,2022-10-12,0,1,0.7123410746675775,test,C,random_forest,1.0
2022-10-12,2022-10-13,1,1,0.63186171506222,test,C,random_forest,1.0
2022-10-13,2022-10-14,0,0,0.3301275425806588,test,C,random_forest,1.0
2022-10-14,2022-10-17,1,1,0.5008715762435513,test,C,random_forest,1.0
2022-10-17,2022-10-18,1,0,0.4296943155776334,test,C,random_forest,1.0
2022-10-18,2022-10-19,1,1,0.6065294405845535,test,C,random_forest,1.0
2022-10-19,2022-10-20,0,1,0.6119829717726527,test,C,random_forest,1.0
2022-10-20,2022-10-21,1,1,0.5045722458739681,test,C,random_forest,1.0
2022-10-21,2022-10-24,1,0,0.348037967627385,test,C,random_forest,1.0
2022-10-24,2022-10-25,1,1,0.5640025138618138,test,C,random_forest,1.0
2022-10-25,2022-10-26,0,0,0.4807982886114412,test,C,random_forest,1.0
2022-10-26,2022-10-27,0,0,0.38724103977214386,test,C,random_forest,1.0
2022-10-27,2022-10-28,1,0,0.4100457753873332,test,C,random_forest,1.0
2022-10-28,2022-10-31,0,0,0.34207655108513574,test,C,random_forest,1.0
2022-10-31,2022-11-01,0,0,0.32939014263924177,test,C,random_forest,1.0
2022-11-01,2022-11-02,0,0,0.4128602113582052,test,C,random_forest,1.0
2022-11-02,2022-11-03,0,0,0.46056328087547627,test,C,random_forest,1.0
2022-11-03,2022-11-04,0,1,0.5154569153503602,test,C,random_forest,1.0
2022-11-04,2022-11-07,1,1,0.5694557459852465,test,C,random_forest,1.0
2022-11-07,2022-11-08,1,1,0.5490365330065661,test,C,random_forest,1.0
2022-11-08,2022-11-09,0,1,0.6181271114992222,test,C,random_forest,1.0
2022-11-09,2022-11-10,1,1,0.6526280682912492,test,C,random_forest,1.0
2022-11-10,2022-11-11,1,0,0.4048658682204113,test,C,random_forest,1.0
2022-11-11,2022-11-14,0,1,0.5061860346951855,test,C,random_forest,1.0
2022-11-14,2022-11-15,1,1,0.5235345567131752,test,C,random_forest,1.0
2022-11-15,2022-11-16,0,0,0.489070860585518,test,C,random_forest,1.0
2022-11-16,2022-11-17,1,0,0.42398943096749775,test,C,random_forest,1.0
2022-11-17,2022-11-18,1,0,0.43767818364201616,test,C,random_forest,1.0
2022-11-18,2022-11-21,0,1,0.5093262405046801,test,C,random_forest,1.0
2022-11-21,2022-11-22,1,0,0.3336218105049723,test,C,random_forest,1.0
2022-11-22,2022-11-23,1,0,0.42504273636442524,test,C,random_forest,1.0
2022-11-23,2022-11-25,0,0,0.37436613600113355,test,C,random_forest,1.0
2022-11-25,2022-11-28,0,0,0.34112191136458464,test,C,random_forest,1.0
2022-11-28,2022-11-29,0,0,0.495363252109463,test,C,random_forest,1.0
2022-11-29,2022-11-30,1,1,0.5492452268811407,test,C,random_forest,1.0
2022-11-30,2022-12-01,1,0,0.3989290376052025,test,C,random_forest,1.0
2022-12-01,2022-12-02,0,1,0.548150628907968,test,C,random_forest,1.0
2022-12-02,2022-12-05,0,1,0.5211729276171978,test,C,random_forest,1.0
2022-12-05,2022-12-06,0,0,0.4683413650609749,test,C,random_forest,1.0
2022-12-06,2022-12-07,0,1,0.5237558496778727,test,C,random_forest,1.0
2022-12-07,2022-12-08,1,1,0.5869867635905981,test,C,random_forest,1.0
2022-12-08,2022-12-09,0,1,0.6099140252106535,test,C,random_forest,1.0
2022-12-09,2022-12-12,1,1,0.5013101402769006,test,C,random_forest,1.0
2022-12-12,2022-12-13,1,0,0.33612246977593085,test,C,random_forest,1.0
2022-12-13,2022-12-14,0,0,0.3980374048934473,test,C,random_forest,1.0
2022-12-14,2022-12-15,0,0,0.41715088100194714,test,C,random_forest,1.0
2022-12-15,2022-12-16,0,1,0.6574238359188785,test,C,random_forest,1.0
2022-12-16,2022-12-19,0,1,0.7265472495624274,test,C,random_forest,1.0
2022-12-19,2022-12-20,0,1,0.7228673722087797,test,C,random_forest,1.0
2022-12-20,2022-12-21,1,1,0.678113941001866,test,C,random_forest,1.0
2022-12-21,2022-12-22,0,1,0.5288766501569098,test,C,random_forest,1.0
2022-12-22,2022-12-23,0,1,0.592274625338505,test,C,random_forest,1.0
2022-12-23,2022-12-27,0,1,0.6302653497303566,test,C,random_forest,1.0
2022-12-27,2022-12-28,0,1,0.7185641641072974,test,C,random_forest,1.0
2022-12-28,2022-12-29,1,1,0.6285982219452542,test,C,random_forest,1.0
2022-12-29,2022-12-30,1,1,0.5880466292150999,test,C,random_forest,1.0
2022-10-03,2022-10-04,1,1,0.5963522885933356,test,C,random_forest,2.0
2022-10-04,2022-10-05,1,0,0.4862507785442574,test,C,random_forest,2.0
2022-10-05,2022-10-06,0,1,0.7300203618509971,test,C,random_forest,2.0
2022-10-06,2022-10-07,0,1,0.5646975114027751,test,C,random_forest,2.0
2022-10-07,2022-10-10,1,1,0.672700876842729,test,C,random_forest,2.0
2022-10-10,2022-10-11,0,1,0.6184591138798724,test,C,random_forest,2.0
2022-10-11,2022-10-12,0,1,0.7537059291828911,test,C,random_forest,2.0
2022-10-12,2022-10-13,1,1,0.6704369484627896,test,C,random_forest,2.0
2022-10-13,2022-10-14,0,0,0.37647518199781,test,C,random_forest,2.0
2022-10-14,2022-10-17,1,1,0.5436070964623173,test,C,random_forest,2.0
2022-10-17,2022-10-18,1,0,0.45505939131626416,test,C,random_forest,2.0
2022-10-18,2022-10-19,1,1,0.5964549396262165,test,C,random_forest,2.0
2022-10-19,2022-10-20,0,1,0.6106245556663118,test,C,random_forest,2.0
2022-10-20,2022-10-21,1,1,0.5112265010708794,test,C,random_forest,2.0
2022-10-21,2022-10-24,1,0,0.34635390550950673,test,C,random_forest,2.0
2022-10-24,2022-10-25,1,1,0.5108966344381548,test,C,random_forest,2.0
2022-10-25,2022-10-26,0,0,0.45146985980531423,test,C,random_forest,2.0
2022-10-26,2022-10-27,0,0,0.3935854978552827,test,C,random_forest,2.0
2022-10-27,2022-10-28,1,0,0.42787066763615705,test,C,random_forest,2.0
2022-10-28,2022-10-31,0,0,0.3781142946850283,test,C,random_forest,2.0
2022-10-31,2022-11-01,0,0,0.38403265848718515,test,C,random_forest,2.0
2022-11-01,2022-11-02,0,0,0.4427527546670952,test,C,random_forest,2.0
2022-11-02,2022-11-03,0,0,0.48284268845985745,test,C,random_forest,2.0
2022-11-03,2022-11-04,0,1,0.5177782560963008,test,C,random_forest,2.0
2022-11-04,2022-11-07,1,1,0.5875015252484556,test,C,random_forest,2.0
2022-11-07,2022-11-08,1,1,0.5934745210738012,test,C,random_forest,2.0
2022-11-08,2022-11-09,0,1,0.6511714876579724,test,C,random_forest,2.0
2022-11-09,2022-11-10,1,1,0.7089352333623057,test,C,random_forest,2.0
2022-11-10,2022-11-11,1,0,0.3947799744510947,test,C,random_forest,2.0
2022-11-11,2022-11-14,0,0,0.4376996818694149,test,C,random_forest,2.0
2022-11-14,2022-11-15,1,1,0.5209762221058897,test,C,random_forest,2.0
2022-11-15,2022-11-16,0,0,0.4538614038671625,test,C,random_forest,2.0
2022-11-16,2022-11-17,1,0,0.4071276225511532,test,C,random_forest,2.0
2022-11-17,2022-11-18,1,0,0.436328168184455,test,C,random_forest,2.0
2022-11-18,2022-11-21,0,1,0.5108519843417381,test,C,random_forest,2.0
2022-11-21,2022-11-22,1,0,0.3393767987089368,test,C,random_forest,2.0
2022-11-22,2022-11-23,1,0,0.3949674850349419,test,C,random_forest,2.0
2022-11-23,2022-11-25,0,0,0.3611656423961393,test,C,random_forest,2.0
2022-11-25,2022-11-28,0,0,0.33545984103294285,test,C,random_forest,2.0
2022-11-28,2022-11-29,0,0,0.47718838005966374,test,C,random_forest,2.0
2022-11-29,2022-11-30,1,1,0.5357341240995082,test,C,random_forest,2.0
2022-11-30,2022-12-01,1,0,0.3992527933139188,test,C,random_forest,2.0
2022-12-01,2022-12-02,0,1,0.5538683948648424,test,C,random_forest,2.0
2022-12-02,2022-12-05,0,1,0.5388579205250493,test,C,random_forest,2.0
2022-12-05,2022-12-06,0,0,0.4442967419947231,test,C,random_forest,2.0
2022-12-06,2022-12-07,0,1,0.5031680359561971,test,C,random_forest,2.0
2022-12-07,2022-12-08,1,1,0.5922198015455792,test,C,random_forest,2.0
2022-12-08,2022-12-09,0,1,0.5788231945172067,test,C,random_forest,2.0
2022-12-09,2022-12-12,1,0,0.4812018018600696,test,C,random_forest,2.0
2022-12-12,2022-12-13,1,0,0.3674033641113376,test,C,random_forest,2.0
2022-12-13,2022-12-14,0,0,0.4032613466766272,test,C,random_forest,2.0
2022-12-14,2022-12-15,0,0,0.3968589485647114,test,C,random_forest,2.0
2022-12-15,2022-12-16,0,1,0.7087192107945645,test,C,random_forest,2.0
2022-12-16,2022-12-19,0,1,0.7540911861664809,test,C,random_forest,2.0
2022-12-19,2022-12-20,0,1,0.7268540125132187,test,C,random_forest,2.0
2022-12-20,2022-12-21,1,1,0.7276749593070677,test,C,random_forest,2.0
2022-12-21,2022-12-22,0,0,0.4758244807995264,test,C,random_forest,2.0
2022-12-22,2022-12-23,0,1,0.6229110534060975,test,C,random_forest,2.0
2022-12-23,2022-12-27,0,1,0.631102289434297,test,C,random_forest,2.0
2022-12-27,2022-12-28,0,1,0.7500517378834476,test,C,random_forest,2.0
2022-12-28,2022-12-29,1,1,0.6766256826077773,test,C,random_forest,2.0
2022-12-29,2022-12-30,1,1,0.5992134580982952,test,C,random_forest,2.0
