Date,target_date,actual,predicted,probability_up,split,experiment,model,seed
2025-07-01,2025-07-02,1,1,0.5041322314049587,validation,baseline,majority_class,
2025-07-02,2025-07-03,1,1,0.5041322314049587,validation,baseline,majority_class,
2025-07-03,2025-07-07,0,1,0.5041322314049587,validation,baseline,majority_class,
2025-07-07,2025-07-08,1,1,0.5041322314049587,validation,baseline,majority_class,
2025-07-08,2025-07-09,1,1,0.5041322314049587,validation,baseline,majority_class,
2025-07-09,2025-07-10,1,1,0.5041322314049587,validation,baseline,majority_class,
2025-07-10,2025-07-11,0,1,0.5041322314049587,validation,baseline,majority_class,
2025-07-11,2025-07-14,0,1,0.5041322314049587,validation,baseline,majority_class,
2025-07-14,2025-07-15,1,1,0.5041322314049587,validation,baseline,majority_class,
2025-07-15,2025-07-16,1,1,0.5041322314049587,validation,baseline,majority_class,
2025-07-16,2025-07-17,0,1,0.5041322314049587,validation,baseline,majority_class,
2025-07-17,2025-07-18,1,1,0.5041322314049587,validation,baseline,majority_class,
2025-07-18,2025-07-21,1,1,0.5041322314049587,validation,baseline,majority_class,
2025-07-21,2025-07-22,1,1,0.5041322314049587,validation,baseline,majority_class,
2025-07-22,2025-07-23,0,1,0.5041322314049587,validation,baseline,majority_class,
2025-07-23,2025-07-24,0,1,0.5041322314049587,validation,baseline,majority_class,
2025-07-24,2025-07-25,1,1,0.5041322314049587,validation,baseline,majority_class,
2025-07-25,2025-07-28,1,1,0.5041322314049587,validation,baseline,majority_class,
2025-07-28,2025-07-29,0,1,0.5041322314049587,validation,baseline,majority_class,
2025-07-29,2025-07-30,0,1,0.5041322314049587,validation,baseline,majority_class,
2025-07-30,2025-07-31,0,1,0.5041322314049587,validation,baseline,majority_class,
2025-07-31,2025-08-01,0,1,0.5041322314049587,validation,baseline,majority_class,
2025-08-01,2025-08-04,1,1,0.5041322314049587,validation,baseline,majority_class,
2025-08-04,2025-08-05,0,1,0.5041322314049587,validation,baseline,majority_class,
2025-08-05,2025-08-06,1,1,0.5041322314049587,validation,baseline,majority_class,
2025-08-06,2025-08-07,1,1,0.5041322314049587,validation,baseline,majority_class,
2025-08-07,2025-08-08,1,1,0.5041322314049587,validation,baseline,majority_class,
2025-08-08,2025-08-11,0,1,0.5041322314049587,validation,baseline,majority_class,
2025-08-11,2025-08-12,1,1,0.5041322314049587,validation,baseline,majority_class,
2025-08-12,2025-08-13,1,1,0.5041322314049587,validation,baseline,majority_class,
2025-08-13,2025-08-14,0,1,0.5041322314049587,validation,baseline,majority_class,
2025-08-14,2025-08-15,0,1,0.5041322314049587,validation,baseline,majority_class,
2025-08-15,2025-08-18,0,1,0.5041322314049587,validation,baseline,majority_class,
2025-08-18,2025-08-19,0,1,0.5041322314049587,validation,baseline,majority_class,
2025-08-19,2025-08-20,0,1,0.5041322314049587,validation,baseline,majority_class,
2025-08-20,2025-08-21,0,1,0.5041322314049587,validation,baseline,majority_class,
2025-08-21,2025-08-22,1,1,0.5041322314049587,validation,baseline,majority_class,
2025-08-22,2025-08-25,0,1,0.5041322314049587,validation,baseline,majority_class,
2025-08-25,2025-08-26,1,1,0.5041322314049587,validation,baseline,majority_class,
2025-08-26,2025-08-27,1,1,0.5041322314049587,validation,baseline,majority_class,
2025-08-27,2025-08-28,1,1,0.5041322314049587,validation,baseline,majority_class,
2025-08-28,2025-08-29,0,1,0.5041322314049587,validation,baseline,majority_class,
2025-08-29,2025-09-02,0,1,0.5041322314049587,validation,baseline,majority_class,
2025-09-02,2025-09-03,1,1,0.5041322314049587,validation,baseline,majority_class,
2025-09-03,2025-09-04,1,1,0.5041322314049587,validation,baseline,majority_class,
2025-09-04,2025-09-05,0,1,0.5041322314049587,validation,baseline,majority_class,
2025-09-05,2025-09-08,0,1,0.5041322314049587,validation,baseline,majority_class,
2025-09-08,2025-09-09,0,1,0.5041322314049587,validation,baseline,majority_class,
2025-09-09,2025-09-10,0,1,0.5041322314049587,validation,baseline,majority_class,
2025-09-10,2025-09-11,1,1,0.5041322314049587,validation,baseline,majority_class,
2025-09-11,2025-09-12,1,1,0.5041322314049587,validation,baseline,majority_class,
2025-09-12,2025-09-15,1,1,0.5041322314049587,validation,baseline,majority_class,
2025-09-15,2025-09-16,1,1,0.5041322314049587,validation,baseline,majority_class,
2025-09-16,2025-09-17,1,1,0.5041322314049587,validation,baseline,majority_class,
2025-09-17,2025-09-18,0,1,0.5041322314049587,validation,baseline,majority_class,
2025-09-18,2025-09-19,1,1,0.5041322314049587,validation,baseline,majority_class,
2025-09-19,2025-09-22,1,1,0.5041322314049587,validation,baseline,majority_class,
2025-09-22,2025-09-23,0,1,0.5041322314049587,validation,baseline,majority_class,
2025-09-23,2025-09-24,0,1,0.5041322314049587,validation,baseline,majority_class,
2025-09-24,2025-09-25,1,1,0.5041322314049587,validation,baseline,majority_class,
2025-09-25,2025-09-26,0,1,0.5041322314049587,validation,baseline,majority_class,
2025-09-26,2025-09-29,0,1,0.5041322314049587,validation,baseline,majority_class,
2025-09-29,2025-09-30,1,1,0.5041322314049587,validation,baseline,majority_class,
2025-07-01,2025-07-02,1,1,1.0,validation,baseline,previous_direction,
2025-07-02,2025-07-03,1,1,1.0,validation,baseline,previous_direction,
2025-07-03,2025-07-07,0,1,1.0,validation,baseline,previous_direction,
2025-07-07,2025-07-08,1,0,0.0,validation,baseline,previous_direction,
2025-07-08,2025-07-09,1,1,1.0,validation,baseline,previous_direction,
2025-07-09,2025-07-10,1,1,1.0,validation,baseline,previous_direction,
2025-07-10,2025-07-11,0,1,1.0,validation,baseline,previous_direction,
2025-07-11,2025-07-14,0,0,0.0,validation,baseline,previous_direction,
2025-07-14,2025-07-15,1,0,0.0,validation,baseline,previous_direction,
2025-07-15,2025-07-16,1,1,1.0,validation,baseline,previous_direction,
2025-07-16,2025-07-17,0,1,1.0,validation,baseline,previous_direction,
2025-07-17,2025-07-18,1,0,0.0,validation,baseline,previous_direction,
2025-07-18,2025-07-21,1,1,1.0,validation,baseline,previous_direction,
2025-07-21,2025-07-22,1,1,1.0,validation,baseline,previous_direction,
2025-07-22,2025-07-23,0,1,1.0,validation,baseline,previous_direction,
2025-07-23,2025-07-24,0,0,0.0,validation,baseline,previous_direction,
2025-07-24,2025-07-25,1,0,0.0,validation,baseline,previous_direction,
2025-07-25,2025-07-28,1,1,1.0,validation,baseline,previous_direction,
2025-07-28,2025-07-29,0,1,1.0,validation,baseline,previous_direction,
2025-07-29,2025-07-30,0,0,0.0,validation,baseline,previous_direction,
2025-07-30,2025-07-31,0,0,0.0,validation,baseline,previous_direction,
2025-07-31,2025-08-01,0,0,0.0,validation,baseline,previous_direction,
2025-08-01,2025-08-04,1,0,0.0,validation,baseline,previous_direction,
2025-08-04,2025-08-05,0,1,1.0,validation,baseline,previous_direction,
2025-08-05,2025-08-06,1,0,0.0,validation,baseline,previous_direction,
2025-08-06,2025-08-07,1,1,1.0,validation,baseline,previous_direction,
2025-08-07,2025-08-08,1,1,1.0,validation,baseline,previous_direction,
2025-08-08,2025-08-11,0,1,1.0,validation,baseline,previous_direction,
2025-08-11,2025-08-12,1,0,0.0,validation,baseline,previous_direction,
2025-08-12,2025-08-13,1,1,1.0,validation,baseline,previous_direction,
2025-08-13,2025-08-14,0,1,1.0,validation,baseline,previous_direction,
2025-08-14,2025-08-15,0,0,0.0,validation,baseline,previous_direction,
2025-08-15,2025-08-18,0,0,0.0,validation,baseline,previous_direction,
2025-08-18,2025-08-19,0,0,0.0,validation,baseline,previous_direction,
2025-08-19,2025-08-20,0,0,0.0,validation,baseline,previous_direction,
2025-08-20,2025-08-21,0,0,0.0,validation,baseline,previous_direction,
2025-08-21,2025-08-22,1,0,0.0,validation,baseline,previous_direction,
2025-08-22,2025-08-25,0,1,1.0,validation,baseline,previous_direction,
2025-08-25,2025-08-26,1,0,0.0,validation,baseline,previous_direction,
2025-08-26,2025-08-27,1,1,1.0,validation,baseline,previous_direction,
2025-08-27,2025-08-28,1,1,1.0,validation,baseline,previous_direction,
2025-08-28,2025-08-29,0,1,1.0,validation,baseline,previous_direction,
2025-08-29,2025-09-02,0,0,0.0,validation,baseline,previous_direction,
2025-09-02,2025-09-03,1,0,0.0,validation,baseline,previous_direction,
2025-09-03,2025-09-04,1,1,1.0,validation,baseline,previous_direction,
2025-09-04,2025-09-05,0,1,1.0,validation,baseline,previous_direction,
2025-09-05,2025-09-08,0,0,0.0,validation,baseline,previous_direction,
2025-09-08,2025-09-09,0,0,0.0,validation,baseline,previous_direction,
2025-09-09,2025-09-10,0,0,0.0,validation,baseline,previous_direction,
2025-09-10,2025-09-11,1,0,0.0,validation,baseline,previous_direction,
2025-09-11,2025-09-12,1,1,1.0,validation,baseline,previous_direction,
2025-09-12,2025-09-15,1,1,1.0,validation,baseline,previous_direction,
2025-09-15,2025-09-16,1,1,1.0,validation,baseline,previous_direction,
2025-09-16,2025-09-17,1,1,1.0,validation,baseline,previous_direction,
2025-09-17,2025-09-18,0,1,1.0,validation,baseline,previous_direction,
2025-09-18,2025-09-19,1,0,0.0,validation,baseline,previous_direction,
2025-09-19,2025-09-22,1,1,1.0,validation,baseline,previous_direction,
2025-09-22,2025-09-23,0,1,1.0,validation,baseline,previous_direction,
2025-09-23,2025-09-24,0,0,0.0,validation,baseline,previous_direction,
2025-09-24,2025-09-25,1,0,0.0,validation,baseline,previous_direction,
2025-09-25,2025-09-26,0,1,1.0,validation,baseline,previous_direction,
2025-09-26,2025-09-29,0,0,0.0,validation,baseline,previous_direction,
2025-09-29,2025-09-30,1,0,0.0,validation,baseline,previous_direction,
2025-10-01,2025-10-02,1,1,0.5041322314049587,test,baseline,majority_class,
2025-10-02,2025-10-03,1,1,0.5041322314049587,test,baseline,majority_class,
2025-10-03,2025-10-06,0,1,0.5041322314049587,test,baseline,majority_class,
2025-10-06,2025-10-07,0,1,0.5041322314049587,test,baseline,majority_class,
2025-10-07,2025-10-08,1,1,0.5041322314049587,test,baseline,majority_class,
2025-10-08,2025-10-09,0,1,0.5041322314049587,test,baseline,majority_class,
2025-10-09,2025-10-10,0,1,0.5041322314049587,test,baseline,majority_class,
2025-10-10,2025-10-13,1,1,0.5041322314049587,test,baseline,majority_class,
2025-10-13,2025-10-14,1,1,0.5041322314049587,test,baseline,majority_class,
2025-10-14,2025-10-15,1,1,0.5041322314049587,test,baseline,majority_class,
2025-10-15,2025-10-16,0,1,0.5041322314049587,test,baseline,majority_class,
2025-10-16,2025-10-17,1,1,0.5041322314049587,test,baseline,majority_class,
2025-10-17,2025-10-20,1,1,0.5041322314049587,test,baseline,majority_class,
2025-10-20,2025-10-21,1,1,0.5041322314049587,test,baseline,majority_class,
2025-10-21,2025-10-22,0,1,0.5041322314049587,test,baseline,majority_class,
2025-10-22,2025-10-23,1,1,0.5041322314049587,test,baseline,majority_class,
2025-10-23,2025-10-24,1,1,0.5041322314049587,test,baseline,majority_class,
2025-10-24,2025-10-27,1,1,0.5041322314049587,test,baseline,majority_class,
2025-10-27,2025-10-28,1,1,0.5041322314049587,test,baseline,majority_class,
2025-10-28,2025-10-29,1,1,0.5041322314049587,test,baseline,majority_class,
2025-10-29,2025-10-30,1,1,0.5041322314049587,test,baseline,majority_class,
2025-10-30,2025-10-31,0,1,0.5041322314049587,test,baseline,majority_class,
2025-10-31,2025-11-03,0,1,0.5041322314049587,test,baseline,majority_class,
2025-11-03,2025-11-04,1,1,0.5041322314049587,test,baseline,majority_class,
2025-11-04,2025-11-05,1,1,0.5041322314049587,test,baseline,majority_class,
2025-11-05,2025-11-06,0,1,0.5041322314049587,test,baseline,majority_class,
2025-11-06,2025-11-07,0,1,0.5041322314049587,test,baseline,majority_class,
2025-11-07,2025-11-10,1,1,0.5041322314049587,test,baseline,majority_class,
2025-11-10,2025-11-11,1,1,0.5041322314049587,test,baseline,majority_class,
2025-11-11,2025-11-12,0,1,0.5041322314049587,test,baseline,majority_class,
2025-11-12,2025-11-13,0,1,0.5041322314049587,test,baseline,majority_class,
2025-11-13,2025-11-14,0,1,0.5041322314049587,test,baseline,majority_class,
2025-11-14,2025-11-17,0,1,0.5041322314049587,test,baseline,majority_class,
2025-11-17,2025-11-18,0,1,0.5041322314049587,test,baseline,majority_class,
2025-11-18,2025-11-19,1,1,0.5041322314049587,test,baseline,majority_class,
2025-11-19,2025-11-20,0,1,0.5041322314049587,test,baseline,majority_class,
2025-11-20,2025-11-21,1,1,0.5041322314049587,test,baseline,majority_class,
2025-11-21,2025-11-24,1,1,0.5041322314049587,test,baseline,majority_class,
2025-11-24,2025-11-25,1,1,0.5041322314049587,test,baseline,majority_class,
2025-11-25,2025-11-26,1,1,0.5041322314049587,test,baseline,majority_class,
2025-11-26,2025-11-28,1,1,0.5041322314049587,test,baseline,majority_class,
2025-11-28,2025-12-01,1,1,0.5041322314049587,test,baseline,majority_class,
2025-12-01,2025-12-02,1,1,0.5041322314049587,test,baseline,majority_class,
2025-12-02,2025-12-03,0,1,0.5041322314049587,test,baseline,majority_class,
2025-12-03,2025-12-04,0,1,0.5041322314049587,test,baseline,majority_class,
2025-12-04,2025-12-05,0,1,0.5041322314049587,test,baseline,majority_class,
2025-12-05,2025-12-08,0,1,0.5041322314049587,test,baseline,majority_class,
2025-12-08,2025-12-09,0,1,0.5041322314049587,test,baseline,majority_class,
2025-12-09,2025-12-10,1,1,0.5041322314049587,test,baseline,majority_class,
2025-12-10,2025-12-11,0,1,0.5041322314049587,test,baseline,majority_class,
2025-12-11,2025-12-12,1,1,0.5041322314049587,test,baseline,majority_class,
2025-12-12,2025-12-15,0,1,0.5041322314049587,test,baseline,majority_class,
2025-12-15,2025-12-16,1,1,0.5041322314049587,test,baseline,majority_class,
2025-12-16,2025-12-17,0,1,0.5041322314049587,test,baseline,majority_class,
2025-12-17,2025-12-18,1,1,0.5041322314049587,test,baseline,majority_class,
2025-12-18,2025-12-19,1,1,0.5041322314049587,test,baseline,majority_class,
2025-12-19,2025-12-22,0,1,0.5041322314049587,test,baseline,majority_class,
2025-12-22,2025-12-23,1,1,0.5041322314049587,test,baseline,majority_class,
2025-12-23,2025-12-24,1,1,0.5041322314049587,test,baseline,majority_class,
2025-12-24,2025-12-26,0,1,0.5041322314049587,test,baseline,majority_class,
2025-12-26,2025-12-29,1,1,0.5041322314049587,test,baseline,majority_class,
2025-12-29,2025-12-30,0,1,0.5041322314049587,test,baseline,majority_class,
2025-12-30,2025-12-31,0,1,0.5041322314049587,test,baseline,majority_class,
2025-10-01,2025-10-02,1,1,1.0,test,baseline,previous_direction,
2025-10-02,2025-10-03,1,1,1.0,test,baseline,previous_direction,
2025-10-03,2025-10-06,0,1,1.0,test,baseline,previous_direction,
2025-10-06,2025-10-07,0,0,0.0,test,baseline,previous_direction,
2025-10-07,2025-10-08,1,0,0.0,test,baseline,previous_direction,
2025-10-08,2025-10-09,0,1,1.0,test,baseline,previous_direction,
2025-10-09,2025-10-10,0,0,0.0,test,baseline,previous_direction,
2025-10-10,2025-10-13,1,0,0.0,test,baseline,previous_direction,
2025-10-13,2025-10-14,1,1,1.0,test,baseline,previous_direction,
2025-10-14,2025-10-15,1,1,1.0,test,baseline,previous_direction,
2025-10-15,2025-10-16,0,1,1.0,test,baseline,previous_direction,
2025-10-16,2025-10-17,1,0,0.0,test,baseline,previous_direction,
2025-10-17,2025-10-20,1,1,1.0,test,baseline,previous_direction,
2025-10-20,2025-10-21,1,1,1.0,test,baseline,previous_direction,
2025-10-21,2025-10-22,0,1,1.0,test,baseline,previous_direction,
2025-10-22,2025-10-23,1,0,0.0,test,baseline,previous_direction,
2025-10-23,2025-10-24,1,1,1.0,test,baseline,previous_direction,
2025-10-24,2025-10-27,1,1,1.0,test,baseline,previous_direction,
2025-10-27,2025-10-28,1,1,1.0,test,baseline,previous_direction,
2025-10-28,2025-10-29,1,1,1.0,test,baseline,previous_direction,
2025-10-29,2025-10-30,1,1,1.0,test,baseline,previous_direction,
2025-10-30,2025-10-31,0,1,1.0,test,baseline,previous_direction,
2025-10-31,2025-11-03,0,0,0.0,test,baseline,previous_direction,
2025-11-03,2025-11-04,1,0,0.0,test,baseline,previous_direction,
2025-11-04,2025-11-05,1,1,1.0,test,baseline,previous_direction,
2025-11-05,2025-11-06,0,1,1.0,test,baseline,previous_direction,
2025-11-06,2025-11-07,0,0,0.0,test,baseline,previous_direction,
2025-11-07,2025-11-10,1,0,0.0,test,baseline,previous_direction,
2025-11-10,2025-11-11,1,1,1.0,test,baseline,previous_direction,
2025-11-11,2025-11-12,0,1,1.0,test,baseline,previous_direction,
2025-11-12,2025-11-13,0,0,0.0,test,baseline,previous_direction,
2025-11-13,2025-11-14,0,0,0.0,test,baseline,previous_direction,
2025-11-14,2025-11-17,0,0,0.0,test,baseline,previous_direction,
2025-11-17,2025-11-18,0,0,0.0,test,baseline,previous_direction,
2025-11-18,2025-11-19,1,0,0.0,test,baseline,previous_direction,
2025-11-19,2025-11-20,0,1,1.0,test,baseline,previous_direction,
2025-11-20,2025-11-21,1,0,0.0,test,baseline,previous_direction,
2025-11-21,2025-11-24,1,1,1.0,test,baseline,previous_direction,
2025-11-24,2025-11-25,1,1,1.0,test,baseline,previous_direction,
2025-11-25,2025-11-26,1,1,1.0,test,baseline,previous_direction,
2025-11-26,2025-11-28,1,1,1.0,test,baseline,previous_direction,
2025-11-28,2025-12-01,1,1,1.0,test,baseline,previous_direction,
2025-12-01,2025-12-02,1,1,1.0,test,baseline,previous_direction,
2025-12-02,2025-12-03,0,1,1.0,test,baseline,previous_direction,
2025-12-03,2025-12-04,0,0,0.0,test,baseline,previous_direction,
2025-12-04,2025-12-05,0,0,0.0,test,baseline,previous_direction,
2025-12-05,2025-12-08,0,0,0.0,test,baseline,previous_direction,
2025-12-08,2025-12-09,0,0,0.0,test,baseline,previous_direction,
2025-12-09,2025-12-10,1,0,0.0,test,baseline,previous_direction,
2025-12-10,2025-12-11,0,1,1.0,test,baseline,previous_direction,
2025-12-11,2025-12-12,1,0,0.0,test,baseline,previous_direction,
2025-12-12,2025-12-15,0,1,1.0,test,baseline,previous_direction,
2025-12-15,2025-12-16,1,0,0.0,test,baseline,previous_direction,
2025-12-16,2025-12-17,0,1,1.0,test,baseline,previous_direction,
2025-12-17,2025-12-18,1,0,0.0,test,baseline,previous_direction,
2025-12-18,2025-12-19,1,1,1.0,test,baseline,previous_direction,
2025-12-19,2025-12-22,0,1,1.0,test,baseline,previous_direction,
2025-12-22,2025-12-23,1,0,0.0,test,baseline,previous_direction,
2025-12-23,2025-12-24,1,1,1.0,test,baseline,previous_direction,
2025-12-24,2025-12-26,0,1,1.0,test,baseline,previous_direction,
2025-12-26,2025-12-29,1,0,0.0,test,baseline,previous_direction,
2025-12-29,2025-12-30,0,1,1.0,test,baseline,previous_direction,
2025-12-30,2025-12-31,0,0,0.0,test,baseline,previous_direction,
2025-07-01,2025-07-02,1,0,0.3996757383993947,validation,A,logistic_regression,42.0
2025-07-02,2025-07-03,1,0,0.40399274414400727,validation,A,logistic_regression,42.0
2025-07-03,2025-07-07,0,0,0.3637000543440663,validation,A,logistic_regression,42.0
2025-07-07,2025-07-08,1,0,0.2663643976167715,validation,A,logistic_regression,42.0
2025-07-08,2025-07-09,1,0,0.23432277740701354,validation,A,logistic_regression,42.0
2025-07-09,2025-07-10,1,0,0.21348744908055142,validation,A,logistic_regression,42.0
2025-07-10,2025-07-11,0,0,0.3699259019910497,validation,A,logistic_regression,42.0
2025-07-11,2025-07-14,0,0,0.36281171637271986,validation,A,logistic_regression,42.0
2025-07-14,2025-07-15,1,0,0.3339560423665635,validation,A,logistic_regression,42.0
2025-07-15,2025-07-16,1,0,0.2707040047312576,validation,A,logistic_regression,42.0
2025-07-16,2025-07-17,0,0,0.3188629171363319,validation,A,logistic_regression,42.0
2025-07-17,2025-07-18,1,0,0.3887055337206242,validation,A,logistic_regression,42.0
2025-07-18,2025-07-21,1,0,0.3645518190819736,validation,A,logistic_regression,42.0
2025-07-21,2025-07-22,1,0,0.3730854946976019,validation,A,logistic_regression,42.0
2025-07-22,2025-07-23,0,0,0.38250905981013644,validation,A,logistic_regression,42.0
2025-07-23,2025-07-24,0,0,0.3649442198087072,validation,A,logistic_regression,42.0
2025-07-24,2025-07-25,1,0,0.34961309150754866,validation,A,logistic_regression,42.0
2025-07-25,2025-07-28,1,0,0.31611622745907403,validation,A,logistic_regression,42.0
2025-07-28,2025-07-29,0,0,0.33918609233704233,validation,A,logistic_regression,42.0
2025-07-29,2025-07-30,0,0,0.39001331438787684,validation,A,logistic_regression,42.0
2025-07-30,2025-07-31,0,0,0.39797208302837833,validation,A,logistic_regression,42.0
2025-07-31,2025-08-01,0,0,0.38472907065324546,validation,A,logistic_regression,42.0
2025-08-01,2025-08-04,1,0,0.43740468140104855,validation,A,logistic_regression,42.0
2025-08-04,2025-08-05,0,0,0.43554572827834764,validation,A,logistic_regression,42.0
2025-08-05,2025-08-06,1,0,0.47963549793739224,validation,A,logistic_regression,42.0
2025-08-06,2025-08-07,1,0,0.35591803083328,validation,A,logistic_regression,42.0
2025-08-07,2025-08-08,1,0,0.377070668642051,validation,A,logistic_regression,42.0
2025-08-08,2025-08-11,0,0,0.3576751363124573,validation,A,logistic_regression,42.0
2025-08-11,2025-08-12,1,0,0.21492593097665838,validation,A,logistic_regression,42.0
2025-08-12,2025-08-13,1,0,0.12447075326126049,validation,A,logistic_regression,42.0
2025-08-13,2025-08-14,0,0,0.10081831810584976,validation,A,logistic_regression,42.0
2025-08-14,2025-08-15,0,0,0.1727108427608311,validation,A,logistic_regression,42.0
2025-08-15,2025-08-18,0,0,0.2664107856043215,validation,A,logistic_regression,42.0
2025-08-18,2025-08-19,0,0,0.21963031452124998,validation,A,logistic_regression,42.0
2025-08-19,2025-08-20,0,0,0.26299411370015213,validation,A,logistic_regression,42.0
2025-08-20,2025-08-21,0,0,0.3703477685463794,validation,A,logistic_regression,42.0
2025-08-21,2025-08-22,1,0,0.381844043728028,validation,A,logistic_regression,42.0
2025-08-22,2025-08-25,0,0,0.3355848008784648,validation,A,logistic_regression,42.0
2025-08-25,2025-08-26,1,0,0.45506706848628625,validation,A,logistic_regression,42.0
2025-08-26,2025-08-27,1,0,0.4098548931899305,validation,A,logistic_regression,42.0
2025-08-27,2025-08-28,1,0,0.3633155098629935,validation,A,logistic_regression,42.0
2025-08-28,2025-08-29,0,0,0.35543096589240436,validation,A,logistic_regression,42.0
2025-08-29,2025-09-02,0,0,0.30460132278108887,validation,A,logistic_regression,42.0
2025-09-02,2025-09-03,1,0,0.2771026166944377,validation,A,logistic_regression,42.0
2025-09-03,2025-09-04,1,0,0.1453978437758281,validation,A,logistic_regression,42.0
2025-09-04,2025-09-05,0,0,0.23537624557552989,validation,A,logistic_regression,42.0
2025-09-05,2025-09-08,0,0,0.3336475745868341,validation,A,logistic_regression,42.0
2025-09-08,2025-09-09,0,0,0.222435906111391,validation,A,logistic_regression,42.0
2025-09-09,2025-09-10,0,0,0.1737039039381345,validation,A,logistic_regression,42.0
2025-09-10,2025-09-11,1,0,0.31021383995763063,validation,A,logistic_regression,42.0
2025-09-11,2025-09-12,1,0,0.3208890082407755,validation,A,logistic_regression,42.0
2025-09-12,2025-09-15,1,0,0.35286944326107544,validation,A,logistic_regression,42.0
2025-09-15,2025-09-16,1,1,0.5009049762724187,validation,A,logistic_regression,42.0
2025-09-16,2025-09-17,1,0,0.39280812411830923,validation,A,logistic_regression,42.0
2025-09-17,2025-09-18,0,0,0.4016451383301533,validation,A,logistic_regression,42.0
2025-09-18,2025-09-19,1,0,0.33119156278489037,validation,A,logistic_regression,42.0
2025-09-19,2025-09-22,1,0,0.19989369674725493,validation,A,logistic_regression,42.0
2025-09-22,2025-09-23,0,0,0.20296438018506677,validation,A,logistic_regression,42.0
2025-09-23,2025-09-24,0,0,0.2966372585182465,validation,A,logistic_regression,42.0
2025-09-24,2025-09-25,1,0,0.19414884441468028,validation,A,logistic_regression,42.0
2025-09-25,2025-09-26,0,0,0.08289086944145528,validation,A,logistic_regression,42.0
2025-09-26,2025-09-29,0,0,0.15853543013748764,validation,A,logistic_regression,42.0
2025-09-29,2025-09-30,1,0,0.34235982856484976,validation,A,logistic_regression,42.0
2025-07-01,2025-07-02,1,0,0.36296110636281215,validation,A,random_forest,0.0
2025-07-02,2025-07-03,1,0,0.47571739439309063,validation,A,random_forest,0.0
2025-07-03,2025-07-07,0,0,0.47411567217899964,validation,A,random_forest,0.0
2025-07-07,2025-07-08,1,0,0.3921228349988239,validation,A,random_forest,0.0
2025-07-08,2025-07-09,1,0,0.37934481029524036,validation,A,random_forest,0.0
2025-07-09,2025-07-10,1,0,0.33548789760625986,validation,A,random_forest,0.0
2025-07-10,2025-07-11,0,0,0.38589747212263964,validation,A,random_forest,0.0
2025-07-11,2025-07-14,0,0,0.3932675040788973,validation,A,random_forest,0.0
2025-07-14,2025-07-15,1,0,0.3532262198295557,validation,A,random_forest,0.0
2025-07-15,2025-07-16,1,0,0.3449874952813007,validation,A,random_forest,0.0
2025-07-16,2025-07-17,0,0,0.3022445324548578,validation,A,random_forest,0.0
2025-07-17,2025-07-18,1,0,0.3476593691057768,validation,A,random_forest,0.0
2025-07-18,2025-07-21,1,0,0.3742824461329459,validation,A,random_forest,0.0
2025-07-21,2025-07-22,1,0,0.25328379874707135,validation,A,random_forest,0.0
2025-07-22,2025-07-23,0,0,0.30162230469923135,validation,A,random_forest,0.0
2025-07-23,2025-07-24,0,0,0.3717356216576429,validation,A,random_forest,0.0
2025-07-24,2025-07-25,1,0,0.38156074279308777,validation,A,random_forest,0.0
2025-07-25,2025-07-28,1,0,0.35311590834763423,validation,A,random_forest,0.0
2025-07-28,2025-07-29,0,0,0.36128349944037447,validation,A,random_forest,0.0
2025-07-29,2025-07-30,0,0,0.2990053819389323,validation,A,random_forest,0.0
2025-07-30,2025-07-31,0,0,0.3927071348870589,validation,A,random_forest,0.0
2025-07-31,2025-08-01,0,0,0.45423564987189397,validation,A,random_forest,0.0
2025-08-01,2025-08-04,1,0,0.49165227339416795,validation,A,random_forest,0.0
2025-08-04,2025-08-05,0,0,0.4009945666424162,validation,A,random_forest,0.0
2025-08-05,2025-08-06,1,1,0.5220404072767859,validation,A,random_forest,0.0
2025-08-06,2025-08-07,1,0,0.48208674907892324,validation,A,random_forest,0.0
2025-08-07,2025-08-08,1,0,0.40661419097355583,validation,A,random_forest,0.0
2025-08-08,2025-08-11,0,0,0.4546847255130183,validation,A,random_forest,0.0
2025-08-11,2025-08-12,1,0,0.3231491693371098,validation,A,random_forest,0.0
2025-08-12,2025-08-13,1,0,0.28068225142243636,validation,A,random_forest,0.0
2025-08-13,2025-08-14,0,0,0.34981648297445034,validation,A,random_forest,0.0
2025-08-14,2025-08-15,0,0,0.39115801798755473,validation,A,random_forest,0.0
2025-08-15,2025-08-18,0,0,0.40738861807849486,validation,A,random_forest,0.0
2025-08-18,2025-08-19,0,1,0.5185376625729193,validation,A,random_forest,0.0
2025-08-19,2025-08-20,0,0,0.4599416089755171,validation,A,random_forest,0.0
2025-08-20,2025-08-21,0,0,0.36334482711723426,validation,A,random_forest,0.0
2025-08-21,2025-08-22,1,0,0.41143834952771263,validation,A,random_forest,0.0
2025-08-22,2025-08-25,0,0,0.3393260093270302,validation,A,random_forest,0.0
2025-08-25,2025-08-26,1,0,0.43397316211011316,validation,A,random_forest,0.0
2025-08-26,2025-08-27,1,0,0.34015740113370707,validation,A,random_forest,0.0
2025-08-27,2025-08-28,1,0,0.4151626473274618,validation,A,random_forest,0.0
2025-08-28,2025-08-29,0,0,0.3504305659323115,validation,A,random_forest,0.0
2025-08-29,2025-09-02,0,0,0.38300776561708966,validation,A,random_forest,0.0
2025-09-02,2025-09-03,1,0,0.3423747396636532,validation,A,random_forest,0.0
2025-09-03,2025-09-04,1,0,0.4600326775243614,validation,A,random_forest,0.0
2025-09-04,2025-09-05,0,0,0.38580833518226954,validation,A,random_forest,0.0
2025-09-05,2025-09-08,0,0,0.4135183019034591,validation,A,random_forest,0.0
2025-09-08,2025-09-09,0,0,0.3879855112295053,validation,A,random_forest,0.0
2025-09-09,2025-09-10,0,0,0.3284093670779646,validation,A,random_forest,0.0
2025-09-10,2025-09-11,1,0,0.4409889824681939,validation,A,random_forest,0.0
2025-09-11,2025-09-12,1,0,0.35864739213103103,validation,A,random_forest,0.0
2025-09-12,2025-09-15,1,0,0.35290504129082434,validation,A,random_forest,0.0
2025-09-15,2025-09-16,1,0,0.281543864574348,validation,A,random_forest,0.0
2025-09-16,2025-09-17,1,0,0.29230916272974766,validation,A,random_forest,0.0
2025-09-17,2025-09-18,0,0,0.3386248452736811,validation,A,random_forest,0.0
2025-09-18,2025-09-19,1,0,0.34619565939580166,validation,A,random_forest,0.0
2025-09-19,2025-09-22,1,1,0.5046741376464217,validation,A,random_forest,0.0
2025-09-22,2025-09-23,0,0,0.4705598099802083,validation,A,random_forest,0.0
2025-09-23,2025-09-24,0,0,0.3590165907832574,validation,A,random_forest,0.0
2025-09-24,2025-09-25,1,0,0.3800346749522704,validation,A,random_forest,0.0
2025-09-25,2025-09-26,0,0,0.37363185536739646,validation,A,random_forest,0.0
2025-09-26,2025-09-29,0,0,0.3767643714253878,validation,A,random_forest,0.0
2025-09-29,2025-09-30,1,0,0.48658658132352023,validation,A,random_forest,0.0
2025-07-01,2025-07-02,1,0,0.3853500612464162,validation,A,random_forest,1.0
2025-07-02,2025-07-03,1,1,0.5002661099737568,validation,A,random_forest,1.0
2025-07-03,2025-07-07,0,1,0.5366340647635865,validation,A,random_forest,1.0
2025-07-07,2025-07-08,1,0,0.4064892396483748,validation,A,random_forest,1.0
2025-07-08,2025-07-09,1,0,0.3477779724727833,validation,A,random_forest,1.0
2025-07-09,2025-07-10,1,0,0.36512515613247665,validation,A,random_forest,1.0
2025-07-10,2025-07-11,0,0,0.4197466599285035,validation,A,random_forest,1.0
2025-07-11,2025-07-14,0,0,0.3820181723959966,validation,A,random_forest,1.0
2025-07-14,2025-07-15,1,0,0.34007757478447026,validation,A,random_forest,1.0
2025-07-15,2025-07-16,1,0,0.33483625736058703,validation,A,random_forest,1.0
2025-07-16,2025-07-17,0,0,0.3240218971207945,validation,A,random_forest,1.0
2025-07-17,2025-07-18,1,0,0.33831899447195934,validation,A,random_forest,1.0
2025-07-18,2025-07-21,1,0,0.38644902555497873,validation,A,random_forest,1.0
2025-07-21,2025-07-22,1,0,0.27538281052750124,validation,A,random_forest,1.0
2025-07-22,2025-07-23,0,0,0.31944007165057997,validation,A,random_forest,1.0
2025-07-23,2025-07-24,0,0,0.3618456289382659,validation,A,random_forest,1.0
2025-07-24,2025-07-25,1,0,0.3773733730646377,validation,A,random_forest,1.0
2025-07-25,2025-07-28,1,0,0.3572608627475226,validation,A,random_forest,1.0
2025-07-28,2025-07-29,0,0,0.38548875953575096,validation,A,random_forest,1.0
2025-07-29,2025-07-30,0,0,0.3078566451656133,validation,A,random_forest,1.0
2025-07-30,2025-07-31,0,0,0.37735232190012763,validation,A,random_forest,1.0
2025-07-31,2025-08-01,0,0,0.4363289955380739,validation,A,random_forest,1.0
2025-08-01,2025-08-04,1,0,0.48055120341049057,validation,A,random_forest,1.0
2025-08-04,2025-08-05,0,0,0.37423184224481737,validation,A,random_forest,1.0
2025-08-05,2025-08-06,1,0,0.46063365730258804,validation,A,random_forest,1.0
2025-08-06,2025-08-07,1,1,0.5416856758596226,validation,A,random_forest,1.0
2025-08-07,2025-08-08,1,0,0.43757824902045184,validation,A,random_forest,1.0
2025-08-08,2025-08-11,0,0,0.4770346353499345,validation,A,random_forest,1.0
2025-08-11,2025-08-12,1,0,0.3480263013147102,validation,A,random_forest,1.0
2025-08-12,2025-08-13,1,0,0.34453713654668033,validation,A,random_forest,1.0
2025-08-13,2025-08-14,0,0,0.37835399785791357,validation,A,random_forest,1.0
2025-08-14,2025-08-15,0,0,0.4054733370965117,validation,A,random_forest,1.0
2025-08-15,2025-08-18,0,0,0.39387317533417504,validation,A,random_forest,1.0
2025-08-18,2025-08-19,0,0,0.4911234989507482,validation,A,random_forest,1.0
2025-08-19,2025-08-20,0,0,0.4697238952655187,validation,A,random_forest,1.0
2025-08-20,2025-08-21,0,0,0.3357511018255027,validation,A,random_forest,1.0
2025-08-21,2025-08-22,1,0,0.37900105369113246,validation,A,random_forest,1.0
2025-08-22,2025-08-25,0,0,0.31369195154960217,validation,A,random_forest,1.0
2025-08-25,2025-08-26,1,0,0.40605980854668844,validation,A,random_forest,1.0
2025-08-26,2025-08-27,1,0,0.34676738425289333,validation,A,random_forest,1.0
2025-08-27,2025-08-28,1,0,0.45929547499714884,validation,A,random_forest,1.0
2025-08-28,2025-08-29,0,0,0.39395004028930347,validation,A,random_forest,1.0
2025-08-29,2025-09-02,0,0,0.38487324516373544,validation,A,random_forest,1.0
2025-09-02,2025-09-03,1,0,0.36077356367596863,validation,A,random_forest,1.0
2025-09-03,2025-09-04,1,0,0.4769349781565648,validation,A,random_forest,1.0
2025-09-04,2025-09-05,0,0,0.41480237188649205,validation,A,random_forest,1.0
2025-09-05,2025-09-08,0,0,0.40935988301745513,validation,A,random_forest,1.0
2025-09-08,2025-09-09,0,0,0.38946272799128595,validation,A,random_forest,1.0
2025-09-09,2025-09-10,0,0,0.3210668396806586,validation,A,random_forest,1.0
2025-09-10,2025-09-11,1,0,0.40979582669350206,validation,A,random_forest,1.0
2025-09-11,2025-09-12,1,0,0.32924681586839033,validation,A,random_forest,1.0
2025-09-12,2025-09-15,1,0,0.38065207668887124,validation,A,random_forest,1.0
2025-09-15,2025-09-16,1,0,0.33853375445611245,validation,A,random_forest,1.0
2025-09-16,2025-09-17,1,0,0.35642381547720975,validation,A,random_forest,1.0
2025-09-17,2025-09-18,0,0,0.33576394888116007,validation,A,random_forest,1.0
2025-09-18,2025-09-19,1,0,0.3253193194003182,validation,A,random_forest,1.0
2025-09-19,2025-09-22,1,1,0.5261931775408244,validation,A,random_forest,1.0
2025-09-22,2025-09-23,0,0,0.4816162885433986,validation,A,random_forest,1.0
2025-09-23,2025-09-24,0,0,0.35804017612273936,validation,A,random_forest,1.0
2025-09-24,2025-09-25,1,0,0.4129737066492315,validation,A,random_forest,1.0
2025-09-25,2025-09-26,0,0,0.39012470975790065,validation,A,random_forest,1.0
2025-09-26,2025-09-29,0,0,0.40989983396510155,validation,A,random_forest,1.0
2025-09-29,2025-09-30,1,0,0.47103394044496727,validation,A,random_forest,1.0
2025-07-01,2025-07-02,1,0,0.3802182695700933,validation,A,random_forest,2.0
2025-07-02,2025-07-03,1,0,0.4906217488480638,validation,A,random_forest,2.0
2025-07-03,2025-07-07,0,1,0.5425259050036269,validation,A,random_forest,2.0
2025-07-07,2025-07-08,1,0,0.4247464994582478,validation,A,random_forest,2.0
2025-07-08,2025-07-09,1,0,0.414736486821545,validation,A,random_forest,2.0
2025-07-09,2025-07-10,1,0,0.39145929704229027,validation,A,random_forest,2.0
2025-07-10,2025-07-11,0,0,0.44759952779350365,validation,A,random_forest,2.0
2025-07-11,2025-07-14,0,0,0.4494261911648322,validation,A,random_forest,2.0
2025-07-14,2025-07-15,1,0,0.3893686557668531,validation,A,random_forest,2.0
2025-07-15,2025-07-16,1,0,0.35322831474003263,validation,A,random_forest,2.0
2025-07-16,2025-07-17,0,0,0.344523677197542,validation,A,random_forest,2.0
2025-07-17,2025-07-18,1,0,0.3663905140065932,validation,A,random_forest,2.0
2025-07-18,2025-07-21,1,0,0.4179150408944485,validation,A,random_forest,2.0
2025-07-21,2025-07-22,1,0,0.27473872543632033,validation,A,random_forest,2.0
2025-07-22,2025-07-23,0,0,0.32464215804019286,validation,A,random_forest,2.0
2025-07-23,2025-07-24,0,0,0.3833907015973904,validation,A,random_forest,2.0
2025-07-24,2025-07-25,1,0,0.4393630577743519,validation,A,random_forest,2.0
2025-07-25,2025-07-28,1,0,0.38342855088404004,validation,A,random_forest,2.0
2025-07-28,2025-07-29,0,0,0.39536250007182056,validation,A,random_forest,2.0
2025-07-29,2025-07-30,0,0,0.3529217026193433,validation,A,random_forest,2.0
2025-07-30,2025-07-31,0,0,0.38865312842544897,validation,A,random_forest,2.0
2025-07-31,2025-08-01,0,0,0.4281574733522706,validation,A,random_forest,2.0
2025-08-01,2025-08-04,1,0,0.43542475568943045,validation,A,random_forest,2.0
2025-08-04,2025-08-05,0,0,0.3699995827944745,validation,A,random_forest,2.0
2025-08-05,2025-08-06,1,1,0.5043160596107628,validation,A,random_forest,2.0
2025-08-06,2025-08-07,1,1,0.5088037896224662,validation,A,random_forest,2.0
2025-08-07,2025-08-08,1,0,0.40958670709607975,validation,A,random_forest,2.0
2025-08-08,2025-08-11,0,0,0.4477531813511399,validation,A,random_forest,2.0
2025-08-11,2025-08-12,1,0,0.34521736113535284,validation,A,random_forest,2.0
2025-08-12,2025-08-13,1,0,0.3459133793832068,validation,A,random_forest,2.0
2025-08-13,2025-08-14,0,0,0.3539908158006713,validation,A,random_forest,2.0
2025-08-14,2025-08-15,0,0,0.4076422317352359,validation,A,random_forest,2.0
2025-08-15,2025-08-18,0,0,0.4209293120363957,validation,A,random_forest,2.0
2025-08-18,2025-08-19,0,1,0.5478954453019894,validation,A,random_forest,2.0
2025-08-19,2025-08-20,0,1,0.5054477992990416,validation,A,random_forest,2.0
2025-08-20,2025-08-21,0,0,0.3459692722888281,validation,A,random_forest,2.0
2025-08-21,2025-08-22,1,0,0.4064498994035095,validation,A,random_forest,2.0
2025-08-22,2025-08-25,0,0,0.3332130974316396,validation,A,random_forest,2.0
2025-08-25,2025-08-26,1,0,0.4561737730664437,validation,A,random_forest,2.0
2025-08-26,2025-08-27,1,0,0.3407358415981114,validation,A,random_forest,2.0
2025-08-27,2025-08-28,1,0,0.4684764801776419,validation,A,random_forest,2.0
2025-08-28,2025-08-29,0,0,0.35794629094475633,validation,A,random_forest,2.0
2025-08-29,2025-09-02,0,0,0.4226947819918225,validation,A,random_forest,2.0
2025-09-02,2025-09-03,1,0,0.3818830879153803,validation,A,random_forest,2.0
2025-09-03,2025-09-04,1,0,0.4703921586051302,validation,A,random_forest,2.0
2025-09-04,2025-09-05,0,0,0.44237428717539645,validation,A,random_forest,2.0
2025-09-05,2025-09-08,0,0,0.4606313476022579,validation,A,random_forest,2.0
2025-09-08,2025-09-09,0,0,0.4164118996352795,validation,A,random_forest,2.0
2025-09-09,2025-09-10,0,0,0.3487643839859566,validation,A,random_forest,2.0
2025-09-10,2025-09-11,1,0,0.37531419688304785,validation,A,random_forest,2.0
2025-09-11,2025-09-12,1,0,0.31278857617335215,validation,A,random_forest,2.0
2025-09-12,2025-09-15,1,0,0.3356496600361255,validation,A,random_forest,2.0
2025-09-15,2025-09-16,1,0,0.2980165948287816,validation,A,random_forest,2.0
2025-09-16,2025-09-17,1,0,0.33319300614754677,validation,A,random_forest,2.0
2025-09-17,2025-09-18,0,0,0.39389320164822106,validation,A,random_forest,2.0
2025-09-18,2025-09-19,1,0,0.3736491591389436,validation,A,random_forest,2.0
2025-09-19,2025-09-22,1,0,0.4979565508818688,validation,A,random_forest,2.0
2025-09-22,2025-09-23,0,0,0.467487083560042,validation,A,random_forest,2.0
2025-09-23,2025-09-24,0,0,0.39444364885166877,validation,A,random_forest,2.0
2025-09-24,2025-09-25,1,0,0.4204171075861873,validation,A,random_forest,2.0
2025-09-25,2025-09-26,0,0,0.37812791770356796,validation,A,random_forest,2.0
2025-09-26,2025-09-29,0,0,0.4346960141134952,validation,A,random_forest,2.0
2025-09-29,2025-09-30,1,1,0.5073564250980273,validation,A,random_forest,2.0
2025-10-01,2025-10-02,1,0,0.28674647153902477,test,A,logistic_regression,42.0
2025-10-02,2025-10-03,1,0,0.38578328585891924,test,A,logistic_regression,42.0
2025-10-03,2025-10-06,0,0,0.3933172770880684,test,A,logistic_regression,42.0
2025-10-06,2025-10-07,0,0,0.3949622088813948,test,A,logistic_regression,42.0
2025-10-07,2025-10-08,1,0,0.3385644090772784,test,A,logistic_regression,42.0
2025-10-08,2025-10-09,0,0,0.24522565994562895,test,A,logistic_regression,42.0
2025-10-09,2025-10-10,0,0,0.31060587566343006,test,A,logistic_regression,42.0
2025-10-10,2025-10-13,1,0,0.30483153918428935,test,A,logistic_regression,42.0
2025-10-13,2025-10-14,1,0,0.237562250617661,test,A,logistic_regression,42.0
2025-10-14,2025-10-15,1,0,0.32049458058270264,test,A,logistic_regression,42.0
2025-10-15,2025-10-16,0,1,0.5014118925703598,test,A,logistic_regression,42.0
2025-10-16,2025-10-17,1,0,0.4368147307447257,test,A,logistic_regression,42.0
2025-10-17,2025-10-20,1,0,0.41754561905057574,test,A,logistic_regression,42.0
2025-10-20,2025-10-21,1,0,0.3334819268806575,test,A,logistic_regression,42.0
2025-10-21,2025-10-22,0,0,0.4545818317076183,test,A,logistic_regression,42.0
2025-10-22,2025-10-23,1,0,0.35251811378019277,test,A,logistic_regression,42.0
2025-10-23,2025-10-24,1,0,0.19767623661667416,test,A,logistic_regression,42.0
2025-10-24,2025-10-27,1,0,0.20249553061112463,test,A,logistic_regression,42.0
2025-10-27,2025-10-28,1,0,0.37109269118538607,test,A,logistic_regression,42.0
2025-10-28,2025-10-29,1,0,0.395018285296914,test,A,logistic_regression,42.0
2025-10-29,2025-10-30,1,0,0.3438259262316098,test,A,logistic_regression,42.0
2025-10-30,2025-10-31,0,0,0.25014842953595684,test,A,logistic_regression,42.0
2025-10-31,2025-11-03,0,0,0.27413935955316376,test,A,logistic_regression,42.0
2025-11-03,2025-11-04,1,0,0.39553967329755324,test,A,logistic_regression,42.0
2025-11-04,2025-11-05,1,0,0.3554158325380855,test,A,logistic_regression,42.0
2025-11-05,2025-11-06,0,0,0.39712357212597116,test,A,logistic_regression,42.0
2025-11-06,2025-11-07,0,0,0.4146675253340258,test,A,logistic_regression,42.0
2025-11-07,2025-11-10,1,0,0.3176136288915988,test,A,logistic_regression,42.0
2025-11-10,2025-11-11,1,0,0.3251448834926969,test,A,logistic_regression,42.0
2025-11-11,2025-11-12,0,0,0.2665004590054704,test,A,logistic_regression,42.0
2025-11-12,2025-11-13,0,0,0.33223661959629924,test,A,logistic_regression,42.0
2025-11-13,2025-11-14,0,0,0.2933720306073056,test,A,logistic_regression,42.0
2025-11-14,2025-11-17,0,0,0.22844682945687955,test,A,logistic_regression,42.0
2025-11-17,2025-11-18,0,0,0.2919033997549183,test,A,logistic_regression,42.0
2025-11-18,2025-11-19,1,0,0.3816390823257404,test,A,logistic_regression,42.0
2025-11-19,2025-11-20,0,0,0.3301210627532932,test,A,logistic_regression,42.0
2025-11-20,2025-11-21,1,0,0.431960411011437,test,A,logistic_regression,42.0
2025-11-21,2025-11-24,1,0,0.35709413504608334,test,A,logistic_regression,42.0
2025-11-24,2025-11-25,1,0,0.3561181226474968,test,A,logistic_regression,42.0
2025-11-25,2025-11-26,1,0,0.44527328218490536,test,A,logistic_regression,42.0
2025-11-26,2025-11-28,1,0,0.37422823380952275,test,A,logistic_regression,42.0
2025-11-28,2025-12-01,1,0,0.323615989038458,test,A,logistic_regression,42.0
2025-12-01,2025-12-02,1,0,0.31687003540777986,test,A,logistic_regression,42.0
2025-12-02,2025-12-03,0,0,0.3468423279188711,test,A,logistic_regression,42.0
2025-12-03,2025-12-04,0,0,0.3481847394410004,test,A,logistic_regression,42.0
2025-12-04,2025-12-05,0,0,0.273325228641275,test,A,logistic_regression,42.0
2025-12-05,2025-12-08,0,0,0.22911544729939504,test,A,logistic_regression,42.0
2025-12-08,2025-12-09,0,0,0.3105458751167106,test,A,logistic_regression,42.0
2025-12-09,2025-12-10,1,0,0.4531203462710031,test,A,logistic_regression,42.0
2025-12-10,2025-12-11,0,0,0.4616966786935152,test,A,logistic_regression,42.0
2025-12-11,2025-12-12,1,0,0.46601877195432123,test,A,logistic_regression,42.0
2025-12-12,2025-12-15,0,0,0.4634149080031726,test,A,logistic_regression,42.0
2025-12-15,2025-12-16,1,0,0.4096578201682329,test,A,logistic_regression,42.0
2025-12-16,2025-12-17,0,0,0.37121384666388263,test,A,logistic_regression,42.0
2025-12-17,2025-12-18,1,0,0.3920439603379133,test,A,logistic_regression,42.0
2025-12-18,2025-12-19,1,0,0.4390033532736528,test,A,logistic_regression,42.0
2025-12-19,2025-12-22,0,0,0.3410593695054768,test,A,logistic_regression,42.0
2025-12-22,2025-12-23,1,0,0.49610124528778393,test,A,logistic_regression,42.0
2025-12-23,2025-12-24,1,0,0.48905984955564114,test,A,logistic_regression,42.0
2025-12-24,2025-12-26,0,0,0.46726069959959354,test,A,logistic_regression,42.0
2025-12-26,2025-12-29,1,1,0.5289409274649735,test,A,logistic_regression,42.0
2025-12-29,2025-12-30,0,1,0.5211687900927036,test,A,logistic_regression,42.0
2025-12-30,2025-12-31,0,1,0.5147169679945074,test,A,logistic_regression,42.0
2025-10-01,2025-10-02,1,0,0.36690254337038847,test,A,random_forest,0.0
2025-10-02,2025-10-03,1,0,0.36239718360412265,test,A,random_forest,0.0
2025-10-03,2025-10-06,0,0,0.3171718750989199,test,A,random_forest,0.0
2025-10-06,2025-10-07,0,0,0.38500480297895356,test,A,random_forest,0.0
2025-10-07,2025-10-08,1,0,0.4304672756477292,test,A,random_forest,0.0
2025-10-08,2025-10-09,0,0,0.354730617098372,test,A,random_forest,0.0
2025-10-09,2025-10-10,0,0,0.3099919200632991,test,A,random_forest,0.0
2025-10-10,2025-10-13,1,0,0.3827023915603131,test,A,random_forest,0.0
2025-10-13,2025-10-14,1,0,0.3690824621795839,test,A,random_forest,0.0
2025-10-14,2025-10-15,1,0,0.4449764257846354,test,A,random_forest,0.0
2025-10-15,2025-10-16,0,0,0.40075911139200504,test,A,random_forest,0.0
2025-10-16,2025-10-17,1,0,0.45604391941353667,test,A,random_forest,0.0
2025-10-17,2025-10-20,1,0,0.44294426043995855,test,A,random_forest,0.0
2025-10-20,2025-10-21,1,1,0.5011305027453178,test,A,random_forest,0.0
2025-10-21,2025-10-22,0,0,0.33885380172438945,test,A,random_forest,0.0
2025-10-22,2025-10-23,1,0,0.3590630077511935,test,A,random_forest,0.0
2025-10-23,2025-10-24,1,0,0.2944809227989801,test,A,random_forest,0.0
2025-10-24,2025-10-27,1,0,0.283660119598031,test,A,random_forest,0.0
2025-10-27,2025-10-28,1,0,0.475218346019165,test,A,random_forest,0.0
2025-10-28,2025-10-29,1,0,0.4270803514987275,test,A,random_forest,0.0
2025-10-29,2025-10-30,1,0,0.40531170365753993,test,A,random_forest,0.0
2025-10-30,2025-10-31,0,0,0.35896931923724235,test,A,random_forest,0.0
2025-10-31,2025-11-03,0,0,0.44312964803146787,test,A,random_forest,0.0
2025-11-03,2025-11-04,1,0,0.38310842326590294,test,A,random_forest,0.0
2025-11-04,2025-11-05,1,0,0.3809794303977471,test,A,random_forest,0.0
2025-11-05,2025-11-06,0,0,0.33762498715361927,test,A,random_forest,0.0
2025-11-06,2025-11-07,0,0,0.30580130973818653,test,A,random_forest,0.0
2025-11-07,2025-11-10,1,0,0.306190071759191,test,A,random_forest,0.0
2025-11-10,2025-11-11,1,0,0.34870885203367175,test,A,random_forest,0.0
2025-11-11,2025-11-12,0,0,0.43420695501093765,test,A,random_forest,0.0
2025-11-12,2025-11-13,0,0,0.41104681520981506,test,A,random_forest,0.0
2025-11-13,2025-11-14,0,0,0.3712386738675692,test,A,random_forest,0.0
2025-11-14,2025-11-17,0,0,0.3848261730675619,test,A,random_forest,0.0
2025-11-17,2025-11-18,0,0,0.41749972634006716,test,A,random_forest,0.0
2025-11-18,2025-11-19,1,0,0.3372311142277819,test,A,random_forest,0.0
2025-11-19,2025-11-20,0,0,0.27473426581972205,test,A,random_forest,0.0
2025-11-20,2025-11-21,1,0,0.353241216637394,test,A,random_forest,0.0
2025-11-21,2025-11-24,1,0,0.45689803919281324,test,A,random_forest,0.0
2025-11-24,2025-11-25,1,0,0.38302484850886576,test,A,random_forest,0.0
2025-11-25,2025-11-26,1,0,0.3344964766922478,test,A,random_forest,0.0
2025-11-26,2025-11-28,1,0,0.431360184024981,test,A,random_forest,0.0
2025-11-28,2025-12-01,1,0,0.40377659476218375,test,A,random_forest,0.0
2025-12-01,2025-12-02,1,0,0.3778427171700676,test,A,random_forest,0.0
2025-12-02,2025-12-03,0,0,0.3525117611281469,test,A,random_forest,0.0
2025-12-03,2025-12-04,0,0,0.3728869213823485,test,A,random_forest,0.0
2025-12-04,2025-12-05,0,0,0.3825645959521657,test,A,random_forest,0.0
2025-12-05,2025-12-08,0,0,0.43067164772749683,test,A,random_forest,0.0
2025-12-08,2025-12-09,0,0,0.31544030135559015,test,A,random_forest,0.0
2025-12-09,2025-12-10,1,0,0.3346406171611246,test,A,random_forest,0.0
2025-12-10,2025-12-11,0,0,0.32724118670206315,test,A,random_forest,0.0
2025-12-11,2025-12-12,1,0,0.4010473785239274,test,A,random_forest,0.0
2025-12-12,2025-12-15,0,0,0.42951124254064077,test,A,random_forest,0.0
2025-12-15,2025-12-16,1,0,0.3691736098293913,test,A,random_forest,0.0
2025-12-16,2025-12-17,0,0,0.40657522684099534,test,A,random_forest,0.0
2025-12-17,2025-12-18,1,0,0.43914142780239324,test,A,random_forest,0.0
2025-12-18,2025-12-19,1,0,0.4099478234603921,test,A,random_forest,0.0
2025-12-19,2025-12-22,0,0,0.3447482245711981,test,A,random_forest,0.0
2025-12-22,2025-12-23,1,1,0.5356612789347762,test,A,random_forest,0.0
2025-12-23,2025-12-24,1,1,0.5220547081676848,test,A,random_forest,0.0
2025-12-24,2025-12-26,0,1,0.5487921838305687,test,A,random_forest,0.0
2025-12-26,2025-12-29,1,1,0.5892759257488682,test,A,random_forest,0.0
2025-12-29,2025-12-30,0,1,0.5664723117072511,test,A,random_forest,0.0
2025-12-30,2025-12-31,0,1,0.555671505673894,test,A,random_forest,0.0
2025-10-01,2025-10-02,1,0,0.3997457323055423,test,A,random_forest,1.0
2025-10-02,2025-10-03,1,0,0.39354859389130087,test,A,random_forest,1.0
2025-10-03,2025-10-06,0,0,0.31757333558838224,test,A,random_forest,1.0
2025-10-06,2025-10-07,0,0,0.40379468663115065,test,A,random_forest,1.0
2025-10-07,2025-10-08,1,0,0.47241821808672957,test,A,random_forest,1.0
2025-10-08,2025-10-09,0,0,0.40641802900392027,test,A,random_forest,1.0
2025-10-09,2025-10-10,0,0,0.3245198246626052,test,A,random_forest,1.0
2025-10-10,2025-10-13,1,0,0.3813901044897167,test,A,random_forest,1.0
2025-10-13,2025-10-14,1,0,0.374010010317662,test,A,random_forest,1.0
2025-10-14,2025-10-15,1,0,0.4185797521753008,test,A,random_forest,1.0
2025-10-15,2025-10-16,0,0,0.4096264202361832,test,A,random_forest,1.0
2025-10-16,2025-10-17,1,0,0.46267174088408797,test,A,random_forest,1.0
2025-10-17,2025-10-20,1,0,0.4405411695636865,test,A,random_forest,1.0
2025-10-20,2025-10-21,1,1,0.544144693223372,test,A,random_forest,1.0
2025-10-21,2025-10-22,0,0,0.3553247335632143,test,A,random_forest,1.0
2025-10-22,2025-10-23,1,0,0.3672549999812981,test,A,random_forest,1.0
2025-10-23,2025-10-24,1,0,0.32256395521870385,test,A,random_forest,1.0
2025-10-24,2025-10-27,1,0,0.3628658379901493,test,A,random_forest,1.0
2025-10-27,2025-10-28,1,0,0.49946699734318145,test,A,random_forest,1.0
2025-10-28,2025-10-29,1,0,0.4378257074382544,test,A,random_forest,1.0
2025-10-29,2025-10-30,1,0,0.4222105918156643,test,A,random_forest,1.0
2025-10-30,2025-10-31,0,0,0.3947201685950578,test,A,random_forest,1.0
2025-10-31,2025-11-03,0,0,0.4322316877974912,test,A,random_forest,1.0
2025-11-03,2025-11-04,1,0,0.38988206861708347,test,A,random_forest,1.0
2025-11-04,2025-11-05,1,0,0.3792234590587144,test,A,random_forest,1.0
2025-11-05,2025-11-06,0,0,0.3492224153868154,test,A,random_forest,1.0
2025-11-06,2025-11-07,0,0,0.3186076199046212,test,A,random_forest,1.0
2025-11-07,2025-11-10,1,0,0.3273151557263103,test,A,random_forest,1.0
2025-11-10,2025-11-11,1,0,0.37386804168170723,test,A,random_forest,1.0
2025-11-11,2025-11-12,0,0,0.4484802882824842,test,A,random_forest,1.0
2025-11-12,2025-11-13,0,0,0.4062527200469295,test,A,random_forest,1.0
2025-11-13,2025-11-14,0,0,0.39221703102082695,test,A,random_forest,1.0
2025-11-14,2025-11-17,0,0,0.3816174560654134,test,A,random_forest,1.0
2025-11-17,2025-11-18,0,0,0.36299613171310613,test,A,random_forest,1.0
2025-11-18,2025-11-19,1,0,0.3012987034756085,test,A,random_forest,1.0
2025-11-19,2025-11-20,0,0,0.26134239146492055,test,A,random_forest,1.0
2025-11-20,2025-11-21,1,0,0.367649835196066,test,A,random_forest,1.0
2025-11-21,2025-11-24,1,0,0.46140053804880127,test,A,random_forest,1.0
2025-11-24,2025-11-25,1,0,0.39362032692207605,test,A,random_forest,1.0
2025-11-25,2025-11-26,1,0,0.349007426013991,test,A,random_forest,1.0
2025-11-26,2025-11-28,1,0,0.4343842779575471,test,A,random_forest,1.0
2025-11-28,2025-12-01,1,0,0.45523638964328056,test,A,random_forest,1.0
2025-12-01,2025-12-02,1,0,0.3758374956944623,test,A,random_forest,1.0
2025-12-02,2025-12-03,0,0,0.3871094231455809,test,A,random_forest,1.0
2025-12-03,2025-12-04,0,0,0.3618879796079074,test,A,random_forest,1.0
2025-12-04,2025-12-05,0,0,0.38199106494035456,test,A,random_forest,1.0
2025-12-05,2025-12-08,0,0,0.3860047780191659,test,A,random_forest,1.0
2025-12-08,2025-12-09,0,0,0.2856947803240705,test,A,random_forest,1.0
2025-12-09,2025-12-10,1,0,0.3311468341802774,test,A,random_forest,1.0
2025-12-10,2025-12-11,0,0,0.3136511346466278,test,A,random_forest,1.0
2025-12-11,2025-12-12,1,0,0.40813746233591947,test,A,random_forest,1.0
2025-12-12,2025-12-15,0,0,0.443295403730676,test,A,random_forest,1.0
2025-12-15,2025-12-16,1,0,0.34971450473308513,test,A,random_forest,1.0
2025-12-16,2025-12-17,0,0,0.38924493142240063,test,A,random_forest,1.0
2025-12-17,2025-12-18,1,0,0.4043237555918183,test,A,random_forest,1.0
2025-12-18,2025-12-19,1,0,0.4010953635530429,test,A,random_forest,1.0
2025-12-19,2025-12-22,0,0,0.3418606487245501,test,A,random_forest,1.0
2025-12-22,2025-12-23,1,1,0.5204018364744619,test,A,random_forest,1.0
2025-12-23,2025-12-24,1,1,0.5427907392197023,test,A,random_forest,1.0
2025-12-24,2025-12-26,0,1,0.6210100720908419,test,A,random_forest,1.0
2025-12-26,2025-12-29,1,1,0.622922825263057,test,A,random_forest,1.0
2025-12-29,2025-12-30,0,1,0.5901655857807985,test,A,random_forest,1.0
2025-12-30,2025-12-31,0,1,0.5972706716655827,test,A,random_forest,1.0
2025-10-01,2025-10-02,1,0,0.4163072629034037,test,A,random_forest,2.0
2025-10-02,2025-10-03,1,0,0.3920908937552523,test,A,random_forest,2.0
2025-10-03,2025-10-06,0,0,0.32724294729997283,test,A,random_forest,2.0
2025-10-06,2025-10-07,0,0,0.42855736257009125,test,A,random_forest,2.0
2025-10-07,2025-10-08,1,1,0.5007071474423631,test,A,random_forest,2.0
2025-10-08,2025-10-09,0,0,0.3933862354407254,test,A,random_forest,2.0
2025-10-09,2025-10-10,0,0,0.33279229343657607,test,A,random_forest,2.0
2025-10-10,2025-10-13,1,0,0.3274846042321006,test,A,random_forest,2.0
2025-10-13,2025-10-14,1,0,0.31100270546108494,test,A,random_forest,2.0
2025-10-14,2025-10-15,1,0,0.4000853375731751,test,A,random_forest,2.0
2025-10-15,2025-10-16,0,0,0.354360872370365,test,A,random_forest,2.0
2025-10-16,2025-10-17,1,0,0.43621843961385254,test,A,random_forest,2.0
2025-10-17,2025-10-20,1,0,0.43469323160773743,test,A,random_forest,2.0
2025-10-20,2025-10-21,1,0,0.4826363715277616,test,A,random_forest,2.0
2025-10-21,2025-10-22,0,0,0.35836614669035066,test,A,random_forest,2.0
2025-10-22,2025-10-23,1,0,0.3835596106671525,test,A,random_forest,2.0
2025-10-23,2025-10-24,1,0,0.3159162729276387,test,A,random_forest,2.0
2025-10-24,2025-10-27,1,0,0.32454148213323114,test,A,random_forest,2.0
2025-10-27,2025-10-28,1,0,0.46733189814111,test,A,random_forest,2.0
2025-10-28,2025-10-29,1,0,0.47107700637561617,test,A,random_forest,2.0
2025-10-29,2025-10-30,1,0,0.44158920995070966,test,A,random_forest,2.0
2025-10-30,2025-10-31,0,0,0.3911635019367691,test,A,random_forest,2.0
2025-10-31,2025-11-03,0,0,0.435711186232649,test,A,random_forest,2.0
2025-11-03,2025-11-04,1,0,0.3633917813945369,test,A,random_forest,2.0
2025-11-04,2025-11-05,1,0,0.38681521299163996,test,A,random_forest,2.0
2025-11-05,2025-11-06,0,0,0.3626622382435402,test,A,random_forest,2.0
2025-11-06,2025-11-07,0,0,0.28902349240918257,test,A,random_forest,2.0
2025-11-07,2025-11-10,1,0,0.3248415620231508,test,A,random_forest,2.0
2025-11-10,2025-11-11,1,0,0.3858825141987751,test,A,random_forest,2.0
2025-11-11,2025-11-12,0,0,0.4199365874242125,test,A,random_forest,2.0
2025-11-12,2025-11-13,0,0,0.43723119421746276,test,A,random_forest,2.0
2025-11-13,2025-11-14,0,0,0.4119729947439159,test,A,random_forest,2.0
2025-11-14,2025-11-17,0,0,0.41782798147551553,test,A,random_forest,2.0
2025-11-17,2025-11-18,0,0,0.3928650099755824,test,A,random_forest,2.0
2025-11-18,2025-11-19,1,0,0.320950248535571,test,A,random_forest,2.0
2025-11-19,2025-11-20,0,0,0.29123575699733245,test,A,random_forest,2.0
2025-11-20,2025-11-21,1,0,0.3683972434709649,test,A,random_forest,2.0
2025-11-21,2025-11-24,1,0,0.4470731462880646,test,A,random_forest,2.0
2025-11-24,2025-11-25,1,0,0.39333337452950395,test,A,random_forest,2.0
2025-11-25,2025-11-26,1,0,0.37585992304413807,test,A,random_forest,2.0
2025-11-26,2025-11-28,1,0,0.45159754833431065,test,A,random_forest,2.0
2025-11-28,2025-12-01,1,0,0.46821821773527184,test,A,random_forest,2.0
2025-12-01,2025-12-02,1,0,0.3625158662867812,test,A,random_forest,2.0
2025-12-02,2025-12-03,0,0,0.3823195126151219,test,A,random_forest,2.0
2025-12-03,2025-12-04,0,0,0.39098576854893546,test,A,random_forest,2.0
2025-12-04,2025-12-05,0,0,0.4116103525461965,test,A,random_forest,2.0
2025-12-05,2025-12-08,0,0,0.43987229855390886,test,A,random_forest,2.0
2025-12-08,2025-12-09,0,0,0.3493469477059061,test,A,random_forest,2.0
2025-12-09,2025-12-10,1,0,0.37006880306646117,test,A,random_forest,2.0
2025-12-10,2025-12-11,0,0,0.33730866318600566,test,A,random_forest,2.0
2025-12-11,2025-12-12,1,0,0.4201057257695257,test,A,random_forest,2.0
2025-12-12,2025-12-15,0,0,0.45304790543968193,test,A,random_forest,2.0
2025-12-15,2025-12-16,1,0,0.3659021798239962,test,A,random_forest,2.0
2025-12-16,2025-12-17,0,0,0.41388700603887535,test,A,random_forest,2.0
2025-12-17,2025-12-18,1,0,0.3999343161435208,test,A,random_forest,2.0
2025-12-18,2025-12-19,1,0,0.38803873889027246,test,A,random_forest,2.0
2025-12-19,2025-12-22,0,0,0.32828488045820053,test,A,random_forest,2.0
2025-12-22,2025-12-23,1,1,0.557092685952884,test,A,random_forest,2.0
2025-12-23,2025-12-24,1,1,0.52422732995629,test,A,random_forest,2.0
2025-12-24,2025-12-26,0,1,0.597063119186017,test,A,random_forest,2.0
2025-12-26,2025-12-29,1,1,0.6362895244299523,test,A,random_forest,2.0
2025-12-29,2025-12-30,0,1,0.6056759403016626,test,A,random_forest,2.0
2025-12-30,2025-12-31,0,1,0.6095741030496097,test,A,random_forest,2.0
2025-07-01,2025-07-02,1,1,0.5506510398838909,validation,B,logistic_regression,42.0
2025-07-02,2025-07-03,1,0,0.4588609172077582,validation,B,logistic_regression,42.0
2025-07-03,2025-07-07,0,0,0.2905892117821664,validation,B,logistic_regression,42.0
2025-07-07,2025-07-08,1,0,0.24060645554138638,validation,B,logistic_regression,42.0
2025-07-08,2025-07-09,1,0,0.22823603967596892,validation,B,logistic_regression,42.0
2025-07-09,2025-07-10,1,0,0.20610204815147182,validation,B,logistic_regression,42.0
2025-07-10,2025-07-11,0,0,0.4328078004375245,validation,B,logistic_regression,42.0
2025-07-11,2025-07-14,0,0,0.35849218634290697,validation,B,logistic_regression,42.0
2025-07-14,2025-07-15,1,0,0.26509106929471166,validation,B,logistic_regression,42.0
2025-07-15,2025-07-16,1,0,0.2882610526622386,validation,B,logistic_regression,42.0
2025-07-16,2025-07-17,0,0,0.3445154674630967,validation,B,logistic_regression,42.0
2025-07-17,2025-07-18,1,0,0.3318500285394415,validation,B,logistic_regression,42.0
2025-07-18,2025-07-21,1,0,0.4123183032013787,validation,B,logistic_regression,42.0
2025-07-21,2025-07-22,1,0,0.3672872063877782,validation,B,logistic_regression,42.0
2025-07-22,2025-07-23,0,0,0.4699547426423733,validation,B,logistic_regression,42.0
2025-07-23,2025-07-24,0,0,0.3201871755150277,validation,B,logistic_regression,42.0
2025-07-24,2025-07-25,1,0,0.316316241539447,validation,B,logistic_regression,42.0
2025-07-25,2025-07-28,1,0,0.3003438894830877,validation,B,logistic_regression,42.0
2025-07-28,2025-07-29,0,0,0.3209246274262095,validation,B,logistic_regression,42.0
2025-07-29,2025-07-30,0,0,0.3657396803791281,validation,B,logistic_regression,42.0
2025-07-30,2025-07-31,0,0,0.36410991733477743,validation,B,logistic_regression,42.0
2025-07-31,2025-08-01,0,0,0.43411760840943125,validation,B,logistic_regression,42.0
2025-08-01,2025-08-04,1,1,0.5332632589141372,validation,B,logistic_regression,42.0
2025-08-04,2025-08-05,0,0,0.3402061289608858,validation,B,logistic_regression,42.0
2025-08-05,2025-08-06,1,1,0.5426836251403612,validation,B,logistic_regression,42.0
2025-08-06,2025-08-07,1,1,0.525760558615981,validation,B,logistic_regression,42.0
2025-08-07,2025-08-08,1,0,0.49063081103565886,validation,B,logistic_regression,42.0
2025-08-08,2025-08-11,0,0,0.469533611917681,validation,B,logistic_regression,42.0
2025-08-11,2025-08-12,1,0,0.16197197331048363,validation,B,logistic_regression,42.0
2025-08-12,2025-08-13,1,0,0.08567225202023943,validation,B,logistic_regression,42.0
2025-08-13,2025-08-14,0,0,0.1271703998040275,validation,B,logistic_regression,42.0
2025-08-14,2025-08-15,0,0,0.16556074962391504,validation,B,logistic_regression,42.0
2025-08-15,2025-08-18,0,0,0.2930362785502095,validation,B,logistic_regression,42.0
2025-08-18,2025-08-19,0,0,0.2205601296068354,validation,B,logistic_regression,42.0
2025-08-19,2025-08-20,0,0,0.3590665716661989,validation,B,logistic_regression,42.0
2025-08-20,2025-08-21,0,0,0.3266479948459341,validation,B,logistic_regression,42.0
2025-08-21,2025-08-22,1,0,0.3915878382611116,validation,B,logistic_regression,42.0
2025-08-22,2025-08-25,0,0,0.2797608955043885,validation,B,logistic_regression,42.0
2025-08-25,2025-08-26,1,0,0.4618949105298045,validation,B,logistic_regression,42.0
2025-08-26,2025-08-27,1,0,0.43830495068416436,validation,B,logistic_regression,42.0
2025-08-27,2025-08-28,1,0,0.36996466914534404,validation,B,logistic_regression,42.0
2025-08-28,2025-08-29,0,0,0.34593771419678115,validation,B,logistic_regression,42.0
2025-08-29,2025-09-02,0,0,0.368591280590379,validation,B,logistic_regression,42.0
2025-09-02,2025-09-03,1,0,0.2766773046635539,validation,B,logistic_regression,42.0
2025-09-03,2025-09-04,1,0,0.2108672866318838,validation,B,logistic_regression,42.0
2025-09-04,2025-09-05,0,0,0.18456224643968022,validation,B,logistic_regression,42.0
2025-09-05,2025-09-08,0,0,0.3025036730035084,validation,B,logistic_regression,42.0
2025-09-08,2025-09-09,0,0,0.17448208959232467,validation,B,logistic_regression,42.0
2025-09-09,2025-09-10,0,0,0.13666335980431346,validation,B,logistic_regression,42.0
2025-09-10,2025-09-11,1,0,0.23303599092220273,validation,B,logistic_regression,42.0
2025-09-11,2025-09-12,1,0,0.4003875274840783,validation,B,logistic_regression,42.0
2025-09-12,2025-09-15,1,0,0.4563939125807431,validation,B,logistic_regression,42.0
2025-09-15,2025-09-16,1,1,0.5083968828604436,validation,B,logistic_regression,42.0
2025-09-16,2025-09-17,1,0,0.45150844273914614,validation,B,logistic_regression,42.0
2025-09-17,2025-09-18,0,0,0.41523000807149313,validation,B,logistic_regression,42.0
2025-09-18,2025-09-19,1,0,0.23937038242048733,validation,B,logistic_regression,42.0
2025-09-19,2025-09-22,1,0,0.30867225441816953,validation,B,logistic_regression,42.0
2025-09-22,2025-09-23,0,0,0.33633342036339436,validation,B,logistic_regression,42.0
2025-09-23,2025-09-24,0,0,0.2896236543456276,validation,B,logistic_regression,42.0
2025-09-24,2025-09-25,1,0,0.17643486105306427,validation,B,logistic_regression,42.0
2025-09-25,2025-09-26,0,0,0.12157608783471993,validation,B,logistic_regression,42.0
2025-09-26,2025-09-29,0,0,0.11624053837440597,validation,B,logistic_regression,42.0
2025-09-29,2025-09-30,1,0,0.28753635781476017,validation,B,logistic_regression,42.0
2025-07-01,2025-07-02,1,0,0.47054379172673644,validation,B,random_forest,0.0
2025-07-02,2025-07-03,1,0,0.4525168178259553,validation,B,random_forest,0.0
2025-07-03,2025-07-07,0,0,0.49428541625683586,validation,B,random_forest,0.0
2025-07-07,2025-07-08,1,0,0.3825380693686445,validation,B,random_forest,0.0
2025-07-08,2025-07-09,1,0,0.3588443704241931,validation,B,random_forest,0.0
2025-07-09,2025-07-10,1,0,0.3205368592549676,validation,B,random_forest,0.0
2025-07-10,2025-07-11,0,0,0.3675627131153756,validation,B,random_forest,0.0
2025-07-11,2025-07-14,0,0,0.4070782296342283,validation,B,random_forest,0.0
2025-07-14,2025-07-15,1,0,0.32943562575927954,validation,B,random_forest,0.0
2025-07-15,2025-07-16,1,0,0.3357438517617518,validation,B,random_forest,0.0
2025-07-16,2025-07-17,0,0,0.3356618781622178,validation,B,random_forest,0.0
2025-07-17,2025-07-18,1,0,0.32631330420659505,validation,B,random_forest,0.0
2025-07-18,2025-07-21,1,0,0.38355518563284396,validation,B,random_forest,0.0
2025-07-21,2025-07-22,1,0,0.2592797227822999,validation,B,random_forest,0.0
2025-07-22,2025-07-23,0,0,0.3292824238215981,validation,B,random_forest,0.0
2025-07-23,2025-07-24,0,0,0.33972067638087755,validation,B,random_forest,0.0
2025-07-24,2025-07-25,1,0,0.3925198951784001,validation,B,random_forest,0.0
2025-07-25,2025-07-28,1,0,0.34888640268467597,validation,B,random_forest,0.0
2025-07-28,2025-07-29,0,0,0.3537837142865911,validation,B,random_forest,0.0
2025-07-29,2025-07-30,0,0,0.3472465742854239,validation,B,random_forest,0.0
2025-07-30,2025-07-31,0,0,0.40273569719880786,validation,B,random_forest,0.0
2025-07-31,2025-08-01,0,1,0.5152699682614692,validation,B,random_forest,0.0
2025-08-01,2025-08-04,1,1,0.5031593960360897,validation,B,random_forest,0.0
2025-08-04,2025-08-05,0,0,0.4319474315955579,validation,B,random_forest,0.0
2025-08-05,2025-08-06,1,1,0.5499593197677684,validation,B,random_forest,0.0
2025-08-06,2025-08-07,1,1,0.6064784797290154,validation,B,random_forest,0.0
2025-08-07,2025-08-08,1,0,0.499684983533305,validation,B,random_forest,0.0
2025-08-08,2025-08-11,0,1,0.5454437779569361,validation,B,random_forest,0.0
2025-08-11,2025-08-12,1,0,0.2958851736231436,validation,B,random_forest,0.0
2025-08-12,2025-08-13,1,0,0.2890409704091256,validation,B,random_forest,0.0
2025-08-13,2025-08-14,0,0,0.3538271234749153,validation,B,random_forest,0.0
2025-08-14,2025-08-15,0,0,0.36063580613692137,validation,B,random_forest,0.0
2025-08-15,2025-08-18,0,0,0.3897424941289347,validation,B,random_forest,0.0
2025-08-18,2025-08-19,0,1,0.5154957050793537,validation,B,random_forest,0.0
2025-08-19,2025-08-20,0,0,0.4851562867344284,validation,B,random_forest,0.0
2025-08-20,2025-08-21,0,0,0.3552254658984659,validation,B,random_forest,0.0
2025-08-21,2025-08-22,1,0,0.4115248159272125,validation,B,random_forest,0.0
2025-08-22,2025-08-25,0,0,0.34003321273939846,validation,B,random_forest,0.0
2025-08-25,2025-08-26,1,0,0.46611196712974806,validation,B,random_forest,0.0
2025-08-26,2025-08-27,1,0,0.28638090274832606,validation,B,random_forest,0.0
2025-08-27,2025-08-28,1,0,0.44832697082050726,validation,B,random_forest,0.0
2025-08-28,2025-08-29,0,0,0.3681143048676596,validation,B,random_forest,0.0
2025-08-29,2025-09-02,0,0,0.4116752535736967,validation,B,random_forest,0.0
2025-09-02,2025-09-03,1,0,0.37959425664123675,validation,B,random_forest,0.0
2025-09-03,2025-09-04,1,1,0.5446820723336379,validation,B,random_forest,0.0
2025-09-04,2025-09-05,0,0,0.3471705350795403,validation,B,random_forest,0.0
2025-09-05,2025-09-08,0,0,0.4009189417106916,validation,B,random_forest,0.0
2025-09-08,2025-09-09,0,0,0.3607141424610397,validation,B,random_forest,0.0
2025-09-09,2025-09-10,0,0,0.30808026402962446,validation,B,random_forest,0.0
2025-09-10,2025-09-11,1,0,0.4740297595076472,validation,B,random_forest,0.0
2025-09-11,2025-09-12,1,0,0.33459094845982873,validation,B,random_forest,0.0
2025-09-12,2025-09-15,1,0,0.34722447778577675,validation,B,random_forest,0.0
2025-09-15,2025-09-16,1,0,0.2870776450632162,validation,B,random_forest,0.0
2025-09-16,2025-09-17,1,0,0.3156807497907129,validation,B,random_forest,0.0
2025-09-17,2025-09-18,0,0,0.35337067566730584,validation,B,random_forest,0.0
2025-09-18,2025-09-19,1,0,0.3278860060607127,validation,B,random_forest,0.0
2025-09-19,2025-09-22,1,1,0.5663841279033401,validation,B,random_forest,0.0
2025-09-22,2025-09-23,0,1,0.5522139818815516,validation,B,random_forest,0.0
2025-09-23,2025-09-24,0,0,0.372935044489633,validation,B,random_forest,0.0
2025-09-24,2025-09-25,1,0,0.34743732304928177,validation,B,random_forest,0.0
2025-09-25,2025-09-26,0,1,0.5277391894934578,validation,B,random_forest,0.0
2025-09-26,2025-09-29,0,0,0.3369734605117418,validation,B,random_forest,0.0
2025-09-29,2025-09-30,1,0,0.4501321176328146,validation,B,random_forest,0.0
2025-07-01,2025-07-02,1,0,0.47614722014454647,validation,B,random_forest,1.0
2025-07-02,2025-07-03,1,1,0.5003098331528448,validation,B,random_forest,1.0
2025-07-03,2025-07-07,0,0,0.4820002981931227,validation,B,random_forest,1.0
2025-07-07,2025-07-08,1,0,0.37932464062993865,validation,B,random_forest,1.0
2025-07-08,2025-07-09,1,0,0.3823717222404816,validation,B,random_forest,1.0
2025-07-09,2025-07-10,1,0,0.33548253041469683,validation,B,random_forest,1.0
2025-07-10,2025-07-11,0,0,0.4044545912317553,validation,B,random_forest,1.0
2025-07-11,2025-07-14,0,0,0.39928700880252616,validation,B,random_forest,1.0
2025-07-14,2025-07-15,1,0,0.34169535216254376,validation,B,random_forest,1.0
2025-07-15,2025-07-16,1,0,0.36226242695180944,validation,B,random_forest,1.0
2025-07-16,2025-07-17,0,0,0.3344734408552947,validation,B,random_forest,1.0
2025-07-17,2025-07-18,1,0,0.302315069180477,validation,B,random_forest,1.0
2025-07-18,2025-07-21,1,0,0.40696177368037106,validation,B,random_forest,1.0
2025-07-21,2025-07-22,1,0,0.285003897028752,validation,B,random_forest,1.0
2025-07-22,2025-07-23,0,0,0.3746270329477395,validation,B,random_forest,1.0
2025-07-23,2025-07-24,0,0,0.34824034833270523,validation,B,random_forest,1.0
2025-07-24,2025-07-25,1,0,0.39744652821806453,validation,B,random_forest,1.0
2025-07-25,2025-07-28,1,0,0.3776918869060603,validation,B,random_forest,1.0
2025-07-28,2025-07-29,0,0,0.38969738654238417,validation,B,random_forest,1.0
2025-07-29,2025-07-30,0,0,0.3230362325789879,validation,B,random_forest,1.0
2025-07-30,2025-07-31,0,0,0.3754340701184212,validation,B,random_forest,1.0
2025-07-31,2025-08-01,0,0,0.47339018449521103,validation,B,random_forest,1.0
2025-08-01,2025-08-04,1,0,0.4988271229761941,validation,B,random_forest,1.0
2025-08-04,2025-08-05,0,0,0.380074242818042,validation,B,random_forest,1.0
2025-08-05,2025-08-06,1,1,0.518892068887409,validation,B,random_forest,1.0
2025-08-06,2025-08-07,1,1,0.5774729875828961,validation,B,random_forest,1.0
2025-08-07,2025-08-08,1,1,0.513339506152198,validation,B,random_forest,1.0
2025-08-08,2025-08-11,0,1,0.5495395206693039,validation,B,random_forest,1.0
2025-08-11,2025-08-12,1,0,0.29801864826378255,validation,B,random_forest,1.0
2025-08-12,2025-08-13,1,0,0.311046896668856,validation,B,random_forest,1.0
2025-08-13,2025-08-14,0,0,0.36906309138324017,validation,B,random_forest,1.0
2025-08-14,2025-08-15,0,0,0.3881937058909829,validation,B,random_forest,1.0
2025-08-15,2025-08-18,0,0,0.38884781901130966,validation,B,random_forest,1.0
2025-08-18,2025-08-19,0,0,0.49487193199227275,validation,B,random_forest,1.0
2025-08-19,2025-08-20,0,0,0.4723143263492684,validation,B,random_forest,1.0
2025-08-20,2025-08-21,0,0,0.3190882354208251,validation,B,random_forest,1.0
2025-08-21,2025-08-22,1,0,0.4154899159311904,validation,B,random_forest,1.0
2025-08-22,2025-08-25,0,0,0.31970374508294663,validation,B,random_forest,1.0
2025-08-25,2025-08-26,1,0,0.4627981172262269,validation,B,random_forest,1.0
2025-08-26,2025-08-27,1,0,0.32724105028123607,validation,B,random_forest,1.0
2025-08-27,2025-08-28,1,0,0.4673227310627707,validation,B,random_forest,1.0
2025-08-28,2025-08-29,0,0,0.3860581473743118,validation,B,random_forest,1.0
2025-08-29,2025-09-02,0,0,0.4409976037800946,validation,B,random_forest,1.0
2025-09-02,2025-09-03,1,0,0.3996507006004995,validation,B,random_forest,1.0
2025-09-03,2025-09-04,1,1,0.5727009160325707,validation,B,random_forest,1.0
2025-09-04,2025-09-05,0,0,0.37732557496970853,validation,B,random_forest,1.0
2025-09-05,2025-09-08,0,0,0.3991751952596754,validation,B,random_forest,1.0
2025-09-08,2025-09-09,0,0,0.3509907430938924,validation,B,random_forest,1.0
2025-09-09,2025-09-10,0,0,0.3045795724199488,validation,B,random_forest,1.0
2025-09-10,2025-09-11,1,0,0.4063313105766579,validation,B,random_forest,1.0
2025-09-11,2025-09-12,1,0,0.3493675861015798,validation,B,random_forest,1.0
2025-09-12,2025-09-15,1,0,0.36307425412762045,validation,B,random_forest,1.0
2025-09-15,2025-09-16,1,0,0.316570732168608,validation,B,random_forest,1.0
2025-09-16,2025-09-17,1,0,0.33775013985126123,validation,B,random_forest,1.0
2025-09-17,2025-09-18,0,0,0.39900226499760044,validation,B,random_forest,1.0
2025-09-18,2025-09-19,1,0,0.32865413610104194,validation,B,random_forest,1.0
2025-09-19,2025-09-22,1,1,0.594045880599996,validation,B,random_forest,1.0
2025-09-22,2025-09-23,0,1,0.5497536136392107,validation,B,random_forest,1.0
2025-09-23,2025-09-24,0,0,0.4021110947193067,validation,B,random_forest,1.0
2025-09-24,2025-09-25,1,0,0.3741042976157207,validation,B,random_forest,1.0
2025-09-25,2025-09-26,0,0,0.4970398318074077,validation,B,random_forest,1.0
2025-09-26,2025-09-29,0,0,0.3542592912532545,validation,B,random_forest,1.0
2025-09-29,2025-09-30,1,0,0.42710953013742947,validation,B,random_forest,1.0
2025-07-01,2025-07-02,1,1,0.5137245845584392,validation,B,random_forest,2.0
2025-07-02,2025-07-03,1,0,0.4699938564221645,validation,B,random_forest,2.0
2025-07-03,2025-07-07,0,1,0.5169075377363904,validation,B,random_forest,2.0
2025-07-07,2025-07-08,1,0,0.38306284845190064,validation,B,random_forest,2.0
2025-07-08,2025-07-09,1,0,0.40117859699204517,validation,B,random_forest,2.0
2025-07-09,2025-07-10,1,0,0.3659609311298673,validation,B,random_forest,2.0
2025-07-10,2025-07-11,0,0,0.4168400541245518,validation,B,random_forest,2.0
2025-07-11,2025-07-14,0,0,0.4417132253518027,validation,B,random_forest,2.0
2025-07-14,2025-07-15,1,0,0.35820050636358935,validation,B,random_forest,2.0
2025-07-15,2025-07-16,1,0,0.34570284514329086,validation,B,random_forest,2.0
2025-07-16,2025-07-17,0,0,0.3666712326489815,validation,B,random_forest,2.0
2025-07-17,2025-07-18,1,0,0.34158741378172747,validation,B,random_forest,2.0
2025-07-18,2025-07-21,1,0,0.408004354250411,validation,B,random_forest,2.0
2025-07-21,2025-07-22,1,0,0.279977321758676,validation,B,random_forest,2.0
2025-07-22,2025-07-23,0,0,0.3627519198069242,validation,B,random_forest,2.0
2025-07-23,2025-07-24,0,0,0.34662452982012903,validation,B,random_forest,2.0
2025-07-24,2025-07-25,1,0,0.3899233772459539,validation,B,random_forest,2.0
2025-07-25,2025-07-28,1,0,0.36751099653451663,validation,B,random_forest,2.0
2025-07-28,2025-07-29,0,0,0.3704703859458512,validation,B,random_forest,2.0
2025-07-29,2025-07-30,0,0,0.337977699263723,validation,B,random_forest,2.0
2025-07-30,2025-07-31,0,0,0.3787854118783236,validation,B,random_forest,2.0
2025-07-31,2025-08-01,0,0,0.4740150472426046,validation,B,random_forest,2.0
2025-08-01,2025-08-04,1,0,0.47357871358622733,validation,B,random_forest,2.0
2025-08-04,2025-08-05,0,0,0.380975306229051,validation,B,random_forest,2.0
2025-08-05,2025-08-06,1,1,0.5160939829771185,validation,B,random_forest,2.0
2025-08-06,2025-08-07,1,1,0.5728782952707,validation,B,random_forest,2.0
2025-08-07,2025-08-08,1,0,0.4987786085519802,validation,B,random_forest,2.0
2025-08-08,2025-08-11,0,1,0.5175254027089289,validation,B,random_forest,2.0
2025-08-11,2025-08-12,1,0,0.28014623893989443,validation,B,random_forest,2.0
2025-08-12,2025-08-13,1,0,0.2922045339547326,validation,B,random_forest,2.0
2025-08-13,2025-08-14,0,0,0.38873112603544524,validation,B,random_forest,2.0
2025-08-14,2025-08-15,0,0,0.3884382053013517,validation,B,random_forest,2.0
2025-08-15,2025-08-18,0,0,0.4007362417486317,validation,B,random_forest,2.0
2025-08-18,2025-08-19,0,1,0.5167643249954879,validation,B,random_forest,2.0
2025-08-19,2025-08-20,0,1,0.5160607299424326,validation,B,random_forest,2.0
2025-08-20,2025-08-21,0,0,0.3530911110459034,validation,B,random_forest,2.0
2025-08-21,2025-08-22,1,0,0.42929091145507,validation,B,random_forest,2.0
2025-08-22,2025-08-25,0,0,0.3583384286801921,validation,B,random_forest,2.0
2025-08-25,2025-08-26,1,0,0.48852409730393986,validation,B,random_forest,2.0
2025-08-26,2025-08-27,1,0,0.33761638200233585,validation,B,random_forest,2.0
2025-08-27,2025-08-28,1,0,0.47251023086665667,validation,B,random_forest,2.0
2025-08-28,2025-08-29,0,0,0.3552248747359713,validation,B,random_forest,2.0
2025-08-29,2025-09-02,0,0,0.42620487872127616,validation,B,random_forest,2.0
2025-09-02,2025-09-03,1,0,0.4114575295116788,validation,B,random_forest,2.0
2025-09-03,2025-09-04,1,1,0.5443590233250629,validation,B,random_forest,2.0
2025-09-04,2025-09-05,0,0,0.37537268608630286,validation,B,random_forest,2.0
2025-09-05,2025-09-08,0,0,0.4151881976224192,validation,B,random_forest,2.0
2025-09-08,2025-09-09,0,0,0.3989036796758685,validation,B,random_forest,2.0
2025-09-09,2025-09-10,0,0,0.3365680234453425,validation,B,random_forest,2.0
2025-09-10,2025-09-11,1,0,0.4132085528191678,validation,B,random_forest,2.0
2025-09-11,2025-09-12,1,0,0.3126752547603743,validation,B,random_forest,2.0
2025-09-12,2025-09-15,1,0,0.32359745668118495,validation,B,random_forest,2.0
2025-09-15,2025-09-16,1,0,0.28391465676344413,validation,B,random_forest,2.0
2025-09-16,2025-09-17,1,0,0.34756414585502243,validation,B,random_forest,2.0
2025-09-17,2025-09-18,0,0,0.3803032925468016,validation,B,random_forest,2.0
2025-09-18,2025-09-19,1,0,0.35609349470767465,validation,B,random_forest,2.0
2025-09-19,2025-09-22,1,1,0.551718614274958,validation,B,random_forest,2.0
2025-09-22,2025-09-23,0,1,0.5424021173025786,validation,B,random_forest,2.0
2025-09-23,2025-09-24,0,0,0.3571092721913905,validation,B,random_forest,2.0
2025-09-24,2025-09-25,1,0,0.37835138286238107,validation,B,random_forest,2.0
2025-09-25,2025-09-26,0,1,0.5043215690126895,validation,B,random_forest,2.0
2025-09-26,2025-09-29,0,0,0.35991636510248765,validation,B,random_forest,2.0
2025-09-29,2025-09-30,1,0,0.45386806073659075,validation,B,random_forest,2.0
2025-10-01,2025-10-02,1,0,0.27783022082595066,test,B,logistic_regression,42.0
2025-10-02,2025-10-03,1,0,0.41491448465443753,test,B,logistic_regression,42.0
2025-10-03,2025-10-06,0,0,0.46465486367783565,test,B,logistic_regression,42.0
2025-10-06,2025-10-07,0,0,0.31601197300754946,test,B,logistic_regression,42.0
2025-10-07,2025-10-08,1,0,0.3788713527076175,test,B,logistic_regression,42.0
2025-10-08,2025-10-09,0,0,0.1998233184906062,test,B,logistic_regression,42.0
2025-10-09,2025-10-10,0,0,0.2628930973467273,test,B,logistic_regression,42.0
2025-10-10,2025-10-13,1,0,0.452801775129185,test,B,logistic_regression,42.0
2025-10-13,2025-10-14,1,0,0.1593466084322573,test,B,logistic_regression,42.0
2025-10-14,2025-10-15,1,0,0.3898674826793715,test,B,logistic_regression,42.0
2025-10-15,2025-10-16,0,0,0.46824412917192715,test,B,logistic_regression,42.0
2025-10-16,2025-10-17,1,0,0.41937862048767105,test,B,logistic_regression,42.0
2025-10-17,2025-10-20,1,0,0.4719146462244445,test,B,logistic_regression,42.0
2025-10-20,2025-10-21,1,0,0.4275983317526144,test,B,logistic_regression,42.0
2025-10-21,2025-10-22,0,0,0.44304819818031255,test,B,logistic_regression,42.0
2025-10-22,2025-10-23,1,0,0.33222207367840373,test,B,logistic_regression,42.0
2025-10-23,2025-10-24,1,0,0.1591993203069,test,B,logistic_regression,42.0
2025-10-24,2025-10-27,1,0,0.19099589235756803,test,B,logistic_regression,42.0
2025-10-27,2025-10-28,1,0,0.358523897021921,test,B,logistic_regression,42.0
2025-10-28,2025-10-29,1,0,0.3591664548801531,test,B,logistic_regression,42.0
2025-10-29,2025-10-30,1,0,0.35581320293751495,test,B,logistic_regression,42.0
2025-10-30,2025-10-31,0,0,0.42954809648081116,test,B,logistic_regression,42.0
2025-10-31,2025-11-03,0,0,0.25070076056008433,test,B,logistic_regression,42.0
2025-11-03,2025-11-04,1,0,0.34600496925208063,test,B,logistic_regression,42.0
2025-11-04,2025-11-05,1,1,0.5443437553916606,test,B,logistic_regression,42.0
2025-11-05,2025-11-06,0,0,0.332619020525929,test,B,logistic_regression,42.0
2025-11-06,2025-11-07,0,1,0.5698025313742009,test,B,logistic_regression,42.0
2025-11-07,2025-11-10,1,0,0.3001735079479974,test,B,logistic_regression,42.0
2025-11-10,2025-11-11,1,0,0.1820000619483657,test,B,logistic_regression,42.0
2025-11-11,2025-11-12,0,0,0.3897353875196301,test,B,logistic_regression,42.0
2025-11-12,2025-11-13,0,0,0.29551471930906703,test,B,logistic_regression,42.0
2025-11-13,2025-11-14,0,0,0.44518503882191013,test,B,logistic_regression,42.0
2025-11-14,2025-11-17,0,0,0.21287645265047683,test,B,logistic_regression,42.0
2025-11-17,2025-11-18,0,0,0.2540504238434139,test,B,logistic_regression,42.0
2025-11-18,2025-11-19,1,0,0.47211404708753957,test,B,logistic_regression,42.0
2025-11-19,2025-11-20,0,0,0.2839122546826678,test,B,logistic_regression,42.0
2025-11-20,2025-11-21,1,1,0.5828873847700581,test,B,logistic_regression,42.0
2025-11-21,2025-11-24,1,0,0.37182024677088726,test,B,logistic_regression,42.0
2025-11-24,2025-11-25,1,0,0.22663899236380447,test,B,logistic_regression,42.0
2025-11-25,2025-11-26,1,0,0.4039219169031073,test,B,logistic_regression,42.0
2025-11-26,2025-11-28,1,0,0.308372408357654,test,B,logistic_regression,42.0
2025-11-28,2025-12-01,1,0,0.3036109089197541,test,B,logistic_regression,42.0
2025-12-01,2025-12-02,1,0,0.4571281008318405,test,B,logistic_regression,42.0
2025-12-02,2025-12-03,0,0,0.35227969413997284,test,B,logistic_regression,42.0
2025-12-03,2025-12-04,0,0,0.30935132562972617,test,B,logistic_regression,42.0
2025-12-04,2025-12-05,0,0,0.24453252875023387,test,B,logistic_regression,42.0
2025-12-05,2025-12-08,0,0,0.1965829535189497,test,B,logistic_regression,42.0
2025-12-08,2025-12-09,0,0,0.34173689666513957,test,B,logistic_regression,42.0
2025-12-09,2025-12-10,1,0,0.4567392220288678,test,B,logistic_regression,42.0
2025-12-10,2025-12-11,0,0,0.4775649782576236,test,B,logistic_regression,42.0
2025-12-11,2025-12-12,1,0,0.4941161570086305,test,B,logistic_regression,42.0
2025-12-12,2025-12-15,0,1,0.6212184670928329,test,B,logistic_regression,42.0
2025-12-15,2025-12-16,1,0,0.3675880846130416,test,B,logistic_regression,42.0
2025-12-16,2025-12-17,0,0,0.3444789981998339,test,B,logistic_regression,42.0
2025-12-17,2025-12-18,1,0,0.478248723754324,test,B,logistic_regression,42.0
2025-12-18,2025-12-19,1,0,0.3116080933492427,test,B,logistic_regression,42.0
2025-12-19,2025-12-22,0,0,0.30971951850871693,test,B,logistic_regression,42.0
2025-12-22,2025-12-23,1,0,0.41666569187072816,test,B,logistic_regression,42.0
2025-12-23,2025-12-24,1,0,0.4938297964588969,test,B,logistic_regression,42.0
2025-12-24,2025-12-26,0,1,0.5006044249697129,test,B,logistic_regression,42.0
2025-12-26,2025-12-29,1,1,0.5348131241601217,test,B,logistic_regression,42.0
2025-12-29,2025-12-30,0,1,0.5703117457644268,test,B,logistic_regression,42.0
2025-12-30,2025-12-31,0,1,0.5089259492027791,test,B,logistic_regression,42.0
2025-10-01,2025-10-02,1,0,0.3544028618086365,test,B,random_forest,0.0
2025-10-02,2025-10-03,1,0,0.32677405355874944,test,B,random_forest,0.0
2025-10-03,2025-10-06,0,0,0.3239884571987696,test,B,random_forest,0.0
2025-10-06,2025-10-07,0,0,0.3385358029511657,test,B,random_forest,0.0
2025-10-07,2025-10-08,1,0,0.47254000150347253,test,B,random_forest,0.0
2025-10-08,2025-10-09,0,0,0.3741364337176104,test,B,random_forest,0.0
2025-10-09,2025-10-10,0,0,0.3160977716450137,test,B,random_forest,0.0
2025-10-10,2025-10-13,1,0,0.39649985477079186,test,B,random_forest,0.0
2025-10-13,2025-10-14,1,0,0.361043343673931,test,B,random_forest,0.0
2025-10-14,2025-10-15,1,0,0.474216737641217,test,B,random_forest,0.0
2025-10-15,2025-10-16,0,0,0.3899022924746817,test,B,random_forest,0.0
2025-10-16,2025-10-17,1,0,0.46043514140816255,test,B,random_forest,0.0
2025-10-17,2025-10-20,1,0,0.3957298092144824,test,B,random_forest,0.0
2025-10-20,2025-10-21,1,1,0.6036372538621597,test,B,random_forest,0.0
2025-10-21,2025-10-22,0,0,0.3621155947885679,test,B,random_forest,0.0
2025-10-22,2025-10-23,1,0,0.3700443770471194,test,B,random_forest,0.0
2025-10-23,2025-10-24,1,0,0.30946133523631114,test,B,random_forest,0.0
2025-10-24,2025-10-27,1,0,0.3035874477101715,test,B,random_forest,0.0
2025-10-27,2025-10-28,1,0,0.43909781467945164,test,B,random_forest,0.0
2025-10-28,2025-10-29,1,0,0.37008964332991773,test,B,random_forest,0.0
2025-10-29,2025-10-30,1,0,0.3868939955337765,test,B,random_forest,0.0
2025-10-30,2025-10-31,0,0,0.49921231264653443,test,B,random_forest,0.0
2025-10-31,2025-11-03,0,0,0.3779067159394603,test,B,random_forest,0.0
2025-11-03,2025-11-04,1,0,0.33552563406565694,test,B,random_forest,0.0
2025-11-04,2025-11-05,1,0,0.4926875996520374,test,B,random_forest,0.0
2025-11-05,2025-11-06,0,0,0.2941202816544541,test,B,random_forest,0.0
2025-11-06,2025-11-07,0,0,0.45209771250452474,test,B,random_forest,0.0
2025-11-07,2025-11-10,1,0,0.3138363370478803,test,B,random_forest,0.0
2025-11-10,2025-11-11,1,0,0.3605008500123771,test,B,random_forest,0.0
2025-11-11,2025-11-12,0,1,0.5447482086097432,test,B,random_forest,0.0
2025-11-12,2025-11-13,0,0,0.3740171264802148,test,B,random_forest,0.0
2025-11-13,2025-11-14,0,1,0.5299526207515938,test,B,random_forest,0.0
2025-11-14,2025-11-17,0,0,0.3924128973929265,test,B,random_forest,0.0
2025-11-17,2025-11-18,0,0,0.3805753317846845,test,B,random_forest,0.0
2025-11-18,2025-11-19,1,0,0.3652803191842939,test,B,random_forest,0.0
2025-11-19,2025-11-20,0,0,0.23223840645568208,test,B,random_forest,0.0
2025-11-20,2025-11-21,1,0,0.41964872498023553,test,B,random_forest,0.0
2025-11-21,2025-11-24,1,0,0.3692270055858051,test,B,random_forest,0.0
2025-11-24,2025-11-25,1,0,0.3652884163319992,test,B,random_forest,0.0
2025-11-25,2025-11-26,1,0,0.3254541655429093,test,B,random_forest,0.0
2025-11-26,2025-11-28,1,0,0.43949024271603576,test,B,random_forest,0.0
2025-11-28,2025-12-01,1,0,0.4630105039500966,test,B,random_forest,0.0
2025-12-01,2025-12-02,1,0,0.46487560103275666,test,B,random_forest,0.0
2025-12-02,2025-12-03,0,0,0.3093834945940135,test,B,random_forest,0.0
2025-12-03,2025-12-04,0,0,0.34207647589530393,test,B,random_forest,0.0
2025-12-04,2025-12-05,0,0,0.39050304718622947,test,B,random_forest,0.0
2025-12-05,2025-12-08,0,0,0.41476621596641483,test,B,random_forest,0.0
2025-12-08,2025-12-09,0,0,0.33718560170178635,test,B,random_forest,0.0
2025-12-09,2025-12-10,1,0,0.3689005366561976,test,B,random_forest,0.0
2025-12-10,2025-12-11,0,0,0.2928124817721077,test,B,random_forest,0.0
2025-12-11,2025-12-12,1,0,0.4154660246352146,test,B,random_forest,0.0
2025-12-12,2025-12-15,0,1,0.5704523619628324,test,B,random_forest,0.0
2025-12-15,2025-12-16,1,0,0.34360176971750434,test,B,random_forest,0.0
2025-12-16,2025-12-17,0,0,0.3896615361646759,test,B,random_forest,0.0
2025-12-17,2025-12-18,1,0,0.47743554934404064,test,B,random_forest,0.0
2025-12-18,2025-12-19,1,0,0.3239631835782618,test,B,random_forest,0.0
2025-12-19,2025-12-22,0,0,0.2988143428595887,test,B,random_forest,0.0
2025-12-22,2025-12-23,1,1,0.504283344528067,test,B,random_forest,0.0
2025-12-23,2025-12-24,1,1,0.5111752499283432,test,B,random_forest,0.0
2025-12-24,2025-12-26,0,1,0.5633809516025553,test,B,random_forest,0.0
2025-12-26,2025-12-29,1,1,0.6163310788027452,test,B,random_forest,0.0
2025-12-29,2025-12-30,0,1,0.577802099012609,test,B,random_forest,0.0
2025-12-30,2025-12-31,0,1,0.6020263303608476,test,B,random_forest,0.0
2025-10-01,2025-10-02,1,0,0.35521792075958863,test,B,random_forest,1.0
2025-10-02,2025-10-03,1,0,0.36007917242799753,test,B,random_forest,1.0
2025-10-03,2025-10-06,0,0,0.347360919337088,test,B,random_forest,1.0
2025-10-06,2025-10-07,0,0,0.3939927400775938,test,B,random_forest,1.0
2025-10-07,2025-10-08,1,0,0.494688547720523,test,B,random_forest,1.0
2025-10-08,2025-10-09,0,0,0.3755030458737654,test,B,random_forest,1.0
2025-10-09,2025-10-10,0,0,0.3354086748116593,test,B,random_forest,1.0
2025-10-10,2025-10-13,1,0,0.44515717061237886,test,B,random_forest,1.0
2025-10-13,2025-10-14,1,0,0.38828617321810505,test,B,random_forest,1.0
2025-10-14,2025-10-15,1,0,0.4770679170850455,test,B,random_forest,1.0
2025-10-15,2025-10-16,0,0,0.3799158611157197,test,B,random_forest,1.0
2025-10-16,2025-10-17,1,0,0.4684454505984445,test,B,random_forest,1.0
2025-10-17,2025-10-20,1,0,0.44282202206663973,test,B,random_forest,1.0
2025-10-20,2025-10-21,1,1,0.6032662046585554,test,B,random_forest,1.0
2025-10-21,2025-10-22,0,0,0.3999541127402856,test,B,random_forest,1.0
2025-10-22,2025-10-23,1,0,0.3759527515131546,test,B,random_forest,1.0
2025-10-23,2025-10-24,1,0,0.32794873020269844,test,B,random_forest,1.0
2025-10-24,2025-10-27,1,0,0.3119962128271368,test,B,random_forest,1.0
2025-10-27,2025-10-28,1,1,0.5124625990434564,test,B,random_forest,1.0
2025-10-28,2025-10-29,1,0,0.3956974382921964,test,B,random_forest,1.0
2025-10-29,2025-10-30,1,0,0.4056283157484367,test,B,random_forest,1.0
2025-10-30,2025-10-31,0,0,0.48449059629599084,test,B,random_forest,1.0
2025-10-31,2025-11-03,0,0,0.3392409112959855,test,B,random_forest,1.0
2025-11-03,2025-11-04,1,0,0.3323262445481172,test,B,random_forest,1.0
2025-11-04,2025-11-05,1,1,0.5150441468842047,test,B,random_forest,1.0
2025-11-05,2025-11-06,0,0,0.3040568554463415,test,B,random_forest,1.0
2025-11-06,2025-11-07,0,0,0.4290402099848897,test,B,random_forest,1.0
2025-11-07,2025-11-10,1,0,0.31422652688191266,test,B,random_forest,1.0
2025-11-10,2025-11-11,1,0,0.3716682682645116,test,B,random_forest,1.0
2025-11-11,2025-11-12,0,1,0.549618607798999,test,B,random_forest,1.0
2025-11-12,2025-11-13,0,0,0.3879014345078796,test,B,random_forest,1.0
2025-11-13,2025-11-14,0,1,0.5012931032536424,test,B,random_forest,1.0
2025-11-14,2025-11-17,0,0,0.3764387826813649,test,B,random_forest,1.0
2025-11-17,2025-11-18,0,0,0.3795555312989828,test,B,random_forest,1.0
2025-11-18,2025-11-19,1,0,0.3253520745997142,test,B,random_forest,1.0
2025-11-19,2025-11-20,0,0,0.23515060667551885,test,B,random_forest,1.0
2025-11-20,2025-11-21,1,0,0.4153362516618481,test,B,random_forest,1.0
2025-11-21,2025-11-24,1,0,0.41210259454063325,test,B,random_forest,1.0
2025-11-24,2025-11-25,1,0,0.3602616125540831,test,B,random_forest,1.0
2025-11-25,2025-11-26,1,0,0.3448489708389574,test,B,random_forest,1.0
2025-11-26,2025-11-28,1,0,0.4461930877799892,test,B,random_forest,1.0
2025-11-28,2025-12-01,1,0,0.454069469735713,test,B,random_forest,1.0
2025-12-01,2025-12-02,1,0,0.46269654408628536,test,B,random_forest,1.0
2025-12-02,2025-12-03,0,0,0.3607934865732522,test,B,random_forest,1.0
2025-12-03,2025-12-04,0,0,0.3468632503172291,test,B,random_forest,1.0
2025-12-04,2025-12-05,0,0,0.35794666442080136,test,B,random_forest,1.0
2025-12-05,2025-12-08,0,0,0.38729131598474337,test,B,random_forest,1.0
2025-12-08,2025-12-09,0,0,0.33857942656138884,test,B,random_forest,1.0
2025-12-09,2025-12-10,1,0,0.34603409433337146,test,B,random_forest,1.0
2025-12-10,2025-12-11,0,0,0.31473792617316787,test,B,random_forest,1.0
2025-12-11,2025-12-12,1,0,0.3984705652482003,test,B,random_forest,1.0
2025-12-12,2025-12-15,0,1,0.5560760651712642,test,B,random_forest,1.0
2025-12-15,2025-12-16,1,0,0.3556541989235695,test,B,random_forest,1.0
2025-12-16,2025-12-17,0,0,0.38546247774673603,test,B,random_forest,1.0
2025-12-17,2025-12-18,1,0,0.4747372124237834,test,B,random_forest,1.0
2025-12-18,2025-12-19,1,0,0.3199498865207118,test,B,random_forest,1.0
2025-12-19,2025-12-22,0,0,0.2537993304527402,test,B,random_forest,1.0
2025-12-22,2025-12-23,1,1,0.5184275216854471,test,B,random_forest,1.0
2025-12-23,2025-12-24,1,1,0.5103910744850886,test,B,random_forest,1.0
2025-12-24,2025-12-26,0,1,0.5722662745570475,test,B,random_forest,1.0
2025-12-26,2025-12-29,1,1,0.6178792220299778,test,B,random_forest,1.0
2025-12-29,2025-12-30,0,1,0.6060139302871618,test,B,random_forest,1.0
2025-12-30,2025-12-31,0,1,0.594814288921189,test,B,random_forest,1.0
2025-10-01,2025-10-02,1,0,0.3926664861236095,test,B,random_forest,2.0
2025-10-02,2025-10-03,1,0,0.3642973286633639,test,B,random_forest,2.0
2025-10-03,2025-10-06,0,0,0.3429154541771695,test,B,random_forest,2.0
2025-10-06,2025-10-07,0,0,0.3655066469707337,test,B,random_forest,2.0
2025-10-07,2025-10-08,1,0,0.4822754813900514,test,B,random_forest,2.0
2025-10-08,2025-10-09,0,0,0.3591483377583441,test,B,random_forest,2.0
2025-10-09,2025-10-10,0,0,0.34117760478877956,test,B,random_forest,2.0
2025-10-10,2025-10-13,1,0,0.4150085874010301,test,B,random_forest,2.0
2025-10-13,2025-10-14,1,0,0.33822734141114597,test,B,random_forest,2.0
2025-10-14,2025-10-15,1,0,0.4413831719376338,test,B,random_forest,2.0
2025-10-15,2025-10-16,0,0,0.3509417924475653,test,B,random_forest,2.0
2025-10-16,2025-10-17,1,0,0.4361126642726967,test,B,random_forest,2.0
2025-10-17,2025-10-20,1,0,0.40220960276193635,test,B,random_forest,2.0
2025-10-20,2025-10-21,1,1,0.5757631226059111,test,B,random_forest,2.0
2025-10-21,2025-10-22,0,0,0.36571738977866236,test,B,random_forest,2.0
2025-10-22,2025-10-23,1,0,0.3657646284193197,test,B,random_forest,2.0
2025-10-23,2025-10-24,1,0,0.3025616838021573,test,B,random_forest,2.0
2025-10-24,2025-10-27,1,0,0.3308177417841674,test,B,random_forest,2.0
2025-10-27,2025-10-28,1,0,0.48397111183429853,test,B,random_forest,2.0
2025-10-28,2025-10-29,1,0,0.4018114003782136,test,B,random_forest,2.0
2025-10-29,2025-10-30,1,0,0.4226761367413454,test,B,random_forest,2.0
2025-10-30,2025-10-31,0,1,0.5198531693263031,test,B,random_forest,2.0
2025-10-31,2025-11-03,0,0,0.40662922736386925,test,B,random_forest,2.0
2025-11-03,2025-11-04,1,0,0.35576238103862917,test,B,random_forest,2.0
2025-11-04,2025-11-05,1,1,0.5151771876247453,test,B,random_forest,2.0
2025-11-05,2025-11-06,0,0,0.31389445994570586,test,B,random_forest,2.0
2025-11-06,2025-11-07,0,0,0.43482075620712246,test,B,random_forest,2.0
2025-11-07,2025-11-10,1,0,0.325892701763208,test,B,random_forest,2.0
2025-11-10,2025-11-11,1,0,0.3687938707337407,test,B,random_forest,2.0
2025-11-11,2025-11-12,0,1,0.5311508530929144,test,B,random_forest,2.0
2025-11-12,2025-11-13,0,0,0.3917272813924424,test,B,random_forest,2.0
2025-11-13,2025-11-14,0,1,0.517031486173287,test,B,random_forest,2.0
2025-11-14,2025-11-17,0,0,0.40634555408361955,test,B,random_forest,2.0
2025-11-17,2025-11-18,0,0,0.3545230228142098,test,B,random_forest,2.0
2025-11-18,2025-11-19,1,0,0.3723507693065418,test,B,random_forest,2.0
2025-11-19,2025-11-20,0,0,0.24589100362001748,test,B,random_forest,2.0
2025-11-20,2025-11-21,1,0,0.39256895914786477,test,B,random_forest,2.0
2025-11-21,2025-11-24,1,0,0.38762951584656274,test,B,random_forest,2.0
2025-11-24,2025-11-25,1,0,0.3922839204432252,test,B,random_forest,2.0
2025-11-25,2025-11-26,1,0,0.3692362982548314,test,B,random_forest,2.0
2025-11-26,2025-11-28,1,0,0.44012325876096003,test,B,random_forest,2.0
2025-11-28,2025-12-01,1,0,0.46084685420776716,test,B,random_forest,2.0
2025-12-01,2025-12-02,1,0,0.46173393929536016,test,B,random_forest,2.0
2025-12-02,2025-12-03,0,0,0.3756361255829818,test,B,random_forest,2.0
2025-12-03,2025-12-04,0,0,0.37966419946318014,test,B,random_forest,2.0
2025-12-04,2025-12-05,0,0,0.3903765428812677,test,B,random_forest,2.0
2025-12-05,2025-12-08,0,0,0.4029738564791184,test,B,random_forest,2.0
2025-12-08,2025-12-09,0,0,0.3313329886845272,test,B,random_forest,2.0
2025-12-09,2025-12-10,1,0,0.3355748521215124,test,B,random_forest,2.0
2025-12-10,2025-12-11,0,0,0.3213182827426411,test,B,random_forest,2.0
2025-12-11,2025-12-12,1,0,0.4399655694495606,test,B,random_forest,2.0
2025-12-12,2025-12-15,0,1,0.5668998033869085,test,B,random_forest,2.0
2025-12-15,2025-12-16,1,0,0.38819273947163346,test,B,random_forest,2.0
2025-12-16,2025-12-17,0,0,0.38762642705730554,test,B,random_forest,2.0
2025-12-17,2025-12-18,1,0,0.4419210153018589,test,B,random_forest,2.0
2025-12-18,2025-12-19,1,0,0.3153729578089402,test,B,random_forest,2.0
2025-12-19,2025-12-22,0,0,0.30753072264159365,test,B,random_forest,2.0
2025-12-22,2025-12-23,1,0,0.4982964499480435,test,B,random_forest,2.0
2025-12-23,2025-12-24,1,0,0.4714075339935485,test,B,random_forest,2.0
2025-12-24,2025-12-26,0,1,0.5539733210751462,test,B,random_forest,2.0
2025-12-26,2025-12-29,1,1,0.601500055261987,test,B,random_forest,2.0
2025-12-29,2025-12-30,0,1,0.5786432668978457,test,B,random_forest,2.0
2025-12-30,2025-12-31,0,1,0.5688662542311775,test,B,random_forest,2.0
2025-07-01,2025-07-02,1,1,0.6845845698023059,validation,C,logistic_regression,42.0
2025-07-02,2025-07-03,1,1,0.5236114390929378,validation,C,logistic_regression,42.0
2025-07-03,2025-07-07,0,0,0.28488147364094696,validation,C,logistic_regression,42.0
2025-07-07,2025-07-08,1,0,0.20523748708969572,validation,C,logistic_regression,42.0
2025-07-08,2025-07-09,1,0,0.20254849899727054,validation,C,logistic_regression,42.0
2025-07-09,2025-07-10,1,0,0.17988713576870638,validation,C,logistic_regression,42.0
2025-07-10,2025-07-11,0,0,0.37702940980221955,validation,C,logistic_regression,42.0
2025-07-11,2025-07-14,0,0,0.31831551358464477,validation,C,logistic_regression,42.0
2025-07-14,2025-07-15,1,0,0.2444248407875417,validation,C,logistic_regression,42.0
2025-07-15,2025-07-16,1,0,0.24908591770384336,validation,C,logistic_regression,42.0
2025-07-16,2025-07-17,0,0,0.38960407200733854,validation,C,logistic_regression,42.0
2025-07-17,2025-07-18,1,0,0.3187653738905762,validation,C,logistic_regression,42.0
2025-07-18,2025-07-21,1,0,0.4253416693156472,validation,C,logistic_regression,42.0
2025-07-21,2025-07-22,1,0,0.423465233099848,validation,C,logistic_regression,42.0
2025-07-22,2025-07-23,0,0,0.44414633065201314,validation,C,logistic_regression,42.0
2025-07-23,2025-07-24,0,0,0.2730441760225118,validation,C,logistic_regression,42.0
2025-07-24,2025-07-25,1,0,0.28757443241997627,validation,C,logistic_regression,42.0
2025-07-25,2025-07-28,1,0,0.26105626400147974,validation,C,logistic_regression,42.0
2025-07-28,2025-07-29,0,0,0.3414555078145389,validation,C,logistic_regression,42.0
2025-07-29,2025-07-30,0,0,0.41381068824697903,validation,C,logistic_regression,42.0
2025-07-30,2025-07-31,0,0,0.3628016670272966,validation,C,logistic_regression,42.0
2025-07-31,2025-08-01,0,0,0.33566244884705987,validation,C,logistic_regression,42.0
2025-08-01,2025-08-04,1,1,0.5690323400402377,validation,C,logistic_regression,42.0
2025-08-04,2025-08-05,0,0,0.2282199503059299,validation,C,logistic_regression,42.0
2025-08-05,2025-08-06,1,0,0.448983212852278,validation,C,logistic_regression,42.0
2025-08-06,2025-08-07,1,1,0.5696560270957057,validation,C,logistic_regression,42.0
2025-08-07,2025-08-08,1,1,0.6633154514287051,validation,C,logistic_regression,42.0
2025-08-08,2025-08-11,0,1,0.6822116108216655,validation,C,logistic_regression,42.0
2025-08-11,2025-08-12,1,0,0.21210004262410376,validation,C,logistic_regression,42.0
2025-08-12,2025-08-13,1,0,0.08356059670819747,validation,C,logistic_regression,42.0
2025-08-13,2025-08-14,0,0,0.14502823895744651,validation,C,logistic_regression,42.0
2025-08-14,2025-08-15,0,0,0.11472294769991434,validation,C,logistic_regression,42.0
2025-08-15,2025-08-18,0,0,0.2311119097732168,validation,C,logistic_regression,42.0
2025-08-18,2025-08-19,0,0,0.17057756364835602,validation,C,logistic_regression,42.0
2025-08-19,2025-08-20,0,0,0.3659409509664899,validation,C,logistic_regression,42.0
2025-08-20,2025-08-21,0,0,0.29487782652220634,validation,C,logistic_regression,42.0
2025-08-21,2025-08-22,1,0,0.35781096121299694,validation,C,logistic_regression,42.0
2025-08-22,2025-08-25,0,0,0.3068949490962214,validation,C,logistic_regression,42.0
2025-08-25,2025-08-26,1,0,0.47393027834243157,validation,C,logistic_regression,42.0
2025-08-26,2025-08-27,1,1,0.5641573591113475,validation,C,logistic_regression,42.0
2025-08-27,2025-08-28,1,0,0.39374293030172575,validation,C,logistic_regression,42.0
2025-08-28,2025-08-29,0,0,0.36714851922624353,validation,C,logistic_regression,42.0
2025-08-29,2025-09-02,0,0,0.35504395871952066,validation,C,logistic_regression,42.0
2025-09-02,2025-09-03,1,0,0.21273580138402448,validation,C,logistic_regression,42.0
2025-09-03,2025-09-04,1,0,0.15686149458312057,validation,C,logistic_regression,42.0
2025-09-04,2025-09-05,0,0,0.12041699135253257,validation,C,logistic_regression,42.0
2025-09-05,2025-09-08,0,0,0.33300686326665846,validation,C,logistic_regression,42.0
2025-09-08,2025-09-09,0,0,0.13244724276578373,validation,C,logistic_regression,42.0
2025-09-09,2025-09-10,0,0,0.13583134109002667,validation,C,logistic_regression,42.0
2025-09-10,2025-09-11,1,0,0.2593860070276291,validation,C,logistic_regression,42.0
2025-09-11,2025-09-12,1,0,0.43433074068448796,validation,C,logistic_regression,42.0
2025-09-12,2025-09-15,1,0,0.39766541497537533,validation,C,logistic_regression,42.0
2025-09-15,2025-09-16,1,0,0.4267949427661101,validation,C,logistic_regression,42.0
2025-09-16,2025-09-17,1,0,0.44124021252904794,validation,C,logistic_regression,42.0
2025-09-17,2025-09-18,0,0,0.2862543068317732,validation,C,logistic_regression,42.0
2025-09-18,2025-09-19,1,0,0.15348833056110112,validation,C,logistic_regression,42.0
2025-09-19,2025-09-22,1,0,0.40992379067754436,validation,C,logistic_regression,42.0
2025-09-22,2025-09-23,0,0,0.44132349617933986,validation,C,logistic_regression,42.0
2025-09-23,2025-09-24,0,0,0.33081225020086,validation,C,logistic_regression,42.0
2025-09-24,2025-09-25,1,0,0.20368212599780314,validation,C,logistic_regression,42.0
2025-09-25,2025-09-26,0,0,0.1325962840147123,validation,C,logistic_regression,42.0
2025-09-26,2025-09-29,0,0,0.12329309492458278,validation,C,logistic_regression,42.0
2025-09-29,2025-09-30,1,0,0.20076138848824712,validation,C,logistic_regression,42.0
2025-07-01,2025-07-02,1,1,0.5514632902974671,validation,C,random_forest,0.0
2025-07-02,2025-07-03,1,0,0.4157255471097854,validation,C,random_forest,0.0
2025-07-03,2025-07-07,0,0,0.45814165933848044,validation,C,random_forest,0.0
2025-07-07,2025-07-08,1,0,0.42641825750981016,validation,C,random_forest,0.0
2025-07-08,2025-07-09,1,0,0.34810030740939985,validation,C,random_forest,0.0
2025-07-09,2025-07-10,1,0,0.350618971218601,validation,C,random_forest,0.0
2025-07-10,2025-07-11,0,0,0.37216347359122454,validation,C,random_forest,0.0
2025-07-11,2025-07-14,0,0,0.3935382780159166,validation,C,random_forest,0.0
2025-07-14,2025-07-15,1,0,0.3778906682529133,validation,C,random_forest,0.0
2025-07-15,2025-07-16,1,0,0.31644144471150815,validation,C,random_forest,0.0
2025-07-16,2025-07-17,0,0,0.3080785875098634,validation,C,random_forest,0.0
2025-07-17,2025-07-18,1,0,0.32958030397364174,validation,C,random_forest,0.0
2025-07-18,2025-07-21,1,0,0.40482947611851167,validation,C,random_forest,0.0
2025-07-21,2025-07-22,1,0,0.2918712751445988,validation,C,random_forest,0.0
2025-07-22,2025-07-23,0,0,0.4030933946506884,validation,C,random_forest,0.0
2025-07-23,2025-07-24,0,0,0.3288779748923185,validation,C,random_forest,0.0
2025-07-24,2025-07-25,1,0,0.3673764483060548,validation,C,random_forest,0.0
2025-07-25,2025-07-28,1,0,0.36855523607490415,validation,C,random_forest,0.0
2025-07-28,2025-07-29,0,0,0.3458509231138441,validation,C,random_forest,0.0
2025-07-29,2025-07-30,0,0,0.3777765488467151,validation,C,random_forest,0.0
2025-07-30,2025-07-31,0,0,0.4153368031800915,validation,C,random_forest,0.0
2025-07-31,2025-08-01,0,1,0.5258492883361383,validation,C,random_forest,0.0
2025-08-01,2025-08-04,1,1,0.5692164340289675,validation,C,random_forest,0.0
2025-08-04,2025-08-05,0,0,0.4704075047845662,validation,C,random_forest,0.0
2025-08-05,2025-08-06,1,1,0.5470133613779873,validation,C,random_forest,0.0
2025-08-06,2025-08-07,1,1,0.5621095769414344,validation,C,random_forest,0.0
2025-08-07,2025-08-08,1,1,0.5034282607722113,validation,C,random_forest,0.0
2025-08-08,2025-08-11,0,1,0.536059301242979,validation,C,random_forest,0.0
2025-08-11,2025-08-12,1,0,0.2863235057489145,validation,C,random_forest,0.0
2025-08-12,2025-08-13,1,0,0.34033844975765437,validation,C,random_forest,0.0
2025-08-13,2025-08-14,0,0,0.4411798350912957,validation,C,random_forest,0.0
2025-08-14,2025-08-15,0,0,0.40688513238266116,validation,C,random_forest,0.0
2025-08-15,2025-08-18,0,0,0.3718232169856049,validation,C,random_forest,0.0
2025-08-18,2025-08-19,0,0,0.460199199216817,validation,C,random_forest,0.0
2025-08-19,2025-08-20,0,0,0.477436487674642,validation,C,random_forest,0.0
2025-08-20,2025-08-21,0,0,0.3605329244423733,validation,C,random_forest,0.0
2025-08-21,2025-08-22,1,0,0.40217752852114097,validation,C,random_forest,0.0
2025-08-22,2025-08-25,0,0,0.3373407196842236,validation,C,random_forest,0.0
2025-08-25,2025-08-26,1,0,0.39274991123313985,validation,C,random_forest,0.0
2025-08-26,2025-08-27,1,0,0.29728282489242047,validation,C,random_forest,0.0
2025-08-27,2025-08-28,1,0,0.46221459632791695,validation,C,random_forest,0.0
2025-08-28,2025-08-29,0,0,0.40731629213553344,validation,C,random_forest,0.0
2025-08-29,2025-09-02,0,0,0.41042103555129006,validation,C,random_forest,0.0
2025-09-02,2025-09-03,1,0,0.3760369166799552,validation,C,random_forest,0.0
2025-09-03,2025-09-04,1,1,0.5232408788354284,validation,C,random_forest,0.0
2025-09-04,2025-09-05,0,0,0.3054624452080324,validation,C,random_forest,0.0
2025-09-05,2025-09-08,0,0,0.3981210818049965,validation,C,random_forest,0.0
2025-09-08,2025-09-09,0,0,0.3320016753659768,validation,C,random_forest,0.0
2025-09-09,2025-09-10,0,0,0.32594893289628574,validation,C,random_forest,0.0
2025-09-10,2025-09-11,1,0,0.4557820465764028,validation,C,random_forest,0.0
2025-09-11,2025-09-12,1,0,0.3673408179300137,validation,C,random_forest,0.0
2025-09-12,2025-09-15,1,0,0.39212104512429086,validation,C,random_forest,0.0
2025-09-15,2025-09-16,1,0,0.34665801225005777,validation,C,random_forest,0.0
2025-09-16,2025-09-17,1,0,0.3913038119562066,validation,C,random_forest,0.0
2025-09-17,2025-09-18,0,0,0.4030178407078942,validation,C,random_forest,0.0
2025-09-18,2025-09-19,1,0,0.3426315026805027,validation,C,random_forest,0.0
2025-09-19,2025-09-22,1,1,0.58044066527774,validation,C,random_forest,0.0
2025-09-22,2025-09-23,0,1,0.5410921933629903,validation,C,random_forest,0.0
2025-09-23,2025-09-24,0,0,0.4126063098295218,validation,C,random_forest,0.0
2025-09-24,2025-09-25,1,0,0.351059702420611,validation,C,random_forest,0.0
2025-09-25,2025-09-26,0,0,0.4772460895523584,validation,C,random_forest,0.0
2025-09-26,2025-09-29,0,0,0.3605634164625532,validation,C,random_forest,0.0
2025-09-29,2025-09-30,1,0,0.4309125281011728,validation,C,random_forest,0.0
2025-07-01,2025-07-02,1,1,0.555504256728799,validation,C,random_forest,1.0
2025-07-02,2025-07-03,1,0,0.46485516306501573,validation,C,random_forest,1.0
2025-07-03,2025-07-07,0,0,0.4715466981920624,validation,C,random_forest,1.0
2025-07-07,2025-07-08,1,0,0.46384256223901776,validation,C,random_forest,1.0
2025-07-08,2025-07-09,1,0,0.38730023514358713,validation,C,random_forest,1.0
2025-07-09,2025-07-10,1,0,0.3888531817575725,validation,C,random_forest,1.0
2025-07-10,2025-07-11,0,0,0.40852803696738765,validation,C,random_forest,1.0
2025-07-11,2025-07-14,0,0,0.43580682264633375,validation,C,random_forest,1.0
2025-07-14,2025-07-15,1,0,0.37789381980465914,validation,C,random_forest,1.0
2025-07-15,2025-07-16,1,0,0.3650687805139424,validation,C,random_forest,1.0
2025-07-16,2025-07-17,0,0,0.33867319253996964,validation,C,random_forest,1.0
2025-07-17,2025-07-18,1,0,0.361465107714412,validation,C,random_forest,1.0
2025-07-18,2025-07-21,1,0,0.4178900718259448,validation,C,random_forest,1.0
2025-07-21,2025-07-22,1,0,0.3384606457492053,validation,C,random_forest,1.0
2025-07-22,2025-07-23,0,0,0.42756562487597355,validation,C,random_forest,1.0
2025-07-23,2025-07-24,0,0,0.3384032966463433,validation,C,random_forest,1.0
2025-07-24,2025-07-25,1,0,0.3841995948323149,validation,C,random_forest,1.0
2025-07-25,2025-07-28,1,0,0.37411989249770233,validation,C,random_forest,1.0
2025-07-28,2025-07-29,0,0,0.360379792103124,validation,C,random_forest,1.0
2025-07-29,2025-07-30,0,0,0.40200390214082676,validation,C,random_forest,1.0
2025-07-30,2025-07-31,0,0,0.40993018125010733,validation,C,random_forest,1.0
2025-07-31,2025-08-01,0,1,0.5107554548104488,validation,C,random_forest,1.0
2025-08-01,2025-08-04,1,1,0.5222915950656812,validation,C,random_forest,1.0
2025-08-04,2025-08-05,0,0,0.4538352251035564,validation,C,random_forest,1.0
2025-08-05,2025-08-06,1,1,0.5571714058516604,validation,C,random_forest,1.0
2025-08-06,2025-08-07,1,1,0.5816003915845589,validation,C,random_forest,1.0
2025-08-07,2025-08-08,1,0,0.49196611412040453,validation,C,random_forest,1.0
2025-08-08,2025-08-11,0,1,0.5045785043754419,validation,C,random_forest,1.0
2025-08-11,2025-08-12,1,0,0.33367256545553836,validation,C,random_forest,1.0
2025-08-12,2025-08-13,1,0,0.3538928108880384,validation,C,random_forest,1.0
2025-08-13,2025-08-14,0,0,0.4737144495173519,validation,C,random_forest,1.0
2025-08-14,2025-08-15,0,0,0.43392629325258364,validation,C,random_forest,1.0
2025-08-15,2025-08-18,0,0,0.41744699199569807,validation,C,random_forest,1.0
2025-08-18,2025-08-19,0,0,0.4832964756865122,validation,C,random_forest,1.0
2025-08-19,2025-08-20,0,0,0.48409225257138455,validation,C,random_forest,1.0
2025-08-20,2025-08-21,0,0,0.3501148447680825,validation,C,random_forest,1.0
2025-08-21,2025-08-22,1,0,0.3643731033694783,validation,C,random_forest,1.0
2025-08-22,2025-08-25,0,0,0.3012204753357509,validation,C,random_forest,1.0
2025-08-25,2025-08-26,1,0,0.38561731890838863,validation,C,random_forest,1.0
2025-08-26,2025-08-27,1,0,0.3221249189034245,validation,C,random_forest,1.0
2025-08-27,2025-08-28,1,0,0.45952696902225854,validation,C,random_forest,1.0
2025-08-28,2025-08-29,0,0,0.43797118764768556,validation,C,random_forest,1.0
2025-08-29,2025-09-02,0,0,0.4559566178625553,validation,C,random_forest,1.0
2025-09-02,2025-09-03,1,0,0.38938141793674785,validation,C,random_forest,1.0
2025-09-03,2025-09-04,1,0,0.48824937405729013,validation,C,random_forest,1.0
2025-09-04,2025-09-05,0,0,0.35016766658412013,validation,C,random_forest,1.0
2025-09-05,2025-09-08,0,0,0.4224508304565102,validation,C,random_forest,1.0
2025-09-08,2025-09-09,0,0,0.3460452827457097,validation,C,random_forest,1.0
2025-09-09,2025-09-10,0,0,0.36978295168066483,validation,C,random_forest,1.0
2025-09-10,2025-09-11,1,0,0.41967233337802495,validation,C,random_forest,1.0
2025-09-11,2025-09-12,1,0,0.35656921459805163,validation,C,random_forest,1.0
2025-09-12,2025-09-15,1,0,0.37698763561630927,validation,C,random_forest,1.0
2025-09-15,2025-09-16,1,0,0.3374794227775488,validation,C,random_forest,1.0
2025-09-16,2025-09-17,1,0,0.4669489190015847,validation,C,random_forest,1.0
2025-09-17,2025-09-18,0,0,0.4266168162734952,validation,C,random_forest,1.0
2025-09-18,2025-09-19,1,0,0.36533694637621383,validation,C,random_forest,1.0
2025-09-19,2025-09-22,1,1,0.5509719996873476,validation,C,random_forest,1.0
2025-09-22,2025-09-23,0,1,0.5279484249453624,validation,C,random_forest,1.0
2025-09-23,2025-09-24,0,0,0.4490841549389078,validation,C,random_forest,1.0
2025-09-24,2025-09-25,1,0,0.40096972586877566,validation,C,random_forest,1.0
2025-09-25,2025-09-26,0,0,0.49594734904984544,validation,C,random_forest,1.0
2025-09-26,2025-09-29,0,0,0.38150459462057285,validation,C,random_forest,1.0
2025-09-29,2025-09-30,1,0,0.43055630222328534,validation,C,random_forest,1.0
2025-07-01,2025-07-02,1,1,0.5349897811407176,validation,C,random_forest,2.0
2025-07-02,2025-07-03,1,0,0.45401139411072905,validation,C,random_forest,2.0
2025-07-03,2025-07-07,0,1,0.5178855938228538,validation,C,random_forest,2.0
2025-07-07,2025-07-08,1,0,0.4830051286281131,validation,C,random_forest,2.0
2025-07-08,2025-07-09,1,0,0.4203619891496923,validation,C,random_forest,2.0
2025-07-09,2025-07-10,1,0,0.38696641743898247,validation,C,random_forest,2.0
2025-07-10,2025-07-11,0,0,0.413059238121084,validation,C,random_forest,2.0
2025-07-11,2025-07-14,0,0,0.45092886281008815,validation,C,random_forest,2.0
2025-07-14,2025-07-15,1,0,0.40397125497342223,validation,C,random_forest,2.0
2025-07-15,2025-07-16,1,0,0.3672442796267647,validation,C,random_forest,2.0
2025-07-16,2025-07-17,0,0,0.35527909669901253,validation,C,random_forest,2.0
2025-07-17,2025-07-18,1,0,0.33292308792995573,validation,C,random_forest,2.0
2025-07-18,2025-07-21,1,0,0.41586354459868546,validation,C,random_forest,2.0
2025-07-21,2025-07-22,1,0,0.3483732531185754,validation,C,random_forest,2.0
2025-07-22,2025-07-23,0,0,0.38222492870397856,validation,C,random_forest,2.0
2025-07-23,2025-07-24,0,0,0.33979870653317035,validation,C,random_forest,2.0
2025-07-24,2025-07-25,1,0,0.3576330330012969,validation,C,random_forest,2.0
2025-07-25,2025-07-28,1,0,0.39069497562923594,validation,C,random_forest,2.0
2025-07-28,2025-07-29,0,0,0.38922160771305947,validation,C,random_forest,2.0
2025-07-29,2025-07-30,0,0,0.39806667750302294,validation,C,random_forest,2.0
2025-07-30,2025-07-31,0,0,0.409867240516591,validation,C,random_forest,2.0
2025-07-31,2025-08-01,0,1,0.5106161688428438,validation,C,random_forest,2.0
2025-08-01,2025-08-04,1,1,0.5356596877967216,validation,C,random_forest,2.0
2025-08-04,2025-08-05,0,0,0.45004232488158524,validation,C,random_forest,2.0
2025-08-05,2025-08-06,1,1,0.5622395065729205,validation,C,random_forest,2.0
2025-08-06,2025-08-07,1,1,0.5595966058828498,validation,C,random_forest,2.0
2025-08-07,2025-08-08,1,0,0.47156182276127273,validation,C,random_forest,2.0
2025-08-08,2025-08-11,0,1,0.5295145045805936,validation,C,random_forest,2.0
2025-08-11,2025-08-12,1,0,0.309024699086219,validation,C,random_forest,2.0
2025-08-12,2025-08-13,1,0,0.337070802072846,validation,C,random_forest,2.0
2025-08-13,2025-08-14,0,0,0.4282028422564632,validation,C,random_forest,2.0
2025-08-14,2025-08-15,0,0,0.4172319625667725,validation,C,random_forest,2.0
2025-08-15,2025-08-18,0,0,0.4242421165336202,validation,C,random_forest,2.0
2025-08-18,2025-08-19,0,0,0.4913621072012153,validation,C,random_forest,2.0
2025-08-19,2025-08-20,0,0,0.4748132458297756,validation,C,random_forest,2.0
2025-08-20,2025-08-21,0,0,0.3621697481799437,validation,C,random_forest,2.0
2025-08-21,2025-08-22,1,0,0.3970213425336838,validation,C,random_forest,2.0
2025-08-22,2025-08-25,0,0,0.3532223900502124,validation,C,random_forest,2.0
2025-08-25,2025-08-26,1,0,0.41060774569834635,validation,C,random_forest,2.0
2025-08-26,2025-08-27,1,0,0.32186309756378917,validation,C,random_forest,2.0
2025-08-27,2025-08-28,1,0,0.456668650037927,validation,C,random_forest,2.0
2025-08-28,2025-08-29,0,0,0.3926120713366344,validation,C,random_forest,2.0
2025-08-29,2025-09-02,0,0,0.43390592396678546,validation,C,random_forest,2.0
2025-09-02,2025-09-03,1,0,0.406029012630824,validation,C,random_forest,2.0
2025-09-03,2025-09-04,1,1,0.5053359230387872,validation,C,random_forest,2.0
2025-09-04,2025-09-05,0,0,0.38252405447796517,validation,C,random_forest,2.0
2025-09-05,2025-09-08,0,0,0.43899327489398504,validation,C,random_forest,2.0
2025-09-08,2025-09-09,0,0,0.38957497067945385,validation,C,random_forest,2.0
2025-09-09,2025-09-10,0,0,0.3732419799534674,validation,C,random_forest,2.0
2025-09-10,2025-09-11,1,0,0.4327681357569411,validation,C,random_forest,2.0
2025-09-11,2025-09-12,1,0,0.3875138409622329,validation,C,random_forest,2.0
2025-09-12,2025-09-15,1,0,0.3734167558000401,validation,C,random_forest,2.0
2025-09-15,2025-09-16,1,0,0.3442151831638805,validation,C,random_forest,2.0
2025-09-16,2025-09-17,1,0,0.40562658604874957,validation,C,random_forest,2.0
2025-09-17,2025-09-18,0,0,0.40146192820464166,validation,C,random_forest,2.0
2025-09-18,2025-09-19,1,0,0.37142637941786827,validation,C,random_forest,2.0
2025-09-19,2025-09-22,1,1,0.5627439159396936,validation,C,random_forest,2.0
2025-09-22,2025-09-23,0,1,0.5430857937039925,validation,C,random_forest,2.0
2025-09-23,2025-09-24,0,0,0.4227525076509186,validation,C,random_forest,2.0
2025-09-24,2025-09-25,1,0,0.4231013672398313,validation,C,random_forest,2.0
2025-09-25,2025-09-26,0,0,0.4893080092282677,validation,C,random_forest,2.0
2025-09-26,2025-09-29,0,0,0.4212989487059614,validation,C,random_forest,2.0
2025-09-29,2025-09-30,1,0,0.47289921334513507,validation,C,random_forest,2.0
2025-10-01,2025-10-02,1,0,0.27064689974005046,test,C,logistic_regression,42.0
2025-10-02,2025-10-03,1,0,0.40613609618400354,test,C,logistic_regression,42.0
2025-10-03,2025-10-06,0,0,0.4794941845906501,test,C,logistic_regression,42.0
2025-10-06,2025-10-07,0,0,0.24778821263972498,test,C,logistic_regression,42.0
2025-10-07,2025-10-08,1,0,0.28400376785586606,test,C,logistic_regression,42.0
2025-10-08,2025-10-09,0,0,0.15793123100534492,test,C,logistic_regression,42.0
2025-10-09,2025-10-10,0,0,0.2078792078510858,test,C,logistic_regression,42.0
2025-10-10,2025-10-13,1,0,0.4474732359046733,test,C,logistic_regression,42.0
2025-10-13,2025-10-14,1,0,0.21208243440514515,test,C,logistic_regression,42.0
2025-10-14,2025-10-15,1,0,0.3917161019025417,test,C,logistic_regression,42.0
2025-10-15,2025-10-16,0,0,0.42324851845955824,test,C,logistic_regression,42.0
2025-10-16,2025-10-17,1,0,0.34388482253075453,test,C,logistic_regression,42.0
2025-10-17,2025-10-20,1,0,0.4506559873540366,test,C,logistic_regression,42.0
2025-10-20,2025-10-21,1,0,0.45735421859302,test,C,logistic_regression,42.0
2025-10-21,2025-10-22,0,0,0.4024609568757854,test,C,logistic_regression,42.0
2025-10-22,2025-10-23,1,0,0.23612117823470993,test,C,logistic_regression,42.0
2025-10-23,2025-10-24,1,0,0.09566707907719753,test,C,logistic_regression,42.0
2025-10-24,2025-10-27,1,0,0.1384048913577685,test,C,logistic_regression,42.0
2025-10-27,2025-10-28,1,0,0.31335914603144055,test,C,logistic_regression,42.0
2025-10-28,2025-10-29,1,0,0.30467939112362113,test,C,logistic_regression,42.0
2025-10-29,2025-10-30,1,0,0.4684986888566522,test,C,logistic_regression,42.0
2025-10-30,2025-10-31,0,1,0.7039628867843263,test,C,logistic_regression,42.0
2025-10-31,2025-11-03,0,1,0.5585326851972477,test,C,logistic_regression,42.0
2025-11-03,2025-11-04,1,1,0.5996130756429126,test,C,logistic_regression,42.0
2025-11-04,2025-11-05,1,1,0.7252252046464758,test,C,logistic_regression,42.0
2025-11-05,2025-11-06,0,1,0.5136229343614349,test,C,logistic_regression,42.0
2025-11-06,2025-11-07,0,1,0.6668861990492077,test,C,logistic_regression,42.0
2025-11-07,2025-11-10,1,0,0.3064648362229559,test,C,logistic_regression,42.0
2025-11-10,2025-11-11,1,0,0.1610403781034208,test,C,logistic_regression,42.0
2025-11-11,2025-11-12,0,0,0.3799535426554824,test,C,logistic_regression,42.0
2025-11-12,2025-11-13,0,0,0.25301233479471374,test,C,logistic_regression,42.0
2025-11-13,2025-11-14,0,0,0.4128883053474789,test,C,logistic_regression,42.0
2025-11-14,2025-11-17,0,0,0.1449953308717955,test,C,logistic_regression,42.0
2025-11-17,2025-11-18,0,0,0.16041949609216083,test,C,logistic_regression,42.0
2025-11-18,2025-11-19,1,0,0.4927594022701317,test,C,logistic_regression,42.0
2025-11-19,2025-11-20,0,0,0.34244568235676004,test,C,logistic_regression,42.0
2025-11-20,2025-11-21,1,1,0.683635143244142,test,C,logistic_regression,42.0
2025-11-21,2025-11-24,1,1,0.5820872202303344,test,C,logistic_regression,42.0
2025-11-24,2025-11-25,1,0,0.4183572563437968,test,C,logistic_regression,42.0
2025-11-25,2025-11-26,1,0,0.4587302196482751,test,C,logistic_regression,42.0
2025-11-26,2025-11-28,1,0,0.17204935314545566,test,C,logistic_regression,42.0
2025-11-28,2025-12-01,1,0,0.11619026998835034,test,C,logistic_regression,42.0
2025-12-01,2025-12-02,1,0,0.26979056014757113,test,C,logistic_regression,42.0
2025-12-02,2025-12-03,0,0,0.22481470674362217,test,C,logistic_regression,42.0
2025-12-03,2025-12-04,0,0,0.319516057543031,test,C,logistic_regression,42.0
2025-12-04,2025-12-05,0,0,0.22330530370817173,test,C,logistic_regression,42.0
2025-12-05,2025-12-08,0,0,0.2656608018200047,test,C,logistic_regression,42.0
2025-12-08,2025-12-09,0,0,0.2686403119277623,test,C,logistic_regression,42.0
2025-12-09,2025-12-10,1,0,0.4168150886394649,test,C,logistic_regression,42.0
2025-12-10,2025-12-11,0,1,0.5074361725795202,test,C,logistic_regression,42.0
2025-12-11,2025-12-12,1,0,0.38350874795609113,test,C,logistic_regression,42.0
2025-12-12,2025-12-15,0,1,0.583101214679697,test,C,logistic_regression,42.0
2025-12-15,2025-12-16,1,0,0.39000807391721104,test,C,logistic_regression,42.0
2025-12-16,2025-12-17,0,0,0.3621757569809722,test,C,logistic_regression,42.0
2025-12-17,2025-12-18,1,0,0.41186089082259836,test,C,logistic_regression,42.0
2025-12-18,2025-12-19,1,0,0.2801955644013829,test,C,logistic_regression,42.0
2025-12-19,2025-12-22,0,1,0.5386944130518825,test,C,logistic_regression,42.0
2025-12-22,2025-12-23,1,0,0.3818196884536875,test,C,logistic_regression,42.0
2025-12-23,2025-12-24,1,0,0.4545269946366513,test,C,logistic_regression,42.0
2025-12-24,2025-12-26,0,1,0.5220042829580744,test,C,logistic_regression,42.0
2025-12-26,2025-12-29,1,1,0.6120033262276282,test,C,logistic_regression,42.0
2025-12-29,2025-12-30,0,1,0.5891858221944528,test,C,logistic_regression,42.0
2025-12-30,2025-12-31,0,0,0.4874542139611883,test,C,logistic_regression,42.0
2025-10-01,2025-10-02,1,0,0.36526407844076314,test,C,random_forest,0.0
2025-10-02,2025-10-03,1,0,0.31897685065097575,test,C,random_forest,0.0
2025-10-03,2025-10-06,0,0,0.38147604063828666,test,C,random_forest,0.0
2025-10-06,2025-10-07,0,0,0.4282154815374785,test,C,random_forest,0.0
2025-10-07,2025-10-08,1,0,0.45982873460532764,test,C,random_forest,0.0
2025-10-08,2025-10-09,0,0,0.34899134294450845,test,C,random_forest,0.0
2025-10-09,2025-10-10,0,0,0.37093529036882045,test,C,random_forest,0.0
2025-10-10,2025-10-13,1,0,0.3981895669065651,test,C,random_forest,0.0
2025-10-13,2025-10-14,1,0,0.3926562207161365,test,C,random_forest,0.0
2025-10-14,2025-10-15,1,0,0.4813213378238482,test,C,random_forest,0.0
2025-10-15,2025-10-16,0,0,0.3485247983550048,test,C,random_forest,0.0
2025-10-16,2025-10-17,1,0,0.34998938348478376,test,C,random_forest,0.0
2025-10-17,2025-10-20,1,0,0.4066430726347846,test,C,random_forest,0.0
2025-10-20,2025-10-21,1,1,0.578068326586871,test,C,random_forest,0.0
2025-10-21,2025-10-22,0,0,0.41315536591411167,test,C,random_forest,0.0
2025-10-22,2025-10-23,1,0,0.4354588019767461,test,C,random_forest,0.0
2025-10-23,2025-10-24,1,0,0.3083534173866421,test,C,random_forest,0.0
2025-10-24,2025-10-27,1,0,0.3308887033275996,test,C,random_forest,0.0
2025-10-27,2025-10-28,1,0,0.49807070206763077,test,C,random_forest,0.0
2025-10-28,2025-10-29,1,0,0.37442588121561965,test,C,random_forest,0.0
2025-10-29,2025-10-30,1,0,0.3584274259718129,test,C,random_forest,0.0
2025-10-30,2025-10-31,0,1,0.5742727205120992,test,C,random_forest,0.0
2025-10-31,2025-11-03,0,0,0.41124901900019784,test,C,random_forest,0.0
2025-11-03,2025-11-04,1,0,0.35517724524229166,test,C,random_forest,0.0
2025-11-04,2025-11-05,1,1,0.5156057616336592,test,C,random_forest,0.0
2025-11-05,2025-11-06,0,0,0.32206935515924084,test,C,random_forest,0.0
2025-11-06,2025-11-07,0,0,0.4343910364622541,test,C,random_forest,0.0
2025-11-07,2025-11-10,1,0,0.2627513050600323,test,C,random_forest,0.0
2025-11-10,2025-11-11,1,0,0.36798460825880364,test,C,random_forest,0.0
2025-11-11,2025-11-12,0,1,0.512230653155044,test,C,random_forest,0.0
2025-11-12,2025-11-13,0,0,0.39034575866010585,test,C,random_forest,0.0
2025-11-13,2025-11-14,0,1,0.5378198419890653,test,C,random_forest,0.0
2025-11-14,2025-11-17,0,0,0.3800948809780524,test,C,random_forest,0.0
2025-11-17,2025-11-18,0,0,0.3529745600190884,test,C,random_forest,0.0
2025-11-18,2025-11-19,1,0,0.37343920627820415,test,C,random_forest,0.0
2025-11-19,2025-11-20,0,0,0.22073969781324365,test,C,random_forest,0.0
2025-11-20,2025-11-21,1,0,0.4288065823971782,test,C,random_forest,0.0
2025-11-21,2025-11-24,1,0,0.4050537400187722,test,C,random_forest,0.0
2025-11-24,2025-11-25,1,0,0.3373355746982154,test,C,random_forest,0.0
2025-11-25,2025-11-26,1,0,0.35146290224180887,test,C,random_forest,0.0
2025-11-26,2025-11-28,1,0,0.40586295082995016,test,C,random_forest,0.0
2025-11-28,2025-12-01,1,0,0.45284506276944586,test,C,random_forest,0.0
2025-12-01,2025-12-02,1,0,0.4015225549526418,test,C,random_forest,0.0
2025-12-02,2025-12-03,0,0,0.34385284755806644,test,C,random_forest,0.0
2025-12-03,2025-12-04,0,0,0.3816064609266482,test,C,random_forest,0.0
2025-12-04,2025-12-05,0,0,0.4085710361212993,test,C,random_forest,0.0
2025-12-05,2025-12-08,0,0,0.4303371572609283,test,C,random_forest,0.0
2025-12-08,2025-12-09,0,0,0.3283503806766694,test,C,random_forest,0.0
2025-12-09,2025-12-10,1,0,0.36039176884749513,test,C,random_forest,0.0
2025-12-10,2025-12-11,0,0,0.40427503738348325,test,C,random_forest,0.0
2025-12-11,2025-12-12,1,0,0.3981786260775281,test,C,random_forest,0.0
2025-12-12,2025-12-15,0,1,0.5710428756569247,test,C,random_forest,0.0
2025-12-15,2025-12-16,1,0,0.2944863194189036,test,C,random_forest,0.0
2025-12-16,2025-12-17,0,0,0.32087593715235285,test,C,random_forest,0.0
2025-12-17,2025-12-18,1,0,0.4304234942673163,test,C,random_forest,0.0
2025-12-18,2025-12-19,1,0,0.3068499082772403,test,C,random_forest,0.0
2025-12-19,2025-12-22,0,0,0.31240255041430326,test,C,random_forest,0.0
2025-12-22,2025-12-23,1,0,0.49715670084785824,test,C,random_forest,0.0
2025-12-23,2025-12-24,1,0,0.4624558280561373,test,C,random_forest,0.0
2025-12-24,2025-12-26,0,1,0.523035735281265,test,C,random_forest,0.0
2025-12-26,2025-12-29,1,1,0.5392202119545694,test,C,random_forest,0.0
2025-12-29,2025-12-30,0,1,0.571982979554779,test,C,random_forest,0.0
2025-12-30,2025-12-31,0,1,0.5355970366862147,test,C,random_forest,0.0
2025-10-01,2025-10-02,1,0,0.4077931658300381,test,C,random_forest,1.0
2025-10-02,2025-10-03,1,0,0.35509091519039904,test,C,random_forest,1.0
2025-10-03,2025-10-06,0,0,0.4387361047095196,test,C,random_forest,1.0
2025-10-06,2025-10-07,0,0,0.42099064701434485,test,C,random_forest,1.0
2025-10-07,2025-10-08,1,0,0.4546711578333453,test,C,random_forest,1.0
2025-10-08,2025-10-09,0,0,0.366920434746632,test,C,random_forest,1.0
2025-10-09,2025-10-10,0,0,0.40549958444222045,test,C,random_forest,1.0
2025-10-10,2025-10-13,1,0,0.41417243330747355,test,C,random_forest,1.0
2025-10-13,2025-10-14,1,0,0.3880103654489508,test,C,random_forest,1.0
2025-10-14,2025-10-15,1,1,0.5195982313429297,test,C,random_forest,1.0
2025-10-15,2025-10-16,0,0,0.3349486035232885,test,C,random_forest,1.0
2025-10-16,2025-10-17,1,0,0.39045203001846074,test,C,random_forest,1.0
2025-10-17,2025-10-20,1,0,0.43747563724947897,test,C,random_forest,1.0
2025-10-20,2025-10-21,1,1,0.5631225706285011,test,C,random_forest,1.0
2025-10-21,2025-10-22,0,0,0.4564306555454299,test,C,random_forest,1.0
2025-10-22,2025-10-23,1,0,0.4630505049046135,test,C,random_forest,1.0
2025-10-23,2025-10-24,1,0,0.31454534658615707,test,C,random_forest,1.0
2025-10-24,2025-10-27,1,0,0.378281713721862,test,C,random_forest,1.0
2025-10-27,2025-10-28,1,1,0.5162500365014823,test,C,random_forest,1.0
2025-10-28,2025-10-29,1,0,0.4290852066194848,test,C,random_forest,1.0
2025-10-29,2025-10-30,1,0,0.41858762365950464,test,C,random_forest,1.0
2025-10-30,2025-10-31,0,1,0.5658334029965002,test,C,random_forest,1.0
2025-10-31,2025-11-03,0,0,0.4334888180056322,test,C,random_forest,1.0
2025-11-03,2025-11-04,1,0,0.35451128307968316,test,C,random_forest,1.0
2025-11-04,2025-11-05,1,1,0.518002484702128,test,C,random_forest,1.0
2025-11-05,2025-11-06,0,0,0.3248139371554171,test,C,random_forest,1.0
2025-11-06,2025-11-07,0,0,0.4521627688624118,test,C,random_forest,1.0
2025-11-07,2025-11-10,1,0,0.28177054068329765,test,C,random_forest,1.0
2025-11-10,2025-11-11,1,0,0.3634839043006432,test,C,random_forest,1.0
2025-11-11,2025-11-12,0,1,0.5448276615050741,test,C,random_forest,1.0
2025-11-12,2025-11-13,0,0,0.39097033615427845,test,C,random_forest,1.0
2025-11-13,2025-11-14,0,1,0.5622731755478176,test,C,random_forest,1.0
2025-11-14,2025-11-17,0,0,0.40449225385125426,test,C,random_forest,1.0
2025-11-17,2025-11-18,0,0,0.34109212823279816,test,C,random_forest,1.0
2025-11-18,2025-11-19,1,0,0.401021989186966,test,C,random_forest,1.0
2025-11-19,2025-11-20,0,0,0.23652533678931453,test,C,random_forest,1.0
2025-11-20,2025-11-21,1,0,0.47791331213801574,test,C,random_forest,1.0
2025-11-21,2025-11-24,1,0,0.4469956497676046,test,C,random_forest,1.0
2025-11-24,2025-11-25,1,0,0.3511149293860742,test,C,random_forest,1.0
2025-11-25,2025-11-26,1,0,0.37103435565906484,test,C,random_forest,1.0
2025-11-26,2025-11-28,1,0,0.3889848745983007,test,C,random_forest,1.0
2025-11-28,2025-12-01,1,0,0.44231713453770455,test,C,random_forest,1.0
2025-12-01,2025-12-02,1,0,0.4575154806545919,test,C,random_forest,1.0
2025-12-02,2025-12-03,0,0,0.3973803578505967,test,C,random_forest,1.0
2025-12-03,2025-12-04,0,0,0.4065948203099034,test,C,random_forest,1.0
2025-12-04,2025-12-05,0,0,0.45608023793851077,test,C,random_forest,1.0
2025-12-05,2025-12-08,0,0,0.430805143936641,test,C,random_forest,1.0
2025-12-08,2025-12-09,0,0,0.36606278482246757,test,C,random_forest,1.0
2025-12-09,2025-12-10,1,0,0.3393858158530829,test,C,random_forest,1.0
2025-12-10,2025-12-11,0,0,0.4467150512183401,test,C,random_forest,1.0
2025-12-11,2025-12-12,1,0,0.41972196109380094,test,C,random_forest,1.0
2025-12-12,2025-12-15,0,1,0.5267340395915665,test,C,random_forest,1.0
2025-12-15,2025-12-16,1,0,0.31416311760165383,test,C,random_forest,1.0
2025-12-16,2025-12-17,0,0,0.3353405618444519,test,C,random_forest,1.0
2025-12-17,2025-12-18,1,0,0.45024232707944944,test,C,random_forest,1.0
2025-12-18,2025-12-19,1,0,0.3112583144950594,test,C,random_forest,1.0
2025-12-19,2025-12-22,0,0,0.34196312182695415,test,C,random_forest,1.0
2025-12-22,2025-12-23,1,1,0.5145917252905905,test,C,random_forest,1.0
2025-12-23,2025-12-24,1,0,0.48387451030032036,test,C,random_forest,1.0
2025-12-24,2025-12-26,0,1,0.5112785684769463,test,C,random_forest,1.0
2025-12-26,2025-12-29,1,1,0.5349912088285808,test,C,random_forest,1.0
2025-12-29,2025-12-30,0,1,0.5810495005897788,test,C,random_forest,1.0
2025-12-30,2025-12-31,0,1,0.5320468502057074,test,C,random_forest,1.0
2025-10-01,2025-10-02,1,0,0.4192001464877491,test,C,random_forest,2.0
2025-10-02,2025-10-03,1,0,0.40876152744857236,test,C,random_forest,2.0
2025-10-03,2025-10-06,0,0,0.411954506430172,test,C,random_forest,2.0
2025-10-06,2025-10-07,0,0,0.42890961763583474,test,C,random_forest,2.0
2025-10-07,2025-10-08,1,0,0.4671262899769092,test,C,random_forest,2.0
2025-10-08,2025-10-09,0,0,0.36737954602113104,test,C,random_forest,2.0
2025-10-09,2025-10-10,0,0,0.39908207872235846,test,C,random_forest,2.0
2025-10-10,2025-10-13,1,0,0.38461065463486555,test,C,random_forest,2.0
2025-10-13,2025-10-14,1,0,0.3758928660422955,test,C,random_forest,2.0
2025-10-14,2025-10-15,1,0,0.4759989641910711,test,C,random_forest,2.0
2025-10-15,2025-10-16,0,0,0.3679642620576563,test,C,random_forest,2.0
2025-10-16,2025-10-17,1,0,0.3797484561434146,test,C,random_forest,2.0
2025-10-17,2025-10-20,1,0,0.46131129265334814,test,C,random_forest,2.0
2025-10-20,2025-10-21,1,1,0.5544258348575329,test,C,random_forest,2.0
2025-10-21,2025-10-22,0,0,0.41004537345293796,test,C,random_forest,2.0
2025-10-22,2025-10-23,1,0,0.46113880187271367,test,C,random_forest,2.0
2025-10-23,2025-10-24,1,0,0.314925042305151,test,C,random_forest,2.0
2025-10-24,2025-10-27,1,0,0.3606441652282159,test,C,random_forest,2.0
2025-10-27,2025-10-28,1,0,0.4936179423047347,test,C,random_forest,2.0
2025-10-28,2025-10-29,1,0,0.40949409402030296,test,C,random_forest,2.0
2025-10-29,2025-10-30,1,0,0.45273714920719915,test,C,random_forest,2.0
2025-10-30,2025-10-31,0,1,0.5646403334416824,test,C,random_forest,2.0
2025-10-31,2025-11-03,0,0,0.4598331553065025,test,C,random_forest,2.0
2025-11-03,2025-11-04,1,0,0.386344788457075,test,C,random_forest,2.0
2025-11-04,2025-11-05,1,1,0.5008047953381226,test,C,random_forest,2.0
2025-11-05,2025-11-06,0,0,0.3346928086125518,test,C,random_forest,2.0
2025-11-06,2025-11-07,0,0,0.4427784268256795,test,C,random_forest,2.0
2025-11-07,2025-11-10,1,0,0.3162359256467534,test,C,random_forest,2.0
2025-11-10,2025-11-11,1,0,0.3692117155589382,test,C,random_forest,2.0
2025-11-11,2025-11-12,0,1,0.5031109178802483,test,C,random_forest,2.0
2025-11-12,2025-11-13,0,0,0.41595791785590674,test,C,random_forest,2.0
2025-11-13,2025-11-14,0,1,0.5861794780103557,test,C,random_forest,2.0
2025-11-14,2025-11-17,0,0,0.4234233530100509,test,C,random_forest,2.0
2025-11-17,2025-11-18,0,0,0.3824907796057672,test,C,random_forest,2.0
2025-11-18,2025-11-19,1,0,0.3766071429697775,test,C,random_forest,2.0
2025-11-19,2025-11-20,0,0,0.2288888013109927,test,C,random_forest,2.0
2025-11-20,2025-11-21,1,0,0.44286942314363625,test,C,random_forest,2.0
2025-11-21,2025-11-24,1,0,0.42244345632582814,test,C,random_forest,2.0
2025-11-24,2025-11-25,1,0,0.3576703854502872,test,C,random_forest,2.0
2025-11-25,2025-11-26,1,0,0.38123650120531954,test,C,random_forest,2.0
2025-11-26,2025-11-28,1,0,0.4235085737940094,test,C,random_forest,2.0
2025-11-28,2025-12-01,1,0,0.4654035939741979,test,C,random_forest,2.0
2025-12-01,2025-12-02,1,0,0.45598439521596884,test,C,random_forest,2.0
2025-12-02,2025-12-03,0,0,0.3901515196151216,test,C,random_forest,2.0
2025-12-03,2025-12-04,0,0,0.4126610757312985,test,C,random_forest,2.0
2025-12-04,2025-12-05,0,0,0.4413441158626084,test,C,random_forest,2.0
2025-12-05,2025-12-08,0,0,0.44731402071364346,test,C,random_forest,2.0
2025-12-08,2025-12-09,0,0,0.3743625487426476,test,C,random_forest,2.0
2025-12-09,2025-12-10,1,0,0.35938745145047013,test,C,random_forest,2.0
2025-12-10,2025-12-11,0,0,0.39646814766632954,test,C,random_forest,2.0
2025-12-11,2025-12-12,1,0,0.42724854825587766,test,C,random_forest,2.0
2025-12-12,2025-12-15,0,0,0.49458500309253983,test,C,random_forest,2.0
2025-12-15,2025-12-16,1,0,0.32853051625444496,test,C,random_forest,2.0
2025-12-16,2025-12-17,0,0,0.3210491875192714,test,C,random_forest,2.0
2025-12-17,2025-12-18,1,0,0.40605941705840853,test,C,random_forest,2.0
2025-12-18,2025-12-19,1,0,0.293053649182674,test,C,random_forest,2.0
2025-12-19,2025-12-22,0,0,0.3051313795230726,test,C,random_forest,2.0
2025-12-22,2025-12-23,1,0,0.4906667254318233,test,C,random_forest,2.0
2025-12-23,2025-12-24,1,0,0.48466877071576014,test,C,random_forest,2.0
2025-12-24,2025-12-26,0,1,0.5306043908133843,test,C,random_forest,2.0
2025-12-26,2025-12-29,1,1,0.5818874369702908,test,C,random_forest,2.0
2025-12-29,2025-12-30,0,1,0.5769591646852074,test,C,random_forest,2.0
2025-12-30,2025-12-31,0,1,0.5640820103541236,test,C,random_forest,2.0
