Ticker,Date,Open,High,Low,Close,Volume
AAPL,2021-08-31,148.90016654739884,149.03671791602926,147.5638979226051,148.09060668945312,86453100
AAPL,2021-09-01,149.06597111930256,151.1630130890743,148.58803390921838,148.75384521484375,80313700
AAPL,2021-09-02,150.08036655286702,150.9094380524186,148.64656965264444,149.86578369140625,71115500
AAPL,2021-09-03,149.9730775691431,150.8216606743961,149.3195806196622,150.49978637695312,57808700
AAPL,2021-09-07,151.15329277694906,153.38688652354213,150.58757563240493,152.8309326171875,82278300
AAPL,2021-09-08,153.11376479693286,153.1722846868866,150.1876512353804,151.28982543945312,74420200
AAPL,2021-09-09,151.6604770125975,152.2652024090621,150.15839699282031,150.27545166015625,57305700
AAPL,2021-09-10,151.18249570977798,151.650669593774,145.03765581078468,145.30101013183594,140893200
AAPL,2021-09-13,146.92019363279192,147.69073046346875,145.0864907020359,145.86679077148438,102404300
AAPL,2021-09-14,146.64704249063803,147.34931083330153,143.29176371635268,144.47195434570312,109296300
AAPL,2021-09-15,144.9011324843855,145.75946384011283,142.76506733146184,145.35955810546875,83281300
AAPL,2021-09-16,144.78410203525485,145.30104757606733,143.59414799108714,145.12547302246094,68034100
AAPL,2021-09-17,145.15472586644688,145.15472586644688,142.17007797103764,142.4626922607422,129868800
AAPL,2021-09-20,140.2583754550107,141.27275491051466,137.79068761664803,139.4195556640625,123478900
AAPL,2021-09-21,140.38513114487054,141.0386427665462,139.2634605258952,139.89744567871094,75834000
AAPL,2021-09-22,140.8923300236282,142.82356032742504,140.1608018149043,142.2578582763672,76404300
AAPL,2021-09-23,143.0382010544173,143.45761846975984,142.05308135891542,143.21377563476562,64838200
AAPL,2021-09-24,142.0725514999574,143.8379707289355,141.97500844122595,143.301513671875,53477900
AAPL,2021-09-27,141.88723117083788,142.3651683544505,140.2778748536838,141.78968811035156,74150700
AAPL,2021-09-28,139.72192610299075,141.18498292082313,138.20034939372246,138.41493225097656,108972300
AAPL,2021-09-29,138.96116732939618,140.89239857280592,138.53200152353028,139.3123016357422,74602000
AAPL,2021-09-30,140.12183534910463,140.82410382973063,137.80044704464729,138.01502990722656,89056700
AAPL,2021-10-01,138.40515987182454,139.40004260947205,135.68388091891475,139.13668823242188,94639600
AAPL,2021-10-04,138.26858674850567,138.70751560218017,134.8645515046284,135.71311950683594,98322000
AAPL,2021-10-05,136.0545166576062,138.73678711480215,135.9277136552574,137.63461303710938,80861100
AAPL,2021-10-06,136.03502801816884,138.6490157972431,134.9621137010957,138.50271606445312,83221100
AAPL,2021-10-07,139.5366245646865,140.66805891569803,139.20500187376496,139.76095581054688,61732700
AAPL,2021-10-08,140.48268240335435,140.6289820985626,139.04888585839274,139.38050842285156,58773200
AAPL,2021-10-11,138.76604603984862,141.24348200456123,138.31736879996546,139.29273986816406,64452200
AAPL,2021-10-12,139.7024045703548,139.72191616043952,137.56633938704366,138.02476501464844,73035900
AAPL,2021-10-13,137.7614036307742,137.91745167770748,135.7716384818284,137.4395294189453,78762700
AAPL,2021-10-14,138.61000380183043,140.33641501765865,138.02477512030043,140.2193603515625,69907100
AAPL,2021-10-15,140.22915692305764,141.33131653632657,139.97555082205025,141.27279663085938,67940300
AAPL,2021-10-18,139.9170017643,143.2235096811566,139.63415065247935,142.94065856933594,85589200
AAPL,2021-10-19,143.38933731406476,145.49614300945177,142.94067482594585,145.0962371826172,76378900
AAPL,2021-10-20,145.03770255984122,146.0618453536086,144.4719854463032,145.5839080810547,58418800
AAPL,2021-10-21,145.1449650896746,145.9545248556128,144.22811391179323,145.7984619140625,61421000
AAPL,2021-10-22,146.0033099939033,146.481232332848,144.97916730862042,145.02793884277344,58883400
AAPL,2021-10-25,145.0181953145529,145.69120388157359,143.98430413512364,144.97918701171875,50720600
AAPL,2021-10-26,145.6521738906202,147.12497895180522,145.34004798248478,145.64242553710938,60893400
AAPL,2021-10-27,145.68142436893194,146.04230690415662,144.83285629616836,145.18399047851562,56094900
AAPL,2021-10-28,146.13007740006395,149.39756103040457,146.03253435552523,148.81234741210938,100077900
AAPL,2021-10-29,143.59413644564216,146.2471470636249,142.804088225394,146.110595703125,124953200
AAPL,2021-11-01,145.3205502265068,146.01305539533712,144.15985619885288,145.29129028320312,74588300
AAPL,2021-11-02,144.9986747309846,147.8370082711022,144.98891149464504,146.32518005371094,69122000
AAPL,2021-11-03,146.68605801297326,148.22714612515688,146.1301042293714,147.75897216796875,54511500
AAPL,2021-11-04,147.8467909036605,148.67584762072252,146.92993945409776,147.2420654296875,60394600
AAPL,2021-11-05,148.36534609443586,148.66815006608644,146.57781000839395,147.76950073242188,65463900
AAPL,2021-11-08,147.89649723038997,148.0527879681065,146.67550378830177,146.94900512695312,55020900
AAPL,2021-11-09,146.71456416967115,147.9160175036458,146.57781350486675,147.31040954589844,56787900
AAPL,2021-11-10,146.5387319232798,146.64617992683026,144.4190894029692,144.48745727539062,65187100
AAPL,2021-11-11,145.50333134171993,145.96241109507744,144.25302053135974,144.43861389160156,41000000
AAPL,2021-11-12,144.9856178095641,146.90990439693277,144.05766590459464,146.50942993164062,63804000
AAPL,2021-11-15,146.88058950641502,148.35555879375588,145.96240025846288,146.51918029785156,59222800
AAPL,2021-11-16,146.46058703081326,147.97462166575806,145.87450429964008,147.49598693847656,59256200
AAPL,2021-11-17,147.49598349597346,151.40316186672771,147.48622091573952,149.92820739746094,88807000
AAPL,2021-11-18,150.14314860254595,154.98804289425877,149.49846040015208,154.20660400390625,137827700
AAPL,2021-11-19,153.9916731226482,157.28348128204507,152.89766786630707,156.8243865966797,117305600
AAPL,2021-11-22,157.92813559947206,161.85485386154411,157.26392246010866,157.28346252441406,117467900
AAPL,2021-11-23,157.3811499145866,158.04537802988585,155.36895531169498,157.6644287109375,96041900
AAPL,2021-11-24,157.01972573471906,158.37746957878764,155.93548317544833,158.18211364746094,69463600
AAPL,2021-11-26,155.86712045424656,156.72668956141257,152.73160325073675,153.17115783691406,76959800
AAPL,2021-11-29,155.67175446958956,157.44952783966656,155.10521179906075,156.52157592773438,88748200
AAPL,2021-11-30,156.2773947152438,161.67906839694083,156.2090119296681,161.46417236328125,174048100
AAPL,2021-12-01,163.59354652559932,166.3481143018466,160.7120055934647,160.94644165039062,152052500
AAPL,2021-12-02,155.0563862894109,160.38967666927002,154.13819694441963,159.9598846435547,136739200
AAPL,2021-12-03,160.2138312915339,161.13202046747685,156.01361213812496,158.08441162109375,118023100
AAPL,2021-12-06,160.47759138079394,163.98429560873123,160.4678287996897,161.48370361328125,107497000
AAPL,2021-12-07,165.15644279486372,167.598429443289,164.4336093812365,167.20770263671875,120405400
AAPL,2021-12-08,168.1356556285786,171.87678065417452,166.73883163036436,171.01719665527344,116998900
AAPL,2021-12-09,170.85116144440897,172.6484600825667,169.8841293433167,170.50927734375,108923700
AAPL,2021-12-10,171.14419733842757,175.46162790674452,170.63625994665398,175.28579711914062,115402700
AAPL,2021-12-13,176.916993613016,177.90356547736783,171.45671659739713,171.66184997558594,153237000
AAPL,2021-12-14,171.18327152968024,173.6154957034132,168.21382219359762,170.2846221923828,139380400
AAPL,2021-12-15,171.04652519555987,175.33465344975855,168.31149697974806,175.13929748535156,131063300
AAPL,2021-12-16,175.11975249855263,176.93659123544322,166.78769490587976,168.2626495361328,150185800
AAPL,2021-12-17,165.98669687061619,169.444558052229,165.75227570894924,167.1686248779297,195432700
AAPL,2021-12-20,164.374993320752,166.62162387110183,163.57402950297322,165.81088256835938,107499100
AAPL,2021-12-21,167.57894447040053,169.18088764223765,165.195562333219,168.97576904296875,91185900
AAPL,2021-12-22,169.02453697313442,171.77910499631244,168.15519034473417,171.564208984375,92135300
AAPL,2021-12-23,171.76931657934202,172.74611106678847,171.20277398805894,172.1893310546875,68356600
AAPL,2021-12-27,172.9805356564393,176.2332631531054,172.9610104976855,176.14535522460938,74919600
AAPL,2021-12-28,175.97935346537145,177.1222015844957,174.38717318344425,175.12953186035156,79144300
AAPL,2021-12-29,175.16857977375096,176.43841575185178,174.0061917992903,175.21742248535156,62348900
AAPL,2021-12-30,175.30533745901636,176.3798175385403,173.95735606919604,174.06480407714844,59773000
AAPL,2021-12-31,173.9573701608435,175.07091555859822,173.14662874511,173.44944763183594,64062300
AAPL,2022-01-03,173.70338274431063,178.63619837680892,173.5861721636794,177.786376953125,104487900
AAPL,2022-01-04,178.39201490568885,178.69481886787932,174.96345608354855,175.52999877929688,99310400
AAPL,2022-01-05,175.44206970266174,175.98907226585013,170.58739959731207,170.86090087890625,94537600
AAPL,2022-01-06,168.69245085589924,171.23212317548703,167.65705080251047,168.00869750976562,96904000
AAPL,2022-01-07,168.878037036841,170.0990304259398,167.06119827767387,168.17474365234375,86709100
AAPL,2022-01-10,165.1564429133354,168.4970788622131,164.2675561955421,168.19427490234375,106765600
AAPL,2022-01-11,168.3212489833143,171.1148671703379,166.85605711502512,171.01719665527344,76138300
AAPL,2022-01-12,172.03309245435602,173.06849253983535,170.76327115991117,171.456787109375,74805200
AAPL,2022-01-13,171.70096415486904,172.52146809219963,167.80354809549323,168.19427490234375,84505800
AAPL,2022-01-14,167.36401309283474,169.7473947274692,167.11981439919933,169.0538787841797,80440800
AAPL,2022-01-18,167.53003637041928,168.53613361538314,165.47877665458643,165.85972595214844,90956700
AAPL,2022-01-19,166.0551095373263,167.11004966883394,162.08932518842298,162.37258911132812,94815000
AAPL,2022-01-20,163.10522017244168,165.74256361462582,160.37019127122133,160.69253540039062,91420500
AAPL,2022-01-21,160.60457194151562,162.470253269675,158.5337720868401,158.64122009277344,122848900
AAPL,2022-01-24,156.30669005524535,158.53378075020058,151.11013516388041,157.8695526123047,162294600
AAPL,2022-01-25,155.29081165334586,158.98309429431202,153.37630245676536,156.07225036621094,115798400
AAPL,2022-01-26,159.70592982008216,160.57527648713483,154.15774320444362,155.98434448242188,108275300
AAPL,2022-01-27,158.68031157129744,160.03805574105326,154.60707906202995,155.5252685546875,121954600
AAPL,2022-01-28,161.86466955096992,166.3969967339565,159.02219316405643,166.37745666503906,179935700
AAPL,2022-01-31,166.21138037947398,170.93906288440527,165.576454917367,170.7241668701172,115541600
AAPL,2022-02-01,169.9720379540269,170.78277933201363,168.31148996868112,170.55812072753906,86213900
AAPL,2022-02-02,170.69486467196293,171.79864739328102,169.30781806090394,171.7595672607422,84914300
AAPL,2022-02-03,170.43110878285196,172.15027672857178,168.12587305039293,168.8877716064453,89418100
AAPL,2022-02-04,167.90974218054592,170.27660988825676,166.93170310002452,168.60415649414062,82465400
AAPL,2022-02-07,169.0638570704662,170.1299162190593,167.19579861278513,167.8902130126953,77251200
AAPL,2022-02-08,167.95865801143464,171.49916986063508,167.66524328351184,170.99058532714844,74829200
AAPL,2022-02-09,172.1837618828852,172.7705763046375,171.05900812473544,172.40870666503906,71285000
AAPL,2022-02-10,170.31574652168356,171.6263154743887,167.78262856301606,168.34010314941406,90865900
AAPL,2022-02-11,168.54550592037077,169.2790353586412,164.34970917619486,164.93653869628906,98670700
AAPL,2022-02-14,163.69443102962404,165.85590442480958,162.9022215932997,165.17127990722656,86185500
AAPL,2022-02-15,167.21538330696293,169.15189697697923,166.5111938044669,168.9954071044922,62527400
AAPL,2022-02-16,168.07599585189521,169.53326430436957,166.315522795651,168.7606201171875,61177400
AAPL,2022-02-17,167.27405840916626,168.13473775909648,164.7702802170368,165.17127990722656,69589300
AAPL,2022-02-18,166.09060878011084,166.7947832093295,162.54032203615824,163.62594604492188,82772700
AAPL,2022-02-22,161.35690506054718,163.02935867994262,158.58905229899906,160.71141052246094,91162800
AAPL,2022-02-23,161.90460945584556,162.50121399005073,156.24176881453315,156.55474853515625,90009200
AAPL,2022-02-24,149.22921086821898,159.27367681919955,148.66194638721413,159.1660919189453,141147500
AAPL,2022-02-25,160.24193771015948,161.4938266826065,157.3371601146723,161.22976684570312,91974200
AAPL,2022-02-28,159.479061922758,161.78723492110947,158.86289248069977,161.4938201904297,95056600
AAPL,2022-03-01,161.08304074169718,162.94132403155473,158.41299811175085,159.61598205566406,83474400
AAPL,2022-03-02,160.77987821220702,163.68465609606667,159.37149924746353,162.9022216796875,79724800
AAPL,2022-03-03,164.77026570160976,165.20060533866413,161.91439302006907,162.57945251464844,76678400
AAPL,2022-03-04,160.87764280753723,161.9143617747294,158.54013016070306,159.5866241455078,83737200
AAPL,2022-03-07,159.7724565579089,161.39600492959968,155.54732078440395,155.80162048339844,96418800
AAPL,2022-03-08,155.33216629168248,159.30300237550088,152.37848423515257,153.9824676513672,131148300
AAPL,2022-03-09,157.93372624467713,159.82134918778635,155.9091933685317,159.37144470214844,91454900
AAPL,2022-03-10,156.68185579600046,156.86768560681452,152.55452973284972,155.03875732421875,105342000
AAPL,2022-03-11,155.43974670100266,155.78206635482195,151.1070406596988,151.3319854736328,96970100
AAPL,2022-03-14,148.12403016599976,150.7353929741164,146.8036862331013,147.312255859375,108732100
AAPL,2022-03-15,147.58609577139651,152.1535515492418,147.0775261791108,151.68408203125,92964300
AAPL,2022-03-16,153.60103819497576,156.48625045296393,151.06792059745445,156.0852508544922,102300200
AAPL,2022-03-17,155.12679794973494,157.46431103838808,154.16832371335292,157.0926513671875,75615400
AAPL,2022-03-18,156.98506332691767,160.86788006337628,156.25153394230247,160.3788604736328,123511700
AAPL,2022-03-21,159.91914959524135,162.69679166385907,159.43013010111937,161.7480926513672,95811400
AAPL,2022-03-22,161.8752422072329,165.69937857870127,161.2884277154457,165.11256408691406,81532000
AAPL,2022-03-23,164.30079784879288,168.84867380689857,163.9682532045546,166.4720458984375,98062700
AAPL,2022-03-24,167.30339150441574,170.31575418142768,166.47206709718986,170.24729919433594,90131400
AAPL,2022-03-25,170.06146151483682,171.43071043053845,168.95627243907444,170.8830108642578,80546200
AAPL,2022-03-28,168.38898581373743,171.87080253422522,168.22272096176943,171.74366760253906,90371900
AAPL,2022-03-29,172.80975399507543,175.07879724912362,172.46743429498167,175.0299072265625,100589400
AAPL,2022-03-30,174.62891251824163,175.66563174403498,172.81953392128133,173.8660430908203,92633200
AAPL,2022-03-31,173.9344990439243,174.12032889178556,170.57004158960083,170.7754364013672,103049300
AAPL,2022-04-01,170.208175340956,171.0395147015426,168.1640768197994,170.48202514648438,78751300
AAPL,2022-04-04,170.73627975953104,174.57019094673097,170.60912991069844,174.5212860107422,76468400
AAPL,2022-04-05,173.60194829792937,174.38438259894033,170.58958593943765,171.2155303955078,73401800
AAPL,2022-04-06,168.57483234577828,169.81694627331598,166.3938091700385,168.0564727783203,89058800
AAPL,2022-04-07,167.40116034930097,169.55284318419794,166.11993163539967,168.35963439941406,77594700
AAPL,2022-04-08,168.00753302198206,168.00753302198206,165.48419068930104,166.35464477539062,76575500
AAPL,2022-04-11,165.00498773482366,165.31795249524248,161.8654755697351,162.1099853515625,72246700
AAPL,2022-04-12,164.33013728303388,166.13950070260202,162.9804385205217,163.97804260253906,79265200
AAPL,2022-04-13,163.71401989084265,167.2838578474073,163.10764021871432,166.6579132080078,70618900
AAPL,2022-04-14,166.87301451784703,167.50874884154206,161.41555493977322,161.66006469726562,75329400
AAPL,2022-04-18,160.32017704396847,162.94132974863555,159.977872292766,161.44493103027344,69023900
AAPL,2022-04-19,161.39600166868107,164.13451388243473,160.31037777023087,163.72372436523438,67723800
AAPL,2022-04-20,165.05389393478876,165.17126878968486,162.45232094308298,163.5574951171875,67929800
AAPL,2022-04-21,165.2006123983915,167.76307044383682,162.26649466439048,162.76528930664062,87227800
AAPL,2022-04-22,162.80437847987656,164.18340212764667,157.95329847424364,158.23692321777344,84882400
AAPL,2022-04-25,157.5816809008669,159.58666436994497,154.98010780953732,159.30303955078125,96046400
AAPL,2022-04-26,158.6867997123407,158.77481962510305,153.27824619184904,153.3564910888672,95623200
AAPL,2022-04-27,152.48608239761126,156.28086402556207,151.96772285920957,153.131591796875,88063200
AAPL,2022-04-28,155.75271956865106,160.906989569117,155.43973990755873,160.0463104248047,130216800
AAPL,2022-04-29,158.28583697775457,162.55008785176082,153.7966412998766,154.18785095214844,131747600
AAPL,2022-05-02,153.26850950984627,154.75511815394006,149.9040527150275,154.49105834960938,123055300
AAPL,2022-05-03,154.67686742533908,157.18065989099466,152.88706912402677,155.9776611328125,88966500
AAPL,2022-05-04,156.16349976201118,162.8239435793619,155.76250015329012,162.37405395507812,108256500
AAPL,2022-05-05,160.25174474333807,160.47668960295778,151.5471860479713,153.3272247314453,130525300
AAPL,2022-05-06,152.80807823964273,156.16768941381943,151.01563498071906,154.05201721191406,116124600
AAPL,2022-05-09,151.75023984870148,152.63177739233632,148.38085428930862,148.93914794921875,131577900
AAPL,2022-05-10,152.328132388233,153.52309446613708,149.79127784510368,151.33885192871094,115366700
AAPL,2022-05-11,150.34957266016625,152.25954795565056,142.81739949520818,143.4932403564453,142689800
AAPL,2022-05-12,139.83977549024235,143.19937058277358,135.95125505327687,139.6340789794922,182602000
AAPL,2022-05-13,141.62247481337442,145.06044619602298,140.1728540722722,144.09075927734375,113990900
AAPL,2022-05-16,142.56278284412517,144.49235241019304,141.2208901087805,142.552978515625,86643800
AAPL,2022-05-17,145.80482673464496,146.69615365751025,143.66956086149628,146.17703247070312,78336300
AAPL,2022-05-18,143.8360642275501,144.33559163369299,137.02869370903522,137.92982482910156,109742900
AAPL,2022-05-19,137.00912503429328,138.7525913397019,133.7964445425997,134.5310516357422,136095600
AAPL,2022-05-20,136.2353274341848,137.81228455615957,129.88832647827988,134.76611328125,137426100
AAPL,2022-05-23,134.96203055915507,140.31976702681078,134.82490447725766,140.1728515625,117726300
AAPL,2022-05-24,137.92003986063096,139.05623582746938,134.51146690573626,137.47927856445312,104132700
AAPL,2022-05-25,135.58886991195646,138.87991021944293,135.50072064953915,137.635986328125,92482700
AAPL,2022-05-26,134.57023400738558,141.37759058232152,134.3253649583187,140.82908630371094,90601500
AAPL,2022-05-27,142.4060284868712,146.60797434750936,142.27869181225157,146.5688018798828,90978500
AAPL,2022-05-31,146.01052282850958,147.56788638378129,143.82628016379354,145.7852325439453,103718400
AAPL,2022-06-01,146.82346195823692,148.62570934761555,144.649023812494,145.65789794921875,74286600
AAPL,2022-06-02,144.7959487531145,148.16534881431244,143.84585577263883,148.10658264160156,72348100
AAPL,2022-06-03,143.8850177275583,144.93306421639832,141.49510885340763,142.39622497558594,88570300
AAPL,2022-06-06,144.01237341190438,145.52077501341512,141.92608448379778,143.14064025878906,71598400
AAPL,2022-06-07,141.3873815394989,145.94193944320352,141.1425125135875,145.65789794921875,67808200
AAPL,2022-06-08,145.53057980516448,146.7940975636926,144.43357121198528,144.92330932617188,53950200
AAPL,2022-06-09,144.0613709060868,144.91351047437155,139.60475090946733,139.71249389648438,69473000
AAPL,2022-06-10,137.40091085996173,137.87105521943323,134.24699651333503,134.31556701660156,91437900
AAPL,2022-06-13,130.14302719351753,132.4252090464818,128.74238308627127,129.17335510253906,122207100
AAPL,2022-06-14,130.3976794412042,131.14207601932122,128.7815346427886,130.03526306152344,84784300
AAPL,2022-06-15,131.5338494146611,134.52125474775525,129.4475753177957,132.65045166015625,91533000
AAPL,2022-06-16,129.36919361966238,129.67282879246193,126.39157816992548,127.3906478881836,108123900
AAPL,2022-06-17,127.4004988291183,130.34871732723784,127.14582540730095,128.8599090576172,134520300
AAPL,2022-06-21,130.68170729877417,134.24699991857628,130.58376865027734,133.0814208984375,81000500
AAPL,2022-06-22,132.02360899242208,134.93265491125933,131.1616799782049,132.57212829589844,73409200
AAPL,2022-06-23,134.01190702274286,135.74556869818326,132.8463282477274,135.43214416503906,72433800
AAPL,2022-06-24,137.02869134817942,138.99744774415504,136.901369626622,138.75257873535156,89116800
AAPL,2022-06-27,139.77122723590202,140.5450216732672,138.07673787975503,138.75257873535156,70207900
AAPL,2022-06-28,139.21296287932694,140.47648065381134,134.50168455265504,134.6192169189453,67083400
AAPL,2022-06-29,134.63880492913648,137.7829151592785,133.8650103621575,136.37246704101562,66242400
AAPL,2022-06-30,134.43310739232075,135.53011594509118,131.0245344279122,133.9139862060547,98964500
AAPL,2022-07-01,133.2478979449589,136.18632571299105,132.87570725736074,136.07858276367188,71051600
AAPL,2022-07-05,134.94243962271915,138.70362462604172,134.11966825992553,138.65464782714844,73353800
AAPL,2022-07-06,138.44894003031942,141.16207781793045,138.18447732277275,139.98670959472656,74064300
AAPL,2022-07-07,140.34908952916902,143.54219040082597,140.33930015098184,143.34629821777344,66253700
AAPL,2022-07-08,142.2787196887486,144.52172874952925,142.0240612352335,144.02218627929688,64547800
AAPL,2022-07-11,142.6802511820269,143.63034399150357,140.82904234672395,141.89666748046875,63141600
AAPL,2022-07-12,142.76840995155382,145.4032026642234,142.0729903924104,142.86636352539062,77588800
AAPL,2022-07-13,140.05532229787818,143.4443019452147,139.20316774910646,142.50401306152344,71185600
AAPL,2022-07-14,141.12292146669557,145.8929653987599,140.30995449187216,145.42282104492188,78140700
AAPL,2022-07-15,146.70597172668005,147.76380801578927,145.15839724514754,147.0879669189453,76259900
AAPL,2022-07-18,147.64618807917356,148.45915478998822,143.6890974613677,144.051513671875,81420900
AAPL,2022-07-19,144.88410592104603,148.1261694879342,143.8948404199678,147.90089416503906,82982400
AAPL,2022-07-20,148.0184099284549,150.5650535340759,147.2838029205586,149.8990020751953,64823400
AAPL,2022-07-21,151.32906041419434,152.3771070356204,148.821603940378,152.16162109375,65086600
AAPL,2022-07-22,152.20081233549695,153.0725455912705,150.26145356507448,150.927490234375,66675400
AAPL,2022-07-25,150.84910958984113,151.85796878260385,149.15462011252404,149.8108673095703,53623900
AAPL,2022-07-26,149.1350139839463,149.9479808770686,147.70498735893062,148.4885711669922,55138700
AAPL,2022-07-27,149.44846596743406,154.1009774684585,149.03708779660727,153.57205200195312,78620700
AAPL,2022-07-28,153.75814339733685,154.4046011657363,151.24089776552904,154.1205596923828,81378700
AAPL,2022-07-29,157.93075852013737,160.27170619819887,156.226464436767,159.1746826171875,101786900
AAPL,2022-08-01,157.70546755749734,160.2325181068246,157.58793518866128,158.19520568847656,67829400
AAPL,2022-08-02,156.81413161603723,159.07671904499605,156.35377664743476,156.72596740722656,59907000
AAPL,2022-08-03,157.53896009762985,163.17094866506537,157.45081082004532,162.72039794921875,82507500
AAPL,2022-08-04,162.6028441618955,163.7586338892835,161.05526991931026,162.40695190429688,55474100
AAPL,2022-08-05,160.0823608155598,162.67176904705062,159.87637852795464,162.1813507080078,56697000
AAPL,2022-08-08,163.18181120847004,164.59421857415984,161.05339717997808,161.71055603027344,60276900
AAPL,2022-08-09,160.8768354992681,162.6423445061743,160.1215870695177,161.75958251953125,63135500
AAPL,2022-08-10,164.4667081851827,166.0949008724902,163.70165667502752,165.996826171875,70170500
AAPL,2022-08-11,166.80107516257124,167.713261012407,164.9669154508603,165.26116943359375,57149200
AAPL,2022-08-12,166.56569547580565,168.87065273956517,166.1537308916434,168.802001953125,68039400
AAPL,2022-08-15,168.23306819485663,170.0672275245994,168.06632779818693,169.87106323242188,54091700
AAPL,2022-08-16,169.46896318920653,170.38114909928223,168.3704308785935,169.71417236328125,56377100
AAPL,2022-08-17,169.45917459589717,172.77439273368478,169.26301023326062,171.20506286621094,79542000
AAPL,2022-08-18,170.42036968678258,171.54832585930868,169.80243780169835,170.8126983642578,62290100
AAPL,2022-08-19,169.71416649279175,170.41056710828244,168.02712623620275,168.2331085205078,70346300
AAPL,2022-08-22,166.43817940694694,166.6049198473659,163.9370428679026,164.3588104248047,69026800
AAPL,2022-08-23,163.87822530534152,165.4769941855601,163.45645767060176,164.0253448486328,54147100
AAPL,2022-08-24,164.11362798077442,164.8884825026039,163.0641253734546,164.31959533691406,53841500
AAPL,2022-08-25,165.54560642521002,166.8795448504242,165.12385385508654,166.7716522216797,51218200
AAPL,2022-08-26,167.30132415112922,167.77212157949262,160.42564926256463,160.4844970703125,78961000
AAPL,2022-08-29,158.0618418321346,159.77830620497173,156.7573420791942,158.28744506835938,73314000
AAPL,2022-08-30,159.02305667853338,159.44480926961938,154.6975633016655,155.86476135253906,77906200
AAPL,2022-08-31,157.23793525223348,157.50276536238007,154.1286845852179,154.2071533203125,87991100
AAPL,2022-09-01,153.6382414104045,155.38412932683354,151.70599214901193,154.93295288085938,74229900
AAPL,2022-09-02,156.6886565527691,157.286967514474,152.00025851175562,152.82415771484375,76957800
AAPL,2022-09-06,153.47153612406976,154.07965015411935,150.74481100262022,151.56871032714844,73714800
AAPL,2022-09-07,151.85312983190147,153.6676685648947,150.66631095885003,152.97128295898438,87449600
AAPL,2022-09-08,151.6765739248584,153.36361410419434,149.75412756943635,151.50003051757812,84923800
AAPL,2022-09-09,152.49069467763707,154.79566708651402,151.7844910019974,154.35427856445312,68028800
AAPL,2022-09-12,156.53173198406338,161.11223777090294,156.24729591423596,160.2981414794922,104956000
AAPL,2022-09-13,156.83579030622826,157.46352522744408,150.43092752735453,150.8919219970703,122656600
AAPL,2022-09-14,151.82368576965968,154.0894308134101,150.66630580332588,152.33372497558594,87965400
AAPL,2022-09-15,151.6864260333709,152.26513119955726,148.47910003124844,149.4501190185547,90481100
AAPL,2022-09-16,148.312339619677,148.44965617349064,145.52675172371437,147.81210327148438,162278800
AAPL,2022-09-19,146.448684995869,151.59807625432504,146.24271772670144,151.5196075439453,81474200
AAPL,2022-09-20,150.4603364872082,155.05065980282333,150.14647654096675,153.8932647705078,107689800
AAPL,2022-09-21,154.32483969180942,155.69802002410492,150.6565200858437,150.7742156982422,101696800
AAPL,2022-09-22,149.45988650515864,151.50983141556574,148.0180554999838,149.81298828125,86652500
AAPL,2022-09-23,148.29273260627454,148.5673657396687,145.71312678219724,147.5472869873047,96029900
AAPL,2022-09-26,146.7920383807957,150.82327820825114,146.77241745430226,147.88076782226562,93339400
AAPL,2022-09-27,149.81302224747262,151.75507497309587,147.07647912072952,148.85179138183594,84442700
AAPL,2022-09-28,144.81072915722658,147.75323924438212,142.06438341593866,146.96856689453125,146691400
AAPL,2022-09-29,143.3002265150421,143.90834038923484,137.9840792223541,139.7495880126953,128138200
AAPL,2022-09-30,138.5725991267457,140.35772899315157,135.35545614892226,135.55162048339844,124925300
AAPL,2022-10-03,135.5614611189966,140.32832857992096,135.05142179088293,139.72019958496094,114311700
AAPL,2022-10-04,142.25075989142124,143.41795807791704,141.4955113649154,143.30026245117188,87830100
AAPL,2022-10-05,141.3091461524557,144.55571313373582,140.26944671107276,143.594482421875,79471000
AAPL,2022-10-06,143.0157891213956,144.71263233032042,142.43709909152813,142.64306640625,68402200
AAPL,2022-10-07,139.80845770678545,140.3577388347644,136.7776758724346,137.40541076660156,85925600
AAPL,2022-10-10,137.72909545898438,139.1709266873786,135.91455644051044,137.72909545898438,74899000
AAPL,2022-10-11,137.2190642395612,138.64128959242282,135.57126557653487,136.3166961669922,77033700
AAPL,2022-10-12,136.46378829068846,137.6702130062106,135.51237567961843,135.6889190673828,70433700
AAPL,2022-10-13,132.40312487373902,140.83830981626429,131.79499606499104,140.24981689453125,113224000
AAPL,2022-10-14,141.5445499741852,141.75053227831364,135.5418338120233,135.7281951904297,88598000
AAPL,2022-10-17,138.36663643162046,140.16155437004147,137.5819641011487,139.6809539794922,85250900
AAPL,2022-10-18,142.70194639396894,143.88875049899616,137.91545818930572,140.9952850341797,99136600
AAPL,2022-10-19,138.974795969808,142.17231917994116,138.78843454646682,141.10321044921875,61758300
AAPL,2022-10-20,140.2792461483292,143.09424222902763,139.9163264513743,140.64215087890625,64522000
AAPL,2022-10-21,140.13212478208789,145.0167019837592,139.916339525803,144.44781494140625,86548600
AAPL,2022-10-24,144.36934369172494,147.35108041478094,143.20214572577777,146.58602905273438,75981900
AAPL,2022-10-25,147.21377179556336,149.56778877679034,146.4977652190575,149.420654296875,74732300
AAPL,2022-10-26,148.06709300971718,149.07735346461445,145.20303709712394,146.48794555664062,88194300
AAPL,2022-10-27,145.23248644302674,146.1937021462339,141.36798774070627,142.025146484375,109180200
AAPL,2022-10-28,145.36000606754794,154.48179100593666,144.98729827273644,152.75552368164062,164762400
AAPL,2022-10-31,150.22494584357278,151.28425122815005,149.00870300208484,150.4014892578125,97943200
AAPL,2022-11-01,152.1081293130579,152.4710340362063,146.27215501250635,147.7630157470703,80379300
AAPL,2022-11-02,146.09561013902547,149.2539052221096,142.22130852087065,142.250732421875,93604600
AAPL,2022-11-03,139.3376507448135,140.06347524662803,136.0910838596121,136.21859741210938,97918500
AAPL,2022-11-04,139.59827074317496,140.16810151754257,132.0234836201314,135.95333862304688,140814800
AAPL,2022-11-07,134.7055842324109,136.70980337190065,133.29083425573356,136.4838409423828,83374600
AAPL,2022-11-08,137.94772594743225,138.94982808586678,135.07893386231837,137.05368041992188,89908500
AAPL,2022-11-09,136.07121539704306,136.12034157773797,132.22977893126608,132.50486755371094,74917800
AAPL,2022-11-10,138.7632027049217,144.29446411132812,137.05371017047622,144.29446411132812,118854000
AAPL,2022-11-11,143.26284999283982,147.37935990276293,141.83826577346156,147.07479858398438,93979700
AAPL,2022-11-14,146.3576203774582,147.64464544159856,144.84461786588682,145.67971801757812,73374100
AAPL,2022-11-15,149.55065357357725,150.8966242970365,145.95483216140596,147.40887451171875,89868300
AAPL,2022-11-16,146.51483522710427,147.2418488642614,144.70709039322372,146.1807861328125,64218300
AAPL,2022-11-17,143.86215701114332,148.82360185357618,143.58706836561342,148.07693481445312,80389400
AAPL,2022-11-18,149.63904958366277,150.02220984195606,147.34008803390304,148.63693237304688,74829600
AAPL,2022-11-21,147.52674987775407,147.73305885560603,145.12953609848137,145.41444396972656,58724100
AAPL,2022-11-22,145.5323481888436,147.7821833963105,144.353379792247,147.54638671875,51804100
AAPL,2022-11-23,146.82917521495273,149.16744327173927,146.7211036243146,148.4207763671875,58301400
AAPL,2022-11-25,145.70921560778717,146.26922721502757,144.54008119228595,145.51272583007812,35195900
AAPL,2022-11-28,142.5947981424062,144.06849387144769,140.8656672171658,141.69093322753906,69246000
AAPL,2022-11-29,141.75967888062996,142.2705641956943,137.88878454429147,138.69439697265625,83763800
AAPL,2022-11-30,138.92037287256267,146.11201495746124,138.0852876520207,145.43411254882812,111380900
AAPL,2022-12-01,145.61096061666942,146.51482547786148,144.03901260255705,145.70919799804688,71250400
AAPL,2022-12-02,143.40040769964443,145.4046270438478,143.09583136119605,145.21795654296875,65447400
AAPL,2022-12-05,145.1787089175549,148.27346450913342,143.21378092513402,144.05870056152344,68826400
AAPL,2022-12-06,144.49093730068225,144.71689974436399,139.43124046996064,140.4038848876953,64727200
AAPL,2022-12-07,139.69652452502783,140.85582456681212,137.54492649061714,138.46844482421875,69721100
AAPL,2022-12-08,139.86352962985669,141.00319109284194,138.62563079391435,140.1484375,62128300
AAPL,2022-12-09,139.84388950557997,143.01725827820258,138.42913927736055,139.66705322265625,76097000
AAPL,2022-12-12,140.1975885864345,141.9660265170688,138.58634846990296,141.95620727539062,70462700
AAPL,2022-12-13,146.87833415604433,147.34009332894186,141.71058010364294,142.91900634765625,93886200
AAPL,2022-12-14,142.8011107216781,144.0881358235322,138.68458524913544,140.69863891601562,82291200
AAPL,2022-12-15,138.63546667684503,139.3133690938159,133.64454880056923,134.10630798339844,98931900
AAPL,2022-12-16,134.2929782040358,135.23613504981998,131.38487878191776,132.1511993408203,160156900
AAPL,2022-12-19,132.74064622616112,132.82906434469876,129.01711609721863,130.04869079589844,79592600
AAPL,2022-12-20,129.08590439011405,130.91328746393052,127.61220884643005,129.97994995117188,77432800
AAPL,2022-12-21,130.64803543949063,134.41087369361549,130.42207295695286,133.07472229003906,85928000
AAPL,2022-12-22,131.99402745433673,132.20033647277774,128.01504576681836,129.91119384765625,77852100
AAPL,2022-12-23,128.62413499923468,130.09783042542833,127.36658276817921,129.5476531982422,63814900
AAPL,2022-12-27,129.07608787315525,129.10556058535423,126.46273078933113,127.749755859375,69007800
AAPL,2022-12-28,127.39608344761355,128.73223486036684,123.66272537894751,123.82974243164062,85438400
AAPL,2022-12-29,125.74550357038785,128.19183563144588,125.49006845254046,127.33709716796875,75703700
AAPL,2022-12-30,126.1581629090278,127.67115035805845,125.19534521858718,127.65149688720703,77034200
AAPL,2023-01-03,127.99536673400503,128.60448941700523,121.9925130634904,122.8767318725586,112117500
AAPL,2023-01-04,124.66481618620305,126.40378110334795,122.88655931785308,124.14411163330078,89113600
AAPL,2023-01-05,124.90061292758642,125.52938912334946,122.57217865426507,122.8276138305664,80962700
AAPL,2023-01-06,123.80028171885589,128.00521863758777,122.69991942060877,127.34696960449219,87754700
AAPL,2023-01-09,128.18205614149144,131.07050217869943,127.61222532540481,127.86766052246094,70790800
AAPL,2023-01-10,127.97572556898378,128.95818934117645,125.87325369613974,128.43748474121094,63896200
AAPL,2023-01-11,128.94836939344688,131.1687321095965,128.17222961380043,131.1490936279297,69458900
AAPL,2023-01-12,131.5322547782573,131.90558081812333,129.13504077259947,131.07049560546875,71379600
AAPL,2023-01-13,129.71469801537842,132.55401787873402,129.35119119619432,132.39682006835938,57809700
AAPL,2023-01-17,132.46557135226192,134.88242345634274,131.77784981822288,133.5561065673828,63646600
AAPL,2023-01-18,134.4207108763407,136.17931456809228,132.66209219338052,132.8389434814453,69672800
AAPL,2023-01-19,131.72873868777404,133.86068318245066,131.4241773301355,132.8978729248047,58280400
AAPL,2023-01-20,132.90770800117681,135.59966433835268,131.86629872212012,135.45228576660156,80223600
AAPL,2023-01-23,135.69786549716068,140.80668812964507,135.4817223092692,138.63543701171875,81760300
AAPL,2023-01-24,137.84950755371702,140.64953566811175,137.8396883115422,140.03057861328125,66435100
AAPL,2023-01-25,138.41930821894437,139.93229570032543,136.37578195167205,139.37229919433594,65799300
AAPL,2023-01-26,140.65934626942868,141.72040901629467,139.41161299424252,141.4355010986328,54105100
AAPL,2023-01-27,140.64952711543583,144.64814715401417,140.57092820918845,143.37094116210938,70555800
AAPL,2023-01-30,142.41796049282078,142.99761054282715,140.34496125408572,140.49232482910156,64015300
AAPL,2023-01-31,140.19759064122545,141.80883078137197,139.78495761656453,141.75970458984375,65874500
AAPL,2023-02-01,141.44529588395375,144.0389993752098,138.8417731528238,142.8796844482422,77663600
AAPL,2023-02-02,146.2888426135127,148.52885870656533,145.57164829200897,148.17518615722656,118339000
AAPL,2023-02-03,145.4341223704264,154.62016535520215,145.23763259886508,151.79066467285156,154357300
AAPL,2023-02-06,149.8945101165513,150.41521473457135,148.13589150827315,149.06922912597656,69858300
AAPL,2023-02-07,147.99834440627268,152.50784959474223,147.99834440627268,151.93801879882812,83322600
AAPL,2023-02-08,151.18154087876943,151.86926257026718,148.51905726950346,149.2559051513672,64120100
AAPL,2023-02-09,151.08326181502397,151.62361983119905,147.78218328763404,148.2242889404297,56007100
AAPL,2023-02-10,147.0632318137508,148.9130734935689,146.8270751036462,148.58836364746094,57450700
AAPL,2023-02-13,148.52935383999073,151.78627208132363,148.49983612289876,151.3828582763672,62199000
AAPL,2023-02-14,149.68057287811524,151.30412220458746,148.44078385852455,150.74325561523438,61707600
AAPL,2023-02-15,150.6547253534473,153.00639866157246,150.42841784233283,152.83912658691406,65573800
AAPL,2023-02-16,151.04826665403036,153.82305157694913,150.8908438680814,151.2450714111328,68167900
AAPL,2023-02-17,149.90689371085574,150.54646418705764,148.43094798353164,150.1036834716797,59144100
AAPL,2023-02-21,147.79135689260553,148.87372305726493,146.03006833094608,146.09893798828125,58867200
AAPL,2023-02-22,146.48271250078488,147.54539539799444,144.80014250744384,146.52207946777344,51011300
AAPL,2023-02-23,147.68313363952294,147.92912460701393,144.87884561858363,147.0041961669922,48394200
AAPL,2023-02-24,144.75090982195374,144.82962872471046,143.38320079150859,144.35733032226562,55469600
AAPL,2023-02-27,145.34131909727375,146.77789803104127,145.08547886576312,145.54794311523438,44998500
AAPL,2023-02-28,144.6918692589824,146.689314426437,144.47539603761436,145.0460968017578,50547000
AAPL,2023-03-01,144.4754113339038,144.86899086128216,142.68458995191014,142.9797821044922,55479000
AAPL,2023-03-02,142.0646965175798,144.3573339453376,141.59238308918532,143.57015991210938,52238100
AAPL,2023-03-03,145.6660352681244,148.686812189525,144.967429181757,148.60809326171875,70732300
AAPL,2023-03-06,151.32379221822697,153.79355106354063,150.99909736370918,151.3631591796875,87558000
AAPL,2023-03-07,151.2352451910372,151.55995507278075,148.70646582947896,149.16893005371094,56182000
AAPL,2023-03-08,150.35951315538156,151.00893289820618,149.39523278864294,150.41854858398438,47204800
AAPL,2023-03-09,151.09748364556307,152.06176399701366,147.82088228318355,148.17510986328125,53833600
AAPL,2023-03-10,147.80120650188752,148.5194958597798,145.242894659562,146.11862182617188,68572400
AAPL,2023-03-13,145.43970497520198,150.68423448355665,145.33146834316847,148.0570526123047,84457100
AAPL,2023-03-14,148.85404568502526,150.94004418166887,147.6929755826584,150.14303588867188,73695900
AAPL,2023-03-15,148.76548332238644,150.7924462663543,147.51584514285557,150.53662109375,77167900
AAPL,2023-03-16,149.71994010489203,153.9509875803486,149.20827470890512,153.35076904296875,76161100
AAPL,2023-03-17,153.5770871091514,154.2265068856699,151.80594908869074,152.514404296875,98944600
AAPL,2023-03-20,152.5832627325511,155.28916298853815,151.6780028890537,154.87588500976562,73641400
AAPL,2023-03-21,154.79720820376127,156.84383990664745,154.02970254755692,156.72576904296875,73938300
AAPL,2023-03-22,156.7454546452784,159.5399085601911,155.27934300701256,155.2990264892578,75701800
AAPL,2023-03-23,156.28300603974324,158.9593893571433,155.151438415948,156.3813934326172,67622100
AAPL,2023-03-24,156.31251228008384,157.76877470893055,155.31871410467124,157.6802215576172,59196500
AAPL,2023-03-27,157.37515888196728,158.19185056660328,155.33834678641222,155.7417755126953,52390300
AAPL,2023-03-28,155.43673225056244,155.94839753031852,153.47863926690832,155.12185668945312,45992200
AAPL,2023-03-29,156.81433593979492,158.46740324672123,156.79466747018907,158.19189453125,51305700
AAPL,2023-03-30,158.93965597985908,159.86458426430409,158.68383082177425,159.75634765625,49501700
AAPL,2023-03-31,159.83510289651463,162.35404815041076,159.31360321570477,162.25564575195312,68749800
AAPL,2023-04-03,161.6357239671043,163.6233198649464,161.586522778444,163.5052490234375,56976200
AAPL,2023-04-04,163.92835343175463,164.16449510354033,162.46224215834394,162.97390747070312,46278300
AAPL,2023-04-05,162.09822184489292,162.40324825832465,159.20536551321473,161.13392639160156,51511700
AAPL,2023-04-06,159.82525040692016,162.31469290771022,159.40215313314846,162.01950073242188,45390100
AAPL,2023-04-10,158.8314373555464,159.43165588378906,157.51292944566782,159.43165588378906,47716900
AAPL,2023-04-11,159.74652133194326,159.7563555644006,157.93601661540757,158.22137451171875,47644200
AAPL,2023-04-12,158.63461193618548,159.4611377523383,157.21770195758472,157.53257751464844,50133100
AAPL,2023-04-13,159.03805912639,163.14118599216286,158.8314201412513,162.905029296875,68445600
AAPL,2023-04-14,161.9505555641148,163.65282329971083,161.19291444790488,162.5606231689453,49386500
AAPL,2023-04-17,162.44258319038994,162.7377753387549,161.39958394505072,162.58033752441406,41516200
AAPL,2023-04-18,163.4363837761115,164.72537387764507,162.99358808032773,163.80044555664062,49923000
AAPL,2023-04-19,163.14122346923992,165.4633789570219,162.885383237049,164.94187927246094,47720200
AAPL,2023-04-20,163.42656743390464,165.1780220485777,162.90506774605808,163.9775848388672,52456400
AAPL,2023-04-21,162.4032359760057,163.78077935638615,161.85221862385353,162.37371826171875,58337300
AAPL,2023-04-24,162.3540163618739,162.94440060882783,161.26181601487568,162.67872619628906,41949600
AAPL,2023-04-25,162.54096443175132,163.64299896057264,161.10437083745688,161.14373779296875,48714100
AAPL,2023-04-26,160.44515464932056,162.62955575633885,160.18932943478703,161.13392639160156,45498800
AAPL,2023-04-27,162.54100085037314,165.85695442572842,162.54100085037314,165.70936584472656,64902300
AAPL,2023-04-28,165.7880496631181,167.12624089927414,165.18783120394306,166.95895385742188,55275900
AAPL,2023-05-01,166.56538074727197,167.71661652166532,165.93564455408003,166.8704071044922,52472900
AAPL,2023-05-02,167.36241202489828,167.6182522416185,164.8533011388869,165.83726501464844,48425700
AAPL,2023-05-03,166.7818533947913,168.17908009941613,164.47938185396285,164.7647247314453,65136000
AAPL,2023-05-04,162.24578626436005,164.36130237503923,161.67508547315035,163.13134765625,81235400
AAPL,2023-05-05,168.23815821665508,171.50492585877407,168.0216849384858,170.78663635253906,113453200
AAPL,2023-05-08,169.71409550111375,171.0621363032094,169.35003364925416,170.71774291992188,55962800
AAPL,2023-05-09,170.27496029429,170.75709300871614,168.8482156052712,169.01548767089844,45326900
AAPL,2023-05-10,170.24544525293916,171.23924342814053,169.14339542958015,170.7767791748047,53724500
AAPL,2023-05-11,171.06208645260807,171.79020994413887,169.4090197142991,170.96368408203125,49514700
AAPL,2023-05-12,171.07208510437357,171.50563041723674,168.49053896760506,170.03750610351562,45533100
AAPL,2023-05-15,170.61886136031444,170.66813061172948,168.95365989259247,169.54486083984375,37266700
AAPL,2023-05-16,169.4660330445526,170.5991506527755,169.2788189100942,169.54486083984375,42110300
AAPL,2023-05-17,169.19011716888295,170.39219951568867,167.91903983890595,170.15573120117188,57951600
AAPL,2023-05-18,170.46119076780954,172.6683237371227,170.04735615510018,172.48110961914062,65496700
AAPL,2023-05-19,173.80146880445517,173.80146880445517,172.37275062180032,172.5895233154297,55809500
AAPL,2023-05-22,171.42682777563832,172.14612580242743,170.9046067635048,171.6436004638672,43570900
AAPL,2023-05-23,170.58929510312979,170.83562631420236,168.7664381272472,169.04232788085938,50747300
AAPL,2023-05-24,168.57922839342694,169.8897122746601,168.0176010356781,169.31822204589844,45143500
AAPL,2023-05-25,169.8798799582863,171.34800452634042,169.17044478431242,170.4513702392578,56058300
AAPL,2023-05-26,170.77652387763237,173.19056694623742,170.5695990272421,172.8555450439453,54835000
AAPL,2023-05-30,174.36308277683443,176.36329091292328,173.978806707213,174.69808959960938,55964400
AAPL,2023-05-31,174.72764675708407,176.71800704198733,174.16600441023556,174.64881896972656,99625300
AAPL,2023-06-01,175.0922328882,177.47671735788407,174.33352850038895,177.44715881347656,68901800
AAPL,2023-06-02,178.37335293714096,179.11234656032465,176.62932377666553,178.29452514648438,61996900
AAPL,2023-06-05,179.9498694414483,182.23581511366768,175.42721727327233,176.9446258544922,121946500
AAPL,2023-06-06,177.328904296753,177.4766970018392,174.82617090162998,176.58006286621094,64848400
AAPL,2023-06-07,175.82136104700194,178.5507149734009,174.71780207381394,175.21046447753906,61944600
AAPL,2023-06-08,175.2892595209165,178.1861165677113,174.85572927872582,177.9200897216797,50214900
AAPL,2023-06-09,178.83645110058313,179.55573399442156,177.9792233362159,178.30438232421875,48900000
AAPL,2023-06-12,178.60984190485868,181.19138823156914,178.31424143935143,181.0928497314453,54274900
AAPL,2023-06-13,180.11737806569877,181.4475575367352,179.76266053311636,180.61988830566406,54929100
AAPL,2023-06-14,180.67899811094975,181.68403358526143,179.34881869349235,181.25048828125,57462900
AAPL,2023-06-15,181.26035439367692,183.78278344228747,181.08298811392547,183.28025817871094,65433200
AAPL,2023-06-16,183.98970387223915,184.245897953939,181.56581317602513,182.20626831054688,101256200
AAPL,2023-06-20,181.70373606119196,183.3689372512462,181.70373606119196,182.294921875,49799100
AAPL,2023-06-21,182.18653808363035,182.68906332243637,179.91044034391143,181.26034545898438,49515700
AAPL,2023-06-22,181.04356888160584,184.304991288712,180.97458893469445,184.25572204589844,51245300
AAPL,2023-06-23,182.82699253474095,184.8074896764934,182.2949088021226,183.94039916992188,53117000
AAPL,2023-06-26,184.0882365039062,185.29033397781694,182.51171079012911,182.55113220214844,48088700
AAPL,2023-06-27,183.1620330683905,185.6253451571229,182.94526040179295,185.30018615722656,50730800
AAPL,2023-06-28,185.17209649255778,187.11318769857849,184.84695251457532,186.4727325439453,51216800
AAPL,2023-06-29,186.3052137668684,187.2806907250245,186.16726889716722,186.80772399902344,46347300
AAPL,2023-06-30,188.81780236383452,191.62596911406445,188.45322195229386,191.1234588623047,85213200
AAPL,2023-07-03,190.93622568872084,191.03476417603324,188.94586551693624,189.63560485839844,31458200
AAPL,2023-07-05,188.75868490984942,190.1479814937267,187.82261429340878,188.52220153808594,46920300
AAPL,2023-07-06,187.05408684814694,189.2021030796526,186.42347947497262,188.99517822265625,45094300
AAPL,2023-07-07,188.60102706839623,189.84253092683244,187.4481988352347,187.88172912597656,46815000
AAPL,2023-07-10,186.48257243692333,187.20187038994513,184.29515010539157,185.8421173095703,59922200
AAPL,2023-07-11,186.38402246734722,186.52196732292174,183.86159365977753,185.3198699951172,46638100
AAPL,2023-07-12,186.8964167558296,188.88677723101014,185.70418206587038,186.985107421875,60750200
AAPL,2023-07-13,187.70439854991048,188.38427515496102,186.994963399846,187.74380493164062,41342300
AAPL,2023-07-14,187.4383302857117,188.37438582770977,186.8471444335954,187.89158630371094,41616200
AAPL,2023-07-17,189.0838026643331,191.4683016532262,188.99512705028692,191.1431427001953,50520200
AAPL,2023-07-18,190.5125649317522,191.47817907078496,189.5962050071137,190.88697814941406,48288200
AAPL,2023-07-19,190.26621270882248,195.3209183853995,189.82280454932882,192.2368621826172,80507300
AAPL,2023-07-20,192.22703531122195,193.5867885139367,189.67504737311495,190.29580688476562,59581200
AAPL,2023-07-21,191.25156585425083,192.10879369152832,188.42367321559357,189.12326049804688,71951700
AAPL,2023-07-24,190.57168949200457,192.04967681854123,189.42870901778204,189.92137145996094,45377800
AAPL,2023-07-25,190.49285737606127,191.58656857428397,190.08887057427083,190.77859497070312,37283200
AAPL,2023-07-26,190.8278998432317,192.76899138652507,190.48304509807252,191.64572143554688,47471900
AAPL,2023-07-27,193.14340387615707,194.3060801182846,189.72432504433817,190.38449096679688,47460200
AAPL,2023-07-28,191.8131659299023,193.7444090416655,191.29094501886246,192.95614624023438,48291400
AAPL,2023-07-31,193.1827862905988,193.60648379116893,192.39452340931743,193.5670623779297,38824100
AAPL,2023-08-01,193.36016991822595,193.8429695122176,192.41425136889904,192.73941040039062,35175100
AAPL,2023-08-02,192.17775117305615,192.31569604997566,189.03457754647138,189.7538604736328,50389300
AAPL,2023-08-03,188.75868668614032,189.54693452970886,187.8915960163783,188.3645477294922,61235200
AAPL,2023-08-04,182.79747042079737,184.6301752435833,179.25029494609427,179.31927490234375,115956800
AAPL,2023-08-07,179.45723692919626,180.4425618735659,174.7473848978987,176.22537231445312,97576100
AAPL,2023-08-08,177.05300588853657,177.62449604499406,174.97397007455905,177.16139221191406,67823000
AAPL,2023-08-09,178.21570618554995,178.2748232727554,174.41235154839882,175.57504272460938,60378500
AAPL,2023-08-10,176.84611157664116,178.097478428752,174.9937109597073,175.3582763671875,54686900
AAPL,2023-08-11,174.95373578240464,176.2363757071569,174.1940069392339,175.41744995117188,52036700
AAPL,2023-08-14,175.59506357405235,177.29211207450308,174.9438673937282,177.065185546875,43675600
AAPL,2023-08-15,176.4929565709016,177.0849408911762,174.68737503648362,175.08203125,43622600
AAPL,2023-08-16,174.76626971305478,176.15744233651847,174.14467201512105,174.2137451171875,46964900
AAPL,2023-08-17,174.77615243783515,175.1412101505236,171.1649897406694,171.6780548095703,66062900
AAPL,2023-08-18,170.0007213782545,172.76335939467492,169.6652621694116,172.1614990234375,61172200
AAPL,2023-08-21,172.7337706675176,173.77962299820936,171.42151715942626,173.4934844970703,46311900
AAPL,2023-08-22,174.69718434668556,175.30890581271296,173.89799596554266,174.8649139404297,42038900
AAPL,2023-08-23,176.13773826499084,179.1273031269572,175.95027131734813,178.70303344726562,52722800
AAPL,2023-08-24,178.25903609639087,178.68330576322634,173.66121814414575,174.0262908935547,54945800
AAPL,2023-08-25,175.01294998434398,176.7593193055493,173.47376987845638,176.22653198242188,51449600
AAPL,2023-08-28,177.6867593505913,178.1800870283186,176.1673167274641,177.78543090820312,43820700
AAPL,2023-08-29,177.30196426395187,182.4325690983829,177.1046362040057,181.66297912597656,53003900
AAPL,2023-08-30,182.4720614420058,185.34323241647965,182.27473336292013,185.14588928222656,60813900
AAPL,2023-08-31,185.33334709899387,186.59626480914432,184.97815055206615,185.36294555664062,60794500
AAPL,2023-09-01,186.961330634287,187.38558521498553,185.76747101772168,186.93173217773438,45766500
AAPL,2023-09-05,185.76746926717502,187.44478036173828,185.10641198511868,187.16851806640625,45280000
AAPL,2023-09-06,185.88587535630464,186.32988234003622,179.04836051297525,180.46914672851562,81755800
AAPL,2023-09-07,172.8422616393004,175.83184093509863,171.22414761118458,175.1905059814453,112488800
AAPL,2023-09-08,175.96999075471308,177.8347687964352,175.417451102765,175.80224609375,65551300
AAPL,2023-09-11,177.66702357259294,177.89395007164453,174.9734438173143,176.96649169921875,58953100
AAPL,2023-09-12,177.09477490699047,177.72623373133553,172.487096210491,173.9473419189453,90370200
AAPL,2023-09-13,174.15454941477398,174.93401565723292,171.65831231126361,171.88525390625,84267900
AAPL,2023-09-14,171.67803539320033,173.75001770449512,171.26364194197464,173.3948211669922,60895800
AAPL,2023-09-15,174.12494522635322,174.14468255030425,171.5004532372104,172.674560546875,109259500
AAPL,2023-09-18,174.12494029407293,176.98624997924455,173.8190795297471,175.59506225585938,67257600
AAPL,2023-09-19,175.1510553991506,177.23289871202428,174.7662604292434,176.6803741455078,51826900
AAPL,2023-09-20,176.86782730089922,177.30195805066697,173.0593371622532,173.1481475830078,58436200
AAPL,2023-09-21,172.22071489897561,173.9473619674597,171.53992021743218,171.60897827148438,63149100
AAPL,2023-09-22,172.33907993619778,174.71692282922322,171.72735846610487,172.4574737548828,56725400
AAPL,2023-09-25,171.8753837600089,174.60842368932387,171.82604797435675,173.7303009033203,46172700
AAPL,2023-09-26,172.48713399466078,172.86205287379087,169.36929877984454,169.66529846191406,64588900
AAPL,2023-09-27,170.3164478696235,170.73084132501634,166.7940959712009,168.15567016601562,66921800
AAPL,2023-09-28,167.08022534636603,169.7343308371659,165.38317681816312,168.41221618652344,56294400
AAPL,2023-09-29,169.72445084440017,170.7604419321708,168.06686209293406,168.92526245117188,51861100
AAPL,2023-10-02,168.9351592248721,171.97406003104268,168.64902069337074,171.431396484375,52164500
AAPL,2023-10-03,169.96124934298015,171.31297744317223,168.54047825044546,170.09938049316406,49594600
AAPL,2023-10-04,168.80684851428336,171.8852232303615,168.68845469814508,171.34255981445312,53020300
AAPL,2023-10-05,171.47081778563683,173.10866919518492,170.3756298015613,172.5758819580078,48527900
AAPL,2023-10-06,171.48069938400815,175.61478762599208,170.86896284182788,175.1214599609375,57266700
AAPL,2023-10-09,174.45053908507856,176.66065260372454,173.45402254968238,176.60145568847656,42390800
AAPL,2023-10-10,175.72330653262233,177.32168322438636,175.57529921161475,176.00942993164062,43698000
AAPL,2023-10-11,175.82199530812358,177.44998580714199,175.23001108089,177.40065002441406,47551100
AAPL,2023-10-12,177.6670336186698,179.906730392158,176.6507647716162,178.29849243164062,56743100
AAPL,2023-10-13,178.9990143278533,179.50220314362676,175.7627859383901,176.46331787109375,51427100
AAPL,2023-10-16,174.39132507709223,176.6902337432856,174.15452238414363,176.3350372314453,52517000
AAPL,2023-10-17,174.29265257502803,176.03903666999224,172.46734930467605,174.78598022460938,57549400
AAPL,2023-10-18,173.23695950912395,175.21027033840411,172.77323025982977,173.4934844970703,54764400
AAPL,2023-10-19,173.69080766680926,175.46679037407037,172.85215962113486,173.11856079101562,59302900
AAPL,2023-10-20,172.970532603774,173.07906528544774,170.33616484514565,170.57296752929688,64244000
AAPL,2023-10-23,168.62928473640696,171.68790756499885,167.6623515662161,170.69139099121094,55980100
AAPL,2023-10-24,170.74070856198063,171.35243005141567,169.1620540054936,171.12550354003906,43816600
AAPL,2023-10-25,169.5863166088348,170.75056262830392,168.37271975850888,168.8167266845703,57157000
AAPL,2023-10-26,168.0964746462511,169.0930062294273,163.459197305812,164.6629180908203,70625300
AAPL,2023-10-27,164.6826577744484,166.70530437202822,164.60372353518264,165.9751739501953,58499100
AAPL,2023-10-30,166.76447575317525,168.88577853365425,166.61646843152695,168.01751708984375,51131000
AAPL,2023-10-31,167.09007075196132,168.619374328328,165.65940861123508,168.49111938476562,44846000
AAPL,2023-11-01,168.71806981976965,171.90496247869652,167.849808268541,171.6484375,56934900
AAPL,2023-11-02,173.17776232760195,175.40759814141026,173.118565411641,175.20040893554688,77334800
AAPL,2023-11-03,171.91483559510309,174.46040823420765,171.03671292563865,174.29266357421875,79829200
AAPL,2023-11-06,174.02629776104038,177.035584920202,173.85856813665714,176.8382568359375,63841300
AAPL,2023-11-07,176.78892234542403,180.00542885763969,176.5817331247381,179.39370727539062,70530000
AAPL,2023-11-08,179.91662978825056,181.00194176498167,179.16676200069597,180.4494171142578,49340300
AAPL,2023-11-09,180.51847829944086,181.6629871195562,179.3838155582821,179.97581481933594,53763500
AAPL,2023-11-10,181.75413731292954,184.3228271167955,181.31943456996746,184.1548614501953,66133400
AAPL,2023-11-13,183.58187642607092,183.7893386144101,181.9912676571252,182.57415771484375,43627500
AAPL,2023-11-14,185.43920547847273,185.8442707665973,184.05607409829287,185.18234252929688,60108400
AAPL,2023-11-15,185.5873915048758,187.21751156501972,185.5182274044454,185.74545288085938,53790500
AAPL,2023-11-16,187.2866746678448,188.6599317940755,186.37774261703024,187.42498779296875,54412900
AAPL,2023-11-17,187.95846486721982,188.08690385906573,186.29870747259162,187.40521240234375,50922700
AAPL,2023-11-20,187.60281994734135,189.598493753426,187.59294582194016,189.14402770996094,46505100
AAPL,2023-11-21,189.10451024981845,189.21318592585277,187.45462685911554,188.34378051757812,38134500
AAPL,2023-11-22,189.18357710829596,190.60622016215154,188.53152295340232,189.0057373046875,39617700
AAPL,2023-11-24,188.57100791556658,188.60064536615056,186.970525284031,187.68185424804688,24048300
AAPL,2023-11-27,187.63243679384846,188.3734031425855,186.6247183385664,187.50399780273438,40552600
AAPL,2023-11-28,187.49413155220094,188.77847629228074,187.1187037624085,188.10665893554688,38415400
AAPL,2023-11-29,188.60066651864972,189.77633577367203,186.6939199672285,187.08909606933594,43014200
AAPL,2023-11-30,187.55341843722022,188.02764780463457,185.92329832735996,187.66209411621094,48794400
AAPL,2023-12-01,188.0375263099119,189.25270705783993,186.95076949469112,188.9365692138672,45704800
AAPL,2023-12-04,187.69173962433385,187.76090372984268,185.1922139752508,187.1483612060547,43389500
AAPL,2023-12-05,187.91898862751913,192.05850876803487,187.88933609882633,191.09031677246094,66628400
AAPL,2023-12-06,192.10788966712872,192.4141533735728,189.79607806848605,190.00355529785156,41089700
AAPL,2023-12-07,191.29776300970337,192.6512567588297,191.25823636118906,191.9300537109375,47477700
AAPL,2023-12-08,191.86091528323507,193.629363703371,191.33730018286,193.3527374267578,53406400
AAPL,2023-12-11,190.78403090604945,191.15945870925907,189.11438419177532,190.85317993164062,60943700
AAPL,2023-12-12,190.75440470261375,192.3746507369947,189.4107849369075,192.36477661132812,52696900
AAPL,2023-12-13,192.74018081786602,195.61513413450965,192.50308121236986,195.57562255859375,70404200
AAPL,2023-12-14,195.63488831127654,197.2156075489979,193.79729107961322,195.7238006591797,66831600
AAPL,2023-12-15,195.1507809689053,196.01029713155143,194.6271659416612,195.1903076171875,128538400
AAPL,2023-12-18,193.7281513997374,194.26165570440122,192.04863040265064,193.5305633544922,55751900
AAPL,2023-12-19,193.79728255461077,194.57776047687184,193.5305304476359,194.56788635253906,40714100
AAPL,2023-12-20,194.52836624027822,195.29897006409448,192.48330688476562,192.48330688476562,52242800
AAPL,2023-12-21,193.73803856316968,194.70623052718972,191.16934877699248,192.3351287841797,46482500
AAPL,2023-12-22,192.82909873139974,193.0563392932213,190.64572606781581,191.2681427001953,37149600
AAPL,2023-12-26,191.27801448490152,191.55464074590694,190.5074106042434,190.72476196289062,28919300
AAPL,2023-12-27,190.17149315937536,191.16932243864449,188.78834689776542,190.8235321044922,48087700
AAPL,2023-12-28,191.80163510638113,192.31537606668746,190.84331729052167,191.24838256835938,34049900
AAPL,2023-12-29,191.56450759639273,192.05848519728596,189.42064661751613,190.2110137939453,42672100
AAPL,2024-01-02,184.895844683247,186.17031557472808,181.67511554799748,183.40403747558594,82488700
AAPL,2024-01-03,182.00107849721155,183.64108748001073,181.22058557437447,182.0307159423828,58414500
AAPL,2024-01-04,179.95603270422265,180.88471299934187,178.70134046081682,179.71893310546875,71983600
AAPL,2024-01-05,179.79796753554595,180.5586821654936,177.99988188294327,178.99771118164062,62379700
AAPL,2024-01-08,179.89676064456035,183.36449308108033,179.3138706884217,183.32496643066406,59144500
AAPL,2024-01-09,181.7047124117811,182.91989304556353,180.52904335165846,182.91001892089844,42841800
AAPL,2024-01-10,182.129538572139,184.15483457675245,181.70471001714742,183.94737243652344,46792900
AAPL,2024-01-11,184.29316874581366,184.7970355796361,181.4083411771675,183.3546142578125,49128400
AAPL,2024-01-12,183.81894667336306,184.49076406507768,182.95943045197853,183.68063354492188,40477800
AAPL,2024-01-16,179.9659024464889,182.04059908627158,178.75070683426088,181.41819763183594,65603000
AAPL,2024-01-17,179.08663943068214,180.72663357001974,178.12832170152117,180.47964477539062,47317400
AAPL,2024-01-18,183.84857190455077,186.86183815424235,183.59170899023258,186.3579864501953,78005800
AAPL,2024-01-19,187.04957995238564,189.63801803091337,186.5457281731689,189.25271606445312,68903000
AAPL,2024-01-22,189.98376623580117,192.9772689432648,189.94423959032406,191.5546112060547,60133900
AAPL,2024-01-23,192.67104017695664,193.39224330006388,191.49537099853464,192.8291015625,42355600
AAPL,2024-01-24,193.06621990928542,194.01466361551059,191.99922639290756,192.1573028564453,53631300
AAPL,2024-01-25,192.86860899256396,193.9059649333701,190.78402298627717,191.8312530517578,54822100
AAPL,2024-01-26,191.93006387634745,192.41415228379137,189.6281264159501,190.1023406982422,44594000
AAPL,2024-01-29,189.6972958396627,189.8850097627336,187.29657164460275,189.42066955566406,47145600
AAPL,2024-01-30,188.6401800108733,189.4898221386195,185.21197404804863,185.7751007080078,55859400
AAPL,2024-01-31,184.78712556686926,184.84641553917146,182.129538862794,182.17892456054688,55467800
AAPL,2024-02-01,181.77387226838383,184.69821105096443,181.60592170299904,184.6092987060547,64885400
AAPL,2024-02-02,177.6936236133024,185.07365019396582,177.09097033579843,183.61148071289062,102551700
AAPL,2024-02-05,185.88377376602236,186.97053056814926,183.60159955655655,185.41943359375,69668800
AAPL,2024-02-06,184.6093298683978,187.02981736340615,184.5204175084795,187.0199432373047,43490800
AAPL,2024-02-07,188.3437971267345,188.74886241631054,186.33824908078662,187.1286163330078,53439000
AAPL,2024-02-08,187.1088468471974,187.25703410679802,185.09342474162452,186.05174255371094,40962000
AAPL,2024-02-09,186.6155602859614,187.941120969739,185.9725760341758,186.81341552734375,45155200
AAPL,2024-02-12,186.38806813077576,186.63537211912902,184.7756412965565,185.1317596435547,41781900
AAPL,2024-02-13,183.76666370675508,184.20192116931864,181.5310258479947,183.04452514648438,56529500
AAPL,2024-02-14,183.32148884677065,183.52921572281525,180.4725423642709,182.16409301757812,54630500
AAPL,2024-02-15,181.57058851615943,182.50045391335385,179.39431647047905,181.8772430419922,65434500
AAPL,2024-02-16,181.44199396902647,182.8565806751117,179.71086599707365,180.34396362304688,49752500
AAPL,2024-02-20,179.82953567385852,180.4626331892475,178.05884601330092,179.60202026367188,53665600
AAPL,2024-02-21,179.97792921674792,180.91768122956833,178.71173417109264,180.3538360595703,41371400
AAPL,2024-02-22,181.50134277124772,182.96539328132977,180.49235334512917,182.38174438476562,52292200
AAPL,2024-02-23,183.0148347964746,183.04451006700117,180.2648157032703,180.55169677734375,45119700
AAPL,2024-02-26,180.2746995194681,180.78908088671756,178.70183486744935,179.2063446044922,40867400
AAPL,2024-02-27,179.1470231922399,181.93660445629962,177.6236221032545,180.6605224609375,54318900
AAPL,2024-02-28,180.54180381169616,181.145226165725,178.18748003378263,179.46356201171875,48953900
AAPL,2024-02-29,179.31514716008485,180.6011306821249,177.59390628342499,178.80075073242188,136682600
AAPL,2024-03-01,177.6137198257161,178.5831471920378,175.46712311031385,177.7225341796875,73563100
AAPL,2024-03-04,174.25038035125658,174.99229230011673,171.9158301484072,173.2117156982422,81510100
AAPL,2024-03-05,168.91851326517738,170.18470849670402,167.79080766540406,168.28541564941406,95132400
AAPL,2024-03-06,169.21526961759642,169.39333632878757,166.86093094295472,167.2961883544922,68587700
AAPL,2024-03-07,167.32585131213037,168.88881413208614,166.67298033709926,167.17747497558594,71765100
AAPL,2024-03-08,167.1775154100546,171.8268279085278,167.118164861082,168.88885498046875,76267000
AAPL,2024-03-11,171.07502316349817,172.49949666610803,170.19462149789052,170.88706970214844,60139500
AAPL,2024-03-12,171.28270784938988,172.15322257397557,169.16578666443067,171.36184692382812,59825400
AAPL,2024-03-13,170.90684419661972,171.3223130850131,168.91851047344855,169.28453063964844,52488700
AAPL,2024-03-14,171.0453430786352,172.43023944819464,170.19461671040915,171.13436889648438,72913500
AAPL,2024-03-15,169.32407812222547,170.75843811035156,168.4535633292171,170.75843811035156,121752700
AAPL,2024-03-18,173.67662817447325,175.79354941833483,171.64873273149365,171.84657287597656,75604200
AAPL,2024-03-19,172.45989598897214,174.70542030322298,171.16402557801365,174.18113708496094,55215200
AAPL,2024-03-20,173.82502584048726,176.7432098388672,173.2018149693641,176.7432098388672,53423100
AAPL,2024-03-21,175.1406653733646,175.57592275278003,168.9976284397713,169.52191162109375,106181300
AAPL,2024-03-22,169.90770741812418,171.18380430580046,168.22604350725265,170.42210388183594,71160100
AAPL,2024-03-25,168.7305586050563,170.08577952012527,167.6226265638577,169.00753784179688,54288300
AAPL,2024-03-26,168.16670300567833,169.57138777241732,167.7512341389727,167.8798370361328,57388400
AAPL,2024-03-27,168.57227437363676,171.72787530814264,168.27550660374618,171.4409942626953,60273300
AAPL,2024-03-28,169.8978451053126,170.37266455083602,168.67121185228598,169.63075256347656,65672700
AAPL,2024-04-01,169.3438746978549,169.40322523760474,167.65230884379906,168.19638061523438,46240500
AAPL,2024-04-02,167.2566433485096,167.51383407497934,166.4158037095213,167.01922607421875,49329500
AAPL,2024-04-03,166.9697540235435,168.83937157047524,166.7620271262386,167.8204803466797,47691700
AAPL,2024-04-04,168.45358430225178,170.0660111961713,166.99945068359375,166.99945068359375,53704400
AAPL,2024-04-05,167.7611226870966,168.5524984345705,167.12802510796487,167.75123596191406,42104800
AAPL,2024-04-08,167.20715459942008,167.37531948329715,166.425680716199,166.63340759277344,37425500
AAPL,2024-04-09,166.88071513080217,168.2458378687617,166.53449863101693,167.8402557373047,42373800
AAPL,2024-04-10,166.97966188332379,167.26652787853376,165.30788444762385,165.9706573486328,49709300
AAPL,2024-04-11,166.52458559261675,173.56781241373886,166.34653399230652,173.15232849121094,91070300
AAPL,2024-04-12,172.38075949507746,176.43655077441642,172.33131077483722,174.6460723876953,101670900
AAPL,2024-04-15,173.46890241983837,174.72521085075485,170.63974431610336,170.82769775390625,73531800
AAPL,2024-04-16,169.8978273072319,171.88614579113815,166.45536027289515,167.5533905029297,73711200
AAPL,2024-04-17,167.78091646807817,168.80969440593617,166.1882781982422,166.1882781982422,50901200
AAPL,2024-04-18,166.21793076697907,166.8213530127437,164.75389559967167,165.2386016845703,43122900
AAPL,2024-04-19,164.41758473594675,164.60552308162337,162.31054999578998,163.2206268310547,68149400
AAPL,2024-04-22,163.734987753996,165.45621342076493,162.99307597508283,164.05152893066406,48116400
AAPL,2024-04-23,163.56685559955991,165.24851961582092,163.14148491226467,165.10012817382812,49537800
AAPL,2024-04-24,164.74404457685867,167.4742907050633,164.41761654297682,167.1973114013672,48251800
AAPL,2024-04-25,167.70177351115603,168.77012851479734,166.33665071301928,168.05789184570312,50558300
AAPL,2024-04-26,168.04802077933093,169.49226770262163,167.35555749623813,167.47427368164062,44838400
AAPL,2024-04-29,171.50037962888564,174.13169791183088,171.23330216655395,171.6289825439453,68169400
AAPL,2024-04-30,171.46079655206535,173.10289859543835,168.1667057400835,168.49314880371094,65934800
AAPL,2024-05-01,167.75125295718234,170.84750390177777,167.28632022447192,167.47427368164062,50383100
AAPL,2024-05-02,170.649650682897,171.54984088638673,169.04712555589578,171.16404724121094,94214900
AAPL,2024-05-03,184.63712970012278,184.98336128032037,180.69016817589636,181.40240478515625,163224100
AAPL,2024-05-06,180.383540128798,182.2135806366563,178.47434543693257,179.7504425048828,78569700
AAPL,2024-05-07,181.4716631656838,182.90602327557747,179.36464345444207,180.4329833984375,77305800
AAPL,2024-05-08,180.87813197889614,181.09576068278213,179.4932206728727,180.76931762695312,45057100
AAPL,2024-05-09,180.59124108896245,182.6686003878229,180.14609698041687,182.57957458496094,48983000
AAPL,2024-05-10,183.15410154420678,183.34230991411323,180.4102677646858,181.3215789794922,50759500
AAPL,2024-05-13,183.68902280376187,185.33335221774516,182.8767582325011,184.52108764648438,72044800
AAPL,2024-05-14,185.73944844741243,186.52199740854093,184.53096697721375,185.6602020263672,52393600
AAPL,2024-05-15,186.13569714479723,188.84981551266446,185.60078753373725,187.92860412597656,70400000
AAPL,2024-05-16,188.67151097089564,189.29556710780693,187.86916171755817,188.04745483398438,52845200
AAPL,2024-05-17,187.72057759120682,189.00830557822601,187.39369174809892,188.07717895507812,41282900
AAPL,2024-05-20,187.54228461702792,190.10782534306233,187.22529890901677,189.2361297607422,44361300
AAPL,2024-05-21,189.28565540299905,190.91016932460286,189.11726241831752,190.5337677001953,42309400
AAPL,2024-05-22,190.45451683728567,190.99932654838926,188.47340160760692,189.09744262695312,34648500
AAPL,2024-05-23,189.1766947549615,189.19651013997458,184.86777806929078,185.11541748046875,51005900
AAPL,2024-05-24,187.03710655742805,188.78048261582597,186.26445766907554,188.18614196777344,36327000
AAPL,2024-05-28,189.70171236146703,191.17764887438426,187.31447963213384,188.19607543945312,52280100
AAPL,2024-05-29,187.81962268312432,190.4346940804733,187.72056087959155,188.49319458007812,53068000
AAPL,2024-05-30,188.9587855239753,190.36537567482878,188.8300232981759,189.48377990722656,49889100
AAPL,2024-05-31,189.6323431713606,190.7516780595243,188.1167913020161,190.4346923828125,75158300
AAPL,2024-06-03,191.07855630297723,193.14883318833753,190.7021546904014,192.19789123535156,50080500
AAPL,2024-06-04,192.80213237542046,193.47571940906454,191.2073340206378,192.51487731933594,47471400
AAPL,2024-06-05,193.55494454203196,195.04078090785526,193.02995023528447,194.0205078125,54156800
AAPL,2024-06-06,193.8422276391208,194.64457691185422,192.33657578915964,192.64364624023438,41181800
AAPL,2024-06-07,192.8120444256859,195.08042995429523,192.3068654552658,195.03089904785156,53103900
AAPL,2024-06-10,195.04080033594326,195.43703247512377,190.33565137548777,191.29649353027344,97010200
AAPL,2024-06-11,191.82147267998263,205.20391549352811,191.8016724106265,205.19400024414062,172373300
AAPL,2024-06-12,205.41194501546696,218.12080209568063,204.94638168818946,211.05813598632812,198134300
AAPL,2024-06-13,212.71236564129833,214.70338117421306,209.6020150722442,212.2170867919922,97862700
AAPL,2024-06-14,211.8307711431916,213.13829945342002,209.30484597389386,210.48361206054688,70122700
AAPL,2024-06-17,211.35527186274084,216.88258512602053,210.71141546378874,214.62411499023438,93728300
AAPL,2024-06-18,215.5354294813442,216.5656178731208,210.98877362098574,212.26658630371094,79943300
AAPL,2024-06-20,211.90998899500866,212.2170745602359,206.87796947703916,207.7001190185547,86172500
AAPL,2024-06-21,208.40343403997312,209.8892705909824,205.15440599094305,205.53082275390625,241805100
AAPL,2024-06-24,205.75865018980198,210.69162338847192,204.63931513285507,206.1746826171875,80727000
AAPL,2024-06-25,207.1751328027417,209.3840873125504,206.64023830581658,207.0959014892578,55549700
AAPL,2024-06-26,209.5029286499739,212.8312027309874,208.65104852463386,211.2364044189453,66213200
AAPL,2024-06-27,212.66284034706985,213.70292898101007,210.34493889866226,212.0784149169922,49772700
AAPL,2024-06-28,213.7326216506115,214.0297919592074,208.31427026634478,208.63124084472656,82542700
AAPL,2024-07-01,210.08735196554287,215.45617219578955,209.91895899194967,214.70335388183594,60402900
AAPL,2024-07-02,214.1090169642201,218.29908645117231,213.0689435868198,218.19012451171875,58046200
AAPL,2024-07-03,217.92268618597842,219.4580535888672,216.9618440422543,219.4580535888672,37369800
AAPL,2024-07-05,219.55708698216947,224.3117665065084,219.55708698216947,224.2028045654297,60412400
AAPL,2024-07-08,224.9457357840812,225.69856928044194,221.14199799041046,225.66885375976562,59085900
AAPL,2024-07-09,225.77780318070188,227.23392416937492,224.23253562897796,226.52072143554688,48076100
AAPL,2024-07-10,227.13486087511765,230.8791673967792,227.0853299721382,230.7801055908203,62627700
AAPL,2024-07-11,229.2051258414663,230.19568345608255,223.63819688403007,225.42120361328125,64710600
AAPL,2024-07-12,226.7584454352943,230.44332094014862,226.5207061684713,228.36314392089844,53046500
AAPL,2024-07-15,234.24706826366577,234.9899864993383,230.88907844301437,232.18670654296875,62631300
AAPL,2024-07-16,232.78106107648213,234.03907359612094,230.13627381333595,232.60276794433594,43234300
AAPL,2024-07-17,227.2834515580279,229.2744821236097,224.49998695797876,226.71884155273438,57345900
AAPL,2024-07-18,228.10560948409145,228.26410233218343,220.17124832102243,222.06320190429688,66034600
AAPL,2024-07-19,222.6971648700337,224.65846466815103,221.17169771561296,222.1919708251953,49151500
AAPL,2024-07-22,224.86647978572938,225.62921338494564,220.98349573063444,221.8452911376953,48201800
AAPL,2024-07-23,222.25140445670337,224.7971447504236,220.57735968997056,222.88536071777344,39960300
AAPL,2024-07-24,221.88490694575157,222.67735606492835,215.0797809310421,216.47645568847656,61777600
AAPL,2024-07-25,216.86276105080302,218.7646448818125,212.59346035218633,215.43637084960938,51391200
AAPL,2024-07-26,216.6349499920164,217.41749898154802,213.9703475571551,215.90194702148438,41601300
AAPL,2024-07-29,214.91137828370984,217.22927938341869,213.7127969665886,216.17929077148438,36311800
AAPL,2024-07-30,217.1203409396055,218.24957609355639,214.07932159795172,216.73402404785156,41643800
AAPL,2024-07-31,219.34909118598728,221.70662325926872,218.54674189777583,219.98304748535156,50036300
AAPL,2024-08-01,222.25141811315143,222.36038006072013,214.97082835556836,216.2981719970703,62501000
AAPL,2024-08-02,217.08067881945357,223.4697870434651,215.6542886583774,217.7839813232422,105568600
AAPL,2024-08-05,197.210135996183,211.48407659683002,194.14931622004067,207.2940216064453,119548600
AAPL,2024-08-06,203.36145518137582,208.00717221552574,199.1714012418906,205.27322387695312,69660500
AAPL,2024-08-07,204.9463646139573,211.62272838414273,204.441185671316,207.83880615234375,63516400
AAPL,2024-08-08,211.097744151489,212.17744837655164,206.8581585633277,211.2958526611328,47161100
AAPL,2024-08-09,210.09728825409005,214.7330909034816,209.96851092003678,214.1981964111328,42201600
AAPL,2024-08-12,214.27755355785243,217.68900361003634,213.81145133020567,215.72543334960938,38028100
AAPL,2024-08-13,217.19312608520667,220.04923895369578,217.19312608520667,219.43438720703125,44155300
AAPL,2024-08-14,218.7401920302427,221.1797757696837,217.87739912826086,219.88064575195312,41960600
AAPL,2024-08-15,222.73677426147512,223.48055242779947,220.9120269929499,222.85577392578125,46414000
AAPL,2024-08-16,222.06242392047724,224.94828705065606,221.79465952380943,224.1747589111328,44340200
AAPL,2024-08-19,223.84747960195193,224.115243980586,221.18970440160442,224.0160675048828,40687800
AAPL,2024-08-20,223.89708417115403,225.2854641390349,223.57973153152028,224.6309356689453,30299000
AAPL,2024-08-21,224.64086539349128,226.08874521756795,223.18305884166446,224.5218505859375,34765500
AAPL,2024-08-22,225.90029338876204,226.4457337259973,222.04256465043304,222.66734313964844,43695300
AAPL,2024-08-23,223.78797197411373,226.32673228874265,222.46900358067504,224.9581756591797,38677300
AAPL,2024-08-26,224.87883517993083,225.39452559231563,222.0326490158817,225.29534912109375,30602200
AAPL,2024-08-27,224.1251322421701,226.95149505120298,223.0243400581704,226.13829040527344,35934600
AAPL,2024-08-28,226.02921369079436,227.95312221094204,223.80779089178384,224.611083984375,38052200
AAPL,2024-08-29,228.19113851748892,230.98773644426686,226.98125820388418,227.88369750976562,51906300
AAPL,2024-08-30,228.28038060324323,228.4886300006117,225.59285569982603,227.10025024414062,52990800
AAPL,2024-09-03,226.65401607692846,227.1002799762046,219.33523365285652,220.92196655273438,50190600
AAPL,2024-09-04,219.82116129878526,219.94016096302124,215.67582978550038,219.01788330078125,43840200
AAPL,2024-09-05,219.79142381839864,223.60947620664672,219.68233574260833,220.5352020263672,36615400
AAPL,2024-09-06,222.0921370424939,223.37144384512357,217.9468210396507,218.9881134033203,48423000
AAPL,2024-09-09,218.98812757352732,219.4343914347755,214.91222272734436,219.07737731933594,67180000
AAPL,2024-09-10,217.1038662465979,219.6426263973432,214.93203178151688,218.28399658203125,51591000
AAPL,2024-09-11,219.62280899168329,221.23927647566495,216.0824178921796,220.81285095214844,44587100
AAPL,2024-09-12,220.65420216028613,221.6954946800681,217.99644195502805,220.92196655273438,37455600
AAPL,2024-09-13,221.72521710949164,222.18139254741286,220.06907298412548,220.6541748046875,36766600
AAPL,2024-09-16,214.7436126542421,215.41797935337752,212.14535259122513,214.52545166015625,59357400
AAPL,2024-09-17,213.96021129330612,215.10066523109435,212.72058086866357,214.9915771484375,45519300
AAPL,2024-09-18,215.745241460142,220.86243852013078,215.7353147340035,218.85919189453125,59894900
AAPL,2024-09-19,223.12354184254357,227.91347512552952,222.76652771175563,226.97134399414062,66781300
AAPL,2024-09-20,228.06223610833695,231.15634864169297,225.73172498083707,226.30691528320312,318679900
AAPL,2024-09-23,225.45401003818398,227.54650632766106,223.93670395169437,224.5912322998047,54146000
AAPL,2024-09-24,226.75314473243895,227.44734973367454,223.85737047004787,225.4837646484375,43556100
AAPL,2024-09-25,223.06402418257602,225.40444676008957,222.1615848378298,224.49208068847656,42308700
AAPL,2024-09-26,225.41436171300208,226.60440369502516,223.54004142995942,225.63253784179688,36636700
AAPL,2024-09-27,226.5647695239617,227.61597365379234,225.41438891191032,225.9003143310547,34026000
AAPL,2024-09-30,228.13162655878588,231.06707763671875,227.74486252768645,231.06707763671875,54541900
AAPL,2024-10-01,227.6159583693189,227.74486962890148,221.88390914906273,224.3334197998047,63285000
AAPL,2024-10-02,224.0160654907427,225.48378349827837,221.16987922367838,224.898681640625,32880600
AAPL,2024-10-03,223.2722952944607,224.92843958391967,221.46740141968138,223.7978973388672,34044200
AAPL,2024-10-04,226.00935295352124,226.1085294140403,222.27063948076494,224.91848754882812,37245100
AAPL,2024-10-07,222.63757729885364,223.81770763530983,219.49387702101052,219.85089111328125,39505400
AAPL,2024-10-08,222.43925780658088,224.10531361949606,221.3979653574062,223.89706420898438,31855700
AAPL,2024-10-09,223.36153007501719,227.84403724277382,222.96485445261254,227.63577270507812,33591100
AAPL,2024-10-10,225.89039642732237,227.59612897487835,225.28545621996582,227.1399383544922,28183500
AAPL,2024-10-11,227.39775944467098,227.50684750397573,225.45401269675094,225.6622772216797,31759200
AAPL,2024-10-14,226.80274288926017,229.8076053434174,226.70358155060512,229.3811798095703,39882100
AAPL,2024-10-15,231.67201972311165,235.51983687729248,230.44230106244424,231.9100341796875,64751400
AAPL,2024-10-16,229.67870875165642,230.19438406287304,227.9332995992129,229.85720825195312,34082200
AAPL,2024-10-17,231.49350124327563,231.91003031839952,228.60765355789445,230.22412109375,32993800
AAPL,2024-10-18,234.2206797118992,234.2206797118992,232.0686835146529,233.05047607421875,46431500
AAPL,2024-10-21,232.5050756862118,234.88517514263293,232.5050756862118,234.5182342529297,36254500
AAPL,2024-10-22,231.94970749678197,234.2603802258017,230.67041566655348,233.9033660888672,38846600
AAPL,2024-10-23,232.13813805749322,233.18934216580075,225.8705597881939,228.84567260742188,52287000
AAPL,2024-10-24,228.0721400698136,228.9051831435476,226.51517225997247,228.65725708007812,31109500
AAPL,2024-10-25,227.83410560105818,231.2852316353655,227.66551771976023,229.49024963378906,38802300
AAPL,2024-10-28,231.38442210065006,232.78271346714027,230.62080565968694,231.4637451171875,36087100
AAPL,2024-10-29,231.16627329542206,232.38606532055925,230.39274516902225,231.73153686523438,35417200
AAPL,2024-10-30,230.68030356750913,231.53316974412917,227.64569128136466,228.19113159179688,47070900
AAPL,2024-10-31,227.43742665071557,227.92336713292326,223.5003599556127,224.035888671875,64370100
AAPL,2024-11-01,219.1368672842602,223.4805363045207,218.44267740554844,221.06077575683594,65276700
AAPL,2024-11-04,219.15668564471403,220.94174084677013,217.88730565861934,220.168212890625,44944500
AAPL,2024-11-05,219.9600075033543,222.0921656056809,219.30547906118858,221.5963134765625,28111300
AAPL,2024-11-06,220.76330266490965,224.19460632288448,219.35508432478574,220.8723907470703,54561100
AAPL,2024-11-07,222.76650205936048,225.98954046008802,222.70700223311508,225.5928497314453,42137700
AAPL,2024-11-08,225.5332770864524,227.0125473442273,224.7787582103861,225.32479858398438,38328800
AAPL,2024-11-11,223.37895863100835,224.07391236142266,219.90417483008153,222.614501953125,42005600
AAPL,2024-11-12,222.93220374351736,223.9647042645822,221.7507748273854,222.614501953125,40398300
AAPL,2024-11-13,222.39607398240116,225.0170530189228,221.15507983350162,223.49807739257812,48566200
AAPL,2024-11-14,223.39881774279925,227.22107081675753,223.37895759377815,226.5757598876953,44923900
AAPL,2024-11-15,224.76884409236825,225.28510187679902,222.65420045885568,223.37893676757812,47923700
AAPL,2024-11-18,223.62713486361545,228.08479108540536,223.54770942404784,226.37718200683594,44633700
AAPL,2024-11-19,225.34466282087314,228.50175961033486,225.02697621656037,226.6352996826172,36211800
AAPL,2024-11-20,226.4168829534927,228.27340522879027,224.26251907255318,227.35011291503906,35169600
AAPL,2024-11-21,227.230987838277,228.50176458087773,224.0838286281757,226.8735809326172,42108300
AAPL,2024-11-22,226.4168797117104,229.05771868234922,226.4168797117104,228.21383666992188,38168300
AAPL,2024-11-25,229.79238523732437,231.56948199204686,228.0847762696763,231.1922149658203,90152800
AAPL,2024-11-26,231.64890834638587,233.8727750720934,231.64890834638587,233.36643981933594,45986200
AAPL,2024-11-27,232.78071887838198,233.99193037541463,232.125470334311,233.23739624023438,33498400
AAPL,2024-11-29,233.11826871739834,236.09665470361549,232.28432427698263,235.6201171875,28481400
AAPL,2024-12-02,235.56052304560976,239.05515126765505,235.45131496686756,237.86380004882812,48137100
AAPL,2024-12-03,238.0822139315433,241.01095673492534,237.17876666593097,240.90174865722656,38861000
AAPL,2024-12-04,241.12017980186528,242.35125137710352,239.51185632927692,241.25917053222656,44383900
AAPL,2024-12-05,242.23210799536452,242.77813324010052,240.3855083044983,241.2889404296875,40033900
AAPL,2024-12-06,241.15989600483465,242.86750503393802,240.33587413565135,241.09039306640625,36870600
AAPL,2024-12-09,240.08769312504634,245.4587194212017,240.00826768189094,244.9722442626953,44649200
AAPL,2024-12-10,245.11121388943334,246.4217108653419,243.57237825215392,245.98487854003906,36914800
AAPL,2024-12-11,246.17350623578653,248.9930409884295,244.48574226451257,244.71409606933594,45205800
AAPL,2024-12-12,245.11120954102955,246.9478867446912,243.90992066775823,246.1735076904297,32777500
AAPL,2024-12-13,246.03455153835694,247.4939467696469,244.46593306347833,246.34231567382812,33155300
AAPL,2024-12-16,246.2033097230519,249.56888515433104,245.86574781090837,249.2313232421875,51694800
AAPL,2024-12-17,248.27824960945253,252.00123197197036,247.98040799068028,251.65374755859375,51356400
AAPL,2024-12-18,250.34326772719038,252.4479889260113,245.95511429725673,246.26287841796875,56774100
AAPL,2024-12-19,245.71684652457995,250.18442555229956,245.3097967996626,247.99034118652344,60882300
AAPL,2024-12-20,246.25292226826556,253.16278373693368,243.9198625662762,252.65646362304688,147495300
AAPL,2024-12-23,252.93446477293034,253.80811434244586,251.6239676953758,253.4308624267578,40858800
AAPL,2024-12-24,253.64924013847912,256.34962902881983,253.45066898797964,256.3397216796875,23234700
AAPL,2024-12-26,256.32980188696064,258.2260444048055,255.77383898408218,257.15380859375,27237100
AAPL,2024-12-27,255.9723714358678,256.8361287043752,251.2367492695516,253.74851989746094,42355300
AAPL,2024-12-30,250.41273247360002,251.67358663649517,248.94339979921563,250.38294982910156,35557500
AAPL,2024-12-31,250.6212497119267,251.4551941340452,247.63292614272083,248.6157989501953,39480700
AAPL,2025-01-02,247.1365264348607,247.3053149666319,240.07776640397734,242.0931396484375,55740700
AAPL,2025-01-03,241.60665893554688,242.42074318433572,240.14724866814672,241.60665893554688,40244100
AAPL,2025-01-06,242.54980162717402,245.54804748087855,241.4477983095151,243.23483276367188,45045600
AAPL,2025-01-07,241.22940732447114,243.78089861816605,239.61116122247878,240.4649658203125,40856000
AAPL,2025-01-08,240.17700647488417,241.95411831821167,238.32048434869313,240.95138549804688,37628900
AAPL,2025-01-10,238.28077607985776,238.42970445265777,231.32128701842691,235.1435546875,61710900
AAPL,2025-01-13,231.84746989306117,232.9792558543989,228.06492247356016,232.71119689941406,49630700
AAPL,2025-01-14,233.05869925952226,234.41882398797216,230.79512716232853,231.5992889404297,39435300
AAPL,2025-01-15,232.94949481929564,237.2383779015073,232.74100113522098,236.15621948242188,39832000
AAPL,2025-01-16,235.63995285298606,236.29518618874627,226.38709407905125,226.6154327392578,71759100
AAPL,2025-01-17,230.44764042021458,230.6164138035219,226.833866130533,228.32305908203125,68488300
AAPL,2025-01-21,222.38612124582832,222.80309340530198,217.79941234276583,221.03591918945312,98070400
AAPL,2025-01-22,218.2064751614249,222.5052806842356,218.2064751614249,222.21737670898438,64126500
AAPL,2025-01-23,223.1208199792776,225.394314538592,220.69839703644928,222.04859924316406,60234800
AAPL,2025-01-24,223.16050188156166,224.00438385368136,219.81478693461753,221.17491149902344,54697900
AAPL,2025-01-27,222.40601266103107,230.47742834163907,222.36629236472388,228.2039337158203,94863400
AAPL,2025-01-28,229.18679454547646,238.4594987479956,229.147074251248,236.54339599609375,75707600
AAPL,2025-01-29,232.43322998057818,238.13188043636077,232.32402189200354,237.63548278808594,45486100
AAPL,2025-01-30,236.95044029141235,239.05516137192973,235.50096771104396,235.8782196044922,55658300
AAPL,2025-01-31,245.40904807772534,245.40904807772534,231.7581140684966,234.29966735839844,100959800
AAPL,2025-02-03,228.33297872450572,230.15971829856622,224.0738787357251,226.3672332763672,73063300
AAPL,2025-02-04,225.61271003037928,231.45035067549782,225.0170268486458,231.1227264404297,45067300
AAPL,2025-02-05,226.88348940722173,230.99366099381652,226.62536810475493,230.79510498046875,39620300
AAPL,2025-02-06,229.62360070928509,232.11552641696264,228.76979621063217,231.53970336914062,29925300
AAPL,2025-02-07,230.9241838961893,232.31409120281862,225.62264568638093,225.989990234375,39707200
AAPL,2025-02-10,228.16660736242451,229.1803610121675,225.81108525741098,226.25833129882812,33115600
AAPL,2025-02-11,226.80497424991785,233.79199753404617,226.7354100570617,231.1979522705078,53718400
AAPL,2025-02-12,229.78663009476247,235.51142789245534,229.26980470124647,235.42196655273438,45243300
AAPL,2025-02-13,235.4617298072221,240.85852795215618,234.1299251101732,240.05348205566406,53614100
AAPL,2025-02-14,239.77522427175464,244.04894114679902,239.51681912694215,243.10475158691406,40896200
AAPL,2025-02-18,242.65747382373942,243.6811760890431,240.3615975750387,242.97552490234375,48822500
AAPL,2025-02-19,243.16435439309654,244.50609250836237,241.6735241546838,243.37306213378906,32204200
AAPL,2025-02-20,243.44262036367402,245.2713683243621,242.79658488378954,244.32717895507812,32316900
AAPL,2025-02-21,244.44645306890683,247.1697083342209,243.72091995824803,244.0489044189453,53197400
AAPL,2025-02-24,243.43269920852308,247.33868242018207,242.92582237394555,245.58944702148438,51326400
AAPL,2025-02-25,246.48393846255715,248.47171215983582,243.41283173998391,245.52980041503906,48013300
AAPL,2025-02-26,242.83637220684057,243.48239258336395,237.66816369812489,238.89064025878906,44433600
AAPL,2025-02-27,237.94645181292123,240.9778097055873,235.61081167459415,235.84934997558594,41153600
AAPL,2025-02-28,235.5014815283524,240.61005923211764,228.7927454203557,240.36158752441406,56833400
AAPL,2025-03-03,240.31188380351972,242.5381957053339,234.66661403302143,236.5748748779297,47184000
AAPL,2025-03-04,236.25684921580154,238.60242278275774,233.24535811530478,234.4877166748047,53798100
AAPL,2025-03-05,233.98082285378285,235.1039197629907,227.82866128733946,234.2988739013672,47227600
AAPL,2025-03-06,233.00684447444675,236.4059358119138,231.73467047090975,233.8914031982422,45170400
AAPL,2025-03-07,233.67272217403436,239.8944479764648,233.3248557337566,237.6085205078125,46273600
AAPL,2025-03-10,234.10009611136832,234.71631625547707,222.84930513729455,226.08937072753906,72071200
AAPL,2025-03-11,222.44182022291236,224.45940937640347,216.12069905845206,219.48997497558594,76137400
AAPL,2025-03-12,218.7942505386503,220.39440897367027,213.5962265598192,215.653564453125,62547500
AAPL,2025-03-13,214.62986833256545,215.51442704761877,207.14590135231947,208.398193359375,61368300
AAPL,2025-03-14,209.9585940343847,212.64208545758027,208.2988048386841,212.18490600585938,60107600
AAPL,2025-03-17,212.00598815128762,213.904315554563,208.6864099217596,212.6917724609375,48073400
AAPL,2025-03-18,212.85081593904235,213.83475423543342,210.19713981325924,211.38980102539062,42432400
AAPL,2025-03-19,212.91044076829724,217.4226803637017,212.443312738742,213.92420959472656,54385400
AAPL,2025-03-20,212.6818553101102,216.16045933121794,210.92267131595005,212.7911834716797,48862900
AAPL,2025-03-21,210.26669685360034,217.5021918152461,209.9884097524224,216.93568420410156,94127800
AAPL,2025-03-24,219.64899945464327,220.1260609084734,217.24379503613238,219.38064575195312,44299500
AAPL,2025-03-25,219.42039321145907,222.7300380772677,218.73460889257407,222.38217163085938,34493600
AAPL,2025-03-26,222.1436424317859,223.64442126802376,219.12223310716143,220.17575073242188,34466100
AAPL,2025-03-27,220.03659916949772,223.61459773398053,219.21167130142226,222.4815673828125,37094800
AAPL,2025-03-28,220.31487416588553,222.44179120535847,216.34926057176412,216.5679168701172,39818600
AAPL,2025-03-31,215.683368745432,224.24073468961828,214.90813825561798,220.77207946777344,65299300
AAPL,2025-04-01,218.46624988397502,222.31258685550372,217.56180927777046,221.82559204101562,36412700
AAPL,2025-04-02,219.9670353213626,223.8133724100327,219.66886624627372,222.5213165283203,35905900
AAPL,2025-04-03,204.28348559152053,206.22157697816277,200.0197179050274,201.94786071777344,103419000
AAPL,2025-04-04,192.7047355778497,198.658123727335,186.19477317599058,187.22842407226562,125910900
AAPL,2025-04-07,176.1167553732534,192.96313526897592,173.55252535537636,180.35072326660156,160466300
AAPL,2025-04-08,185.55865310846366,189.17640027021665,168.17558356470508,171.36595153808594,120859500
AAPL,2025-04-09,170.89883496621582,199.38363475051753,170.83920418374143,197.6343994140625,184395900
AAPL,2025-04-10,187.9141823452429,193.58926741380884,181.88128226075605,189.25592041015625,121880000
AAPL,2025-04-11,184.96233608452022,198.32016168749274,184.92257212057936,196.93865966796875,87435900
AAPL,2025-04-14,210.14743595954587,211.63826622013798,199.9302804535287,201.28196716308594,101352900
AAPL,2025-04-15,200.6259945192588,202.26590170954893,198.57859009217825,200.90428161621094,51343900
AAPL,2025-04-16,197.1473909296092,199.47308245703653,191.19400339685228,193.0823974609375,59732400
AAPL,2025-04-17,195.99445890478637,197.61449911758032,193.23145502579916,195.7758026123047,52164700
AAPL,2025-04-21,192.08851517151226,192.6152739871965,188.64966000796989,191.97918701171875,46742500
AAPL,2025-04-22,194.92107095045932,200.35763286451953,194.7719939992729,198.51895141601562,52976400
AAPL,2025-04-23,204.74070932932477,206.7284832063085,201.56027415925303,203.34927368164062,52929200
AAPL,2025-04-24,203.63746952607698,207.55338601533765,201.69939326414854,207.09619140625,47311000
AAPL,2025-04-25,205.10842646651815,208.46776890662989,204.9394675201618,208.00064086914062,38222300
AAPL,2025-04-28,208.71620315087387,210.2070331733801,206.19173765225315,208.8553466796875,38743100
AAPL,2025-04-29,207.4142395090872,210.94254069563792,207.09618845243054,209.91883850097656,36827600
AAPL,2025-04-30,208.02050829648644,212.2743425468257,205.40658118436113,211.20094299316406,52286500
AAPL,2025-05-01,207.80185982414434,213.2483553954001,207.62295230903422,212.0159454345703,57365700
AAPL,2025-05-02,204.8301014441782,205.7246085520007,200.92413408642562,204.09463500976562,101010600
AAPL,2025-05-05,201.85841873478097,202.85230555244996,196.99831280299983,197.6741485595703,69018500
AAPL,2025-05-06,196.9983091053983,199.42338015596502,195.81558138809015,197.2964630126953,51216500
AAPL,2025-05-07,197.95242524507105,198.22077891807172,192.0686174137577,195.05027770996094,68536700
AAPL,2025-05-08,196.51130456752412,198.82706269335065,193.48988012199126,196.28271484375,50478900
AAPL,2025-05-09,197.78348851905432,199.3140676367793,196.33240700583877,197.3163604736328,36453900
AAPL,2025-05-12,209.95526516858178,210.2538252478288,205.75556156059073,209.776123046875,63775800
AAPL,2025-05-13,209.41784747983854,212.37356332026266,207.99473291206186,211.90582275390625,51909300
AAPL,2025-05-14,211.40822571910564,212.9109724892217,209.56713314477625,211.3087158203125,49325800
AAPL,2025-05-15,209.93535780893234,211.93569971673273,208.53213606160298,210.43295288085938,45029500
AAPL,2025-05-16,211.33858120774948,211.54757782116647,208.7610423595207,210.24386596679688,54737900
AAPL,2025-05-19,206.90999202317107,208.47243269467637,203.2775387890809,207.7758026123047,46140500
AAPL,2025-05-20,206.67113760639387,207.46729276724128,204.04383620537516,205.8650360107422,42496600
AAPL,2025-05-21,204.1831685508297,206.04416933851562,199.74462882701684,201.11798095703125,59211800
AAPL,2025-05-22,199.74461200022,201.77479312617928,198.73946027881726,200.3914794921875,46742400
AAPL,2025-05-23,192.73846975457602,196.74908474491085,192.52948833207407,194.33078002929688,78432900
AAPL,2025-05-27,197.34620772495165,199.77447409530296,196.48038197740732,199.2470245361328,56288500
AAPL,2025-05-28,199.6252046868552,201.75491117265972,198.93852099816252,199.45602416992188,45339700
AAPL,2025-05-29,202.60079553265004,202.8296849960031,197.55517460719432,198.98825073242188,51396800
AAPL,2025-05-30,198.41106448584634,200.98861863398105,195.8335255231089,199.8839569091797,70819900
AAPL,2025-06-02,199.31670530145792,201.15781336810346,199.1574712143689,200.72987365722656,35423300
AAPL,2025-06-03,200.38153417950807,202.78989241693247,199.99341064507593,202.29229736328125,46381600
AAPL,2025-06-04,201.93404589483336,205.24803106286797,201.12794426741362,201.844482421875,43604000
AAPL,2025-06-05,202.521183994692,203.765171611367,199.1872911078447,199.6649932861328,55126100
AAPL,2025-06-06,202.0236053289331,204.7106157617459,201.07817770068002,202.93917846679688,46607700
AAPL,2025-06-09,203.4069099948636,205.0091667110405,199.05793398755327,200.48104858398438,72862600
AAPL,2025-06-10,199.63513956616538,203.36710243054736,199.60528507808198,201.69517517089844,54672600
AAPL,2025-06-11,202.5212126953003,203.51640292967522,197.45569804682734,197.82391357421875,60989900
AAPL,2025-06-12,198.12244911144163,198.71955406677787,196.410720905765,198.2418670654297,43904600
AAPL,2025-06-13,198.7693188209708,199.4062398916536,194.758703844025,195.50509643554688,51447300
AAPL,2025-06-16,196.35101387226533,197.73432753277095,195.61456771612566,197.4656219482422,43020700
AAPL,2025-06-17,196.2514839890114,197.43576263348734,194.27106541566712,194.69898986816406,38856200
AAPL,2025-06-18,194.9975546383106,196.6197193940347,194.13174409281177,195.6344757080078,45394700
AAPL,2025-06-20,197.28649906078425,200.72984844555882,195.9131318065836,200.03321838378906,96813500
AAPL,2025-06-23,200.6602023375907,201.3269779408771,198.00304635957568,200.53082275390625,55814300
AAPL,2025-06-24,201.61557243039425,202.46149014710028,199.23706853700068,199.3365936279297,54064000
AAPL,2025-06-25,200.48105886821313,202.690382284235,199.65504919597097,200.5905303955078,39525700
AAPL,2025-06-26,200.4611428555203,201.66532960796235,198.50063224789568,200.03321838378906,50799100
AAPL,2025-06-27,200.91894034324127,202.24254507531293,199.03803155248616,200.1128387451172,73188600
AAPL,2025-06-30,201.03834688076608,206.39247448465787,198.30157410241034,204.1831512451172,91912800
AAPL,2025-07-01,205.6759415551798,209.17901505124104,205.1484920031366,206.82041931152344,78788900
AAPL,2025-07-02,207.90517762155153,212.3138626915596,207.13887695509675,211.41819763183594,67941800
AAPL,2025-07-03,211.12958235725722,213.61755770997246,210.7912213537831,212.52285766601562,34955800
AAPL,2025-07-07,211.65703516300363,215.18996325511674,207.79570768244494,208.94017028808594,50229000
AAPL,2025-07-08,209.08945658408672,210.41304612040562,207.4473837253886,208.9998779296875,42848900
AAPL,2025-07-09,208.52219391164948,210.31353924447487,206.22330706177223,210.12445068359375,48749400
AAPL,2025-07-10,209.49748097232364,212.45319704499605,209.0197939340788,211.3883514404297,44443600
AAPL,2025-07-11,209.55718962168862,211.1096837700706,208.85059795908091,210.14434814453125,39765800
AAPL,2025-07-14,208.92024318716173,209.8955403849565,206.54173953773955,207.61654663085938,38840100
AAPL,2025-07-15,208.21368905566166,210.87084499335577,207.9151289669034,208.10421752929688,42296300
AAPL,2025-07-16,209.28849593835915,211.37838618562168,207.63647661047767,209.149169921875,47490500
AAPL,2025-07-17,209.5571995447156,210.78127919114968,208.58190225319882,209.0098419189453,48068100
AAPL,2025-07-18,209.85573909301036,210.77131219576944,208.69136845628208,210.16424560546875,48974600
AAPL,2025-07-21,211.07984586548804,214.74213848423943,210.61210526026528,211.4580078125,51377400
AAPL,2025-07-22,212.1148250502387,213.91611676733493,211.20919838168209,213.36875915527344,46404100
AAPL,2025-07-23,213.96589762082587,214.11517007989065,211.38835859165647,213.11997985839844,46989300
AAPL,2025-07-24,212.87118332406595,214.65258233290422,212.50296779967493,212.7318572998047,46022600
AAPL,2025-07-25,213.6673206036272,214.2047317845148,212.37357038101962,212.8512725830078,40268800
AAPL,2025-07-28,213.00055398053098,213.81661722083774,212.03521828670327,213.0204620361328,37858000
AAPL,2025-07-29,213.14982178903043,213.7767964509494,209.80599741985404,210.2538299560547,51411700
AAPL,2025-07-30,210.88077731884883,211.36842593737322,206.72088996610802,208.04449462890625,45512500
AAPL,2025-07-31,207.48719786288635,208.83069544134486,206.16359315375274,206.57162475585938,80698400
AAPL,2025-08-01,209.8557561748323,212.5527283441607,200.530828701964,201.40660095214844,104434500
AAPL,2025-08-04,203.5263267271778,206.88012777005082,200.70993685491413,202.37191772460938,75109300
AAPL,2025-08-05,202.42165671427045,204.35232790405936,201.18763073057525,201.9439697265625,44155100
AAPL,2025-08-06,204.64097466073486,214.34407953630614,204.60115854716602,212.2243194580078,108483100
AAPL,2025-08-07,217.82723230897543,219.78775818606874,215.53829184895108,218.97169494628906,90224800
AAPL,2025-08-08,219.76784743364436,229.88892965735022,218.19544514014734,228.2468719482422,113854000
AAPL,2025-08-11,227.08116933177635,228.71513292468896,223.9327956372812,226.34388732910156,61806100
AAPL,2025-08-12,227.17084589508121,229.95058632959714,226.2343181614284,228.8048095703125,55626200
AAPL,2025-08-13,230.2195756343437,234.1351043372746,229.58191650034667,232.47125244140625,69878500
AAPL,2025-08-14,233.1985666998313,234.25466305951576,230.0003892485326,231.92327880859375,51916300
AAPL,2025-08-15,233.1387895567921,233.417757832359,228.49593650929467,230.73765563964844,56038700
AAPL,2025-08-18,230.8472538899505,232.26202593201924,229.26310933608104,230.0402374267578,37476200
AAPL,2025-08-19,230.4287923573085,232.01293684851592,228.50590285589897,229.71144104003906,39402600
AAPL,2025-08-20,229.13358225147155,229.6217843388592,224.93908515924198,225.17819213867188,42263900
AAPL,2025-08-21,225.43723377620466,225.6863136691638,222.95639256938466,224.072265625,30621200
AAPL,2025-08-22,225.33760837029214,228.2468598588307,224.58041092619504,226.9217529296875,42477800
AAPL,2025-08-25,225.6464693442017,228.45609804536198,225.3973894325087,226.323974609375,30983100
AAPL,2025-08-26,226.03502689374838,228.6453946309622,223.86305742355088,228.46604919433594,54575100
AAPL,2025-08-27,227.7686378094015,230.05020313892598,227.41991984776428,229.6417236328125,31259500
AAPL,2025-08-28,229.9704999102399,232.55096405412047,228.4959359400532,231.70408630371094,38074700
AAPL,2025-08-29,231.65426265633033,232.52107103838586,230.51845893056873,231.28562927246094,39418400
AAPL,2025-09-02,228.4062708029861,230.00038826150748,226.1346633063032,228.87454223632812,44075600
AAPL,2025-09-03,236.33697373754433,237.9709372370204,233.49745685978084,237.5923309326172,66427800
AAPL,2025-09-04,237.57239985348932,239.0170601981439,235.8687018920251,238.8975067138672,47549400
AAPL,2025-09-05,239.1167179897741,240.43186723598095,237.61228077870243,238.807861328125,54870400
AAPL,2025-09-08,238.41928864081726,239.2661511981365,235.47017586985078,237.0045166015625,48999500
AAPL,2025-09-09,236.12775932745953,237.90120710535396,232.5011563745861,233.48751831054688,66313900
AAPL,2025-09-10,231.33545739080094,231.56460664903227,225.118417424808,225.955322265625,83440800
AAPL,2025-09-11,226.04500979013486,229.60186307827533,225.81584532196928,229.18341064453125,50208600
AAPL,2025-09-12,228.37638560886936,233.6469097348115,228.17712472443904,233.2085418701172,55824200
AAPL,2025-09-15,236.1277410783948,237.31336381412066,234.16499028444412,235.82884216308594,42699500
AAPL,2025-09-16,236.30708253667353,240.33222235518573,235.45026224943368,237.2735137939453,63421100
AAPL,2025-09-17,238.09049720761,239.21634322602875,236.85505542454314,238.1104278564453,46508000
AAPL,2025-09-18,239.08682096339746,240.31228984200703,235.77903252032195,237.0045166015625,44249600
AAPL,2025-09-19,240.34217704154452,245.3935247988757,239.32594197772087,244.59646606445312,163741300
AAPL,2025-09-22,247.38616206443075,255.69547916115815,247.2068166293636,255.13751220703125,105517400
AAPL,2025-09-23,254.93828225227924,256.3929004583055,252.64674396870498,253.4936065673828,60275200
AAPL,2025-09-24,254.2807025242173,254.79879299943292,250.11607847800005,251.38140869140625,42303700
AAPL,2025-09-25,252.27810324622078,256.22353571779615,250.7836237831838,255.92462158203125,55202100
AAPL,2025-09-26,253.1648258525147,256.65194458214916,252.84599627139946,254.5198211669922,46076300
AAPL,2025-09-29,253.6231329894407,254.06151607705354,252.07883445903423,253.4936065673828,40127700
AAPL,2025-09-30,253.92203562343897,254.9781320575181,252.17847617402816,253.69288635253906,37704300
AAPL,2025-10-01,254.10134722927504,257.83756097799323,253.9917514638179,254.5098419189453,48713900
AAPL,2025-10-02,255.63566078088252,257.229778167004,253.21461153357077,256.18365478515625,42630200
AAPL,2025-10-03,253.73271197999827,258.2858846694617,253.01536064819075,257.07037353515625,49155600
AAPL,2025-10-06,257.0405037108186,258.1165459888059,254.11133663097664,255.74530029296875,44664100
AAPL,2025-10-07,255.86484387966763,256.45266881763376,254.48991791397023,255.53607177734375,31955800
AAPL,2025-10-08,255.5758888188916,257.56852798749276,255.16739414069707,257.1102294921875,36496900
AAPL,2025-10-09,256.8611554198282,257.0504585775582,252.2083446799687,253.1050262451172,38322000
AAPL,2025-10-10,254.00171816056968,255.436420799504,243.10197943699816,244.3673095703125,61999100
AAPL,2025-10-13,248.46219085423505,248.7710475029622,244.6562426215344,246.74851989746094,38142900
AAPL,2025-10-14,245.69241642712313,247.93413549962378,243.79940008876653,246.8581085205078,35478000
AAPL,2025-10-15,248.57178982967116,250.89321639065437,246.559219921403,248.42233276367188,33893600
AAPL,2025-10-16,247.33633482463924,248.1234206007849,244.2278226113223,246.53927612304688,39777000
AAPL,2025-10-17,247.10719170360767,252.44746537322095,246.35995200283696,251.36146545410156,49147000
AAPL,2025-10-20,254.94822099113512,263.4069798400544,254.68918336894043,261.27484130859375,90483000
AAPL,2025-10-21,260.9161783410852,264.3136317818121,260.86634411857244,261.8028869628906,46695900
AAPL,2025-10-22,261.68336485657886,261.882640960004,254.48993535873984,257.49884033203125,45015300
AAPL,2025-10-23,258.98332466328685,259.6608147081683,257.0604350924048,258.6246337890625,32754900
AAPL,2025-10-24,260.2287163700197,263.15789839957887,258.22610426270086,261.85272216796875,38253700
AAPL,2025-10-27,263.9051197703755,268.1295048126629,263.6759553344934,267.8206481933594,44888200
AAPL,2025-10-28,267.9999758056659,268.896687690681,267.16307106420925,268.00994873046875,41534800
AAPL,2025-10-29,268.28892986747474,270.4110953948544,266.1269030442272,268.7073974609375,51086700
AAPL,2025-10-30,270.98894793982623,273.1310593223432,267.49188695276854,270.401123046875,69886500
AAPL,2025-10-31,275.9705701844509,276.29937269597025,268.16940070155243,269.37493896484375,86167100
AAPL,2025-11-03,269.42476736726525,269.8531775103368,265.2701011373342,268.0597839355469,50194600
AAPL,2025-11-04,267.3424142382169,270.49078769741067,266.6350358638735,269.046142578125,49274800
AAPL,2025-11-05,267.6214146886098,270.7000692568828,265.94760492323326,269.14581298828125,43683100
AAPL,2025-11-06,266.90407480138714,272.3937751745226,266.90407480138714,268.7771301269531,51204000
AAPL,2025-11-07,268.80702532983145,271.2878818962731,265.7881780523408,267.48193359375,48227400
AAPL,2025-11-10,268.2298525605972,272.98692304032335,266.733924572705,268.6985778808594,41312400
AAPL,2025-11-11,269.07757258136417,275.16101963639426,269.0675899882029,274.5028076171875,46208300
AAPL,2025-11-12,274.2535066981436,274.9815360542478,270.9624767916609,272.7276611328125,48398000
AAPL,2025-11-13,273.36590026791555,275.9488963676571,271.3513946141157,272.2090759277344,49602800
AAPL,2025-11-14,270.31420819279356,275.21088338895913,268.8681625557137,271.6705322265625,47431300
AAPL,2025-11-17,268.0903024129557,269.75575219797963,265.00869378967747,266.7339782714844,45018300
AAPL,2025-11-18,269.25705465795,269.97510130800674,264.59974924229334,266.7139892578125,45677300
AAPL,2025-11-19,264.80921977983166,271.47107967039307,264.77930243197466,267.83099365234375,40424500
AAPL,2025-11-20,270.09480618650156,274.68232536305425,265.1981613886433,265.5272521972656,45823600
AAPL,2025-11-21,265.2280517805383,272.5879921198442,264.9488130991126,270.75299072265625,59030800
AAPL,2025-11-24,270.164627965921,276.24807542504453,270.164627965921,275.1710205078125,65585800
AAPL,2025-11-25,274.52277261748515,279.6189174225992,274.50283786370125,276.2181701660156,46914200
AAPL,2025-11-26,276.2081750495132,278.7712060098946,275.8790842359358,276.79656982421875,33431400
AAPL,2025-11-28,276.50736791500816,278.242634823177,275.2407959413455,278.0930480957031,20135600
AAPL,2025-12-01,277.2553332443013,282.65065109438723,275.3904143522869,282.3315124511719,46587700
AAPL,2025-12-02,282.231773534172,286.619823290159,281.86278279875575,285.4131164550781,53669500
AAPL,2025-12-03,285.4230848596457,287.8364984098337,282.5309329409685,283.3786315917969,43538700
AAPL,2025-12-04,283.3287830094401,283.95707766942763,277.83373081751637,279.9380187988281,43989100
AAPL,2025-12-05,279.77845592816414,280.37683325787106,277.2951945750906,278.0232238769531,47265800
AAPL,2025-12-08,277.37501993231956,278.91084811822003,275.4003836933047,277.13568115234375,38211800
AAPL,2025-12-09,277.40493251311347,279.2698514894354,276.16830825817004,276.4275817871094,32193300
AAPL,2025-12-10,276.9960211276047,278.9905919368044,275.68957968235776,278.0232238769531,33038300
AAPL,2025-12-11,278.34237127554803,278.8310314000742,273.0667227973629,277.2752685546875,33248000
AAPL,2025-12-12,277.14562382282355,278.4620479370953,276.0685689150702,277.52459716796875,39532900
AAPL,2025-12-15,279.3894873363706,279.3894873363706,272.0993337942639,273.3658752441406,50409100
AAPL,2025-12-16,272.07941349564567,274.752131096348,271.0522107383373,273.8645324707031,37648600
AAPL,2025-12-17,274.2634896625032,275.41036187784255,270.9026424636208,271.1020812988281,50138700
AAPL,2025-12-18,272.86723904028526,272.8872042261758,266.22534517191764,271.45111083984375,51630700
AAPL,2025-12-19,271.41126100078174,273.854622814086,269.1673684747946,272.9271545410156,144632000
AAPL,2025-12-22,272.1192896847017,273.13654030849926,269.7756932559407,270.23443603515625,36571800
AAPL,2025-12-23,270.1048034873943,271.7603010837797,268.8282792538215,271.62066650390625,29642000
AAPL,2025-12-24,271.60070067851706,274.6823088952694,271.46109654935304,273.06671142578125,17910600
AAPL,2025-12-26,273.41578359787746,274.6224904749486,272.11929424741834,272.6578369140625,21521800
AAPL,2025-12-29,271.9497734782625,273.61522314661676,271.6107000753325,273.0168762207031,23715200
AAPL,2025-12-30,272.06942798009953,273.3359694836473,271.54086793463244,272.33868408203125,22139600
AAPL,2025-12-31,272.3187639976345,272.9370761103812,271.0123224859311,271.12200927734375,27293600
AAPL,2026-01-02,271.52095990203577,277.0857995993762,268.26979943372277,270.27435302734375,37838100
AAPL,2026-01-05,269.9053759278346,270.7730094869922,265.41759095171795,266.5345458984375,45647200
AAPL,2026-01-06,266.27521573774703,266.82371056256306,261.40845786144683,261.6477966308594,52352100
AAPL,2026-01-07,262.485556491205,262.96423405428067,259.10474402829175,259.6233215332031,48309800
AAPL,2026-01-08,256.3222864925608,258.58614386359903,255.00587765735156,258.3368225097656,50419300
AAPL,2026-01-09,258.3767027680543,259.5036402038468,255.52448097015204,258.6659240722656,39997000
AAPL,2026-01-12,258.45648066308013,260.5906555331263,256.1028713590674,259.54351806640625,45263800
AAPL,2026-01-13,258.01770778709204,261.0993163539261,257.68861696081353,260.34136962890625,45730800
AAPL,2026-01-14,258.78557762508564,261.1092696408236,256.0131254420647,259.2543029785156,40019400
AAPL,2026-01-15,259.9424426175537,260.3313985459844,256.35220896361545,257.5090637207031,39388600
AAPL,2026-01-16,257.1999111311508,258.1971965798445,254.23797213114116,254.8363494873047,72142800
AAPL,2026-01-20,252.04394930256512,254.09835490933511,242.75922413209136,246.0303192138672,80267500
AAPL,2026-01-21,248.02489020045314,250.87712721718017,244.51444112970407,246.9777374267578,54641700
AAPL,2026-01-22,248.52352576906395,250.31864258405668,247.47637302553753,247.67584228515625,39708300
AAPL,2026-01-23,246.64863719927277,248.73296007338791,244.0157890837153,247.36666870117188,41689000
AAPL,2026-01-26,250.7973501838168,255.86356228737432,249.121917868832,254.71669006347656,55969200
AAPL,2026-01-27,258.4664899667647,261.2389423700868,257.5090739976807,257.56890869140625,49648300
AAPL,2026-01-28,256.95057275810245,258.1572795494081,253.81909726521187,255.74386596679688,41288000
AAPL,2026-01-29,257.29964922744847,258.94516415300217,253.7193980705993,257.5788879394531,67253000
AAPL,2026-01-30,254.4773517832236,261.1890792690021,251.49546251262876,258.7756652832031,92443400
AAPL,2026-02-02,259.3241487899344,269.7557466562268,258.50636737104884,269.2770690917969,73913400
AAPL,2026-02-03,268.4692659190308,271.1419837262723,266.88355520832346,268.7485046386719,64394700
AAPL,2026-02-04,271.55083028665655,278.19275421850585,271.55083028665655,275.7394104003906,90545700
AAPL,2026-02-05,277.3749854862336,278.7412615768201,272.48829324857786,275.1610107421875,52977400
AAPL,2026-02-06,276.3677353153735,280.14745564173626,276.1782486476445,277.3650207519531,50453400
AAPL,2026-02-09,277.41494619870406,277.70443813431814,271.2160169672847,274.13079833984375,44623400
AAPL,2026-02-10,274.40031021957236,274.87943562430115,272.4537718732244,273.19244384765625,34376900
AAPL,2026-02-11,274.2106536370846,279.6808719096702,273.9610989943363,275.00921630859375,51931300
AAPL,2026-02-12,275.09909064411113,275.22886395053104,259.7165366668213,261.2637939453125,81077200
AAPL,2026-02-13,261.5432690161623,261.7628783299504,254.9949421084194,255.32435607910156,56290700
AAPL,2026-02-17,257.5903108294174,265.8156532326085,255.08478749757862,263.4099426269531,58469100
AAPL,2026-02-18,263.13045584681157,266.3447212846438,261.9825104325609,263.8791198730469,34203300
AAPL,2026-02-19,262.13220471573277,264.00886051677537,259.5867290635135,260.11578369140625,30845300
AAPL,2026-02-20,258.50868117461044,264.2783836675007,257.7001265171608,264.1086730957031,42070500
AAPL,2026-02-23,263.0206001676805,268.95002088588865,262.91081074777924,265.705810546875,37308200
AAPL,2026-02-24,267.38283777638213,274.4003442568012,267.233111068832,271.6552429199219,47014600
AAPL,2026-02-25,271.29586819299504,274.45024283739696,270.567157599074,273.74151611328125,33714300
AAPL,2026-02-26,274.4602128097023,275.61811956353745,270.31758130113775,272.4637756347656,32345100
AAPL,2026-02-27,272.3240124520744,272.3240124520744,262.4217010495403,263.7093811035156,72366500
AAPL,2026-03-02,261.94253069595567,266.05518620599753,259.73647625260065,264.2484130859375,41827900
AAPL,2026-03-03,263.0106738027697,265.08695529305965,259.6666350681776,263.2801818847656,38568900
AAPL,2026-03-04,264.17854815272653,265.67587606267574,260.95432154975975,262.0523376464844,39803100
AAPL,2026-03-05,260.3254337562426,261.09405110124777,256.79173142961054,259.8263244628906,49658600
AAPL,2026-03-06,258.16927189629365,258.3090066542827,253.916851068475,257.0013427734375,41120000
AAPL,2026-03-09,255.2345148744848,260.68477987096253,253.22808575123491,259.41705322265625,38218500
AAPL,2026-03-10,257.19102845716964,262.01244158439727,256.4922936817907,260.3653564453125,30590800
AAPL,2026-03-11,260.62486739620806,261.6630231774062,259.08760235948154,260.3453674316406,26218900
AAPL,2026-03-12,258.1992253881205,258.48871731031414,253.72719511663234,255.30438232421875,40794000
AAPL,2026-03-13,255.024890934378,255.87336762960538,249.07551643845036,249.6744384765625,36930000
AAPL,2026-03-16,251.66090222791988,253.43773019062647,249.4348789230203,252.36964416503906,32074200
AAPL,2026-03-17,252.5093881906664,254.67552076289968,251.7307636559193,253.77711486816406,32361600
AAPL,2026-03-18,252.1799767808244,254.48585937367065,248.55643828829037,249.49476623535156,35757900
AAPL,2026-03-19,248.95572868612365,251.38140795985734,246.85947863088072,248.5165252685547,34864100
AAPL,2026-03-20,247.53824109812177,248.75606899357115,245.56177255944445,247.54823303222656,88331100
AAPL,2026-03-23,253.51758537106093,254.14646797882926,249.83415620831627,251.04200744628906,40546100
AAPL,2026-03-24,249.90403139868116,254.37604644028636,249.10545347620703,251.1917266845703,45152300
AAPL,2026-03-25,253.6473574345128,254.5457480998694,251.15181088451408,252.16998291015625,28476700
AAPL,2026-03-26,251.67088153367666,256.5421934269488,250.32329549316128,252.43951416015625,41796700
AAPL,2026-03-27,253.4477020992108,255.03488128462607,247.6281009352486,248.35679626464844,47900000
AAPL,2026-03-30,249.62453299565456,250.4230956915925,245.07264337813007,246.19065856933594,39446200
AAPL,2026-03-31,247.46837564153284,255.02488248828539,246.65982101631488,253.337890625,49598100
AAPL,2026-04-01,253.62737973002484,255.7236296181179,252.8787157917901,255.17462158203125,40059400
AAPL,2026-04-02,253.74717405681358,255.6737439434535,250.20349485503914,255.464111328125,31289400
AAPL,2026-04-06,256.053045051996,261.6929736576745,256.003115847535,258.3988342285156,29329900
AAPL,2026-04-07,255.70368128016966,255.7436185540334,245.2623079794448,253.0484161376953,62148000
AAPL,2026-04-08,257.98960165960847,259.2872736156141,256.0730086009651,258.43878173828125,41032800
AAPL,2026-04-09,258.5386040524215,260.65482250105316,255.6138310165902,260.02593994140625,28121600
AAPL,2026-04-10,259.5168819122501,261.7229364827484,258.5585701252562,260.0159912109375,31291500
AAPL,2026-04-13,259.2673359057164,259.71651601158027,256.2027973984465,258.73828125,36234700
AAPL,2026-04-14,258.78816168339415,261.4633801130582,256.73183388682423,258.368896484375,48370700
AAPL,2026-04-15,257.7001261657452,266.08515659729386,257.35074355126085,265.95538330078125,49913500
AAPL,2026-04-16,266.3246925362851,266.6840670491935,260.804545264895,262.9307556152344,43323100
AAPL,2026-04-17,266.4844323486072,271.8149160854778,266.24486962975914,269.7486267089844,61436200
AAPL,2026-04-20,269.84841238867654,273.7913879220191,269.80850557942483,272.5635681152344,36590200
AAPL,2026-04-21,271.0163536236942,272.3140256362382,264.9272139873882,265.69586181640625,50209800
AAPL,2026-04-22,267.3429346055621,273.2523721409737,266.39461467279705,272.68341064453125,43249200
AAPL,2026-04-23,274.56001085217736,275.2787294551341,271.1660737405759,272.9429016113281,33399600
AAPL,2026-04-24,272.2741016414235,272.5735550213531,269.16962610782736,270.5771179199219,38157100
AAPL,2026-04-27,265.6159889280984,267.88193422863776,264.59781690250213,267.1332702636719,41466800
AAPL,2026-04-28,271.8548539018017,272.7432830913257,268.181416710472,270.2277526855469,40018900
AAPL,2026-04-29,267.07336249706583,270.55716597281076,266.56429174844374,269.688720703125,30047900
AAPL,2026-04-30,270.018146234023,275.50834883767226,267.6623648300734,270.86663818359375,91848200
AAPL,2026-05-01,278.36321169794013,286.7083346607987,277.87409435408995,279.6409606933594,79915400
AAPL,2026-05-04,279.16182884121525,280.13010214166496,274.3703610857382,276.33685302734375,46668400
AAPL,2026-05-05,276.43668191704,284.0630869835518,276.00745521106614,283.67376708984375,49311700
AAPL,2026-05-06,281.4177950537395,287.5168959460148,280.5693031693742,286.9978332519531,58336100
AAPL,2026-05-07,288.75467457606095,291.60959552514373,285.2709015174152,286.9279479980469,45224300
AAPL,2026-05-08,289.49338424193445,294.2349225642168,289.48339230776435,292.7974853515625,52692800
AAPL,2026-05-11,291.72841688276577,293.6267735875138,289.979924827367,292.42779541015625,42247300
AAPL,2026-05-12,292.3078994315659,295.0155556946294,292.3078994315659,294.54595947265625,45748100
AAPL,2026-05-13,293.24708951115105,300.6607090744109,293.24708951115105,298.6124572753906,52684300
AAPL,2026-05-14,299.5616620172475,300.1911240450107,295.12548538387824,297.9530334472656,35324900
AAPL,2026-05-15,297.643304079477,302.93875555297063,296.26448829773227,299.9713134765625,54862800
AAPL,2026-05-18,299.98126929450746,300.4009207908792,294.6558756451712,297.5833435058594,34483000
AAPL,2026-05-19,296.7140952726279,300.2510533099592,296.09463441963413,298.7123718261719,42243600
AAPL,2026-05-20,297.9230626302997,302.5390768782648,297.82314269813475,301.98956298828125,38229800
AAPL,2026-05-21,300.80056674721834,305.27671719779084,300.1411318265125,304.7271728515625,42965100
AAPL,2026-05-22,305.85620846339293,311.13165741506583,305.57645096183757,308.55389404296875,43670200
AAPL,2026-05-26,309.29325163060713,311.5513139598484,307.4048960873393,308.0643005371094,48000500
AAPL,2026-05-27,308.0643052358437,312.9900803339556,308.0343323058515,310.5821533203125,50430900
AAPL,2026-05-28,310.412282475935,312.5304508120942,309.30325358892543,312.24072265625,48220400
AAPL,2026-05-29,311.5113496628706,314.7285763294451,309.2632884033746,311.7911071777344,70026800
AAPL,2026-06-01,309.363197507879,310.67206624496237,304.7571540774977,306.0460510253906,48849900
AAPL,2026-06-02,307.1950545511415,315.1781903378333,306.42572903356995,314.92840576171875,44534700
AAPL,2026-06-03,313.9092501546009,316.6668815001487,308.5838566628498,309.9926452636719,50836700
AAPL,2026-06-04,312.96009909963743,313.26982953176514,309.38316692864953,310.9618225097656,44869100
AAPL,2026-06-05,312.5903972939029,314.8984348439246,306.8853260765596,307.0751647949219,65310500
AAPL,2026-06-08,308.4739595974908,317.1265012321255,300.9105055796523,301.2801818847656,77949100
AAPL,2026-06-09,300.0212482417878,300.4908444635933,287.5320194610898,290.29962158203125,70108800
AAPL,2026-06-10,290.4894628291428,294.4960172141002,287.1323727394638,291.3287353515625,52793300
AAPL,2026-06-11,293.4668864344149,296.7440586571729,289.3404406054596,295.375244140625,42572500
AAPL,2026-06-12,295.7749221682621,296.88398158337014,289.3704417369658,290.879150390625,38742100
AAPL,2026-06-15,293.8665449684006,297.5233947188816,291.4486474146935,296.1645812988281,45732600
AAPL,2026-06-16,294.99559499590845,300.2210994929347,293.71669913987887,298.9821472167969,39874400
AAPL,2026-06-17,300.59074812548096,301.8096980081642,294.10632015937927,295.6949768066406,42745100
AAPL,2026-06-18,297.8530937792582,300.31099586682666,295.3652492546472,297.7532043457031,85962200
AAPL,2026-06-22,297.05381866220307,302.1594314563154,296.5043047694293,296.75408935546875,44879900
AAPL,2026-06-23,297.2836155142734,301.3800886038737,293.9264950024863,294.04638671875,52010900
AAPL,2026-06-24,295.1054570720635,299.4417438827621,292.68755959702736,292.8274230957031,53081900
AAPL,2026-06-25,287.1523472601469,288.55113481081804,273.5141152813601,274.91290283203125,107013700
AAPL,2026-06-26,274.7630284991681,285.70360492137456,273.9737007161028,283.53546142578125,261775500
AAPL,2026-06-29,286.4829438934296,288.12151489662153,279.6088673150861,281.4972229003906,66427000
AAPL,2026-06-30,280.9277417485351,289.69017405322865,280.45814550695326,289.11065673828125,65100200
AAPL,2026-07-01,293.1871503157195,296.33442991747245,288.95081360688545,294.1263427734375,50164200
AAPL,2026-07-02,293.866538367699,309.15337194761725,293.4269150966668,308.3640441894531,75352800
AAPL,2026-07-06,307.0951430290638,313.9292760509671,306.7354678654279,312.3905944824219,53590000
AAPL,2026-07-07,315.0183186077797,315.20815732134815,309.88273318392555,310.3923034667969,42490000
AAPL,2026-07-08,311.6412289475945,314.5487250421545,306.7854009831778,313.1199645996094,41323500
AAPL,2026-07-09,310.24243869469103,316.2572401947346,307.8944576262147,315.947509765625,48124500
AAPL,2026-07-10,314.4488202226986,316.6369356310425,311.9010296470402,315.0483093261719,34132300
AAPL,2026-07-13,316.7468014245228,323.171283634363,315.5078797345754,317.03656005859375,43257800
AAPL,2026-07-14,313.48965629761443,315.91755515351207,311.64124426456783,314.58868408203125,36336800
AAPL,2026-07-15,317.34631234952286,328.44675508114506,317.0465830462295,327.2178039550781,60957600
AAPL,2026-07-16,327.72736328456057,334.3915986652446,326.50841333986017,332.97283935546875,62970600
AAPL,2026-07-17,331.693929977533,334.7013154010385,328.71648699084636,333.452392578125,63407100
AAPL,2026-07-20,333.2226134619852,333.4224228207836,323.4010672140761,326.3085632324219,53468000
AAPL,2026-07-21,322.85156758462244,329.3159936819017,321.94234806189104,327.45758056640625,41338900
AAPL,2026-07-22,327.58746619388995,328.7164973399543,323.0613709608057,325.60919189453125,38755900
AAPL,2026-07-23,321.4527900194849,323.0214140443725,319.0748358849152,321.3828430175781,40840800
AAPL,2026-07-24,321.5127284115298,334.0818750563203,321.3428614810286,332.7330322265625,47489400
AAPL,2026-07-27,334.2517370375488,339.277401491225,333.73216560461384,336.61968994140625,49604300
AAPL,2026-07-28,339.73698155301014,342.59453283396704,335.31080637618777,339.78692626953125,51859000
AAPL,2026-07-29,339.43727163464206,344.2730974331505,337.0593175600121,337.8985900878906,56090800
AAPL,2026-07-30,332.8129674612056,334.4615395264105,329.30598233808786,333.1426696777344,74817800
AAPL,2026-07-31,304.54735603914753,310.4222943774597,299.7415030462749,308.6438293457031,132489100
AAPL,2026-08-03,309.313234694189,311.5313230344714,302.29929450581176,303.1585693359375,75052000
AAPL,2026-08-04,302.46913991298527,310.1525156602479,301.0603512911937,309.1134033203125,68001000
AAPL,2026-08-05,309.09342362565195,311.4414048335362,305.40663118634393,310.7320251464844,49438800
AAPL,2026-08-06,314.06913775686996,316.0174696892129,308.96355554648414,312.14080810546875,46139900
AAPL,2026-08-07,311.1816431226555,314.53873325457766,310.47223295908327,313.05999755859375,34437200
AAPL,2026-08-10,306.8299865722656,308.260009765625,304.6099853515625,308.260009765625,44812500
AAPL,2026-08-11,307.75,309.9700012207031,302.7900085449219,304.9100036621094,37476700
AAPL,2026-08-12,305.1000061035156,305.6600036621094,300.57000732421875,302.25,41657800
AAPL,2026-08-13,304.2099914550781,306.0,302.04998779296875,305.260009765625,40349300
AAPL,2026-08-14,306.0,307.489990234375,304.29998779296875,305.92999267578125,28229400
AAPL,2026-08-17,306.2099914550781,307.6600036621094,302.94000244140625,305.5899963378906,38169300
AAPL,2026-08-18,307.5799865722656,311.489990234375,305.739990234375,310.0299987792969,53424500
AAPL,2026-08-19,310.1400146484375,319.2799987792969,309.6000061035156,316.8299865722656,50505600
AAPL,2026-08-20,317.4599914550781,320.2799987792969,310.6499938964844,311.29998779296875,40959200
AAPL,2026-08-21,312.04998779296875,312.3800048828125,307.010009765625,309.3500061035156,46876800
AAPL,2026-08-24,311.4700012207031,313.3599853515625,309.9700012207031,310.3399963378906,34673600
AAPL,2026-08-25,310.7900085449219,313.5899963378906,308.2099914550781,309.8999938964844,25869800
AAPL,2026-08-26,310.29998779296875,315.42999267578125,308.79998779296875,313.45001220703125,34024500
AAPL,2026-08-27,310.54998779296875,315.3999938964844,309.3999938964844,314.5799865722656,32419200
AAPL,2026-08-28,,,,,38623623
