Ticker,Date,Open,High,Low,Close,Volume
MSFT,2021-08-31,292.16012706402677,292.2368923425425,289.35771113719727,289.722412109375,26285300
MSFT,2021-09-01,290.6725935556559,292.8991678511316,289.34816523699277,289.6744689941406,18983800
MSFT,2021-09-02,290.02958175450493,291.14283957172955,288.0909139976585,289.0218505859375,16285600
MSFT,2021-09-03,288.8682550507009,290.413430936319,288.16767300122905,289.0122375488281,14747900
MSFT,2021-09-07,288.887563068861,288.9643283762939,286.19073133371813,288.0909729003906,17180400
MSFT,2021-09-08,287.7070752289388,288.5036360740859,285.4901073055441,288.1197509765625,15046800
MSFT,2021-09-09,288.7051331589924,289.9719800475994,285.0389683549398,285.2789001464844,19927000
MSFT,2021-09-10,286.40178494786,287.84137565254247,283.48420625224344,283.8009033203125,19633400
MSFT,2021-09-13,285.5668944983296,286.51704460158174,282.2366390348642,285.0294494628906,23652900
MSFT,2021-09-14,287.4958659786448,289.2521830846945,286.09467252451213,287.71661376953125,21853400
MSFT,2021-09-15,291.0468952158528,293.02393100782655,289.66488563272827,292.5440673828125,28356300
MSFT,2021-09-16,291.5267240633766,293.01428940804146,288.6475426567624,292.92791748046875,19550800
MSFT,2021-09-17,291.9202715592397,292.23696868760265,287.4671227397801,287.7934265136719,41372500
MSFT,2021-09-20,284.39593784399835,286.689699826259,277.86019819512114,282.44769287109375,38278700
MSFT,2021-09-21,283.78175309872546,285.5572543702067,282.22699963878074,282.9275817871094,22364100
MSFT,2021-09-22,284.7799475033804,288.12938705763713,282.6493513126284,286.555419921875,26626300
MSFT,2021-09-23,286.8144211194727,288.78184976305334,285.54757444442816,287.4958190917969,18604600
MSFT,2021-09-24,286.2194826708354,287.72623226962907,284.9718196101101,287.29437255859375,14999000
MSFT,2021-09-27,284.21366203503686,284.53035916304015,281.142522901756,282.322998046875,23571700
MSFT,2021-09-28,278.12892262453175,279.0694657966121,271.36285777992146,272.1018371582031,43186200
MSFT,2021-09-29,273.61823631743374,275.22096437346653,271.6124099419833,272.5625305175781,26353700
MSFT,2021-09-30,274.20365982638276,276.23827687630234,270.278378953934,270.5663146972656,32343600
MSFT,2021-10-01,270.7582465838053,278.301717984921,269.96168585473896,277.4571533203125,30086300
MSFT,2021-10-04,275.8256432027342,276.1615536435043,268.9635982922401,271.7084045410156,31350700
MSFT,2021-10-05,272.6104927683687,278.70476619683035,272.6104927683687,277.1308288574219,24993000
MSFT,2021-10-06,274.2708756099428,281.8047410195279,274.0117597743309,281.3056640625,28002600
MSFT,2021-10-07,283.2922830435044,284.6935059183277,282.08304662293614,282.9755859375,20430500
MSFT,2021-10-08,284.2904075857707,284.6935059183277,281.92948674808355,282.9755859375,17685700
MSFT,2021-10-11,281.1232834858587,285.9698937714107,280.96011698698385,282.3805236816406,19298600
MSFT,2021-10-12,283.44582055374815,283.541799129027,280.5762456707699,281.08489990234375,17974100
MSFT,2021-10-13,283.0331577701654,285.307706593833,281.67033223174053,284.37677001953125,23416300
MSFT,2021-10-14,287.1599008270888,291.056390013878,285.83547291155634,290.5573425292969,27262900
MSFT,2021-10-15,290.1639328949292,292.18897261999524,288.41722227281656,291.9586181640625,25384800
MSFT,2021-10-18,291.3444250695116,295.7975445356027,290.49986035476513,294.91461181640625,22729300
MSFT,2021-10-19,295.9318739981731,296.8435972219743,294.8473776272357,295.81671142578125,17682100
MSFT,2021-10-20,296.75728265313415,297.22756896603414,293.7821220408967,295.02978515625,16537100
MSFT,2021-10-21,294.7994554629315,298.49438223529035,294.0220493838015,298.244873046875,16918100
MSFT,2021-10-22,297.89931136627246,298.5615254647834,295.40401483593905,296.7092590332031,17449300
MSFT,2021-10-25,296.90120994069343,296.9396072317386,294.1180067552253,295.72076416015625,17554500
MSFT,2021-10-26,298.47520410987,299.8188165343258,296.1718643410095,297.62103271484375,28107300
MSFT,2021-10-27,303.27383257307736,312.9670843453073,303.27383257307736,310.15509033203125,52588700
MSFT,2021-10-28,311.2683233315921,311.7865842427679,308.417932252952,311.28753662109375,26297900
MSFT,2021-10-29,311.07633273826553,318.62937991946643,310.85558497336075,318.2646789550781,34766000
MSFT,2021-11-01,318.01528656238753,318.14005582207426,313.22625576663637,316.1054382324219,27073200
MSFT,2021-11-02,317.00752073679007,320.02107850414706,316.71000761817237,319.7139587402344,26487100
MSFT,2021-11-03,320.4528800727002,321.4126071943846,317.333766927226,320.5488586425781,21500100
MSFT,2021-11-04,319.48363531417436,322.98663410539643,316.2397523503642,322.8906555175781,23992200
MSFT,2021-11-05,324.8772834386426,325.1460058993081,320.95200246852335,322.52593994140625,22570100
MSFT,2021-11-08,323.71603120896236,324.0519416472353,320.97122498059144,323.41851806640625,20897000
MSFT,2021-11-09,323.5336680917774,325.07884433236194,321.0575844525398,322.42041015625,21307400
MSFT,2021-11-10,321.0960047806577,321.15358608184823,316.633278207057,317.4778137207031,25500900
MSFT,2021-11-11,317.90961275273645,320.32811458361215,317.1994240467713,319.0420837402344,16849800
MSFT,2021-11-12,320.47213819174647,323.64883306583664,320.34736896230555,323.15936279296875,23831000
MSFT,2021-11-15,323.94638389817203,324.2726876885674,320.57773146516666,322.53558349609375,16723000
MSFT,2021-11-16,322.1612942198898,326.95035397533974,321.9981569596239,325.8370666503906,20886800
MSFT,2021-11-17,325.8850760747881,329.0098960712893,324.9812796361216,326.0581359863281,19053400
MSFT,2021-11-18,325.1543261152059,329.2598774584323,324.1351564442823,328.12530517578125,22463500
MSFT,2021-11-19,329.44263177761013,331.8078723346504,329.0195768042026,329.8945007324219,21963400
MSFT,2021-11-22,331.34626493417426,336.20177166262135,326.4715391090011,326.7407531738281,31031100
MSFT,2021-11-23,324.06790589930085,326.3754890891575,320.7123388682241,324.67364501953125,30427600
MSFT,2021-11-24,323.32755315823283,325.1351461786082,321.0488427828943,324.894775390625,21661300
MSFT,2021-11-26,321.4718896050423,324.9139862915625,315.4818391564863,316.98175048828125,24217200
MSFT,2021-11-29,322.03915370433015,325.9716160847785,321.84684534637535,323.6640625,28563500
MSFT,2021-11-30,322.4045150069706,324.7697551795586,316.31831064916247,317.856689453125,42885600
MSFT,2021-12-01,322.22180934894953,326.21195801552415,316.70290620086416,317.3663024902344,33337600
MSFT,2021-12-02,317.57784067361735,320.6449739601022,315.1741330410827,316.7990417480469,30766000
MSFT,2021-12-03,319.20279534885117,319.88546954113923,305.7804982116358,310.5686950683594,41779300
MSFT,2021-12-06,311.47244701692887,314.83763770524575,306.9342458292847,313.62615966796875,30032600
MSFT,2021-12-07,318.8663250684686,322.8660696420731,317.38563262002015,322.0199890136719,31021900
MSFT,2021-12-08,322.3948633464057,322.57754746432244,318.05856561396024,322.0679626464844,24761000
MSFT,2021-12-09,321.5295600175577,323.5294319116375,319.3277555505204,320.27001953125,22214200
MSFT,2021-12-10,322.0775956761069,329.7886790069199,321.894911553193,329.3464050292969,38095700
MSFT,2021-12-13,327.55805926915104,330.54828700278097,326.0196804228618,326.3273620605469,28899400
MSFT,2021-12-14,320.38543259627,321.75075164875943,311.6263053995195,315.6933898925781,44438700
MSFT,2021-12-15,315.9528888428843,322.2794628998093,312.00120811857875,321.76025390625,35381100
MSFT,2021-12-16,322.77946305235776,323.7890378493558,310.57824093079836,312.3858337402344,35034800
MSFT,2021-12-17,308.5207023277349,312.405102273891,305.03051397428044,311.3282165527344,47750300
MSFT,2021-12-20,307.72269664260455,310.3667755304143,305.3382370063855,307.5881042480469,28326500
MSFT,2021-12-21,310.83793531898675,315.10692339538815,307.48233874598975,314.6838684082031,24740600
MSFT,2021-12-22,315.6549198284857,320.7603932246783,313.2031494286014,320.3662109375,24831500
MSFT,2021-12-23,319.93357863165926,323.43339204336854,319.9143595281961,321.7988586425781,19617800
MSFT,2021-12-27,322.5391310058425,329.2887615338592,322.5102876848739,329.2599182128906,19947000
MSFT,2021-12-28,329.9329216504245,330.567504020854,327.21193737349995,328.1061096191406,15661500
MSFT,2021-12-29,328.1541872836197,331.0386367329647,326.5965892757154,328.7791748046875,15042000
MSFT,2021-12-30,328.7406955115323,329.9137060860202,325.76971620596595,326.2504577636719,15994500
MSFT,2021-12-31,325.47161689597885,326.28885396518314,322.91406861710993,323.365966796875,18000800
MSFT,2022-01-03,322.4333104284771,324.9812343560376,317.07784340008425,321.8564147949219,28865100
MSFT,2022-01-04,321.93336411107276,322.28913749513237,313.55885476913005,316.3375549316406,32674300
MSFT,2022-01-05,313.30890328932094,313.5108358888348,303.80947386548866,304.1940612792969,40054300
MSFT,2022-01-06,301.0884814026268,306.42473117892956,299.4924156466347,301.7903747558594,39646100
MSFT,2022-01-07,302.0499018859666,304.30939297872214,298.1462829521569,301.94415283203125,32720000
MSFT,2022-01-10,297.56939515988586,302.597962334878,292.95428801782003,302.165283203125,44289500
MSFT,2022-01-11,301.309612939468,304.4151849277161,297.9540459272227,302.8479919433594,29386800
MSFT,2022-01-12,307.35726904389804,310.95320590504565,304.8670023701138,306.01116943359375,34372200
MSFT,2022-01-13,308.1264806975711,308.5206922774309,292.2908533568236,293.0600280761719,45366000
MSFT,2022-01-14,292.53126883368355,298.8482206128136,292.0505272250826,298.2521057128906,39846400
MSFT,2022-01-18,292.3581471597959,297.8674260520063,290.1178753051929,290.9928283691406,42333200
MSFT,2022-01-19,294.4926786966677,301.8191755170397,291.04095775062984,291.64666748046875,45933900
MSFT,2022-01-20,297.16564931418003,299.6462633071286,289.54109381959523,289.9833679199219,35380700
MSFT,2022-01-21,291.03131903917586,292.39660859622313,284.22400232617673,284.6278381347656,57984400
MSFT,2022-01-24,280.94543450165037,285.66629172565484,265.4174555944959,284.9548034667969,85731500
MSFT,2022-01-25,280.29152732225515,283.627874669316,274.18613344698997,277.37823486328125,72848600
MSFT,2022-01-26,296.1272067657119,296.6175725961171,281.74342604783857,285.28167724609375,90428900
MSFT,2022-01-27,291.0024659264915,295.46373205879246,286.4546404978711,288.29107666015625,53481300
MSFT,2022-01-28,288.6661016492175,296.59833777305556,283.10873012038377,296.3868103027344,49743700
MSFT,2022-01-31,297.05023502997614,300.34811523788875,294.5695920371354,299.0020446777344,46444500
MSFT,2022-02-01,298.45399507702996,298.6655225486515,293.37736510025144,296.8675537109375,40950400
MSFT,2022-02-02,297.70403751014493,302.98257070424955,296.9829251353378,301.3865051269531,36636000
MSFT,2022-02-03,297.5694010605456,299.24240163998115,288.4064681116785,289.64678955078125,43730000
MSFT,2022-02-04,288.6468494123292,296.9059861831538,288.41610284488047,294.1561584472656,35096500
MSFT,2022-02-07,294.3772180338793,295.98287796690846,288.3487017661909,289.3582763671875,28533300
MSFT,2022-02-08,289.6467780186861,293.7907677485287,288.3968617508122,292.82928466796875,32421200
MSFT,2022-02-09,297.9347910965561,299.91544411863055,295.55033156667764,299.2231750488281,31284700
MSFT,2022-02-10,292.3293418995418,297.2136633368289,289.1179917352157,290.7332763671875,45386200
MSFT,2022-02-11,291.51204526354115,292.5696824760353,282.8875412205064,283.67596435546875,39175600
MSFT,2022-02-14,282.4549382210914,285.3297932381347,280.12816506880574,283.6375732421875,36359500
MSFT,2022-02-15,288.45448512893597,289.2140354696684,285.579631395878,288.8967590332031,27058300
MSFT,2022-02-16,287.4709041609937,289.8795822189875,282.9522217719727,288.55963134765625,29982100
MSFT,2022-02-17,285.5343344781432,285.95826419364323,279.40667124960413,280.1100158691406,32461600
MSFT,2022-02-18,282.34526097655436,283.1256704001954,275.8514736331867,277.41229248046875,34264000
MSFT,2022-02-22,274.58928762159644,280.8903974019096,274.1075520292779,277.2099304199219,41736100
MSFT,2022-02-23,279.58004589911764,281.04454083688285,269.8682698302373,270.03204345703125,37811200
MSFT,2022-02-24,262.55554816759064,284.3781651371424,261.6016916782459,283.8289794921875,56989700
MSFT,2022-02-25,284.35889947396316,286.7579333141939,280.99636504653614,286.4496154785156,32546700
MSFT,2022-02-28,283.5591579767434,288.2127395416602,282.29701327303695,287.8755187988281,34627500
MSFT,2022-03-01,285.5727965486782,289.01239505161357,281.4780448269364,284.17578125,31217800
MSFT,2022-03-02,284.57081381078126,290.45763760043087,282.97147763773455,289.2243957519531,31873000
MSFT,2022-03-03,291.8258393249391,292.0570630305392,283.3087270663971,285.1104431152344,27314500
MSFT,2022-03-04,283.539896997228,284.8598476008339,276.6799879839054,279.2716979980469,32356500
MSFT,2022-03-07,277.9903600081898,279.1079901922431,268.35564745891236,268.7217712402344,43157200
MSFT,2022-03-08,267.6522801991081,273.58726615536074,260.1372168079997,265.7735290527344,48159500
MSFT,2022-03-09,273.0862641319039,279.0212499230222,270.52342735372963,277.96142578125,35204500
MSFT,2022-03-10,272.68158699777644,276.13083008813146,270.33071510240313,275.15771484375,30628000
MSFT,2022-03-11,277.441127086034,278.9345249185214,269.22271985726513,269.83935546875,27209300
MSFT,2022-03-14,270.09954271533127,274.97470517723553,265.7446629920697,266.3420104980469,30660700
MSFT,2022-03-15,270.10920358547907,277.3063358721881,268.5483846755829,276.6607971191406,34245100
MSFT,2022-03-16,278.54919544627364,283.809770330095,272.8551054876842,283.6363525390625,37826300
MSFT,2022-03-17,282.5764817272433,284.81171260660994,278.7996616158856,284.43597412109375,30816600
MSFT,2022-03-18,284.580435823197,290.0047824722256,282.0368875720342,289.4555969238281,43390600
MSFT,2022-03-21,287.9718985278678,289.17623743354596,284.12762874703543,288.2320251464844,28351200
MSFT,2022-03-22,288.84863696836237,293.8586986740922,287.85626286698505,292.9530334472656,27599700
MSFT,2022-03-23,289.53277788187336,292.15342106739143,286.8446846467914,288.5500183105469,25715400
MSFT,2022-03-24,288.21276856606795,293.08793014220737,287.42271518108265,292.9915771484375,24484500
MSFT,2022-03-25,294.0803119983577,294.3404386258809,288.35729097039587,292.5869140625,22566500
MSFT,2022-03-28,293.2132183201872,299.446879031132,293.2132183201872,299.3505554199219,29578200
MSFT,2022-03-29,302.4432514351578,304.2834849768808,297.7607660592807,303.8884582519531,30393400
MSFT,2022-03-30,302.2987874689132,304.4087921284796,300.19839752916613,302.3951110839844,28163600
MSFT,2022-03-31,302.43362184596117,303.6283461991608,296.64317958234875,297.0478210449219,33422100
MSFT,2022-04-01,298.0691183624966,298.801365976558,294.3790361342476,298.1173095703125,27110500
MSFT,2022-04-04,298.76276415932574,303.5993787276326,298.39664041936675,303.4645080566406,24289600
MSFT,2022-04-05,301.82654511251576,303.3681045702332,298.5507496416169,299.52386474609375,23156700
MSFT,2022-04-06,294.04178495987475,295.7856655216376,285.8715384021488,288.55963134765625,40110400
MSFT,2022-04-07,285.8233566950077,292.5580106672026,285.5246829888432,290.3612976074219,31411200
MSFT,2022-04-08,289.4652859924413,290.1204393434208,285.4572423231668,286.1220397949219,24361900
MSFT,2022-04-11,281.1311855569594,281.9212093584241,274.58920983375054,274.8397216796875,34569300
MSFT,2022-04-12,278.6743681898196,280.11957482236716,270.24399616662504,271.75665283203125,30966700
MSFT,2022-04-13,272.40225746800036,278.03854117973947,271.0244711313333,277.1136169433594,21907200
MSFT,2022-04-14,277.5663736108414,277.7783384197441,269.11674301597424,269.60809326171875,28221600
MSFT,2022-04-18,268.72171390745734,272.14202437159116,268.1725283526451,270.27288818359375,20778000
MSFT,2022-04-19,269.17459327763214,275.71657107306396,268.2400250211419,274.8783264160156,22297700
MSFT,2022-04-20,278.8285886738467,279.11764770587973,274.94580050630236,275.8996276855469,22906700
MSFT,2022-04-21,278.0384980731543,282.5860831842899,269.82973426697856,270.5523376464844,29454600
MSFT,2022-04-22,271.39056854763874,272.8550636325426,263.393769113378,264.02001953125,29405800
MSFT,2022-04-25,263.30702351755633,270.8413451266627,260.8790575428307,270.4656066894531,35678900
MSFT,2022-04-26,267.36328244773966,268.19185364215673,260.13724778699,260.3492126464844,46518400
MSFT,2022-04-27,271.7952455176826,280.34123080111425,268.9626376903315,272.87432861328125,63477700
MSFT,2022-04-28,274.7723864290521,280.3508935706538,271.178627842334,279.0502014160156,33646600
MSFT,2022-04-29,278.0674307607547,279.29105809866707,266.3998077256145,267.3825378417969,37073900
MSFT,2022-05-02,267.56553951466765,274.53144585501184,266.12997704590924,274.07861328125,35151100
MSFT,2022-05-03,273.5872373213016,273.7510403407447,269.91641488989063,271.48687744140625,25978600
MSFT,2022-05-04,272.26732383050563,280.25450833918546,266.62139669213593,279.38739013671875,33599300
MSFT,2022-05-05,275.10958168100854,275.88999102064156,264.318692205309,267.21875,43260400
MSFT,2022-05-06,264.7714617150036,269.04927528391744,261.36076616080453,264.69439697265625,37780300
MSFT,2022-05-09,260.1949931476496,262.4109648333538,253.701207586284,254.9151611328125,47726000
MSFT,2022-05-10,261.76549132988686,263.7502396394238,255.3873167232384,259.6554870605469,39336400
MSFT,2022-05-11,255.97495939683023,261.4474674314555,249.82800992434036,251.0323486328125,48975900
MSFT,2022-05-12,248.27685759923378,250.38686155412384,240.88703639881442,246.0223388671875,51033800
MSFT,2022-05-13,247.949343073978,253.43149708204328,246.02240048844536,251.5816192626953,34925100
MSFT,2022-05-16,250.46393914300643,256.10989508341936,246.43663699814542,251.94769287109375,32550900
MSFT,2022-05-17,256.3892786113193,258.52818561527994,252.87261500014733,257.0733642578125,28828800
MSFT,2022-05-18,253.98310507106706,254.56254010236933,244.10384241044304,245.36892700195312,31356000
MSFT,2022-05-19,245.19507408358177,248.8358391110842,243.2443400632524,244.4611358642578,32692300
MSFT,2022-05-20,248.42060269458278,249.67605030957378,237.99088889238988,243.90106201171875,39199300
MSFT,2022-05-23,246.73057447845937,252.53451735450935,244.74118884717117,251.71365356445312,33175400
MSFT,2022-05-24,249.0483255820953,252.37035900338427,244.80882139282033,250.718994140625,29043900
MSFT,2022-05-25,249.28973864171456,255.508917485171,248.31435684807386,253.51954650878906,28547900
MSFT,2022-05-26,253.2781702660378,257.9522293193264,252.4669728572484,256.7837219238281,25002100
MSFT,2022-05-27,259.2751950241192,263.96855616192437,258.38672418405815,263.8719787597656,26910800
MSFT,2022-05-31,263.1863868585538,265.3495796777819,259.709805919586,262.54901123046875,37827700
MSFT,2022-06-01,265.7648261496329,268.16944748829445,260.78173234380733,263.08013916015625,25292200
MSFT,2022-06-02,255.38343546239255,265.2337143251771,252.63114082746247,265.1661071777344,44008200
MSFT,2022-06-03,261.04245577782234,264.0748154478667,259.2076029156242,260.76239013671875,28059000
MSFT,2022-06-06,262.73252632143885,264.77983823030496,258.05846737616287,259.5360107421875,22400300
MSFT,2022-06-07,257.49836222355793,263.76584558835543,256.8223496712607,263.1574401855469,22860700
MSFT,2022-06-08,262.39448666074105,263.6402676057848,260.3664787079768,261.1390686035156,17372300
MSFT,2022-06-09,258.5992253476871,263.3601943996646,255.55722824112877,255.7117462158203,26439700
MSFT,2022-06-10,251.6460439882833,251.6460439882833,243.87204872141055,244.3162841796875,31422800
MSFT,2022-06-13,236.70644141538565,240.48239119497188,233.24917940412797,233.9541473388672,46135800
MSFT,2022-06-14,235.49929128823007,237.31484044107447,233.22985484717458,236.10769653320312,28651500
MSFT,2022-06-15,239.79674911112798,246.54710394987805,237.97154789524555,243.1284637451172,33111700
MSFT,2022-06-16,237.5466102902709,238.93724247462407,234.68810167633953,236.5712432861328,33169200
MSFT,2022-06-17,236.31050590715876,241.91165700040483,235.6634784930398,239.15936279296875,43084800
MSFT,2022-06-21,241.67988876042264,246.01595545881753,240.95560233610817,245.04058837890625,29928300
MSFT,2022-06-22,243.254000161548,248.35298995386094,241.7861089374633,244.4514923095703,25939900
MSFT,2022-06-23,246.80787935964423,250.4775859053946,244.9343892207619,249.9850616455078,25861400
MSFT,2022-06-24,252.8338959418169,258.79237173531016,252.74698510975713,258.52197265625,33923200
MSFT,2022-06-27,259.0145330281599,259.10144388225046,254.25356292476388,255.80838012695312,24615100
MSFT,2022-06-28,254.92950951957212,257.7590479870569,247.53212753900692,247.6866455078125,27295500
MSFT,2022-06-29,248.75859390135693,252.98843151702386,246.99133318160082,251.33706665039062,20069800
MSFT,2022-06-30,248.23708621339836,250.63207057542505,244.22937393334024,248.02462768554688,31730900
MSFT,2022-07-01,247.599724121051,250.86381660731956,245.88073757874744,250.68032836914062,22837700
MSFT,2022-07-05,247.3775600381912,253.96374346725312,246.00624649481796,253.83819580078125,22941000
MSFT,2022-07-06,254.70738716056056,258.8020102285566,253.4036657301254,257.0830383300781,23824400
MSFT,2022-07-07,256.0303925395583,259.8353125390256,255.93381513155052,259.19793701171875,20859900
MSFT,2022-07-08,255.71170926657888,258.9082238859461,254.2631366183598,258.4833068847656,19658800
MSFT,2022-07-11,256.5422299287005,257.39206399672923,253.19119709803016,255.4413299560547,19455200
MSFT,2022-07-12,256.764381930095,256.8223224888686,243.39887133033,244.97299194335938,35868500
MSFT,2022-07-13,241.61231397246024,244.85711797939112,239.60362437429865,244.05557250976562,29497400
MSFT,2022-07-14,241.9792718550764,246.39258278636146,237.50800563214514,245.36892700195312,25102800
MSFT,2022-07-15,246.95266564086322,251.44323494505886,246.0352392463724,247.9183807373047,29774100
MSFT,2022-07-18,250.84453005870418,251.89715611893087,244.6156697955208,245.53309631347656,20975000
MSFT,2022-07-19,248.748908389752,250.81555306514318,244.98262500187312,250.63206481933594,25012600
MSFT,2022-07-20,250.98935133409913,255.78895661231545,250.0333028054799,253.27809143066406,22788300
MSFT,2022-07-21,250.88306999220896,255.808221638323,248.2176875662765,255.75991821289062,22404700
MSFT,2022-07-22,256.1463507910273,256.2332616430254,250.18790310188731,251.43365478515625,21881300
MSFT,2022-07-25,252.05166965931448,252.53452726402583,248.0053205741304,249.9560546875,21056000
MSFT,2022-07-26,250.95072573000826,250.9700588947091,241.01353801634696,243.26364135742188,39348000
MSFT,2022-07-27,252.2061678876976,260.79136010238045,249.97536828625238,259.5262756347656,45994000
MSFT,2022-07-28,260.50171243898495,268.3143459872542,258.68616288804407,266.9333801269531,33459300
MSFT,2022-07-29,268.17914544538223,272.33170936707273,267.1458230211277,271.1148986816406,32152800
MSFT,2022-08-01,268.2950273632756,271.63639399506593,266.38290049065427,268.478515625,21539600
MSFT,2022-08-02,266.53736387741355,268.362579537139,263.04147997964446,265.3978271484375,22754200
MSFT,2022-08-03,267.27132785781305,273.7802383800219,267.1264470117995,272.7855529785156,23518900
MSFT,2022-08-04,272.13853085373546,274.0699612486414,270.56443983776984,273.92510986328125,18098700
MSFT,2022-08-05,269.5794114121241,273.9251301220604,269.1255240569013,273.21051025390625,16774600
MSFT,2022-08-08,274.3113883534034,276.11730051736697,269.74357435929414,270.70928955078125,18739200
MSFT,2022-08-09,270.05259210657965,273.37462502798235,268.0921621074516,272.6213684082031,23405200
MSFT,2022-08-10,278.2901063596378,279.87386364505505,277.1022662921124,279.24615478515625,24687800
MSFT,2022-08-11,280.8783329903544,281.22597639185335,276.68713164605356,277.17962646484375,20065900
MSFT,2022-08-12,278.58955073001846,281.9019470214844,277.10234096743113,281.9019470214844,22619700
MSFT,2022-08-15,281.02309922866345,284.0940662295999,280.16359862776034,283.4084167480469,18085700
MSFT,2022-08-16,281.9792138029151,283.95894794046416,280.46306311134526,282.6745300292969,18102900
MSFT,2022-08-17,280.4002966761273,283.8939446185247,280.1390106883986,281.92938232421875,18253400
MSFT,2022-08-18,280.8357509194147,282.5003080383182,279.76151632304703,280.81640625,17186200
MSFT,2022-08-19,279.58728744368415,279.9260110820991,276.35495606289055,276.9259338378906,20570000
MSFT,2022-08-22,272.98719375507784,273.3549492553272,268.2838690742468,268.7967834472656,25061100
MSFT,2022-08-23,267.5290222167969,269.87099753157673,266.5225381093492,267.5290222167969,17527400
MSFT,2022-08-24,266.5321774149117,268.29351690361904,266.24183017802443,266.8999328613281,18137000
MSFT,2022-08-25,268.39027578883355,270.0258011315452,265.67085828538086,269.8612976074219,16583400
MSFT,2022-08-26,270.0838799821935,271.3032734990673,259.3417106465169,259.4481506347656,27549300
MSFT,2022-08-29,257.28030737067536,258.78033116845745,255.34477754961907,256.6802978515625,20338500
MSFT,2022-08-30,258.0739373346952,258.4416632715631,252.25765951741022,254.49319458007812,22767100
MSFT,2022-08-31,256.83514003630484,258.4996673056546,252.905987385719,253.04148864746094,24791800
MSFT,2022-09-01,250.5253477936383,252.4802522057439,247.17688880265302,252.0060272216797,23263400
MSFT,2022-09-02,253.26411708214042,256.20610147316614,246.26716536821394,247.805908203125,22855400
MSFT,2022-09-06,247.9414053865417,249.51883753175827,243.8187170261839,245.08648681640625,21328200
MSFT,2022-09-07,246.48973931975843,250.4865986759276,245.057451273247,249.7704620361328,24126700
MSFT,2022-09-08,249.20922275197296,252.0350805590205,246.57688549508825,250.1866455078125,20319900
MSFT,2022-09-09,252.10280861891394,256.68034817535016,251.89958621733555,255.93515014648438,22084700
MSFT,2022-09-12,257.212644911898,258.8288258614007,256.61263518710047,258.0545959472656,18747700
MSFT,2022-09-13,250.49627701855277,252.00598798329736,243.47998110571493,243.86709594726562,33353300
MSFT,2022-09-14,245.3574762961727,246.03490888980133,241.80578027171973,244.08970642089844,23913000
MSFT,2022-09-15,241.71868768706014,243.2961347228246,236.1540384880937,237.47019958496094,31530900
MSFT,2022-09-16,236.38626175161542,237.3927455707123,234.25718181157072,236.85079956054688,39791800
MSFT,2022-09-19,234.65400280433187,237.23793382536144,233.0862280822725,236.63792419433594,26826900
MSFT,2022-09-20,234.2669028613096,235.66047218929285,231.91522600942378,234.6346435546875,26660300
MSFT,2022-09-21,236.39595324962926,239.67667590576733,231.19904532157508,231.2474365234375,28625600
MSFT,2022-09-22,230.20227093577722,235.99918898239684,229.91195323025747,233.21202087402344,31061200
MSFT,2022-09-23,231.8184307644762,233.35718839815166,227.61833404254136,230.2506561279297,34176000
MSFT,2022-09-26,229.4087220067833,233.66688257896323,229.26354838030127,229.7958221435547,27694200
MSFT,2022-09-27,232.24426616908045,234.00560575138226,226.94091751914982,228.7893524169922,27018700
MSFT,2022-09-28,229.1764446378298,234.51851197700628,227.16349151340208,233.29913330078125,29029700
MSFT,2022-09-29,231.18940064159077,232.215229269323,226.85381719409244,229.84420776367188,27484200
MSFT,2022-09-30,230.60870866268925,232.7861798495217,225.22793778149074,225.3924560546875,35694800
MSFT,2022-10-03,227.8215623611014,233.82170241211634,227.0957386105692,232.97975158691406,28880400
MSFT,2022-10-04,237.18953820241006,242.28966427196394,237.08308345370094,240.8573760986328,34888400
MSFT,2022-10-05,238.0605356080036,242.50257374872547,236.23146021082852,241.16705322265625,20347100
MSFT,2022-10-06,239.93799895986987,242.27031644163847,238.14764234917035,238.83474731445312,20239900
MSFT,2022-10-07,233.13457344372063,233.54104772265964,225.65375442204814,226.68927001953125,37769600
MSFT,2022-10-10,225.53763257488384,226.99895238528188,219.42135078516142,221.86012268066406,29743600
MSFT,2022-10-11,220.28267336430167,221.67625738261597,216.8858233948525,218.1439208984375,30474000
MSFT,2022-10-12,218.1342225142281,220.51493088352666,216.74065333491876,218.4729461669922,21903900
MSFT,2022-10-13,212.76313280674802,228.4893134395643,212.06634085274027,226.68927001953125,42551800
MSFT,2022-10-14,227.9473631652827,229.5925754900993,220.97945807089755,221.19236755371094,30198600
MSFT,2022-10-17,228.21834487388986,231.2571263231049,227.5602570081076,229.8732147216797,28142300
MSFT,2022-10-18,235.39917762563184,236.06692311030656,227.78285659055385,230.8119659423828,26329600
MSFT,2022-10-19,229.39901697875123,231.88618020226818,226.7376631373762,228.85707092285156,19985700
MSFT,2022-10-20,228.1699333317577,233.53134435033044,227.29893606647624,228.5376739501953,21811000
MSFT,2022-10-21,227.17316603704901,235.16689978355862,226.9408971162325,234.3152618408203,26299700
MSFT,2022-10-24,235.90241694894004,239.850900353894,233.52172305739012,239.27992248535156,24911200
MSFT,2022-10-25,239.28957660185964,242.9477272430807,237.90567969361152,242.57998657226562,34775500
MSFT,2022-10-26,223.718229712473,230.61839877791698,222.64400998891642,223.8634033203125,82543200
MSFT,2022-10-27,223.5924250678105,226.15701124638468,218.50198634809382,219.4407196044922,40424600
MSFT,2022-10-28,218.94715681380413,228.97320270821285,218.76327910286216,228.2667236328125,40647700
MSFT,2022-10-31,226.22475535763192,227.3473663725247,223.69888795758465,224.64730834960938,28357300
MSFT,2022-11-01,227.03767812320683,228.1409296481597,220.0020223387947,220.81494140625,30592300
MSFT,2022-11-02,222.0633939304996,223.84407823127708,212.94703338213586,213.00511169433594,38407000
MSFT,2022-11-03,212.9953870246754,213.30507890075714,207.08234251389777,207.34364318847656,36633900
MSFT,2022-11-04,210.5372801806807,214.447044310669,206.5500783111964,214.2534942626953,36789100
MSFT,2022-11-07,214.83413436780316,221.04718322198104,214.14701479487408,220.5245819091797,33498000
MSFT,2022-11-08,221.32783708020688,224.18274067732156,218.56002878294467,221.4923553466797,28192500
MSFT,2022-11-09,220.04075814745045,221.2601516912574,217.09875857930578,217.27294921875,27852900
MSFT,2022-11-10,227.8408789069686,235.48623032907634,227.4247470961484,235.1475067138672,46268000
MSFT,2022-11-11,235.15723711883936,239.99606241623323,234.1313937515766,239.14442443847656,34620200
MSFT,2022-11-14,234.1894756115481,236.0475827819004,231.49908988674315,233.76365661621094,31123300
MSFT,2022-11-15,237.74116029609917,239.03796188941354,232.29263846364998,234.17010498046875,31390100
MSFT,2022-11-16,235.62584176038104,236.60604855552322,233.3257795259496,234.5971221923828,24093300
MSFT,2022-11-17,230.76365473112853,236.07224872369898,230.61808681154827,234.54856872558594,23123500
MSFT,2022-11-18,236.32460928740483,236.54783321127658,231.97680729240216,234.10218811035156,27613500
MSFT,2022-11-21,234.30595375905,237.45035420758848,234.0730450796648,234.9076690673828,26394700
MSFT,2022-11-22,236.40220193537894,238.0714497781423,233.60719434514203,237.79971313476562,19665700
MSFT,2022-11-23,237.8773882479825,240.95384732065142,237.06217820148206,240.27450561523438,19508500
MSFT,2022-11-25,240.01246797791015,241.3614517929226,239.44958062083853,240.18716430664062,9200800
MSFT,2022-11-28,238.81877021422886,239.37194317865058,233.69457155598104,234.62623596191406,24778200
MSFT,2022-11-29,234.27685297681788,235.6258367832805,231.18099474535325,233.23843383789062,17956300
MSFT,2022-11-30,233.47135371926146,247.7958155951577,232.78229762918565,247.61141967773438,47594200
MSFT,2022-12-01,246.37888704446783,248.5624948221186,243.51593758658888,247.17469787597656,26041500
MSFT,2022-12-02,242.44840731366295,248.50427013338341,242.3222385687394,247.49496459960938,21528500
MSFT,2022-12-05,244.57377324279298,246.33037684588194,240.7403313992676,242.8171844482422,23435300
MSFT,2022-12-06,243.41891892957702,244.42822454321265,236.58664391475048,237.88710021972656,22463700
MSFT,2022-12-07,237.60567377568205,238.89643054089544,235.06298823693052,237.15924072265625,20481500
MSFT,2022-12-08,237.61534962771674,241.40027877672188,235.88787438426903,240.0998077392578,22611800
MSFT,2022-12-09,237.4794974313884,240.98297573692605,236.95543802882835,238.17825317382812,20609700
MSFT,2022-12-12,240.14833201376896,245.08813458227053,239.87659533709365,245.05902099609375,30665100
MSFT,2022-12-13,253.96816645301047,256.13237523471446,245.6025264426085,249.33892822265625,42196900
MSFT,2022-12-14,249.54270989920707,254.84158999041878,246.8059142850901,249.6300506591797,35410900
MSFT,2022-12-15,246.2333179219407,246.6991500991899,240.04157204816326,241.66229248046875,35560400
MSFT,2022-12-16,241.21588885198315,242.4678175315528,236.32459886583192,237.46978759765625,86102000
MSFT,2022-12-19,237.6347483108368,237.9744265437408,231.6662265103739,233.35487365722656,29696400
MSFT,2022-12-20,232.33586378495446,235.74230142731602,231.38478542376703,234.66505432128906,25150800
MSFT,2022-12-21,234.55831327324242,238.37234134182555,233.02493348625407,237.2174530029297,23690600
MSFT,2022-12-22,234.14094822183725,234.84941820626472,226.96901129135682,231.1615447998047,28651700
MSFT,2022-12-23,229.14295316711923,231.8215067666557,227.0369865095698,231.68563842773438,21207000
MSFT,2022-12-27,231.65651213728756,231.87972122287346,228.87120393787913,229.96786499023438,16688600
MSFT,2022-12-28,229.89995135219928,232.64644670853528,227.26021075559856,227.60958862304688,17457100
MSFT,2022-12-29,228.69650658121392,234.7814975020751,228.69650658121392,233.89834594726562,19770700
MSFT,2022-12-30,231.18100636407286,232.87936810259998,229.67674014824095,232.74349975585938,21938500
MSFT,2023-01-03,235.90729779007853,238.49851075863083,230.39489317769917,232.5105743408203,25740000
MSFT,2023-01-04,225.4259409938991,225.9985278733158,219.2924376104367,222.33978271484375,50623400
MSFT,2023-01-05,220.49587519530553,220.8355534662342,215.21639405316571,215.7501678466797,39585600
MSFT,2023-01-06,216.4198034707522,219.09835714227594,212.87751216247153,218.2928466796875,43613600
MSFT,2023-01-09,219.76798480761224,224.41665135349578,219.7291716302323,220.418212890625,27369800
MSFT,2023-01-10,221.03935048334114,224.48460157088834,220.62204584662,222.09719848632812,27033900
MSFT,2023-01-11,224.46515686951886,228.98765452783252,224.29047536414728,228.81297302246094,28669300
MSFT,2023-01-12,228.31799199232134,232.82107525435615,226.66815819703726,231.4720916748047,27269500
MSFT,2023-01-13,230.00668936190732,232.30675151679418,227.98806347571494,232.17088317871094,21333300
MSFT,2023-01-17,230.9480815858975,233.80133166035085,230.0940435204723,233.2578582763672,29831300
MSFT,2023-01-18,234.44186787994613,235.22796439382358,228.57038560512123,228.85182189941406,30028700
MSFT,2023-01-19,226.8817052615486,228.57036731781892,223.8731729886452,225.08628845214844,28623000
MSFT,2023-01-20,227.92985845985373,233.63635883113758,227.59018017735744,233.13169860839844,35389800
MSFT,2023-01-23,233.98570310784828,237.93559913009912,232.57847740404011,235.42202758789062,31934000
MSFT,2023-01-24,235.34438219144687,236.7515930613996,233.34517042755766,234.89794921875,40234400
MSFT,2023-01-25,227.56106931490226,236.12081997438574,224.08670450908426,233.51019287109375,66526600
MSFT,2023-01-26,236.46045082013288,240.9829486422917,234.85914439539755,240.68209838867188,33454500
MSFT,2023-01-27,241.6428822092,242.45809218411858,239.54661529494882,240.83737182617188,26498900
MSFT,2023-01-30,237.2950768809861,238.35292478678218,235.05324194345323,235.54820251464844,25867400
MSFT,2023-01-31,236.26636386768823,240.63357952072695,235.78111768401726,240.49771118164062,26541100
MSFT,2023-02-01,240.68212262765826,247.6502511666021,238.2267779645673,245.29196166992188,31259900
MSFT,2023-02-02,251.18282257259764,256.8796075980904,249.65914256333582,256.7922668457031,39940400
MSFT,2023-02-03,251.8815727441677,256.4040702889057,249.5135692294624,250.7266845703125,29077300
MSFT,2023-02-06,249.84352591670253,250.6781350311893,247.26201299101024,249.1932830810547,22518000
MSFT,2023-02-07,252.84229788758566,260.83914306930143,252.4055646091288,259.66485595703125,50841400
MSFT,2023-02-08,265.1384914873045,268.5934414880708,258.354730598475,258.8594055175781,54686000
MSFT,2023-02-09,265.72080730740066,265.8955184484022,255.0453909060254,255.84120178222656,42375100
MSFT,2023-02-10,253.81283739078765,256.29729518565995,252.96851387057905,255.33651733398438,25818500
MSFT,2023-02-13,259.7426206728503,266.49724001770915,259.26705921966635,263.31402587890625,44630900
MSFT,2023-02-14,264.62416219078045,266.856282749665,261.33417890703004,264.138916015625,37047900
MSFT,2023-02-15,261.0547562578646,263.39950469785816,258.9726863891012,262.0276794433594,28922400
MSFT,2023-02-16,256.87124200798837,259.5175950149536,254.80864901706667,255.0518798828125,29603600
MSFT,2023-02-17,252.36656000925092,253.047588426155,249.06833614983722,251.0725555419922,30000100
MSFT,2023-02-21,247.58951047821205,248.5721724856299,244.77776281168238,245.82852172851562,28397400
MSFT,2023-02-22,247.21003358389876,247.45326436545926,243.56157186049097,244.69989013671875,22491100
MSFT,2023-02-23,248.64026115369037,249.88560171481558,243.6978093067613,247.8716583251953,29219100
MSFT,2023-02-24,243.19187704458037,244.2037105882477,241.38223939221282,242.47190856933594,24990900
MSFT,2023-02-27,245.62418557007777,245.97443849874284,242.63730436651332,243.38645935058594,21190000
MSFT,2023-02-28,242.32595921726772,244.68043129479227,241.99515408663171,242.66647338867188,22491000
MSFT,2023-03-01,243.9701913432016,244.13558648881542,239.1347623459425,239.60177612304688,27565300
MSFT,2023-03-02,239.8742178244938,244.5928864350576,238.95966764159195,244.3107452392578,24808200
MSFT,2023-03-03,245.3615103876745,248.69862992215678,244.58316883886687,248.3775634765625,30760100
MSFT,2023-03-06,249.48669107630843,253.07678008876618,249.0488786018787,249.91477966308594,24109800
MSFT,2023-03-07,249.36018084473946,250.71255821742662,246.528985881538,247.26840209960938,21473200
MSFT,2023-03-08,247.1614177859818,247.64787941469785,244.01887982125263,246.83062744140625,17340200
MSFT,2023-03-09,248.8932225660645,252.53194586818475,244.76802281359187,245.4879913330078,26653400
MSFT,2023-03-10,244.2815470078051,245.9452372856859,240.89577859254197,241.8589630126953,28333900
MSFT,2023-03-13,240.7011840514009,250.92661597294014,239.0764041542882,247.04464721679688,33339700
MSFT,2023-03-14,249.79804988364143,254.00108554117946,248.93214876608812,253.72866821289062,33620300
MSFT,2023-03-15,252.94050434838186,259.26450315131655,252.19133471855704,258.2526550292969,46028000
MSFT,2023-03-16,258.028987963125,269.0716736937698,256.1512530626568,268.721435546875,54768800
MSFT,2023-03-17,270.72558821466924,275.6582857099673,268.83811504692954,271.8638916015625,69527400
MSFT,2023-03-20,269.4802407516752,269.96670228330714,262.543294560003,264.8588562011719,43466600
MSFT,2023-03-21,267.4371343013886,267.5538803349331,262.2222505034053,266.3669128417969,34558700
MSFT,2023-03-22,265.9971973475459,273.43034485869043,264.81022985408475,264.9172668457031,34873300
MSFT,2023-03-23,270.41426299778846,273.44977847868375,267.7484630649204,270.141845703125,36610900
MSFT,2023-03-24,269.7332022897182,273.03142599171395,267.8262812456373,272.9730529785156,28172000
MSFT,2023-03-27,272.90495366822654,273.83895161321755,268.05978551317787,268.8965148925781,26840200
MSFT,2023-03-28,268.32248351379377,268.6630125541161,264.68373074732534,267.77764892578125,21878600
MSFT,2023-03-29,271.4066545555062,273.5276497515444,270.87155865821495,272.9147033691406,25087000
MSFT,2023-03-30,276.53397442659906,276.757727762298,273.8584356014265,276.35882568359375,25053400
MSFT,2023-03-31,276.04750748202,281.4374805787577,275.33726286422353,280.4937438964844,32766000
MSFT,2023-04-03,278.7619010121522,280.46451634607917,276.26151134425334,279.45269775390625,24883300
MSFT,2023-04-04,279.4527472277195,282.5855611844231,277.93498937950386,279.4040832519531,25824300
MSFT,2023-04-05,278.1100227693913,279.37481068956913,275.2593657381629,276.6408996582031,22064800
MSFT,2023-04-06,275.54153732325625,284.1713602969535,274.3934952141327,283.7043762207031,29770300
MSFT,2023-04-10,281.37908101323706,281.7585352734682,277.00092706983764,281.5542297363281,23103000
MSFT,2023-04-11,278.0128240085293,278.2366070491665,274.01412362630157,275.171875,27276600
MSFT,2023-04-12,277.07878271017614,279.2386732168352,274.32539366289427,275.81396484375,27403400
MSFT,2023-04-13,275.91126538247534,282.05040792429327,275.50265429718814,281.9920349121094,24222700
MSFT,2023-04-14,279.22894208294247,280.66887902365164,276.00856885442937,278.3922424316406,20987900
MSFT,2023-04-17,282.0796326398558,283.70442754241606,278.4117226515916,280.980224609375,23836200
MSFT,2023-04-18,283.6751943988744,283.86005216252715,279.23866745372095,280.56182861328125,20161800
MSFT,2023-04-19,278.2463575328291,281.2235008029145,276.8356363979775,280.6397705078125,17150300
MSFT,2023-04-20,277.52633742538336,281.20398586251105,277.3609274204324,278.363037109375,23244400
MSFT,2023-04-21,277.2928296281938,278.51869257683563,275.3956176560884,278.02252197265625,21676400
MSFT,2023-04-24,274.45187596772155,277.234451496004,271.173129844423,274.1405334472656,26611000
MSFT,2023-04-25,271.941745821894,273.9751515427264,267.91382992661585,267.9624938964844,45772200
MSFT,2023-04-26,288.6663495624961,291.4586346304273,284.80384294642164,287.3723449707031,64599200
MSFT,2023-04-27,287.9560567732343,296.936147852177,287.2555509397699,296.5761413574219,46462600
MSFT,2023-04-28,295.7783684985938,300.56513364270495,295.0973104351293,298.94036865234375,36469600
MSFT,2023-05-01,298.6582327311371,300.24410228095644,296.8875053999733,297.2864074707031,21294100
MSFT,2023-05-02,299.42684782678805,300.8083821173536,295.681087639922,297.1404724121094,26404400
MSFT,2023-05-03,298.3176970170622,300.25380462015016,295.8562025897096,296.1578063964844,22360800
MSFT,2023-05-04,297.94798558856564,299.42684782678805,295.1848873161754,297.1404724121094,22519900
MSFT,2023-05-05,297.442082171176,303.5228521768905,296.03133165334634,302.23858642578125,28197100
MSFT,2023-05-08,301.73263089775384,301.80074263730194,297.80201345372643,300.2926940917969,21318600
MSFT,2023-05-09,299.66030098483304,301.6450723308815,298.0160586463366,298.6873779296875,21340800
MSFT,2023-05-10,300.2635487654328,304.52495706862396,299.33928955394174,303.8536376953125,30078000
MSFT,2023-05-11,301.7035172755466,302.6958883395591,297.96749541594016,301.7132263183594,31680200
MSFT,2023-05-12,302.1412090972546,302.23850733013506,298.2981812741171,300.60400390625,19774700
MSFT,2023-05-15,300.73054195833356,301.50886857686805,299.26141854774806,301.0807800292969,16336500
MSFT,2023-05-16,301.44072470865035,305.2156707578937,301.44072470865035,303.29901123046875,26730300
MSFT,2023-05-17,304.49835287265563,306.58494426267947,302.9870076180216,306.1656799316406,24315000
MSFT,2023-05-18,306.68252689685806,311.0800126585323,305.8927386445008,310.5729675292969,27276000
MSFT,2023-05-19,308.8372836549044,310.7971433987786,308.476519967082,310.3973693847656,27546700
MSFT,2023-05-22,310.65088838415517,314.5413277664758,310.07561254298156,313.16650390625,24115700
MSFT,2023-05-23,312.0452341385488,314.66812088311536,307.38449657033,307.3942565917969,30797200
MSFT,2023-05-24,306.8774578305602,308.60328539686515,304.8103271006574,306.0194091796875,23384900
MSFT,2023-05-25,315.1752035575117,318.74389070661766,312.01605056749,317.7883605957031,43301700
MSFT,2023-05-26,315.9356336414489,325.0816057625892,315.79914213912696,324.5843505859375,36630600
MSFT,2023-05-30,326.86597805939425,327.36323325803346,322.27347175530826,322.9462585449219,29503100
MSFT,2023-05-31,323.9993748636306,327.5583014347169,319.16310540886235,320.1966857910156,45950600
MSFT,2023-06-01,317.7980281716673,325.2084138620462,316.61822604492374,324.2821044921875,26773900
MSFT,2023-06-02,325.9104672337744,329.0793797798021,324.25287030723234,327.0317687988281,25873800
MSFT,2023-06-05,326.8562209549611,330.11288397336966,326.31019540433937,327.5582580566406,21307100
MSFT,2023-06-06,326.96353250247705,327.0025428376745,323.88240041372416,325.3547058105469,20396200
MSFT,2023-06-07,323.37536016910263,326.14449888626166,314.45365769277373,315.31170654296875,40717100
MSFT,2023-06-08,315.85770223750364,318.4903491637824,315.28242630303987,317.144775390625,23277700
MSFT,2023-06-09,316.8814888323344,321.75673881470783,316.3159729270914,318.6365966796875,22529000
MSFT,2023-06-12,320.3819407440362,323.8141360540533,317.0472861489783,323.57037353515625,24260300
MSFT,2023-06-13,326.1249342097831,328.57231892797256,322.1467437962909,325.9494323730469,22951300
MSFT,2023-06-14,325.9982505458626,330.58099797009817,324.50642506625707,328.92340087890625,26003800
MSFT,2023-06-15,329.0599201554074,341.11152517053205,328.78690731624766,339.4149475097656,38899100
MSFT,2023-06-16,342.5545998111812,342.70085137133475,333.41838536086453,333.78887939453125,46552000
MSFT,2023-06-20,330.8441729587754,333.54505041870027,327.48023896465304,329.6156005859375,26375400
MSFT,2023-06-21,327.97752820350655,329.3036115330344,323.78482556024073,325.2376403808594,25117800
MSFT,2023-06-22,325.7836965611128,331.63399647710884,325.0231587622799,331.2342224121094,23556800
MSFT,2023-06-23,326.0176878258627,329.52787360599757,325.13041855453594,326.6612243652344,23146900
MSFT,2023-06-26,325.39367934124914,327.7240333118318,320.29415725203825,320.40142822265625,21520600
MSFT,2023-06-27,323.58012686208883,327.76310031619386,321.0840008711868,326.2225341796875,24354100
MSFT,2023-06-28,326.31026905867196,329.5474425224492,325.48147052492266,327.4705810546875,20259500
MSFT,2023-06-29,326.35900777987905,327.7240719566855,324.3211566594738,326.6905212402344,16997000
MSFT,2023-06-30,329.3231809112348,334.17894126353815,328.7869152430103,332.0435791015625,26832800
MSFT,2023-07-03,330.72726202126387,332.39458944231734,328.1726353949494,329.55718994140625,12508700
MSFT,2023-07-05,326.72948429799266,333.1258095919121,326.37848059881856,329.713134765625,18172400
MSFT,2023-07-06,328.8842999586327,334.43233594271175,327.12922214467216,332.7552490234375,28161200
MSFT,2023-07-07,330.8539462339244,333.2623207283037,328.5918232764179,328.80633544921875,21214800
MSFT,2023-07-10,326.25178071727987,326.8660670625544,319.4166697574399,323.5508728027344,32791400
MSFT,2023-07-11,322.80007207810127,324.55515029230673,318.84137119543414,324.1748962402344,26698200
MSFT,2023-07-12,328.201859758283,333.12585071299276,327.2950703339859,328.7868957519531,29995300
MSFT,2023-07-13,331.0879956045949,335.16369770913235,330.56146024108614,334.11065673828125,20567200
MSFT,2023-07-14,338.91759393807007,342.66178201390807,335.71943143019837,336.626220703125,28352700
MSFT,2023-07-17,337.0552945851425,338.33260777182664,333.66213945063294,337.10406494140625,20363900
MSFT,2023-07-18,337.20150526147,357.62881326178683,333.63284869185065,350.52069091796875,64738600
MSFT,2023-07-19,352.72433009882633,353.4166072525743,343.64661716979606,346.2207336425781,39732900
MSFT,2023-07-20,344.74842283159865,349.03863672095343,336.7530012262202,338.215576171875,33778400
MSFT,2023-07-21,340.43870595783125,341.56000752112044,331.35123269865875,335.19293212890625,69405400
MSFT,2023-07-24,337.2210689969038,338.2643797019485,333.7693834548789,336.49951171875,26678100
MSFT,2023-07-25,338.4496449197473,343.11041322520174,336.460564028573,342.2231140136719,41637700
MSFT,2023-07-26,332.92103651777114,336.0704583718103,324.7988542780453,329.34259033203125,58383700
MSFT,2023-07-27,331.98497103853526,332.8137395746484,320.8401290613962,322.4684753417969,39635300
MSFT,2023-07-28,325.34498615387326,331.5268003348271,324.8574610945914,329.9277038574219,28484900
MSFT,2023-07-31,328.51386838696095,329.2744062182313,325.0426629130829,327.538818359375,25446000
MSFT,2023-08-01,326.8270321220212,330.093455775555,325.374217054016,327.9483337402344,18311900
MSFT,2023-08-02,325.3059183538415,325.3059183538415,318.2172862001048,319.328857421875,27761300
MSFT,2023-08-03,317.86632056535905,321.6495195711113,317.81757996467144,318.5098571777344,18253700
MSFT,2023-08-04,323.5996092744747,326.7782818997198,319.0753628445266,319.6018981933594,23741500
MSFT,2023-08-07,320.17711054796575,322.84873758215554,319.3483122344212,321.8736877441406,17741500
MSFT,2023-08-08,318.802307526203,320.54765518196075,314.94111824721926,317.9150085449219,22327600
MSFT,2023-08-09,318.3245710835293,318.94858760325343,313.03978705069517,314.19036865234375,22373300
MSFT,2023-08-10,317.88582607311884,320.06995855318496,313.16658711260004,314.8729248046875,20113700
MSFT,2023-08-11,312.2695059957332,314.36585743355505,311.2456856962181,313.00079345703125,24355500
MSFT,2023-08-14,313.37138426545255,315.9747515213893,312.0940411840079,315.95526123046875,18836100
MSFT,2023-08-15,314.9411611661193,316.9790121676308,312.89355014228914,313.82958984375,16966300
MSFT,2023-08-16,313.45831419457073,316.9954936708588,312.48119971164607,313.0674743652344,20698900
MSFT,2023-08-17,313.20426358487214,314.50381263909213,308.9733414603899,309.6280212402344,21257200
MSFT,2023-08-18,307.29267431715726,311.0936633520083,304.4199558180871,309.2371520996094,24755000
MSFT,2023-08-21,310.65393646381676,315.3831660095472,309.784320258957,314.5135498046875,24040000
MSFT,2023-08-22,318.0507277854862,318.61744100027846,314.1031773769701,315.0802917480469,16084600
MSFT,2023-08-23,316.40920172771865,321.66608212966844,316.05742502712076,319.51641845703125,21166400
MSFT,2023-08-24,325.23254709942444,325.35957674760573,312.6375276630827,312.6473083496094,23281400
MSFT,2023-08-25,314.11298756039173,317.9139473148537,311.5040788241883,315.58843994140625,21684100
MSFT,2023-08-28,318.20709765634393,318.68587419815776,314.3572643100924,316.2919616699219,14808500
MSFT,2023-08-29,314.51363868595456,321.45115801127633,314.51363868595456,320.8941955566406,19284600
MSFT,2023-08-30,321.14822344769897,322.262118428765,318.97902814860515,321.2654724121094,15222100
MSFT,2023-08-31,321.66608035944125,323.3369376753796,319.30145033255354,320.259033203125,26411000
MSFT,2023-09-01,323.7277749745022,324.3922056211829,319.3014478601216,321.138427734375,14942000
MSFT,2023-09-05,321.47061510740485,327.1867399112931,321.13839981294905,325.9164733886719,18553900
MSFT,2023-09-06,325.7504285755841,326.8056990885685,322.6236503266788,325.2618713378906,17535800
MSFT,2023-09-07,323.7082861250948,325.4572996917217,321.4999977101508,322.35986328125,18381000
MSFT,2023-09-08,322.53563425389456,328.46672481696214,321.92004751477697,326.6199645996094,19530100
MSFT,2023-09-11,329.52203220068384,330.6750497904705,327.75345762157895,330.2060241699219,16583300
MSFT,2023-09-12,328.1345774558951,329.08237965274225,323.8939043767627,324.17724609375,17565500
MSFT,2023-09-13,323.7277558674077,329.1409777651763,323.59097536312447,328.3690490722656,16544400
MSFT,2023-09-14,331.38838359380287,333.059241074138,328.86744125187914,330.9486999511719,20267000
MSFT,2023-09-15,329.20939816193993,329.6783939916595,322.1057573596053,322.6627197265625,37679800
MSFT,2023-09-18,320.29809265490445,322.8385960925468,318.89104551464607,321.5292663574219,16834200
MSFT,2023-09-19,318.7054070395551,321.8517165023023,317.0833936077872,321.1286315917969,16505900
MSFT,2023-09-20,321.96892330963425,322.04707932853614,313.1748951347457,313.4289245605469,21436500
MSFT,2023-09-21,311.95356654433346,317.9041899225686,307.79104947595397,312.2173767089844,35560400
MSFT,2023-09-22,313.96639594173394,314.0934255806642,308.9147015377864,309.7550354003906,21447900
MSFT,2023-09-25,309.34464808220946,310.39994834578414,307.7910397456029,310.2729187011719,17836000
MSFT,2023-09-26,307.918083681108,308.650919524038,302.92501329864484,304.99652099609375,26297600
MSFT,2023-09-27,305.1528159801847,307.1070447852302,302.6025617027996,305.6316223144531,19410100
MSFT,2023-09-28,303.87284184688065,308.2601064170978,302.3681069221391,306.46221923828125,19683600
MSFT,2023-09-29,310.4781242122937,312.1587623008752,307.7715278533527,308.5238952636719,24147300
MSFT,2023-10-02,309.0417636602757,314.5233913479347,307.96693177846345,314.4354248046875,20570000
MSFT,2023-10-03,313.48759919542874,314.03481069195016,304.0877634575696,306.2178955078125,21033500
MSFT,2023-10-04,306.84323355961436,312.71570064039577,306.8139213204077,311.660400390625,20720100
MSFT,2023-10-05,311.78742886180316,312.65707498694155,307.6933171593875,312.0512390136719,16965600
MSFT,2023-10-06,309.3055602997531,321.65630098463043,309.06128169271835,319.7704772949219,25673600
MSFT,2023-10-09,317.3178438029665,322.74081581096533,315.78376731682033,322.2718200683594,19891200
MSFT,2023-10-10,323.38576454759857,323.52257487302114,320.1710797301385,320.8746032714844,20557100
MSFT,2023-10-11,323.63001764409694,325.2031871666955,321.6074137138443,324.8123474121094,20063200
MSFT,2023-10-12,323.00465243306866,325.9946195382519,321.19698517583004,323.5811462402344,19313100
MSFT,2023-10-13,324.7732817040409,326.190079660526,318.8910340646987,320.2297058105469,21072400
MSFT,2023-10-16,323.47370563502346,328.4472441018182,323.03402205271703,325.02734375,22158000
MSFT,2023-10-17,322.04718865285014,325.82861728065586,319.9170860395432,324.4606628417969,18338500
MSFT,2023-10-18,324.8807125035586,327.9097726895979,320.78660134672003,322.55517578125,23153600
MSFT,2023-10-19,324.5485406563444,329.1703024841639,323.33692834747904,323.737548828125,25052100
MSFT,2023-10-20,324.1283854502297,324.32382025517603,318.0018889823848,319.1939697265625,25027700
MSFT,2023-10-23,318.0214589074995,325.11531975085603,316.9661883632888,321.7833557128906,24374700
MSFT,2023-10-24,323.71800459686386,324.24565474799095,320.1026990318568,322.96563720703125,31153600
MSFT,2023-10-25,337.12395842234577,338.2769759362375,329.8933187083518,332.87353515625,55053800
MSFT,2023-10-26,332.74660165744723,333.81165295289384,319.45783763585234,320.3861083984375,37828500
MSFT,2023-10-27,322.8679522434815,329.0140110865285,320.88441090808146,322.26214599609375,29856500
MSFT,2023-10-30,325.7797742554051,331.6815546418734,324.235916527097,329.59051513671875,22828100
MSFT,2023-10-31,331.0952162716641,331.241777466002,327.0304168400943,330.37213134765625,20265300
MSFT,2023-11-01,332.01371654234873,339.46910432501784,331.8769062105877,338.1499938964844,28158800
MSFT,2023-11-02,339.29318001958046,340.8467882699962,336.87970636333785,340.3484802246094,24348100
MSFT,2023-11-03,341.62851616542054,346.27959030223104,339.38113512943426,344.7259521484375,23637700
MSFT,2023-11-06,345.361075900052,349.3574699781312,345.26335850207806,348.3705749511719,23828300
MSFT,2023-11-07,351.17487827159056,354.164845685057,349.44539667177366,352.2790222167969,25833900
MSFT,2023-11-08,353.40276735497133,355.54265050853274,352.2986231921823,354.88800048828125,26767800
MSFT,2023-11-09,354.0085034994957,356.44153841470893,352.1128993476677,352.43536376953125,24847300
MSFT,2023-11-10,353.2171111454846,361.63008249841977,352.8067397541227,361.2099304199219,28042100
MSFT,2023-11-13,359.79306407971893,360.03734267871334,357.52615152445077,358.2882995605469,19986500
MSFT,2023-11-14,362.5191663628601,363.43765614067746,358.9429246401338,361.79608154296875,27683900
MSFT,2023-11-15,363.51938712911283,365.3307238214912,359.4365366374243,361.94305419921875,26860100
MSFT,2023-11-16,363.2060092906745,368.48335928952025,362.44231441681825,368.30712890625,27182300
MSFT,2023-11-17,365.80068027610133,366.544804095545,359.3288587696676,362.1192932128906,40157000
MSFT,2023-11-20,363.4606399313925,370.95073116555085,363.24523724780994,369.5506286621094,52465100
MSFT,2023-11-21,367.8176325584251,368.3561243217149,363.3627202596963,365.27197265625,28423100
MSFT,2023-11-22,370.0988850281661,371.85147806167527,367.1322205576516,369.9520263671875,23345300
MSFT,2023-11-24,369.44291677497637,370.0695536363756,367.29872033158176,369.54083251953125,10176600
MSFT,2023-11-27,368.9043706026068,372.68370265137486,368.33650717542696,370.69610595703125,22179200
MSFT,2023-11-28,370.4415726583984,374.994370396148,370.25554172918464,374.7006530761719,20453100
MSFT,2023-11-29,375.7385563254902,376.2672475889846,369.55065146948715,370.9311828613281,28963400
MSFT,2023-11-30,370.5786340328009,372.1451961390215,367.6217700935787,370.9898681640625,30554400
MSFT,2023-12-01,368.8847624612835,370.25549290656926,363.5486694410809,366.6817932128906,33040500
MSFT,2023-12-04,361.3849305128498,361.79613477265366,355.3145134346435,361.4241027832031,32063300
MSFT,2023-12-05,358.7903292029664,365.28172122334854,357.9776614584204,364.7334289550781,23065000
MSFT,2023-12-06,365.73212951183393,366.35873644463544,360.3372921206186,361.0911865234375,21182100
MSFT,2023-12-07,360.5331119373255,363.68580733396766,358.6630319776083,363.1962585449219,23118900
MSFT,2023-12-08,361.48291520154305,366.6329492470928,360.5331891522053,366.40777587890625,20154400
MSFT,2023-12-11,360.7778775179064,363.8326571061726,358.44762055822775,363.5389099121094,27708800
MSFT,2023-12-12,363.09838231575895,366.5937682209635,362.7165198765075,366.5545959472656,24838300
MSFT,2023-12-13,368.16027437565873,369.7464376106383,363.0200118977458,366.5447692871094,30955500
MSFT,2023-12-14,365.50690312981,365.94750897813526,356.5187948133364,358.2811584472656,43277500
MSFT,2023-12-15,359.1819317961551,364.6159110894826,358.6238390376856,362.9808349609375,78502300
MSFT,2023-12-18,361.7275930990288,365.20337736605416,360.9736688806633,364.8606872558594,21802900
MSFT,2023-12-19,363.7250161772289,365.4580383300781,362.1095108541582,365.4580383300781,20603700
MSFT,2023-12-20,367.1616214647713,368.1700908565403,362.78505374172363,362.8731689453125,26316700
MSFT,2023-12-21,364.7726511936181,366.58398798641923,362.3053356484184,365.732177734375,17708000
MSFT,2023-12-22,365.8691843460341,367.33783074743565,364.9194584779402,366.7503662109375,17107500
MSFT,2023-12-26,367.1616249726416,369.0610768362086,365.69297847275107,366.8287353515625,12673100
MSFT,2023-12-27,365.8789757378514,367.2203346368523,365.0173650898164,366.25103759765625,14905400
MSFT,2023-12-28,367.5238451750327,368.59105792655595,366.3391454974242,367.43572998046875,14327000
MSFT,2023-12-29,368.14072884940924,369.2764857473798,365.6734134446601,368.1799011230469,18730800
MSFT,2024-01-02,366.0454121665628,368.0427796247224,359.1036138103624,363.117919921875,25258600
MSFT,2024-01-03,361.2968150611858,365.45797986261033,360.8072662610182,362.85357666015625,23083500
MSFT,2024-01-04,362.9221232500447,365.30132326469203,359.49528162444665,360.2491760253906,20901500
MSFT,2024-01-05,361.25764113124956,364.2830491168241,358.8392688743441,360.0631408691406,21004600
MSFT,2024-01-08,361.58074269539895,367.35744261436474,361.2968258961624,366.85809326171875,23134000
MSFT,2024-01-09,364.23407123187167,368.13086016631314,363.43120410921466,367.93505859375,20830000
MSFT,2024-01-10,368.50297659226095,376.1399561660862,368.45403366179033,374.7691955566406,25514200
MSFT,2024-01-11,377.9316910243427,382.5138608324762,372.4291670394017,376.59033203125,27850800
MSFT,2024-01-12,377.43228480386114,380.55560821170843,376.6098464914054,380.3500061035156,21661200
MSFT,2024-01-16,385.43155133047776,385.79381264906647,379.5177936668549,382.1123962402344,27202300
MSFT,2024-01-17,379.87031666196907,381.9557695556543,376.7665639671979,381.32916259765625,22234100
MSFT,2024-01-18,383.5321225973024,385.75466344784127,381.96556042243856,385.6371765136719,23392100
MSFT,2024-01-19,387.48767542805655,390.33685302734375,385.2749052923237,390.33685302734375,29331100
MSFT,2024-01-22,391.6585969965062,392.24606151114637,385.3630068278654,388.22198486328125,27016900
MSFT,2024-01-23,387.47789064929606,391.03201985975426,385.6959257751216,390.5620422363281,20525900
MSFT,2024-01-24,393.1468390669837,397.1513444657461,392.07962632176026,394.1455078125,24867000
MSFT,2024-01-25,395.8687653294727,398.5025403738,394.1161721859946,396.4072570800781,21021200
MSFT,2024-01-26,395.9177438676681,397.6801377075614,394.01829188316384,395.4869384765625,17803300
MSFT,2024-01-29,397.57238286313674,401.41045873539736,395.8785331996652,401.1558837890625,24510200
MSFT,2024-01-30,403.64277019124665,404.41623575131524,397.9542157503529,400.0494689941406,33477600
MSFT,2024-01-31,398.45350088279935,406.6387713281437,388.90730048182917,389.2695617675781,47871100
MSFT,2024-02-01,393.4308353282243,399.4718815865362,393.4014635909424,395.340087890625,30657700
MSFT,2024-02-02,395.3694549344779,404.0246753472104,395.124680500137,402.62457275390625,28256700
MSFT,2024-02-05,401.3320936868834,402.5657662041655,395.5456233801517,397.1709289550781,25352300
MSFT,2024-02-06,397.39614463854895,399.4424550677267,394.4882235276778,397.0142822265625,18382600
MSFT,2024-02-07,398.9235343367266,405.64012962816963,398.88436206584436,405.3953552246094,22340500
MSFT,2024-02-08,405.39529706929125,406.87374381620714,403.9070796658224,405.45404052734375,21225300
MSFT,2024-02-09,406.5702855474464,412.0238664464446,406.41362634312986,411.7594909667969,22032800
MSFT,2024-02-12,411.7693143498308,411.9455447595813,406.0807592685953,406.5801086425781,21202900
MSFT,2024-02-13,396.4757753769111,401.49855072964925,394.9581860838381,397.8269348144531,27824900
MSFT,2024-02-14,400.2791853329973,402.0153819358465,396.84600689910087,401.67205810546875,20401200
MSFT,2024-02-15,400.34791702088137,401.3190066322356,396.57141418180584,398.7980651855469,21825500
MSFT,2024-02-16,400.17133095818804,400.49504745207923,395.73763633762957,396.3457946777344,22296500
MSFT,2024-02-20,395.5414579178433,396.7675933071184,390.4113266074818,395.1000671386719,24307900
MSFT,2024-02-21,392.53001248162076,394.60953289016544,389.6363215762775,394.5016174316406,18518900
MSFT,2024-02-22,402.3587758261095,404.9483581581281,400.7697091781749,403.7908935546875,27009900
MSFT,2024-02-23,407.7340858290021,407.92043082910567,401.1619895410124,402.5058288574219,16295900
MSFT,2024-02-26,403.6045125913183,404.2911603614398,399.58278265548927,399.7593688964844,16193500
MSFT,2024-02-27,400.20071277924296,400.52442923735737,396.13976854109416,399.7004699707031,14835800
MSFT,2024-02-28,400.38709194736896,401.48570431449235,397.5817089338175,399.9358825683594,13183100
MSFT,2024-02-29,400.8383181687279,406.2921650523384,398.1702468207432,405.74285888671875,31947300
MSFT,2024-03-01,403.4180696743678,407.93025299029875,403.0355310756915,407.56732177734375,17823400
MSFT,2024-03-04,405.54671909934444,409.3820740419509,404.4481066223211,406.99847412109375,17596000
MSFT,2024-03-05,406.056777618859,406.3412493979287,392.99110225962716,394.96270751953125,26919200
MSFT,2024-03-06,395.27656457076307,397.4247558475786,390.7840183450358,394.4133605957031,22344100
MSFT,2024-03-07,398.3664344564578,401.9565620702222,394.56050584072034,401.32879638671875,18718500
MSFT,2024-03-08,400.1712786506048,402.58433424165736,396.61057729290076,398.4645080566406,18002200
MSFT,2024-03-11,396.05149669102667,397.9348236347475,393.5992262388283,396.7969665527344,16120800
MSFT,2024-03-12,399.8378019777306,407.63603426425436,399.02366133031137,407.3515625,22457000
MSFT,2024-03-13,410.1177737824093,410.19623327648054,403.59473945406836,407.175048828125,17115900
MSFT,2024-03-14,412.2167823058226,419.6520819612788,410.00973923105283,417.1017150878906,34157300
MSFT,2024-03-15,411.28501994441507,414.53182378938754,404.9091164524236,408.4698181152344,45079900
MSFT,2024-03-18,406.34123515822085,412.69753127897746,405.8802070917239,409.3526306152344,20106000
MSFT,2024-03-19,409.8528340561438,413.61954764814055,407.61636469929994,413.364501953125,19837900
MSFT,2024-03-20,413.9433493922069,417.82773831751393,412.6289357138189,417.1116943359375,17860100
MSFT,2024-03-21,421.62378632435974,422.5949058623587,419.0047780206844,421.1725769042969,21296200
MSFT,2024-03-22,421.4962894258474,421.65320840400005,417.93558766825475,420.5545959472656,17648500
MSFT,2024-03-25,417.12140106535213,419.2499850699005,413.5606994442316,414.7868347167969,18060500
MSFT,2024-03-26,417.48433323864253,417.8570831519167,413.30568457627095,413.5999450683594,16725600
MSFT,2024-03-27,416.3367294110972,416.3465480734724,411.0104044220357,413.3841857910156,16705000
MSFT,2024-03-28,412.92309148516256,413.815721504757,411.11822405931304,412.68768310546875,21871200
MSFT,2024-04-01,415.85607505767865,419.7208560550212,414.15909296576694,416.4642333984375,16316000
MSFT,2024-04-02,412.08932675524255,414.31600751259526,409.8626759328322,413.3939514160156,17912000
MSFT,2024-04-03,411.71659648353796,415.17920112214335,411.0888008867087,412.4228515625,16502300
MSFT,2024-04-04,416.8761593197056,420.48592418548293,409.5978373618215,409.90191650390625,19370900
MSFT,2024-04-05,411.9912731648726,418.36717662742586,410.33353586981326,417.39605712890625,16554800
MSFT,2024-04-08,417.0527692258899,419.12247124179834,415.21844567326013,416.48382568359375,14272400
MSFT,2024-04-09,418.2984283713049,419.5735968535943,413.5704444183081,418.1414794921875,12496900
MSFT,2024-04-10,414.1296507389469,415.93451830181,411.68719880938414,415.1792297363281,16216600
MSFT,2024-04-11,417.6902776086561,421.1724892503074,414.29631416534033,419.7599792480469,17966400
MSFT,2024-04-12,415.9541310748391,417.06256218596104,411.75584496590756,413.8451843261719,19253800
MSFT,2024-04-15,418.45542004596757,418.6712210349568,405.53684662340567,405.74285888671875,20273500
MSFT,2024-04-16,406.65512826574127,410.4119935798852,405.8311689524943,406.6649169921875,16765600
MSFT,2024-04-17,409.2839508985917,410.8828360715611,402.4960529094379,403.97723388671875,15855500
MSFT,2024-04-18,402.7903496970384,404.02630364117994,396.23788993068626,396.5517578125,21029900
MSFT,2024-04-19,396.31635459832717,397.738683518828,390.1758594431205,391.5000915527344,30565800
MSFT,2024-04-22,392.441727661041,395.1588624515417,388.1944084543801,393.304931640625,20286900
MSFT,2024-04-23,396.5223162949651,400.4067342721825,395.3648518176367,399.78875732421875,15734500
MSFT,2024-04-24,401.7407287200192,404.59517495198185,399.01380533371923,401.2502746582031,15065300
MSFT,2024-04-25,386.507271018032,392.25540884693,380.6218216022703,391.421630859375,40586500
MSFT,2024-04-26,404.3009099992489,405.1150505614492,398.0132854043954,398.5625915527344,29694700
MSFT,2024-04-29,397.5130062731547,398.56258512123486,391.5687056006696,394.5702819824219,19582100
MSFT,2024-04-30,393.82481984555585,394.4820415046003,381.74005368851095,381.89697265625,28781400
MSFT,2024-05-01,385.11436938308555,394.05045900742965,382.85829240714,387.39990234375,23562500
MSFT,2024-05-02,390.067981051651,392.2946320183516,387.1154376190438,390.2445373535156,17709400
MSFT,2024-05-03,394.5997356096934,399.37675358596374,394.18774100881984,398.8961181640625,17446700
MSFT,2024-05-06,400.95609583749865,406.02737510572115,398.61171057588416,405.64483642578125,16996600
MSFT,2024-05-07,406.743340415855,406.7531590756513,401.27967532834964,401.52490234375,20018200
MSFT,2024-05-08,400.37727892161104,404.3597634781988,398.9451315189421,402.7020263671875,11792300
MSFT,2024-05-09,402.7315305808264,404.84047745279514,401.28959417288524,404.4481201171875,14689700
MSFT,2024-05-10,405.05627644521434,407.4496950958414,403.9380266126503,406.8218994140625,13402300
MSFT,2024-05-13,410.029454744504,410.3629599472109,402.9767222457907,405.82135009765625,15440200
MSFT,2024-05-14,404.1537549120692,409.51932355356394,403.6927268958918,408.6070861816406,15109300
MSFT,2024-05-15,410.6608977071615,416.46852499785643,410.0418061194269,415.75115966796875,22239500
MSFT,2024-05-16,414.493323488297,418.0506409370668,413.06845922359344,413.6973571777344,17530100
MSFT,2024-05-17,415.2205942827064,415.59401656244523,410.78870878728935,412.9309387207031,15352200
MSFT,2024-05-20,412.9309055053418,419.37726753163014,412.7147152549324,417.9720458984375,16272100
MSFT,2024-05-21,419.43623228216074,425.46988664412265,417.49054998726376,421.60797119140625,21453300
MSFT,2024-05-22,422.6397422694005,424.91956115828395,419.7310254046841,423.0622863769531,18073700
MSFT,2024-05-23,425.4698880093599,426.0889796466093,418.0506847119264,419.6033020019531,17211700
MSFT,2024-05-24,419.78997344657733,423.5929302999633,417.0581313925194,422.7085266113281,11855300
MSFT,2024-05-28,422.1877338257991,423.35712243524114,419.2102222377172,422.86578369140625,15718000
MSFT,2024-05-29,418.3159892619867,423.4750461602697,418.3159892619867,421.7357177734375,15517100
MSFT,2024-05-30,416.95003623481153,416.95003623481153,407.0643033400361,407.48687744140625,28394500
MSFT,2024-05-31,409.5308671519035,409.5308671519035,397.50290358954135,407.9389343261719,47995300
MSFT,2024-06-03,408.3319723384426,409.21637607324783,401.83648858598,406.3567810058594,17484700
MSFT,2024-06-04,405.2856495851976,409.226195718034,402.58328662384173,408.86260986328125,14348900
MSFT,2024-06-05,410.57245747625547,416.7338342090642,409.08860495020656,416.6650695800781,16988000
MSFT,2024-06-06,416.6651450920817,417.94261399588106,413.29453808136446,417.1662902832031,14861300
MSFT,2024-06-07,418.8171103351825,418.8957113302609,415.67253073124033,416.5078125,13621700
MSFT,2024-06-10,417.3431202309482,420.66454478320344,416.5471539046789,420.45819091796875,13982900
MSFT,2024-06-11,418.1096457911631,425.3224952545953,417.88361916349896,425.1849060058594,14551100
MSFT,2024-06-12,427.7792095971262,435.7192312163597,425.74505981738713,433.4197692871094,22366200
MSFT,2024-06-13,433.21338970261115,435.7093989946261,431.75901618030764,433.93072509765625,15960600
MSFT,2024-06-14,430.68790003484014,435.4637283515464,429.15492551069684,434.9035949707031,13582000
MSFT,2024-06-17,434.9232138540311,443.1285766509554,433.08561180023855,440.60308837890625,20790000
MSFT,2024-06-18,441.9198947788086,442.34246889984814,437.18341197055486,438.6082763671875,17112500
MSFT,2024-06-20,438.5689526211533,438.79497924029823,433.6260860366594,437.9793701171875,19877400
MSFT,2024-06-21,439.63031872191465,442.77486911461057,438.77539399018497,441.9887390136719,34187100
MSFT,2024-06-24,442.00833058442447,444.9072412251996,438.677069430459,439.9152526855469,15913700
MSFT,2024-06-25,440.48515617122325,443.6002568065394,439.01114003233465,443.1383972167969,16413400
MSFT,2024-06-26,441.22215886891127,445.7424809709231,440.42619256271684,444.3274230957031,16507000
MSFT,2024-06-27,444.3470860716105,448.267989524247,443.9441847148766,445.0054931640625,14806300
MSFT,2024-06-28,445.22168389223947,447.49166642517747,438.6770484115445,439.20770263671875,28362300
MSFT,2024-07-01,440.88808384173325,449.447196335744,437.94005138791704,448.81829833984375,17662800
MSFT,2024-07-02,445.3494309967801,451.6287242891569,445.2609636362825,451.3240966796875,13979800
MSFT,2024-07-03,450.25300481306164,453.03396893483153,449.94837718806366,452.7882995605469,9932800
MSFT,2024-07-05,451.6483951731934,460.2370169877969,451.01949716215944,459.460693359375,16000300
MSFT,2024-07-08,458.4682018620652,459.59830504287737,456.41440936822374,458.16357421875,12962300
MSFT,2024-07-09,458.91038601076474,459.23465638604694,450.06628863582495,451.5796203613281,17207200
MSFT,2024-07-10,453.2305038870679,458.37972423311413,450.91136946375343,458.1733703613281,18196100
MSFT,2024-07-11,454.96011724981236,456.72892505555905,443.72808871981084,446.82354736328125,23111200
MSFT,2024-07-12,446.45987718044813,448.4547114032981,442.8436310012122,445.6933898925781,16324300
MSFT,2024-07-15,445.44771219074863,449.3391368001631,443.61011000854984,446.0962829589844,14429400
MSFT,2024-07-16,446.3517811207802,446.43038212668165,438.92274152217504,441.7331848144531,17175700
MSFT,2024-07-17,434.92324477920374,437.14410559537976,431.5723108003405,435.8371276855469,21778000
MSFT,2024-07-18,436.6429610062861,436.94758866304596,426.87514326717604,432.7417297363281,20794800
MSFT,2024-07-19,425.5976305961669,433.49836608097274,424.51667935003445,429.53814697265625,20940400
MSFT,2024-07-22,434.13713868906143,436.8984603038917,431.30702244593317,435.2672119140625,15808800
MSFT,2024-07-23,436.21054835742433,440.62279084734524,435.4244183311835,437.14410400390625,13107100
MSFT,2024-07-24,432.82027904039575,433.8324355773718,420.183031900693,421.4703369140625,26805800
MSFT,2024-07-25,421.3721232816147,422.35480083589914,410.2777152857788,411.15228271484375,29943800
MSFT,2024-07-26,410.95572197330205,421.49002544679837,410.04180915234855,417.9032287597656,23583800
MSFT,2024-07-29,424.10394408211863,424.66407745687695,417.34314804369717,419.3379821777344,15125800
MSFT,2024-07-30,420.3108034246303,421.6177512482942,410.13024936818454,415.5939636230469,32687600
MSFT,2024-07-31,413.2159000993034,414.4737261342931,405.06949500365346,411.1031494140625,42891400
MSFT,2024-08-01,413.5008583778063,420.05530026736574,405.9342299111822,409.88458251953125,30296400
MSFT,2024-08-02,405.3445889736249,407.8111188309651,397.33577420400843,401.41387939453125,29437900
MSFT,2024-08-05,382.4286307082766,394.09300828762184,378.90079195613237,388.3050231933594,40709200
MSFT,2024-08-06,393.07100276300895,398.6427974223072,391.59698650264767,392.687744140625,24946500
MSFT,2024-08-07,401.5613573427881,402.97638538590667,390.58483621712907,391.5281982421875,20650900
MSFT,2024-08-08,395.46871662305415,398.8294567188382,393.0120229903142,395.7143859863281,20203000
MSFT,2024-08-09,397.0312061411671,400.9815590644515,395.2918776876415,398.9867248535156,19276700
MSFT,2024-08-12,400.008700380632,401.6792641246606,397.23754263585204,399.7630310058594,16762900
MSFT,2024-08-13,402.49487016333154,407.7620371122612,402.475227409518,406.83831787109375,19414300
MSFT,2024-08-14,407.6146635587636,410.4840953956977,405.3053951498375,409.63897705078125,18267000
MSFT,2024-08-15,413.27153919674845,414.56116454959863,411.16483466760724,414.482421875,20752100
MSFT,2024-08-16,414.0590689533352,414.787551271532,410.81037069045954,411.9621887207031,22775600
MSFT,2024-08-19,412.4446299731582,415.19125033166955,409.9835081573214,414.97467041015625,15234000
MSFT,2024-08-20,415.14205004692775,419.2373304106215,415.08298552534507,418.1938171386719,16387600
MSFT,2024-08-21,417.48500333716095,419.76893159636126,415.1617187597954,417.5440979003906,16067300
MSFT,2024-08-22,417.7606059891525,420.1528389914807,408.1622318516386,409.0876159667969,19361900
MSFT,2024-08-23,410.4954277824997,412.73996960606866,405.6814592418378,410.3083801269531,18493800
MSFT,2024-08-26,409.89487877847426,410.7907306533513,404.94310328054127,407.0596618652344,13152800
MSFT,2024-08-27,406.43952621400086,407.91619944694173,403.87012920932085,407.404296875,13492900
MSFT,2024-08-28,408.4280692350888,408.5461982686738,400.97578558888256,404.2146301269531,14882700
MSFT,2024-08-29,408.48716903331825,415.4865852646763,404.2146650393698,406.6954650878906,17045200
MSFT,2024-08-30,409.1368642535232,410.99745657650817,405.7208262421071,410.6529235839844,24308300
MSFT,2024-09-03,411.4109125689516,413.35027748692255,400.7001071362785,403.0726318359375,20313600
MSFT,2024-09-04,399.59758459335677,404.8446830658677,398.0815251485243,402.54107666015625,15135800
MSFT,2024-09-05,401.28095677141835,406.67574622741506,399.8141378862011,402.03900146484375,14195500
MSFT,2024-09-06,402.6985610672717,404.26383081056673,394.5670056307313,395.4530334472656,19609500
MSFT,2024-09-09,400.90684301767806,402.294919165343,395.8960031892495,399.4104919433594,15295100
MSFT,2024-09-10,401.8519446669211,409.8554868302287,401.3597203496137,407.7586364746094,19594300
MSFT,2024-09-11,409.03846009013733,417.39642045511704,403.2105102076021,416.4612121582031,19266900
MSFT,2024-09-12,416.72697057085117,420.7238298297295,413.2223356546228,420.3595886230469,17395700
MSFT,2024-09-13,419.2078129966604,425.1145057080557,418.8435717530032,423.893798828125,15874600
MSFT,2024-09-16,423.90362815097126,426.7880557127787,421.5606353721957,424.6321105957031,13834700
MSFT,2024-09-17,433.38382833136643,434.9786302945307,425.5475956574911,428.3828125,18874200
MSFT,2024-09-18,428.235163297131,429.249144206207,423.7165475930165,424.1103210449219,18898000
MSFT,2024-09-19,434.36830593406904,434.63409626466625,430.1056262859268,431.8677978515625,21706600
MSFT,2024-09-20,430.42066355244185,432.4092391189892,427.4673174405253,428.5009765625,55167100
MSFT,2024-09-23,427.52641684805,429.6725079875257,423.6969266994437,426.7684020996094,15128900
MSFT,2024-09-24,426.2662748026867,426.61083784634445,419.4735849772464,422.495849609375,17015800
MSFT,2024-09-25,423.14556440453987,426.384408985251,421.9051794925785,425.3901062011719,13396400
MSFT,2024-09-26,428.32378449228514,428.5305103087993,422.45647860828996,424.6025695800781,14492000
MSFT,2024-09-27,424.80927883764434,425.1341637224931,420.8222737453315,421.36370849609375,14896100
MSFT,2024-09-30,421.5507517579481,423.7264049247719,418.7549211722127,423.6082458496094,16807300
MSFT,2024-10-01,421.78703621784,421.81656847562806,412.2969368087723,414.147705078125,19092900
MSFT,2024-10-02,416.0082934736332,416.2445815766932,410.22958475813624,410.64306640625,16582300
MSFT,2024-10-03,411.1353013004486,413.02542591560956,407.84724636027164,410.062255859375,13686400
MSFT,2024-10-04,411.73584330216534,413.22237055628017,408.51670664481577,409.5897521972656,19169700
MSFT,2024-10-07,409.5306419831522,410.6233655735784,402.6395013728588,403.1711120605469,20919800
MSFT,2024-10-08,404.50993429186275,409.19591936395466,401.82240877121177,408.26068115234375,19229300
MSFT,2024-10-09,409.3928325735408,413.8425600403991,407.857094965171,410.96795654296875,14974300
MSFT,2024-10-10,408.77263914925425,410.859665558973,406.7249690560659,409.3731384277344,13848400
MSFT,2024-10-11,409.66854006802475,410.6431347710615,406.82346860139154,409.8457336425781,14144900
MSFT,2024-10-14,411.2731366880873,417.4456494762865,411.0270245046469,412.6218566894531,16653100
MSFT,2024-10-15,415.61453317923247,415.9098858066577,408.80216519233556,412.22802734375,18900200
MSFT,2024-10-16,408.7135954364056,409.88506179410496,404.0965284555642,409.6488037109375,15508900
MSFT,2024-10-17,415.79177751966756,415.92961477123424,409.12707001088165,410.239501953125,14820000
MSFT,2024-10-18,410.6529471112624,413.12389293089865,409.78662744422246,411.6570739746094,17145300
MSFT,2024-10-21,409.6487883889798,412.44461909285747,407.31564977599334,412.2674255371094,14206100
MSFT,2024-10-22,411.9819473916582,423.88392916296095,411.53896348036403,420.8616943359375,25482200
MSFT,2024-10-23,424.15957703194096,424.3761569602065,415.95913210482394,417.9969482421875,19654400
MSFT,2024-10-24,418.71552307399537,419.3554387186423,415.8310957950025,418.1248779296875,13581600
MSFT,2024-10-25,420.1233311665373,425.7937351729216,419.9362835126177,421.49169921875,16899100
MSFT,2024-10-28,424.9470943239702,425.2227387354677,419.6704341057476,419.9559326171875,14882400
MSFT,2024-10-29,421.3440208086144,426.43363353122214,419.17822176857095,425.23260498046875,17644100
MSFT,2024-10-30,430.6372355196224,431.68074872313076,425.3802831426112,425.8035888671875,29749100
MSFT,2024-10-31,408.9005934690843,409.6881704469,399.9814907408766,400.0307312011719,53971000
MSFT,2024-11-01,402.6493843637014,409.0384470027673,401.162857168779,403.98822021484375,24230400
MSFT,2024-11-04,403.42703719981586,404.0374205874987,399.26283871579096,402.1078796386719,19672300
MSFT,2024-11-05,402.0192756499378,408.4477238969609,401.7337771398714,405.06121826171875,17626000
MSFT,2024-11-06,406.0063886343775,413.91151132234825,404.1359118739042,413.64569091796875,26681800
MSFT,2024-11-07,414.7285393416903,420.2119257079772,413.35031719618456,418.8139953613281,19901800
MSFT,2024-11-08,418.7057298172818,419.8673720771894,415.2207729945687,415.9689636230469,16891400
MSFT,2024-11-11,415.9492425000552,418.2036383732599,409.530647967578,411.5093994140625,24503300
MSFT,2024-11-12,411.7456911405818,417.8394313280264,410.7120319666306,416.45135498046875,19401200
MSFT,2024-11-13,415.0829505962656,422.65333320998997,411.70626883397995,418.58758544921875,21502200
MSFT,2024-11-14,418.39068982634956,421.51140536702854,413.4684464166278,420.2513122558594,30246900
MSFT,2024-11-15,413.2912534776132,416.2248913266483,407.2073678244848,408.54620361328125,28247600
MSFT,2024-11-18,408.4182293083614,411.8933320342017,405.6913172118432,409.2944030761719,24727000
MSFT,2024-11-19,406.6855735772408,411.4404774532615,405.149836063281,411.2928161621094,18133500
MSFT,2024-11-20,410.38713903081657,410.8006207181085,404.19494808048387,409.0285949707031,19191700
MSFT,2024-11-21,413.80287334750346,414.07906953202513,404.717960528392,407.2629089355469,20780200
MSFT,2024-11-22,405.7832472742104,411.73135363774225,405.4774597411712,411.3367919921875,24814600
MSFT,2024-11-25,412.69810354496985,415.36141754143,409.2160446876401,413.1025390625,27691100
MSFT,2024-11-26,413.8916059444426,423.21327891734404,413.16166540924917,422.1775207519531,23458900
MSFT,2024-11-27,419.33662612341953,421.427859986681,416.2885945934304,417.24542236328125,18332400
MSFT,2024-11-29,414.384787411828,419.1097432305611,412.1258792913512,417.7090148925781,16271900
MSFT,2024-12-02,415.84474493949193,427.1195090506518,415.58826631722377,425.126953125,20207200
MSFT,2024-12-03,424.00241788094525,426.5967051479557,421.93093157664276,425.3439636230469,18302000
MSFT,2024-12-04,427.1490673141917,433.69890467425466,426.75450568960144,431.4794616699219,26009400
MSFT,2024-12-05,431.9727342727058,438.62119043191433,430.2465005729482,436.60888671875,21697800
MSFT,2024-12-06,436.29321828806303,440.04162946603964,435.7704172944161,437.5459899902344,18821000
MSFT,2024-12-09,436.5891705079944,442.2413336019405,434.51768404131514,439.96270751953125,19144400
MSFT,2024-12-10,438.3548361326827,443.51378920495125,435.6027181772746,437.3092041015625,18469500
MSFT,2024-12-11,438.0194510528632,444.23391032066826,438.0194510528632,442.8923645019531,19200200
MSFT,2024-12-12,443.01071967285327,449.96499320791463,443.01071967285327,443.4546203613281,20834800
MSFT,2024-12-13,442.34983294961415,445.2992167545738,439.5286583553318,441.1957092285156,20177800
MSFT,2024-12-16,441.19569319284585,446.039014950384,439.23272866925197,445.45703125,23598800
MSFT,2024-12-17,444.8849272856994,449.1068002031095,443.4644812477741,448.2880554199219,22733500
MSFT,2024-12-18,445.1906702988088,446.50259444129426,431.08485926973066,431.4498596191406,24444500
MSFT,2024-12-19,435.6224481744677,437.1612597390131,430.39443838506674,431.09478759765625,22963700
MSFT,2024-12-20,427.22806088809443,437.71370316583733,422.80892156271733,430.6706848144531,64263700
MSFT,2024-12-23,430.80871372187636,431.70635881030796,426.9518110200716,429.3389587402344,19152500
MSFT,2024-12-24,428.74709084992185,433.6298778354008,428.2933464556966,433.363525390625,7164500
MSFT,2024-12-26,433.1169230295789,434.9516783695283,430.7002140852734,432.16009521484375,8194200
MSFT,2024-12-27,428.6978084898888,429.3093836032803,420.5598497453618,424.6830749511719,18117700
MSFT,2024-12-30,420.2737923808389,421.7435474622816,416.17028459927946,419.06048583984375,13158700
MSFT,2024-12-31,420.313230174155,420.9346790911402,414.94710727917607,415.77569580078125,13246500
MSFT,2025-01-02,419.7509810335182,420.2836558558519,409.21603069875914,412.8953552246094,16896500
MSFT,2025-01-03,415.3613950253171,418.27134378737713,413.8423310893823,417.6005859375,16662900
MSFT,2025-01-06,422.1874160873605,428.4215926337743,419.7016505493917,422.0394592285156,20573600
MSFT,2025-01-07,423.1738758487943,424.8014616583564,415.085225621156,416.6339111328125,18139100
MSFT,2025-01-08,417.70906128958796,421.171402275518,415.81515330470927,418.79412841796875,15054600
MSFT,2025-01-10,418.86316848876044,418.94206877538755,409.3836648034606,413.26031494140625,20201100
MSFT,2025-01-13,409.6007014640922,412.8164377086338,406.690782868284,411.52423095703125,17604800
MSFT,2025-01-14,412.1357932076061,414.03957499111027,405.14208486737954,410.0248718261719,16935900
MSFT,2025-01-15,413.43790279096226,422.3353935398116,412.5895665870108,420.5203857421875,19637800
MSFT,2025-01-16,422.87788427352234,423.6571336957602,418.6264203199314,418.8138122558594,15300000
MSFT,2025-01-17,428.1947089431654,428.57942688248704,422.3551241092644,423.20343017578125,26197500
MSFT,2025-01-21,424.3575582513444,425.0480336398343,419.82002384260585,422.6806335449219,26085700
MSFT,2025-01-22,431.6175824572203,441.1957044539868,430.0787709144918,440.1402587890625,27803800
MSFT,2025-01-23,435.9973147591307,440.6828062638951,435.50410512705025,440.6433410644531,18389300
MSFT,2025-01-24,439.1143639891968,440.5841189283991,435.40541825453283,438.029296875,15549500
MSFT,2025-01-27,418.2516146753107,429.28964793288844,417.74853125025015,428.6583251953125,35647800
MSFT,2025-01-28,428.6977608632086,442.2906153004339,425.5214900534852,441.12664794921875,23491700
MSFT,2025-01-29,440.6235877197962,440.81100977301065,434.41900262341227,436.3227844238281,23581400
MSFT,2025-01-30,413.0827588425547,417.1172097708342,407.54896156269734,409.3540954589844,54586300
MSFT,2025-01-31,413.2899333042713,414.976701732093,409.27519987674,409.42315673828125,34161900
MSFT,2025-02-03,406.0101743775102,409.7684293585694,403.11009933813943,405.33941650390625,25679100
MSFT,2025-02-04,407.0853452090854,408.29865167160733,404.1753965052981,406.7696838378906,20532100
MSFT,2025-02-05,406.74997908357795,408.2098602907994,404.8264495269334,407.6772155761719,16316700
MSFT,2025-02-06,408.3775613386283,412.5205341470821,408.3775613386283,410.1728515625,16309800
MSFT,2025-02-07,410.8238533335017,412.96436600470287,402.5576561425311,404.18524169921875,22886800
MSFT,2025-02-10,408.0914590052598,409.8176925215145,405.33937124502273,406.6217041015625,20817900
MSFT,2025-02-11,404.07678288840276,406.88805357704496,403.741373863551,405.8523254394531,18140600
MSFT,2025-02-12,401.6797299133385,405.17166210079324,398.87830316572246,403.4848937988281,19121700
MSFT,2025-02-13,401.4726062482461,405.4182829681306,400.8412835235649,404.96453857421875,23891700
MSFT,2025-02-14,402.25191655873215,403.35670130819824,400.3678521686821,402.8832092285156,22758500
MSFT,2025-02-18,402.4590098668831,405.0237056562673,400.9793811541372,404.0767517089844,21423100
MSFT,2025-02-19,402.34067225656025,409.8473079963777,402.11378500109834,409.1370849609375,24114200
MSFT,2025-02-20,410.47144681938056,414.4447923675228,407.75335474991726,411.30169677734375,23508700
MSFT,2025-02-21,412.49761092708707,413.19936436928833,403.15727713591093,403.4735412597656,27524800
MSFT,2025-02-24,403.7700579395831,404.620064859675,394.68668732557927,399.3123779296875,26443700
MSFT,2025-02-25,396.44608593506547,397.25657880262406,392.09714469383994,393.283203125,29387400
MSFT,2025-02-26,393.3919661639477,398.91710270889797,389.6755831630129,395.0920104980469,19619000
MSFT,2025-02-27,396.61410618114576,401.03224256641477,387.6197164134029,387.97552490234375,21127400
MSFT,2025-02-28,388.104042520749,393.016377739764,382.0847072800103,392.3837890625,32845700
MSFT,2025-03-03,394.1925506012372,394.1925506012372,381.6794393165997,383.9823913574219,23007700
MSFT,2025-03-04,378.9514422192701,388.0249203607145,376.5792952112664,384.1009826660156,29342900
MSFT,2025-03-05,384.82253320835395,397.00948665687173,384.29868393839774,396.36700439453125,23433100
MSFT,2025-03-06,389.70521049036057,397.4838909032578,388.12376908504734,392.2849426269531,23304600
MSFT,2025-03-07,387.76795648683793,390.2191619837315,381.0666253730808,388.7464599609375,22034100
MSFT,2025-03-10,381.3631114017718,381.9166113327009,372.8431337183802,375.7490234375,32840100
MSFT,2025-03-11,374.6024872406928,381.5212666884101,372.5367409966354,376.0356750488281,30380200
MSFT,2025-03-12,378.5066728711865,380.7503233781215,374.55308456142495,378.82293701171875,24253600
MSFT,2025-03-13,378.71423026442886,380.8491715851453,373.07049136146827,374.3751525878906,20473000
MSFT,2025-03-14,375.3734493768336,385.7022111357248,375.10659301872727,384.05157470703125,19952800
MSFT,2025-03-17,382.2131473268013,388.1533930243756,381.09625384575537,384.18994140625,22474300
MSFT,2025-03-18,382.57886557924786,382.87537263830677,376.67813379609476,379.0700378417969,19486900
MSFT,2025-03-19,381.0567221702146,385.158563988563,379.54447585576617,383.3201599121094,19185500
MSFT,2025-03-20,381.2642891356356,387.24410971121733,378.8328407062668,382.3515319824219,18470500
MSFT,2025-03-21,378.77352451177876,387.194656647968,378.3583844724842,386.7202453613281,39675900
MSFT,2025-03-24,390.81222312553433,390.81222312553433,385.28708673252123,388.5191345214844,21004500
MSFT,2025-03-25,389.3493790004213,391.7610400507305,388.08423198363494,390.5749816894531,15775000
MSFT,2025-03-26,390.4168262767483,390.7232269425197,384.061440622416,385.4451904296875,16108400
MSFT,2025-03-27,385.60336562359333,387.6888690270636,382.9050306805178,386.0481262207031,13766800
MSFT,2025-03-28,383.5771709738401,384.61500612887534,372.5565482590105,374.40484619140625,21632000
MSFT,2025-03-31,368.2174556076631,372.6948931611048,362.97893300010196,371.0343933105469,35184700
MSFT,2025-04-01,370.30297052308924,378.4078388750376,368.89946352111616,377.7554931640625,19689500
MSFT,2025-04-02,373.5844861787052,380.61197570359644,372.25014394283687,377.70611572265625,16092600
MSFT,2025-04-03,370.4413834397649,373.1001742376296,365.06450042697054,368.7808532714844,30198000
MSFT,2025-04-04,359.9050576420754,370.24368334469244,355.3090169453245,355.6648254394531,49209900
MSFT,2025-04-07,346.808801297969,366.6953473866903,340.78946619633433,353.7077941894531,50425000
MSFT,2025-04-08,363.98715955184485,369.31460473132455,346.1861164728992,350.44610595703125,35868900
MSFT,2025-04-09,349.43791334353114,388.66739600040677,349.00301621371585,385.95916748046875,50199700
MSFT,2025-04-10,377.6269854135807,379.44563241847453,363.5324334212975,376.92523193359375,38024400
MSFT,2025-04-11,376.2234920445777,385.52428234575257,374.4937970946495,383.94287109375,23839200
MSFT,2025-04-14,388.6575350248574,390.07093573374146,379.75206690221165,383.310302734375,19251200
MSFT,2025-04-15,384.0021677861047,387.3429548173336,379.702634359307,381.2544250488281,17199900
MSFT,2025-04-16,376.25315416820064,377.18221973337427,363.730149078798,367.2982482910156,21967800
MSFT,2025-04-17,369.4133653600013,369.97675886881603,362.6329766642394,363.51263427734375,21120200
MSFT,2025-04-21,358.6102367890087,360.25097956592975,351.54320368031085,354.9531555175781,20807300
MSFT,2025-04-22,359.1637542302739,363.5028019496421,355.68457702509073,362.5638427734375,19485000
MSFT,2025-04-23,371.6966268435602,375.9764033603888,368.69189108581185,370.0460205078125,20545500
MSFT,2025-04-24,371.34077108557176,383.9428330432701,370.8366789549492,382.80615234375,22232300
MSFT,2025-04-25,382.50964370251074,387.60977590482884,380.13749690604453,387.3033752441406,18973200
MSFT,2025-04-28,387.41210451108003,388.18305301396595,382.1538550582223,386.62139892578125,16579400
MSFT,2025-04-29,386.75975859738145,390.51568553400665,385.85045019118235,389.4679870605469,14974000
MSFT,2025-04-30,385.77135703314644,392.05757796403765,379.979364791359,390.673828125,36461100
MSFT,2025-05-01,426.10788113002934,431.9196612018972,419.96994327038766,420.4641418457031,58938100
MSFT,2025-05-02,426.7305579775838,434.3412277785372,425.0008630376841,430.2294921875,30757400
MSFT,2025-05-05,427.84743296236513,434.40051033348516,427.0962415401901,431.1091613769531,20136100
MSFT,2025-05-06,427.18524232094876,432.65107712392626,426.1671945058241,428.2823486328125,15104200
MSFT,2025-05-07,428.80620435216304,433.0365428333408,426.1078693467033,428.3218994140625,23295300
MSFT,2025-05-08,432.8487322038109,438.5221520354275,430.60508165893515,433.0859680175781,23491300
MSFT,2025-05-09,434.89471877509555,435.6261229679929,430.8225275981773,433.63946533203125,15324200
MSFT,2025-05-12,440.7657862582039,444.15598092637396,434.6772567640601,444.0472717285156,22821900
MSFT,2025-05-13,442.5844751269483,445.4409573721911,440.19254074927665,443.9287109375,23618800
MSFT,2025-05-14,442.940276452347,448.6334230518337,442.940276452347,447.6845703125,19902800
MSFT,2025-05-15,446.3576953837484,451.7246558325709,446.0210270484144,448.6946105957031,21992300
MSFT,2025-05-16,447.6251542704443,449.91254071320964,444.3376746324017,449.82342529296875,23849800
MSFT,2025-05-19,446.46660651740484,455.0913410046994,446.3873726676465,454.3783874511719,21336500
MSFT,2025-05-20,451.13050930908776,453.8535912700005,449.87295142774695,453.6852722167969,15441800
MSFT,2025-05-21,450.12052955644793,453.2991005803846,447.38753565613104,448.1401062011719,19216900
MSFT,2025-05-22,450.4967994491365,455.74490907390424,449.4570590917957,450.40765380859375,18025600
MSFT,2025-05-23,445.5754438212613,449.2491205375805,444.51591011589574,445.7734680175781,16883500
MSFT,2025-05-27,452.0118507212909,456.43809825868186,451.6553587930952,456.1806335449219,20974300
MSFT,2025-05-28,456.7054113344306,457.9926743719098,452.45739496057166,452.8831787109375,17086300
MSFT,2025-05-29,457.0321797296883,457.2005290082406,450.8532686393741,454.1902770996094,13974800
MSFT,2025-05-30,455.2200705832806,457.16087682654637,451.08099341488645,455.8537902832031,34770500
MSFT,2025-06-02,452.6653804963421,457.5867035205711,452.41782757710985,457.4480895996094,16626500
MSFT,2025-06-03,456.95294554827,459.59682380087423,456.3489007620485,458.4382629394531,15743800
MSFT,2025-06-04,459.4582306475514,461.1316908447896,458.4878122988585,459.3294982910156,14162700
MSFT,2025-06-05,460.40879598021155,465.05289099241804,459.487906406924,463.1021728515625,20131700
MSFT,2025-06-06,465.4886174973397,468.7068055435685,464.1914425792919,465.7757873535156,15285600
MSFT,2025-06-09,465.1024554626714,468.7959258262165,464.03300988597726,468.1225891113281,16469900
MSFT,2025-06-10,466.57783210788693,468.172058367284,462.38922592870773,466.31048583984375,15375900
MSFT,2025-06-11,465.4192790589967,470.81594475736864,465.0628173622344,467.99383544921875,16399200
MSFT,2025-06-12,470.3702965389571,475.7174632765806,468.88497916047487,474.1826171875,18950600
MSFT,2025-06-13,471.74673205457395,474.48960742449077,468.13246560456287,470.3109130859375,16814500
MSFT,2025-06-16,470.5584575569121,475.98482813726486,470.3505215770748,474.45001220703125,15626100
MSFT,2025-06-17,470.7466055851971,474.0539088222925,469.4395189734987,473.36077880859375,15414100
MSFT,2025-06-18,473.3211507460615,476.29178558337986,469.81579317674493,475.5392150878906,17526500
MSFT,2025-06-20,477.50979012623617,478.72773115460745,472.2022397987241,472.72705078125,37576200
MSFT,2025-06-23,473.52910172023695,482.97572926336846,467.8849134818946,481.24285888671875,24864000
MSFT,2025-06-24,484.1640031375646,487.0356109071577,482.0350238939456,485.3126220703125,22305600
MSFT,2025-06-25,487.223778215148,489.71910084538035,484.5997232276066,487.4515075683594,17495100
MSFT,2025-06-26,488.15453290095326,493.1650012559548,487.9861836300842,492.5807800292969,21578900
MSFT,2025-06-27,492.6797975508017,494.4126679494895,488.2040517426954,491.0855712890625,34539200
MSFT,2025-06-30,492.17479474651304,495.8583832017286,490.4815111095117,492.5411682128906,28369000
MSFT,2025-07-01,491.61036068604886,493.1748817381986,486.1741086010328,487.2336120605469,19945400
MSFT,2025-07-02,485.1937811955959,488.66943364597034,483.9164299655294,486.28302001953125,16319600
MSFT,2025-07-03,488.9764203666982,495.2345653483035,488.6100468852986,493.9571838378906,13984800
MSFT,2025-07-07,492.51147619590915,493.86806132382594,490.38252718836065,492.84814453125,13981600
MSFT,2025-07-08,492.37280697303856,493.3234318678901,489.2734398258723,491.7588806152344,11846600
MSFT,2025-07-09,495.40288075164045,501.8194631786975,494.8483646402868,498.58148193359375,18659500
MSFT,2025-07-10,498.12592881176073,499.50233742843255,492.877819466512,496.5713195800781,16492100
MSFT,2025-07-11,493.5907782355643,500.0865639242522,492.9273231662245,498.393310546875,16459500
MSFT,2025-07-14,496.61090454240406,499.03693501960714,496.1257105345073,498.0962219238281,12058800
MSFT,2025-07-15,498.09622485625505,503.3245408608939,497.8684955298327,500.86883544921875,14927200
MSFT,2025-07-16,500.23514183467364,501.760076321519,496.97736708309617,500.67083740234375,15154400
MSFT,2025-07-17,500.7302212088446,508.34495123446135,500.67081092720053,506.6913146972656,17503100
MSFT,2025-07-18,509.4440336050126,509.60250130270686,502.463054063605,505.0574035644531,21209700
MSFT,2025-07-21,501.75013722027745,507.0775109565722,500.6014880788464,505.0673522949219,14066800
MSFT,2025-07-22,505.968437121084,506.19619667447284,500.32421875,500.32421875,13868600
MSFT,2025-07-23,501.78972599996087,501.8293429250601,495.79895793496456,500.9183349609375,16396600
MSFT,2025-07-24,503.79000158856684,508.6420329312165,502.33438916388565,505.8793640136719,16107000
MSFT,2025-07-25,507.4537883180946,513.216827976129,505.364456023215,508.68170166015625,19125700
MSFT,2025-07-28,509.0480107678364,509.9589885432546,505.12675096242896,507.48345947265625,14308000
MSFT,2025-07-29,510.4838436674275,512.5533521818816,506.5526719682665,507.55279541015625,16469200
MSFT,2025-07-30,510.12728763864055,510.8996816885534,504.4533945708925,508.2161865234375,26380400
MSFT,2025-07-31,549.7952354974353,550.0131135040644,526.6936395202101,528.2779541015625,51617300
MSFT,2025-08-01,529.7632164041114,530.5553736121248,515.7616096000787,518.9797973632812,28977600
MSFT,2025-08-04,523.0990575737549,532.9813491761439,522.9604134562841,530.3969116210938,25349000
MSFT,2025-08-05,531.9218555369729,532.0406760929504,522.0791498987046,522.5841674804688,19171600
MSFT,2025-08-06,525.70337986457,526.4955370830186,518.9006307843745,519.8016967773438,21355700
MSFT,2025-08-07,521.6434435727333,522.9208551796034,512.483986539974,515.7418212890625,16079100
MSFT,2025-08-08,517.4845698020915,519.524403327164,514.3257923084495,516.9300537109375,15531000
MSFT,2025-08-11,517.1875615378566,522.4258201385037,514.6327984158801,516.6627807617188,20194400
MSFT,2025-08-12,518.6233183732385,525.7825288027884,517.5836082950698,524.0595703125,18667000
MSFT,2025-08-13,526.9014833945702,527.4857348349631,514.2861971986356,515.484375,19619200
MSFT,2025-08-14,517.445017549053,520.8018496782777,515.0487221853349,517.3657836914062,20269100
MSFT,2025-08-15,517.6530169939211,520.9503786133035,513.9991332111027,515.0784301757812,25213300
MSFT,2025-08-18,516.4844919382945,517.7024328589179,508.9885829187347,512.0383911132812,23760600
MSFT,2025-08-19,509.9589996924715,510.11740696385556,503.5721224631474,504.7801818847656,21481000
MSFT,2025-08-20,504.87920872605446,505.9981527246316,499.5023667236012,500.76983642578125,27723000
MSFT,2025-08-21,499.57962247206007,503.48747238505433,498.6175369804135,500.1251220703125,18443300
MSFT,2025-08-22,500.13506667774504,506.5621975190336,498.3100856343386,503.09075927734375,24324200
MSFT,2025-08-25,502.4956437530773,504.04291093011733,500.00611695670057,500.1449890136719,21638600
MSFT,2025-08-26,500.24412923099453,500.8590951140394,494.44189267773186,497.9430847167969,30835700
MSFT,2025-08-27,497.90339657266526,503.1502356611414,495.82052770460996,502.6047058105469,17277900
MSFT,2025-08-28,502.9518399416591,506.919197559233,501.3748189208979,505.4810485839844,18015600
MSFT,2025-08-29,504.5090702372647,505.44140176386463,500.3730863144936,502.5551452636719,20961600
MSFT,2025-09-02,496.38587753866574,501.87074834041937,492.75574161607386,500.9979248046875,18128000
MSFT,2025-09-03,499.6788070917271,503.64616490840893,498.220801883355,501.22607421875,16345100
MSFT,2025-09-04,500.18467308127,504.00326140342247,499.04406365219614,503.8247375488281,15509500
MSFT,2025-09-05,504.9157608525771,507.7920894589463,488.3520284612672,490.9605712890625,31994800
MSFT,2025-09-08,494.0451377441344,497.1099483047291,490.990285532587,494.1344299316406,16771000
MSFT,2025-09-09,497.33805669614713,498.15137232357364,493.63851485593227,494.34271240234375,14410500
MSFT,2025-09-10,498.8754600894228,499.1234199731124,492.6665349159027,496.2867431640625,21611800
MSFT,2025-09-11,498.15138006137016,499.0638857033828,493.8170463660224,496.9215087890625,18881600
MSFT,2025-09-12,502.5154742767582,508.367321245748,499.73833579713096,505.73895263671875,23624900
MSFT,2025-09-15,504.6379958107742,511.26344571936806,502.8625947427051,511.15435791015625,17143800
MSFT,2025-09-16,512.6619733694059,513.0090929577493,504.449544036503,504.8859558105469,19711900
MSFT,2025-09-17,506.4530503919847,507.1175961354426,501.80132099339164,505.8579406738281,15816600
MSFT,2025-09-18,507.31595138937655,508.883074673213,503.5172196080818,504.30078125,18913700
MSFT,2025-09-19,506.39351766303514,515.0621842649809,506.1455578149837,513.703369140625,52474100
MSFT,2025-09-22,511.3825425873763,513.5149611406991,508.35738375283694,510.2518310546875,20009300
MSFT,2025-09-23,509.60711582016205,510.3907077578639,503.17008724169204,505.0744323730469,19799600
MSFT,2025-09-24,506.215041937542,508.29788064425674,502.7832857896144,505.9869079589844,13533700
MSFT,2025-09-25,504.15198973027213,505.84805701475193,500.9186136455738,502.8923645019531,15786500
MSFT,2025-09-26,505.8976246789574,509.74596656687834,502.4856945681329,507.28619384765625,16213100
MSFT,2025-09-29,507.325895548039,512.6322125671903,504.72728094557834,510.40057373046875,17617800
MSFT,2025-09-30,509.05168089535164,513.9315141469417,505.5009089039439,513.7232666015625,19728200
MSFT,2025-10-01,510.5989672146665,516.262392605391,507.5143608700387,515.4689331054688,22632300
MSFT,2025-10-02,513.4158303625842,517.343476169315,506.5126054199375,511.53131103515625,21222900
MSFT,2025-10-03,512.8801529316524,516.2425031799986,510.7973143114264,513.1281127929688,15112300
MSFT,2025-10-06,514.377848960065,526.6965386672223,513.9712214168786,524.256591796875,21388600
MSFT,2025-10-07,523.9788048028778,525.4764919541412,517.1847292577561,519.7039794921875,14615200
MSFT,2025-10-08,519.0098207695767,522.6498549115006,518.8213688365025,520.5669555664062,13363400
MSFT,2025-10-09,518.07745494396,520.0512058016051,513.1777655449532,518.136962890625,18343600
MSFT,2025-10-10,515.3994727403434,519.3073226434543,505.47115003636685,506.790283203125,24133800
MSFT,2025-10-13,512.1957680051081,512.1957680051081,507.50438692257717,509.85504150390625,14284200
MSFT,2025-10-14,506.06622732552523,511.07503445038043,501.87073577210117,509.37896728515625,14684300
MSFT,2025-10-15,510.75765569343554,512.9694382549203,505.838110317394,509.2401123046875,14694700
MSFT,2025-10-16,508.3970827878481,512.6321960787722,503.9833851231019,507.4349670410156,15559600
MSFT,2025-10-17,504.88601698312937,511.2734358883721,503.17012365144205,509.38897705078125,19867800
MSFT,2025-10-20,510.4104293345006,514.4670788802013,509.2400661752128,512.5726318359375,14665600
MSFT,2025-10-21,513.2769402267872,514.4572316509175,508.8533142722573,513.4356079101562,15586200
MSFT,2025-10-22,516.8971823641815,520.943843958813,513.4852520447155,516.2921142578125,18962700
MSFT,2025-10-23,518.1964086283891,519.6742395740552,514.3777908083965,516.3118896484375,14023500
MSFT,2025-10-24,518.5237814648117,521.0628883153897,516.4607987679614,519.3370971679688,15532400
MSFT,2025-10-27,527.4404441110845,530.2175826339089,524.6930292943027,527.1825561523438,18734700
MSFT,2025-10-28,545.511702993095,549.2013167264516,536.3570441492753,537.6464233398438,29986700
MSFT,2025-10-29,540.4929653309738,541.8121286840217,532.3499420595073,537.130615234375,36023000
MSFT,2025-10-30,526.1509968235328,530.6043464776645,517.8592331602406,521.4695434570312,41023100
MSFT,2025-10-31,524.5640822050067,525.0004940086545,510.89650476941233,513.5844116210938,34006400
MSFT,2025-11-03,515.5680732671589,520.6760707602963,510.3907002836433,512.810791015625,22374700
MSFT,2025-11-04,507.5838081580189,511.342858187808,503.6957838776707,510.1328430175781,20958700
MSFT,2025-11-05,509.11117977922714,510.6287232020861,502.4460174356622,503.02130126953125,23024300
MSFT,2025-11-06,501.5335702984596,501.5732523540539,491.7639450704796,493.0434265136719,27406500
MSFT,2025-11-07,492.89466053302914,495.304823297102,489.22484220934433,492.7657165527344,24019800
MSFT,2025-11-10,495.95940345274505,502.7138276367279,494.72950196106785,501.8707580566406,26101500
MSFT,2025-11-11,500.68055811559174,505.4414057875519,498.2505695472254,504.5289001464844,17980000
MSFT,2025-11-12,505.2033686484966,507.4945458106546,495.0469415436793,506.9688720703125,26574900
MSFT,2025-11-13,506.1455939798088,509.3095642884979,497.1992129195551,499.1828918457031,25273100
MSFT,2025-11-14,494.16416907736203,507.42505738590404,493.38060745410195,506.0166320800781,28505700
MSFT,2025-11-17,504.3007594029326,507.9407930820625,500.78963942134817,503.34857177734375,19092800
MSFT,2025-11-18,491.3275301094218,498.87544447228873,482.8076324047851,489.76043701171875,33815100
MSFT,2025-11-19,486.1005289347495,491.14898819063853,478.88983663624714,483.14483642578125,23245300
MSFT,2025-11-20,489.60385435710714,490.45844852333465,472.50235794747454,475.41387939453125,26802500
MSFT,2025-11-21,475.4834301610789,475.9007957312625,465.3179114267742,469.1436462402344,31769200
MSFT,2025-11-24,472.0055061050608,473.89352206444323,465.0694984877541,471.0118103027344,34421000
MSFT,2025-11-25,471.08139630740516,476.12935785467323,461.95927573241335,473.98297119140625,28019800
MSFT,2025-11-26,483.244222260298,485.23161394332453,478.1664510662567,482.4393310546875,25709100
MSFT,2025-11-28,484.5260924315005,489.5243812398697,483.5820692635899,488.9082946777344,14386700
MSFT,2025-12-01,485.3607732415945,486.7718042788117,481.59465771305275,483.6714782714844,23964000
MSFT,2025-12-02,483.6516286444489,490.38888506208144,483.2541563831954,486.91094970703125,19562700
MSFT,2025-12-03,473.3171775583083,481.18723109312356,472.2042431453193,474.7182922363281,34615100
MSFT,2025-12-04,476.7355376297969,478.28570075231454,473.48613274494215,477.8087158203125,22318200
MSFT,2025-12-05,479.4780948278929,480.35255199911325,475.86105782216015,480.11407470703125,22608700
MSFT,2025-12-08,481.8331697469475,489.19642891935564,481.3263751862239,487.92449951171875,21965900
MSFT,2025-12-09,486.01663804004494,489.0175885389743,485.4204144751398,488.918212890625,14696100
MSFT,2025-12-10,480.97857754952304,481.19719183884354,472.084987996716,475.5430603027344,35756200
MSFT,2025-12-11,473.6252734590456,482.96600869209163,472.86010822118624,480.4221496582031,24669200
MSFT,2025-12-12,476.79515128743174,479.4085762318817,473.3370788032073,475.5132751464844,21248100
MSFT,2025-12-15,477.0733729131614,477.6894594742654,469.5411415575728,471.82666015625,23727700
MSFT,2025-12-16,468.9350114671635,474.87732355778707,467.911505956298,473.38677978515625,20705600
MSFT,2025-12-17,473.903466892556,476.9739832708393,472.0055042784347,473.1184387207031,24527200
MSFT,2025-12-18,475.1754171439269,486.51349034093164,474.87732052138307,480.9289245605469,28573500
MSFT,2025-12-19,484.2875835443981,484.7745151206103,479.44828972039977,482.856689453125,70836100
MSFT,2025-12-22,483.05539282771,485.6489546100234,479.6470235443271,481.86297607421875,16963000
MSFT,2025-12-23,481.922585996358,484.75459468390824,481.6840783901604,483.7807922363281,14683600
MSFT,2025-12-24,482.61817584356095,486.0762481946253,481.77352833631136,484.94342041015625,5855900
MSFT,2025-12-26,483.64171061957336,485.04282544173617,482.8964387136479,484.6354064941406,8842200
MSFT,2025-12-29,481.80333660098637,485.27135560420123,481.1276307272214,484.02923583984375,10893400
MSFT,2025-12-30,482.8666136001516,486.5929730105466,482.43933166580535,484.4068603515625,13944500
MSFT,2025-12-31,484.7645645601486,485.06269150087525,480.25317705215497,480.5711669921875,15601600
MSFT,2026-01-02,481.3363251826272,481.6046121327098,467.1960229709088,469.95849609375,25571600
MSFT,2026-01-05,471.071443053882,473.0687813775576,466.5401924921144,469.86907958984375,25250300
MSFT,2026-01-06,470.81304872472026,475.7219083069673,466.78859294331005,475.4933776855469,23037700
MSFT,2026-01-07,476.73554642416184,486.61288592496,474.9369593023546,480.4221496582031,25564200
MSFT,2026-01-08,478.20618966596595,479.6172511411785,472.86010104573086,475.0959167480469,18162600
MSFT,2026-01-09,471.07145138115897,476.7951491709672,469.2231916595613,476.258544921875,18491000
MSFT,2026-01-12,473.6649886945649,477.95773148860775,472.68120923483104,474.1717529296875,23519900
MSFT,2026-01-13,471.68751939768345,472.7805908527595,463.01257439213845,467.70281982421875,28545800
MSFT,2026-01-14,463.51936213123724,465.24841354789686,454.2879494306214,456.4840087890625,28184300
MSFT,2026-01-15,461.1940901109254,461.32327541703046,453.02590941718984,453.7811279296875,23225800
MSFT,2026-01-16,454.9437362325269,460.26996150673693,453.60227115836847,456.9609375,34246700
MSFT,2026-01-20,448.37541805572727,453.92022725149957,446.44764578645413,451.65460205078125,26130000
MSFT,2026-01-21,449.74670883889326,449.8361378186282,435.9144504613163,441.3102111816406,37980500
MSFT,2026-01-22,444.7981306791853,449.98522421932967,441.8965557848095,448.29595947265625,25349400
MSFT,2026-01-23,449.02131930234236,468.1301005814363,447.6897705604439,463.0125732421875,38000200
MSFT,2026-01-26,462.3766075757791,471.2602507862521,459.0874767807031,467.3152770996094,29291200
MSFT,2026-01-27,470.7137217228436,479.82589540353166,470.17711748937944,477.5503234863281,29213900
MSFT,2026-01-28,480.16374552458444,480.69040309270366,474.9865988275796,478.5937194824219,36875400
MSFT,2026-01-29,437.2162272399066,439.7104135269112,418.36581575660404,430.76715087890625,128855300
MSFT,2026-01-30,436.4014165119217,436.8286984461687,423.7616041817895,427.577392578125,58566800
MSFT,2026-02-02,427.5276741085398,428.02452201181774,419.58805431821895,420.70098876953125,42219900
MSFT,2026-02-03,419.3496095186449,419.3893355198486,405.98438775489564,408.61767578125,61424100
MSFT,2026-02-04,408.4089957411405,417.15350712085007,406.6600813351222,411.5788879394531,45012400
MSFT,2026-02-05,404.87144402823185,405.7260079125925,389.8467674620769,391.1882629394531,66289200
MSFT,2026-02-06,396.65359346172795,399.2570717870675,390.44299427907015,398.6111755371094,53515300
MSFT,2026-02-09,402.2977759502542,412.2744908996196,398.3428555009064,410.99261474609375,45480500
MSFT,2026-02-10,416.9746165751398,421.009018998737,410.09825878894065,410.6646423339844,44857900
MSFT,2026-02-11,413.5563153661985,413.8345489802859,398.4819668946231,401.8207702636719,42491000
MSFT,2026-02-12,402.44684542456184,403.6392926521932,395.50092068537,399.3067626953125,40802400
MSFT,2026-02-13,401.90028127287496,402.98340606348665,395.54060384789733,398.7900085449219,34091600
MSFT,2026-02-17,396.7032617740463,397.9950542597942,392.04282577248057,394.3581237792969,32078800
MSFT,2026-02-18,395.6201070500213,400.02217209191446,393.8215201082963,397.0808410644531,23223400
MSFT,2026-02-19,399.07278661262325,402.7976819572589,395.0690225854118,396.8517761230469,28234000
MSFT,2026-02-20,394.51123443489973,398.5050592846536,393.56508699389525,395.6267395019531,34015200
MSFT,2026-02-23,393.405742102137,393.7642745182822,381.55377772275136,382.9182434082031,43238300
MSFT,2026-02-24,382.5895619940176,387.78846403174964,380.1693467763097,387.429931640625,33884700
MSFT,2026-02-25,388.95376053046306,399.84960746436826,388.5852587696308,398.9831237792969,43625500
MSFT,2026-02-26,403.0765245044552,405.8453028142193,397.1306190557743,400.0986022949219,34405900
MSFT,2026-02-27,389.30236795593413,395.2183958601928,388.30640407164015,391.15484619140625,51367200
MSFT,2026-03-02,391.2743390590049,399.57073485574693,389.0533591512552,396.9413757324219,35474900
MSFT,2026-03-03,391.5532542396072,405.05852201627056,391.0851500003899,402.2996826171875,38199200
MSFT,2026-03-04,399.6504140582061,409.3710312257941,398.69429724653685,403.5645751953125,35808000
MSFT,2026-03-05,402.78771732924594,409.9486695143622,402.7677785996419,409.0224304199219,39001300
MSFT,2026-03-06,407.54843921074234,411.38287590243635,406.8612216895844,407.30938720703125,31123900
MSFT,2026-03-09,403.2857003455267,408.55432729115563,401.8714182880504,407.757568359375,30131900
MSFT,2026-03-10,408.37506928692744,408.5443965203919,401.30371964643086,404.122314453125,31706400
MSFT,2026-03-11,403.9330670994013,407.35918518479474,399.96912002302975,403.245849609375,25512100
MSFT,2026-03-12,402.9968458288957,404.4808221962511,400.0886180975,400.2380065917969,27263900
MSFT,2026-03-13,399.3815063856616,403.16615688192843,392.65875035547907,393.9534912109375,26848000
MSFT,2026-03-16,396.4633374914087,399.01300251860397,393.1965772756644,398.33575439453125,27733700
MSFT,2026-03-17,398.6544574759768,402.7677932271478,396.1446394015159,397.7979431152344,26228300
MSFT,2026-03-18,395.5271224277118,396.3936061005556,389.42185925959103,390.20867919921875,25908500
MSFT,2026-03-19,388.52551763585893,390.90585551603124,385.4977789148814,387.4498596191406,25138800
MSFT,2026-03-20,385.2288602760525,385.43800417098345,378.58576812261686,380.3287048339844,50853200
MSFT,2026-03-23,382.3505545919761,385.64719283721575,380.1395134056624,381.4541931152344,29680100
MSFT,2026-03-24,380.8167328036651,380.9263046350485,370.34917314154325,371.2355651855469,42733600
MSFT,2026-03-25,375.39872248264555,375.5381416220395,368.13813722010167,369.5424499511719,31181200
MSFT,2026-03-26,369.32332012922615,373.2075730440749,363.7160388213271,364.4928894042969,36836600
MSFT,2026-03-27,360.43934753557875,360.9871459448897,355.07111764854045,355.3300476074219,37883400
MSFT,2026-03-30,360.43933630538186,363.88536295562653,354.84202394218255,357.5111999511719,44797000
MSFT,2026-03-31,363.07862179545566,371.3949263066763,361.6046146993887,368.67596435546875,45244400
MSFT,2026-04-01,371.98254731341393,372.48052926345224,366.7139201659809,367.8791809082031,29417200
MSFT,2026-04-02,365.7278929006101,372.1319638369453,362.680245817395,371.9526672363281,24099100
MSFT,2026-04-06,371.9825539180967,372.22160592655575,368.0086676124431,371.3750305175781,16146600
MSFT,2026-04-07,368.8452727581139,370.9467724245638,365.080530373921,370.78741455078125,21443300
MSFT,2026-04-08,383.4261612830284,383.44606961738685,369.91092498913014,372.8191223144531,33064800
MSFT,2026-04-09,370.9965328148009,371.9924966612836,365.5685176937085,371.5642395019531,30435300
MSFT,2026-04-10,371.47460743717505,374.1238749235223,368.5365019241105,369.37310791015625,28111100
MSFT,2026-04-13,372.10205289266787,382.98796126737693,369.5225100750242,382.8186340332031,35745800
MSFT,2026-04-14,386.3543213772784,393.09698589720546,384.95994763093,391.5233459472656,37504500
MSFT,2026-04-15,396.3936283702306,412.69755239260473,395.1287651714373,409.5602722167969,45063400
MSFT,2026-04-16,418.16537187855886,419.12151906860663,410.4765600541581,418.56378173828125,41642400
MSFT,2026-04-17,423.10539315661504,429.83808848207923,418.99205736838906,421.0835876464844,48568200
MSFT,2026-04-20,419.4501847919345,421.6213787702164,414.6197538627068,416.38262939453125,27582200
MSFT,2026-04-21,418.5438369146158,425.45582843737157,415.516128706763,422.4480285644531,32048500
MSFT,2026-04-22,424.4698510786937,431.9495495900464,421.9600330275293,431.1726989746094,29378200
MSFT,2026-04-23,418.19529609754903,421.9500690544079,409.7495112929088,414.0719909667969,38308000
MSFT,2026-04-24,415.28707116170386,423.23487407473965,414.12178001797366,422.90618896484375,27457400
MSFT,2026-04-27,420.6752229306716,425.38611256831246,415.3866572294081,423.1053771972656,30867300
MSFT,2026-04-28,422.8563830057505,428.1847957314844,420.197146128082,427.5174865722656,30438100
MSFT,2026-04-29,422.8663369761165,425.0973167681131,418.59367375245296,422.746826171875,38288300
MSFT,2026-04-30,409.15192465494977,412.74737011555624,396.4035989759817,406.1341552734375,70909400
MSFT,2026-05-01,411.1338775963461,415.4264794885345,408.7834174283456,412.76727294921875,31372400
MSFT,2026-05-04,409.87897009526375,419.0816663151199,409.14193618030583,411.9505615234375,28066500
MSFT,2026-05-05,413.6437044066962,415.09780308537887,407.1500007946646,409.7196044921875,25700900
MSFT,2026-05-06,406.3532485673598,416.73120520087787,403.4748984673602,412.2891845703125,30285900
MSFT,2026-05-07,418.41437649189606,426.25263786097554,417.06984955189336,419.07171630859375,34942400
MSFT,2026-05-08,415.70537649227293,416.9403619714099,412.32904436576047,413.44451904296875,33383800
MSFT,2026-05-11,406.22377045102496,411.02432350049145,403.86334099070683,410.99444580078125,35657900
MSFT,2026-05-12,412.8071154720842,413.8229876767416,404.9987623844293,406.1241760253906,38594200
MSFT,2026-05-13,401.57265715241186,404.6700902960666,399.41140211310335,403.57452392578125,29667100
MSFT,2026-05-14,402.8474630718804,410.17774231087935,399.2619871856725,407.7774658203125,27077500
MSFT,2026-05-15,412.5979239362014,426.4418454559798,411.2434277199191,420.2170715332031,50771200
MSFT,2026-05-18,414.93848271907115,423.40417602339767,413.9325494355234,421.83056640625,32564100
MSFT,2026-05-19,428.16486989475214,430.9535870211983,414.808990493047,415.7352600097656,33018700
MSFT,2026-05-20,412.49835957243755,420.3963455784958,409.63991780241736,419.36053466796875,27864000
MSFT,2026-05-21,423.9518891931334,425.5388979071037,414.92886694253497,418.3025207519531,31393500
MSFT,2026-05-22,418.7517174636334,423.60257118762803,415.54772693408205,417.7835388183594,22390300
MSFT,2026-05-26,415.6475333356961,418.9812539216563,412.24393696715845,415.248291015625,30398000
MSFT,2026-05-27,410.23773822181624,415.15846763645,408.8104019854481,411.8946228027344,28901500
MSFT,2026-05-28,412.2040283766931,428.68298564682067,411.89461329838434,426.18768310546875,47250500
MSFT,2026-05-29,431.7372486144539,449.48383969057267,431.54760317786213,449.3940124511719,79654400
MSFT,2026-06-01,463.96658383705716,465.4438139523178,457.40892124774234,459.6546936035156,53628900
MSFT,2026-06-02,446.0403151791343,452.64787129328397,439.6024225764256,440.48077392578125,37036800
MSFT,2026-06-03,437.62618910935214,439.56254639446627,423.45285793258154,426.53704833984375,39037000
MSFT,2026-06-04,434.9911260035114,435.33048350032107,425.60879436274143,427.2456970214844,26899500
MSFT,2026-06-05,427.5351398188391,428.66302140752947,413.6213308264138,415.8870849609375,34782200
MSFT,2026-06-08,413.3618539280056,416.37616844333525,407.79232157753756,410.9663391113281,32086700
MSFT,2026-06-09,408.26144336727174,411.20591258759293,397.7312786929967,402.6520080566406,35317300
MSFT,2026-06-10,397.80110870103243,404.2789346443135,396.41373636313654,396.61334228515625,32576000
MSFT,2026-06-11,394.46741202742857,396.1043451719433,383.278483574852,389.6065673828125,47224100
MSFT,2026-06-12,390.6945042817559,391.003919361718,381.55171206615995,390.00579833984375,34865800
MSFT,2026-06-15,396.05442037645633,400.99513175706005,392.11186050588947,399.0088806152344,32266400
MSFT,2026-06-16,395.0463355104342,396.094350419825,389.9559121071713,393.0899963378906,31506800
MSFT,2026-06-17,389.51671695343225,389.6364865987809,376.6110198431126,378.1980285644531,41987800
MSFT,2026-06-18,377.11008548581106,380.6534028700893,372.5786075934489,378.6871032714844,59714200
MSFT,2026-06-22,375.0339909424311,380.9129385065033,366.3802985575179,366.6497802734375,45171100
MSFT,2026-06-23,371.6802994138851,376.51120135394876,369.9735210485466,373.23736572265625,40647600
MSFT,2026-06-24,370.87185096853153,378.16811350773463,364.09460041679364,364.7733154296875,44509900
MSFT,2026-06-25,362.0883479855026,363.5456265920902,348.54386902384044,352.1670227050781,66179000
MSFT,2026-06-26,356.4789138154501,375.90234020580533,354.762144454129,372.2691955566406,186201600
MSFT,2026-06-29,376.790685328561,379.7850483907747,359.2237492715265,367.8774719238281,51229900
MSFT,2026-06-30,370.3328407149792,373.44697342275583,366.7595808670141,372.319091796875,44945700
MSFT,2026-07-01,380.1144231011508,388.09939143880604,374.18561213385976,383.5579528808594,48065800
MSFT,2026-07-02,383.7575696594082,391.4630649298244,382.97903650468743,389.7562561035156,42128900
MSFT,2026-07-06,386.31276024010407,388.418780928489,380.5036887115837,386.0133056640625,34224500
MSFT,2026-07-07,391.75251064257776,394.8267404517197,387.4905448392632,388.109375,29297500
MSFT,2026-07-08,383.3084264217563,384.58602015004215,380.6134873969759,382.6197204589844,25908300
MSFT,2026-07-09,373.74643420118315,383.92725049460796,372.64849496928053,383.6377868652344,31083200
MSFT,2026-07-10,387.07131223677504,391.1736053926777,380.783162110783,384.37640380859375,24644600
MSFT,2026-07-13,387.02143811329415,392.91034623109437,383.4281962321871,390.2553405761719,28914900
MSFT,2026-07-14,382.1007052927433,387.46061042423804,377.93852713765,384.20672607421875,27863900
MSFT,2026-07-15,387.07132248997675,398.2103568181361,385.6739591427675,394.8866271972656,36253700
MSFT,2026-07-16,397.56157784187184,405.2271399033625,391.31333055964967,400.3463439941406,37047400
MSFT,2026-07-17,394.1180409920291,397.64143734197864,388.6583483977542,393.08001708984375,33049800
MSFT,2026-07-20,390.67455694621333,402.4224305318551,388.91785418191677,401.53411865234375,27915800
MSFT,2026-07-21,398.0606303262699,400.7156358198418,395.57531880381754,397.00262451171875,24126600
MSFT,2026-07-22,398.8291961465565,400.246541441447,386.2329133568751,389.6065673828125,28142500
MSFT,2026-07-23,389.23725659651495,391.04385321150613,376.68090752842744,380.8630065917969,30351800
MSFT,2026-07-24,386.32274187573427,388.29903252889795,379.9347732203772,380.9828186035156,27659400
MSFT,2026-07-27,389.3470355932277,393.45931979821836,387.2609663085435,388.368896484375,27856200
MSFT,2026-07-28,392.4212554523594,399.56780545733704,390.5647345556998,392.61090087890625,32367500
MSFT,2026-07-29,392.6607942930367,400.4960502148319,388.00954678983055,389.8061828613281,47209000
MSFT,2026-07-30,437.07720086969465,457.8281459885008,431.6274684759506,450.2524108886719,110160700
MSFT,2026-07-31,449.1544591210436,465.962813447145,448.4857046349594,463.8468017578125,60846000
MSFT,2026-08-03,475.2353605631651,490.7261876465455,474.10747895013026,486.73370361328125,66762100
MSFT,2026-08-04,479.99640781848416,498.50158065157444,478.2696778930625,491.884033203125,50455500
MSFT,2026-08-05,495.42733843271316,497.3038108374591,484.7674131728324,486.5440673828125,33388900
MSFT,2026-08-06,487.6319998350186,500.61756372489685,487.60205742358346,498.9207458496094,36441500
MSFT,2026-08-07,498.2719734340298,504.23075699317457,497.79289485093346,499.0505065917969,28846200
MSFT,2026-08-10,502.4940586092805,512.7647021753171,501.32624359045303,505.109130859375,31206100
MSFT,2026-08-11,503.3823542433026,504.38047525067043,498.61133704649393,502.86334228515625,23049800
MSFT,2026-08-12,499.0505227551261,500.557695253814,490.59643643442394,491.5047302246094,29001500
MSFT,2026-08-13,492.34314786956145,500.3979918654044,492.0836571155829,495.9463806152344,23039000
MSFT,2026-08-14,495.42733437790497,499.07050046550256,492.991947114923,494.4691467285156,16217600
MSFT,2026-08-17,489.21906226283284,491.73431632358415,477.51109147171053,479.44744873046875,29635800
MSFT,2026-08-18,480.6352093836093,483.36006030134655,476.2534434403709,480.72503662109375,24087600
MSFT,2026-08-19,479.16797047398614,488.3806080919379,478.4592826108848,483.3999938964844,19961900
MSFT,2026-08-20,483.29998779296875,484.1600036621094,479.5,481.1499938964844,20020800
MSFT,2026-08-21,479.8800048828125,486.3599853515625,478.5299987792969,483.239990234375,22510800
MSFT,2026-08-24,483.2099914550781,490.6099853515625,481.8599853515625,487.30999755859375,17230800
MSFT,2026-08-25,485.44000244140625,492.44000244140625,484.29998779296875,491.7099914550781,19519000
MSFT,2026-08-26,487.8500061035156,497.3999938964844,487.30999755859375,496.3699951171875,20758900
MSFT,2026-08-27,494.8800048828125,506.4800109863281,490.0799865722656,505.05999755859375,28688800
MSFT,2026-08-28,,,,,29189683
