Ticker,Date,Open,High,Low,Close,Volume
NVDA,2021-08-31,22.62075674664323,22.62075674664323,22.04763890496798,22.311771392822266,259850000
NVDA,2021-09-01,22.41144855038439,22.622754957763057,22.28386700045794,22.367591857910156,201767000
NVDA,2021-09-02,22.444341223157213,22.51909665177635,22.22207110229776,22.32274055480957,187834000
NVDA,2021-09-03,22.2519691858628,22.91080616281464,22.12737809725463,22.768274307250977,280532000
NVDA,2021-09-07,22.758307882725695,22.82409196545465,22.4483244181334,22.587867736816406,198107000
NVDA,2021-09-08,22.43935888934045,22.536041717228212,21.905110981321915,22.265928268432617,254434000
NVDA,2021-09-09,22.23901265299159,22.464273188352024,22.058604988452572,22.104454040527344,196856000
NVDA,2021-09-10,22.274896532355616,22.551987038677307,22.197152562012025,22.40447235107422,248376000
NVDA,2021-09-13,22.60979964648237,22.888884438479984,21.78650131614353,22.079540252685547,297500000
NVDA,2021-09-14,22.20212822105422,22.33668680434653,22.013747345110296,22.16923713684082,199755000
NVDA,2021-09-15,22.236024626845165,22.293835464685625,21.894146209939382,22.267919540405273,166538000
NVDA,2021-09-16,22.110430136784576,22.204122484237843,21.855267109158763,22.16923713684082,156033000
NVDA,2021-09-17,22.227052672404977,22.247983887075033,21.758590795663608,21.82836151123047,294503000
NVDA,2021-09-20,21.076826867613953,21.362888683857676,20.594410879277827,21.043935775756836,349440000
NVDA,2021-09-21,21.3469404733302,21.35491372577289,20.88146906785273,21.17650032043457,204688000
NVDA,2021-09-22,21.296108496012426,21.888165314452635,21.126664510196306,21.86922836303711,268726000
NVDA,2021-09-23,22.067570844468374,22.461279102173783,21.81838869165872,22.4084529876709,248555000
NVDA,2021-09-24,21.99780629061381,22.076548344372082,21.789490317687935,22.008769989013672,217655000
NVDA,2021-09-27,21.638981339967028,21.7276909027937,21.255242424863432,21.58914566040039,245215000
NVDA,2021-09-28,21.144601235884615,21.34893052299368,20.58344140631402,20.631284713745117,343069000
NVDA,2021-09-29,20.871502966534447,20.94825075454832,20.400048738103138,20.449886322021484,218394000
NVDA,2021-09-30,20.70006335689361,20.997088873720934,20.620325128983062,20.64823341369629,221009000
NVDA,2021-10-01,20.68212181172919,20.79076450155357,20.13691029679446,20.674148559570312,240978000
NVDA,2021-10-04,20.43692580745961,20.47480160606298,19.49103082581489,19.667451858520508,345635000
NVDA,2021-10-05,19.884741262731815,20.580457952473463,19.789054624206987,20.38410186767578,279282000
NVDA,2021-10-06,20.054183467600772,20.652219202114356,20.014313404708272,20.632286071777344,297202000
NVDA,2021-10-07,21.022998514575608,21.252247535524535,20.9033921481847,21.00605583190918,256919000
NVDA,2021-10-08,21.03197660701689,21.136632686521562,20.707042768746597,20.762859344482422,151258000
NVDA,2021-10-11,20.507693882375722,20.994096456605053,20.44390216537423,20.627300262451172,163388000
NVDA,2021-10-12,20.759866211548562,20.988117194123532,20.460848337072985,20.60338020324707,162134000
NVDA,2021-10-13,20.849571259430128,20.921336231312484,20.645241941754325,20.870502471923828,180652000
NVDA,2021-10-14,21.218359995410317,21.68383134051635,21.052902671473788,21.674861907958984,243589000
NVDA,2021-10-15,21.738651631224155,21.859256088546132,21.591136975232704,21.790481567382812,226994000
NVDA,2021-10-18,21.677854960050606,22.218081780697908,21.57319699245635,22.149307250976562,189494000
NVDA,2021-10-19,22.20313074793577,22.30579445739423,21.964914136514288,22.217086791992188,161473000
NVDA,2021-10-20,22.232033823134188,22.359615354512936,21.910090500609137,22.03069496154785,146276000
NVDA,2021-10-21,22.024716293024067,22.636708092213606,22.010762150737015,22.617769241333008,187590000
NVDA,2021-10-22,22.748339913629675,23.054334844956028,22.48719785150225,22.651657104492188,249384000
NVDA,2021-10-25,22.897851941944545,23.278602340486742,22.695516863119877,23.090221405029297,230235000
NVDA,2021-10-26,23.910525487792796,25.176371413393948,23.845737588941468,24.63614273071289,485898000
NVDA,2021-10-27,24.39394293454579,25.007927133813123,24.20256965592996,24.371017456054688,245990000
NVDA,2021-10-28,24.79662140845552,24.868386389920456,24.442783111276334,24.85941505432129,234204000
NVDA,2021-10-29,24.91921563206718,25.624899789420567,24.918219450808614,25.48336410522461,292503000
NVDA,2021-11-01,25.565094542912135,25.80929200930688,25.144474150231424,25.742511749267578,265740000
NVDA,2021-11-02,25.737527951466095,26.590726680343938,25.71559865861731,26.314632415771484,294112000
NVDA,2021-11-03,26.582757025267508,26.696384427226477,26.14918053197211,26.5109920501709,239910000
NVDA,2021-11-04,27.139927249878582,31.26239704427072,27.02929029769168,29.703514099121094,1153631000
NVDA,2021-11-05,30.088252938531244,31.29728433418583,29.313794225323047,29.65467643737793,851260000
NVDA,2021-11-08,30.05037569360793,30.998264961741995,29.809166754618374,30.70323371887207,503101000
NVDA,2021-11-09,32.17639923609389,32.204307519629445,29.86598118563401,30.556713104248047,646746000
NVDA,2021-11-10,29.259970949508748,30.74908322904024,28.68386069593988,29.362632751464844,636206000
NVDA,2021-11-11,30.36832850950686,30.489929144616983,29.679589036849205,30.29058265686035,332172000
NVDA,2021-11-12,29.911826611453552,30.579634873996568,29.533068664937748,30.29058265686035,413054000
NVDA,2021-11-15,30.45205912496515,30.543757233968925,29.151327703396426,29.926782608032227,384909000
NVDA,2021-11-16,29.661650656013027,30.290585092245067,29.608822634811435,30.104196548461914,264484000
NVDA,2021-11-17,30.31849809734663,30.409201930373957,28.705790752092632,29.165283203125,428508000
NVDA,2021-11-18,32.26112405677025,32.65283625350955,31.21854422447708,31.571386337280273,781711000
NVDA,2021-11-19,32.137517323017796,32.97975412922735,31.800623741199225,32.87709045410156,533867000
NVDA,2021-11-22,33.40735381658586,34.533658301488515,31.795644847195604,31.85146141052246,754335000
NVDA,2021-11-23,31.431844462985936,32.25414653332147,30.778986374975506,31.642154693603516,532163000
NVDA,2021-11-24,31.35808076043458,32.74751961280794,30.82682344260041,32.56711196899414,435162000
NVDA,2021-11-26,32.49335390329238,32.60299466798655,31.24744493690994,31.399944305419922,283069000
NVDA,2021-11-29,32.26012461188157,33.30270053648563,31.931202291527786,33.26681900024414,454964000
NVDA,2021-11-30,33.06049435573746,33.24389436052743,31.759764944757165,32.56910705566406,622066000
NVDA,2021-12-01,33.114390390664795,33.184169646455935,31.281179063188567,31.33600616455078,484368000
NVDA,2021-12-02,31.115692017225935,32.37571098071058,30.927286193911225,32.024818420410156,472890000
NVDA,2021-12-03,31.899227266863253,32.027822639120906,30.035115336865402,30.596343994140625,544325000
NVDA,2021-12-06,29.785896749769435,30.145759897248112,27.949698785402717,29.94240379333496,658938000
NVDA,2021-12-07,30.859514259780514,32.346816391112846,30.554476224251633,32.32488250732422,593053000
NVDA,2021-12-08,31.898226458005908,32.188310380047575,31.322045727763758,31.725770950317383,475551000
NVDA,2021-12-09,31.63406386343503,32.10358318046431,30.332176907618503,30.39398193359375,488507000
NVDA,2021-12-10,31.051903118678588,31.206415682530494,29.766962833942674,30.102901458740234,488825000
NVDA,2021-12-13,30.15374302232693,30.19860138828651,28.02745875745351,28.072317123413086,598344000
NVDA,2021-12-14,27.61176761656936,28.58768456683166,27.16418223461943,28.247758865356445,667035000
NVDA,2021-12-15,28.31055963968994,30.403946500307338,27.75032926972712,30.363075256347656,698297000
NVDA,2021-12-16,31.053897441434426,31.061871670056004,28.004530741243016,28.297603607177734,707366000
NVDA,2021-12-17,27.896871959169967,28.830921489909592,27.672580135131074,27.713451385498047,713758000
NVDA,2021-12-20,27.219012340762006,28.05536898927544,27.059516359346297,27.6317081451416,461847000
NVDA,2021-12-21,28.284645850680768,29.028296854991318,27.31470852270142,28.98343849182129,524385000
NVDA,2021-12-22,28.80002091891176,29.4619294942851,28.35941146999594,29.307416915893555,395184000
NVDA,2021-12-23,29.661295177874464,29.964338677580162,29.338316106879212,29.54665756225586,343022000
NVDA,2021-12-27,29.566596240467327,30.989102457785446,29.54665876702278,30.847549438476562,403686000
NVDA,2021-12-28,31.21339111350028,31.231334077242877,29.91748399123054,30.22650909423828,420591000
NVDA,2021-12-29,30.177665528495464,30.451799123179573,29.273520345909006,29.90652084350586,343139000
NVDA,2021-12-30,29.733066714604764,30.361083746132028,29.446971799242743,29.492826461791992,308864000
NVDA,2021-12-31,29.580546849229506,29.93542658854919,29.238626655486247,29.318374633789062,266530000
NVDA,2022-01-03,29.721106030264906,30.61428422261977,29.69119982289277,30.026142120361328,391547000
NVDA,2022-01-04,30.18165084016446,30.372049319821922,28.25972307978426,29.1977596282959,527154000
NVDA,2022-01-05,28.857828469194196,29.323358674496106,27.446289504860772,27.517065048217773,498064000
NVDA,2022-01-06,27.55295615903355,28.348443450993756,26.979768076203065,28.089262008666992,454186000
NVDA,2022-01-07,28.052379478532124,28.332494693927416,26.971791660779605,27.16119384765625,409939000
NVDA,2022-01-10,26.497290128969677,27.382494114013422,25.5632406683439,27.313711166381836,594681000
NVDA,2022-01-11,27.23695493896439,27.97661882621992,26.754479886883722,27.729398727416992,404089000
NVDA,2022-01-12,27.978608560513216,28.504945618330236,27.52105444566208,27.910823822021484,383413000
NVDA,2022-01-13,28.289627869102336,28.390309630110426,26.41455104320911,26.491310119628906,540171000
NVDA,2022-01-14,26.21717640732011,27.111352875878474,26.12745967935316,26.857154846191406,395832000
NVDA,2022-01-18,26.177302480368454,26.554112344866216,25.688845811972694,25.821426391601562,424270000
NVDA,2022-01-19,25.996870135634115,26.459407663390692,24.97310403064186,24.988056182861328,488315000
NVDA,2022-01-20,25.22431503185262,25.498448638286458,24.00217414256686,24.07394790649414,435181000
NVDA,2022-01-21,23.43297273498428,24.744828429105826,23.18974164646766,23.300392150878906,718958000
NVDA,2022-01-24,22.259678694181396,23.30637129274654,20.82222037714528,23.298397064208984,913982000
NVDA,2022-01-25,22.474995512389242,22.870746504571382,21.9307154992586,22.253694534301758,664616000
NVDA,2022-01-26,23.166811526105583,23.98123803745793,22.229771275614063,22.700284957885742,755959000
NVDA,2022-01-27,23.493783457519353,23.919438849325257,21.60674309968497,21.874897003173828,573353000
NVDA,2022-01-28,21.94267865750041,22.78601509261585,21.22893388945279,22.7680721282959,543774000
NVDA,2022-01-31,23.108997226913345,24.431819963911636,22.979407443957587,24.408891677856445,564680000
NVDA,2022-02-01,25.02494354865154,25.065814798100266,23.814765930647102,24.56041145324707,518925000
NVDA,2022-02-02,25.712769688020778,25.735696069563566,24.475676742278374,25.162508010864258,543419000
NVDA,2022-02-03,24.38097558762337,24.998025678674647,23.705111287686467,23.872581481933594,410178000
NVDA,2022-02-04,23.89650713053911,24.55741930721573,23.557577711661764,24.242414474487305,354829000
NVDA,2022-02-07,24.295251385703413,25.102700132495116,24.125786646120726,24.650131225585938,376868000
NVDA,2022-02-08,24.282283286827955,25.150540457970152,23.90447719428148,25.0289249420166,410359000
NVDA,2022-02-09,25.541313315747384,26.64084048931407,25.27316132302811,26.62090301513672,524282000
NVDA,2022-02-10,25.91313678658992,26.840206412140088,25.519380273324217,25.742673873901367,513200000
NVDA,2022-02-11,25.834385491481136,26.069642339244744,23.698134593993387,23.873579025268555,605472000
NVDA,2022-02-14,23.858630725496297,24.79666745710509,23.680193553099095,24.190582275390625,440424000
NVDA,2022-02-15,24.870429246985168,26.461403743864466,24.705949858768733,26.411561965942383,699869000
NVDA,2022-02-16,26.176305909012655,26.498288671486034,25.47153166394175,26.42751121520996,732676000
NVDA,2022-02-17,25.549283587406155,25.70379613633401,24.088899004953028,24.429821014404297,810595000
NVDA,2022-02-18,24.590318819110674,24.907318216224986,23.027257619895654,23.567550659179688,761255000
NVDA,2022-02-22,22.962454160001126,23.988212791235018,22.9275645399824,23.316335678100586,633422000
NVDA,2022-02-23,23.727044613283795,24.078933611616357,22.230771994916,22.316499710083008,566511000
NVDA,2022-02-24,20.94881900592277,23.72504833875335,20.82421265561137,23.6732120513916,735801000
NVDA,2022-02-25,23.646299107713094,24.14073550496428,23.307369674838906,24.08092498779297,528866000
NVDA,2022-02-28,23.916448303789124,24.58732932029643,23.63234593831366,24.308210372924805,477319000
NVDA,2022-03-01,24.214500358111323,24.300229958145785,23.0591500185398,23.40306282043457,412056000
NVDA,2022-03-02,23.685225970986814,24.336280413234043,23.34524228336605,24.147842407226562,389642000
NVDA,2022-03-03,24.18970859573135,24.25351898284403,23.39907213183719,23.643342971801758,365095000
NVDA,2022-03-04,23.314331446054602,23.609449084190494,22.415018401859665,22.867666244506836,431415000
NVDA,2022-03-07,22.749020877092576,22.964378855624652,21.266451574671656,21.28838539123535,450821000
NVDA,2022-03-08,21.245508651209924,22.30633758184678,20.588471783228282,21.44989776611328,557467000
NVDA,2022-03-09,22.32029806776181,23.15081636408371,22.18071580003234,22.945430755615234,492742000
NVDA,2022-03-10,22.46387173081111,22.720105999777736,21.816805180949956,22.59049415588379,428066000
NVDA,2022-03-11,22.953408821575593,23.076043457185644,21.980316832138143,22.034156799316406,367209000
NVDA,2022-03-14,21.80384458359265,22.195673358229172,21.095960818464654,21.266450881958008,385354000
NVDA,2022-03-15,21.45388764879963,22.969359327340563,21.25847247473295,22.904552459716797,491996000
NVDA,2022-03-16,23.429986500774472,24.523718332751294,23.10296459283885,24.423019409179688,671422000
NVDA,2022-03-17,24.04813969626861,24.76798684900342,23.834776570421486,24.692214965820312,471941000
NVDA,2022-03-18,24.725114127062692,26.489841079768297,24.550636279337244,26.37418556213379,730719000
NVDA,2022-03-21,26.42802540885607,27.07110416186951,25.889633364007818,26.654348373413086,591727000
NVDA,2022-03-22,26.64736727935604,27.156846357898804,25.99432004218782,26.44497299194336,547007000
NVDA,2022-03-23,26.04816536560368,26.532717544418258,25.498808202763563,25.557632446289062,502120000
NVDA,2022-03-24,26.08804332010231,28.23562518243766,25.829814189665502,28.066131591796875,877379000
NVDA,2022-03-25,27.802915490968033,28.27350932502247,27.18974806430795,27.609493255615234,579016000
NVDA,2022-03-28,27.673304055239864,28.165831710193313,27.12494158890915,28.134923934936523,425494000
NVDA,2022-03-29,28.609510581218807,28.859762245849687,27.896640581268052,28.570627212524414,488984000
NVDA,2022-03-30,28.21967492416321,28.411102336887122,27.421060745065915,27.60750389099121,463487000
NVDA,2022-03-31,27.699226807551824,28.163838026854247,27.188753110757293,27.20470428466797,523440000
NVDA,2022-04-01,27.29344253044728,27.414082328036937,26.188743757490492,26.632417678833008,517235000
NVDA,2022-04-04,26.648369216228314,27.475896299662303,26.533712066907064,27.278486251831055,397120000
NVDA,2022-04-05,27.172802897221544,27.237609777640948,25.74307514409385,25.853744506835938,436615000
NVDA,2022-04-06,24.859712215391237,25.224620987328382,23.931486259303167,24.33428192138672,703833000
NVDA,2022-04-07,24.36818131196346,24.648344247170577,23.40805109513817,24.135875701904297,557992000
NVDA,2022-04-08,23.84574022331702,23.851722863847915,22.993288112629596,23.05011749267578,524781000
NVDA,2022-04-11,22.147817756385205,22.253500942815894,21.59546745592254,21.851701736450195,575207000
NVDA,2022-04-12,22.46985714800616,22.657296773923992,21.218595050115738,21.43993377685547,662258000
NVDA,2022-04-13,21.66326329916609,22.432962530129032,21.39107597210752,22.1368465423584,516943000
NVDA,2022-04-14,22.43794241233135,22.709133213528435,21.099942029618983,21.194658279418945,569097000
NVDA,2022-04-18,21.13684014323295,22.02219313271973,21.016200346382977,21.718103408813477,525701000
NVDA,2022-04-19,21.655286167385736,22.3063404800413,21.25049567770769,22.13186264038086,512781000
NVDA,2022-04-20,22.449913552276662,22.602457585796717,21.1368379554735,21.417997360229492,468974000
NVDA,2022-04-21,21.64431805927398,22.32528363593372,19.940410359200147,20.122865676879883,656209000
NVDA,2022-04-22,20.24250610355399,20.424961412485715,19.441899168057798,19.45685386657715,624713000
NVDA,2022-04-25,19.14478957941765,19.8855759292998,19.039106397949094,19.84270477294922,641566000
NVDA,2022-04-26,19.659256709868075,19.729047862186196,18.61437856802067,18.732027053833008,653143000
NVDA,2022-04-27,18.542591397089467,19.109896444638807,18.235510346277362,18.360137939453125,499460000
NVDA,2022-04-28,18.910491964188285,19.977305783390694,18.434913772859694,19.723064422607422,570327000
NVDA,2022-04-29,19.344199287343677,20.068036269432913,18.461835591856172,18.49174690246582,500435000
NVDA,2022-05-02,18.48576074197281,19.515682143130196,18.336208020718836,19.47480583190918,572049000
NVDA,2022-05-03,19.3421965619345,19.765931398834063,19.07599190108986,19.543594360351562,475751000
NVDA,2022-05-04,19.863643621096067,20.339221777103816,18.695134485364377,20.273418426513672,648855000
NVDA,2022-05-05,19.807809899114023,19.86563575823811,18.444882087815973,18.787857055664062,626331000
NVDA,2022-05-06,18.680180965141894,19.453868144607874,17.936403191321382,18.619361877441406,633297000
NVDA,2022-05-09,17.98026782674294,18.200608121706267,16.776863370793325,16.899497985839844,644455000
NVDA,2022-05-10,17.63630138327549,18.14378578300302,16.974279965454567,17.54258155822754,761474000
NVDA,2022-05-11,17.295320682799783,17.700111281920936,16.518642115598364,16.580455780029297,670167000
NVDA,2022-05-12,16.170675786077656,16.73798070919897,15.520618927510899,16.126806259155273,708728000
NVDA,2022-05-13,16.73798356385744,17.874586549641382,16.543564832253985,17.653247833251953,670437000
NVDA,2022-05-16,17.456831495925755,17.734999526687567,17.05503238408511,17.212560653686523,521446000
NVDA,2022-05-17,18.020150928461515,18.316266948710442,17.581463204511554,18.122844696044922,585830000
NVDA,2022-05-18,17.652248119677026,18.06401769834439,16.813754263169248,16.88753318786621,545161000
NVDA,2022-05-19,16.886539645818328,17.634305160902688,16.68414342710916,17.072982788085938,621310000
NVDA,2022-05-20,17.280361950120188,17.358128675360334,15.708059831340721,16.644262313842773,739105000
NVDA,2022-05-23,16.225511121055842,16.864601980883076,16.130794862027443,16.847652435302734,639889000
NVDA,2022-05-24,16.460813405318188,16.54755410720824,15.732987737093548,16.105873107910156,588550000
NVDA,2022-05-25,15.972266924739577,17.0600157624615,15.952326060763912,16.924421310424805,781132000
NVDA,2022-05-26,15.988220610755953,18.038094588752674,15.974262384109384,17.797813415527344,996575000
NVDA,2022-05-27,18.1318174179565,18.82474642934616,18.046073205336302,18.754955291748047,738379000
NVDA,2022-05-31,18.923448310065066,19.14279403338094,18.295326242537005,18.61636734008789,664100000
NVDA,2022-06-01,18.668216603337324,18.9962349851399,18.068008952451528,18.265419006347656,544514000
NVDA,2022-06-02,18.237500543404728,19.560546538437922,18.14378074438324,19.533626556396484,648656000
NVDA,2022-06-03,19.025149434663984,19.274404605825605,18.466816482062402,18.664226531982422,598779000
NVDA,2022-06-06,19.081980946985432,19.279391018883036,18.508693228823383,18.730031967163086,422406000
NVDA,2022-06-07,18.416967656771526,18.94339449795544,18.133813364518677,18.86961555480957,388914000
NVDA,2022-06-08,18.74695362356912,19.12689931949138,18.4836845843309,18.596372604370117,363252000
NVDA,2022-06-09,18.42983139770459,18.880579582283133,17.991049120633004,17.998029708862305,395574000
NVDA,2022-06-10,17.551268086229637,17.64799962656787,16.82229123999066,16.927001953125,465248000
NVDA,2022-06-13,15.955703971257755,16.266840472595092,15.562794707707624,15.603681564331055,604153000
NVDA,2022-06-14,15.687446432401757,16.021518975223227,15.369329385877796,15.792156219482422,469680000
NVDA,2022-06-15,16.05043621718236,16.82129668540045,15.88190446378965,16.48124122619629,563936000
NVDA,2022-06-16,15.816089727372347,15.897863432906357,15.358360878066698,15.557806968688965,545749000
NVDA,2022-06-17,15.604677679322638,15.950717118320277,15.285563915858456,15.83603572845459,630334000
NVDA,2022-06-21,16.429388214877477,16.960911609240924,16.361575686273117,16.5201358795166,483089000
NVDA,2022-06-22,16.18107512298737,16.615868797299967,16.135202954286214,16.31470489501953,437135000
NVDA,2022-06-23,16.473267119438244,16.53908438669256,15.80911149125112,16.180082321166992,463680000
NVDA,2022-06-24,16.454320190454215,17.092547758876677,16.264845667803225,17.07858657836914,472153000
NVDA,2022-06-27,17.264072406028497,17.282022223468143,16.579970759321082,16.822298049926758,427968000
NVDA,2022-06-28,16.85321143493184,17.154375384027293,15.90085545872729,15.937753677368164,461149000
NVDA,2022-06-29,15.770218251263673,15.776201206281394,15.128001145361374,15.498970985412598,482352000
NVDA,2022-06-30,15.31847053785556,15.52390051921732,14.820852506876262,15.117030143737793,686070000
NVDA,2022-07-01,14.857751323588166,15.021296837715987,14.352155016267275,14.482791900634766,577610000
NVDA,2022-07-05,14.13575420188145,14.929549863734284,14.016086557176527,14.922569274902344,651397000
NVDA,2022-07-06,14.968442325940817,15.27658681871812,14.748053534921276,15.088109970092773,529066000
NVDA,2022-07-07,15.413208995404638,15.900854523259023,15.346394102933195,15.814095497131348,492903000
NVDA,2022-07-08,15.387281829188536,15.992601679207207,15.346394973873567,15.79415225982666,467972000
NVDA,2022-07-11,15.483015309181383,15.484012943856513,14.996366451757986,15.110051155090332,437321000
NVDA,2022-07-12,15.22572805239749,15.388276870570849,14.83581079611465,15.040243148803711,458483000
NVDA,2022-07-13,14.549606661502255,15.332433178961859,14.424952733218012,15.122016906738281,521918000
NVDA,2022-07-14,15.06617297485196,15.430162236147307,14.687224899011335,15.329442024230957,456235000
NVDA,2022-07-15,15.61564448706349,15.738303123925864,15.402236300317565,15.718358993530273,385935000
NVDA,2022-07-18,16.256861125490182,16.85021293384526,15.95769256206536,16.05641746520996,670517000
NVDA,2022-07-19,16.440358091474902,17.062631077163257,16.127228231279975,16.944957733154297,702366000
NVDA,2022-07-20,16.900082197018165,17.88335248572077,16.754486493931914,17.757699966430664,760538000
NVDA,2022-07-21,17.835484504614854,18.093766321144624,17.496425663382336,18.00002670288086,557049000
NVDA,2022-07-22,17.843463625700892,17.917258166341586,17.089556062811305,17.271053314208984,536671000
NVDA,2022-07-25,16.971880453577725,17.076591197104143,16.602905897371375,16.97686767578125,480748000
NVDA,2022-07-26,16.84224178303558,16.872159411075533,16.43238035984879,16.487228393554688,397865000
NVDA,2022-07-27,16.984842903526864,17.886341221329417,16.866172897497414,17.740745544433594,569776000
NVDA,2022-07-28,17.925233960102176,18.089776144359217,17.391715338129444,17.934207916259766,474646000
NVDA,2022-07-29,17.763683382729887,18.193489890290078,17.64301808926749,18.112714767456055,435460000
NVDA,2022-08-01,18.131662250640616,18.793825424102035,17.94019436661478,18.38994598388672,476469000
NVDA,2022-08-02,18.07182959440469,18.885570510659182,18.041911963650172,18.47471046447754,489527000
NVDA,2022-08-03,18.133657657387115,18.915487551007924,18.08678689420816,18.840694427490234,418146000
NVDA,2022-08-04,18.796812618454407,19.22063513569803,18.708058337909296,19.16179847717285,409652000
NVDA,2022-08-05,18.75792468015069,19.17576531807126,18.61432423658541,18.936429977416992,386068000
NVDA,2022-08-08,17.45354536402082,18.188504443935763,17.19426496293747,17.743738174438477,981859000
NVDA,2022-08-09,17.204237068091455,17.398696888442636,16.67769900606931,17.0386962890625,668263000
NVDA,2022-08-10,17.64900050219798,18.06783774802281,17.269054837998027,18.04689598083496,597422000
NVDA,2022-08-11,18.080808036836622,18.65521369530522,17.8265128942713,17.892330169677734,509327000
NVDA,2022-08-12,18.109721945226894,18.666177625548745,17.903294316475968,18.657201766967773,478094000
NVDA,2022-08-15,18.649224212452747,19.1109416861416,18.561468505502724,18.979307174682617,457666000
NVDA,2022-08-16,18.867621402461417,19.089006932991676,18.449780750266285,18.82673454284668,451240000
NVDA,2022-08-17,18.47171804037453,18.63626023321667,18.09476431039142,18.284236907958984,446799000
NVDA,2022-08-18,18.2503302730506,18.812767894027008,18.132656951420675,18.721023559570312,415447000
NVDA,2022-08-19,18.35504051013906,18.468725204485096,17.720801686073024,17.799583435058594,441588000
NVDA,2022-08-22,17.441578126782925,17.509390657788362,16.91902867077679,16.986841201782227,409593000
NVDA,2022-08-23,16.94196640912856,17.4166484395593,16.923018006184385,17.133434295654297,369986000
NVDA,2022-08-24,16.964898742460186,17.35780889595624,16.848223999149923,17.174318313598633,522661000
NVDA,2022-08-25,16.797361087067873,17.89730766715579,16.786391864139294,17.863401412963867,770691000
NVDA,2022-08-26,17.80755957837467,17.874373512103524,16.19204404414736,16.214981079101562,769127000
NVDA,2022-08-29,15.97564814658675,16.29276663412164,15.723348333249264,15.757253646850586,496132000
NVDA,2022-08-30,15.915814125564097,15.994594931513266,15.139968172102677,15.425176620483398,530181000
NVDA,2022-08-31,15.3414069074727,15.496975134961382,14.917583393679934,15.052209854125977,573710000
NVDA,2022-09-01,14.169660919691056,14.340187972290808,13.233261435486058,13.898414611816406,1178865000
NVDA,2022-09-02,14.060961579559567,14.13176414907431,13.553370076539666,13.60921573638916,743157000
NVDA,2022-09-06,13.692984371926862,13.740851814141763,13.314036323816168,13.42772102355957,535751000
NVDA,2022-09-07,13.529467069211695,13.803787740228488,13.313003564331206,13.680093765258789,512657000
NVDA,2022-09-08,13.425724579883743,13.973368010349136,13.335947888457856,13.955411911010742,624873000
NVDA,2022-09-09,14.121999030627672,14.438215695022928,14.091076486708564,14.351430892944336,486612000
NVDA,2022-09-12,14.333476599142045,14.511036035425132,14.162898875313989,14.46914005279541,484159000
NVDA,2022-09-13,13.767878093148786,13.887581309355834,13.06661601426547,13.098536491394043,714956000
NVDA,2022-09-14,13.22123276604588,13.25714401689083,12.881076192438005,13.095544815063477,588507000
NVDA,2022-09-15,12.982825342829914,13.200285874328177,12.758381195489553,12.897037506103516,523625000
NVDA,2022-09-16,12.710497968812046,13.179336268504516,12.585807002502516,13.16537094116211,670751000
NVDA,2022-09-19,12.97983183509863,13.429717086609914,12.977836924096026,13.348917007446289,569685000
NVDA,2022-09-20,13.182329079094677,13.44966616014184,13.024719705664902,13.143424987792969,524818000
NVDA,2022-09-21,13.18033355166007,13.996311035255735,13.077587561187178,13.228214263916016,807679000
NVDA,2022-09-22,13.037687792673827,13.116492959222398,12.39727571074283,12.529946327209473,759162000
NVDA,2022-09-23,12.389295442898492,12.579823238873681,12.22669830375946,12.485057830810547,663309000
NVDA,2022-09-26,12.460121401962885,12.627706312935176,12.183805742416402,12.197771072387695,547343000
NVDA,2022-09-27,12.47607929062904,12.70451323216134,12.227695289178223,12.382311820983887,553854000
NVDA,2022-09-28,12.379318359284666,12.791297397761815,12.323457052729534,12.704512596130371,542414000
NVDA,2022-09-29,12.417224823009533,12.469096309319497,11.916466059827378,12.189788818359375,532763000
NVDA,2022-09-30,12.057118225117197,12.601768874936441,12.045147807986924,12.108989715576172,565638000
NVDA,2022-10-03,12.316475611950034,12.646657634128852,12.075073310975306,12.481067657470703,547478000
NVDA,2022-10-04,12.847160878067555,13.187318430145417,12.847160878067555,13.134449005126953,584182000
NVDA,2022-10-05,12.879081259534201,13.288067492068219,12.589798244962582,13.17634391784668,507131000
NVDA,2022-10-06,13.187317554392024,13.622239538294219,13.07060622540916,13.097539901733398,644157000
NVDA,2022-10-07,12.474084749119333,12.638676791416017,11.992279039061453,12.04614543914795,672478000
NVDA,2022-10-10,12.007239883816968,12.094024681790135,11.379795288609536,11.64114761352539,698699000
NVDA,2022-10-11,11.532417118510912,11.816712348676244,11.255104551505667,11.557355880737305,667482000
NVDA,2022-10-12,11.550374224944592,11.705987738753207,11.316952527256786,11.471569061279297,492590000
NVDA,2022-10-13,10.943877022867374,12.048140628446744,10.786267640804748,11.930432319641113,850103000
NVDA,2022-10-14,12.027192471424224,12.081058872016744,11.176301596444594,11.199244499206543,713432000
NVDA,2022-10-17,11.489522205300748,11.918459364976009,11.48852522568865,11.858607292175293,580774000
NVDA,2022-10-18,12.3134849243043,12.46111882553518,11.589279797301561,11.937417030334473,659362000
NVDA,2022-10-19,11.849631206949502,12.3194674213086,11.804742384541735,12.02120590209961,523131000
NVDA,2022-10-20,12.083052622860917,12.737430913529549,12.07507202855851,12.16385269165039,652398000
NVDA,2022-10-21,12.068090417832614,12.467102092739703,11.85761257031653,12.4351806640625,609494000
NVDA,2022-10-24,12.477077391333092,12.678577660700563,12.034174829585528,12.567852020263672,517457000
NVDA,2022-10-25,12.662616631719668,13.267118353397784,12.632690116328606,13.228214263916016,505482000
NVDA,2022-10-26,12.837184898566917,13.354900896725308,12.676582681545735,12.864117622375488,532953000
NVDA,2022-10-27,13.59630304820485,13.803788998303101,13.089558589412318,13.143424987792969,583113000
NVDA,2022-10-28,13.07160504486287,13.815761110569417,13.02871112658398,13.799799919128418,521040000
NVDA,2022-10-31,13.743936087967768,13.803788166627177,13.264125332932366,13.463630676269531,486341000
NVDA,2022-11-01,13.776857657030414,13.890576156938616,13.4855796937393,13.509520530700684,432817000
NVDA,2022-11-02,13.815759886644688,14.174869538553562,13.17833970749939,13.186319351196289,672628000
NVDA,2022-11-03,13.01075449802835,13.74692988442399,12.92396969143258,13.387819290161133,500065000
NVDA,2022-11-04,13.95142241289194,14.193821673388257,13.663136398930058,14.121002197265625,612576000
NVDA,2022-11-07,14.192825541805423,14.376370676305802,13.919503702415724,14.265645027160645,410061000
NVDA,2022-11-08,14.764408236163073,14.854185888099915,14.18085444989022,14.565900802612305,595292000
NVDA,2022-11-09,14.126988780724597,14.175868382440134,13.724985188452262,13.741943359375,454414000
NVDA,2022-11-10,14.763409444549325,15.734003424063605,14.51103468975513,15.711060523986816,700819000
NVDA,2022-11-11,15.767920535169456,16.348481436653724,15.443724222491777,16.28663444519043,655487000
NVDA,2022-11-14,16.17790566297231,16.49911010478808,15.882636965812782,16.254714965820312,527852000
NVDA,2022-11-15,16.680661045178866,16.955977806854108,16.341501419582265,16.624799728393555,545876000
NVDA,2022-11-16,16.122046243615287,16.321550677943026,15.833760176522755,15.870668411254883,649547000
NVDA,2022-11-17,15.67614983892832,16.22578826120925,15.496594526959475,15.638243675231934,710894000
NVDA,2022-11-18,15.926527067026893,15.962439267152297,15.082618903576678,15.370904922485352,492072000
NVDA,2022-11-21,15.109553993521583,15.438738093483565,15.042719242364662,15.279133796691895,404739000
NVDA,2022-11-22,15.290107226570333,16.01830306476984,15.084616158544712,15.99835205078125,472866000
NVDA,2022-11-23,16.05820212549382,16.486142404800624,16.008326496462395,16.478160858154297,427241000
NVDA,2022-11-25,16.277659960613633,16.44624088571978,16.1320209884095,16.229778289794922,167934000
NVDA,2022-11-28,15.98637975502715,16.31656273871607,15.68612519322037,15.787872314453125,303741000
NVDA,2022-11-29,15.787871013684132,15.89261191979211,15.48163079273218,15.600336074829102,298384000
NVDA,2022-11-30,15.662199992090873,16.89246723894382,15.562422258629718,16.885482788085938,565298000
NVDA,2022-12-01,16.961313400800822,17.22672251600334,16.59812007687738,17.09701156616211,470977000
NVDA,2022-12-02,16.62207070441096,16.895463468352688,16.408544399522622,16.83858871459961,371389000
NVDA,2022-12-05,16.64202078226574,16.957320143368804,16.43547900431618,16.57317352294922,352255000
NVDA,2022-12-06,16.493353544908274,16.53625748277145,15.783929395985323,15.951557159423828,352694000
NVDA,2022-12-07,15.737028239030783,16.15011076540868,15.632260566162017,16.084257125854492,372388000
NVDA,2022-12-08,16.236924067023104,17.140915635032428,15.923619112619104,17.130937576293945,515456000
NVDA,2022-12-09,17.121952377755747,17.54401482926612,16.937363096057506,16.96330451965332,465338000
NVDA,2022-12-12,16.999227301100692,17.499115967644453,16.75975964222129,17.496122360229492,457328000
NVDA,2022-12-13,18.489912854613223,18.748339371405248,17.671731278565026,18.031930923461914,656589000
NVDA,2022-12-14,17.947122938893273,18.21153673692968,17.38138052214265,17.634817123413086,496888000
NVDA,2022-12-15,17.107985485394817,17.281599496574888,16.662975165285864,16.91441535949707,478542000
NVDA,2022-12-16,16.826617185148372,17.00322486751563,16.37362311397485,16.534265518188477,478232000
NVDA,2022-12-19,16.53525994983705,16.57217667143344,16.109206574205285,16.21796417236328,354039000
NVDA,2022-12-20,16.02838213221396,16.27383699113288,15.816853236020515,16.049335479736328,403260000
NVDA,2022-12-21,16.078275356146534,16.590138515163844,16.066300925017234,16.46441650390625,325025000
NVDA,2022-12-22,16.05831892986543,16.102222004625823,14.849006080737974,15.30499267578125,565045000
NVDA,2022-12-23,15.162311789148932,15.304994419476047,14.850005959024218,15.172289848327637,349326000
NVDA,2022-12-27,15.04058027199165,15.066522651056324,14.024836646016347,14.089693069458008,464902000
NVDA,2022-12-28,13.896123310795858,14.230380640006066,13.853218422811985,14.004881858825684,351066000
NVDA,2022-12-29,14.370070713593025,14.650446912717559,14.195458504097823,14.570624351501465,354923000
NVDA,2022-12-30,14.302220281186143,14.59656632429452,14.20144437182903,14.581600189208984,310490000
NVDA,2023-01-03,14.818075144951218,14.962754136499147,14.064748866809973,14.283263206481934,401277000
NVDA,2023-01-04,14.5347061931835,14.820071447404848,14.209428703147058,14.716301918029785,431324000
NVDA,2023-01-05,14.458872413551465,14.531710520758232,14.11663246222546,14.233373641967773,389168000
NVDA,2023-01-06,14.44191076025438,14.976722686175162,14.00288666985135,14.826057434082031,405044000
NVDA,2023-01-09,15.25011511747284,16.020402921173815,15.107431553171974,15.593352317810059,504231000
NVDA,2023-01-10,15.472620524555069,15.926611700930899,15.437698272766157,15.873729705810547,384101000
NVDA,2023-01-11,15.804879484223367,15.992462373962717,15.52849322617225,15.965521812438965,353285000
NVDA,2023-01-12,16.06430389569738,16.600112025362304,15.45765118323187,16.47439193725586,551409000
NVDA,2023-01-13,16.24191245912775,16.884485751855593,16.129164009129322,16.861536026000977,447287000
NVDA,2023-01-17,16.861533003782395,17.688695480685343,16.861533003782395,17.662752151489258,511102000
NVDA,2023-01-18,17.627828386104188,17.833371016829354,17.243681783190326,17.338472366333008,439624000
NVDA,2023-01-19,16.998228042242104,17.158872284903268,16.693905869643526,16.727828979492188,452932000
NVDA,2023-01-20,16.973284656262667,17.816412427942808,16.787698117134013,17.799449920654297,564967000
NVDA,2023-01-23,18.0239511412495,19.202334514054723,17.77849813911899,19.150449752807617,655163000
NVDA,2023-01-24,18.785259468912272,19.45177965907979,18.778275018636265,19.222288131713867,496204000
NVDA,2023-01-25,18.871071892196763,19.32705950006516,18.538809936927446,19.280162811279297,449537000
NVDA,2023-01-26,19.65732458647775,20.12129386890338,19.235262010529773,19.758100509643555,489535000
NVDA,2023-01-27,19.418849333138702,20.582264478452693,19.361976503519905,20.319847106933594,542142000
NVDA,2023-01-30,19.90576740996117,20.095344769702777,19.107540036562035,19.11951446533203,488611000
NVDA,2023-01-31,19.127497873404206,19.64335181995639,18.907986325068734,19.493684768676758,498017000
NVDA,2023-02-01,19.647345080075983,21.145016818201913,19.567522516028927,20.896570205688477,660477000
NVDA,2023-02-02,20.953438165318428,21.90033342006355,20.654104095633148,21.660865783691406,564276000
NVDA,2023-02-03,20.95344207269312,21.696791212168588,20.74290942748652,21.053220748901367,429366000
NVDA,2023-02-06,20.7598742206852,21.522180421955568,20.739918102623005,21.042247772216797,452197000
NVDA,2023-02-07,21.334593701458743,22.20965010200628,21.103107721044175,22.12384033203125,664150000
NVDA,2023-02-08,22.33736696829217,22.827279543884256,21.959207503696422,22.155771255493164,559651000
NVDA,2023-02-09,22.555878249188314,22.968959875402295,22.07095576094419,22.287473678588867,523876000
NVDA,2023-02-10,21.641916327173853,22.02905476040814,20.764865257149385,21.217857360839844,550737000
NVDA,2023-02-13,21.49024697725974,21.99911645552033,20.91552384659178,21.73969268798828,474919000
NVDA,2023-02-14,21.530157577256894,22.997896827890425,21.318627718423105,22.92007064819336,675474000
NVDA,2023-02-15,22.499008003095835,22.804329348665444,22.056991258302702,22.713531494140625,420575000
NVDA,2023-02-16,22.08393238042942,22.50000774301944,21.87838968971364,21.953224182128906,412026000
NVDA,2023-02-17,21.58304317749563,21.691800771351655,20.92849743532747,21.3405818939209,465888000
NVDA,2023-02-21,20.953441579866375,21.44634583081081,20.5722885301492,20.609207153320312,410015000
NVDA,2023-02-22,20.661090150563847,21.05720930150761,20.375723053454355,20.707984924316406,513184000
NVDA,2023-02-23,23.388031723311734,23.83503841711281,22.97395090605858,23.611534118652344,1117995000
NVDA,2023-02-24,23.17350751127071,23.421955993730073,22.89612399551086,23.234371185302734,589716000
NVDA,2023-02-27,23.61751850763343,23.827051978192486,23.401997822738508,23.44889259338379,452994000
NVDA,2023-02-28,23.320184085898383,23.772180806302725,23.15455174201123,23.16452980041504,455963000
NVDA,2023-03-01,23.14058460599458,23.204443804026024,22.458100964699696,22.647680282592773,460026000
NVDA,2023-03-02,22.43814303132255,23.328163685156042,22.382265528634285,23.262310028076172,389415000
NVDA,2023-03-03,23.268296382829778,23.847010375257764,23.078717103361356,23.837032318115234,412393000
NVDA,2023-03-06,23.838034225602097,24.19424120106475,23.434928663312892,23.501781463623047,437429000
NVDA,2023-03-07,23.551677824513874,24.07560247170694,23.193411743392723,23.24031639099121,515154000
NVDA,2023-03-08,23.438909531706024,24.150450902284962,23.376038799236685,24.131488800048828,513573000
NVDA,2023-03-09,24.12549713017086,24.403927067293445,23.335119057261018,23.388011932373047,501257000
NVDA,2023-03-10,23.36106553205838,23.578619542231447,22.679463555166457,22.9179744720459,474866000
NVDA,2023-03-13,22.70541142718648,23.2502929083055,22.251343209013474,22.91897201538086,421890000
NVDA,2023-03-14,23.44789249237886,24.169411731602075,23.411964998999608,24.013731002807617,474910000
NVDA,2023-03-15,23.71234953099833,24.2362742238191,23.312171498969583,24.178394317626953,524486000
NVDA,2023-03-16,23.977802891862606,25.535605516897093,23.845073897032023,25.48870277404785,583253000
NVDA,2023-03-17,25.928800789668877,26.34494677671912,25.615442640620632,25.672327041625977,848547000
NVDA,2023-03-20,25.562547632598424,25.970710514368694,25.078540163743003,25.84696388244629,432747000
NVDA,2023-03-21,26.126395026788483,26.337960836204616,25.329031245204536,26.145355224609375,547408000
NVDA,2023-03-22,26.37088997719431,27.532507969585293,26.183275210273973,26.413803100585938,797295000
NVDA,2023-03-23,27.059477978352234,27.442692460706514,26.635348987272323,27.13532257080078,564889000
NVDA,2023-03-24,26.975655534647398,27.11137676176223,26.301039016509158,26.724170684814453,454920000
NVDA,2023-03-27,26.782050151047695,26.944716509158773,26.3110164665487,26.47667694091797,361026000
NVDA,2023-03-28,26.392853322575707,26.458718179966013,25.797075489348362,26.355928421020508,356104000
NVDA,2023-03-29,26.770074250919894,27.02255456693602,26.542540461107045,26.928747177124023,393694000
NVDA,2023-03-30,27.17324699449219,27.44269460926943,27.04650622795167,27.32693099975586,364516000
NVDA,2023-03-31,27.084432189356225,27.777011517821233,27.049504001618953,27.720129013061523,433933000
NVDA,2023-04-03,27.45267208283813,27.94266591204821,27.280025990589856,27.907737731933594,398716000
NVDA,2023-04-04,27.908737736009,27.94266851512213,27.25108667754047,27.396787643432617,368592000
NVDA,2023-04-05,26.774062779224042,26.942715439128293,26.340951464980066,26.825956344604492,515015000
NVDA,2023-04-06,26.52956827718351,27.024552994988376,26.372890149473246,26.98164176940918,397654000
NVDA,2023-04-10,26.768080783046805,27.56444724045996,26.61439676276979,27.522533416748047,395279000
NVDA,2023-04-11,27.66723481289394,27.7330996597478,27.070457767266205,27.113370895385742,314378000
NVDA,2023-04-12,27.313958486817846,27.4117573972983,26.393845475280525,26.440750122070312,446259000
NVDA,2023-04-13,26.67925848324337,26.83194507729408,26.275088982964736,26.4088134765625,353615000
NVDA,2023-04-14,26.449729310820583,26.82795296952223,26.166310441978037,26.703208923339844,395660000
NVDA,2023-04-17,26.510605128627287,26.95070210668743,26.37887544680579,26.94671058654785,321471000
NVDA,2023-04-18,27.476627054688475,28.05244531067526,27.300986821273888,27.6103515625,604812000
NVDA,2023-04-19,27.304977218888993,27.94266877758147,27.176241641344223,27.873809814453125,358660000
NVDA,2023-04-20,27.61434236358742,27.972608458107462,26.9447167273433,27.048503875732422,427713000
NVDA,2023-04-21,26.896811075410813,27.12733896388513,26.667282494525807,27.06346893310547,345103000
NVDA,2023-04-24,26.957691440868356,27.309967410410923,26.61639072563291,26.986631393432617,339282000
NVDA,2023-04-25,27.02255529680181,27.191209883551597,26.17130312906319,26.18726921081543,378527000
NVDA,2023-04-26,26.946709851264895,27.27403733509567,26.65031712353252,26.900802612304688,406337000
NVDA,2023-04-27,27.306974277389113,27.438703972842852,26.57048448729234,27.17025375366211,377161000
NVDA,2023-04-28,27.1692571711631,27.70116489389645,27.015571252856407,27.692184448242188,292216000
NVDA,2023-05-01,27.782996461743867,28.99850296142685,27.723119847489293,28.850805282592773,570329000
NVDA,2023-05-02,28.621271917225346,28.77695261116226,28.025494279618155,28.152233123779297,402730000
NVDA,2023-05-03,27.782995617159955,28.30891697061435,27.415749094927655,27.745073318481445,383387000
NVDA,2023-05-04,27.594378381183077,27.801952644290193,27.18422068244442,27.50556182861328,321850000
NVDA,2023-05-05,27.76902351276572,28.696120235561477,27.67421872062941,28.621274948120117,361494000
NVDA,2023-05-08,28.46359684267218,29.160167550884644,28.291950055367597,29.09130859375,344979000
NVDA,2023-05-09,28.83983214090496,28.91368003888261,28.391752020704196,28.512502670288086,314869000
NVDA,2023-05-10,28.94561039227481,29.053390963914687,28.402725530757564,28.825857162475586,369350000
NVDA,2023-05-11,28.836833229798795,28.89072351358173,28.18816453314951,28.51948356628418,322149000
NVDA,2023-05-12,28.470579317687932,28.721066689866337,27.98856857470663,28.281967163085938,274222000
NVDA,2023-05-15,28.449626392092515,28.90968288930767,28.09435634331566,28.893714904785156,293926000
NVDA,2023-05-16,28.781944947212995,29.808839206478215,28.77296450239682,29.153182983398438,449405000
NVDA,2023-05-17,29.52342540212538,30.13716594058163,29.369741392303435,30.116209030151367,432535000
NVDA,2023-05-18,30.347732971846412,31.76282877397273,30.257917101676483,31.613136291503906,748725000
NVDA,2023-05-19,31.471424084571897,31.515334611569322,30.852694703812897,31.199981689453125,473908000
NVDA,2023-05-22,30.837730791979848,31.455464805602023,30.617184512052074,31.11216926574707,372000000
NVDA,2023-05-23,30.936527392343383,31.223937817936044,30.568283438861428,30.625165939331055,356253000
NVDA,2023-05-24,30.14814207840876,30.544330458079507,29.744969965607368,30.47547149658203,721419000
NVDA,2023-05-25,38.44412056648187,39.39916178020132,36.55998587698389,37.9022331237793,1543911000
NVDA,2023-05-26,37.812419131021514,39.08979709643769,37.47311513309701,38.86625671386719,714397000
NVDA,2023-05-30,40.511887479530465,41.85213634439199,39.86721018390679,40.02887725830078,923401000
NVDA,2023-05-31,39.40714734389047,40.212494220771234,37.7445581109248,37.756534576416016,1002580000
NVDA,2023-06-01,38.410192719285774,39.967997415586815,38.26149953067262,39.68857192993164,635873000
NVDA,2023-06-02,40.014895164925456,40.4170698367897,38.97802122010776,39.2464714050293,482731000
NVDA,2023-06-05,38.829332843104154,39.483987893521245,38.62774678025024,39.090797424316406,396094000
NVDA,2023-06-06,38.750490280084,39.0798125649745,38.069883785123146,38.57484817504883,388729000
NVDA,2023-06-07,38.8393365135724,39.42220064737449,37.28336583715142,37.40213394165039,511998000
NVDA,2023-06-08,37.650648624822814,38.788431404042456,37.43207648828261,38.43511962890625,417772000
NVDA,2023-06-09,38.96109737948555,39.6337866781629,38.492013810296655,38.694618225097656,427717000
NVDA,2023-06-12,39.12378588583667,39.453142301230535,38.542916712430916,39.405235290527344,388701000
NVDA,2023-06-13,40.107864800357326,41.0210866253636,39.66273283742683,40.942237854003906,613208000
NVDA,2023-06-14,40.744623565348384,42.91639126476324,40.47314927155152,42.91339874267578,740465000
NVDA,2023-06-15,42.51917264005908,43.20483722073351,42.06505544214176,42.570072174072266,568622000
NVDA,2023-06-16,43.365526905874255,43.63599994649347,42.578059387999325,42.60900115966797,655709000
NVDA,2023-06-20,42.914401391724816,43.90447325497645,42.591030025374586,43.72282409667969,451153000
NVDA,2023-06-21,43.416422222584046,43.53020280046162,41.998187390967416,42.961307525634766,551603000
NVDA,2023-06-22,42.17085433578644,43.34157424257744,42.151894075828324,42.94135665893555,417737000
NVDA,2023-06-23,42.38143932936339,42.725765968157205,41.9333109957247,42.12693405151367,358140000
NVDA,2023-06-26,42.378431988802625,42.680844198284284,40.02202295548009,40.5529899597168,594322000
NVDA,2023-06-27,40.71967293420545,41.858453292545065,40.369357466339395,41.794578552246094,462175000
NVDA,2023-06-28,40.58094379252524,41.76364114383004,40.43922159164072,41.03705596923828,582639000
NVDA,2023-06-29,41.47719909021722,41.51911724853508,40.52106150883683,40.74263000488281,380514000
NVDA,2023-06-30,41.59896849845373,42.46727602955201,41.420315646901514,42.219757080078125,501148000
NVDA,2023-07-03,42.434329951938,42.814589668673115,42.11994379587202,42.33053207397461,198209000
NVDA,2023-07-05,42.053076792694064,43.09305068763653,42.00317476731274,42.23472595214844,323618000
NVDA,2023-07-06,41.76265332751653,42.09700114412261,41.26562038709098,42.021148681640625,303582000
NVDA,2023-07-07,42.239708925322894,43.12997664792233,42.097986731680244,42.42035675048828,355881000
NVDA,2023-07-10,42.57405415164483,42.72775402565993,41.5680109980779,42.09798049926758,353908000
NVDA,2023-07-11,42.39839271086936,42.67485449787715,41.98520009844485,42.322540283203125,298244000
NVDA,2023-07-12,42.949329116868,43.84957572671799,42.69382635632928,43.8166389465332,481277000
NVDA,2023-07-13,44.43144099690916,46.06525525133524,44.405490576503716,45.887603759765625,478204000
NVDA,2023-07-14,46.49243252940778,47.994507542631396,44.97239476607481,45.38059997558594,772075000
NVDA,2023-07-17,46.1990038397671,46.40559830268811,45.1740001632929,46.37066650390625,510488000
NVDA,2023-07-18,46.6101959109385,47.80287207706954,45.64507706670889,47.40165328979492,569164000
NVDA,2023-07-19,47.37171842574284,47.72503024968798,46.65112205838491,46.985469818115234,427502000
NVDA,2023-07-20,46.41657614955658,46.99545027981004,44.974385975713794,45.431495666503906,537865000
NVDA,2023-07-21,45.69896747652268,45.776818736395064,44.01424991772626,44.222843170166016,963769000
NVDA,2023-07-24,44.644025212328465,45.02129240158318,43.95437069346409,44.5252571105957,382516000
NVDA,2023-07-25,44.85362300335587,46.093204951452925,44.835656447425045,45.590187072753906,348081000
NVDA,2023-07-26,45.93151847506049,45.96345774796509,44.54322423850326,45.363624572753906,364237000
NVDA,2023-07-27,46.42855649018283,47.302852779891246,45.66105061247082,45.810760498046875,455976000
NVDA,2023-07-28,46.577265904182916,46.93556908272483,46.2908251472219,46.65910720825195,331194000
NVDA,2023-07-31,46.6630907290073,47.038359066996236,46.415571856481925,46.63813781738281,251055000
NVDA,2023-08-01,46.369666884333206,46.8088138287661,45.93751010661882,46.41657638549805,237858000
NVDA,2023-08-02,45.74189331269121,45.75087468728102,43.302644871740895,44.18292999267578,530142000
NVDA,2023-08-03,43.714841517541664,45.03027980086514,43.714841517541664,44.42845153808594,324176000
NVDA,2023-08-04,44.897535492129286,45.55325576078865,44.30668747221976,44.5931282043457,362666000
NVDA,2023-08-07,45.02328860387296,45.451455331655026,44.47635377122551,45.32869338989258,322154000
NVDA,2023-08-08,44.76578774990283,45.154031311172126,43.970336566145846,44.57715606689453,353843000
NVDA,2023-08-09,44.187917131866904,44.22584525940291,42.05207850406444,42.47126388549805,586449000
NVDA,2023-08-10,42.07802282876671,43.48927487176825,41.753654005905524,42.305580139160156,492705000
NVDA,2023-08-11,41.66981614067662,41.93629907044149,40.5599788718329,40.77555847167969,533085000
NVDA,2023-08-14,40.40728424676243,43.714840105511556,40.23262525589616,43.667930603027344,690286000
NVDA,2023-08-15,44.473365790467945,45.17998944739272,43.62501611478745,43.85456848144531,676512000
NVDA,2023-08-16,44.43343331071029,44.58813070182248,43.32159721036821,43.40144348144531,527451000
NVDA,2023-08-17,43.88451365983629,43.976333846961566,42.917395846957874,43.25973129272461,452395000
NVDA,2023-08-18,42.55210279035976,43.4932701006516,41.57900001272248,43.214813232421875,583768000
NVDA,2023-08-21,44.407491420923556,46.97349186656967,44.13602090022551,46.87568283081055,692573000
NVDA,2023-08-22,48.04141091720703,48.09331176452581,45.24486061801989,45.57920837402344,755293000
NVDA,2023-08-23,45.77682903768783,47.10823512648874,45.12010736864763,47.02439880371094,779046000
NVDA,2023-08-24,50.11836604551162,50.16826807045973,47.06731047667301,47.0713005065918,1156044000
NVDA,2023-08-25,46.92059076298821,47.71204812043245,44.9364534643998,45.928524017333984,925341000
NVDA,2023-08-28,46.39162792536596,46.88866080793937,44.80072902830529,46.74394226074219,685192000
NVDA,2023-08-29,46.575266020642104,48.985571364963455,46.30079918990067,48.68914794921875,701397000
NVDA,2023-08-30,48.94863563426867,49.829918115562,48.33083976005429,49.168209075927734,735206000
NVDA,2023-08-31,49.28399374905417,49.64728445636799,48.86281334141854,49.25904083251953,528570000
NVDA,2023-09-01,49.665250288293905,49.70317460901009,48.04839726391632,48.4146842956543,463830000
NVDA,2023-09-05,48.129240595849275,48.75602175102256,47.76694740479326,48.453609466552734,382653000
NVDA,2023-09-06,48.35079314460042,48.4585899209421,46.49325871140174,46.97336196899414,468670000
NVDA,2023-09-07,45.440229441727205,46.25770462589442,45.067922908266546,46.1548957824707,433330000
NVDA,2023-09-08,45.8564467422701,46.51920787567737,45.18669486734432,45.48713302612305,473069000
NVDA,2023-09-11,46.062063171640766,46.07703462980452,44.229483586598796,45.0938720703125,473966000
NVDA,2023-09-12,44.6546914479524,45.587951736657104,44.44807617569655,44.78644561767578,349256000
NVDA,2023-09-13,44.516948715229006,45.844473946840324,44.420129217307256,45.40030288696289,398355000
NVDA,2023-09-14,45.86443278415264,45.90136263395265,45.0469576802591,45.49612045288086,370097000
NVDA,2023-09-15,45.256567267439614,45.514086250608685,43.7264210191702,43.81825256347656,506831000
NVDA,2023-09-18,42.668394445794135,44.15961175484726,41.92178629799531,43.884124755859375,500271000
NVDA,2023-09-19,43.75138559586022,43.88413737856735,42.921931591888146,43.438968658447266,373064000
NVDA,2023-09-20,43.51881278602881,43.82124998391259,42.14437793528599,42.16034698486328,367108000
NVDA,2023-09-21,41.505568360727295,42.021603947761406,40.903690569058845,40.94062042236328,450736000
NVDA,2023-09-22,41.49459285327168,42.036584881029356,41.1542281804466,41.53252410888672,479236000
NVDA,2023-09-25,41.51355366859355,42.4567936946112,41.1003231092512,42.14337921142578,419091000
NVDA,2023-09-26,41.92278314195725,42.740258203916966,41.57742680988832,41.832950592041016,402282000
NVDA,2023-09-27,42.2511801171412,42.79217068875673,41.55148521974545,42.388919830322266,444935000
NVDA,2023-09-28,42.38093579889095,43.36509986355093,42.03658080053992,43.008766174316406,424663000
NVDA,2023-09-29,43.74538760189782,44.06179864340564,43.22635545841842,43.417999267578125,397830000
NVDA,2023-10-02,43.94801356401108,45.09088199561907,43.77932952657343,44.69861602783203,433298000
NVDA,2023-10-03,44.72456684968937,45.04596969701848,43.16547499563003,43.435970306396484,470850000
NVDA,2023-10-04,43.660548982906214,44.06080325905543,43.21138616245394,43.95899200439453,361821000
NVDA,2023-10-05,43.96797721587723,44.81639678263096,43.80628011216114,44.60478973388672,393483000
NVDA,2023-10-06,44.11070969679084,45.70373848025028,43.9440208476475,45.676788330078125,434436000
NVDA,2023-10-09,44.7584930492937,45.52007265706839,44.285376719881796,45.188690185546875,409675000
NVDA,2023-10-10,45.22562871384522,46.17285906419018,45.004041982640686,45.71271896362305,368582000
NVDA,2023-10-11,46.109976834306515,46.77174426177856,45.96424879463127,46.718841552734375,378137000
NVDA,2023-10-12,46.68989566086201,47.52034710135052,46.24372943331202,46.857582092285156,481325000
NVDA,2023-10-13,46.87255588078778,47.02826743741539,45.19568386802554,45.376346588134766,474115000
NVDA,2023-10-16,44.97908693457242,46.13892190023753,44.82836714020883,46.0091667175293,375099000
NVDA,2023-10-17,43.918066921379186,44.670664500769895,42.40089687991119,43.85618209838867,812333000
NVDA,2023-10-18,42.51168892025405,43.13852165493323,41.74711648202066,42.11742401123047,627294000
NVDA,2023-10-19,42.731290656514126,43.21638582989178,41.80401951663401,42.022613525390625,501233000
NVDA,2023-10-20,41.81199826924351,42.39092011000652,41.00150997673177,41.3099365234375,477266000
NVDA,2023-10-23,41.152230295210934,43.1674718539468,40.86875871685224,42.89497756958008,478530000
NVDA,2023-10-24,42.99678065247912,43.61562500762833,42.61150169448096,43.581687927246094,401463000
NVDA,2023-10-25,43.317183162193714,43.56871659941446,41.47761668487891,41.70119857788086,398379000
NVDA,2023-10-26,41.77506880872993,42.177318286010724,39.80574303401105,40.250911712646484,541001000
NVDA,2023-10-27,41.053411354619094,41.1292700454015,39.94048596248548,40.424583435058594,416784000
NVDA,2023-10-30,41.01049469201982,41.68822738791205,40.405620307517786,41.084354400634766,388028000
NVDA,2023-10-31,40.37467987980174,40.802881903079644,39.1569503913023,40.704063415527344,517969000
NVDA,2023-11-01,40.80786677095721,42.30208077870125,40.79289531240805,42.246185302734375,437593000
NVDA,2023-11-02,43.247317846401735,43.802282272530825,42.814127888386025,43.42498779296875,409172000
NVDA,2023-11-03,43.93802957100558,45.22462694220357,43.64158173973637,44.92119598388672,424610000
NVDA,2023-11-06,45.2006701825068,45.84946127643141,44.815387407221024,45.665802001953125,400733000
NVDA,2023-11-07,45.63386992886557,46.13193749816825,45.073913725971586,45.86943054199219,343165000
NVDA,2023-11-08,46.01415021384401,46.77972399420801,45.882396057118896,46.48727035522461,346719000
NVDA,2023-11-09,47.37861498022088,48.14019475321026,46.662950986381574,46.862579345703125,540496000
NVDA,2023-11-10,47.41155087354873,48.38174104695151,47.194955890683396,48.2449951171875,421245000
NVDA,2023-11-13,48.23002031531456,49.02453947075824,48.009431181663935,48.52946090698242,384136000
NVDA,2023-11-14,49.58749116388393,49.74120373030796,48.948683517262864,49.563533782958984,416954000
NVDA,2023-11-15,49.8420139297863,49.86696509098912,48.11024418489581,48.79696273803711,475497000
NVDA,2023-11-16,48.588356005845505,49.432781344923285,48.240006851203624,49.38786315917969,339756000
NVDA,2023-11-17,49.43178822340236,49.62442966359735,48.91575254512535,49.20621109008789,325205000
NVDA,2023-11-20,49.22017851068948,50.453877068941594,49.08942192234672,50.31513595581055,414120000
NVDA,2023-11-21,50.03266205340574,50.422932832163035,49.130346021791986,49.85100173950195,565747000
NVDA,2023-11-22,49.7591723537565,50.2412708632355,47.6011956303171,48.62528610229492,899420000
NVDA,2023-11-24,48.37974251431558,48.829902895158824,47.656090292901155,47.687034606933594,294645000
NVDA,2023-11-27,47.7109937696309,48.43963402417859,47.56327053938668,48.15217208862305,395662000
NVDA,2023-11-28,48.146180818273855,48.233020614585215,47.38460109717888,47.73195266723633,401491000
NVDA,2023-11-29,48.288918833586436,48.67120510025969,47.770884217997974,48.05036163330078,382005000
NVDA,2023-11-30,47.934573676190574,48.02041588268528,46.335559349897565,46.68291091918945,526247000
NVDA,2023-12-01,46.43837411108703,47.112116530587656,46.1010022026633,46.67792510986328,369317000
NVDA,2023-12-04,45.99120035967438,45.99120035967438,44.926185864436995,45.425254821777344,437543000
NVDA,2023-12-05,45.385328820380614,46.51731562556562,45.19067511548695,46.48337936401367,371718000
NVDA,2023-12-06,47.13122044302318,47.302916124514056,45.33141833887503,45.42225646972656,380590000
NVDA,2023-12-07,45.618910872891085,46.54626331215597,45.52308054469381,46.51332092285156,350823000
NVDA,2023-12-08,46.51232804934258,47.65629461849747,46.467405912391875,47.42171096801758,359224000
NVDA,2023-12-11,47.40673880790064,47.446664942684954,45.74868658721169,46.54426956176758,509728000
NVDA,2023-12-12,45.96430321028968,47.581427820158346,45.96430321028968,47.572444915771484,372387000
NVDA,2023-12-13,47.54449269431196,48.50778063121328,47.52353004634861,48.00267791748047,447792000
NVDA,2023-12-14,48.30413587026834,48.58363781796952,47.33785498826681,48.26420593261719,391232000
NVDA,2023-12-15,48.10848518903452,49.31633726064535,48.034615184125286,48.80324935913086,479948000
NVDA,2023-12-18,49.31235079913167,50.34351507731144,49.062794375670336,49.9881477355957,412587000
NVDA,2023-12-19,49.33630266590499,49.61181391094036,48.80824198487287,49.51598358154297,464444000
NVDA,2023-12-20,49.566886030204486,49.910277369403474,48.01264971730357,48.02562713623047,397894000
NVDA,2023-12-21,48.724392927903814,49.007889407965415,48.333086371904265,48.903076171875,300425000
NVDA,2023-12-22,49.107708829124014,49.29537497058781,48.38099994161529,48.74335861206055,252507000
NVDA,2023-12-26,48.88111364335506,49.51199224313979,48.87312841671405,49.19156265258789,244200000
NVDA,2023-12-27,49.42315016052461,49.591849010515,48.99790354922427,49.329315185546875,233648000
NVDA,2023-12-28,49.55491912329638,49.79548883206165,49.324326187941345,49.43413162231445,246587000
NVDA,2023-12-29,49.72461566156116,49.90829110638661,48.664499712290464,49.43413162231445,389293000
NVDA,2024-01-02,49.156625856562634,49.20753405733888,47.510553413556266,48.08253479003906,411254000
NVDA,2024-01-03,47.40074947125083,48.09850675959303,47.23604131164446,47.48460006713867,320896000
NVDA,2024-01-04,47.68224884044641,48.41395003873669,47.42370949212884,47.912841796875,306535000
NVDA,2024-01-05,48.37600851565981,49.459082326064205,48.22028328844258,49.00988006591797,415039000
NVDA,2024-01-08,49.424151981929796,52.18225008334284,49.39120958940494,52.16028594970703,642510000
NVDA,2024-01-09,52.30802809263291,54.22861420741035,51.598287244233845,53.04571533203125,773100000
NVDA,2024-01-10,53.52087170860792,54.50312317370562,53.39409433002728,54.25356674194336,533796000
NVDA,2024-01-11,54.90141170121365,55.24779611496442,53.46496584925973,54.72472381591797,596759000
NVDA,2024-01-12,54.523086018906326,54.87246729450568,54.23360346337735,54.6129264831543,352994000
NVDA,2024-01-16,54.920385030235444,56.734158722808395,54.80259436306696,56.28196334838867,449580000
NVDA,2024-01-17,56.24702168282456,56.37080221365978,54.642874592370525,55.95354461669922,474394000
NVDA,2024-01-18,57.15840468720761,57.49780159403606,56.00745052096862,57.00567626953125,491650000
NVDA,2024-01-19,57.88610696898355,59.394427545023596,57.12346261571884,59.38544464111328,543501000
NVDA,2024-01-22,59.94246019662586,60.22396136186126,58.96519705770333,59.548160552978516,452955000
NVDA,2024-01-23,59.46430561582059,59.803702511682395,58.48105267598879,59.76676940917969,294654000
NVDA,2024-01-24,60.19700279855746,62.73748534909312,59.831651069260054,61.25312423706055,560271000
NVDA,2024-01-25,62.239368666397,62.607717226695215,60.742030169454694,61.50767135620117,482777000
NVDA,2024-01-26,60.85183724757184,61.67337885004867,60.465526677085045,60.92271041870117,390309000
NVDA,2024-01-29,61.12335395532468,62.37812361839996,60.79893365210522,62.35416793823242,348733000
NVDA,2024-01-30,62.78839260190601,63.38033889790534,62.14952501071203,62.66261291503906,410735000
NVDA,2024-01-31,61.330983989988475,62.15851544921119,60.59229912426738,61.41783142089844,453795000
NVDA,2024-02-01,61.98981538927627,63.07888305643791,61.54061686379006,62.9151725769043,369146000
NVDA,2024-02-02,63.8604917267368,66.48183193924027,63.57699522405565,66.04261779785156,476578000
NVDA,2024-02-05,68.10394628020288,69.37369252800232,67.08575942583846,69.208984375,680078000
NVDA,2024-02-06,69.50645284574946,69.630233381063,66.18236704818828,68.1019515991211,683111000
NVDA,2024-02-07,68.19776917750116,70.09539685563645,67.48004326560577,69.974609375,495575000
NVDA,2024-02-08,69.9496558671256,70.66837949372972,69.33175856710787,69.51742553710938,414422000
NVDA,2024-02-09,70.40785287358678,72.05692221360141,70.08742326576261,72.00502014160156,436637000
NVDA,2024-02-12,72.47117717433613,74.4786104438433,71.12357413495056,72.11980438232422,613710000
NVDA,2024-02-13,70.27510691021548,73.31969142351917,69.49649190429426,72.00003814697266,602580000
NVDA,2024-02-14,73.0721307009838,74.10429279758857,71.81037331243682,73.76889038085938,504917000
NVDA,2024-02-15,73.7379485382384,73.84375566502169,72.27155299901098,72.52909088134766,420122000
NVDA,2024-02-16,73.96851471281462,74.2699807907232,72.37235296886776,72.4841537475586,495327000
NVDA,2024-02-20,71.81934169951924,71.82832841143384,67.61381946264177,69.32877349853516,704833000
NVDA,2024-02-21,67.88533642606332,68.76577530674938,66.13045996080022,67.35228729248047,673755000
NVDA,2024-02-22,74.89189108055353,78.43558804957509,74.08831901858908,78.3986587524414,865100000
NVDA,2024-02-23,80.64665337566204,82.24780364536768,77.4323654765101,78.67715454101562,829388000
NVDA,2024-02-26,79.55857539682756,80.50290355503131,78.3656961376025,78.95166015625,503973000
NVDA,2024-02-27,79.24015705268404,79.338988045559,77.02509990421383,78.56136322021484,391705000
NVDA,2024-02-28,77.48227691873889,78.7929431019633,76.98815248522881,77.52519989013672,393110000
NVDA,2024-02-29,78.95366047452625,79.84806674793919,78.21097730890395,78.97162628173828,507289000
NVDA,2024-03-01,79.85805518730493,82.15397732028299,79.29405523547015,82.13301086425781,479135000
NVDA,2024-03-04,83.98071640863849,87.5393930852347,83.57045019844777,85.08575439453125,615616000
NVDA,2024-03-05,85.12269695886387,85.94827183043155,83.27290109267872,85.81549835205078,520639000
NVDA,2024-03-06,87.8699456446009,89.56900130568565,86.87965493223747,88.54676818847656,582520000
NVDA,2024-03-07,90.00224735235656,92.60674140930558,89.44720809741612,92.5089111328125,608119000
NVDA,2024-03-08,94.97365533037919,97.23174889760968,86.35656281212522,87.37680053710938,1142269000
NVDA,2024-03-11,86.27969121669621,88.64359662209651,84.02060015441661,85.62582397460938,678364000
NVDA,2024-03-12,87.8969031445505,91.80114256968415,86.0011815049168,91.75422668457031,668075000
NVDA,2024-03-13,90.89769886633881,91.34592070136199,88.28222228746216,90.73098754882812,635713000
NVDA,2024-03-14,89.42225831640668,90.48941185201531,86.45039611721776,87.79207611083984,602318000
NVDA,2024-03-15,86.77983369344113,89.39131202190967,86.10799973550625,87.68526458740234,642086000
NVDA,2024-03-18,90.23185202169164,92.24536587684682,86.9345566695886,88.30219268798828,668976000
NVDA,2024-03-19,86.55022352343148,90.38758481674583,84.86314816147532,89.24356842041016,672171000
NVDA,2024-03-20,89.6418701073994,90.25381771221527,88.07059173697641,90.21588134765625,479063000
NVDA,2024-03-21,92.140557424416,92.48795583781609,90.24882671788191,91.27704620361328,480372000
NVDA,2024-03-22,90.9835495525749,94.61426754269417,90.67708069798141,94.12611389160156,586719000
NVDA,2024-03-25,93.77871131394467,96.59882785449742,93.34845614456138,94.83787536621094,552136000
NVDA,2024-03-26,95.68542557895928,96.20852249662158,92.34221159309624,92.40110778808594,513648000
NVDA,2024-03-27,92.95114873658731,93.0789259717654,88.96904130951937,90.0940933227539,586067000
NVDA,2024-03-28,89.8445252112995,91.1422825108375,89.03892009399118,90.19991302490234,435212000
NVDA,2024-04-01,90.14300911365386,92.0656767674512,89.04989954343785,90.20689392089844,452441000
NVDA,2024-04-02,88.29519159294945,89.93835161134503,87.46862677190417,89.2974624633789,433064000
NVDA,2024-04-03,88.33113624719482,90.21787047492148,88.2472817311276,88.810302734375,370067000
NVDA,2024-04-04,90.24981545155312,90.47742601324012,85.73163346290652,85.756591796875,434965000
NVDA,2024-04-05,86.71594667786945,88.32816244191248,85.7775755946387,87.8559799194336,399678000
NVDA,2024-04-08,88.54676191015398,88.67654220104028,86.58216705957724,86.98247528076172,283220000
NVDA,2024-04-09,87.29093308519522,87.48360044285332,82.87857107978263,85.20653533935547,501700000
NVDA,2024-04-10,83.78102010903869,87.24901778988773,83.56439211342133,86.88864135742188,431929000
NVDA,2024-04-11,87.2689793680449,90.58224601063488,86.77583708331596,90.45945739746094,431637000
NVDA,2024-04-12,89.54404775764081,90.01923104025528,87.37879585703206,88.03366088867188,426805000
NVDA,2024-04-15,88.94406648002054,90.45644843108836,85.78054278674153,85.8524169921875,443077000
NVDA,2024-04-16,86.28368645109244,87.965773191981,85.91532822119116,87.26399230957031,370453000
NVDA,2024-04-17,88.18738725935935,88.62164096734257,83.80497167986917,83.88983154296875,495400000
NVDA,2024-04-18,84.82320627802973,86.0410998135889,82.25964198597137,84.52471923828125,447260000
NVDA,2024-04-19,83.00636595540483,84.17833393456459,75.47539894537725,76.06836700439453,875198000
NVDA,2024-04-22,77.96907171420484,79.93467203595871,76.26802061217705,79.38063049316406,596341000
NVDA,2024-04-23,80.62947459576492,82.62601974052421,80.1253496885507,82.2806167602539,438559000
NVDA,2024-04-24,83.80497344877082,83.93674919660243,79.0462101404743,79.53936004638672,512208000
NVDA,2024-04-25,78.73175981196158,83.17906608261447,78.08787733468318,82.48926544189453,424641000
NVDA,2024-04-26,83.67321658546781,88.17842147858853,83.2429613231266,87.58345031738281,551011000
NVDA,2024-04-29,87.44366977250507,87.83997945690294,85.11869103843989,87.60539245605469,388971000
NVDA,2024-04-30,87.08929643239856,88.66557118869024,86.15092540038592,86.25274658203125,363709000
NVDA,2024-05-01,84.93003072487383,85.85143274518,81.11462711525115,82.89754486083984,559863000
NVDA,2024-05-02,84.30311392551386,86.08802721004574,83.05627099401435,85.66875457763672,377898000
NVDA,2024-05-03,87.6373400551101,89.12675929539812,86.8896334546632,88.63561248779297,398341000
NVDA,2024-05-06,89.23557056109705,92.06068332323404,88.90115021604193,91.98081970214844,376203000
NVDA,2024-05-07,90.94062670307744,91.62244547206083,88.85723403089521,90.39756774902344,437342000
NVDA,2024-05-08,89.32843271803675,91.03647574977849,89.2655380075343,90.25582885742188,325721000
NVDA,2024-05-09,90.37260819958134,90.91466942223298,88.07858152551931,88.59368896484375,378013000
NVDA,2024-05-10,90.14899684375659,91.24310415488777,89.07285618291228,89.72273254394531,335325000
NVDA,2024-05-13,90.32170192056742,90.84080791917694,88.37607119051684,90.24284362792969,289680000
NVDA,2024-05-14,89.44422763754103,91.49268500657907,88.78037543030777,91.19819641113281,296507000
NVDA,2024-05-15,92.31225306463462,94.69812368698847,91.44076009123388,94.46652221679688,417735000
NVDA,2024-05-16,94.74604980958085,95.65347613046144,93.94043705092355,94.19599914550781,323952000
NVDA,2024-05-17,94.20597874528181,94.57633241179128,91.64740285082287,92.3192367553711,359691000
NVDA,2024-05-20,93.58804490846175,95.03553695656012,93.27858287715311,94.61626434326172,318764000
NVDA,2024-05-21,93.43730641374981,95.23519767784772,93.01903151729087,95.22122192382812,328946000
NVDA,2024-05-22,95.29408831779949,95.85411617010452,93.0879071432018,94.78596496582031,548648000
NVDA,2024-05-23,101.85176064066984,106.13634662239213,101.34463491102811,103.61970520019531,835065000
NVDA,2024-05-24,104.26856517672162,106.29106630104066,102.82207077624999,106.28507995605469,429494000
NVDA,2024-05-28,110.05354384473526,114.74043237669933,109.69316745366345,113.7042236328125,652728000
NVDA,2024-05-29,112.85471267036033,115.29248791517858,110.70942292973874,114.62664031982422,557442000
NVDA,2024-05-30,114.45193707992216,115.61891628592592,109.47355289556607,110.3091049194336,484553000
NVDA,2024-05-31,112.32561724375552,112.52228313915187,106.75526253688238,109.44361114501953,613263000
NVDA,2024-06-03,113.42470752761051,114.80132293701172,111.80949898893368,114.80132293701172,438392000
NVDA,2024-06-04,115.51611513617264,116.39858317577006,113.84799638822281,116.2358627319336,403324000
NVDA,2024-06-05,118.16651413530396,122.2374646244509,117.26507420610801,122.22848510742188,528402000
NVDA,2024-06-06,123.83370517037008,125.3700480295792,118.11560338652608,120.78897857666016,664696000
NVDA,2024-06-07,119.56309618694148,121.48178065904402,117.81812234412239,120.67916870117188,412386000
NVDA,2024-06-10,120.16206002224595,122.88733960177423,116.80786391189227,121.57960510253906,313434100
NVDA,2024-06-11,121.56963752755465,122.66783369220164,118.54462427746988,120.7110595703125,222551200
NVDA,2024-06-12,122.85750238613136,126.6712162731191,122.36831081363356,124.99398040771484,299595000
NVDA,2024-06-13,129.177104537848,129.58643359087407,126.95077798576432,129.39674377441406,260704500
NVDA,2024-06-14,129.74617063783822,132.6214215295718,128.10886970168357,131.6630096435547,309320400
NVDA,2024-06-17,132.77118307637525,133.5099557271365,129.3667902512595,130.7644805908203,288504400
NVDA,2024-06-18,130.9242214788469,136.10568428406987,130.474964956118,135.35691833496094,294335100
NVDA,2024-06-20,139.56996619369176,140.52837801062054,129.30688285479897,130.56480407714844,517768400
NVDA,2024-06-21,126.91083052082259,130.4150570517715,124.09547105255645,126.36173248291016,649445800
NVDA,2024-06-24,123.0371892837608,124.25518282254679,117.84574965469585,117.91563415527344,476060900
NVDA,2024-06-25,121.00055473590018,126.29183629953359,119.12365113611966,125.88250732421875,414192600
NVDA,2024-06-26,125.92245660772097,127.9091800288474,122.39826626608301,126.1920166015625,362975900
NVDA,2024-06-27,123.8957921998042,126.2019962793405,122.71773358253314,123.78597259521484,252571700
NVDA,2024-06-28,124.3750052910358,127.49985213027985,122.54801473015355,123.33671569824219,315516700
NVDA,2024-07-01,123.26683813440599,124.6345790000873,118.63447360818265,124.09547424316406,284885500
NVDA,2024-07-02,120.93068040128533,123.20693510758652,120.83084647254137,122.46814727783203,218374000
NVDA,2024-07-03,121.45982152361671,128.0689239501953,121.16031210370706,128.0689239501953,215749000
NVDA,2024-07-05,127.17040031042268,128.63799033992214,125.4732006158399,125.62295532226562,214176700
NVDA,2024-07-08,127.28020581947078,130.55481479101948,126.83094936680692,127.9890365600586,237677300
NVDA,2024-07-09,130.1355144487565,133.59980576329167,128.43829962119838,131.163818359375,285366600
NVDA,2024-07-10,133.80946190177127,134.87770860466375,132.20211043348235,134.68801879882812,248978600
NVDA,2024-07-11,135.52662745493282,135.92596317348227,126.84094609019272,127.19036865234375,374782700
NVDA,2024-07-12,128.04893020829968,131.70291097832524,127.01064833229333,129.02732849121094,252680500
NVDA,2024-07-15,130.34514408452472,131.1737800395054,126.97070905664152,128.2286376953125,208326200
NVDA,2024-07-16,128.22865593379024,128.82765950066548,124.37500690887067,126.1520767211914,214769500
NVDA,2024-07-17,121.15030105949809,121.64947824360549,116.52792307672573,117.79582977294922,390086200
NVDA,2024-07-18,121.64949865015035,122.19859669151471,116.36820224234275,120.8907470703125,320979500
NVDA,2024-07-19,120.15197829253903,121.39992158102997,117.1768857582078,117.7359619140625,217223800
NVDA,2024-07-22,120.15196240961751,123.86584236392231,119.66277083791101,123.33671569824219,258068900
NVDA,2024-07-23,122.57797258109629,124.48483346113822,121.8990911705108,122.3882827758789,173911000
NVDA,2024-07-24,118.9739065074374,119.75262181556741,113.25333936427286,114.06200408935547,327776900
NVDA,2024-07-25,112.85398925547956,116.43807811661003,106.12508231687993,112.0952377319336,460067000
NVDA,2024-07-26,115.99880916186419,116.00878722251285,111.3963944118867,112.87395477294922,293399100
NVDA,2024-07-29,113.50292255867154,116.08865698961546,111.1168559757427,111.4063720703125,248152100
NVDA,2024-07-30,111.33648541055072,111.80571322284378,102.37126667488353,103.55931091308594,486833300
NVDA,2024-07-31,112.71421539482289,118.1452582531107,110.6975352036146,116.82743072509766,473174200
NVDA,2024-08-01,117.33660563582859,119.9622829008677,106.63424395188704,109.0302963256836,523462300
NVDA,2024-08-02,103.58926418951675,108.54110155423277,101.20319756374683,107.0934829711914,482027500
NVDA,2024-08-05,91.90851250035082,103.239842127859,90.5407717150732,100.28470611572266,552842400
NVDA,2024-08-06,103.66912407688663,107.53275860175525,100.38454458708775,104.07845306396484,409012100
NVDA,2024-08-07,107.6325946135043,108.62097103799087,98.52760658313275,98.74724578857422,411440400
NVDA,2024-08-08,101.83215768316434,105.3263983879788,97.3595262295921,104.79727172851562,391910000
NVDA,2024-08-09,105.46617163856445,106.42459107060563,103.2598090475883,104.57763671875,290844200
NVDA,2024-08-12,106.14505252549102,110.88723650727509,106.08515369153115,108.84060668945312,325559900
NVDA,2024-08-13,112.25498209343158,116.03874655153282,111.39639661656214,115.94889068603516,312646700
NVDA,2024-08-14,118.33496818813165,118.40485270467185,113.88230763624145,117.88571166992188,339246400
NVDA,2024-08-15,118.56457753138926,123.03720123653866,117.27669936691132,122.65782928466797,318086700
NVDA,2024-08-16,121.73935978002291,124.79432235385619,120.98060816739599,124.37501525878906,302589900
NVDA,2024-08-19,124.07548340044629,129.78607177734375,123.21689800857207,129.78607177734375,318333600
NVDA,2024-08-20,128.18872055728244,129.66629628755138,125.6828560733908,127.04061889648438,300087400
NVDA,2024-08-21,127.11051541152283,129.13718177592708,126.45160529458104,128.28857421875,257883600
NVDA,2024-08-22,129.80605728559254,130.5348518103843,122.89743830728821,123.53638458251953,376189100
NVDA,2024-08-23,125.65290085977209,129.38675225949072,125.01395457447234,129.15711975097656,323230300
NVDA,2024-08-26,129.35679802537265,131.04400430992783,124.16535012958609,126.25190734863281,331964700
NVDA,2024-08-27,124.84426014055718,128.98742611377176,123.67617933536566,128.0889129638672,303134600
NVDA,2024-08-28,127.90917706049713,128.118838213882,122.43819852070378,125.40331268310547,448101100
NVDA,2024-08-29,121.16030028839229,124.22524823697073,116.51795043355128,117.39649963378906,453023300
NVDA,2024-08-30,119.33330911013266,121.54965726206557,117.02711271158417,119.17357635498047,333751600
NVDA,2024-09-03,115.81910218205195,116.01877002584149,107.11345013644421,107.82228088378906,477155100
NVDA,2024-09-04,105.2365459269591,113.0836048738263,103.94866777615402,106.03522491455078,372470300
NVDA,2024-09-05,104.817243866478,109.4695798052194,104.58762658147727,107.0335922241211,306850700
NVDA,2024-09-06,107.86221523834789,107.97203483673319,100.78387825686288,102.6607894897461,413638100
NVDA,2024-09-09,104.70742729494984,106.37468525920494,103.51939050506496,106.29481506347656,273912000
NVDA,2024-09-10,107.63258781478571,109.21997530676359,104.77729355808466,107.92211151123047,268283700
NVDA,2024-09-11,109.20999835891277,116.99716652085532,107.24323877137772,116.7176284790039,441422400
NVDA,2024-09-12,116.6577172050991,120.60155948017247,115.19999582839206,118.95413208007812,366052700
NVDA,2024-09-13,118.8942191250157,119.77284345041441,117.41652479583126,118.9141845703125,238358300
NVDA,2024-09-16,116.60778773961486,117.9956184829638,114.18157866716109,116.5978012084961,248772300
NVDA,2024-09-17,117.98564481894722,118.61466685067687,114.65085910577872,115.40966796875,231925900
NVDA,2024-09-18,115.70919560695407,117.51636932909096,113.04336298957726,113.19313049316406,310318900
NVDA,2024-09-19,117.16691844656921,119.47331975028854,117.06707598202318,117.68611145019531,293506400
NVDA,2024-09-20,116.87736694059126,118.43493829364436,115.2099742116256,115.81902313232422,382462400
NVDA,2024-09-23,116.36817703420066,116.80748542405605,114.68081111279044,116.07862854003906,206228500
NVDA,2024-09-24,116.33820757520982,121.60997636399935,115.19998675947464,120.68142700195312,354966800
NVDA,2024-09-25,121.82963321276459,124.74508350925583,121.42027681497308,123.31731414794922,284692900
NVDA,2024-09-26,126.60217747362803,127.47081527785902,121.6099781665842,123.84648132324219,302582900
NVDA,2024-09-27,123.7765997601264,123.83650371853182,119.07394858799772,121.21060943603516,271009200
NVDA,2024-09-30,118.1254274144435,121.31045327548797,117.96568098439478,121.25054931640625,226553700
NVDA,2024-10-01,121.58001370293499,122.24897417258154,115.60934783662292,116.81745910644531,302094500
NVDA,2024-10-02,116.25834508658102,119.19375323018366,114.96037016184738,118.66458129882812,221845900
NVDA,2024-10-03,120.73135113827638,124.16598683922703,120.15225416683853,122.65834045410156,277118000
NVDA,2024-10-04,124.7450859792245,124.84492844767553,121.63993722019764,124.72511291503906,243678100
NVDA,2024-10-07,124.79500006476454,130.43618698242878,124.7550615549546,127.52074432373047,346250200
NVDA,2024-10-08,130.0567764001493,133.27175410957346,129.2180905372518,132.68267822265625,285722500
NVDA,2024-10-09,133.9007678130665,134.31013180466115,131.17503131034326,132.4430389404297,246191600
NVDA,2024-10-10,131.70420101079952,134.78937641455914,130.79561711338704,134.59967041015625,242311300
NVDA,2024-10-11,133.80094550922416,135.56818866211125,133.45150063299445,134.5897216796875,170209500
NVDA,2024-10-14,136.25710420849128,139.38222619629536,136.08737124143596,137.8546142578125,232347700
NVDA,2024-10-15,137.654906403531,138.3538265330219,128.5391603262797,131.3946990966797,377831000
NVDA,2024-10-16,133.7709642153392,136.40684475827754,131.37471471629812,135.5082550048828,264879700
NVDA,2024-10-17,139.12262899690117,140.6702140778628,136.65648092397825,136.7163848876953,306435900
NVDA,2024-10-18,138.45365135367973,138.68328825202838,137.06582057977474,137.78469848632812,176090200
NVDA,2024-10-21,137.91449801128798,143.4857940673828,137.78469595874105,143.4857940673828,264554500
NVDA,2024-10-22,142.6870654207542,144.19470435057536,141.55882333477078,143.36599731445312,226311600
NVDA,2024-10-23,141.80843319617813,142.20780310560568,137.2455702792771,139.34228515625,285930000
NVDA,2024-10-24,140.6003124972593,141.12948441968888,138.2439937495604,140.19094848632812,172354900
NVDA,2024-10-25,140.71013437273555,143.90515439009727,140.5803475394567,141.31918334960938,205122100
NVDA,2024-10-28,142.77690797567064,142.9166889544992,139.83151327072179,140.30078125,173586700
NVDA,2024-10-29,140.0711235834401,142.0380513591214,138.68329276437913,141.02963256835938,157593600
NVDA,2024-10-30,139.32228929215535,140.1110653014331,136.59655278062618,139.1226043701172,179418100
NVDA,2024-10-31,137.38534807029694,137.39532698555524,131.9039070664443,132.55288696289062,270039600
NVDA,2024-11-01,134.48984636430032,137.09577501351765,134.36005954202903,135.18875122070312,207127800
NVDA,2024-11-04,136.9959472521015,138.74321710094807,135.3585064031532,135.83775329589844,187528200
NVDA,2024-11-05,137.2355428961246,140.1509851869076,137.11573499930586,139.69171142578125,160537400
NVDA,2024-11-06,142.73699820170938,146.26149040756812,141.73855813806702,145.3828582763672,242043900
NVDA,2024-11-07,146.1616297903136,148.69766066609404,145.9419717733186,148.6477508544922,207323300
NVDA,2024-11-08,148.53787885494532,149.53631855776948,146.03178545046896,147.399658203125,175665800
NVDA,2024-11-11,148.44803352101476,148.6177817068004,143.3460203778287,145.0333709716797,182325600
NVDA,2024-11-12,146.55101593198214,149.4165337385062,145.7822128979203,148.05865478515625,198634700
NVDA,2024-11-13,148.83744386134128,149.09703275189045,145.6723759576151,146.04180908203125,191903300
NVDA,2024-11-14,147.40965302668107,148.76753177848803,145.32291747893564,146.53102111816406,194463300
NVDA,2024-11-15,144.6439744081883,145.0134075079149,139.86145428913719,141.75848388671875,250132900
NVDA,2024-11-18,139.28237084466085,141.3291757571169,136.93603090489682,139.9313507080078,221205300
NVDA,2024-11-19,141.0995149233474,146.90044752125365,140.77002797265112,146.78062438964844,227834900
NVDA,2024-11-20,147.18001681813428,147.3297766964244,142.50731056070873,145.66238403320312,309871700
NVDA,2024-11-21,149.11701974284432,152.65149063112756,140.4805046221909,146.44119262695312,400946600
NVDA,2024-11-22,145.70233282975542,146.93042492260167,140.8798813363258,141.72854614257812,236406200
NVDA,2024-11-25,141.76847182265374,141.82837577269152,135.60810012239304,135.8077850341797,344941900
NVDA,2024-11-26,137.4851722903331,139.08268223719327,135.45834049580736,136.70639038085938,190287700
NVDA,2024-11-27,134.7993734587721,137.00593247284488,131.59438972010054,135.1288604736328,226370900
NVDA,2024-11-29,136.56660913585418,139.1326070072914,135.83775227020575,138.03431701660156,141863200
NVDA,2024-12-02,138.6134117376161,140.23087948399635,137.60499293345052,138.41372680664062,171682800
NVDA,2024-12-03,138.04430354930304,140.32074544201365,137.73478959893222,140.0411834716797,164414000
NVDA,2024-12-04,141.77844351730124,145.56252344018102,140.07110485324333,144.91354370117188,231224300
NVDA,2024-12-05,144.89360218968224,146.32146235801875,143.73532840807314,144.8436737060547,172621200
NVDA,2024-12-06,144.38436733563313,145.4827177885172,141.09926510716357,142.2275848388672,188505600
NVDA,2024-12-09,138.76276188244717,139.74129618907318,136.9255094433844,138.60299682617188,189308600
NVDA,2024-12-10,138.80268748950093,141.60850970621567,133.5904709096604,134.8685760498047,210020900
NVDA,2024-12-11,137.155160163518,139.96096726526153,135.00837248215075,139.1022491455078,184905200
NVDA,2024-12-12,136.8755860719742,138.2335586289744,135.59749604609573,137.13519287109375,159211400
NVDA,2024-12-13,138.7327975455873,139.39181692680097,132.34233289302693,134.04978942871094,231514900
NVDA,2024-12-16,133.9798879813558,134.19956111084232,130.22550081237128,131.8031463623047,237951100
NVDA,2024-12-17,128.89749220508244,131.39376410572794,126.67082193579633,130.195556640625,259410300
NVDA,2024-12-18,133.66035727519176,136.49611794642954,128.08867764771298,128.71774291992188,277444500
NVDA,2024-12-19,131.56349862817564,133.8301176053825,129.3568029702355,130.485107421875,209719200
NVDA,2024-12-20,129.61640819653473,135.07825184796977,128.02878306565836,134.49911499023438,306528600
NVDA,2024-12-23,136.0767567466981,139.58151660116854,134.91848306333998,139.46170043945312,176053500
NVDA,2024-12-24,139.7912064019445,141.68836668012935,138.44321367436993,140.01087951660156,105157000
NVDA,2024-12-26,139.49166074428362,140.63995487774488,137.52459740894255,139.7213134765625,116205600
NVDA,2024-12-27,138.34337590905767,138.81267619141968,134.50910636621433,136.8056640625,170582600
NVDA,2024-12-30,134.628921256616,140.06081067569033,133.82013169900247,137.2849578857422,167734700
NVDA,2024-12-31,137.82414956509464,137.86409844380188,133.63041622678574,134.0897216796875,155659200
NVDA,2025-01-02,135.79720670711552,138.67291713644488,134.4292544268475,138.103759765625,198247200
NVDA,2025-01-03,139.80120658589456,144.6839138332244,139.5216253508109,144.2545623779297,229322500
NVDA,2025-01-06,148.36840963752263,151.93309314343088,147.599568879649,149.2071533203125,265377400
NVDA,2025-01-07,152.80179213743568,152.90164910642062,139.80120400217487,139.93101501464844,351782200
NVDA,2025-01-08,142.36737985085435,143.73533196712347,137.3548616440079,139.90106201171875,227349900
NVDA,2025-01-10,137.24503329388114,139.71135128077043,134.01985409411643,135.70733642578125,207602500
NVDA,2025-01-13,129.79615256902926,133.29093305056014,129.31685741876072,133.03131103515625,204808900
NVDA,2025-01-14,135.84710238324766,136.1766120600162,129.85605059334506,131.56349182128906,195590500
NVDA,2025-01-15,133.45068552943664,136.2465130176968,131.09420431967888,136.03683471679688,185217300
NVDA,2025-01-16,138.4332346192246,138.54307117698642,133.2909213149963,133.3708038330078,209235600
NVDA,2025-01-17,136.48614039423094,138.29343848833506,135.2579791055137,137.50462341308594,201188800
NVDA,2025-01-21,138.95245710585658,141.61847317570314,136.88553704004724,140.61996459960938,197749000
NVDA,2025-01-22,144.44426793757484,147.56958971587568,143.45573886876412,146.85067749023438,237651400
NVDA,2025-01-23,144.8337106624021,147.01045262591376,143.5056920734559,147.00047302246094,155915500
NVDA,2025-01-24,148.14874363197046,148.74785499769604,141.66843136501245,142.40731811523438,234657600
NVDA,2025-01-27,124.6138830305536,128.20850504229963,116.52595684106743,118.24339294433594,818830900
NVDA,2025-01-28,121.62835222502514,128.80763280108368,116.07664583818587,128.7976531982422,579666400
NVDA,2025-01-29,126.31135328562937,126.70077107762197,119.8709750783515,123.5155258178711,467120600
NVDA,2025-01-30,122.91641225704781,124.81358019968631,117.92386904906036,124.46410369873047,392925500
NVDA,2025-01-31,123.59540412169352,127.6593341751579,119.01225290264883,119.89093780517578,388161100
NVDA,2025-02-03,114.57888277703151,118.39318602096668,112.84147962875147,116.48603820800781,371235700
NVDA,2025-02-04,116.78557092036435,121.01924546805154,116.52595653802958,118.47305297851562,256550000
NVDA,2025-02-05,121.57842315704723,124.8135892575584,120.57991444298676,124.64384460449219,262230800
NVDA,2025-02-06,127.22995239056334,128.57794497214795,125.02324949979864,128.48806762695312,251483600
NVDA,2025-02-07,129.0273069895586,130.17558600299384,124.81359867926386,129.64637756347656,228186300
NVDA,2025-02-10,129.89598286165247,134.79866384787866,129.76618710141213,133.3708038330078,216989100
NVDA,2025-02-11,132.38230132778313,134.27946199343057,130.8246300046561,132.6019744873047,178902400
NVDA,2025-02-12,129.8261026458349,132.04279313100764,128.88750205027108,130.94442749023438,160278600
NVDA,2025-02-13,131.36380821970238,136.29644386397356,130.9743904181038,135.08824157714844,197430000
NVDA,2025-02-14,136.27645326854343,139.04232643389201,135.29791907929888,138.64292907714844,195479600
NVDA,2025-02-18,141.05932980350207,143.226091877041,137.72429913092634,139.19210815429688,219176600
NVDA,2025-02-19,139.3019353271886,141.14918241151278,137.01535723812603,139.02235412597656,167536000
NVDA,2025-02-20,139.8211794831435,140.45024487315197,136.5860056380014,139.90106201171875,143903600
NVDA,2025-02-21,139.83115735009994,141.24905316966826,133.83012530319377,134.22952270507812,228217600
NVDA,2025-02-24,136.35634186179794,138.383313247837,129.88600993089565,130.08570861816406,251381100
NVDA,2025-02-25,129.78614928447132,130.0058224050398,124.25441810041912,126.44114685058594,271428700
NVDA,2025-02-26,129.79615892181477,133.53057192522448,128.29839578499454,131.084228515625,322553800
NVDA,2025-02-27,134.7986697104659,134.8086493121392,119.83102696232622,119.97081756591797,443175800
NVDA,2025-02-28,117.84399213493025,124.90344826210318,116.2264129341289,124.73370361328125,389091100
NVDA,2025-03-03,123.32581202011416,123.51552349340123,112.11255593535711,113.88990020751953,411381400
NVDA,2025-03-04,110.48499132597254,119.13207287466713,109.9457957033308,115.81702423095703,398163300
NVDA,2025-03-05,117.40464986998916,118.10360288358513,114.33922859376143,117.12506866455078,284337900
NVDA,2025-03-06,113.36069823382532,115.17798387118098,110.05563667803439,110.40511322021484,321181900
NVDA,2025-03-07,111.08408724577035,113.31076488585998,107.39958789171841,112.52194213867188,341755500
NVDA,2025-03-10,109.73609301585863,111.6831816739289,105.30271254146378,106.82044982910156,366487400
NVDA,2025-03-11,106.83043665954975,112.0726069900584,104.61374627233778,108.5978012084961,354865700
NVDA,2025-03-12,113.96030532134075,116.59661034457649,112.72203506897391,115.57803344726562,323857500
NVDA,2025-03-13,116.86621875800482,117.59520049683546,113.63075517539951,115.41825103759766,299033100
NVDA,2025-03-14,118.44401014075397,121.70943054003341,117.98465480860956,121.49972534179688,277593500
NVDA,2025-03-17,122.56823120330081,122.71802281178023,117.86482345684047,119.36272430419922,255501500
NVDA,2025-03-18,117.83485847417,118.85342762738914,114.37970167383446,115.2684555053711,299686900
NVDA,2025-03-19,117.10587965509883,120.2814296141779,115.51810848491796,117.35552978515625,273426200
NVDA,2025-03-20,116.38688818380663,120.0317738155389,116.30699831746894,118.3641128540039,248829700
NVDA,2025-03-21,116.77634740953133,117.82487338576216,115.25847035053427,117.5352783203125,266498500
NVDA,2025-03-24,119.71223179694545,122.04896105750126,119.17298658297102,121.24009704589844,228452500
NVDA,2025-03-25,120.38130705821351,121.12026937928964,118.75358318150825,120.52111053466797,167447200
NVDA,2025-03-26,118.5638454632065,118.6736845133834,112.55226594608844,113.60079956054688,293463300
NVDA,2025-03-27,111.19417323533278,114.28983351449122,110.50514401476981,111.27406311035156,236902100
NVDA,2025-03-28,111.33397028810096,112.71204388720727,108.9173588485005,109.51651763916016,229872500
NVDA,2025-03-31,104.98287310192077,110.80471613819729,103.50494855407659,108.22832489013672,299212700
NVDA,2025-04-01,108.36812587384452,110.04577506451116,106.32099936404416,109.995849609375,222614000
NVDA,2025-04-02,107.1398553905561,111.82329447216486,106.64055510872038,110.26547241210938,220601200
NVDA,2025-04-03,103.36514539947606,105.48217369637304,101.45781468579652,101.65753936767578,338769400
NVDA,2025-04-04,98.77159334909085,99.9898797349743,91.9811059228115,94.17802429199219,532273800
NVDA,2025-04-07,87.33759621246332,101.60759784636036,86.4987754744505,97.50334930419922,611041300
NVDA,2025-04-08,103.66472218207363,105.70186824827938,94.3278084260022,96.16523742675781,476243400
NVDA,2025-04-09,98.75160385221358,114.93891720962625,97.39350654873371,114.16999816894531,612918300
NVDA,2025-04-10,109.21694044618194,110.70485307181585,99.01124202201945,107.4194564819336,437812400
NVDA,2025-04-11,108.34815778630501,111.39389245819964,107.32958859529616,110.7747573852539,313417300
NVDA,2025-04-14,113.9503045917023,114.1300529879136,108.91735711650354,110.55506134033203,264705000
NVDA,2025-04-15,110.81470199440513,113.46099492172469,110.3453585264742,112.04297637939453,228966900
NVDA,2025-04-16,104.40369410395131,106.64055727885454,100.30942561460589,104.3437728881836,397016900
NVDA,2025-04-17,104.30381795694564,104.3237942331935,99.90998190333623,101.34796142578125,292517500
NVDA,2025-04-21,98.63177356997639,99.3008417327631,94.90699776234818,96.77438354492188,288501100
NVDA,2025-04-22,98.6417555090913,99.67031279819463,97.14385476914264,98.75160217285156,241004800
NVDA,2025-04-23,104.37372584399631,104.6533403969428,101.87722447592722,102.5662612915039,247526000
NVDA,2025-04-24,103.33517578708889,106.39089066307956,102.96569088547095,106.28104400634766,220815000
NVDA,2025-04-25,106.70047768277183,111.76338266185121,105.58204983332996,110.85466003417969,251064700
NVDA,2025-04-28,109.53649064316203,110.21553928394424,105.87162103934429,108.57783508300781,207708500
NVDA,2025-04-29,107.51932238432487,110.04578062718967,107.2896485179105,108.867431640625,170444300
NVDA,2025-04-30,104.32379376082015,108.76756286621094,103.93434018163836,108.76756286621094,235044600
NVDA,2025-05-01,112.92174799120272,114.7791455573913,111.14424029465428,111.45380401611328,236121500
NVDA,2025-05-02,114.02021557227994,115.23850951002053,113.21135153306962,114.33976745605469,190194800
NVDA,2025-05-05,112.75199823422925,114.50952981770942,112.50234808238875,113.66072082519531,133163200
NVDA,2025-05-06,111.32400387233044,114.57943650755207,110.6649237860017,113.38111877441406,158525600
NVDA,2025-05-07,112.8918038042742,117.5153219594032,112.12287705585727,116.89618682861328,206758800
NVDA,2025-05-08,118.08451525459601,118.51391379663416,115.68787240644632,117.20574951171875,198428100
NVDA,2025-05-09,117.18577270674557,118.06454606438504,115.04876814493281,116.48675537109375,132972200
NVDA,2025-05-12,121.79931583574867,122.82787322998047,120.11167839159091,122.82787322998047,225023300
NVDA,2025-05-13,124.8051066300396,131.03637225526788,124.29581818961599,129.7481689453125,330430100
NVDA,2025-05-14,133.01358451331882,135.25045513495294,131.49570747587302,135.1505889892578,281180800
NVDA,2025-05-15,134.10204362723803,136.10924022234616,132.47433530494334,134.64129638671875,226632600
NVDA,2025-05-16,136.02937003025397,136.15919297953724,133.27323795943153,135.21051025390625,226542500
NVDA,2025-05-19,132.20473687113784,135.6798627990254,132.20473687113784,135.3802947998047,193154600
NVDA,2025-05-20,134.10203943343691,134.3916420789913,132.43437861355363,134.19192504882812,161514200
NVDA,2025-05-21,132.87378601013486,137.2077087161811,130.40724144628157,131.6155548095703,270608700
NVDA,2025-05-22,132.04495280891254,134.0621302833829,131.36591171623223,132.6441192626953,187344000
NVDA,2025-05-23,129.81807417545411,132.49431639064062,128.97925335315108,131.10626220703125,198821300
NVDA,2025-05-27,133.96224703921547,135.47014350181522,133.1234263008756,135.31036376953125,192953600
NVDA,2025-05-28,135.83963178227697,137.05792567392893,134.60136161311598,134.621337890625,304021100
NVDA,2025-05-29,142.05093948600498,143.28920975153582,137.71701641280157,138.99522399902344,369241900
NVDA,2025-05-30,138.52585950975748,139.42459384487097,132.73397369059805,134.94088745117188,333170900
NVDA,2025-06-02,135.30038976970178,137.9266987725352,135.21050414256473,137.187744140625,197663100
NVDA,2025-06-03,138.5857816307834,141.801276586457,137.75694135463795,141.02236938476562,225578800
NVDA,2025-06-04,141.99100090060617,142.19071794379053,139.3447005567539,141.72137451171875,167120800
NVDA,2025-06-05,141.97102431113476,143.79846496522654,138.63570246128648,139.79408264160156,231397900
NVDA,2025-06-06,142.31057053380505,143.0695167658335,141.3119699021351,141.5216827392578,153986200
NVDA,2025-06-09,142.98961854621228,144.7970831461155,141.74136782943543,142.43040466308594,185114500
NVDA,2025-06-10,142.49031793007975,144.088069701399,141.33193761060437,143.758544921875,155881900
NVDA,2025-06-11,144.4176611881815,144.79716064315863,141.6813000562032,142.64002990722656,167694000
NVDA,2025-06-12,141.78117540604916,144.80714416503906,141.66133988719625,144.80714416503906,162365000
NVDA,2025-06-13,142.29048989356696,143.3890329315276,140.6626682408541,141.7811737060547,180820600
NVDA,2025-06-16,143.159329390418,145.98555166191812,143.00951976951112,144.49754333496094,183133700
NVDA,2025-06-17,144.29781716982143,145.02684191909495,143.58875484653294,143.9282989501953,139108000
NVDA,2025-06-18,143.81845298832403,145.45627108510786,142.9296373487004,145.2864990234375,161494100
NVDA,2025-06-20,145.2565234707711,146.00552584195606,142.46024490398213,143.65866088867188,242956200
NVDA,2025-06-23,142.31046402404658,144.58743022935184,141.84108794116847,143.97824096679688,154308900
NVDA,2025-06-24,145.36637857516104,147.76319531946535,145.3064608232896,147.70326232910156,187566100
NVDA,2025-06-25,149.0714471780808,154.24454949233478,149.06145072732096,154.104736328125,269146500
NVDA,2025-06-26,155.77252682686714,156.51154803915952,153.79516469048193,154.81381225585938,198145700
NVDA,2025-06-27,155.83244416127852,158.4989061985097,155.05348286000648,157.54017639160156,263234500
NVDA,2025-06-30,158.18928922556665,158.4489531245615,155.7525477292889,157.77984619140625,194580300
NVDA,2025-07-01,156.0820975676339,156.99089075003695,151.288494680634,153.09608459472656,213143600
NVDA,2025-07-02,152.77652287552658,157.3903883520798,152.76654166200262,157.0408477783203,171224100
NVDA,2025-07-03,158.15934077500395,160.76586971787668,157.56014800239086,159.1280517578125,143716100
NVDA,2025-07-07,157.98955517353815,159.09807923203843,157.13069855849747,158.02951049804688,140139000
NVDA,2025-07-08,159.11806346268276,160.00687898854957,158.17931139836438,159.78717041015625,138133000
NVDA,2025-07-09,161.0055497766517,164.2012901564699,160.9456320255445,162.66334533691406,183656400
NVDA,2025-07-10,164.10143771292147,164.28119097215313,161.3950357038234,163.88172912597656,167704100
NVDA,2025-07-11,163.50223698698784,167.66668863474402,163.25256951238498,164.7006378173828,193633300
NVDA,2025-07-14,165.15003478890583,165.2698855378492,161.80449980139463,163.85177612304688,136975800
NVDA,2025-07-15,170.96229989605533,172.17068192225182,168.97494134085255,170.4729461669922,230627400
NVDA,2025-07-16,170.83247408910898,171.52155877211666,168.67534340451815,171.14205932617188,158831500
NVDA,2025-07-17,171.7911900263939,173.92834287299638,170.60277047944578,172.76988220214844,160841100
NVDA,2025-07-18,173.40903901870553,174.01822826089457,171.03219980516573,172.18067932128906,146456400
NVDA,2025-07-21,172.52022673163836,173.1493936504508,170.77255439137573,171.1520538330078,123126100
NVDA,2025-07-22,171.1120799535818,171.16201649130318,164.36107758832912,166.8078155517578,193114300
NVDA,2025-07-23,169.30451898143798,171.03221376466186,167.7465962646817,170.5528564453125,154082200
NVDA,2025-07-24,172.21065238052367,173.5988030318276,171.07216922217725,173.50892639160156,128984600
NVDA,2025-07-25,173.37908037175941,174.4876045602178,172.72995103806022,173.26922607421875,122316800
NVDA,2025-07-28,173.78854323017163,176.7645753161742,173.73860668662087,176.51490783691406,140023500
NVDA,2025-07-29,177.72328828972238,179.14139760883538,174.7871965738649,175.2765350341797,154077500
NVDA,2025-07-30,176.27521653092245,179.65072563032518,175.80584046425426,179.03155517578125,174312200
NVDA,2025-07-31,182.65671589592668,183.05619299307685,175.69598557745124,177.63340759277344,221685400
NVDA,2025-08-01,173.85844036702034,176.3051785902702,170.66269971388826,173.4889373779297,204529000
NVDA,2025-08-04,174.9270158880054,179.96030526461158,174.28786778877773,179.7605743408203,148174600
NVDA,2025-08-05,179.38107983649965,180.0202279532499,175.6660266458598,178.02288818359375,156407600
NVDA,2025-08-06,176.09546439011424,179.66070799076476,176.01556896990587,179.1813507080078,137192300
NVDA,2025-08-07,181.32851054269395,183.6354356942093,178.5621905082108,180.52957153320312,151878400
NVDA,2025-08-08,181.30852119793246,183.05619350177665,180.16004168373897,182.4569854736328,123396700
NVDA,2025-08-11,181.80785936297346,183.59547178906817,180.01025048518693,181.81784057617188,138323200
NVDA,2025-08-12,182.7166509044063,184.234618174838,179.22130626788388,182.9163818359375,145485700
NVDA,2025-08-13,182.37709375214726,183.72530422356274,179.11145412417423,181.3484649658203,179871700
NVDA,2025-08-14,179.51090820642335,182.7765629312542,179.22130065055427,181.77789306640625,129554000
NVDA,2025-08-15,181.6380820439347,181.658044469753,177.8031781362909,180.20997619628906,156602200
NVDA,2025-08-18,180.359785616326,182.69666946783065,180.3497891649352,181.7678985595703,132008000
NVDA,2025-08-19,182.1873495042791,182.25726371442747,175.25659293377495,175.40638732910156,185229200
NVDA,2025-08-20,174.93701244991922,175.76591033294957,168.57548977611862,175.1667022705078,215142700
NVDA,2025-08-21,174.61742144674352,176.66468235557974,173.57879631630271,174.7472381591797,140040900
NVDA,2025-08-22,172.38040151215634,178.35244288234992,170.97227338198675,177.7532501220703,172789400
NVDA,2025-08-25,178.11278178635797,181.6680441727565,176.33515059315872,179.57083129882812,163012800
NVDA,2025-08-26,179.82049655621498,182.14739921043056,178.57215920342722,181.52822875976562,168688200
NVDA,2025-08-27,181.7379436715125,182.24727507184866,178.86178472902657,181.35845947265625,235518900
NVDA,2025-08-28,180.5794881684096,184.22462699678687,176.17535050737845,179.9303436279297,281787800
NVDA,2025-08-29,177.87308356836775,177.91302365652732,172.91967451951007,173.94830322265625,243257900
NVDA,2025-09-02,169.77389508693435,172.15073449446965,166.997593786357,170.5528564453125,231164900
NVDA,2025-09-03,170.83246833565184,172.18067877773825,168.6553752976972,170.39305114746094,164424900
NVDA,2025-09-04,170.34313981864827,171.6314173426514,169.18467902530818,171.4316864013672,141670100
NVDA,2025-09-05,167.8065026792569,168.80517258283567,163.8517783946414,166.7978515625,224441400
NVDA,2025-09-08,167.32715219255022,170.73262035939155,167.12742125141602,168.0861358642578,163769100
NVDA,2025-09-09,168.86509051949957,170.75257602974241,166.51822538667548,170.53286743164062,157548400
NVDA,2025-09-10,176.4050468150653,179.05151589898875,175.2366048852674,177.09413146972656,226852000
NVDA,2025-09-11,179.45110250300584,180.05034427267074,176.2551819566126,176.94430541992188,151159300
NVDA,2025-09-12,177.5435664999128,178.37251110105626,176.22524055900428,177.593505859375,124911000
NVDA,2025-09-15,175.44622258887705,178.62217970015598,174.28769658655634,177.52357482910156,147061600
NVDA,2025-09-16,176.77453647764895,177.27389957504343,174.15787872389456,174.65724182128906,140737800
NVDA,2025-09-17,172.42008695754546,172.97937117956877,168.1954794867923,170.0730743408203,211843800
NVDA,2025-09-18,173.7583871307785,176.87442336525442,172.73969733735942,176.01551818847656,191763300
NVDA,2025-09-19,175.54609885389235,177.8531538116004,174.95683884616588,176.4449462890625,237182100
NVDA,2025-09-22,175.07671637070237,184.31493427279133,174.48747153493287,183.37612915039062,269637000
NVDA,2025-09-23,181.73821238324945,182.18763613663097,175.9855548133895,178.2027130126953,192559600
NVDA,2025-09-24,179.54100413716742,179.5509859124944,175.17656050171237,176.74456787109375,143564100
NVDA,2025-09-25,174.25773588995062,180.0303718676576,172.90946471941734,177.46365356445312,191586700
NVDA,2025-09-26,177.94304916264082,179.54101721374016,174.70717071687335,177.96302795410156,148573700
NVDA,2025-09-29,180.2001578366391,183.76561762390497,180.09031258631592,181.6183624267578,193063500
NVDA,2025-09-30,181.848063160254,187.11135435179565,181.2488213615314,186.3423309326172,236981000
NVDA,2025-10-01,185.00405809785752,187.9003581593927,183.665753326035,187.0015106201172,173844900
NVDA,2025-10-02,189.35850113919957,190.80665113886596,187.82045419605362,188.64939880371094,136805800
NVDA,2025-10-03,188.94900408551683,190.11751186051177,185.1438598655547,187.38099670410156,137596900
NVDA,2025-10-06,185.26372281570642,186.99151499327596,183.09648864167906,185.3036651611328,157678100
NVDA,2025-10-07,185.99277739696944,188.8191743935438,183.76562222076905,184.80429077148438,140088000
NVDA,2025-10-08,186.33235229407293,189.35849142592937,186.30237648821537,188.86911010742188,130168900
NVDA,2025-10-09,191.9851285494953,195.05122522476873,190.816620752273,192.32470703125,182997200
NVDA,2025-10-10,193.26350393527704,195.37081685366852,181.81811007166195,182.92669677734375,268774400
NVDA,2025-10-13,187.73057886865314,189.86785248459339,185.72314454487463,188.08013916015625,153482800
NVDA,2025-10-14,184.5346420566055,184.56460262310264,179.47109296765566,179.80067443847656,205641400
NVDA,2025-10-15,184.56460739230218,184.63451030281777,177.06416377208902,179.60093688964844,214450500
NVDA,2025-10-16,181.99786281424815,183.04652832403656,179.5410050089342,181.57839965820312,179723300
NVDA,2025-10-17,179.9504818191574,183.86550198639478,179.52103686227596,182.9866180419922,173135200
NVDA,2025-10-20,182.89672994644732,184.96408521149223,181.4985041529273,182.4073486328125,128544700
NVDA,2025-10-21,182.55715836486127,182.55715836486127,179.5709767314294,180.9292449951172,124240200
NVDA,2025-10-22,180.9092591258601,183.20633238125785,176.53483359319367,180.05035400390625,162249600
NVDA,2025-10-23,180.19017423035882,182.7968501503985,179.5609718650331,181.92796325683594,111363700
NVDA,2025-10-24,183.6058200325102,187.23120099697576,183.26625678365264,186.02273559570312,131296700
NVDA,2025-10-27,189.74800438556454,191.75543864774096,188.18997864549505,191.24609375,153452700
NVDA,2025-10-28,192.8040950113927,202.8912204382634,191.66554775855593,200.77392578125,297986200
NVDA,2025-10-29,207.715080745974,211.9197249544373,204.51915980095313,206.77627563476562,308829600
NVDA,2025-10-30,204.88867704045037,205.89740027142088,201.1534507471854,202.63156127929688,178864400
NVDA,2025-10-31,206.18701808603035,207.70508615602077,201.81260775338424,202.23207092285156,179802200
NVDA,2025-11-03,207.8149540137207,211.07079600988305,205.2981596683369,206.61648559570312,180267300
NVDA,2025-11-04,202.7414122562426,203.71017785907821,197.67786326579136,198.43690490722656,188919300
NVDA,2025-11-05,198.51681234435117,202.66152000582164,194.40205001057666,194.9613494873047,171350300
NVDA,2025-11-06,196.16981228388872,197.3682807609907,186.14260723026618,187.84043884277344,223029800
NVDA,2025-11-07,184.66444902638756,188.08010568481336,178.682089465448,187.91030883789062,264942300
NVDA,2025-11-10,194.8614791513322,199.68532876518447,193.5431531870904,198.7964630126953,198897100
NVDA,2025-11-11,194.91140808059743,195.17107140540628,191.05632435423007,192.91395568847656,176483300
NVDA,2025-11-12,195.47068348463264,195.64046510157328,190.8865341091802,193.55313110351562,154935300
NVDA,2025-11-13,190.8066439854392,191.1961465947379,183.61581837719615,186.62197875976562,207423100
NVDA,2025-11-14,182.62706393415107,190.76667594021126,180.34996953708986,189.92774963378906,186591900
NVDA,2025-11-17,185.73311754704963,188.75925679396335,184.08522536919267,186.36231994628906,173628900
NVDA,2025-11-18,183.14641371605563,184.5646030780414,179.42115405263684,181.1289825439453,213598900
NVDA,2025-11-19,184.5546024199349,187.62069907956393,182.5971076589588,186.28240966796875,247246400
NVDA,2025-11-20,195.70039225393623,195.7503316108911,179.62090987236718,180.40989685058594,343504800
NVDA,2025-11-21,181.00913979899244,184.32490281868388,172.70971237567008,178.6521453857422,346926200
NVDA,2025-11-24,179.2613745727385,183.26626122561635,176.25519889972114,182.31747436523438,256618300
NVDA,2025-11-25,174.68720886729724,177.9330691207534,169.3340356551,177.593505859375,320600300
NVDA,2025-11-26,181.39863013804072,182.67699835309762,178.01294919921247,180.03036499023438,183852000
NVDA,2025-11-28,178.7819702942556,179.0616124091028,176.27517303639212,176.7745361328125,121332800
NVDA,2025-12-01,174.5373804488289,180.07033197943204,173.45875435362808,179.69081115722656,188131000
NVDA,2025-12-02,181.52847225165078,185.4235136530611,179.7707195907086,181.22886657714844,182632200
NVDA,2025-12-03,180.84935949817796,182.21760964702736,178.88186747602086,179.3612518310547,165138000
NVDA,2025-12-04,181.39873533031871,184.29521152983364,179.7407692190929,183.15660095214844,167364900
NVDA,2025-12-05,183.66598269849337,184.43504894381925,180.6896172324408,182.1877899169922,143971100
NVDA,2025-12-08,182.41751577930148,187.7709870845105,182.17780264974235,185.323974609375,204378100
NVDA,2025-12-09,185.33395229946427,185.4937610485011,183.09669077375298,184.7446746826172,144719700
NVDA,2025-12-10,184.74467463147755,185.2540478736652,181.8182359713298,183.55612182617188,162785400
NVDA,2025-12-11,180.060377409269,181.09911899111663,176.40483245042134,180.70957946777344,182136600
NVDA,2025-12-12,180.88937065842447,182.59729422559735,174.40727135263347,174.80679321289062,204274900
NVDA,2025-12-15,177.72322484137152,178.20263580820242,174.81676632707214,176.07522583007812,164775600
NVDA,2025-12-16,176.04526619844617,178.27256047932946,174.686922405521,177.5034942626953,148588100
NVDA,2025-12-17,175.88546784627562,175.91543007880585,170.10251312474713,170.73175048828125,222775500
NVDA,2025-12-18,174.3173807251694,175.93540231223645,171.6106906687844,173.9278564453125,176096000
NVDA,2025-12-19,176.4547863729682,181.22896236326454,176.12518653595592,180.76953125,324925900
NVDA,2025-12-22,183.6959478478248,183.935660967629,182.1278683380167,183.4662322998047,129064400
NVDA,2025-12-23,182.74711840334103,189.09937165158402,182.67719635774475,188.97952270507812,174873600
NVDA,2025-12-24,187.71105179508496,188.67987134928,186.36269028434322,188.38023376464844,65528500
NVDA,2025-12-26,189.68863982420257,192.45526970950266,187.7709805748158,190.2978973388672,139740300
NVDA,2025-12-29,187.4813341773615,188.53004285167208,185.68352392965699,187.99070739746094,120006100
NVDA,2025-12-30,188.01069817319677,188.75978454971104,186.70228116711607,187.31153869628906,97687300
NVDA,2025-12-31,189.33906392286715,190.32784810299728,186.26281429981768,186.27279663085938,120100500
NVDA,2026-01-02,189.60873357074172,192.69496568024334,188.03065649528438,188.6199493408203,148240500
NVDA,2026-01-05,191.52640398377517,193.39413642527967,185.9232371396652,187.89083862304688,183529700
NVDA,2026-01-06,190.2879203285983,191.935904267691,186.5924305704924,187.0119171142578,176862600
NVDA,2026-01-07,188.34028795646717,191.13686475404677,186.3327268208183,188.87962341308594,153543200
NVDA,2026-01-08,188.87962438445808,189.31909080925226,183.4862088297309,184.8145751953125,172457000
NVDA,2026-01-09,184.8545293482555,186.1129888751533,183.44624341374129,184.63479614257812,131327500
NVDA,2026-01-12,182.99680052530172,186.89204340473577,182.79704721562317,184.71470642089844,137968500
NVDA,2026-01-13,184.7746378408776,187.88084992986475,183.17658082293008,185.58364868164062,160128900
NVDA,2026-01-14,184.0954710990846,184.2352999433054,180.57975484984624,182.91690063476562,159586100
NVDA,2026-01-15,186.2727952885624,189.46889382188115,186.10300422087673,186.82212829589844,206188600
NVDA,2026-01-16,188.84966224271636,190.20800608356458,185.85331687968656,186.0031280517578,187967200
NVDA,2026-01-20,181.67840938923754,182.15783564218773,177.39364202987932,177.85308837890625,223345300
NVDA,2026-01-21,178.8318922054109,185.15418310637224,178.18267486272933,183.09669494628906,200381000
NVDA,2026-01-22,184.52493568425237,185.94320399708803,183.70592730123704,184.6148223876953,139636600
NVDA,2026-01-23,187.27158465782284,189.3690325020707,186.59242035942677,187.44137573242188,142748100
NVDA,2026-01-26,186.93200550896393,188.88960930416175,185.76343263076708,186.2428436279297,124799600
NVDA,2026-01-27,187.01190478720812,189.76853699604698,185.47377232125424,188.29034423828125,143711600
NVDA,2026-01-28,191.0369866951896,192.1156727976695,189.60872088942648,191.28668212890625,148552700
NVDA,2026-01-29,191.10690928022157,193.244301759811,185.83334250366076,192.27548217773438,171764400
NVDA,2026-01-30,190.97707539362895,194.25307849059112,189.23918956869622,190.8971710205078,179489500
NVDA,2026-02-02,186.97193993484487,190.06816944570554,184.65477420739685,185.38388061523438,165794100
NVDA,2026-02-03,186.01312186532803,186.04308409913696,176.01530661894333,180.12030029296875,204019600
NVDA,2026-02-04,179.241398362594,179.36124730830178,171.70059231104517,173.97781372070312,207014100
NVDA,2026-02-05,174.7168961324724,176.60460839935587,170.8216531377948,171.67062377929688,206312900
NVDA,2026-02-06,176.4747642750831,186.77220252110314,174.38731390455436,185.18414306640625,231346200
NVDA,2026-02-09,184.03552934237337,193.42408742490235,183.7259094221984,189.80848693847656,196387400
NVDA,2026-02-10,191.1468699498802,192.24552080983682,187.89083145679504,188.31031799316406,136764800
NVDA,2026-02-11,192.21556708670826,193.02457795983298,188.54005713468442,189.81849670410156,144192700
NVDA,2026-02-12,192.79485804306626,193.3741533411549,186.28279615580217,186.7122802734375,189932500
NVDA,2026-02-13,187.25160463564347,187.27158453858374,181.36878053627944,182.58729553222656,161888000
NVDA,2026-02-17,181.5285959992061,186.92201173748992,178.9617194034806,184.7446746826172,162276900
NVDA,2026-02-18,188.52005804720127,190.13807962880853,186.53247684939709,187.75099182128906,164749100
NVDA,2026-02-19,186.8321237354349,188.20044994409497,185.43383529156333,187.6710968017578,126554500
NVDA,2026-02-20,186.342734664171,190.09814888521723,185.71349722992974,189.58877563476562,178422300
NVDA,2026-02-23,191.1668239815537,193.71372053376285,189.34904909171755,191.316650390625,171584800
NVDA,2026-02-24,191.2567378902843,193.53395924081437,187.171708627792,192.61508178710938,175123600
NVDA,2026-02-25,194.2131137016724,197.38924768090467,193.5539140704845,195.32176208496094,250637100
NVDA,2026-02-26,194.03334246429932,194.0533071271398,184.09546670933034,184.66476440429688,360807900
NVDA,2026-02-27,181.0292033274304,182.36756729714082,176.1651407824763,176.97415161132812,311636500
NVDA,2026-03-02,174.79680413295333,183.2365228635074,174.42725972943845,182.25770568847656,209095300
NVDA,2026-03-03,178.27256086028186,180.67961330625172,176.70446619030554,179.83065795898438,178099400
NVDA,2026-03-04,180.22019302825058,184.47499807110998,179.84065106191534,182.8170166015625,177731200
NVDA,2026-03-05,180.94928366467312,183.83576224630102,177.6632984882966,183.11663818359375,198779700
NVDA,2026-03-06,179.62092189230134,182.53736302725528,176.6046117177772,177.6033935546875,189021900
NVDA,2026-03-09,176.61458806542097,182.68718325690133,175.34613090826778,182.427490234375,177213600
NVDA,2026-03-10,182.17778352587916,186.21287029543888,181.78825925636124,184.54490661621094,179118500
NVDA,2026-03-11,185.6935753620157,187.40157611978597,184.23526832414757,185.8134307861328,145280400
NVDA,2026-03-12,183.83574790315467,184.72471123223085,181.53842231669145,182.9268035888672,155762700
NVDA,2026-03-13,184.70472270189353,185.87335881208497,179.73052445930352,180.0401611328125,160988400
NVDA,2026-03-16,182.7570048934839,188.66012868968363,181.19882333613754,183.0067138671875,217307400
NVDA,2026-03-17,184.8445618023411,185.1841623368753,181.4684917186082,181.71820068359375,182497800
NVDA,2026-03-18,182.26756764801692,183.16652908726184,180.12007659614625,180.1899871826172,156683100
NVDA,2026-03-19,177.80276430906588,179.77047215436778,175.5853475010711,178.3521270751953,170968500
NVDA,2026-03-20,177.79278016290237,178.05247199547227,171.52009228430225,172.4989471435547,241323500
NVDA,2026-03-23,177.0536408486584,178.16234927411983,174.55655117338722,175.43553161621094,182836300
NVDA,2026-03-24,174.6264683383626,176.01484951930743,173.777451794472,174.99603271484375,147667800
NVDA,2026-03-25,176.89383761026875,181.00903649280792,176.64412864426953,178.47198486328125,162602100
NVDA,2026-03-26,175.86504388946904,176.30451888215924,170.9407749866337,171.04066467285156,186152200
NVDA,2026-03-27,169.80209026823204,170.77096223786808,166.81556566439232,167.32498168945312,196212700
NVDA,2026-03-30,168.58352034150624,169.25273855906806,164.07877596313077,164.97772216796875,185627000
NVDA,2026-03-31,166.77563225072552,174.41672082635512,166.7656493784466,174.1969757080078,226181300
NVDA,2026-04-01,175.79511913229018,177.16351944386196,174.54657425208924,175.54541015625,168132000
NVDA,2026-04-02,171.97954556798163,177.28337661769746,171.170490985778,177.18348693847656,143143200
NVDA,2026-04-06,176.953760088437,177.58301630024127,175.55538077559635,177.43319702148438,107564300
NVDA,2026-04-07,175.52541836668527,178.0225079733855,173.4578360976707,177.89266967773438,132534900
NVDA,2026-04-08,184.28522303450282,185.0443328296099,180.09011531444295,181.8680419921875,147732700
NVDA,2026-04-09,181.6283100364998,183.86570786090292,180.40972906189933,183.69590759277344,116428500
NVDA,2026-04-10,184.09543736125556,189.77881591864653,184.08545448929232,188.41041564941406,160459500
NVDA,2026-04-13,185.81343445538195,189.43921351677633,185.52377876103736,189.08961486816406,133648200
NVDA,2026-04-14,190.61783708872017,196.28123474121094,190.54792650193752,196.28123474121094,161307000
NVDA,2026-04-15,196.31119931453722,200.166706463506,195.5121427945441,198.63848876953125,185338400
NVDA,2026-04-16,197.20015246424893,199.6173486077875,195.58204328148997,198.1190948486328,134012900
NVDA,2026-04-17,199.66727910555997,201.46518667284232,199.03802288778024,201.44520568847656,160324400
NVDA,2026-04-20,199.7471876833392,201.9346406188145,197.6096795882359,201.82476806640625,119381400
NVDA,2026-04-21,201.89470437258373,202.51397775047528,198.76834314349978,199.64732360839844,107945300
NVDA,2026-04-22,200.75603026628932,202.26426696777344,198.76834136586132,202.26426696777344,107501000
NVDA,2026-04-23,202.22431724671497,203.59271751351986,196.99041179336916,199.4075927734375,113561800
NVDA,2026-04-24,199.72721882416832,210.70441481695215,199.57738430538978,208.0275421142578,214134400
NVDA,2026-04-27,209.4059296471886,216.5775789683675,207.13858324348888,216.3578338623047,187172400
NVDA,2026-04-28,209.24613572912838,214.4800260296235,207.95762889823203,212.92184448242188,180275400
NVDA,2026-04-29,212.4523894424142,212.47237042757808,207.33835459433345,209.00640869140625,123711800
NVDA,2026-04-30,209.68560172993963,210.05518135667162,198.46867945247158,199.33767700195312,225239200
NVDA,2026-05-01,201.0456862731779,202.76368521944246,196.89052532216473,198.21897888183594,128647000
NVDA,2026-05-04,199.26774870200734,201.49514834231712,194.51329562325486,198.24893188476562,125368100
NVDA,2026-05-05,199.06798360144137,200.00689171848026,195.80178617585554,196.271240234375,113406600
NVDA,2026-05-06,199.65729931010404,208.0275486883452,198.37879062945476,207.5880584716797,188362800
NVDA,2026-05-07,208.0974592073836,213.95063795079753,206.25960488465944,211.2537841796875,168307900
NVDA,2026-05-08,212.7820061205359,217.5464575316693,212.642169707093,214.94947814941406,136421400
NVDA,2026-05-11,213.79081709888328,222.04121091513153,213.64099781886503,219.18453979492188,160685800
NVDA,2026-05-12,218.29558003818886,223.48952345691538,214.6698009927987,220.52297973632812,159176600
NVDA,2026-05-13,224.6681467194947,227.57476278227756,221.3120728008497,225.56710815429688,150405400
NVDA,2026-05-14,229.58243343997336,236.26463268418732,229.03307065698914,235.465576171875,180782900
NVDA,2026-05-15,229.49252726355346,231.23050718880455,223.97896415639156,225.05770874023438,180977600
NVDA,2026-05-18,229.60240180074675,229.7322553439391,218.1157890335498,222.0612030029297,146280900
NVDA,2026-05-19,219.36432694236115,224.21866983705235,217.6563261548179,220.35317993164062,140948200
NVDA,2026-05-20,222.9201831873553,225.8667612103758,220.2433103590018,223.20985412597656,184201600
NVDA,2026-05-21,222.03121805596584,227.13526994336974,217.6762930684293,219.25445556640625,203381800
NVDA,2026-05-22,220.64283833374193,220.75271088945502,214.54994865072538,215.07933044433594,169275700
NVDA,2026-05-26,216.28791550863897,217.92600574795006,211.75320730356688,214.60987854003906,187202600
NVDA,2026-05-27,213.87072806866348,213.90069192498567,208.53694826896,212.35250854492188,167601200
NVDA,2026-05-28,211.03403615445995,215.2691056248748,210.97410844231206,214.00057983398438,143996000
NVDA,2026-05-29,214.33020874183248,217.6063892667686,210.88422794322287,210.8942108154297,289410600
NVDA,2026-06-01,215.47885750139108,224.60821672379726,215.44889364463796,224.09881591796875,212850700
NVDA,2026-06-02,226.91551751623658,232.00958636747916,221.09231801448135,222.56060791015625,193362900
NVDA,2026-06-03,221.46188713313538,222.56061267075634,214.2602739078757,214.5,160907000
NVDA,2026-06-04,213.91000366210938,221.60000610351562,210.97000122070312,218.66000366210938,169022200
NVDA,2026-06-05,214.52999877929688,214.8699951171875,204.3300018310547,205.10000610351562,219655500
NVDA,2026-06-08,210.17999267578125,210.47000122070312,206.0,208.63999938964844,138372800
NVDA,2026-06-09,210.6199951171875,211.39999389648438,199.33999633789062,208.19000244140625,180962500
NVDA,2026-06-10,204.42999267578125,207.22000122070312,199.9199981689453,200.4199981689453,161746600
NVDA,2026-06-11,201.49000549316406,205.66000366210938,199.5399932861328,204.8699951171875,158643200
NVDA,2026-06-12,204.86000061035156,207.07000732421875,203.44000244140625,205.19000244140625,112001800
NVDA,2026-06-15,208.9199981689453,212.7100067138672,208.33999633789062,212.4499969482422,149936700
NVDA,2026-06-16,211.17999267578125,211.49000549316406,207.2899932861328,207.41000366210938,125694100
NVDA,2026-06-17,208.52999877929688,209.2100067138672,203.0800018310547,204.64999389648438,128363500
NVDA,2026-06-18,207.3300018310547,211.38999938964844,206.5,210.69000244140625,241272000
NVDA,2026-06-22,211.44000244140625,213.99000549316406,207.72000122070312,208.64999389648438,122041400
NVDA,2026-06-23,202.1699981689453,203.77000427246094,200.0,200.0399932861328,153496200
NVDA,2026-06-24,200.1199951171875,201.6699981689453,196.5800018310547,199.0,151810700
NVDA,2026-06-25,200.0800018310547,200.8000030517578,192.1300048828125,195.74000549316406,149550000
NVDA,2026-06-26,193.1199951171875,195.5500030517578,191.22000122070312,192.52999877929688,179304100
NVDA,2026-06-29,193.85000610351562,196.17999267578125,189.8000030517578,194.97000122070312,148835700
NVDA,2026-06-30,197.24000549316406,200.6300048828125,195.11000061035156,200.08999633789062,166476700
NVDA,2026-07-01,196.1999969482422,199.85000610351562,193.4499969482422,197.5800018310547,146147600
NVDA,2026-07-02,197.13999938964844,200.05999755859375,192.35000610351562,194.8300018310547,142068700
NVDA,2026-07-06,194.4199981689453,197.5500030517578,193.99000549316406,195.5500030517578,108999000
NVDA,2026-07-07,192.3699951171875,198.41000366210938,191.13999938964844,196.92999267578125,124154600
NVDA,2026-07-08,195.17999267578125,205.16000366210938,195.05999755859375,204.1199951171875,147419100
NVDA,2026-07-09,204.4600067138672,204.58999633789062,198.9600067138672,202.77999877929688,132037400
NVDA,2026-07-10,202.0,211.0,201.9199981689453,210.9600067138672,148421000
NVDA,2026-07-13,208.5399932861328,210.57000732421875,203.0,203.52999877929688,121411000
NVDA,2026-07-14,208.1999969482422,212.5500030517578,203.8000030517578,211.8000030517578,124379600
NVDA,2026-07-15,211.9600067138672,213.80999755859375,206.0399932861328,212.5,124797200
NVDA,2026-07-16,210.1699981689453,211.0800018310547,205.85000610351562,207.39999389648438,122986100
NVDA,2026-07-17,202.63999938964844,206.64999389648438,197.97000122070312,202.80999755859375,144281900
NVDA,2026-07-20,205.8699951171875,207.74000549316406,202.27999877929688,203.27999877929688,88701500
NVDA,2026-07-21,207.5399932861328,208.64999389648438,204.00999450683594,207.2899932861328,108685600
NVDA,2026-07-22,205.80999755859375,214.38999938964844,204.9499969482422,212.05999755859375,137645600
NVDA,2026-07-23,209.4600067138672,210.8699951171875,205.9600067138672,208.75999450683594,110505300
NVDA,2026-07-24,207.4499969482422,211.91000366210938,204.80999755859375,206.83999633789062,114836800
NVDA,2026-07-27,208.1999969482422,208.75,195.44000244140625,196.50999450683594,154353700
NVDA,2026-07-28,195.0,198.6999969482422,192.74000549316406,197.00999450683594,134111500
NVDA,2026-07-29,195.85000610351562,197.07000732421875,190.00999450683594,190.00999450683594,147680800
NVDA,2026-07-30,193.4499969482422,197.25,191.52000427246094,195.0399932861328,129010200
NVDA,2026-07-31,198.44000244140625,202.0,194.9499969482422,200.75,139961200
NVDA,2026-08-03,197.69000244140625,208.74000549316406,196.85000610351562,206.63999938964844,128406900
NVDA,2026-08-04,211.3000030517578,213.05999755859375,209.0500030517578,211.94000244140625,134922000
NVDA,2026-08-05,216.86000061035156,222.22000122070312,216.39999389648438,219.22000122070312,158187400
NVDA,2026-08-06,221.52999877929688,223.6300048828125,217.0,218.99000549316406,113940600
NVDA,2026-08-07,221.5399932861328,224.75999450683594,220.66000366210938,223.9600067138672,105669400
NVDA,2026-08-10,223.39999389648438,224.13999938964844,216.77000427246094,217.5500030517578,115846600
NVDA,2026-08-11,222.1699981689453,222.1999969482422,216.1999969482422,217.5,101273100
NVDA,2026-08-12,221.0399932861328,225.10000610351562,220.1999969482422,224.08999633789062,108783600
NVDA,2026-08-13,225.05999755859375,227.22999572753906,223.7100067138672,225.3000030517578,98867200
NVDA,2026-08-14,226.77000427246094,227.49000549316406,224.5,225.16000366210938,75680900
NVDA,2026-08-17,225.97999572753906,227.9199981689453,224.86000061035156,225.00999450683594,93678700
NVDA,2026-08-18,220.4499969482422,221.63999938964844,218.69000244140625,219.74000549316406,103128200
NVDA,2026-08-19,221.6699981689453,222.8699951171875,216.75999450683594,217.55999755859375,96797300
NVDA,2026-08-20,218.36000061035156,219.86000061035156,215.66000366210938,216.85000610351562,92457000
NVDA,2026-08-21,218.4199981689453,218.74000549316406,214.5,214.72000122070312,98869300
NVDA,2026-08-24,215.52999877929688,215.58999633789062,207.25,208.47999572753906,135187300
NVDA,2026-08-25,211.02999877929688,214.72999572753906,210.11000061035156,213.0500030517578,122309000
NVDA,2026-08-26,212.63999938964844,213.60000610351562,209.22999572753906,209.66000366210938,179900000
NVDA,2026-08-27,222.86000061035156,230.47000122070312,220.89999389648438,227.97999572753906,298909800
NVDA,2026-08-28,,,,,194792961
