Ticker,Date,Open,High,Low,Close,Volume
QQQ,2021-08-31,369.28089840437747,369.3488101474605,367.19432268536974,368.7374267578125,29628200
QQQ,2021-09-01,369.79523177921465,371.4159322397432,369.14499095082925,369.3487854003906,28138300
QQQ,2021-09-02,370.6977473620195,371.02771012392384,367.9609608099566,369.174072265625,25453400
QQQ,2021-09-03,368.0290057631559,370.70756608874484,368.0096066365166,370.3096618652344,24605400
QQQ,2021-09-07,370.4164063611562,371.48395068011064,369.26152154569473,370.8337097167969,23970200
QQQ,2021-09-08,370.65899507579223,370.65899507579223,367.28171104948837,369.5429382324219,32949200
QQQ,2021-09-09,369.7661990256382,370.8725416103821,368.02901459763234,368.2716369628906,29399000
QQQ,2021-09-10,369.9796779687276,370.69783063437353,365.146630181552,365.4765930175781,40249400
QQQ,2021-09-13,367.80568691624063,368.232704527197,363.17646416375703,365.22418212890625,48741800
QQQ,2021-09-14,366.70907000117154,367.43693697085075,363.2347313640418,364.1858215332031,41826600
QQQ,2021-09-15,364.64188983703866,367.24279358566645,362.3515200997111,366.8934020996094,34097900
QQQ,2021-09-16,365.563941041,367.7184286993201,363.64239097884035,367.1458435058594,35193100
QQQ,2021-09-17,366.6702766200241,366.71878923852006,361.7596031021072,362.7980041503906,60912300
QQQ,2021-09-20,357.01129546035133,358.75040525289535,350.6669766834423,355.3013610839844,76203200
QQQ,2021-09-21,357.1280094341518,358.3230455927462,354.61165851630665,355.7386779785156,41927500
QQQ,2021-09-22,356.6519087067731,360.5187493428805,355.55403515444647,359.0614013671875,46972900
QQQ,2021-09-23,360.2175441098625,363.40427696626887,359.5763074823771,362.3744201660156,44652000
QQQ,2021-09-24,360.11062893099836,363.1322120662038,359.74142941771123,362.71441650390625,36056800
QQQ,2021-09-27,359.6734239920865,360.6935555215144,357.27365692828073,359.81915283203125,43338100
QQQ,2021-09-28,355.2722726687899,359.77059480277074,349.1319732652067,349.6371765136719,97701600
QQQ,2021-09-29,350.9002374139958,353.0376631925343,348.44217849629433,349.06396484375,58076600
QQQ,2021-09-30,350.7059458519513,352.3673142998109,346.9459926884588,347.7815246582031,61384600
QQQ,2021-10-01,348.4032641038666,350.9779057872913,344.3032580391962,349.9383239746094,56375500
QQQ,2021-10-04,348.3256447001927,348.6559734049248,340.3588255658776,342.5934143066406,76766000
QQQ,2021-10-05,343.6523296162224,349.4623003725709,343.4288885889361,347.2179870605469,47232900
QQQ,2021-10-06,344.0117954940638,349.71490816575323,343.10824696739064,349.44287109375,56806500
QQQ,2021-10-07,352.48386870945467,355.29170657655396,351.94951966995245,352.6490478515625,39411200
QQQ,2021-10-08,353.7274875690188,353.9606834069778,350.35615473302096,350.8905334472656,41822300
QQQ,2021-10-11,349.3554457591394,352.8725371338533,348.11184333183206,348.1993103027344,34847200
QQQ,2021-10-12,349.64691210021607,350.0840986793097,346.3435961311823,346.9848327636719,43905100
QQQ,2021-10-13,349.28740081060675,350.4338405855879,347.2665286701431,349.7634582519531,40120800
QQQ,2021-10-14,353.34861252410167,356.41876265768235,352.68795518708134,356.20501708984375,43433900
QQQ,2021-10-15,357.41945343905405,358.56589339676304,356.3895965753738,358.4493103027344,40419900
QQQ,2021-10-18,357.15710508473506,362.2675480418583,356.5547393437458,362.0538024902344,34513500
QQQ,2021-10-19,363.1225161847525,364.8421760222479,362.10238452095024,364.7936096191406,29091000
QQQ,2021-10-20,365.25016851446736,365.86225924202455,362.8406765083187,364.3174743652344,31390300
QQQ,2021-10-21,363.52086567008075,366.7367443478896,363.21968280779555,366.54241943359375,25469300
QQQ,2021-10-22,365.28916363209765,366.25100387400335,361.8012474626446,363.4626159667969,36275800
QQQ,2021-10-25,364.8810195167244,368.0968979159917,362.9378891413452,367.1836242675781,32597800
QQQ,2021-10-26,369.41826607898804,371.8277289256972,367.16422758060594,368.3398132324219,47191300
QQQ,2021-10-27,368.7866927678403,372.2551875273893,368.5243808468804,369.19476318359375,45760500
QQQ,2021-10-28,371.0893573713803,373.54741625645437,370.32181252550123,373.2947998046875,38007000
QQQ,2021-10-29,370.2246498535982,375.29622161802354,369.8749005973432,375.13104248046875,37310100
QQQ,2021-11-01,375.5682866192368,376.53985193637055,373.4891522584772,376.4135437011719,30765300
QQQ,2021-11-02,375.80140507193687,378.46351386461185,375.7528386721774,377.9874267578125,25135300
QQQ,2021-11-03,378.4732740352497,382.41782702389656,377.4337216341692,382.00006103515625,33748900
QQQ,2021-11-04,383.26314430394444,387.8489343530829,382.7190700311504,386.89678955078125,40265300
QQQ,2021-11-05,388.6649559362815,389.58792509832745,385.86684338012475,387.2658996582031,43383800
QQQ,2021-11-08,387.2367186387448,388.256850159151,386.0999743975993,386.7412109375,29256300
QQQ,2021-11-09,387.81003104170816,388.20837639562905,382.71903806443726,384.0792236328125,50490700
QQQ,2021-11-10,381.3101812742508,384.1179891815818,376.51064698992576,378.4343566894531,54937400
QQQ,2021-11-11,381.40741366559087,381.5822883113041,379.1436498134024,379.48370361328125,32243000
QQQ,2021-11-12,380.6302191581344,384.01127789551657,379.03686709786956,383.4769287109375,34730600
QQQ,2021-11-15,384.6523346212401,384.97293805192265,380.950674036111,383.3892822265625,33716900
QQQ,2021-11-16,382.66064649183136,386.61492387931935,382.466351246265,386.11944580078125,27872900
QQQ,2021-11-17,386.44009993829405,388.35408477451546,385.3616766820078,386.3235168457031,28703300
QQQ,2021-11-18,388.36380376999676,390.83155825697514,386.1486360963617,390.32635498046875,45721500
QQQ,2021-11-19,391.9584894088829,393.77531134736444,391.132653168715,392.5025634765625,45191700
QQQ,2021-11-22,394.0378408325258,397.0885411920894,387.83924798018325,387.94610595703125,61715400
QQQ,2021-11-23,386.78982609208884,388.8495693207287,381.74742974006676,386.1777648925781,70098700
QQQ,2021-11-24,383.7003052575749,387.7031498463432,381.3782794363445,387.4214172363281,46954400
QQQ,2021-11-26,384.84668358291367,386.23604437603416,378.6869636697701,380.0763244628906,51533300
QQQ,2021-11-29,384.6330147582925,389.3353874223647,383.9043407569417,388.324951171875,54447100
QQQ,2021-11-30,387.44078141295927,389.7822571763225,380.6106790288867,382.621826171875,81332700
QQQ,2021-12-01,386.9550383610428,389.0924939464996,375.64603334024446,376.11236572265625,77766500
QQQ,2021-12-02,374.82984957942165,380.6009493514841,373.41137266182295,378.822998046875,84416600
QQQ,2021-12-03,380.1831750070444,381.1838859743327,368.12604734982597,372.23577880859375,105349100
QQQ,2021-12-06,372.7216064023511,376.57872188749616,368.5147119860262,375.2185363769531,67588800
QQQ,2021-12-07,381.8543205406165,387.1299131676193,381.8154496254589,386.517822265625,56005300
QQQ,2021-12-08,386.84813523155293,388.45121190853195,384.9535711997848,388.2471618652344,39204000
QQQ,2021-12-09,387.0230508591578,388.8204526297621,382.3400989043438,382.534423828125,49973700
QQQ,2021-12-10,385.3421676711023,386.9549693890545,382.1748557726093,386.6926574707031,52545800
QQQ,2021-12-13,386.6829453531064,387.0035488196658,380.736971138381,381.1061706542969,50166400
QQQ,2021-12-14,376.28718869715664,378.9978638969991,372.72156103034786,377.16162109375,75199200
QQQ,2021-12-15,376.90903385524365,386.1194833044048,372.9644812243369,385.7599792480469,73858000
QQQ,2021-12-16,386.7218756836491,387.1493668046247,374.2566757853387,375.84033203125,82591400
QQQ,2021-12-17,372.4301201552073,378.1235083343343,370.91448063171447,373.9652099609375,80492500
QQQ,2021-12-20,369.24801685453167,371.1255254941099,367.2051181161095,370.3375549316406,65336800
QQQ,2021-12-21,373.6062316713703,378.9372206550842,369.86095132660364,378.62591552734375,48899500
QQQ,2021-12-22,378.3340481411925,383.4412804932483,377.67254707587614,383.23699951171875,37042200
QQQ,2021-12-23,383.5871812759535,387.5951377661711,383.42182085959166,386.126220703125,29595500
QQQ,2021-12-27,387.4200861977094,392.50787353515625,387.3909031979328,392.50787353515625,32820700
QQQ,2021-12-28,393.4027971113481,393.57789509151775,389.813140079433,390.68865966796875,33113700
QQQ,2021-12-29,390.82494423540373,392.0895805930732,388.2567212665021,390.63037109375,32248500
QQQ,2021-12-30,390.41625210349576,392.5953579163481,388.8792315554268,389.4629211425781,23850100
QQQ,2021-12-31,388.79169097937756,390.15361358706275,386.5347736936786,387.0309143066406,34752900
QQQ,2022-01-03,388.19825960966415,391.00968346905273,386.08728701256086,390.7567443847656,40575900
QQQ,2022-01-04,391.3014647821451,391.3403853335866,382.5948691430199,385.6883850097656,58027200
QQQ,2022-01-05,384.00552916746227,385.12428010378204,373.5867825549278,373.8397216796875,75739800
QQQ,2022-01-06,372.02056019679407,376.8164876394273,369.79282568546137,373.5770263671875,70814300
QQQ,2022-01-07,373.58676631105357,375.26973173594047,367.7596666339239,369.5301513671875,72652300
QQQ,2022-01-10,364.6272827725465,370.2890228474581,359.2671102907393,369.7734069824219,91770500
QQQ,2022-01-11,369.0437150608484,375.49342437997234,366.9619254037455,375.32806396484375,68295700
QQQ,2022-01-12,377.8962372540875,379.58894000178645,374.5400741286229,376.8164367675781,54576400
QQQ,2022-01-13,378.1978779155955,378.8788541706966,366.4561289540999,367.3900146484375,77994000
QQQ,2022-01-14,364.8704215155353,370.0068369648737,364.66611084234313,369.67608642578125,80121200
QQQ,2022-01-18,363.8684722871507,365.98918287000924,359.71457043714145,360.4733581542969,75450900
QQQ,2022-01-19,362.0298017987283,364.5007377255495,356.25133090845486,356.5140075683594,81791500
QQQ,2022-01-20,359.734037581992,363.70307408651166,351.3484523152494,351.88348388671875,88610700
QQQ,2022-01-21,349.6946518810321,352.3309484155579,341.84409858774796,342.126220703125,143388900
QQQ,2022-01-24,336.5034508180747,344.35400525124277,325.06323854930025,343.6924743652344,198685800
QQQ,2022-01-25,337.2427637902628,341.4841848912907,332.38844029940157,335.72515869140625,124398400
QQQ,2022-01-26,343.31309150880196,347.1751338941979,331.51294576874983,335.19989013671875,146559500
QQQ,2022-01-27,339.89849877273497,341.71764171534386,330.80275437199975,331.82421875,95255700
QQQ,2022-01-28,333.7016857380433,342.44720335065784,328.7598436579798,342.2331848144531,108167900
QQQ,2022-01-31,343.59518904683466,353.76099683287447,341.9608519381852,353.17730712890625,94326400
QQQ,2022-02-01,354.51975345573044,356.2319018538568,349.3736300747479,355.5801086425781,74433000
QQQ,2022-02-02,359.704782025708,360.0355325270616,354.3835316340809,358.46929931640625,78777100
QQQ,2022-02-03,348.78019330152955,352.08772832642944,342.875252752368,343.93560791015625,95384800
QQQ,2022-02-04,344.4512021440884,351.5721505685939,342.3985953365478,348.27435302734375,86318300
QQQ,2022-02-07,348.867832699805,351.2317451693235,344.217819211583,345.4727478027344,58198100
QQQ,2022-02-08,344.3345030373818,350.4437252968105,343.206044188482,349.35418701171875,64720900
QQQ,2022-02-09,353.86799703006915,356.8350441003599,352.27258059296145,356.7572326660156,55766400
QQQ,2022-02-10,349.74327756855774,356.52373803272644,346.84433406588846,348.68292236328125,112468500
QQQ,2022-02-11,348.68287051394003,350.27828670953545,336.39632517138085,337.6220703125,101569100
QQQ,2022-02-14,337.0675991070054,341.43551898191356,334.53832682443243,338.0404052734375,80254400
QQQ,2022-02-15,343.31314900847826,346.6790512205408,342.2527934750964,346.4455871582031,55128800
QQQ,2022-02-16,344.1983399690961,347.3794059544113,341.17289687012845,346.35797119140625,58947100
QQQ,2022-02-17,343.14761274914025,343.84803432565775,335.63754850169113,336.0558776855469,61801400
QQQ,2022-02-18,336.98976643850756,337.37888294301985,329.9174767418236,332.2230224609375,80001500
QQQ,2022-02-22,329.2850844804195,334.6841754461255,325.2576831875964,328.88623046875,85967100
QQQ,2022-02-23,332.0383048886634,332.87490418619785,320.15060887321874,320.4619140625,86215400
QQQ,2022-02-24,310.1695541857817,331.76586571589667,309.60533959972105,331.2308044433594,130614100
QQQ,2022-02-25,332.0285103049562,336.57152871228726,328.21512629807074,336.3672180175781,78842100
QQQ,2022-02-28,333.1958540080665,339.06187408237105,332.0382122795594,337.3691711425781,77515500
QQQ,2022-03-01,336.34771581519976,338.61434101103964,329.68398795912555,332.20355224609375,67407000
QQQ,2022-03-02,333.75027875813333,339.1104494682078,330.98751320333344,337.7777099609375,70609000
QQQ,2022-03-03,340.41407433832154,340.5210984604028,331.09460378869966,332.9526672363281,71089400
QQQ,2022-03-04,330.5984998691438,332.028526362809,325.8123093471127,328.1275634765625,76936300
QQQ,2022-03-07,328.1178218819508,329.2754636715576,315.8215368751897,316.02581787109375,89933800
QQQ,2022-03-08,315.2378618637905,324.14877091450364,311.2396423195089,314.5569152832031,116153900
QQQ,2022-03-09,322.7284579772235,327.2325554489857,320.1407899136627,325.8803405761719,64723400
QQQ,2022-03-10,321.8238210937463,323.4678662884436,317.8255713431909,322.2615661621094,69362700
QQQ,2022-03-11,325.2285581449521,325.5398632369939,315.0919050320362,315.57830810546875,66228400
QQQ,2022-03-14,314.3428716623377,317.70877279649835,308.81733958006123,309.51776123046875,79802600
QQQ,2022-03-15,312.15399880126375,320.0045504663024,310.54887481426624,319.2262878417969,76471000
QQQ,2022-03-16,323.13700512453204,331.1821006306383,319.4695072428963,331.06536865234375,105243000
QQQ,2022-03-17,329.16839361847946,335.1316997309201,327.8745745746981,335.0733337402344,67810000
QQQ,2022-03-18,333.4195566448327,342.2234697530368,332.26191499890564,341.9316101074219,85446300
QQQ,2022-03-21,341.09792410133036,343.31866317461163,336.5979780751096,340.98101806640625,73799100
QQQ,2022-03-22,341.47781828362815,348.54913327087644,341.09797022303843,347.6822509765625,63345900
QQQ,2022-03-23,344.80881680122246,348.3639424814587,342.6270171803516,342.6854553222656,70615500
QQQ,2022-03-24,344.604348920767,350.351025410237,342.4517974996988,350.30230712890625,53555300
QQQ,2022-03-25,350.243853940656,351.29580018977583,345.71471853730384,350.0101013183594,57584200
QQQ,2022-03-28,350.00033128092554,355.5229744553533,348.7633507609772,355.4255676269531,56833900
QQQ,2022-03-29,359.3118697413128,362.16570862470064,356.5456880901624,361.5423583984375,68073000
QQQ,2022-03-30,359.68200152367945,361.33782852557766,356.06843686648347,357.5489196777344,68757700
QQQ,2022-03-31,357.69501139905674,358.04567005236385,352.27952440693844,353.1171875,67011400
QQQ,2022-04-01,353.3801696236196,354.1593648604611,349.269850841836,352.44512939453125,54527800
QQQ,2022-04-04,353.28270198196543,359.7111656148351,353.0197303227817,359.701416015625,45950200
QQQ,2022-04-05,358.25019063157123,358.96122778866624,350.57499618285163,351.714599609375,62738700
QQQ,2022-04-06,346.4062655140077,347.5069003465268,341.4485636915753,344.0783996582031,90077100
QQQ,2022-04-07,343.08478239080915,347.0879732242765,339.6270637239698,344.8964538574219,63777400
QQQ,2022-04-08,343.1627857534905,343.9127618247843,339.4420650231139,340.0751647949219,61956100
QQQ,2022-04-11,335.8480054578386,336.76357619913693,331.68899816767185,332.0299072265625,66107400
QQQ,2022-04-12,336.77331286308385,338.65314282857037,329.2539632767462,330.6273193359375,72790200
QQQ,2022-04-13,330.9681858074025,338.39987787475087,330.2474287909676,337.34796142578125,61367800
QQQ,2022-04-14,337.43564025513336,337.9518637748371,329.41953643655626,329.6338195800781,73519400
QQQ,2022-04-18,328.58185577557975,332.1759504193535,327.0624045126952,329.88702392578125,58560600
QQQ,2022-04-19,329.24430075735904,337.83506830646405,328.22160307387486,337.2604064941406,56515700
QQQ,2022-04-20,338.068698508038,338.5264838163348,331.1240112611551,332.3415222167969,65500000
QQQ,2022-04-21,336.2181551269493,338.8284920047036,324.5397972136839,325.465087890625,75801000
QQQ,2022-04-22,325.6208654467017,326.83837639396864,316.5138776162672,316.94244384765625,82562100
QQQ,2022-04-25,315.31589645643817,321.32551442948113,314.0496671138111,321.0138244628906,101755900
QQQ,2022-04-26,318.95871630604034,319.1437803869639,308.6244657518132,308.897216796875,105819600
QQQ,2022-04-27,308.99454377699504,314.48796770473507,306.8127735656662,308.52703857421875,111204200
QQQ,2022-04-28,313.48475162677266,321.3157910363892,309.26727669681173,319.4846496582031,99450000
QQQ,2022-04-29,315.28671241202,318.72496285370096,304.47520700530265,305.1083068847656,91977900
QQQ,2022-05-02,304.69918805124564,310.436114682396,301.6018469141752,310.2023620605469,115511800
QQQ,2022-05-03,310.2217573614251,312.822373555241,307.7672662457178,310.533447265625,78185500
QQQ,2022-05-04,311.01076573447637,321.7053936845587,305.73165437547124,321.0333251953125,116083400
QQQ,2022-05-05,316.71844594551925,316.79635356866515,301.57259168354466,304.86474609375,154607400
QQQ,2022-05-06,302.8680460761537,306.90042702253174,297.17980856751376,301.21221923828125,139572800
QQQ,2022-05-09,295.5921888671596,301.3096155262985,288.0338713858974,289.42669677734375,113387300
QQQ,2022-05-10,296.5954346788012,297.8129457012923,288.8618022859869,292.9429016113281,124124600
QQQ,2022-05-11,290.6831631683839,296.18630646109506,283.38784740770296,284.25469970703125,140326100
QQQ,2022-05-12,279.9788270613995,288.0630877961864,277.53405558723375,283.5826416015625,120910900
QQQ,2022-05-13,288.0339179888043,295.12470171225505,286.43652909796657,294.0922546386719,83684900
QQQ,2022-05-16,292.3488051794956,294.403979694894,289.40730860193224,290.6832580566406,59190400
QQQ,2022-05-17,296.53698398835553,298.5921282397096,292.73832597930084,298.2122802734375,62715300
QQQ,2022-05-18,293.70259100455945,294.39412885704473,282.3164269513766,283.5729064941406,79477100
QQQ,2022-05-19,281.77102563484806,286.738476663522,280.10544911695507,282.053466796875,79920700
QQQ,2022-05-20,285.51123134311183,286.1638006552641,272.9270233764225,281.1768798828125,91764200
QQQ,2022-05-23,282.21907844050895,286.23199034784994,279.8230248721788,285.8521423339844,63648400
QQQ,2022-05-24,280.6411435224921,281.35215088037694,274.91396736497427,279.7742614746094,73491100
QQQ,2022-05-25,278.2839926608263,285.764401403591,278.07945917480373,283.68975830078125,67144500
QQQ,2022-05-26,282.89118504350165,293.0988103784084,282.60871410197825,291.55010986328125,59462200
QQQ,2022-05-27,294.6766659935086,301.21225750200745,294.5597896794027,301.066162109375,66985600
QQQ,2022-05-31,301.0369313919927,303.2381712461334,296.4201090925534,300.2674560546875,60968300
QQQ,2022-06-01,302.40051240627986,304.5238444499757,295.83570262602854,298.04669189453125,65341700
QQQ,2022-06-02,296.92661969357243,306.38423780833415,295.514294896039,306.20892333984375,59291300
QQQ,2022-06-03,300.99800962712317,302.40058500955723,296.99484677787353,298.2415771484375,60914700
QQQ,2022-06-06,302.67323523378644,304.23165526192764,297.6765653234213,299.2349853515625,51785000
QQQ,2022-06-07,295.91358022347396,302.5952953498359,294.82269523738705,301.8160705566406,44900300
QQQ,2022-06-08,301.01736904269234,303.6179852830129,298.7966304532307,299.64404296875,38342100
QQQ,2022-06-09,297.95896945522446,301.0173409518625,291.4525992488985,291.6181640625,55900500
QQQ,2022-06-10,286.0176516344523,287.20594344916174,280.8846364355447,281.3326721191406,85963500
QQQ,2022-06-13,272.4789956879142,275.00167522673036,267.3946679306064,268.2518005371094,94442000
QQQ,2022-06-14,270.44331562942807,271.417324532628,266.23559003375,268.7388000488281,64697500
QQQ,2022-06-15,272.15755174098666,279.37493078532503,269.4205596688989,275.4496765136719,86051400
QQQ,2022-06-16,268.4271234740811,268.8849088704275,262.28112936584387,264.3363037109375,81910300
QQQ,2022-06-17,265.1056742683673,269.9854672463517,263.4790964252964,267.5504455566406,82703400
QQQ,2022-06-21,272.026869215321,276.6135225102179,271.9195365844866,274.3006591796875,51633700
QQQ,2022-06-22,271.8024660137112,278.3018394534136,271.2071926784864,273.900634765625,67472900
QQQ,2022-06-23,276.3793377182855,278.82880933870996,273.5492878730118,277.97979736328125,57457800
QQQ,2022-06-24,280.80006451551657,287.92401558987484,280.56586254296246,287.5043640136719,58422300
QQQ,2022-06-27,288.8608200227862,289.42681798517424,284.26442815111665,285.3964538574219,54151500
QQQ,2022-06-28,285.9331509640633,288.5192298202316,276.51590467871944,276.7013244628906,61609800
QQQ,2022-06-29,276.56473159358586,278.45794354155225,274.06647805469794,276.955078125,57302700
QQQ,2022-06-30,273.9786543814577,277.09171787698773,269.1285234937554,273.5199890136719,79313600
QQQ,2022-07-01,272.2220832289671,275.71572495682835,270.34837814829655,275.32537841796875,56675100
QQQ,2022-07-05,271.5974236177196,280.15588879023824,270.0750517249355,280.0387878417969,61829300
QQQ,2022-07-06,280.4194628152482,283.9326410168725,278.7019024096697,281.83447265625,63194700
QQQ,2022-07-07,282.6444176772337,288.56802247137284,282.6444176772337,287.8653869628906,56620100
QQQ,2022-07-08,285.0353510679023,289.5927291083753,284.0985135096991,288.22650146484375,59895500
QQQ,2022-07-11,285.8161060220792,286.040539649993,281.19043841491765,282.0687255859375,55273900
QQQ,2022-07-12,283.3177929939941,285.2305115091865,277.74549076739095,279.336181640625,55797100
QQQ,2022-07-13,273.8321892938239,281.1024842041856,273.26616168838916,278.7603759765625,73939400
QQQ,2022-07-14,276.16456402172145,280.62434749047134,273.0515011436686,279.7558288574219,63741800
QQQ,2022-07-15,282.74207403045335,284.93780675556116,281.1318462068161,284.8304443359375,63818100
QQQ,2022-07-18,287.6117085612143,289.01697987225447,281.2489738562214,282.4200134277344,59519600
QQQ,2022-07-19,286.04058090098823,291.39819000176186,284.44015090234194,291.10540771484375,55172600
QQQ,2022-07-20,291.52494548414666,296.90202960971567,290.744222805503,295.7212219238281,67769400
QQQ,2022-07-21,296.17994578756554,300.0249201186976,293.5255477180764,299.96636962890625,55049400
QQQ,2022-07-22,299.03921292663256,301.1080759178699,292.8814060911661,294.706298828125,57127700
QQQ,2022-07-25,294.73562410111066,295.2040577901947,291.0272875191682,293.02783203125,40582400
QQQ,2022-07-26,291.32981093233593,291.5835495722376,286.4601733164211,287.2701416015625,50074100
QQQ,2022-07-27,291.82747960619065,301.0983496471215,291.26145191551063,299.4100646972656,69304400
QQQ,2022-07-28,299.19542972933493,302.9135349200694,295.44804929227706,302.3377685546875,55139900
QQQ,2022-07-29,303.8796571496862,308.75906308524213,302.454849173802,307.8514709472656,57501000
QQQ,2022-08-01,306.08506268864676,311.12061210718633,304.9920807587046,307.6659851074219,46358800
QQQ,2022-08-02,305.37266086335205,310.8668452514692,304.31869282567123,306.7486267089844,48676500
QQQ,2022-08-03,308.42730104920366,315.9220927499228,308.3687505483926,315.10235595703125,53735700
QQQ,2022-08-04,315.1803332975884,316.88812529432516,313.0333828747934,316.5758361816406,38973700
QQQ,2022-08-05,311.4915231177822,316.0195964067601,310.7108300691232,313.9897766113281,53894000
QQQ,2022-08-08,314.9071397325623,318.59596986295065,311.5110620801675,312.9748840332031,43878500
QQQ,2022-08-09,311.0816452057415,311.3353838525647,307.812466949981,309.4324035644531,39764200
QQQ,2022-08-10,316.76123163675936,318.36169088012,314.29225373105913,318.06890869140625,51459600
QQQ,2022-08-11,320.39156870404844,322.3921133408172,315.56094463561175,316.2635803222656,45897700
QQQ,2022-08-12,318.31293577249124,322.6165756154438,317.25899713697703,322.4214172363281,40928400
QQQ,2022-08-15,321.474815778675,325.5247170262433,321.45527909341536,325.0270080566406,38266600
QQQ,2022-08-16,324.0511130474527,326.35420819540025,321.22106348744586,324.26580810546875,41186900
QQQ,2022-08-17,321.1331968983646,323.436261971791,318.48853770617495,320.5671691894531,47842200
QQQ,2022-08-18,320.51842863638876,322.5189732145217,318.90823058794865,321.3381652832031,41937200
QQQ,2022-08-19,318.3031614705781,318.9569851504218,314.31178143869266,315.0729675292969,51770600
QQQ,2022-08-22,310.8180850442115,311.0522869439846,305.96795549292,306.7779235839844,51098900
QQQ,2022-08-23,306.54376837538723,309.35431072684594,305.7728139625083,306.5242614746094,39497100
QQQ,2022-08-24,306.04609597851845,309.22747829484655,305.4410543854446,307.412353515625,38057100
QQQ,2022-08-25,309.1884674875516,312.8675591476444,308.14429710244514,312.8480224609375,38098300
QQQ,2022-08-26,312.55524449489485,313.75558914966086,299.93710712291096,300.0249328613281,69047700
QQQ,2022-08-29,297.2728893341187,299.81018609423813,295.9652122628593,297.0679626464844,48321900
QQQ,2022-08-30,298.7172280617715,299.33203795561866,291.24197482667506,293.7597351074219,51184500
QQQ,2022-08-31,296.6581011353187,297.555924896819,291.9446082866473,292.05194091796875,50044000
QQQ,2022-09-01,289.5634784705977,292.5496726386103,285.8844169711918,292.1788330078125,57990700
QQQ,2022-09-02,295.04786195450646,296.42385775688933,286.44058427059224,288.0508117675781,64666800
QQQ,2022-09-06,288.5290602332811,289.44639101078417,283.85458060513645,285.98199462890625,57005400
QQQ,2022-09-07,286.46012838191547,292.7545432113645,286.19662144134224,291.7591552734375,49260400
QQQ,2022-09-08,289.69032244366866,294.58923504644343,288.32409480360485,293.27178955078125,55649800
QQQ,2022-09-09,295.5260862300546,300.1810585439501,293.2718030746139,299.683349609375,56125200
QQQ,2022-09-12,301.05930574029827,303.5770657606081,300.747016654849,303.2452697753906,45905700
QQQ,2022-09-13,294.52085317393227,295.7114291014608,285.7281862337515,286.6162414550781,79562200
QQQ,2022-09-14,287.75808045201677,289.7683933119644,285.9917378884854,288.8901062011719,54907200
QQQ,2022-09-15,286.9773474007332,289.37800644389927,282.47852027572605,284.0789794921875,65299400
QQQ,2022-09-16,280.7805336223577,282.73229597764134,278.731177193004,282.3419494628906,79920400
QQQ,2022-09-19,279.7013441584104,284.6970440569441,279.6426884526191,284.5406188964844,52613800
QQQ,2022-09-20,282.0379303044172,284.56024547929866,279.97513463846064,282.2725830078125,51271100
QQQ,2022-09-21,283.11327668494283,287.3757802061988,277.08128628170294,277.2181396484375,82931000
QQQ,2022-09-22,275.69307230182534,276.7000351668306,272.58420013628125,273.8062438964844,62757100
QQQ,2022-09-23,271.3425593161207,271.63586769229045,265.93623941777963,269.34820556640625,74815200
QQQ,2022-09-26,268.8789156867109,273.2391588301352,267.4417912419773,268.2336730957031,71176700
QQQ,2022-09-27,271.59675876301304,273.94307663877163,266.0242277024173,268.34124755859375,69780100
QQQ,2022-09-28,268.32162792209664,274.95977629745494,266.84541972207256,273.6790771484375,79652100
QQQ,2022-09-29,269.69033479435024,270.0716267058167,262.82734890338435,265.7895812988281,81216000
QQQ,2022-09-30,264.9684186513129,269.0353839204615,261.1263201777009,261.2827453613281,78482400
QQQ,2022-10-03,263.0522322436455,269.0060252619339,261.54666612929276,267.4124755859375,61267400
QQQ,2022-10-04,272.75037177377175,276.5240582865972,272.75037177377175,275.8201599121094,66696900
QQQ,2022-10-05,272.0562013477238,277.462520407493,269.2601802392383,275.6734619140625,55766300
QQQ,2022-10-06,274.6762872643789,277.82427276832533,273.1805070928327,273.5031433105469,53489400
QQQ,2022-10-07,268.8691557371326,268.9962530554361,261.75197442759656,263.0815734863281,71354700
QQQ,2022-10-10,263.2770705805112,263.66814841441,257.74368321845105,260.45172119140625,60393000
QQQ,2022-10-11,258.7799963749924,261.6444597639264,255.19206279838772,256.87359619140625,66522500
QQQ,2022-10-12,257.50902376665675,259.4251797950677,256.0914710787955,256.78558349609375,50580200
QQQ,2022-10-13,249.45330502988705,264.12761327109695,248.57342473862707,262.80780029296875,112894100
QQQ,2022-10-14,265.1345588543573,265.73090173715434,254.32192079522082,254.90847778320312,77244300
QQQ,2022-10-17,260.8720851805675,264.1960377721946,260.7743157265391,263.3259582519531,64576500
QQQ,2022-10-18,270.34543152432246,271.0102162282568,262.72964578334796,265.40838623046875,69781000
QQQ,2022-10-19,263.89295658178486,267.5590871120454,262.07457015959795,264.4404296875,53115400
QQQ,2022-10-20,263.5508593231311,268.69322953912973,261.928011298479,263.09136962890625,60605500
QQQ,2022-10-21,261.986617180999,269.7979106618397,260.85255709108765,269.2602233886719,77897700
QQQ,2022-10-24,269.52419104231006,273.1512084780125,265.8873877095541,272.22247314453125,63963600
QQQ,2022-10-25,273.16100158374826,278.2349296698417,271.68476317219097,277.8536376953125,59014500
QQQ,2022-10-26,272.23210384959737,277.6286655690409,271.2251414734754,271.7139587402344,63492400
QQQ,2022-10-27,270.59958454005965,272.05625105959984,266.2490971046528,266.7672424316406,57760300
QQQ,2022-10-28,266.14152342908994,275.3997258683495,265.9753123912375,274.9304504394531,62651300
QQQ,2022-10-31,272.6818884119261,273.50309799405767,269.8173960162846,271.73358154296875,47742000
QQQ,2022-11-01,275.204224129554,275.7614831825195,268.59540266363206,268.9571228027344,45895900
QQQ,2022-11-02,268.9277993452256,271.9878014034031,259.6695955048992,259.738037109375,79803100
QQQ,2022-11-03,257.12773653232773,258.58440282712587,254.28281570362714,254.66407775878906,70038900
QQQ,2022-11-04,259.5913715372942,260.64720401130904,253.28561503914713,258.7603759765625,78313200
QQQ,2022-11-07,259.8064715479662,262.1430332516671,257.6752346520297,261.6053161621094,47333800
QQQ,2022-11-08,263.12070123011625,266.74771876778345,259.58163742819613,263.5117492675781,63213800
QQQ,2022-11-09,261.77154881663506,262.55364485772475,257.1473246731768,257.43084716796875,64862100
QQQ,2022-11-10,269.83701981536905,276.71954806888135,267.7253248392745,276.42626953125,99256700
QQQ,2022-11-11,276.24049229556425,282.18452870756767,274.90113736604735,281.51971435546875,66961800
QQQ,2022-11-14,279.4666506715696,282.74173299667166,278.0784260572565,279.0560607910156,55290700
QQQ,2022-11-15,285.6746318321595,286.7011661843519,279.5742007553002,282.917724609375,73985400
QQQ,2022-11-16,280.9624604558637,283.005713469215,278.23485119486327,279.0560607910156,48859800
QQQ,2022-11-17,274.5981177562604,279.9164544303959,274.44169257936795,278.4402160644531,55462100
QQQ,2022-11-18,281.45132801777515,281.5490676405468,276.00589441916804,278.4499816894531,53588600
QQQ,2022-11-21,277.0617493138327,278.21535143793466,274.7545450656288,275.5855407714844,40083500
QQQ,2022-11-22,276.3186884823213,279.711052281029,274.187422141993,279.5546569824219,41873400
QQQ,2022-11-23,279.5742388647001,282.9861749393081,279.39827175235274,282.3605041503906,46390000
QQQ,2022-11-25,280.76703301765747,281.4709314987585,280.0142647144887,280.5030822753906,15498800
QQQ,2022-11-28,278.5281072421885,280.54203224468296,275.4583499397137,276.3870849609375,38714200
QQQ,2022-11-29,276.6120339936034,277.0128679016486,272.9263609879941,274.2950439453125,35618900
QQQ,2022-11-30,274.55900161910057,286.9065360739054,273.70846396811334,286.7989807128906,74718100
QQQ,2022-12-01,287.12155105725975,289.13547624804187,284.37439980667705,287.15087890625,51547300
QQQ,2022-12-02,282.0867843893096,286.88697536237026,281.9107874314308,286.007080078125,53583200
QQQ,2022-12-05,283.88561918438853,285.15653258522,279.75021293114065,281.2069091796875,41482100
QQQ,2022-12-06,281.05055052950615,281.18740392988155,273.99202388293935,275.3802490234375,53937600
QQQ,2022-12-07,274.1972647022958,276.2503039825609,272.54505931577694,274.25592041015625,45614300
QQQ,2022-12-08,275.60506433206405,278.4695274919775,273.532483071853,277.5016784667969,42594900
QQQ,2022-12-09,276.4849765282159,279.251700531662,275.2922605288438,275.7322082519531,47860500
QQQ,2022-12-12,275.9081538496914,279.25167871293957,274.871863125392,279.1929931640625,35732500
QQQ,2022-12-13,290.0153845506873,290.2402513163145,279.5155953648504,282.1943054199219,80667700
QQQ,2022-12-14,281.607678370785,284.89254665162576,276.856387797035,280.1021423339844,64984400
QQQ,2022-12-15,276.01566388796755,276.68047833241644,269.5046413384967,270.6973571777344,60554100
QQQ,2022-12-16,270.0227634589525,271.55762753266515,266.5130280152086,268.1163635253906,68300400
QQQ,2022-12-19,268.3858829093709,268.47407711477496,263.11360998326035,264.348388671875,44167900
QQQ,2022-12-20,263.18222187170676,265.8869638627262,261.6044756479317,264.1426086425781,51064200
QQQ,2022-12-21,265.1813077297633,269.27759708328415,264.3385134662635,267.9742431640625,46394700
QQQ,2022-12-22,264.9657495187062,265.09315110385836,257.2043313066332,261.4182434082031,60278400
QQQ,2022-12-23,260.1541178129993,262.67266222528946,258.25296279970826,262.0062561035156,39373600
QQQ,2022-12-27,261.39863634460903,261.50644919316005,257.7629358770659,258.3019104003906,38009000
QQQ,2022-12-28,257.90016402550407,260.15409570007984,254.52904593217914,254.89163208007812,47139000
QQQ,2022-12-29,257.69434977774887,262.04544340160635,256.99857554474977,261.10467529296875,45893600
QQQ,2022-12-30,258.34110733474483,261.07524704462577,257.03775322586284,260.9478454589844,37858300
QQQ,2023-01-03,263.2703175098673,264.740280231761,256.8808903116979,259.183837890625,42335300
QQQ,2023-01-04,261.300672498505,262.09445023311,257.27295778358507,260.4186706542969,47754900
QQQ,2023-01-05,258.7527412605254,258.919320349099,256.02841054713053,256.34197998046875,45396700
QQQ,2023-01-06,258.07654065905234,264.5345752837796,255.126804985391,263.4173889160156,54659700
QQQ,2023-01-09,265.40669938269843,269.77741078699546,264.5149481705316,265.1225280761719,45568700
QQQ,2023-01-10,264.09361482175257,267.47454260367743,263.58403827618673,267.3667297363281,35247800
QQQ,2023-01-11,268.4348714453479,272.09996982647135,267.6508731910464,271.9921569824219,44077000
QQQ,2023-01-12,272.55072731097135,274.49108918311964,268.2584306857929,273.46209716796875,60600000
QQQ,2023-01-13,270.9631677043932,275.58865226978315,270.6299796945461,275.3436584472656,44802900
QQQ,2023-01-17,275.14768251608376,277.18604809737275,273.98150939661457,275.90228271484375,36269700
QQQ,2023-01-18,277.44080363633776,278.9891814182837,272.10976531060794,272.3155517578125,47754500
QQQ,2023-01-19,270.6889316835038,271.82570726332307,268.4056011017349,269.6403503417969,44150400
QQQ,2023-01-20,271.2474001259053,277.35262774545413,270.1890099432116,277.0194396972656,60613600
QQQ,2023-01-23,277.8622257606587,284.39864475391676,277.06844810068554,283.1736755371094,52799900
QQQ,2023-01-24,281.55677882468814,283.7519145329774,281.0373929684775,282.5955505371094,44875100
QQQ,2023-01-25,278.0876589680006,282.5857432816811,275.5495258100753,281.9683837890625,50872000
QQQ,2023-01-26,285.3883995934982,287.6423307540248,282.7424543994262,287.4659423828125,51596300
QQQ,2023-01-27,286.15277989519404,292.2874346780867,286.03518764739596,290.3274841308594,56441900
QQQ,2023-01-30,287.0641967396339,288.48517308170074,284.0850929525682,284.45745849609375,49405800
QQQ,2023-01-31,284.49670563063603,288.81840148761705,284.3889226729346,288.72039794921875,46705100
QQQ,2023-02-01,288.5145464564292,297.35391334937026,286.4467829160311,294.8941955566406,67562200
QQQ,2023-02-02,301.41104382361254,307.3986792194791,300.58786806855676,305.4779357910156,83070600
QQQ,2023-02-03,298.83375951333676,306.1345896386831,298.44177525770675,300.0489196777344,76170800
QQQ,2023-02-06,297.4323268010993,299.7842616499401,296.16815023108865,297.5107116699219,40802300
QQQ,2023-02-07,297.38337887049175,304.8018011322079,296.26622226916135,303.6748352050781,67584000
QQQ,2023-02-08,302.36159572104424,303.30236366101053,297.58912066430577,298.27508544921875,56720900
QQQ,2023-02-09,302.65563587730645,302.8026262239471,294.18866293953266,295.6390075683594,49137800
QQQ,2023-02-10,293.48307362724574,295.53121883431214,291.297717495013,293.69866943359375,50050100
QQQ,2023-02-13,295.09998416838243,298.99048753364445,293.92400177687483,298.4024963378906,39636700
QQQ,2023-02-14,296.82479185684485,301.55806033599276,294.8844296115814,300.60748291015625,64079100
QQQ,2023-02-15,298.7944917715508,303.0769794600468,298.1085269393555,302.910400390625,43100600
QQQ,2023-02-16,298.28492218029794,302.25381065614226,297.0795416511825,297.2265319824219,59498600
QQQ,2023-02-17,295.04116982572447,295.88393422598153,292.13064199756906,295.1293640136719,58230700
QQQ,2023-02-21,291.30745117197637,292.74801597973624,288.00493937826445,288.1421203613281,46526700
QQQ,2023-02-22,288.72034367644244,290.4254912794168,286.70159677213525,288.3577575683594,51389200
QQQ,2023-02-23,292.00324737529,292.1600470153091,286.6917679806115,290.87628173828125,69294400
QQQ,2023-02-24,285.91766516763073,287.1034271642342,284.2418855081771,286.005859375,74332000
QQQ,2023-02-27,289.1613320021509,290.55288024334476,287.4659638902868,288.053955078125,48995000
QQQ,2023-02-28,287.4267764126198,290.1903142523565,287.0935883612757,287.68157958984375,48243100
QQQ,2023-03-01,287.3875822887834,288.0441490292622,284.38886009383884,285.36883544921875,58287000
QQQ,2023-03-02,282.8796700562959,288.5341166983965,282.59546884913095,287.73052978515625,53565900
QQQ,2023-03-03,289.4749733262371,293.914261084036,288.96536693308644,293.6790466308594,60511500
QQQ,2023-03-06,294.9138281640149,297.91255078931,293.8162603935119,294.0122375488281,56736300
QQQ,2023-03-07,294.06126431559863,294.9824437058501,289.7983647809635,290.40594482421875,65955800
QQQ,2023-03-08,290.8273005687011,292.4540633879132,288.97516253842946,291.8562927246094,50876300
QQQ,2023-03-09,292.3560656900784,294.9530245830803,285.98622520297346,286.79962158203125,71456700
QQQ,2023-03-10,286.9662054618756,288.4557873254567,281.62535706186685,282.77191162109375,98593600
QQQ,2023-03-13,280.988415097732,288.5734166863263,279.4792442969985,284.8691101074219,97123600
QQQ,2023-03-14,288.4165608377867,291.9640670408029,287.57379633938,291.415283203125,73602500
QQQ,2023-03-15,288.8085334957989,293.2772187994073,287.36796850276227,292.94403076171875,83631500
QQQ,2023-03-16,292.0326786060645,301.0288458902674,291.23890089901585,300.666259765625,98198100
QQQ,2023-03-17,300.57802119938503,302.9593539690395,297.2950980069192,299.2452392578125,89923700
QQQ,2023-03-20,298.628998287791,300.63122196254875,296.4206395663635,300.3073425292969,56359500
QQQ,2023-03-21,302.24082881743965,305.04788323131515,300.72932185078076,304.5964050292969,49757000
QQQ,2023-03-22,304.5277173641124,309.4155616024022,300.2876918296602,300.45452880859375,75791900
QQQ,2023-03-23,304.1841703718912,308.33586449885354,301.32802358760387,304.0173034667969,74576000
QQQ,2023-03-24,303.5952799906133,305.23435576063616,301.2691474607354,305.13623046875,57195200
QQQ,2023-03-27,305.8330587920121,306.9127064965641,302.1917301252153,303.0456237792969,50287400
QQQ,2023-03-28,302.466559225668,302.49600280278304,299.1294607378363,301.43597412109375,48585900
QQQ,2023-03-29,305.1263695460071,307.55065703124257,304.3117140605871,306.93231201171875,53274300
QQQ,2023-03-30,309.40575677195426,310.46578568757917,307.0207366409696,309.8376159667969,58354800
QQQ,2023-03-31,310.0633053000576,315.22596553535897,309.7590450153617,314.9903869628906,62138100
QQQ,2023-04-03,312.8703281475286,314.489814603818,311.54533734186873,314.22479248046875,47126800
QQQ,2023-04-04,314.6665077964357,315.6774438935838,311.94775434717684,313.1648254394531,45875400
QQQ,2023-04-05,312.212766553252,313.1549909553474,308.2573530230773,310.0731201171875,62795700
QQQ,2023-04-06,308.4242421889301,312.6544731339284,307.03053939298894,312.1637268066406,46916500
QQQ,2023-04-10,309.23880239091386,312.03606158337976,307.45247912243167,311.9869689941406,45134700
QQQ,2023-04-11,311.9477567831826,312.0066738913755,309.47440639730115,309.9847717285156,40113600
QQQ,2023-04-12,311.937962530485,312.5268640380153,306.78512675695106,307.2464294433594,62813300
QQQ,2023-04-13,309.0032662225483,313.73406719426043,307.8254932108814,313.2629699707031,54613800
QQQ,2023-04-14,311.71219883461987,314.43092227098646,309.768832905649,312.674072265625,56278300
QQQ,2023-04-17,312.261854645645,313.2924398141298,310.19091970365525,312.9390869140625,43007000
QQQ,2023-04-18,315.04929370487713,315.4713582784349,311.76131752372714,312.9587097167969,46746900
QQQ,2023-04-19,310.55404166149606,313.8714910627291,310.42644284563727,312.81146240234375,38960100
QQQ,2023-04-20,309.84740610563057,313.3611364890163,309.14073022453687,310.4264831542969,62462100
QQQ,2023-04-21,310.06327844359055,311.5256925854782,308.286779534133,310.75030517578125,59002300
QQQ,2023-04-24,310.52460416943904,311.85941960168043,307.9334495735245,310.1025695800781,44043100
QQQ,2023-04-25,308.4732736850432,309.1406813692748,304.15471285096964,304.2528381347656,57121600
QQQ,2023-04-26,307.63900335088084,309.1112420614219,305.5778631655687,306.0980529785156,55400500
QQQ,2023-04-27,309.85723831198396,314.92171397402467,309.21924413400245,314.4211730957031,65430400
QQQ,2023-04-28,314.1855717047368,316.6785712153417,313.0568612415905,316.5902404785156,59712600
QQQ,2023-05-01,316.1289565631733,317.64046359518244,315.14746393639973,316.22711181640625,41013400
QQQ,2023-05-02,316.15836561209886,316.48227491711145,311.7318247639411,313.4690856933594,56519400
QQQ,2023-05-03,313.83224897780207,316.5019099639338,311.3098058864839,311.41778564453125,59882100
QQQ,2023-05-04,311.1920247548366,312.34038421478306,309.28792681621553,310.3185119628906,50224500
QQQ,2023-05-05,312.57597376263107,317.76807840609376,310.35779072970627,316.9141845703125,51806100
QQQ,2023-05-08,316.45279521060826,318.0428081183412,315.37314757178615,317.69927978515625,36465800
QQQ,2023-05-09,316.0406398785521,316.90435822097544,315.37323205132657,315.68731689453125,31768800
QQQ,2023-05-10,318.1213560020154,319.9763912725399,315.6480055940912,319.12249755859375,60446600
QQQ,2023-05-11,319.67215652477967,320.702711788897,318.1213814203093,320.16290283203125,44278500
QQQ,2023-05-12,320.6929316184224,321.11499626512636,316.9632711487406,319.01458740234375,48432800
QQQ,2023-05-15,319.4856341539702,320.9774919751465,317.9643028030483,320.741943359375,33375600
QQQ,2023-05-16,320.0254851709617,322.8129206513103,319.98621707890663,321.1051330566406,40019200
QQQ,2023-05-17,322.1650875880521,325.5708677503054,320.9873145634712,324.9917907714844,47486100
QQQ,2023-05-18,325.3844024044097,331.24391418025004,325.36478333622733,331.0279846191406,64213500
QQQ,2023-05-19,331.24391752243963,331.9505933702211,329.2220452265491,330.2820739746094,61554900
QQQ,2023-05-22,330.0268852313511,332.40211049164327,330.0170607205077,331.39117431640625,43015900
QQQ,2023-05-23,329.6735122617162,330.82184165067144,326.83698471374663,327.1903076171875,48216700
QQQ,2023-05-24,325.237176696374,326.74868358782186,323.46067760334,325.5119934082031,62891200
QQQ,2023-05-25,332.86339520970245,334.69878147156203,330.4391074318428,333.4326477050781,66862800
QQQ,2023-05-26,334.4534083996253,342.7862705013703,334.3552531548107,341.9519958496094,63007000
QQQ,2023-05-30,346.18229413119604,347.37971646585555,342.0796616880835,343.5028381347656,72652200
QQQ,2023-05-31,341.92262413663076,344.11136374964576,340.0970620010398,341.5496520996094,65105400
QQQ,2023-06-01,341.29439159721204,346.8201691113252,340.2441874526576,345.49517822265625,50488600
QQQ,2023-06-02,347.2520899972519,349.2445188924592,345.4952397075679,348.08636474609375,53372100
QQQ,2023-06-05,347.8703928659199,350.883582144611,347.30114037340985,348.3316955566406,47266200
QQQ,2023-06-06,347.72313275525806,349.23463946620757,346.39811200000617,348.27276611328125,41390400
QQQ,2023-06-07,348.55747375650026,350.5106344564043,341.73608816769587,342.3642578125,69225900
QQQ,2023-06-08,342.6586610808147,347.0753773858951,342.4329369727751,346.61407470703125,47153900
QQQ,2023-06-09,348.0667773162255,351.040699138578,346.496382932025,347.9391784667969,53196900
QQQ,2023-06-12,349.59783135014015,353.9163925495602,348.62616331728384,353.8182373046875,44606500
QQQ,2023-06-13,356.5664919227782,357.3712931739135,353.36681613092617,356.53704833984375,57097800
QQQ,2023-06-14,356.5467826318429,359.4127540150757,353.74955286754476,359.12811279296875,69525600
QQQ,2023-06-15,357.86195327861964,364.8894429222012,357.2436381860123,363.40740966796875,71138800
QQQ,2023-06-16,365.82193301981806,365.9495318537329,360.67892124082596,361.1205749511719,80932000
QQQ,2023-06-20,359.6698977267216,361.9992210577164,357.645252046979,360.60357666015625,49204700
QQQ,2023-06-21,359.4634590270858,359.89591050570834,354.7654906855593,355.6893615722656,53378300
QQQ,2023-06-22,354.4412029254088,360.043366747909,354.03823537075647,359.8861389160156,47603000
QQQ,2023-06-23,355.99406677913646,358.6182598188581,354.6279363156579,356.31842041015625,48922900
QQQ,2023-06-26,355.78768031078647,358.5789391758396,351.453357180665,351.54180908203125,52685500
QQQ,2023-06-27,353.08485397686843,358.31356381466287,352.35756283184793,357.58624267578125,49428100
QQQ,2023-06-28,355.76805334391855,360.23012057412603,355.6894094314815,358.28411865234375,46498000
QQQ,2023-06-29,357.9892028503114,358.6280720795625,355.92526531964336,357.56658935546875,46151000
QQQ,2023-06-30,361.242418880044,364.1319675910211,360.92793323331483,363.0803527832031,58712500
QQQ,2023-07-03,363.7191685474118,364.5643955337729,362.63803984892405,363.9353942871094,19432900
QQQ,2023-07-05,362.372725830964,365.62592029282894,362.33340387544496,363.92559814453125,34460900
QQQ,2023-07-06,360.22028225556915,361.59625066873787,358.2644125170553,361.1539611816406,49374700
QQQ,2023-07-07,360.92792588819304,364.12215218790664,359.7288612774692,359.95489501953125,47133700
QQQ,2023-07-10,359.6797463815223,360.7510372753997,357.1735189685086,360.0728759765625,48498800
QQQ,2023-07-11,360.4954841759857,362.3039041308839,358.3627105914411,361.851806640625,38214100
QQQ,2023-07-12,365.9501931335994,367.7684509021404,363.9451935946004,366.4219665527344,61975400
QQQ,2023-07-13,369.5965346545085,373.46892209273324,369.0166633368068,372.6433410644531,46960000
QQQ,2023-07-14,373.0757626248382,376.2896345835833,371.68995636908795,372.564697265625,55148500
QQQ,2023-07-17,373.2821706367002,376.9186862565369,372.80058921448597,376.0439453125,40868900
QQQ,2023-07-18,375.4051399126897,380.48643025096686,373.4787840563649,379.1202697753906,55262000
QQQ,2023-07-19,380.18176458690317,381.32186135242125,377.70499127103625,379.0318298339844,54093000
QQQ,2023-07-20,376.0439558023817,377.50840607614344,369.27221176229006,370.29437255859375,71941700
QQQ,2023-07-21,372.6728429155879,373.4001640896318,368.7513253445873,369.18377685546875,60499600
QQQ,2023-07-24,370.1567901180446,371.10030708517195,367.9159185749525,369.77349853515625,40380100
QQQ,2023-07-25,370.48111172850344,373.9406936381096,370.46143575568584,372.2796936035156,38894400
QQQ,2023-07-26,371.23783950557277,372.7317435500611,368.74142077875103,371.041259765625,47075700
QQQ,2023-07-27,376.49612252032574,378.10796279614465,368.86928269570615,370.15679931640625,63940200
QQQ,2023-07-28,374.206049043493,377.9211786460314,373.69498364625855,376.8990478515625,56902900
QQQ,2023-07-31,377.20373944509765,378.27503021734213,375.77861108178536,377.0956115722656,44019900
QQQ,2023-08-01,375.74917375026934,376.97772249392557,374.15697937750934,376.220947265625,41060600
QQQ,2023-08-02,372.75153967968384,372.75153967968384,366.7267316338147,367.9651184082031,72687100
QQQ,2023-08-03,365.5570778539925,369.49827117137113,365.3899820551256,367.3753356933594,47666400
QQQ,2023-08-04,369.30171945598914,371.6113968871545,365.1541380670017,365.6553955078125,61702800
QQQ,2023-08-07,367.46376534482164,368.8495716143789,365.13444225121697,368.75128173828125,37230400
QQQ,2023-08-08,366.2451201913258,366.2647661725059,362.49066820926964,365.6160888671875,44726500
QQQ,2023-08-09,365.90115325495816,366.0584111000442,360.83953821633634,361.5963134765625,51150900
QQQ,2023-08-10,364.60377950348595,367.93558806617574,360.74122949055817,362.2646179199219,72035300
QQQ,2023-08-11,359.70918530416867,361.6847010137196,358.4315067818279,359.95489501953125,48707200
QQQ,2023-08-14,359.15880428458615,364.1123206320641,358.44135109912753,363.994384765625,42130800
QQQ,2023-08-15,363.0212931281273,363.8174200810838,359.46342178126736,360.13177490234375,45539900
QQQ,2023-08-16,359.59126072419207,361.12448699666004,356.2201305221544,356.31842041015625,53190500
QQQ,2023-08-17,357.71403918779725,358.0580388030528,352.0135855407682,352.4263610839844,62604300
QQQ,2023-08-18,349.1633574955248,353.2421329350638,348.6227781037681,351.9841003417969,61191400
QQQ,2023-08-21,353.44857095590135,358.3332821870835,352.98663540709816,357.6551208496094,50696500
QQQ,2023-08-22,360.2595334712791,360.269371456859,356.45595229030914,357.1439514160156,44530200
QQQ,2023-08-23,358.3234061027145,363.8666320990124,358.107180337032,362.7756652832031,51770600
QQQ,2023-08-24,366.24509019972004,366.3433500914388,354.81466936489005,355.02105712890625,66842500
QQQ,2023-08-25,355.85652272428956,359.46352504551834,352.42639423006847,357.7730407714844,69960500
QQQ,2023-08-28,360.69203716817907,361.39968237368765,357.9990681887623,360.46600341796875,40910000
QQQ,2023-08-29,360.2694025048502,368.6923385554893,359.94507888520656,368.3385009765625,58492400
QQQ,2023-08-30,368.44663740934226,370.97254048337203,367.44412257396607,370.39263916015625,41731500
QQQ,2023-08-31,370.4713269685218,373.2036181290947,370.4025210414967,371.5032958984375,35730700
QQQ,2023-09-01,373.8719128585272,374.2945263884665,369.6260415972673,371.1101379394531,39801200
QQQ,2023-09-05,370.30417020396686,372.800589196893,369.380299316676,371.5818786621094,32344200
QQQ,2023-09-06,370.80550152185896,371.14950117508664,366.30411204087085,368.30908203125,42998700
QQQ,2023-09-07,363.8567908141635,366.4514999788388,362.8149839509158,365.675048828125,52060700
QQQ,2023-09-08,365.6258703550477,368.4171289383869,365.22290284914124,366.1860656738281,35800100
QQQ,2023-09-11,369.2132160323528,371.0117977846171,367.2475384918476,370.500732421875,39936600
QQQ,2023-09-12,368.8299076129813,370.48109960097645,366.10745492048966,366.3924865722656,41391000
QQQ,2023-09-13,366.62834339305766,369.3901179238382,365.4980848118178,367.7880859375,46300700
QQQ,2023-09-14,369.5375911776395,371.77846268664996,367.4736534672886,370.7956237792969,48039400
QQQ,2023-09-15,369.4589563099792,369.86192383840483,363.51276326138964,364.44647216796875,69811200
QQQ,2023-09-18,363.5075394553146,365.93866706384733,363.2220951509311,364.8264465332031,36903500
QQQ,2023-09-19,363.5074962674378,364.84607760693416,361.0271378460605,364.048828125,37621700
QQQ,2023-09-20,365.11185487592627,365.46617463630355,358.7239766256181,358.802734375,45514200
QQQ,2023-09-21,355.12154499734396,355.9089722370328,352.0605060828978,352.2278137207031,69734800
QQQ,2023-09-22,353.9699695629412,356.1058002061891,351.9620676839268,352.27703857421875,51589700
QQQ,2023-09-25,351.31247308077525,354.0388968388634,350.32821151607146,353.9502868652344,39168000
QQQ,2023-09-26,351.37153040361153,351.91289229277817,347.6510228478301,348.6352844238281,53657700
QQQ,2023-09-27,349.7869158699708,351.3617405439319,345.8301647465173,349.4522705078125,56066000
QQQ,2023-09-28,348.536874378989,354.50152754238655,347.68057155948935,352.3755187988281,56453300
QQQ,2023-09-29,355.849901901727,357.23771418524734,351.40102081312307,352.63134765625,64829600
QQQ,2023-10-02,352.89711788749423,356.9719447772727,352.2868805785598,355.5743103027344,51625100
QQQ,2023-10-03,353.13343398378214,355.32834852780064,347.7199942894876,349.3341979980469,60478500
QQQ,2023-10-04,350.1707021569454,354.9345242004373,349.708098051623,354.08807373046875,54786700
QQQ,2023-10-05,354.0782318748588,354.48178270513296,349.5506528835014,353.0447692871094,45897400
QQQ,2023-10-06,350.0525901245861,360.15112254352925,349.26519295376465,358.9601745605469,75049100
QQQ,2023-10-09,356.5979299467426,361.3322253655533,355.10186327801586,360.7908935546875,45304800
QQQ,2023-10-10,361.12553610202554,365.43660625124284,360.6235831654883,362.7889404296875,46968800
QQQ,2023-10-11,364.11770992962386,365.5645755687648,362.39525226575506,365.3775634765625,38215100
QQQ,2023-10-12,365.8795378416843,367.85788302935276,361.7161008874376,364.10784912109375,49587900
QQQ,2023-10-13,364.7378190364302,365.3185297611744,358.13340224170594,359.53106689453125,52469900
QQQ,2023-10-16,360.84997115156034,364.649236422345,360.7023379238582,363.5960693359375,44201100
QQQ,2023-10-17,360.0527516069459,364.09808260584856,357.93659506794,362.4051513671875,50999100
QQQ,2023-10-18,359.915004109087,362.1197407973709,356.3224247239984,357.65118408203125,54280500
QQQ,2023-10-19,359.06847962452343,360.2594277757286,353.50740747223784,354.3046569824219,72274200
QQQ,2023-10-20,353.80263100200693,354.37351949388653,348.7927435626663,349.0191345214844,72559700
QQQ,2023-10-23,347.70025266627835,353.60582210048005,345.59391848351896,350.07232666015625,60665200
QQQ,2023-10-24,351.88334538295214,354.2455670218574,350.1904143682358,353.47784423828125,47082100
QQQ,2023-10-25,351.0861838776441,351.26334378654053,344.2455525903835,344.8262634277344,71190500
QQQ,2023-10-26,343.6253716602287,344.5604321044559,336.9619320878897,338.2513122558594,78621400
QQQ,2023-10-27,340.9776731493146,343.3497467525273,338.6646528277359,339.87530517578125,63476700
QQQ,2023-10-30,342.3556989748793,345.02306953665595,340.9974431987372,343.70416259765625,55298500
QQQ,2023-10-31,343.73372681024495,345.72192464531696,341.16478813513004,345.347900390625,47671900
QQQ,2023-11-01,346.18445928320784,351.90301624976615,346.0860271248136,351.34197998046875,58992700
QQQ,2023-11-02,355.84991038203907,357.9562143682843,354.6294056992231,357.7200012207031,58162400
QQQ,2023-11-03,359.0094151473788,363.21220132553935,358.7830241681351,361.9228210449219,53280500
QQQ,2023-11-06,362.6905613761771,363.9602672996411,361.1354412045345,363.39923095703125,38848700
QQQ,2023-11-07,364.44257180716573,367.70047565765793,363.2417713219163,366.8343505859375,50777400
QQQ,2023-11-08,367.20830712864307,367.90715449646547,364.7870319858255,367.0705261230469,35663400
QQQ,2023-11-09,367.759487325637,368.90120425160836,363.7535357458132,364.24566650390625,53859400
QQQ,2023-11-10,365.96814763286875,372.5823866474113,365.43663796959595,372.43475341796875,58309800
QQQ,2023-11-13,370.85997285581357,372.32651317096065,369.33434920460445,371.2733459472656,40733500
QQQ,2023-11-14,377.67097358036534,380.1808584398654,377.1493161843345,379.2654724121094,67792600
QQQ,2023-11-15,381.155284969226,381.6474157438796,378.19264809388204,379.5509338378906,54141400
QQQ,2023-11-16,378.78324741297644,380.11200663962404,377.52339371034566,379.87579345703125,45343500
QQQ,2023-11-17,379.14740152203535,380.9781437125755,378.241897673309,379.96435546875,46571900
QQQ,2023-11-20,379.97414315566067,385.24980045802454,379.97414315566067,384.59033203125,44429600
QQQ,2023-11-21,382.8876193000648,383.1041580561983,380.6139773793034,382.3561096191406,43337000
QQQ,2023-11-22,384.4230645764553,386.8837186036944,382.9171455132762,383.92108154296875,44121000
QQQ,2023-11-24,383.51751122375975,384.1080741677964,382.3856164361023,383.3797302246094,15718800
QQQ,2023-11-27,382.8875585079216,384.99386240381386,382.1690368318147,383.0450439453125,34139700
QQQ,2023-11-28,382.29705727580426,384.629752496103,381.9427074752137,384.0490417480469,35491100
QQQ,2023-11-29,386.5097273149748,387.9369187872778,383.3305512275053,383.675048828125,38811700
QQQ,2023-11-30,383.94077629753497,384.4033804806494,379.74784203838783,382.71044921875,52834400
QQQ,2023-12-01,381.6474735109709,384.3935720596323,379.9939210667959,383.8030090332031,40490100
QQQ,2023-12-04,380.01353822930184,380.5155212317235,376.6375283217996,380.23992919921875,51186900
QQQ,2023-12-05,378.34028879793397,382.38558910649584,378.1630989012916,381.19464111328125,42933000
QQQ,2023-12-06,384.1277451859132,384.2261773485947,378.64543116817373,378.9898986816406,41994100
QQQ,2023-12-07,381.96240485355264,385.1120239390845,380.86985886236414,384.2852478027344,49593500
QQQ,2023-12-08,382.5529786032287,386.44079399552544,382.36596649169275,385.9978942871094,46687500
QQQ,2023-12-11,385.5746278679813,389.56090535273165,385.36794134333326,389.2951354980469,41198000
QQQ,2023-12-12,389.3345300600356,392.5137059555065,388.20263518688597,392.3955993652344,39221200
QQQ,2023-12-13,393.33061967890825,397.9960100971529,392.56289682480116,397.3857727050781,55408100
QQQ,2023-12-14,398.6063238552664,399.90552650279415,394.03933503736476,397.0413513183594,55447800
QQQ,2023-12-15,397.8188547219358,400.1417277666197,397.2184695510884,398.9606018066406,62896600
QQQ,2023-12-18,399.3531274608477,402.3709814532671,399.0276856016672,401.4735107421875,46610000
QQQ,2023-12-19,401.9271575987177,403.6431837912106,401.7397719688163,403.52484130859375,35711900
QQQ,2023-12-20,402.7260335176809,404.8168311468239,397.3510812317631,397.5285949707031,54042400
QQQ,2023-12-21,401.453717646699,402.51886007887157,398.8993923266634,402.1539306640625,45568900
QQQ,2023-12-22,403.36704094129067,404.3236828046268,400.8817585167201,402.7555847167969,34314000
QQQ,2023-12-26,403.61366603766743,405.89184950293827,403.5150372531443,405.2212219238281,22722500
QQQ,2023-12-27,405.5033831511548,406.3322463869044,404.644888619348,406.04608154296875,31980500
QQQ,2023-12-28,407.20062265458364,407.447309237934,405.49354065707996,405.8487548828125,27029200
QQQ,2023-12-29,405.8289987195395,406.18424303030133,402.1780255292888,404.0923156738281,42662100
QQQ,2024-01-02,400.46110631543075,400.7077928852175,394.93532112958644,397.2541809082031,58026900
QQQ,2024-01-03,394.6294287174648,395.6852544540013,392.61648800716534,393.0506286621094,47002800
QQQ,2024-01-04,391.1857150566472,394.29395995431605,390.8107466354673,391.02783203125,39432800
QQQ,2024-01-05,391.19556531681906,394.2643317193187,390.10026131361894,391.4915771484375,44922800
QQQ,2024-01-08,392.7151704947561,399.86908153761993,392.56716456476687,399.58294677734375,42473800
QQQ,2024-01-09,396.5831820153857,401.2998278033739,396.385820723595,400.3722839355469,39132900
QQQ,2024-01-10,400.68809010616457,404.09234688237234,399.8000244303325,403.08587646484375,33962800
QQQ,2024-01-11,404.35873128129447,405.75004702844257,398.8822718365916,403.924560546875,54536200
QQQ,2024-01-12,404.96069926457324,405.79943969142045,402.7405199592706,404.1318359375,39595000
QQQ,2024-01-16,402.8983611364545,405.67111570510156,401.43796583773303,404.0923156738281,43903000
QQQ,2024-01-17,400.78676327938865,402.1879261807825,397.57983776151127,401.8129577636719,54386000
QQQ,2024-01-18,405.0790927808669,408.0985341433326,403.73713222559695,407.516357421875,59562500
QQQ,2024-01-19,409.71680918810495,415.7556918630463,409.13463247146666,415.5978088378906,70325100
QQQ,2024-01-22,417.79826002605955,419.10077238644385,415.53860253748337,416.1405334472656,44880600
QQQ,2024-01-23,416.8312383898438,418.08442548159593,414.99590469924146,417.8673400878906,33003800
QQQ,2024-01-24,421.77483440398146,424.1528965640352,419.6927840841391,420.1861572265625,46948000
QQQ,2024-01-25,422.68261931824196,423.3536296702719,418.36069593474804,420.69927978515625,44367200
QQQ,2024-01-26,418.8145565309628,420.5610864517094,417.54164551043004,418.1929016113281,37137000
QQQ,2024-01-29,418.6468527875806,422.6727946600037,417.995596599009,422.4754333496094,38694700
QQQ,2024-01-30,421.43936949466547,422.0116691243493,418.7554182347818,419.6632080078125,36739000
QQQ,2024-01-31,415.2721223522877,417.2653387302613,411.2659354009974,411.44354248046875,64010600
QQQ,2024-02-01,413.2394708816232,416.7818863090862,412.2724487149399,416.28851318359375,51008600
QQQ,2024-02-02,418.18309593751326,424.53774491430374,417.18650258936236,423.3240661621094,59602400
QQQ,2024-02-05,423.38320116850315,423.9160224374684,419.36713688926557,422.77142333984375,39889200
QQQ,2024-02-06,423.9160682702638,424.5179991788691,419.58426762321915,421.9228515625,35846100
QQQ,2024-02-07,424.7054500501672,427.0933590723248,423.4029377945693,426.2644958496094,37712700
QQQ,2024-02-08,426.38291421422974,427.8137083440557,425.7020869952788,427.0539245605469,29889900
QQQ,2024-02-09,428.1886798363185,432.0468613748132,427.39929486367424,431.2574462890625,36943900
QQQ,2024-02-12,431.1488988628783,433.3197526076636,428.8892415712298,429.5700988769531,33203300
QQQ,2024-02-13,421.61699064734256,425.5540990543251,419.692823167463,422.8701477050781,64491700
QQQ,2024-02-14,425.5442266157376,427.90253465627023,423.1957655614689,427.4782409667969,45092700
QQQ,2024-02-15,428.1689829438769,429.2149316499549,425.61328343662643,428.75115966796875,38796100
QQQ,2024-02-16,429.1260933343297,429.2247438693549,424.15288377696066,424.86334228515625,53716500
QQQ,2024-02-20,422.8701729841739,424.3798938263068,417.8871155290135,421.656494140625,53999500
QQQ,2024-02-21,418.9231370059664,420.05791936146005,416.04185462250535,419.9690856933594,49779000
QQQ,2024-02-22,428.73140828484816,433.30004866411934,427.9617473429976,432.26397705078125,53887800
QQQ,2024-02-23,433.82301548242646,434.75055943637386,430.01418912468716,430.9910583496094,39853900
QQQ,2024-02-26,431.8002008373945,432.7869471692382,430.5766149089948,430.76409912109375,33043200
QQQ,2024-02-27,431.8692503640229,432.184986282359,429.26422577428366,431.8001708984375,33713200
QQQ,2024-02-28,429.6589206142435,430.8825064645186,428.5438925123563,429.50103759765625,32938800
QQQ,2024-02-29,432.4218567885407,434.25719051548447,429.25437937497003,433.181640625,42495200
QQQ,2024-03-01,434.06966686859715,440.6611245537349,434.01046450298435,439.7039794921875,43853000
QQQ,2024-03-04,439.7039937666643,440.12831755147187,437.8883842316844,438.13507080078125,34325700
QQQ,2024-03-05,435.09589454205684,435.1057716407656,427.9025059370084,430.27069091796875,57917100
QQQ,2024-03-06,434.48414693490355,436.13199642628683,431.09961428378455,432.97442626953125,46234500
QQQ,2024-03-07,436.55630255352224,440.7992995133113,435.0169506522898,439.546142578125,44526700
QQQ,2024-03-08,439.90140185906074,442.693910981613,432.53040518587756,433.2013854980469,72096000
QQQ,2024-03-11,431.71139180076773,432.8461440453612,429.6688196926347,431.5929870605469,45860000
QQQ,2024-03-12,433.901940644511,438.1350603881726,430.67526112502065,437.77984619140625,55300900
QQQ,2024-03-13,436.78322405350747,436.8029782510088,433.30001097548626,434.4150390625,37928700
QQQ,2024-03-14,435.64846988201316,436.1714441905976,430.6062109929357,433.31976318359375,52195200
QQQ,2024-03-15,430.2904743925129,433.0533520394362,427.0045922881317,428.1689758300781,73069800
QQQ,2024-03-18,433.4876578345993,435.77005339953286,432.015441232783,432.2525939941406,47323800
QQQ,2024-03-19,430.24684485265067,433.7346638779125,428.15215128325195,433.3295593261719,43004100
QQQ,2024-03-20,434.5250931534227,438.80334096798737,432.8256441272629,438.4674072265625,43653500
QQQ,2024-03-21,443.51637126483735,443.97086631640985,440.34473575766197,440.5423278808594,39345700
QQQ,2024-03-22,440.0285427517674,442.1429563269523,439.17880316614946,441.0462341308594,28253900
QQQ,2024-03-25,438.25008456707394,440.92772494895036,437.2521733889676,439.4456481933594,27789200
QQQ,2024-03-26,440.9672001706422,441.88611062299844,437.79556453713616,438.0228271484375,34142000
QQQ,2024-03-27,441.10548724918266,441.2042983789603,436.64936762664576,439.51470947265625,41359200
QQQ,2024-03-28,439.46534778476365,440.3150873730311,438.3488452662453,438.7045593261719,36839600
QQQ,2024-04-01,439.65308146497904,442.18248976686664,437.7263698364116,439.6333312988281,38729000
QQQ,2024-04-02,434.8215419081569,436.15541700683673,432.7960490881484,435.8392333984375,44259700
QQQ,2024-04-03,433.71491828910797,438.69470445821014,433.70505828173714,436.8174133300781,39949800
QQQ,2024-04-04,440.9967934965204,441.6094104504409,429.910859971514,430.13812255859375,57267700
QQQ,2024-04-05,431.5609373498813,437.8745980464935,430.7507282504202,435.20684814453125,54744600
QQQ,2024-04-08,436.1356461390755,437.2126182357003,433.9520616185032,435.3353271484375,28144900
QQQ,2024-04-09,437.6671198430058,437.94377295312506,432.213088463687,436.94586181640625,39443600
QQQ,2024-04-10,431.77833281863883,433.9915576445621,431.0669348170311,433.1319580078125,61502200
QQQ,2024-04-11,434.9993827274123,440.99682993017785,432.7268471276374,440.0483093261719,45474600
QQQ,2024-04-12,435.82928214208215,436.95564455090334,431.6597059071951,433.0330810546875,53665000
QQQ,2024-04-15,436.7778637813603,436.8667847613836,425.0694522981349,425.9093017578125,63453600
QQQ,2024-04-16,425.75119974644684,428.5770414842701,424.56555655499864,425.9488220214844,47619000
QQQ,2024-04-17,427.92490809219123,427.94465825778315,419.82287756668256,420.75164794921875,56880500
QQQ,2024-04-18,421.3938920422411,423.12298141821606,417.77762150042236,418.3507080078125,46549400
QQQ,2024-04-19,417.17492743365193,417.69859329896826,408.13426609892537,409.69537353515625,75231000
QQQ,2024-04-22,412.3235850098198,416.1473377835961,408.9938577655325,413.8155517578125,47807700
QQQ,2024-04-23,415.74220734573504,421.1863779906692,413.8649164811478,419.9908447265625,44384700
QQQ,2024-04-24,423.0835357462636,424.5952528755929,419.1313309477107,421.4137268066406,48440300
QQQ,2024-04-25,414.23055816853235,420.2379260997075,413.1437260161894,419.3783264160156,57392200
QQQ,2024-04-26,422.5104492586841,427.38153443727947,421.8188315105415,425.8500671386719,41874900
QQQ,2024-04-29,427.9545657944638,428.57704279451684,424.84221094712433,427.5791015625,30022200
QQQ,2024-04-30,425.9981832015452,427.39133873179975,419.4375402321003,419.5165710449219,43665900
QQQ,2024-05-01,418.0937738009243,425.00027078139163,415.6335364646761,416.4832458496094,52251700
QQQ,2024-05-02,420.2181234298724,422.6981413555137,415.60394164929187,421.79901123046875,36559000
QQQ,2024-05-03,429.2489077059209,431.26454032422834,427.45064752834196,430.2764892578125,48515300
QQQ,2024-05-06,432.07470879916997,435.0783924110158,431.3040301921814,434.9894714355469,30227200
QQQ,2024-05-07,435.4341190165748,436.6889330215927,434.32747648868434,435.05865478515625,30996100
QQQ,2024-05-08,432.44030104834115,436.20477300365775,432.32170959807235,434.8017272949219,24896700
QQQ,2024-05-09,435.068517003567,436.3233611678897,433.22086631601803,435.7502746582031,24580100
QQQ,2024-05-10,437.2521379272072,439.0009775019168,435.23650526025403,436.7778625488281,27116600
QQQ,2024-05-13,438.6847746021528,438.78358573741383,436.3727387710848,437.78564453125,22994200
QQQ,2024-05-14,437.36084739880766,441.1352101310495,437.1731152629732,440.6016540527344,34478300
QQQ,2024-05-15,443.0717526114495,447.73535506298566,441.56003561725066,447.48834228515625,41464700
QQQ,2024-05-16,447.300603706104,449.25695573333155,446.41136374933757,446.579345703125,34780400
QQQ,2024-05-17,446.70773221124824,447.31045901301263,444.16846400588616,446.3619384765625,35803700
QQQ,2024-05-20,446.57935219702347,450.13631207581267,446.3916200736185,449.4743347167969,24474200
QQQ,2024-05-21,447.6266677481299,450.5414003294952,447.4290454718327,450.3536682128906,23167700
QQQ,2024-05-22,450.6105944327446,451.36152293797704,447.66619122011053,450.2647705078125,25120000
QQQ,2024-05-23,455.04691409303155,455.0765544193966,446.4508877649814,448.2392578125,40899200
QQQ,2024-05-24,449.84974703722804,453.7426703791155,448.15029811562783,452.47796630859375,29669500
QQQ,2024-05-28,453.6932303817644,454.24653650445447,451.23299315219873,454.187255859375,26216800
QQQ,2024-05-29,450.0374719321695,452.76447213726425,449.8991303213493,450.9859924316406,29739200
QQQ,2024-05-30,450.05723247359657,450.19557408760653,444.8304342178574,446.1544189453125,30536800
QQQ,2024-05-31,446.3817458895466,447.07339375346913,437.76593868344236,445.32452392578125,55941300
QQQ,2024-06-03,449.1383414785647,450.136252464962,442.54802817081566,447.7155456542969,32997500
QQQ,2024-06-04,447.4586887576052,450.1362987474651,445.73948952356676,448.9407653808594,23767400
QQQ,2024-06-05,452.50763121803925,458.07033330703183,448.98028172906453,457.9913024902344,33817400
QQQ,2024-06-06,458.6730403056571,458.98922386503307,456.6672979648091,457.83319091796875,21966800
QQQ,2024-06-07,457.46769211074843,460.17494266998284,456.32154913419294,457.42816162109375,25829700
QQQ,2024-06-10,456.3017436759834,459.6314708938704,456.01520042833266,459.2757568359375,20660800
QQQ,2024-06-11,458.00128408048533,462.54632585325834,456.5093170466121,462.427734375,22053300
QQQ,2024-06-12,466.35021160302534,470.80633154634563,465.6585939506412,468.4844055175781,34532600
QQQ,2024-06-13,472.01173265680745,472.6737401049363,468.7511763645749,471.023681640625,25859000
QQQ,2024-06-14,470.82603251571277,473.5333126495915,470.36164735848314,473.4641418457031,23372600
QQQ,2024-06-17,473.7309763615581,481.0425485388574,472.4267718136733,479.2640686035156,37054500
QQQ,2024-06-18,479.2146698362232,480.0940196286849,477.6535322250408,479.4122619628906,24438600
QQQ,2024-06-20,480.60784514761326,481.02280973763214,473.8890793547214,475.71697998046875,33918700
QQQ,2024-06-21,475.440293517699,476.77416848361605,472.9504156934659,474.4423522949219,37456800
QQQ,2024-06-24,473.2171889334799,474.9490265120443,468.90245380557906,469.0409851074219,37751000
QQQ,2024-06-25,471.129140230183,474.70165954196335,470.1889876740023,474.40478515625,29014700
QQQ,2024-06-26,473.58337252856364,475.92880093044886,473.1677483971883,475.3844909667969,22737100
QQQ,2024-06-27,475.1370763918568,478.0861593754013,474.32557950230506,476.6116027832031,26222100
QQQ,2024-06-28,477.403281069795,482.1435762094865,473.4942643131208,474.13751220703125,34881600
QQQ,2024-07-01,475.05793318372764,477.4824878396145,471.3171649653183,476.9184265136719,24898300
QQQ,2024-07-02,475.4240826231297,481.98527819601577,475.2954269921551,481.9259033203125,26723600
QQQ,2024-07-03,481.1737429455758,486.0723812066587,481.1737429455758,485.9437255859375,18064900
QQQ,2024-07-05,486.7849470721582,491.4460560048313,486.4880424937544,491.0106201171875,28495900
QQQ,2024-07-08,491.376753741408,492.73253034096933,490.35744482196145,492.1783447265625,22109400
QQQ,2024-07-09,493.6925021081496,494.8107793015075,491.08979257688713,492.6039123535156,25614500
QQQ,2024-07-10,494.5237508797434,498.29420637540426,493.2174734535237,497.7400207519531,28046900
QQQ,2024-07-11,497.8489225363497,498.05673460649984,485.6369961812132,486.82452392578125,49966600
QQQ,2024-07-12,487.3984860685638,494.43468031357077,486.9333627636992,489.68450927734375,37109400
QQQ,2024-07-15,491.45594988459715,495.8103089222989,488.962114418248,491.000732421875,31151400
QQQ,2024-07-16,492.45546558304693,493.2669624935249,488.0318560940838,491.1887512207031,25950600
QQQ,2024-07-17,483.21237345638946,483.72696575198995,476.70067742779014,476.7699279785156,56268800
QQQ,2024-07-18,480.49093325016867,480.6690578747681,471.32702835165105,474.51361083984375,49347400
QQQ,2024-07-19,474.1771324025522,476.690779451391,469.0212128794801,470.3077087402344,42042900
QQQ,2024-07-22,476.16627496100256,478.3335484183621,472.7520687745181,477.3142395019531,40300000
QQQ,2024-07-23,476.41370644097475,479.40235260218805,475.1568979647483,475.63189697265625,23282500
QQQ,2024-07-24,468.90248253079744,469.2686376662744,457.7098653963061,458.5708312988281,58818600
QQQ,2024-07-25,458.9073044861217,463.08350861797516,450.9012698036603,453.51385498046875,59256800
QQQ,2024-07-26,457.8483529536498,461.0943100672406,454.9982383756969,458.1650390625,39992100
QQQ,2024-07-29,460.8766312425985,463.05381067459047,456.8290828356766,459.0854187011719,28218500
QQQ,2024-07-30,461.01518280406907,461.7178056143378,449.4365991488919,452.7815246582031,41317200
QQQ,2024-07-31,463.0141989264488,467.8831499165186,461.5693600159238,466.1809997558594,44552100
QQQ,2024-08-01,466.86386133368035,470.61450517713496,451.2476348425809,454.8894348144531,56653900
QQQ,2024-08-02,446.21045588905764,448.86263428021607,439.85707252429887,444.0926513671875,66323200
QQQ,2024-08-05,420.3021625718776,437.69972643798087,419.05525994795903,430.8515319824219,87483500
QQQ,2024-08-06,432.6922358150409,442.4301081222253,430.04993302092026,434.9683532714844,63164400
QQQ,2024-08-07,441.85611726701137,444.3400770278095,429.8619088840542,430.25775146484375,54929200
QQQ,2024-08-08,436.48245194310226,444.33014311023425,432.61302829327946,443.4197082519531,47890100
QQQ,2024-08-09,442.1034582237035,447.36825136339667,440.98518120033026,445.7353820800781,33574000
QQQ,2024-08-12,446.70521837827454,449.6542708226285,443.8946670246731,446.6953125,27795000
QQQ,2024-08-13,451.08929276754145,458.0463309110078,450.9507312570199,457.77911376953125,40084500
QQQ,2024-08-14,458.6994548040249,460.28282498699116,453.6424734145616,457.92755126953125,34733700
QQQ,2024-08-15,463.89498501162524,469.8920888985799,463.5189240086724,469.4962463378906,38280600
QQQ,2024-08-16,467.71489267478665,471.46556648913753,466.75495864422777,470.0998840332031,38383600
QQQ,2024-08-19,470.23847926625564,476.31473980211405,468.4571423782289,476.275146484375,23737700
QQQ,2024-08-20,475.36469707718084,477.92781315701507,473.5833602435094,475.275634765625,29209300
QQQ,2024-08-21,476.0574377854446,479.3429886019987,474.34541182084484,477.4924011230469,25658800
QQQ,2024-08-22,479.8080927390778,480.50083988140653,468.89256861321644,469.9217834472656,37739600
QQQ,2024-08-23,474.2661580883122,477.72983304685914,470.34726573430817,475.0182800292969,36061500
QQQ,2024-08-26,474.4740065086699,475.3943471900069,468.3284356861568,470.4066467285156,27452600
QQQ,2024-08-27,468.77377514358506,472.8806980164579,466.81431385011683,471.8119201660156,27510000
QQQ,2024-08-28,471.346801146548,472.0692054646564,463.0339871430499,466.45806884765625,37372400
QQQ,2024-08-29,468.36807210677364,472.9698061378377,464.4986483367516,465.7752685546875,41081500
QQQ,2024-08-30,470.1098112366977,471.9504927515124,465.626826998042,471.3270263671875,33466500
QQQ,2024-09-03,468.2888929130331,468.41751833575614,454.64200434968836,457.01708984375,44985200
QQQ,2024-09-04,453.9097213390106,459.6297325855357,452.9794746829276,455.8295593261719,32505100
QQQ,2024-09-05,454.20654233941235,460.5302074808422,453.18723348934816,456.25506591796875,34452400
QQQ,2024-09-06,455.55247378914544,456.43325146305574,443.53848390385747,444.0332946777344,50624400
QQQ,2024-09-09,448.35791362802206,450.73299918390046,445.15154963762876,449.7433776855469,32981200
QQQ,2024-09-10,451.5049437765593,454.4045579828943,447.5365817441025,453.89984130859375,29680300
QQQ,2024-09-11,455.13684408962206,464.4986553607296,446.5964054047374,463.7564392089844,57843000
QQQ,2024-09-12,463.7861380430132,469.12021274769836,462.004831315396,468.3087158203125,40067800
QQQ,2024-09-13,467.5763439362279,471.584298645824,467.34872013511097,470.4066467285156,29111800
QQQ,2024-09-16,468.2790222139315,468.94205173790556,465.0132831893614,468.3284912109375,22585600
QQQ,2024-09-17,471.3468556724097,472.64325748454945,466.082061787513,468.5758972167969,30084400
QQQ,2024-09-18,469.7733560531388,473.8604676353551,465.9434953333067,466.54718017578125,39909200
QQQ,2024-09-19,477.6011982117997,481.1836532649459,475.50320554918557,478.3434143066406,52782500
QQQ,2024-09-20,477.4825134329736,478.6700714266331,473.33599653623736,477.43304443359375,34577700
QQQ,2024-09-23,478.60932938150205,479.78863625808964,477.2714569319046,478.6985168457031,24843000
QQQ,2024-09-24,480.10574366251944,481.9589315670274,475.85432326157445,481.007568359375,25952600
QQQ,2024-09-25,480.3832116885974,483.40581684032236,480.2048367630411,481.4535217285156,26549900
QQQ,2024-09-26,488.935650492815,489.26270143246154,481.4336813987619,485.0707092285156,32020200
QQQ,2024-09-27,486.091478815064,486.2302350383357,481.19587618082716,482.37518310546875,22851100
QQQ,2024-09-30,481.41386237049977,484.020229062973,478.5795822480605,483.68328857421875,30281100
QQQ,2024-10-01,483.31662795419345,483.6139194959118,473.1091848680393,476.94439697265625,42735400
QQQ,2024-10-02,476.0425807215539,479.530962836938,473.42632437830656,477.6183166503906,23744000
QQQ,2024-10-03,475.42815712622803,480.19492312784206,474.6848980169124,477.26153564453125,25337200
QQQ,2024-10-04,483.0688998990654,483.4950278786583,478.0543806808698,482.9400634765625,30686600
QQQ,2024-10-07,481.0274369696279,482.19682413323716,476.548042370329,477.7669982910156,24975100
QQQ,2024-10-08,480.30397136476074,485.5860530274448,479.50125391077506,484.9022521972656,28272000
QQQ,2024-10-09,484.6049568617026,489.29245536882917,483.5644061682119,488.7176513671875,24995000
QQQ,2024-10-10,486.43836809249575,490.02582759216244,485.1302246664413,488.1627197265625,25750400
QQQ,2024-10-11,486.32927332481586,489.94649172199814,485.7644194068518,488.92572021484375,20644500
QQQ,2024-10-14,491.3140720656338,494.34656675942244,490.8086764455291,493.0285339355469,26060100
QQQ,2024-10-15,493.3555385326402,494.0195299441258,484.2877839012804,486.43829345703125,34784500
QQQ,2024-10-16,486.76530407206735,487.27072990851434,483.18776499565604,486.49774169921875,22996800
QQQ,2024-10-17,491.97807225486406,492.02761076485535,486.7752584875692,486.834716796875,27210700
QQQ,2024-10-18,489.61949922818457,491.11593737118017,488.86632025661703,490.02581787109375,25335000
QQQ,2024-10-21,488.81674495745733,491.7699720639436,486.894178959246,490.9672546386719,30336500
QQQ,2024-10-22,488.301460782079,492.9790396580823,487.5482818189782,491.5024108886719,26685800
QQQ,2024-10-23,489.1536769704334,489.80774860991164,480.69042485410046,483.9706726074219,39346600
QQQ,2024-10-24,487.68697675640317,488.56899209054706,485.0409912405532,487.8951110839844,22024900
QQQ,2024-10-25,490.6897586206183,495.7835452221233,489.9861182359376,490.8681335449219,38762100
QQQ,2024-10-28,493.9799130042475,494.0393713144082,490.65012666208736,490.9474182128906,20477800
QQQ,2024-10-29,491.2645459528903,496.84394921613693,489.4113580647336,495.6646423339844,28014100
QQQ,2024-10-30,494.9015965333086,495.8529597761459,491.43305383710356,491.91864013671875,29756000
QQQ,2024-10-31,487.95455288391236,488.004091392637,479.4021134423859,479.501220703125,41245200
QQQ,2024-11-01,481.1363651731337,486.3391785967361,480.83907364624326,483.04901123046875,33655800
QQQ,2024-11-04,482.4445631601672,484.9815519553387,479.8976545652101,481.641845703125,23291600
QQQ,2024-11-05,483.2274099331328,488.450063211135,483.13822247067543,487.78607177734375,24353600
QQQ,2024-11-06,496.0610489877298,501.8584762261197,495.10968577343385,501.0359191894531,43082200
QQQ,2024-11-07,503.83059051968576,509.7073157816337,503.77113220784673,508.92437744140625,32853100
QQQ,2024-11-08,508.4288323181187,510.29193992816494,507.8044898484447,509.51898193359375,22924500
QQQ,2024-11-11,510.7379273428509,510.94606166969805,506.3279414175583,509.2217102050781,24167500
QQQ,2024-11-12,509.1523347344934,510.0342895835151,505.24771417717085,508.3000183105469,25835300
QQQ,2024-11-13,507.7946721174008,510.3514400261562,505.36668014613633,507.64599609375,24567400
QQQ,2024-11-14,507.30904134011206,508.1811066415075,503.2062364575977,504.11798095703125,28679500
QQQ,2024-11-15,498.4196764454938,498.8061554755535,490.0456112891242,492.10693359375,51461100
QQQ,2024-11-18,493.65285128763077,497.62681939854133,492.26544042699135,495.5258483886719,27080800
QQQ,2024-11-19,492.94927544853863,499.4205835584643,492.612304704476,498.9349670410156,24523000
QQQ,2024-11-20,498.63769372570533,498.9548248827178,492.0970072679585,498.6476135253906,29565500
QQQ,2024-11-21,501.68996941164187,502.4034993526954,493.08799140909434,500.4413146972656,34526700
QQQ,2024-11-22,499.8863672514566,501.9773883931018,498.2610927916357,501.2440490722656,23826600
QQQ,2024-11-25,505.3171131868859,506.8532002381663,499.727820122481,502.036865234375,26375200
QQQ,2024-11-26,503.51346597969416,505.5549789384047,502.6711298031389,504.732421875,26557100
QQQ,2024-11-27,503.6026837920866,503.6720316612962,497.41874708868886,500.7584533691406,24957400
QQQ,2024-11-29,501.38275454356886,505.7531216213566,500.7683318681806,505.15850830078125,15334000
QQQ,2024-12-02,506.4171600748149,511.6199741872277,506.03065079539806,510.6586608886719,25147200
QQQ,2024-12-03,509.33074852467934,512.5019997630951,508.755944494111,512.2244873046875,18597900
QQQ,2024-12-04,515.6434895026028,518.8147407281132,514.9299292457346,518.5570678710938,26086200
QQQ,2024-12-05,518.6066356126173,519.330055223799,516.7336078801881,517.1201171875,18169600
QQQ,2024-12-06,517.7839377833512,521.9858190453816,517.6551013825894,521.7479858398438,23762600
QQQ,2024-12-09,520.8264895371643,521.6192872606202,516.5353894459821,517.6849975585938,20674400
QQQ,2024-12-10,518.9137130815643,520.6579039280881,514.4937776630583,515.9208374023438,24350000
QQQ,2024-12-11,520.2813419948772,525.8409052468438,519.875053656175,525.1571044921875,32168600
QQQ,2024-12-12,522.9373315206931,524.2058562213963,521.2922778164673,521.7679443359375,23577500
QQQ,2024-12-13,525.6924016663945,528.3780062636245,522.5607689543002,525.7617797851562,28780400
QQQ,2024-12-16,528.2887896903175,534.3042408794819,528.2094917796982,533.3330078125,31979900
QQQ,2024-12-17,531.5392783661994,532.6492071689107,529.3293405604305,530.9843139648438,28579100
QQQ,2024-12-18,530.3401310230003,532.0545625405334,510.3811335079535,511.8279724121094,54703200
QQQ,2024-12-19,516.5055998486908,517.0704840052069,509.2117652949213,509.5486755371094,46441800
QQQ,2024-12-20,505.852200874932,520.1029592084699,504.71254304884667,513.998291015625,60530000
QQQ,2024-12-23,515.7106302984251,519.3833002478667,512.3159202923702,519.006103515625,29672800
QQQ,2024-12-24,520.9515457699987,526.1329411134772,520.3162608023672,526.0436401367188,17558200
QQQ,2024-12-26,524.4157698857358,527.3141743842485,522.4206139118845,525.686279296875,19090500
QQQ,2024-12-27,522.1228814363513,522.559632331355,514.0330843757536,518.6983642578125,33839600
QQQ,2024-12-30,511.7005068634762,515.5220319966776,508.04767821293757,511.79974365234375,34584000
QQQ,2024-12-31,513.0802310210817,513.8345638741997,506.48928482473434,507.4521179199219,29117000
QQQ,2025-01-02,510.49943434648804,512.8221689652438,501.9729160194123,506.45953369140625,36389800
QQQ,2025-01-03,509.55653114882335,515.8100252164201,508.7426439244086,514.7479248046875,29059500
QQQ,2025-01-06,520.1476411928097,524.018784806924,518.1723564940825,520.6637573242188,36109700
QQQ,2025-01-07,521.7059999662438,522.1030076792526,509.4869713360559,511.3728942871094,36690300
QQQ,2025-01-08,511.27365140459267,513.1000201476976,506.7969699488272,511.4622497558594,30777800
QQQ,2025-01-10,507.700292461824,507.799529251394,500.1961615298894,503.4419860839844,40532500
QQQ,2025-01-13,497.4962392396563,502.28059733248006,496.00732395497107,501.8240051269531,31694200
QQQ,2025-01-14,504.9804910575475,506.39001083545065,497.88333436019064,501.3475341796875,33737200
QQQ,2025-01-15,509.2387301124164,514.0230569301199,507.6802948725127,512.881591796875,34957600
QQQ,2025-01-16,515.1448467748171,515.224272558158,509.1594384871324,509.2884826660156,28229000
QQQ,2025-01-17,518.9861821179226,520.1971979799845,509.3181691473964,517.8843994140625,51837900
QQQ,2025-01-21,520.6042324328826,522.0832120911833,516.2169118563148,520.921875,23628000
QQQ,2025-01-22,525.6565483001042,529.8751413083515,525.3488415863966,527.5822143554688,33593000
QQQ,2025-01-23,525.1304247166951,528.8229657869698,524.5448186856646,528.703857421875,23096600
QQQ,2025-01-24,529.0810884811151,529.8453571094432,524.2470818339253,525.7161254882812,19878300
QQQ,2025-01-27,507.2238554261772,514.1621916220109,506.3801306258622,510.41015625,60771700
QQQ,2025-01-28,511.4125906777684,519.135127001106,507.9980395084438,517.9539184570312,33194200
QQQ,2025-01-29,518.5990994614392,518.7281436223639,513.0801896776674,516.9811401367188,26649000
QQQ,2025-01-30,519.8398489654351,522.2121410225601,514.380493502768,519.1846923828125,27431300
QQQ,2025-01-31,523.0260873773669,527.5921301044531,517.338450995146,518.4302978515625,38755200
QQQ,2025-02-03,509.6754636986273,517.0009308639123,507.2733642921369,514.2811889648438,40580800
QQQ,2025-02-04,514.7974890430145,521.2295844539116,514.4004206860424,520.5942993164062,26046800
QQQ,2025-02-05,517.9638671852232,523.11551659981,516.7727228160936,522.9566650390625,21134100
QQQ,2025-02-06,523.4628423892975,525.8947492260023,521.8548188906348,525.686279296875,19434500
QQQ,2025-02-07,526.2223405922623,528.1678176426686,518.3310780658987,519.0556640625,29605500
QQQ,2025-02-10,523.3239005134812,526.4407109622551,522.8574028177311,525.3389282226562,20852800
QQQ,2025-02-11,522.0732896066455,526.0039872775455,521.9442454321847,524.0882568359375,19325500
QQQ,2025-02-12,518.4402741025981,525.2793726405877,518.0928847804781,524.3959350585938,25009400
QQQ,2025-02-13,526.0635838146525,532.2574623508953,525.2794434932922,531.9398803710938,28714800
QQQ,2025-02-14,532.0489565555039,534.8580601398642,531.7114424599516,534.1731567382812,17862600
QQQ,2025-02-18,535.7414804029439,536.0095045421328,532.078746365208,535.3841552734375,20565000
QQQ,2025-02-19,534.5901501639886,536.8135875991883,532.4957569178074,535.5331420898438,19666900
QQQ,2025-02-20,534.7488640035847,535.1161249242239,528.52523935916,533.2599487304688,26550800
QQQ,2025-02-21,534.4015384269126,534.4214100198424,521.8251828832033,522.1924438476562,47093800
QQQ,2025-02-24,523.979014688761,525.1602231091551,515.6907447415672,516.0281982421875,39268400
QQQ,2025-02-25,515.4028460127145,515.4822717823216,505.67527938768234,509.526611328125,48940000
QQQ,2025-02-26,511.72034015672153,515.8197643424149,507.591048002011,510.7574768066406,34457600
QQQ,2025-02-27,514.3011233717788,515.2341793751592,496.35471414579564,496.5730895996094,52448000
QQQ,2025-02-28,496.4341995419912,505.02027267121787,493.2578344308949,504.414794921875,47654000
QQQ,2025-03-03,507.7399630206097,509.2487196326077,489.93253345416554,493.37689208984375,44587200
QQQ,2025-03-04,490.5280988504062,500.0174498903787,484.1356867718227,491.8879699707031,67875400
QQQ,2025-03-05,492.5331995401363,499.90828614862966,487.62970266721254,498.3002624511719,46323700
QQQ,2025-03-06,490.04176688317693,494.895615354215,482.60712565033873,484.59234619140625,57574300
QQQ,2025-03-07,483.5599718062666,489.6347411717219,476.9789615630039,488.15576171875,54714700
QQQ,2025-03-10,479.87744712390025,480.39359355913183,465.19673274957023,469.2366638183594,76668000
QQQ,2025-03-11,468.85944790641054,475.2717015064333,463.55891291656457,468.114990234375,68760800
QQQ,2025-03-12,475.61912817116786,477.50508157643935,468.3035955192933,473.39569091796875,46971100
QQQ,2025-03-13,472.73057814566323,472.76035523811606,462.98313932199375,464.8790283203125,46563300
QQQ,2025-03-14,470.2292461988736,477.00876061202655,469.62373821824536,476.11541748046875,43563000
QQQ,2025-03-17,476.06574086012523,482.2497130174167,474.2691189068619,479.202392578125,41744400
QQQ,2025-03-18,475.86727110411596,476.0657749736721,468.91899953639006,471.03326416015625,39072300
QQQ,2025-03-19,473.28646764378425,481.74349565345614,471.3608014299573,477.3363342285156,40430300
QQQ,2025-03-20,473.35596661844284,480.96927004322396,472.6611273475336,475.7183837890625,36780500
QQQ,2025-03-21,470.57662752286865,478.0509810732746,469.4152905592447,477.28668212890625,42234900
QQQ,2025-03-24,484.8576491349716,488.60538941404207,481.5373907904982,487.7604064941406,34567200
QQQ,2025-03-25,488.4861400211188,490.7029423960745,487.52187103316214,490.54388427734375,26035200
QQQ,2025-03-26,489.3906651224751,490.2455985952576,479.9667080597325,481.5174865722656,34627100
QQQ,2025-03-27,479.5591741727875,483.70451433059617,477.41193517577676,478.7738342285156,33469800
QQQ,2025-03-28,476.974551402309,477.68034714960163,465.28403763438615,466.1687927246094,46363800
QQQ,2025-03-31,459.19026229129486,467.08331235256605,454.6273605455005,466.1488952636719,53000300
QQQ,2025-04-01,464.53844262078127,470.83105198841025,461.6754876852753,469.90655517578125,41156200
QQQ,2025-04-02,463.3654253458386,476.7260031222664,463.1069521266998,473.3361511230469,49894500
QQQ,2025-04-03,453.742637111202,457.3511902166352,447.4798795534505,447.9967956542969,70456300
QQQ,2025-04-04,435.5508223213529,437.76762470061965,420.1722412109375,420.1722412109375,117088400
QQQ,2025-04-07,406.24497996843866,440.5212273303754,400.01204418212296,421.1861572265625,161557000
QQQ,2025-04-08,435.5706616527368,440.52124286102435,407.3683213181599,413.60125732421875,101248100
QQQ,2025-04-09,413.11420733728266,465.0653576176641,412.9750201017136,463.2461853027344,142876900
QQQ,2025-04-10,450.8796663706337,452.89766878987024,430.07336033484415,443.54327392578125,108384100
QQQ,2025-04-11,442.0223093443537,453.09649143953806,438.7219217931667,451.7146911621094,52483800
QQQ,2025-04-14,461.7152208667026,462.3017305650004,449.95514472763216,454.7764892578125,43941200
QQQ,2025-04-15,455.83021518157193,459.6475186324782,453.454324591476,455.283447265625,35404200
QQQ,2025-04-16,446.37642892854547,449.94520996662885,435.17304059444126,441.5550842285156,48980600
QQQ,2025-04-17,444.5274509761507,445.10401010316673,438.7517574071589,441.4755859375,44837000
QQQ,2025-04-21,435.64027525418857,436.48522787937225,425.40112526573694,430.5505065917969,44149300
QQQ,2025-04-22,436.2267468236976,444.93495790304166,435.0338262355641,441.8533020019531,52304400
QQQ,2025-04-23,455.46243104941027,460.641633756553,450.20368411807647,451.8737487792969,55801100
QQQ,2025-04-24,453.78243704630535,464.896361425193,453.1362539590864,464.58819580078125,45956100
QQQ,2025-04-25,464.210432874224,470.2942617606861,462.639783263479,469.76739501953125,38697100
QQQ,2025-04-28,470.23458681729716,472.0040665388327,463.27595392675005,469.6182556152344,33550800
QQQ,2025-04-29,467.3915381780168,473.60460372916896,466.81494870601875,472.7198486328125,30613100
QQQ,2025-04-30,464.36947606745446,474.37997416490805,459.697238824554,472.6601867675781,46810600
QQQ,2025-05-01,480.5532529218463,484.30096287876717,477.89901815565884,478.8334655761719,43316500
QQQ,2025-05-02,483.66477784831574,488.00894827712347,481.9648613296433,485.94122314453125,39218100
QQQ,2025-05-05,481.73622270162116,486.14003597307794,481.2391774925475,483.058349609375,28309500
QQQ,2025-05-06,476.7260205679887,482.1835675083398,475.36412148604,478.5650939941406,32786300
QQQ,2025-05-07,479.2310866723673,482.9291041737698,473.9624196873836,480.4438781738281,38006300
QQQ,2025-05-08,485.6430214704163,489.7883921245775,481.3088015351198,485.4044494628906,39577600
QQQ,2025-05-09,487.31305654497106,488.63521379310254,483.326774588034,485.0863037109375,27767400
QQQ,2025-05-12,503.99391286415016,504.88861854839246,498.51649505607935,504.8488464355469,45090600
QQQ,2025-05-13,506.15112683099704,514.3325026354601,505.4155095627927,512.5431518554688,53269600
QQQ,2025-05-14,513.7161819509431,516.1616058199734,512.7021901958013,515.6148681640625,47014500
QQQ,2025-05-15,513.4676100523011,518.8456125999866,512.125551562593,516.1814575195312,50153300
QQQ,2025-05-16,517.5830873308704,518.6169801912382,514.0441278903378,518.4281005859375,48394600
QQQ,2025-05-19,511.2010686059385,519.442117353632,511.2010686059385,518.9251708984375,52536200
QQQ,2025-05-20,516.4001137065187,517.8515075410328,513.6067220946634,517.1954345703125,42517600
QQQ,2025-05-21,513.2190402211261,519.9092488061895,508.21873667770086,510.0080871582031,71292800
QQQ,2025-05-22,510.6245069423915,514.6506220653856,509.2725584046473,510.9625244140625,55607200
QQQ,2025-05-23,503.18864625765127,508.81520128108224,502.59218597999717,506.2305603027344,58368100
QQQ,2025-05-27,513.099785560271,518.6269257716245,511.5490069592283,518.1397705078125,47226300
QQQ,2025-05-28,519.0941399870436,520.5852756508032,515.326559052752,515.8434448242188,46637200
QQQ,2025-05-29,523.2196247969079,523.3687019543887,514.2628604553026,516.857421875,58513300
QQQ,2025-05-30,516.370303138387,517.6029654866918,508.9046747674079,516.042236328125,67662800
QQQ,2025-06-02,514.18335129797,520.3566750351536,512.9208369697641,520.1181030273438,44762800
QQQ,2025-06-03,520.4659496294596,525.6153304447355,519.6010958649408,524.183837890625,44070300
QQQ,2025-06-04,524.8896842213366,526.708886650537,522.8617009643712,525.6452026367188,41359300
QQQ,2025-06-05,527.0468212855055,529.8998557728775,519.5712423411791,521.6886596679688,61031200
QQQ,2025-06-06,526.8679353376542,528.6572860020211,525.0885352856423,526.7883911132812,42467000
QQQ,2025-06-09,527.0071545180014,529.2040557008712,525.8838273941709,527.5638427734375,33688700
QQQ,2025-06-10,528.0309052999579,531.7389032205542,525.7644110626619,531.052978515625,40664800
QQQ,2025-06-11,532.4546012685898,533.6077799068673,526.9771544229022,529.2635498046875,53701000
QQQ,2025-06-12,527.9515275399644,531.4805365276557,527.703004925698,530.5062866210938,34104900
QQQ,2025-06-13,524.5616021772432,528.7268432784747,522.6231138097035,523.8458862304688,55814400
QQQ,2025-06-16,527.3650479728419,532.2062642001805,527.3153555791812,531.1326293945312,37622100
QQQ,2025-06-17,528.5678317630843,530.1782533672921,524.7902396796701,525.953369140625,42180900
QQQ,2025-06-18,526.9673174269449,529.4028511373086,524.2833217813045,525.8638916015625,43983500
QQQ,2025-06-20,529.1146401876316,530.4069457539052,521.7782471531975,523.7167358398438,61643500
QQQ,2025-06-23,524.2849177292203,529.6192118620138,521.1400908129034,529.1017456054688,50666100
QQQ,2025-06-24,534.3165868287479,538.1083222601969,533.6995634797794,537.1927490234375,45442000
QQQ,2025-06-25,539.4618726543914,540.7058813321303,536.7947253384327,538.566162109375,44804200
QQQ,2025-06-26,540.7456895311693,544.0497840014915,538.9245044882573,543.6019287109375,43811400
QQQ,2025-06-27,544.6369129629151,547.3538082383178,541.9299187322695,545.4629516601562,57577100
QQQ,2025-06-30,548.6177271894713,550.150323841353,546.3785118204822,548.9959106445312,45548700
QQQ,2025-07-01,547.0950210069877,548.0703649871544,542.0493151839511,544.3681640625,56166700
QQQ,2025-07-02,543.5421378206258,548.3589656247289,543.5023514145969,548.159912109375,36538300
QQQ,2025-07-03,550.528547956803,554.5292991491806,550.528547956803,553.553955078125,26443500
QQQ,2025-07-07,550.8668816007689,551.682958457329,546.9457644201566,549.384033203125,45349300
QQQ,2025-07-08,550.7276203014773,551.3546055319305,548.4585193260065,549.692626953125,36153300
QQQ,2025-07-09,551.8222657361728,554.957191559505,550.448875446199,553.5838012695312,43045500
QQQ,2025-07-10,554.2208201829343,554.6288283109999,550.1006487780387,552.7877197265625,34710900
QQQ,2025-07-11,550.6479296881262,553.1259849885996,549.4039211443059,551.5436401367188,39618600
QQQ,2025-07-14,551.3346156245823,554.2804496744797,548.9859421113066,553.5440063476562,36453300
QQQ,2025-07-15,557.5646843377589,558.112036002509,553.9918647207423,554.0515747070312,43277700
QQQ,2025-07-16,554.6089344039383,557.5248833529374,548.9163193085661,554.6188354492188,52314700
QQQ,2025-07-17,555.3453881761403,559.6148040205102,554.5392729959415,559.1072387695312,40423800
QQQ,2025-07-18,560.4208944407413,562.0231629422733,557.2959302535468,558.56982421875,50484700
QQQ,2025-07-21,559.3958338406302,563.3467757995568,559.365948479278,561.4658203125,39595200
QQQ,2025-07-22,561.5952444003194,561.6449925970527,555.9325146805868,558.5598754882812,43270600
QQQ,2025-07-23,559.6447408565938,561.1474524289769,556.8979597699224,561.107666015625,40215300
QQQ,2025-07-24,562.4212388074466,563.5259038068097,560.590031519654,562.3018188476562,42275500
QQQ,2025-07-25,562.2222340881906,564.9789766749151,561.5654242523398,563.6553344726562,30630800
QQQ,2025-07-28,565.0187630549528,566.3125198933016,564.1529379000713,565.4168701171875,31498700
QQQ,2025-07-29,568.0243008153843,569.3678058353573,563.8145950597007,564.5410766601562,45463300
QQQ,2025-07-30,565.4566306884598,567.88493787487,562.3416283337683,565.2974243164062,43433800
QQQ,2025-07-31,571.7861083195327,571.8757036606775,561.1672684870435,562.3018188476562,64613600
QQQ,2025-08-01,556.1514446022372,556.3405363278684,549.0356915374143,551.2251586914062,69400800
QQQ,2025-08-04,556.3704570702163,561.6152173589087,556.2709606680011,561.396240234375,47669800
QQQ,2025-08-05,562.6799876518158,563.8443626007596,557.047083143738,557.5845336914062,48666600
QQQ,2025-08-06,558.4205125100245,565.0386624956789,557.9428326498341,564.6007690429688,41823700
QQQ,2025-08-07,568.9298809926769,570.5719965866228,562.4013265086303,566.5115356445312,44463000
QQQ,2025-08-08,567.7157577691117,572.0150586353669,567.4172078636645,571.7960815429688,35255500
QQQ,2025-08-11,571.9354554685915,574.0353274481827,568.8304148017489,570.104248046875,33112900
QQQ,2025-08-12,572.4031383383943,577.568264258411,569.7459530883017,577.2697143554688,42143300
QQQ,2025-08-13,579.9667330931853,580.5240464797514,576.165035771658,577.558349609375,41209300
QQQ,2025-08-14,575.5083270283026,579.091047893356,575.1400445589929,577.110595703125,45425000
QQQ,2025-08-15,577.0209239007323,577.060771050305,572.811218330625,574.57275390625,49480200
QQQ,2025-08-18,573.67703945311,575.0006815724842,572.4827790837365,574.3438110351562,29831000
QQQ,2025-08-19,573.6272360152775,573.7964041556768,565.5262384524466,566.5513305664062,53752600
QQQ,2025-08-20,565.6059676042936,565.7253875756548,556.1614636230435,563.1876220703125,76781100
QQQ,2025-08-21,561.6450181787756,563.774775630925,558.2911756152315,560.5802001953125,46436900
QQQ,2025-08-22,561.9634564557491,571.238791941298,560.5702032580724,569.2284545898438,51502100
QQQ,2025-08-25,567.6659983001664,570.5420998652211,566.4318908111547,567.5863647460938,34044700
QQQ,2025-08-26,567.0987738406898,570.1739291946637,566.0736815609588,569.8654174804688,34103000
QQQ,2025-08-27,568.8503542214644,571.6567843025553,567.6361701841732,570.7412109375,36927100
QQQ,2025-08-28,571.3582297430389,575.2295992365423,569.7161747720991,574.3140258789062,46787900
QQQ,2025-08-29,571.9055458127416,572.273828233091,565.8148847062891,567.666015625,56030400
QQQ,2025-09-02,558.6195355636612,563.2571726003424,556.8580000613789,562.9088745117188,65876800
QQQ,2025-09-03,566.5015849549442,568.9597775003773,564.0135677896833,567.3375854492188,54230200
QQQ,2025-09-04,568.0044307011564,572.8411221194266,566.302665614699,572.472900390625,47526300
QQQ,2025-09-05,577.7076484747704,578.3346336864022,568.7906334517568,573.2988891601562,68342500
QQQ,2025-09-08,575.5977945125156,578.0559870759845,575.0006946855148,576.0953979492188,46371400
QQQ,2025-09-09,576.8915995273586,578.155531799883,574.2742003720782,577.7276000976562,44007600
QQQ,2025-09-10,580.9420329124574,580.971918274203,575.7769069667078,577.9166259765625,49308000
QQQ,2025-09-11,580.4444560297375,582.0766099053841,578.8322257294989,581.2804565429688,44745800
QQQ,2025-09-12,582.2357922273038,585.0422828265267,581.3002953608963,583.8480224609375,50745900
QQQ,2025-09-15,585.6195335974215,588.9534523182087,585.4702282697297,588.843994140625,44360300
QQQ,2025-09-16,589.7695130089575,590.018314719858,587.6596793599289,588.3463745117188,36942100
QQQ,2025-09-17,588.2667613743852,588.9136701422223,581.5690385221046,587.1720581054688,69384800
QQQ,2025-09-18,592.058483907603,595.2730433570825,590.1178791327126,592.466552734375,61069300
QQQ,2025-09-19,594.4668964152456,597.173829761915,592.9939490424024,596.4771728515625,58196100
QQQ,2025-09-22,595.56457167487,600.6759063866804,595.5446250028239,600.0083618164062,57154800
QQQ,2025-09-23,600.1777560752951,600.3770403666388,594.8073576106723,596.02294921875,64635500
QQQ,2025-09-24,597.3979183069385,597.7167610032964,591.2005236200914,593.9305419921875,49850300
QQQ,2025-09-25,590.0447574609248,592.9541133753095,586.358211090951,591.3699340820312,70920200
QQQ,2025-09-26,592.1869260081028,594.1298414316656,588.9089213733314,593.801025390625,54337400
QQQ,2025-09-29,596.929586249639,599.858888854889,595.2357610619866,596.5509643554688,48332900
QQQ,2025-09-30,596.2520555976123,598.5237869140956,593.9305184146496,598.1849975585938,46533800
QQQ,2025-10-01,594.9966151966095,601.592517201177,594.1696797218984,601.0545043945312,46899600
QQQ,2025-10-02,604.8506893778672,604.950301116935,600.7357150581139,603.5255126953125,43765400
QQQ,2025-10-03,604.3027001978111,605.1197232184186,599.2013385970163,600.9848022460938,46482100
QQQ,2025-10-06,606.2355880916678,607.1422494333636,603.7645725777412,605.498291015625,41962100
QQQ,2025-10-07,606.8035939044607,607.4910851983766,600.835403229105,602.3099975585938,58209500
QQQ,2025-10-08,603.2066381307736,609.523591030116,603.0572205300643,609.2147216796875,50629800
QQQ,2025-10-09,609.2545466200572,609.3840783602061,605.2691043090726,608.4774169921875,45551000
QQQ,2025-10-10,609.1748739271294,610.9483641105261,586.9061788056832,587.3545532226562,97614800
QQQ,2025-10-13,597.497493628088,600.7556121211176,595.056398092238,599.8190307617188,65872600
QQQ,2025-10-14,593.1434568492728,600.4966033203683,587.9823159734815,595.8236694335938,69203200
QQQ,2025-10-15,601.8117836952674,604.4919961772353,593.7611729131481,600.0282592773438,62805500
QQQ,2025-10-16,602.9077579751356,606.0961241101174,593.3327470469682,597.806396484375,70982000
QQQ,2025-10-17,595.7738386787643,603.306322454893,594.1995718879336,601.7320556640625,72024900
QQQ,2025-10-20,604.9303203667564,610.5696939626,604.8605678351395,609.3142700195312,45761700
QQQ,2025-10-21,609.41403175621,610.4900574537519,607.1024677916307,609.1549682617188,44538200
QQQ,2025-10-22,608.5969960402966,609.1848147458128,597.5573034367524,603.286376953125,61478800
QQQ,2025-10-23,602.7085014161719,609.1450131867009,602.319966975814,608.35791015625,42844300
QQQ,2025-10-24,613.7481802624443,616.1693293175521,612.8913247080658,614.8541259765625,47632500
QQQ,2025-10-27,622.2471843336021,626.2624862060553,621.7589773359792,625.80419921875,54098600
QQQ,2025-10-28,628.0658354818435,632.3701204498367,626.9598898422056,630.6165161132812,61195700
QQQ,2025-10-29,633.2769001713006,634.6917152842577,627.9563074763624,633.4562377929688,67422800
QQQ,2025-10-30,629.8693290874667,631.1945058511565,623.6620213630231,623.7716064453125,61628600
QQQ,2025-10-31,631.8619934183905,631.8919134270566,624.4092354874234,626.7805786132812,66305100
QQQ,2025-11-03,632.798481607898,633.5059194321615,627.5576158213403,629.779541015625,37154300
QQQ,2025-11-04,621.0117005353788,624.6683271251044,616.2092348629542,616.996337890625,63830800
QQQ,2025-11-05,616.2391121345779,624.3195827183903,614.9638020768305,621.01171875,48688500
QQQ,2025-11-06,619.5270737190788,619.7761638844125,608.078899450419,609.4439086914062,72115100
QQQ,2025-11-07,606.0960857298178,607.730131632313,596.4911554011275,607.5208740234375,81835400
QQQ,2025-11-10,616.6674802752618,622.0378784586748,614.644899897251,620.9617919921875,55919900
QQQ,2025-11-11,618.3115007347396,620.4536395227035,615.2726130875191,619.307861328125,44868800
QQQ,2025-11-12,622.5659665942537,622.5858524528388,615.5615225825271,618.8196411132812,47444400
QQQ,2025-11-13,615.2925422980531,615.8704485105809,603.8742880136988,606.1858520507812,71333600
QQQ,2025-11-14,597.3679891941105,611.1177533949825,594.9966460866717,606.6441040039062,80087300
QQQ,2025-11-17,604.0934192729386,610.2509204798646,597.6868279161546,601.4630126953125,63850400
QQQ,2025-11-18,597.4377829439551,600.1179955916228,589.1879481795877,594.1398315429688,83327300
QQQ,2025-11-19,594.897031094223,603.9539148983285,592.4260762649179,597.6868286132812,73111500
QQQ,2025-11-20,609.3940836964333,611.7953468701894,582.6218784315797,583.5385131835938,117743200
QQQ,2025-11-21,585.3319113971087,594.807310091711,578.6264242609341,587.9224853515625,103344200
QQQ,2025-11-24,593.1135933516537,604.4720682054578,592.9939741263881,602.9575805664062,60168100
QQQ,2025-11-25,601.3135864178203,608.0390203669549,595.1461119637967,606.6740112304688,57560900
QQQ,2025-11-26,610.2808195033393,613.9474190856081,608.1685399702174,612.034423828125,42393600
QQQ,2025-11-28,613.8677508272276,617.0660904342964,613.1802595402138,616.996337890625,23034400
QQQ,2025-12-01,611.3967336448243,617.1855860502521,610.2907880213397,614.923828125,40957600
QQQ,2025-12-02,617.2055939510703,621.4799592732617,615.3424043891131,619.736328125,54541800
QQQ,2025-12-03,617.3649627124794,621.9481972408511,615.7807833814271,621.2507934570312,47841600
QQQ,2025-12-04,622.6556605829674,622.665633919662,617.285262025035,620.6729125976562,47067800
QQQ,2025-12-05,622.1076409382764,626.6310962033638,621.440096358939,623.20361328125,53614200
QQQ,2025-12-08,624.9273860516373,626.5514587784469,619.42745579579,622.008056640625,43462400
QQQ,2025-12-09,620.7426537012356,623.5922305440594,618.7399590794447,622.7752075195312,37156000
QQQ,2025-12-10,621.5795410824109,626.920080160108,618.7299643381673,625.3258666992188,55031400
QQQ,2025-12-11,621.5496792982444,623.5025679748155,615.4718431258982,623.3032836914062,58272800
QQQ,2025-12-12,619.8160122611713,621.2706598008424,609.1349951238292,611.3867797851562,75158700
QQQ,2025-12-15,616.1195138735233,616.1693197420918,607.102462393675,608.3179931640625,49538200
QQQ,2025-12-16,606.0463317071705,611.277225059322,604.7012083573723,609.5236206054688,55152800
QQQ,2025-12-17,610.8287773715621,611.4166568355257,598.0953215609716,598.2247924804688,70654300
QQQ,2025-12-18,607.5806797208244,610.6992932536183,604.7111563372118,606.8931884765625,78875800
QQQ,2025-12-19,609.722845815118,615.372193060386,609.6431199441153,614.8042602539062,60369800
QQQ,2025-12-22,619.8862552767364,620.1855972768566,616.3147325600856,617.7513427734375,43703100
QQQ,2025-12-23,616.7437078609482,620.9437513214359,616.3247143117193,620.6444702148438,41120400
QQQ,2025-12-24,620.5247726871431,622.809417120355,620.255389239048,622.460205078125,18468700
QQQ,2025-12-26,623.1884938656726,624.0465142854792,621.6721158574088,622.4203491210938,28959800
QQQ,2025-12-29,618.6392040742111,621.312944373981,617.2724362589381,619.4074096679688,32458300
QQQ,2025-12-30,618.3798323976478,620.7142858196408,617.7612369489017,617.9707641601562,31226800
QQQ,2025-12-31,618.1903012408169,618.4995685313527,612.6034567489972,612.8628540039062,40746500
QQQ,2026-01-02,618.5993129536024,621.3827185880021,608.7126848809434,611.6756591796875,61859200
QQQ,2026-01-05,617.8610636312775,619.3475438678657,615.2671519649484,616.5341796875,46828400
QQQ,2026-01-06,617.7712838046286,622.550039153126,617.0829067758982,621.951416015625,43137500
QQQ,2026-01-07,621.5723159557587,626.4607976434537,621.0934661514185,622.550048828125,44880300
QQQ,2026-01-08,621.5623898130801,621.9514248328863,616.3446684463296,619.0083618164062,50435900
QQQ,2026-01-09,619.946120817708,626.4108973206594,617.6016810573577,625.173828125,49688700
QQQ,2026-01-12,620.8440291770474,627.368601054656,620.7941591397378,625.6925659179688,37388700
QQQ,2026-01-13,625.7923733874012,627.9871421828441,622.2307758506613,624.7647705078125,44481400
QQQ,2026-01-14,620.7741807448011,621.9813522711377,613.1122798122711,618.0905151367188,72598700
QQQ,2026-01-15,625.1238996016858,628.5159146085045,619.2877047511574,620.3153076171875,53934900
QQQ,2026-01-16,624.0265108868263,624.6051616315584,617.4221104790464,619.7965087890625,61058100
QQQ,2026-01-20,609.0918377338978,613.611135001854,605.6199939698072,606.6276245117188,81988900
QQQ,2026-01-21,608.0342310571399,618.958448118544,606.4280383777512,614.8282470703125,79837900
QQQ,2026-01-22,620.8838887514372,620.9936758988773,616.3247080096578,619.2976684570312,42254800
QQQ,2026-01-23,618.2701049354484,623.9267921630139,617.1926928942361,621.2530517578125,43645800
QQQ,2026-01-26,621.7419335987944,626.1315320367429,620.654474506515,623.9866333007812,35983000
QQQ,2026-01-27,627.428447510711,630.5510790290263,625.8621995501378,629.6432495117188,38997200
QQQ,2026-01-28,633.9630457840011,635.1003139672691,630.3216198646463,631.728271484375,50691700
QQQ,2026-01-29,631.1596506954837,632.1772064107698,616.8135217006399,627.9472045898438,79944000
QQQ,2026-01-30,624.2360100363766,626.7799907137291,617.8410762491409,620.405029296875,65650700
QQQ,2026-02-02,617.2425627681274,627.0094788951942,617.2026180242116,624.6650390625,49020300
QQQ,2026-02-03,626.8199062679399,628.4959413976924,609.5207880738473,615.0676879882812,81234000
QQQ,2026-02-04,613.5711796318161,613.6509473291842,599.0554072347201,604.322998046875,81850700
QQQ,2026-02-05,598.7960977080248,603.3852370585454,593.3589241811554,595.6235961914062,89354500
QQQ,2026-02-06,598.7761302609774,609.9696699932801,597.3594924154261,608.2138671875,78019300
QQQ,2026-02-09,606.1088060763491,615.0078372205985,603.6446538426547,612.8728637695312,56797600
QQQ,2026-02-10,613.8605219833995,615.566515685603,609.5706636004911,610.029541015625,53938900
QQQ,2026-02-11,614.9280269463444,616.0653561148772,606.2584951427149,611.6657104492188,58575100
QQQ,2026-02-12,613.2619605146361,614.3593449076634,598.1576109292407,599.22509765625,81378900
QQQ,2026-02-13,599.0155339597561,605.0512695366964,595.0149707463246,600.5020141601562,69237500
QQQ,2026-02-17,596.9703796848319,602.527265543405,591.9422745141455,599.8834838867188,69013800
QQQ,2026-02-18,600.6916520079001,608.333642172117,599.3049116850376,604.3629760742188,64250700
QQQ,2026-02-19,601.3899214380363,604.3928403408552,599.3347767407971,602.04833984375,60960800
QQQ,2026-02-20,598.70626248816,608.9121436812641,597.8183444916572,607.3757934570312,74127300
QQQ,2026-02-23,605.1809875790976,606.5777139403463,597.6387991893799,599.9932250976562,63859100
QQQ,2026-02-24,600.9809641013653,607.5554060860559,598.3172099190714,606.4380493164062,55023700
QQQ,2026-02-25,609.6305248735758,615.3769659271486,609.5606824638733,615.227294921875,55710700
QQQ,2026-02-26,614.1398874724765,614.1398874724765,602.5571907580546,607.8048095703125,96178900
QQQ,2026-02-27,601.5595911757949,606.8870389785335,600.7714740333364,605.8594360351562,68125200
QQQ,2026-03-02,597.449233707877,608.4831769130049,596.5812880631398,606.6575317382812,75264600
QQQ,2026-03-03,594.9252095120197,602.5372399706525,590.4756942596103,600.162841796875,97015500
QQQ,2026-03-04,602.7367159421393,611.436205359631,602.0084551337541,609.3112182617188,70943900
QQQ,2026-03-05,605.9691941386595,611.3165531665334,600.8412876368789,607.4755859375,89602400
QQQ,2026-03-06,598.8958365654587,604.5724349663923,596.9205203720956,598.337158203125,86302300
QQQ,2026-03-09,592.83015152989,607.8347607375977,589.9370196014203,606.3283081054688,93068200
QQQ,2026-03-10,606.3483040570791,611.8452732023572,603.9938171455258,606.3383178710938,64078900
QQQ,2026-03-11,607.5154643204306,610.9872467457833,603.6047159994632,606.2584228515625,60114800
QQQ,2026-03-12,601.3400708370464,602.716824803038,595.6435001258386,595.85302734375,71836600
QQQ,2026-03-13,598.3172021392496,602.1780807449821,591.1740956767717,592.3213500976562,63145500
QQQ,2026-03-16,598.6264723831473,602.4374809704295,597.6986704778886,598.9656982421875,49077200
QQQ,2026-03-17,601.7192114600242,604.4727195335382,600.4521836848432,601.8887939453125,47106600
QQQ,2026-03-18,600.0730994941966,601.7391485345295,593.1594313501803,593.4986572265625,56128000
QQQ,2026-03-19,588.1213056121308,594.3964663870662,585.6970372512312,591.623046875,75597600
QQQ,2026-03-20,589.6676415345306,589.777367794347,577.177115328303,580.6888427734375,91964700
QQQ,2026-03-23,589.8718065319924,594.426798587646,585.316814476339,587.3545532226562,89936100
QQQ,2026-03-24,584.168034177979,587.2846043834495,581.291190762444,583.3389282226562,57750900
QQQ,2026-03-25,588.4933019738706,590.7208345412774,585.0470769253521,587.1747436523438,60475500
QQQ,2026-03-26,581.9604215239336,583.9882223389391,572.8005050402526,573.1600952148438,81492100
QQQ,2026-03-27,570.1834096572744,570.3932010852176,560.953562318283,561.9624633789062,82702200
QQQ,2026-03-30,566.7571613464482,567.4264087803426,554.990063621082,557.6671752929688,70602600
QQQ,2026-03-31,563.6705222317372,578.0048059355398,563.5906539497258,576.54638671875,95878000
QQQ,2026-04-01,580.8416686249938,587.0948065489223,579.7828346644924,583.6685791015625,79435100
QQQ,2026-04-02,573.3399058573888,585.4066623334502,571.2921684003409,584.3378295898438,50941700
QQQ,2026-04-06,585.5864761740653,589.9616731281693,584.04818857967,587.85400390625,35108500
QQQ,2026-04-07,584.9971348275072,588.33343423744,577.7650922119919,587.9439086914062,49948200
QQQ,2026-04-08,608.0418015962135,609.2304976949432,601.4590090396181,605.4246826171875,63086000
QQQ,2026-04-09,605.2648690435934,609.8298599139192,602.3680889271087,609.5202026367188,37837500
QQQ,2026-04-10,611.1684052317679,612.9963525292593,608.9108762966896,610.3992309570312,34038500
QQQ,2026-04-13,608.8109292631304,626.0519920071752,607.4424380458482,616.7122802734375,32972100
QQQ,2026-04-14,619.5391066149297,627.909912109375,619.4192432257902,627.909912109375,49921100
QQQ,2026-04-15,628.389443361703,637.1298380333551,627.5104045058445,636.7003173828125,50102400
QQQ,2026-04-16,638.508341093032,641.4750515662109,634.5626649382287,639.7669067382812,42320600
QQQ,2026-04-17,644.8813252169399,649.2864572780229,643.3629742993419,648.1376953125,53488900
QQQ,2026-04-20,647.3285838511964,648.0478251654257,641.8146849601577,646.0799560546875,37138500
QQQ,2026-04-21,647.6981578004061,649.4862317832127,641.5050128476822,643.6226806640625,39580500
QQQ,2026-04-22,649.4363527672372,654.6106593494021,647.8081371457112,654.390869140625,37368400
QQQ,2026-04-23,652.8325617169355,656.1988574654163,644.8114082493845,650.7048950195312,40099800
QQQ,2026-04-24,657.7871447947734,663.7805584259092,655.8093378063087,663.1512451171875,45563100
QQQ,2026-04-27,662.6718094811696,663.7006471456002,659.9647623025988,663.5008544921875,32717000
QQQ,2026-04-28,656.6883250827437,658.9159186391063,653.0923012400261,656.8281860351562,34147900
QQQ,2026-04-29,657.906975030037,660.9935487523345,655.8692364466933,660.84375,31724900
QQQ,2026-04-30,664.6195670718752,668.165718724101,656.8381407338443,667.0069580078125,40622200
QQQ,2026-05-01,668.425399726581,675.2279215792395,668.0658095505829,673.4099731445312,39172600
QQQ,2026-05-04,673.9193717407993,675.9871067346722,668.165745937857,672.141357421875,34542000
QQQ,2026-05-05,677.2157986999623,682.0205161358222,676.7662804889583,680.8617553710938,37101100
QQQ,2026-05-06,687.0250065058129,695.1660231170968,685.7263848294704,695.0062255859375,38778500
QQQ,2026-05-07,695.8153383268437,700.4701959320079,691.0106209986512,694.1771240234375,43779100
QQQ,2026-05-08,699.1516368844667,710.44921875,698.7321150158692,710.44921875,44320400
QQQ,2026-05-11,709.5801817559162,713.805579696499,708.1317613118729,712.5069580078125,36019100
QQQ,2026-05-12,707.4425277497028,709.4003981235137,695.8752835015275,706.463623046875,45873000
QQQ,2026-05-13,709.1806902070881,715.8633489513101,704.0563165931343,713.9254760742188,40012500
QQQ,2026-05-14,713.8355094170396,721.2374091114184,713.4359241362712,718.9998168945312,33327500
QQQ,2026-05-15,709.3604881552494,714.3450008365951,704.7754998097428,708.1517944335938,51792700
QQQ,2026-05-18,710.7588622671137,711.2883097073819,698.0827906816122,705.1051025390625,49834500
QQQ,2026-05-19,699.0418050981273,705.714465040699,694.4868131207006,700.7599487304688,46827500
QQQ,2026-05-20,704.5157692199168,712.3671875,703.0174157954351,712.3671875,36779200
QQQ,2026-05-21,708.2116871156971,716.3327671783537,705.9941534147096,713.7256469726562,36415400
QQQ,2026-05-22,717.2817668085307,721.3273088449104,715.1640988544713,716.7523193359375,33118600
QQQ,2026-05-26,725.1631283460116,730.3673702569255,723.3650554496121,729.4783935546875,34254700
QQQ,2026-05-27,732.155448805963,732.515039000156,724.6436840304248,728.6492919921875,35148700
QQQ,2026-05-28,728.9289290608506,735.7913827320126,725.6125662306399,734.79248046875,32840000
QQQ,2026-05-29,737.0300569298091,740.815874477768,734.4428732975097,737.49951171875,37541700
QQQ,2026-06-01,736.2309273283665,744.8315224447946,735.1820921097265,741.9246826171875,33890600
QQQ,2026-06-02,741.5850600741305,745.6206032443648,738.4184960219842,745.3408813476562,30085200
QQQ,2026-06-03,746.4896389980919,747.828194840854,740.1965670083828,743.39306640625,40270200
QQQ,2026-06-04,734.6726235372454,742.6838392688934,731.815777671541,739.7969970703125,40782600
QQQ,2026-06-05,729.2585667367451,730.8867822650427,703.5468328396532,704.2860107421875,99606600
QQQ,2026-06-08,717.0220156925686,722.2363170978037,712.2872288217055,715.283935546875,47401500
QQQ,2026-06-09,722.1863106332692,724.863361278284,685.6165148330579,707.052978515625,91932200
QQQ,2026-06-10,700.8897497708573,710.4992458337158,692.1693523412803,692.9285278320312,65334300
QQQ,2026-06-11,698.5223198057862,717.5813914617661,694.2370511794155,716.332763671875,71798900
QQQ,2026-06-12,716.8222099862159,723.2152086039907,710.4992028084189,720.5481567382812,51168400
QQQ,2026-06-15,737.2897407963812,743.9424640540115,736.5705604269921,743.1832885742188,46710200
QQQ,2026-06-16,741.4351902855873,743.4029984406948,728.8390476265988,729.0587768554688,45348700
QQQ,2026-06-17,734.38293083454,734.8723831709506,720.058646070882,721.7168579101562,51669300
QQQ,2026-06-18,736.390778085872,741.005701773832,731.7059239216511,739.8070068359375,50154600
QQQ,2026-06-22,742.02001953125,745.4500122070312,734.3900146484375,737.9500122070312,43518600
QQQ,2026-06-23,715.739990234375,723.6099853515625,712.1099853515625,713.6500244140625,53354200
QQQ,2026-06-24,715.3699951171875,719.9299926757812,704.4500122070312,710.6199951171875,52480400
QQQ,2026-06-25,725.9000244140625,726.8300170898438,705.2999877929688,716.3800048828125,49668000
QQQ,2026-06-26,707.1300048828125,715.5599975585938,702.8099975585938,706.52001953125,47081800
QQQ,2026-06-29,713.989990234375,724.5800170898438,705.1699829101562,724.0800170898438,44939100
QQQ,2026-06-30,724.1799926757812,737.6199951171875,723.9099731445312,736.4000244140625,42121800
QQQ,2026-07-01,729.1900024414062,731.9199829101562,724.5999755859375,725.1699829101562,40803800
QQQ,2026-07-02,725.5800170898438,730.8300170898438,707.5599975585938,712.5999755859375,50959800
QQQ,2026-07-06,719.9299926757812,726.0800170898438,718.4500122070312,722.8200073242188,30220400
QQQ,2026-07-07,714.1699829101562,716.3499755859375,704.9000244140625,709.4299926757812,42483100
QQQ,2026-07-08,704.9500122070312,712.260009765625,700.9099731445312,711.4400024414062,35603200
QQQ,2026-07-09,718.3300170898438,724.22998046875,715.1300048828125,723.280029296875,33654700
QQQ,2026-07-10,720.7000122070312,726.3900146484375,717.0,725.510009765625,26415900
QQQ,2026-07-13,717.719970703125,718.739990234375,710.0800170898438,711.739990234375,36552400
QQQ,2026-07-14,720.219970703125,722.2899780273438,714.3400268554688,719.6900024414062,29448100
QQQ,2026-07-15,723.8499755859375,724.3599853515625,710.22998046875,717.739990234375,32627600
QQQ,2026-07-16,712.010009765625,713.5999755859375,702.6099853515625,705.9400024414062,39402000
QQQ,2026-07-17,691.6500244140625,702.2999877929688,686.760009765625,695.3300170898438,54109300
QQQ,2026-07-20,702.1599731445312,705.7999877929688,695.510009765625,696.0599975585938,29687600
QQQ,2026-07-21,706.5700073242188,710.0499877929688,702.7999877929688,708.969970703125,33728300
QQQ,2026-07-22,703.6199951171875,709.6500244140625,703.6199951171875,705.3499755859375,23692200
QQQ,2026-07-23,694.6699829101562,698.6599731445312,687.7899780273438,691.9600219726562,44028600
QQQ,2026-07-24,690.4099731445312,692.6300048828125,682.47998046875,684.22998046875,42876700
QQQ,2026-07-27,691.6799926757812,692.2999877929688,675.9500122070312,682.1199951171875,42681500
QQQ,2026-07-28,676.22998046875,679.4000244140625,667.8800048828125,675.489990234375,51398700
QQQ,2026-07-29,675.510009765625,680.0499877929688,661.1400146484375,661.72998046875,57233300
QQQ,2026-07-30,674.760009765625,685.1199951171875,673.2999877929688,683.5499877929688,66753700
QQQ,2026-07-31,692.1099853515625,695.77001953125,680.0499877929688,687.989990234375,50540500
QQQ,2026-08-03,688.2999877929688,701.5900268554688,685.8200073242188,700.0700073242188,44965100
QQQ,2026-08-04,708.1599731445312,725.6599731445312,707.530029296875,723.8499755859375,59778600
QQQ,2026-08-05,726.25,728.5399780273438,716.9199829101562,717.2999877929688,33540200
QQQ,2026-08-06,710.8200073242188,719.3200073242188,708.5,714.6500244140625,33035900
QQQ,2026-08-07,720.1500244140625,723.6300048828125,716.510009765625,723.030029296875,31070400
QQQ,2026-08-10,722.3900146484375,724.6699829101562,720.3300170898438,720.8699951171875,26243200
QQQ,2026-08-11,723.2899780273438,723.3499755859375,715.5,718.4500122070312,29286100
QQQ,2026-08-12,727.0800170898438,727.25,722.9199829101562,723.7000122070312,29066000
QQQ,2026-08-13,725.1500244140625,733.9600219726562,724.030029296875,732.0700073242188,31599700
QQQ,2026-08-14,733.4099731445312,734.3900146484375,728.3200073242188,731.0700073242188,23790600
QQQ,2026-08-17,732.9500122070312,734.5800170898438,729.27001953125,729.8699951171875,26452600
QQQ,2026-08-18,720.2100219726562,722.1300048828125,715.9199829101562,717.510009765625,48997200
QQQ,2026-08-19,720.3900146484375,721.5,712.6099853515625,716.0800170898438,35801700
QQQ,2026-08-20,712.0900268554688,714.9400024414062,708.52001953125,710.9299926757812,33396400
QQQ,2026-08-21,715.22998046875,715.6699829101562,709.2000122070312,713.4400024414062,33399400
QQQ,2026-08-24,709.6599731445312,709.7899780273438,702.7000122070312,706.3200073242188,37443100
QQQ,2026-08-25,711.219970703125,714.0399780273438,707.4500122070312,710.719970703125,23869600
QQQ,2026-08-26,708.4099731445312,713.02001953125,707.969970703125,711.3699951171875,20392400
QQQ,2026-08-27,716.9299926757812,721.3499755859375,714.530029296875,721.1099853515625,28723500
QQQ,2026-08-28,,,,,34067577
