Date,target_date,actual,predicted,probability_up,split,experiment,model,seed
2025-07-01,2025-07-02,1,1,0.5041322314049587,validation,baseline,majority_class,
2025-07-02,2025-07-03,1,1,0.5041322314049587,validation,baseline,majority_class,
2025-07-03,2025-07-07,0,1,0.5041322314049587,validation,baseline,majority_class,
2025-07-07,2025-07-08,1,1,0.5041322314049587,validation,baseline,majority_class,
2025-07-08,2025-07-09,1,1,0.5041322314049587,validation,baseline,majority_class,
2025-07-09,2025-07-10,1,1,0.5041322314049587,validation,baseline,majority_class,
2025-07-10,2025-07-11,0,1,0.5041322314049587,validation,baseline,majority_class,
2025-07-11,2025-07-14,0,1,0.5041322314049587,validation,baseline,majority_class,
2025-07-14,2025-07-15,1,1,0.5041322314049587,validation,baseline,majority_class,
2025-07-15,2025-07-16,1,1,0.5041322314049587,validation,baseline,majority_class,
2025-07-16,2025-07-17,0,1,0.5041322314049587,validation,baseline,majority_class,
2025-07-17,2025-07-18,1,1,0.5041322314049587,validation,baseline,majority_class,
2025-07-18,2025-07-21,1,1,0.5041322314049587,validation,baseline,majority_class,
2025-07-21,2025-07-22,1,1,0.5041322314049587,validation,baseline,majority_class,
2025-07-22,2025-07-23,0,1,0.5041322314049587,validation,baseline,majority_class,
2025-07-23,2025-07-24,0,1,0.5041322314049587,validation,baseline,majority_class,
2025-07-24,2025-07-25,1,1,0.5041322314049587,validation,baseline,majority_class,
2025-07-25,2025-07-28,1,1,0.5041322314049587,validation,baseline,majority_class,
2025-07-28,2025-07-29,0,1,0.5041322314049587,validation,baseline,majority_class,
2025-07-29,2025-07-30,0,1,0.5041322314049587,validation,baseline,majority_class,
2025-07-30,2025-07-31,0,1,0.5041322314049587,validation,baseline,majority_class,
2025-07-31,2025-08-01,0,1,0.5041322314049587,validation,baseline,majority_class,
2025-08-01,2025-08-04,1,1,0.5041322314049587,validation,baseline,majority_class,
2025-08-04,2025-08-05,0,1,0.5041322314049587,validation,baseline,majority_class,
2025-08-05,2025-08-06,1,1,0.5041322314049587,validation,baseline,majority_class,
2025-08-06,2025-08-07,1,1,0.5041322314049587,validation,baseline,majority_class,
2025-08-07,2025-08-08,1,1,0.5041322314049587,validation,baseline,majority_class,
2025-08-08,2025-08-11,0,1,0.5041322314049587,validation,baseline,majority_class,
2025-08-11,2025-08-12,1,1,0.5041322314049587,validation,baseline,majority_class,
2025-08-12,2025-08-13,1,1,0.5041322314049587,validation,baseline,majority_class,
2025-08-13,2025-08-14,0,1,0.5041322314049587,validation,baseline,majority_class,
2025-08-14,2025-08-15,0,1,0.5041322314049587,validation,baseline,majority_class,
2025-08-15,2025-08-18,0,1,0.5041322314049587,validation,baseline,majority_class,
2025-08-18,2025-08-19,0,1,0.5041322314049587,validation,baseline,majority_class,
2025-08-19,2025-08-20,0,1,0.5041322314049587,validation,baseline,majority_class,
2025-08-20,2025-08-21,0,1,0.5041322314049587,validation,baseline,majority_class,
2025-08-21,2025-08-22,1,1,0.5041322314049587,validation,baseline,majority_class,
2025-08-22,2025-08-25,0,1,0.5041322314049587,validation,baseline,majority_class,
2025-08-25,2025-08-26,1,1,0.5041322314049587,validation,baseline,majority_class,
2025-08-26,2025-08-27,1,1,0.5041322314049587,validation,baseline,majority_class,
2025-08-27,2025-08-28,1,1,0.5041322314049587,validation,baseline,majority_class,
2025-08-28,2025-08-29,0,1,0.5041322314049587,validation,baseline,majority_class,
2025-08-29,2025-09-02,0,1,0.5041322314049587,validation,baseline,majority_class,
2025-09-02,2025-09-03,1,1,0.5041322314049587,validation,baseline,majority_class,
2025-09-03,2025-09-04,1,1,0.5041322314049587,validation,baseline,majority_class,
2025-09-04,2025-09-05,0,1,0.5041322314049587,validation,baseline,majority_class,
2025-09-05,2025-09-08,0,1,0.5041322314049587,validation,baseline,majority_class,
2025-09-08,2025-09-09,0,1,0.5041322314049587,validation,baseline,majority_class,
2025-09-09,2025-09-10,0,1,0.5041322314049587,validation,baseline,majority_class,
2025-09-10,2025-09-11,1,1,0.5041322314049587,validation,baseline,majority_class,
2025-09-11,2025-09-12,1,1,0.5041322314049587,validation,baseline,majority_class,
2025-09-12,2025-09-15,1,1,0.5041322314049587,validation,baseline,majority_class,
2025-09-15,2025-09-16,1,1,0.5041322314049587,validation,baseline,majority_class,
2025-09-16,2025-09-17,1,1,0.5041322314049587,validation,baseline,majority_class,
2025-09-17,2025-09-18,0,1,0.5041322314049587,validation,baseline,majority_class,
2025-09-18,2025-09-19,1,1,0.5041322314049587,validation,baseline,majority_class,
2025-09-19,2025-09-22,1,1,0.5041322314049587,validation,baseline,majority_class,
2025-09-22,2025-09-23,0,1,0.5041322314049587,validation,baseline,majority_class,
2025-09-23,2025-09-24,0,1,0.5041322314049587,validation,baseline,majority_class,
2025-09-24,2025-09-25,1,1,0.5041322314049587,validation,baseline,majority_class,
2025-09-25,2025-09-26,0,1,0.5041322314049587,validation,baseline,majority_class,
2025-09-26,2025-09-29,0,1,0.5041322314049587,validation,baseline,majority_class,
2025-09-29,2025-09-30,1,1,0.5041322314049587,validation,baseline,majority_class,
2025-07-01,2025-07-02,1,1,1.0,validation,baseline,previous_direction,
2025-07-02,2025-07-03,1,1,1.0,validation,baseline,previous_direction,
2025-07-03,2025-07-07,0,1,1.0,validation,baseline,previous_direction,
2025-07-07,2025-07-08,1,0,0.0,validation,baseline,previous_direction,
2025-07-08,2025-07-09,1,1,1.0,validation,baseline,previous_direction,
2025-07-09,2025-07-10,1,1,1.0,validation,baseline,previous_direction,
2025-07-10,2025-07-11,0,1,1.0,validation,baseline,previous_direction,
2025-07-11,2025-07-14,0,0,0.0,validation,baseline,previous_direction,
2025-07-14,2025-07-15,1,0,0.0,validation,baseline,previous_direction,
2025-07-15,2025-07-16,1,1,1.0,validation,baseline,previous_direction,
2025-07-16,2025-07-17,0,1,1.0,validation,baseline,previous_direction,
2025-07-17,2025-07-18,1,0,0.0,validation,baseline,previous_direction,
2025-07-18,2025-07-21,1,1,1.0,validation,baseline,previous_direction,
2025-07-21,2025-07-22,1,1,1.0,validation,baseline,previous_direction,
2025-07-22,2025-07-23,0,1,1.0,validation,baseline,previous_direction,
2025-07-23,2025-07-24,0,0,0.0,validation,baseline,previous_direction,
2025-07-24,2025-07-25,1,0,0.0,validation,baseline,previous_direction,
2025-07-25,2025-07-28,1,1,1.0,validation,baseline,previous_direction,
2025-07-28,2025-07-29,0,1,1.0,validation,baseline,previous_direction,
2025-07-29,2025-07-30,0,0,0.0,validation,baseline,previous_direction,
2025-07-30,2025-07-31,0,0,0.0,validation,baseline,previous_direction,
2025-07-31,2025-08-01,0,0,0.0,validation,baseline,previous_direction,
2025-08-01,2025-08-04,1,0,0.0,validation,baseline,previous_direction,
2025-08-04,2025-08-05,0,1,1.0,validation,baseline,previous_direction,
2025-08-05,2025-08-06,1,0,0.0,validation,baseline,previous_direction,
2025-08-06,2025-08-07,1,1,1.0,validation,baseline,previous_direction,
2025-08-07,2025-08-08,1,1,1.0,validation,baseline,previous_direction,
2025-08-08,2025-08-11,0,1,1.0,validation,baseline,previous_direction,
2025-08-11,2025-08-12,1,0,0.0,validation,baseline,previous_direction,
2025-08-12,2025-08-13,1,1,1.0,validation,baseline,previous_direction,
2025-08-13,2025-08-14,0,1,1.0,validation,baseline,previous_direction,
2025-08-14,2025-08-15,0,0,0.0,validation,baseline,previous_direction,
2025-08-15,2025-08-18,0,0,0.0,validation,baseline,previous_direction,
2025-08-18,2025-08-19,0,0,0.0,validation,baseline,previous_direction,
2025-08-19,2025-08-20,0,0,0.0,validation,baseline,previous_direction,
2025-08-20,2025-08-21,0,0,0.0,validation,baseline,previous_direction,
2025-08-21,2025-08-22,1,0,0.0,validation,baseline,previous_direction,
2025-08-22,2025-08-25,0,1,1.0,validation,baseline,previous_direction,
2025-08-25,2025-08-26,1,0,0.0,validation,baseline,previous_direction,
2025-08-26,2025-08-27,1,1,1.0,validation,baseline,previous_direction,
2025-08-27,2025-08-28,1,1,1.0,validation,baseline,previous_direction,
2025-08-28,2025-08-29,0,1,1.0,validation,baseline,previous_direction,
2025-08-29,2025-09-02,0,0,0.0,validation,baseline,previous_direction,
2025-09-02,2025-09-03,1,0,0.0,validation,baseline,previous_direction,
2025-09-03,2025-09-04,1,1,1.0,validation,baseline,previous_direction,
2025-09-04,2025-09-05,0,1,1.0,validation,baseline,previous_direction,
2025-09-05,2025-09-08,0,0,0.0,validation,baseline,previous_direction,
2025-09-08,2025-09-09,0,0,0.0,validation,baseline,previous_direction,
2025-09-09,2025-09-10,0,0,0.0,validation,baseline,previous_direction,
2025-09-10,2025-09-11,1,0,0.0,validation,baseline,previous_direction,
2025-09-11,2025-09-12,1,1,1.0,validation,baseline,previous_direction,
2025-09-12,2025-09-15,1,1,1.0,validation,baseline,previous_direction,
2025-09-15,2025-09-16,1,1,1.0,validation,baseline,previous_direction,
2025-09-16,2025-09-17,1,1,1.0,validation,baseline,previous_direction,
2025-09-17,2025-09-18,0,1,1.0,validation,baseline,previous_direction,
2025-09-18,2025-09-19,1,0,0.0,validation,baseline,previous_direction,
2025-09-19,2025-09-22,1,1,1.0,validation,baseline,previous_direction,
2025-09-22,2025-09-23,0,1,1.0,validation,baseline,previous_direction,
2025-09-23,2025-09-24,0,0,0.0,validation,baseline,previous_direction,
2025-09-24,2025-09-25,1,0,0.0,validation,baseline,previous_direction,
2025-09-25,2025-09-26,0,1,1.0,validation,baseline,previous_direction,
2025-09-26,2025-09-29,0,0,0.0,validation,baseline,previous_direction,
2025-09-29,2025-09-30,1,0,0.0,validation,baseline,previous_direction,
2025-10-01,2025-10-02,1,1,0.5041322314049587,test,baseline,majority_class,
2025-10-02,2025-10-03,1,1,0.5041322314049587,test,baseline,majority_class,
2025-10-03,2025-10-06,0,1,0.5041322314049587,test,baseline,majority_class,
2025-10-06,2025-10-07,0,1,0.5041322314049587,test,baseline,majority_class,
2025-10-07,2025-10-08,1,1,0.5041322314049587,test,baseline,majority_class,
2025-10-08,2025-10-09,0,1,0.5041322314049587,test,baseline,majority_class,
2025-10-09,2025-10-10,0,1,0.5041322314049587,test,baseline,majority_class,
2025-10-10,2025-10-13,1,1,0.5041322314049587,test,baseline,majority_class,
2025-10-13,2025-10-14,1,1,0.5041322314049587,test,baseline,majority_class,
2025-10-14,2025-10-15,1,1,0.5041322314049587,test,baseline,majority_class,
2025-10-15,2025-10-16,0,1,0.5041322314049587,test,baseline,majority_class,
2025-10-16,2025-10-17,1,1,0.5041322314049587,test,baseline,majority_class,
2025-10-17,2025-10-20,1,1,0.5041322314049587,test,baseline,majority_class,
2025-10-20,2025-10-21,1,1,0.5041322314049587,test,baseline,majority_class,
2025-10-21,2025-10-22,0,1,0.5041322314049587,test,baseline,majority_class,
2025-10-22,2025-10-23,1,1,0.5041322314049587,test,baseline,majority_class,
2025-10-23,2025-10-24,1,1,0.5041322314049587,test,baseline,majority_class,
2025-10-24,2025-10-27,1,1,0.5041322314049587,test,baseline,majority_class,
2025-10-27,2025-10-28,1,1,0.5041322314049587,test,baseline,majority_class,
2025-10-28,2025-10-29,1,1,0.5041322314049587,test,baseline,majority_class,
2025-10-29,2025-10-30,1,1,0.5041322314049587,test,baseline,majority_class,
2025-10-30,2025-10-31,0,1,0.5041322314049587,test,baseline,majority_class,
2025-10-31,2025-11-03,0,1,0.5041322314049587,test,baseline,majority_class,
2025-11-03,2025-11-04,1,1,0.5041322314049587,test,baseline,majority_class,
2025-11-04,2025-11-05,1,1,0.5041322314049587,test,baseline,majority_class,
2025-11-05,2025-11-06,0,1,0.5041322314049587,test,baseline,majority_class,
2025-11-06,2025-11-07,0,1,0.5041322314049587,test,baseline,majority_class,
2025-11-07,2025-11-10,1,1,0.5041322314049587,test,baseline,majority_class,
2025-11-10,2025-11-11,1,1,0.5041322314049587,test,baseline,majority_class,
2025-11-11,2025-11-12,0,1,0.5041322314049587,test,baseline,majority_class,
2025-11-12,2025-11-13,0,1,0.5041322314049587,test,baseline,majority_class,
2025-11-13,2025-11-14,0,1,0.5041322314049587,test,baseline,majority_class,
2025-11-14,2025-11-17,0,1,0.5041322314049587,test,baseline,majority_class,
2025-11-17,2025-11-18,0,1,0.5041322314049587,test,baseline,majority_class,
2025-11-18,2025-11-19,1,1,0.5041322314049587,test,baseline,majority_class,
2025-11-19,2025-11-20,0,1,0.5041322314049587,test,baseline,majority_class,
2025-11-20,2025-11-21,1,1,0.5041322314049587,test,baseline,majority_class,
2025-11-21,2025-11-24,1,1,0.5041322314049587,test,baseline,majority_class,
2025-11-24,2025-11-25,1,1,0.5041322314049587,test,baseline,majority_class,
2025-11-25,2025-11-26,1,1,0.5041322314049587,test,baseline,majority_class,
2025-11-26,2025-11-28,1,1,0.5041322314049587,test,baseline,majority_class,
2025-11-28,2025-12-01,1,1,0.5041322314049587,test,baseline,majority_class,
2025-12-01,2025-12-02,1,1,0.5041322314049587,test,baseline,majority_class,
2025-12-02,2025-12-03,0,1,0.5041322314049587,test,baseline,majority_class,
2025-12-03,2025-12-04,0,1,0.5041322314049587,test,baseline,majority_class,
2025-12-04,2025-12-05,0,1,0.5041322314049587,test,baseline,majority_class,
2025-12-05,2025-12-08,0,1,0.5041322314049587,test,baseline,majority_class,
2025-12-08,2025-12-09,0,1,0.5041322314049587,test,baseline,majority_class,
2025-12-09,2025-12-10,1,1,0.5041322314049587,test,baseline,majority_class,
2025-12-10,2025-12-11,0,1,0.5041322314049587,test,baseline,majority_class,
2025-12-11,2025-12-12,1,1,0.5041322314049587,test,baseline,majority_class,
2025-12-12,2025-12-15,0,1,0.5041322314049587,test,baseline,majority_class,
2025-12-15,2025-12-16,1,1,0.5041322314049587,test,baseline,majority_class,
2025-12-16,2025-12-17,0,1,0.5041322314049587,test,baseline,majority_class,
2025-12-17,2025-12-18,1,1,0.5041322314049587,test,baseline,majority_class,
2025-12-18,2025-12-19,1,1,0.5041322314049587,test,baseline,majority_class,
2025-12-19,2025-12-22,0,1,0.5041322314049587,test,baseline,majority_class,
2025-12-22,2025-12-23,1,1,0.5041322314049587,test,baseline,majority_class,
2025-12-23,2025-12-24,1,1,0.5041322314049587,test,baseline,majority_class,
2025-12-24,2025-12-26,0,1,0.5041322314049587,test,baseline,majority_class,
2025-12-26,2025-12-29,1,1,0.5041322314049587,test,baseline,majority_class,
2025-12-29,2025-12-30,0,1,0.5041322314049587,test,baseline,majority_class,
2025-12-30,2025-12-31,0,1,0.5041322314049587,test,baseline,majority_class,
2025-10-01,2025-10-02,1,1,1.0,test,baseline,previous_direction,
2025-10-02,2025-10-03,1,1,1.0,test,baseline,previous_direction,
2025-10-03,2025-10-06,0,1,1.0,test,baseline,previous_direction,
2025-10-06,2025-10-07,0,0,0.0,test,baseline,previous_direction,
2025-10-07,2025-10-08,1,0,0.0,test,baseline,previous_direction,
2025-10-08,2025-10-09,0,1,1.0,test,baseline,previous_direction,
2025-10-09,2025-10-10,0,0,0.0,test,baseline,previous_direction,
2025-10-10,2025-10-13,1,0,0.0,test,baseline,previous_direction,
2025-10-13,2025-10-14,1,1,1.0,test,baseline,previous_direction,
2025-10-14,2025-10-15,1,1,1.0,test,baseline,previous_direction,
2025-10-15,2025-10-16,0,1,1.0,test,baseline,previous_direction,
2025-10-16,2025-10-17,1,0,0.0,test,baseline,previous_direction,
2025-10-17,2025-10-20,1,1,1.0,test,baseline,previous_direction,
2025-10-20,2025-10-21,1,1,1.0,test,baseline,previous_direction,
2025-10-21,2025-10-22,0,1,1.0,test,baseline,previous_direction,
2025-10-22,2025-10-23,1,0,0.0,test,baseline,previous_direction,
2025-10-23,2025-10-24,1,1,1.0,test,baseline,previous_direction,
2025-10-24,2025-10-27,1,1,1.0,test,baseline,previous_direction,
2025-10-27,2025-10-28,1,1,1.0,test,baseline,previous_direction,
2025-10-28,2025-10-29,1,1,1.0,test,baseline,previous_direction,
2025-10-29,2025-10-30,1,1,1.0,test,baseline,previous_direction,
2025-10-30,2025-10-31,0,1,1.0,test,baseline,previous_direction,
2025-10-31,2025-11-03,0,0,0.0,test,baseline,previous_direction,
2025-11-03,2025-11-04,1,0,0.0,test,baseline,previous_direction,
2025-11-04,2025-11-05,1,1,1.0,test,baseline,previous_direction,
2025-11-05,2025-11-06,0,1,1.0,test,baseline,previous_direction,
2025-11-06,2025-11-07,0,0,0.0,test,baseline,previous_direction,
2025-11-07,2025-11-10,1,0,0.0,test,baseline,previous_direction,
2025-11-10,2025-11-11,1,1,1.0,test,baseline,previous_direction,
2025-11-11,2025-11-12,0,1,1.0,test,baseline,previous_direction,
2025-11-12,2025-11-13,0,0,0.0,test,baseline,previous_direction,
2025-11-13,2025-11-14,0,0,0.0,test,baseline,previous_direction,
2025-11-14,2025-11-17,0,0,0.0,test,baseline,previous_direction,
2025-11-17,2025-11-18,0,0,0.0,test,baseline,previous_direction,
2025-11-18,2025-11-19,1,0,0.0,test,baseline,previous_direction,
2025-11-19,2025-11-20,0,1,1.0,test,baseline,previous_direction,
2025-11-20,2025-11-21,1,0,0.0,test,baseline,previous_direction,
2025-11-21,2025-11-24,1,1,1.0,test,baseline,previous_direction,
2025-11-24,2025-11-25,1,1,1.0,test,baseline,previous_direction,
2025-11-25,2025-11-26,1,1,1.0,test,baseline,previous_direction,
2025-11-26,2025-11-28,1,1,1.0,test,baseline,previous_direction,
2025-11-28,2025-12-01,1,1,1.0,test,baseline,previous_direction,
2025-12-01,2025-12-02,1,1,1.0,test,baseline,previous_direction,
2025-12-02,2025-12-03,0,1,1.0,test,baseline,previous_direction,
2025-12-03,2025-12-04,0,0,0.0,test,baseline,previous_direction,
2025-12-04,2025-12-05,0,0,0.0,test,baseline,previous_direction,
2025-12-05,2025-12-08,0,0,0.0,test,baseline,previous_direction,
2025-12-08,2025-12-09,0,0,0.0,test,baseline,previous_direction,
2025-12-09,2025-12-10,1,0,0.0,test,baseline,previous_direction,
2025-12-10,2025-12-11,0,1,1.0,test,baseline,previous_direction,
2025-12-11,2025-12-12,1,0,0.0,test,baseline,previous_direction,
2025-12-12,2025-12-15,0,1,1.0,test,baseline,previous_direction,
2025-12-15,2025-12-16,1,0,0.0,test,baseline,previous_direction,
2025-12-16,2025-12-17,0,1,1.0,test,baseline,previous_direction,
2025-12-17,2025-12-18,1,0,0.0,test,baseline,previous_direction,
2025-12-18,2025-12-19,1,1,1.0,test,baseline,previous_direction,
2025-12-19,2025-12-22,0,1,1.0,test,baseline,previous_direction,
2025-12-22,2025-12-23,1,0,0.0,test,baseline,previous_direction,
2025-12-23,2025-12-24,1,1,1.0,test,baseline,previous_direction,
2025-12-24,2025-12-26,0,1,1.0,test,baseline,previous_direction,
2025-12-26,2025-12-29,1,0,0.0,test,baseline,previous_direction,
2025-12-29,2025-12-30,0,1,1.0,test,baseline,previous_direction,
2025-12-30,2025-12-31,0,0,0.0,test,baseline,previous_direction,
2025-07-01,2025-07-02,1,0,0.3996757383993947,validation,A,logistic_regression,42.0
2025-07-02,2025-07-03,1,0,0.40399274414400727,validation,A,logistic_regression,42.0
2025-07-03,2025-07-07,0,0,0.3637000543440663,validation,A,logistic_regression,42.0
2025-07-07,2025-07-08,1,0,0.2663643976167715,validation,A,logistic_regression,42.0
2025-07-08,2025-07-09,1,0,0.23432277740701354,validation,A,logistic_regression,42.0
2025-07-09,2025-07-10,1,0,0.21348744908055142,validation,A,logistic_regression,42.0
2025-07-10,2025-07-11,0,0,0.3699259019910497,validation,A,logistic_regression,42.0
2025-07-11,2025-07-14,0,0,0.36281171637271986,validation,A,logistic_regression,42.0
2025-07-14,2025-07-15,1,0,0.3339560423665635,validation,A,logistic_regression,42.0
2025-07-15,2025-07-16,1,0,0.2707040047312576,validation,A,logistic_regression,42.0
2025-07-16,2025-07-17,0,0,0.3188629171363319,validation,A,logistic_regression,42.0
2025-07-17,2025-07-18,1,0,0.3887055337206242,validation,A,logistic_regression,42.0
2025-07-18,2025-07-21,1,0,0.3645518190819736,validation,A,logistic_regression,42.0
2025-07-21,2025-07-22,1,0,0.3730854946976019,validation,A,logistic_regression,42.0
2025-07-22,2025-07-23,0,0,0.38250905981013644,validation,A,logistic_regression,42.0
2025-07-23,2025-07-24,0,0,0.3649442198087072,validation,A,logistic_regression,42.0
2025-07-24,2025-07-25,1,0,0.34961309150754866,validation,A,logistic_regression,42.0
2025-07-25,2025-07-28,1,0,0.31611622745907403,validation,A,logistic_regression,42.0
2025-07-28,2025-07-29,0,0,0.33918609233704233,validation,A,logistic_regression,42.0
2025-07-29,2025-07-30,0,0,0.39001331438787684,validation,A,logistic_regression,42.0
2025-07-30,2025-07-31,0,0,0.39797208302837833,validation,A,logistic_regression,42.0
2025-07-31,2025-08-01,0,0,0.38472907065324546,validation,A,logistic_regression,42.0
2025-08-01,2025-08-04,1,0,0.43740468140104855,validation,A,logistic_regression,42.0
2025-08-04,2025-08-05,0,0,0.43554572827834764,validation,A,logistic_regression,42.0
2025-08-05,2025-08-06,1,0,0.47963549793739224,validation,A,logistic_regression,42.0
2025-08-06,2025-08-07,1,0,0.35591803083328,validation,A,logistic_regression,42.0
2025-08-07,2025-08-08,1,0,0.377070668642051,validation,A,logistic_regression,42.0
2025-08-08,2025-08-11,0,0,0.3576751363124573,validation,A,logistic_regression,42.0
2025-08-11,2025-08-12,1,0,0.21492593097665838,validation,A,logistic_regression,42.0
2025-08-12,2025-08-13,1,0,0.12447075326126049,validation,A,logistic_regression,42.0
2025-08-13,2025-08-14,0,0,0.10081831810584976,validation,A,logistic_regression,42.0
2025-08-14,2025-08-15,0,0,0.1727108427608311,validation,A,logistic_regression,42.0
2025-08-15,2025-08-18,0,0,0.2664107856043215,validation,A,logistic_regression,42.0
2025-08-18,2025-08-19,0,0,0.21963031452124998,validation,A,logistic_regression,42.0
2025-08-19,2025-08-20,0,0,0.26299411370015213,validation,A,logistic_regression,42.0
2025-08-20,2025-08-21,0,0,0.3703477685463794,validation,A,logistic_regression,42.0
2025-08-21,2025-08-22,1,0,0.381844043728028,validation,A,logistic_regression,42.0
2025-08-22,2025-08-25,0,0,0.3355848008784648,validation,A,logistic_regression,42.0
2025-08-25,2025-08-26,1,0,0.45506706848628625,validation,A,logistic_regression,42.0
2025-08-26,2025-08-27,1,0,0.4098548931899305,validation,A,logistic_regression,42.0
2025-08-27,2025-08-28,1,0,0.3633155098629935,validation,A,logistic_regression,42.0
2025-08-28,2025-08-29,0,0,0.35543096589240436,validation,A,logistic_regression,42.0
2025-08-29,2025-09-02,0,0,0.30460132278108887,validation,A,logistic_regression,42.0
2025-09-02,2025-09-03,1,0,0.2771026166944377,validation,A,logistic_regression,42.0
2025-09-03,2025-09-04,1,0,0.1453978437758281,validation,A,logistic_regression,42.0
2025-09-04,2025-09-05,0,0,0.23537624557552989,validation,A,logistic_regression,42.0
2025-09-05,2025-09-08,0,0,0.3336475745868341,validation,A,logistic_regression,42.0
2025-09-08,2025-09-09,0,0,0.222435906111391,validation,A,logistic_regression,42.0
2025-09-09,2025-09-10,0,0,0.1737039039381345,validation,A,logistic_regression,42.0
2025-09-10,2025-09-11,1,0,0.31021383995763063,validation,A,logistic_regression,42.0
2025-09-11,2025-09-12,1,0,0.3208890082407755,validation,A,logistic_regression,42.0
2025-09-12,2025-09-15,1,0,0.35286944326107544,validation,A,logistic_regression,42.0
2025-09-15,2025-09-16,1,1,0.5009049762724187,validation,A,logistic_regression,42.0
2025-09-16,2025-09-17,1,0,0.39280812411830923,validation,A,logistic_regression,42.0
2025-09-17,2025-09-18,0,0,0.4016451383301533,validation,A,logistic_regression,42.0
2025-09-18,2025-09-19,1,0,0.33119156278489037,validation,A,logistic_regression,42.0
2025-09-19,2025-09-22,1,0,0.19989369674725493,validation,A,logistic_regression,42.0
2025-09-22,2025-09-23,0,0,0.20296438018506677,validation,A,logistic_regression,42.0
2025-09-23,2025-09-24,0,0,0.2966372585182465,validation,A,logistic_regression,42.0
2025-09-24,2025-09-25,1,0,0.19414884441468028,validation,A,logistic_regression,42.0
2025-09-25,2025-09-26,0,0,0.08289086944145528,validation,A,logistic_regression,42.0
2025-09-26,2025-09-29,0,0,0.15853543013748764,validation,A,logistic_regression,42.0
2025-09-29,2025-09-30,1,0,0.34235982856484976,validation,A,logistic_regression,42.0
2025-07-01,2025-07-02,1,0,0.36296110636281215,validation,A,random_forest,0.0
2025-07-02,2025-07-03,1,0,0.4757173943930906,validation,A,random_forest,0.0
2025-07-03,2025-07-07,0,0,0.4741156721789994,validation,A,random_forest,0.0
2025-07-07,2025-07-08,1,0,0.39212283499882394,validation,A,random_forest,0.0
2025-07-08,2025-07-09,1,0,0.3793448102952404,validation,A,random_forest,0.0
2025-07-09,2025-07-10,1,0,0.33548789760625986,validation,A,random_forest,0.0
2025-07-10,2025-07-11,0,0,0.38589747212263964,validation,A,random_forest,0.0
2025-07-11,2025-07-14,0,0,0.39326750407889743,validation,A,random_forest,0.0
2025-07-14,2025-07-15,1,0,0.3532262198295557,validation,A,random_forest,0.0
2025-07-15,2025-07-16,1,0,0.34498749528130074,validation,A,random_forest,0.0
2025-07-16,2025-07-17,0,0,0.30224453245485783,validation,A,random_forest,0.0
2025-07-17,2025-07-18,1,0,0.3476593691057769,validation,A,random_forest,0.0
2025-07-18,2025-07-21,1,0,0.37428244613294587,validation,A,random_forest,0.0
2025-07-21,2025-07-22,1,0,0.2532837987470714,validation,A,random_forest,0.0
2025-07-22,2025-07-23,0,0,0.3016223046992314,validation,A,random_forest,0.0
2025-07-23,2025-07-24,0,0,0.37173562165764296,validation,A,random_forest,0.0
2025-07-24,2025-07-25,1,0,0.38156074279308777,validation,A,random_forest,0.0
2025-07-25,2025-07-28,1,0,0.35311590834763423,validation,A,random_forest,0.0
2025-07-28,2025-07-29,0,0,0.36128349944037447,validation,A,random_forest,0.0
2025-07-29,2025-07-30,0,0,0.29900538193893234,validation,A,random_forest,0.0
2025-07-30,2025-07-31,0,0,0.3927071348870589,validation,A,random_forest,0.0
2025-07-31,2025-08-01,0,0,0.45423564987189397,validation,A,random_forest,0.0
2025-08-01,2025-08-04,1,0,0.4916522733941678,validation,A,random_forest,0.0
2025-08-04,2025-08-05,0,0,0.40099456664241623,validation,A,random_forest,0.0
2025-08-05,2025-08-06,1,1,0.5220404072767859,validation,A,random_forest,0.0
2025-08-06,2025-08-07,1,0,0.4820867490789232,validation,A,random_forest,0.0
2025-08-07,2025-08-08,1,0,0.4066141909735558,validation,A,random_forest,0.0
2025-08-08,2025-08-11,0,0,0.4546847255130182,validation,A,random_forest,0.0
2025-08-11,2025-08-12,1,0,0.32314916933710974,validation,A,random_forest,0.0
2025-08-12,2025-08-13,1,0,0.28068225142243636,validation,A,random_forest,0.0
2025-08-13,2025-08-14,0,0,0.3498164829744503,validation,A,random_forest,0.0
2025-08-14,2025-08-15,0,0,0.39115801798755473,validation,A,random_forest,0.0
2025-08-15,2025-08-18,0,0,0.40738861807849486,validation,A,random_forest,0.0
2025-08-18,2025-08-19,0,1,0.5185376625729193,validation,A,random_forest,0.0
2025-08-19,2025-08-20,0,0,0.45994160897551695,validation,A,random_forest,0.0
2025-08-20,2025-08-21,0,0,0.36334482711723426,validation,A,random_forest,0.0
2025-08-21,2025-08-22,1,0,0.41143834952771263,validation,A,random_forest,0.0
2025-08-22,2025-08-25,0,0,0.3393260093270302,validation,A,random_forest,0.0
2025-08-25,2025-08-26,1,0,0.4339731621101132,validation,A,random_forest,0.0
2025-08-26,2025-08-27,1,0,0.340157401133707,validation,A,random_forest,0.0
2025-08-27,2025-08-28,1,0,0.4151626473274618,validation,A,random_forest,0.0
2025-08-28,2025-08-29,0,0,0.35043056593231137,validation,A,random_forest,0.0
2025-08-29,2025-09-02,0,0,0.3830077656170896,validation,A,random_forest,0.0
2025-09-02,2025-09-03,1,0,0.3423747396636534,validation,A,random_forest,0.0
2025-09-03,2025-09-04,1,0,0.4600326775243612,validation,A,random_forest,0.0
2025-09-04,2025-09-05,0,0,0.3858083351822695,validation,A,random_forest,0.0
2025-09-05,2025-09-08,0,0,0.4135183019034591,validation,A,random_forest,0.0
2025-09-08,2025-09-09,0,0,0.3879855112295054,validation,A,random_forest,0.0
2025-09-09,2025-09-10,0,0,0.32840936707796464,validation,A,random_forest,0.0
2025-09-10,2025-09-11,1,0,0.44098898246819385,validation,A,random_forest,0.0
2025-09-11,2025-09-12,1,0,0.358647392131031,validation,A,random_forest,0.0
2025-09-12,2025-09-15,1,0,0.3529050412908244,validation,A,random_forest,0.0
2025-09-15,2025-09-16,1,0,0.28154386457434794,validation,A,random_forest,0.0
2025-09-16,2025-09-17,1,0,0.2923091627297477,validation,A,random_forest,0.0
2025-09-17,2025-09-18,0,0,0.3386248452736811,validation,A,random_forest,0.0
2025-09-18,2025-09-19,1,0,0.3461956593958016,validation,A,random_forest,0.0
2025-09-19,2025-09-22,1,1,0.5046741376464218,validation,A,random_forest,0.0
2025-09-22,2025-09-23,0,0,0.4705598099802081,validation,A,random_forest,0.0
2025-09-23,2025-09-24,0,0,0.3590165907832574,validation,A,random_forest,0.0
2025-09-24,2025-09-25,1,0,0.3800346749522704,validation,A,random_forest,0.0
2025-09-25,2025-09-26,0,0,0.37363185536739646,validation,A,random_forest,0.0
2025-09-26,2025-09-29,0,0,0.3767643714253878,validation,A,random_forest,0.0
2025-09-29,2025-09-30,1,0,0.4865865813235203,validation,A,random_forest,0.0
2025-07-01,2025-07-02,1,0,0.3853500612464162,validation,A,random_forest,1.0
2025-07-02,2025-07-03,1,1,0.500266109973757,validation,A,random_forest,1.0
2025-07-03,2025-07-07,0,1,0.5366340647635865,validation,A,random_forest,1.0
2025-07-07,2025-07-08,1,0,0.40648923964837486,validation,A,random_forest,1.0
2025-07-08,2025-07-09,1,0,0.3477779724727833,validation,A,random_forest,1.0
2025-07-09,2025-07-10,1,0,0.36512515613247665,validation,A,random_forest,1.0
2025-07-10,2025-07-11,0,0,0.4197466599285036,validation,A,random_forest,1.0
2025-07-11,2025-07-14,0,0,0.38201817239599656,validation,A,random_forest,1.0
2025-07-14,2025-07-15,1,0,0.34007757478447026,validation,A,random_forest,1.0
2025-07-15,2025-07-16,1,0,0.33483625736058703,validation,A,random_forest,1.0
2025-07-16,2025-07-17,0,0,0.3240218971207945,validation,A,random_forest,1.0
2025-07-17,2025-07-18,1,0,0.3383189944719594,validation,A,random_forest,1.0
2025-07-18,2025-07-21,1,0,0.3864490255549787,validation,A,random_forest,1.0
2025-07-21,2025-07-22,1,0,0.27538281052750124,validation,A,random_forest,1.0
2025-07-22,2025-07-23,0,0,0.31944007165057997,validation,A,random_forest,1.0
2025-07-23,2025-07-24,0,0,0.36184562893826583,validation,A,random_forest,1.0
2025-07-24,2025-07-25,1,0,0.3773733730646376,validation,A,random_forest,1.0
2025-07-25,2025-07-28,1,0,0.3572608627475226,validation,A,random_forest,1.0
2025-07-28,2025-07-29,0,0,0.3854887595357509,validation,A,random_forest,1.0
2025-07-29,2025-07-30,0,0,0.3078566451656133,validation,A,random_forest,1.0
2025-07-30,2025-07-31,0,0,0.3773523219001275,validation,A,random_forest,1.0
2025-07-31,2025-08-01,0,0,0.4363289955380739,validation,A,random_forest,1.0
2025-08-01,2025-08-04,1,0,0.48055120341049046,validation,A,random_forest,1.0
2025-08-04,2025-08-05,0,0,0.3742318422448173,validation,A,random_forest,1.0
2025-08-05,2025-08-06,1,0,0.46063365730258793,validation,A,random_forest,1.0
2025-08-06,2025-08-07,1,1,0.5416856758596225,validation,A,random_forest,1.0
2025-08-07,2025-08-08,1,0,0.4375782490204519,validation,A,random_forest,1.0
2025-08-08,2025-08-11,0,0,0.4770346353499346,validation,A,random_forest,1.0
2025-08-11,2025-08-12,1,0,0.34802630131471013,validation,A,random_forest,1.0
2025-08-12,2025-08-13,1,0,0.34453713654668033,validation,A,random_forest,1.0
2025-08-13,2025-08-14,0,0,0.3783539978579135,validation,A,random_forest,1.0
2025-08-14,2025-08-15,0,0,0.4054733370965117,validation,A,random_forest,1.0
2025-08-15,2025-08-18,0,0,0.3938731753341751,validation,A,random_forest,1.0
2025-08-18,2025-08-19,0,0,0.4911234989507483,validation,A,random_forest,1.0
2025-08-19,2025-08-20,0,0,0.4697238952655187,validation,A,random_forest,1.0
2025-08-20,2025-08-21,0,0,0.3357511018255028,validation,A,random_forest,1.0
2025-08-21,2025-08-22,1,0,0.37900105369113246,validation,A,random_forest,1.0
2025-08-22,2025-08-25,0,0,0.31369195154960217,validation,A,random_forest,1.0
2025-08-25,2025-08-26,1,0,0.4060598085466884,validation,A,random_forest,1.0
2025-08-26,2025-08-27,1,0,0.3467673842528933,validation,A,random_forest,1.0
2025-08-27,2025-08-28,1,0,0.45929547499714907,validation,A,random_forest,1.0
2025-08-28,2025-08-29,0,0,0.39395004028930347,validation,A,random_forest,1.0
2025-08-29,2025-09-02,0,0,0.3848732451637355,validation,A,random_forest,1.0
2025-09-02,2025-09-03,1,0,0.36077356367596863,validation,A,random_forest,1.0
2025-09-03,2025-09-04,1,0,0.4769349781565648,validation,A,random_forest,1.0
2025-09-04,2025-09-05,0,0,0.4148023718864921,validation,A,random_forest,1.0
2025-09-05,2025-09-08,0,0,0.4093598830174552,validation,A,random_forest,1.0
2025-09-08,2025-09-09,0,0,0.389462727991286,validation,A,random_forest,1.0
2025-09-09,2025-09-10,0,0,0.3210668396806586,validation,A,random_forest,1.0
2025-09-10,2025-09-11,1,0,0.4097958266935022,validation,A,random_forest,1.0
2025-09-11,2025-09-12,1,0,0.3292468158683903,validation,A,random_forest,1.0
2025-09-12,2025-09-15,1,0,0.38065207668887124,validation,A,random_forest,1.0
2025-09-15,2025-09-16,1,0,0.3385337544561124,validation,A,random_forest,1.0
2025-09-16,2025-09-17,1,0,0.35642381547720975,validation,A,random_forest,1.0
2025-09-17,2025-09-18,0,0,0.33576394888116,validation,A,random_forest,1.0
2025-09-18,2025-09-19,1,0,0.3253193194003183,validation,A,random_forest,1.0
2025-09-19,2025-09-22,1,1,0.5261931775408243,validation,A,random_forest,1.0
2025-09-22,2025-09-23,0,0,0.48161628854339883,validation,A,random_forest,1.0
2025-09-23,2025-09-24,0,0,0.3580401761227395,validation,A,random_forest,1.0
2025-09-24,2025-09-25,1,0,0.4129737066492315,validation,A,random_forest,1.0
2025-09-25,2025-09-26,0,0,0.3901247097579006,validation,A,random_forest,1.0
2025-09-26,2025-09-29,0,0,0.4098998339651015,validation,A,random_forest,1.0
2025-09-29,2025-09-30,1,0,0.47103394044496705,validation,A,random_forest,1.0
2025-07-01,2025-07-02,1,0,0.3802182695700933,validation,A,random_forest,2.0
2025-07-02,2025-07-03,1,0,0.4906217488480637,validation,A,random_forest,2.0
2025-07-03,2025-07-07,0,1,0.5425259050036267,validation,A,random_forest,2.0
2025-07-07,2025-07-08,1,0,0.42474649945824783,validation,A,random_forest,2.0
2025-07-08,2025-07-09,1,0,0.414736486821545,validation,A,random_forest,2.0
2025-07-09,2025-07-10,1,0,0.3914592970422903,validation,A,random_forest,2.0
2025-07-10,2025-07-11,0,0,0.44759952779350376,validation,A,random_forest,2.0
2025-07-11,2025-07-14,0,0,0.4494261911648321,validation,A,random_forest,2.0
2025-07-14,2025-07-15,1,0,0.3893686557668531,validation,A,random_forest,2.0
2025-07-15,2025-07-16,1,0,0.35322831474003263,validation,A,random_forest,2.0
2025-07-16,2025-07-17,0,0,0.344523677197542,validation,A,random_forest,2.0
2025-07-17,2025-07-18,1,0,0.3663905140065933,validation,A,random_forest,2.0
2025-07-18,2025-07-21,1,0,0.4179150408944484,validation,A,random_forest,2.0
2025-07-21,2025-07-22,1,0,0.2747387254363202,validation,A,random_forest,2.0
2025-07-22,2025-07-23,0,0,0.3246421580401929,validation,A,random_forest,2.0
2025-07-23,2025-07-24,0,0,0.38339070159739047,validation,A,random_forest,2.0
2025-07-24,2025-07-25,1,0,0.43936305777435214,validation,A,random_forest,2.0
2025-07-25,2025-07-28,1,0,0.38342855088404004,validation,A,random_forest,2.0
2025-07-28,2025-07-29,0,0,0.3953625000718205,validation,A,random_forest,2.0
2025-07-29,2025-07-30,0,0,0.35292170261934336,validation,A,random_forest,2.0
2025-07-30,2025-07-31,0,0,0.388653128425449,validation,A,random_forest,2.0
2025-07-31,2025-08-01,0,0,0.4281574733522706,validation,A,random_forest,2.0
2025-08-01,2025-08-04,1,0,0.43542475568943045,validation,A,random_forest,2.0
2025-08-04,2025-08-05,0,0,0.36999958279447437,validation,A,random_forest,2.0
2025-08-05,2025-08-06,1,1,0.5043160596107628,validation,A,random_forest,2.0
2025-08-06,2025-08-07,1,1,0.5088037896224664,validation,A,random_forest,2.0
2025-08-07,2025-08-08,1,0,0.4095867070960797,validation,A,random_forest,2.0
2025-08-08,2025-08-11,0,0,0.4477531813511401,validation,A,random_forest,2.0
2025-08-11,2025-08-12,1,0,0.3452173611353528,validation,A,random_forest,2.0
2025-08-12,2025-08-13,1,0,0.3459133793832068,validation,A,random_forest,2.0
2025-08-13,2025-08-14,0,0,0.3539908158006713,validation,A,random_forest,2.0
2025-08-14,2025-08-15,0,0,0.40764223173523595,validation,A,random_forest,2.0
2025-08-15,2025-08-18,0,0,0.42092931203639566,validation,A,random_forest,2.0
2025-08-18,2025-08-19,0,1,0.5478954453019893,validation,A,random_forest,2.0
2025-08-19,2025-08-20,0,1,0.5054477992990414,validation,A,random_forest,2.0
2025-08-20,2025-08-21,0,0,0.3459692722888281,validation,A,random_forest,2.0
2025-08-21,2025-08-22,1,0,0.4064498994035095,validation,A,random_forest,2.0
2025-08-22,2025-08-25,0,0,0.3332130974316397,validation,A,random_forest,2.0
2025-08-25,2025-08-26,1,0,0.45617377306644374,validation,A,random_forest,2.0
2025-08-26,2025-08-27,1,0,0.3407358415981114,validation,A,random_forest,2.0
2025-08-27,2025-08-28,1,0,0.46847648017764165,validation,A,random_forest,2.0
2025-08-28,2025-08-29,0,0,0.3579462909447563,validation,A,random_forest,2.0
2025-08-29,2025-09-02,0,0,0.4226947819918224,validation,A,random_forest,2.0
2025-09-02,2025-09-03,1,0,0.3818830879153803,validation,A,random_forest,2.0
2025-09-03,2025-09-04,1,0,0.47039215860513023,validation,A,random_forest,2.0
2025-09-04,2025-09-05,0,0,0.4423742871753965,validation,A,random_forest,2.0
2025-09-05,2025-09-08,0,0,0.4606313476022579,validation,A,random_forest,2.0
2025-09-08,2025-09-09,0,0,0.4164118996352796,validation,A,random_forest,2.0
2025-09-09,2025-09-10,0,0,0.3487643839859566,validation,A,random_forest,2.0
2025-09-10,2025-09-11,1,0,0.3753141968830479,validation,A,random_forest,2.0
2025-09-11,2025-09-12,1,0,0.3127885761733521,validation,A,random_forest,2.0
2025-09-12,2025-09-15,1,0,0.3356496600361255,validation,A,random_forest,2.0
2025-09-15,2025-09-16,1,0,0.2980165948287817,validation,A,random_forest,2.0
2025-09-16,2025-09-17,1,0,0.3331930061475468,validation,A,random_forest,2.0
2025-09-17,2025-09-18,0,0,0.3938932016482211,validation,A,random_forest,2.0
2025-09-18,2025-09-19,1,0,0.3736491591389436,validation,A,random_forest,2.0
2025-09-19,2025-09-22,1,0,0.4979565508818688,validation,A,random_forest,2.0
2025-09-22,2025-09-23,0,0,0.46748708356004204,validation,A,random_forest,2.0
2025-09-23,2025-09-24,0,0,0.3944436488516687,validation,A,random_forest,2.0
2025-09-24,2025-09-25,1,0,0.4204171075861874,validation,A,random_forest,2.0
2025-09-25,2025-09-26,0,0,0.378127917703568,validation,A,random_forest,2.0
2025-09-26,2025-09-29,0,0,0.43469601411349523,validation,A,random_forest,2.0
2025-09-29,2025-09-30,1,1,0.5073564250980273,validation,A,random_forest,2.0
2025-10-01,2025-10-02,1,0,0.28674647153902477,test,A,logistic_regression,42.0
2025-10-02,2025-10-03,1,0,0.38578328585891924,test,A,logistic_regression,42.0
2025-10-03,2025-10-06,0,0,0.3933172770880684,test,A,logistic_regression,42.0
2025-10-06,2025-10-07,0,0,0.3949622088813948,test,A,logistic_regression,42.0
2025-10-07,2025-10-08,1,0,0.3385644090772784,test,A,logistic_regression,42.0
2025-10-08,2025-10-09,0,0,0.24522565994562895,test,A,logistic_regression,42.0
2025-10-09,2025-10-10,0,0,0.31060587566343006,test,A,logistic_regression,42.0
2025-10-10,2025-10-13,1,0,0.30483153918428935,test,A,logistic_regression,42.0
2025-10-13,2025-10-14,1,0,0.237562250617661,test,A,logistic_regression,42.0
2025-10-14,2025-10-15,1,0,0.32049458058270264,test,A,logistic_regression,42.0
2025-10-15,2025-10-16,0,1,0.5014118925703598,test,A,logistic_regression,42.0
2025-10-16,2025-10-17,1,0,0.4368147307447257,test,A,logistic_regression,42.0
2025-10-17,2025-10-20,1,0,0.41754561905057574,test,A,logistic_regression,42.0
2025-10-20,2025-10-21,1,0,0.3334819268806575,test,A,logistic_regression,42.0
2025-10-21,2025-10-22,0,0,0.4545818317076183,test,A,logistic_regression,42.0
2025-10-22,2025-10-23,1,0,0.35251811378019277,test,A,logistic_regression,42.0
2025-10-23,2025-10-24,1,0,0.19767623661667416,test,A,logistic_regression,42.0
2025-10-24,2025-10-27,1,0,0.20249553061112463,test,A,logistic_regression,42.0
2025-10-27,2025-10-28,1,0,0.37109269118538607,test,A,logistic_regression,42.0
2025-10-28,2025-10-29,1,0,0.395018285296914,test,A,logistic_regression,42.0
2025-10-29,2025-10-30,1,0,0.3438259262316098,test,A,logistic_regression,42.0
2025-10-30,2025-10-31,0,0,0.25014842953595684,test,A,logistic_regression,42.0
2025-10-31,2025-11-03,0,0,0.27413935955316376,test,A,logistic_regression,42.0
2025-11-03,2025-11-04,1,0,0.39553967329755324,test,A,logistic_regression,42.0
2025-11-04,2025-11-05,1,0,0.3554158325380855,test,A,logistic_regression,42.0
2025-11-05,2025-11-06,0,0,0.39712357212597116,test,A,logistic_regression,42.0
2025-11-06,2025-11-07,0,0,0.4146675253340258,test,A,logistic_regression,42.0
2025-11-07,2025-11-10,1,0,0.3176136288915988,test,A,logistic_regression,42.0
2025-11-10,2025-11-11,1,0,0.3251448834926969,test,A,logistic_regression,42.0
2025-11-11,2025-11-12,0,0,0.2665004590054704,test,A,logistic_regression,42.0
2025-11-12,2025-11-13,0,0,0.33223661959629924,test,A,logistic_regression,42.0
2025-11-13,2025-11-14,0,0,0.2933720306073056,test,A,logistic_regression,42.0
2025-11-14,2025-11-17,0,0,0.22844682945687955,test,A,logistic_regression,42.0
2025-11-17,2025-11-18,0,0,0.2919033997549183,test,A,logistic_regression,42.0
2025-11-18,2025-11-19,1,0,0.3816390823257404,test,A,logistic_regression,42.0
2025-11-19,2025-11-20,0,0,0.3301210627532932,test,A,logistic_regression,42.0
2025-11-20,2025-11-21,1,0,0.431960411011437,test,A,logistic_regression,42.0
2025-11-21,2025-11-24,1,0,0.35709413504608334,test,A,logistic_regression,42.0
2025-11-24,2025-11-25,1,0,0.3561181226474968,test,A,logistic_regression,42.0
2025-11-25,2025-11-26,1,0,0.44527328218490536,test,A,logistic_regression,42.0
2025-11-26,2025-11-28,1,0,0.37422823380952275,test,A,logistic_regression,42.0
2025-11-28,2025-12-01,1,0,0.323615989038458,test,A,logistic_regression,42.0
2025-12-01,2025-12-02,1,0,0.31687003540777986,test,A,logistic_regression,42.0
2025-12-02,2025-12-03,0,0,0.3468423279188711,test,A,logistic_regression,42.0
2025-12-03,2025-12-04,0,0,0.3481847394410004,test,A,logistic_regression,42.0
2025-12-04,2025-12-05,0,0,0.273325228641275,test,A,logistic_regression,42.0
2025-12-05,2025-12-08,0,0,0.22911544729939504,test,A,logistic_regression,42.0
2025-12-08,2025-12-09,0,0,0.3105458751167106,test,A,logistic_regression,42.0
2025-12-09,2025-12-10,1,0,0.4531203462710031,test,A,logistic_regression,42.0
2025-12-10,2025-12-11,0,0,0.4616966786935152,test,A,logistic_regression,42.0
2025-12-11,2025-12-12,1,0,0.46601877195432123,test,A,logistic_regression,42.0
2025-12-12,2025-12-15,0,0,0.4634149080031726,test,A,logistic_regression,42.0
2025-12-15,2025-12-16,1,0,0.4096578201682329,test,A,logistic_regression,42.0
2025-12-16,2025-12-17,0,0,0.37121384666388263,test,A,logistic_regression,42.0
2025-12-17,2025-12-18,1,0,0.3920439603379133,test,A,logistic_regression,42.0
2025-12-18,2025-12-19,1,0,0.4390033532736528,test,A,logistic_regression,42.0
2025-12-19,2025-12-22,0,0,0.3410593695054768,test,A,logistic_regression,42.0
2025-12-22,2025-12-23,1,0,0.49610124528778393,test,A,logistic_regression,42.0
2025-12-23,2025-12-24,1,0,0.48905984955564114,test,A,logistic_regression,42.0
2025-12-24,2025-12-26,0,0,0.46726069959959354,test,A,logistic_regression,42.0
2025-12-26,2025-12-29,1,1,0.5289409274649735,test,A,logistic_regression,42.0
2025-12-29,2025-12-30,0,1,0.5211687900927036,test,A,logistic_regression,42.0
2025-12-30,2025-12-31,0,1,0.5147169679945074,test,A,logistic_regression,42.0
2025-10-01,2025-10-02,1,0,0.3669025433703885,test,A,random_forest,0.0
2025-10-02,2025-10-03,1,0,0.36239718360412265,test,A,random_forest,0.0
2025-10-03,2025-10-06,0,0,0.31717187509892,test,A,random_forest,0.0
2025-10-06,2025-10-07,0,0,0.3850048029789536,test,A,random_forest,0.0
2025-10-07,2025-10-08,1,0,0.4304672756477292,test,A,random_forest,0.0
2025-10-08,2025-10-09,0,0,0.3547306170983721,test,A,random_forest,0.0
2025-10-09,2025-10-10,0,0,0.30999192006329923,test,A,random_forest,0.0
2025-10-10,2025-10-13,1,0,0.3827023915603131,test,A,random_forest,0.0
2025-10-13,2025-10-14,1,0,0.3690824621795839,test,A,random_forest,0.0
2025-10-14,2025-10-15,1,0,0.4449764257846352,test,A,random_forest,0.0
2025-10-15,2025-10-16,0,0,0.40075911139200515,test,A,random_forest,0.0
2025-10-16,2025-10-17,1,0,0.45604391941353667,test,A,random_forest,0.0
2025-10-17,2025-10-20,1,0,0.44294426043995844,test,A,random_forest,0.0
2025-10-20,2025-10-21,1,1,0.5011305027453177,test,A,random_forest,0.0
2025-10-21,2025-10-22,0,0,0.3388538017243895,test,A,random_forest,0.0
2025-10-22,2025-10-23,1,0,0.3590630077511935,test,A,random_forest,0.0
2025-10-23,2025-10-24,1,0,0.2944809227989802,test,A,random_forest,0.0
2025-10-24,2025-10-27,1,0,0.28366011959803106,test,A,random_forest,0.0
2025-10-27,2025-10-28,1,0,0.475218346019165,test,A,random_forest,0.0
2025-10-28,2025-10-29,1,0,0.4270803514987275,test,A,random_forest,0.0
2025-10-29,2025-10-30,1,0,0.40531170365753993,test,A,random_forest,0.0
2025-10-30,2025-10-31,0,0,0.3589693192372424,test,A,random_forest,0.0
2025-10-31,2025-11-03,0,0,0.4431296480314678,test,A,random_forest,0.0
2025-11-03,2025-11-04,1,0,0.383108423265903,test,A,random_forest,0.0
2025-11-04,2025-11-05,1,0,0.3809794303977471,test,A,random_forest,0.0
2025-11-05,2025-11-06,0,0,0.3376249871536193,test,A,random_forest,0.0
2025-11-06,2025-11-07,0,0,0.30580130973818653,test,A,random_forest,0.0
2025-11-07,2025-11-10,1,0,0.30619007175919094,test,A,random_forest,0.0
2025-11-10,2025-11-11,1,0,0.3487088520336718,test,A,random_forest,0.0
2025-11-11,2025-11-12,0,0,0.43420695501093776,test,A,random_forest,0.0
2025-11-12,2025-11-13,0,0,0.41104681520981506,test,A,random_forest,0.0
2025-11-13,2025-11-14,0,0,0.3712386738675692,test,A,random_forest,0.0
2025-11-14,2025-11-17,0,0,0.38482617306756195,test,A,random_forest,0.0
2025-11-17,2025-11-18,0,0,0.41749972634006716,test,A,random_forest,0.0
2025-11-18,2025-11-19,1,0,0.3372311142277818,test,A,random_forest,0.0
2025-11-19,2025-11-20,0,0,0.2747342658197221,test,A,random_forest,0.0
2025-11-20,2025-11-21,1,0,0.3532412166373939,test,A,random_forest,0.0
2025-11-21,2025-11-24,1,0,0.4568980391928133,test,A,random_forest,0.0
2025-11-24,2025-11-25,1,0,0.3830248485088657,test,A,random_forest,0.0
2025-11-25,2025-11-26,1,0,0.33449647669224786,test,A,random_forest,0.0
2025-11-26,2025-11-28,1,0,0.43136018402498116,test,A,random_forest,0.0
2025-11-28,2025-12-01,1,0,0.4037765947621837,test,A,random_forest,0.0
2025-12-01,2025-12-02,1,0,0.3778427171700676,test,A,random_forest,0.0
2025-12-02,2025-12-03,0,0,0.35251176112814686,test,A,random_forest,0.0
2025-12-03,2025-12-04,0,0,0.3728869213823485,test,A,random_forest,0.0
2025-12-04,2025-12-05,0,0,0.38256459595216563,test,A,random_forest,0.0
2025-12-05,2025-12-08,0,0,0.43067164772749694,test,A,random_forest,0.0
2025-12-08,2025-12-09,0,0,0.31544030135559015,test,A,random_forest,0.0
2025-12-09,2025-12-10,1,0,0.33464061716112453,test,A,random_forest,0.0
2025-12-10,2025-12-11,0,0,0.3272411867020632,test,A,random_forest,0.0
2025-12-11,2025-12-12,1,0,0.4010473785239274,test,A,random_forest,0.0
2025-12-12,2025-12-15,0,0,0.4295112425406409,test,A,random_forest,0.0
2025-12-15,2025-12-16,1,0,0.36917360982939124,test,A,random_forest,0.0
2025-12-16,2025-12-17,0,0,0.4065752268409953,test,A,random_forest,0.0
2025-12-17,2025-12-18,1,0,0.43914142780239324,test,A,random_forest,0.0
2025-12-18,2025-12-19,1,0,0.4099478234603921,test,A,random_forest,0.0
2025-12-19,2025-12-22,0,0,0.34474822457119797,test,A,random_forest,0.0
2025-12-22,2025-12-23,1,1,0.5356612789347762,test,A,random_forest,0.0
2025-12-23,2025-12-24,1,1,0.5220547081676848,test,A,random_forest,0.0
2025-12-24,2025-12-26,0,1,0.5487921838305687,test,A,random_forest,0.0
2025-12-26,2025-12-29,1,1,0.5892759257488681,test,A,random_forest,0.0
2025-12-29,2025-12-30,0,1,0.566472311707251,test,A,random_forest,0.0
2025-12-30,2025-12-31,0,1,0.5556715056738938,test,A,random_forest,0.0
2025-10-01,2025-10-02,1,0,0.3997457323055424,test,A,random_forest,1.0
2025-10-02,2025-10-03,1,0,0.3935485938913008,test,A,random_forest,1.0
2025-10-03,2025-10-06,0,0,0.31757333558838224,test,A,random_forest,1.0
2025-10-06,2025-10-07,0,0,0.40379468663115065,test,A,random_forest,1.0
2025-10-07,2025-10-08,1,0,0.4724182180867297,test,A,random_forest,1.0
2025-10-08,2025-10-09,0,0,0.40641802900392016,test,A,random_forest,1.0
2025-10-09,2025-10-10,0,0,0.3245198246626052,test,A,random_forest,1.0
2025-10-10,2025-10-13,1,0,0.38139010448971666,test,A,random_forest,1.0
2025-10-13,2025-10-14,1,0,0.3740100103176619,test,A,random_forest,1.0
2025-10-14,2025-10-15,1,0,0.4185797521753008,test,A,random_forest,1.0
2025-10-15,2025-10-16,0,0,0.4096264202361832,test,A,random_forest,1.0
2025-10-16,2025-10-17,1,0,0.46267174088408797,test,A,random_forest,1.0
2025-10-17,2025-10-20,1,0,0.44054116956368633,test,A,random_forest,1.0
2025-10-20,2025-10-21,1,1,0.544144693223372,test,A,random_forest,1.0
2025-10-21,2025-10-22,0,0,0.35532473356321426,test,A,random_forest,1.0
2025-10-22,2025-10-23,1,0,0.3672549999812981,test,A,random_forest,1.0
2025-10-23,2025-10-24,1,0,0.3225639552187039,test,A,random_forest,1.0
2025-10-24,2025-10-27,1,0,0.3628658379901493,test,A,random_forest,1.0
2025-10-27,2025-10-28,1,0,0.49946699734318134,test,A,random_forest,1.0
2025-10-28,2025-10-29,1,0,0.4378257074382545,test,A,random_forest,1.0
2025-10-29,2025-10-30,1,0,0.42221059181566417,test,A,random_forest,1.0
2025-10-30,2025-10-31,0,0,0.3947201685950577,test,A,random_forest,1.0
2025-10-31,2025-11-03,0,0,0.4322316877974912,test,A,random_forest,1.0
2025-11-03,2025-11-04,1,0,0.38988206861708347,test,A,random_forest,1.0
2025-11-04,2025-11-05,1,0,0.3792234590587143,test,A,random_forest,1.0
2025-11-05,2025-11-06,0,0,0.3492224153868154,test,A,random_forest,1.0
2025-11-06,2025-11-07,0,0,0.3186076199046213,test,A,random_forest,1.0
2025-11-07,2025-11-10,1,0,0.32731515572631037,test,A,random_forest,1.0
2025-11-10,2025-11-11,1,0,0.3738680416817073,test,A,random_forest,1.0
2025-11-11,2025-11-12,0,0,0.44848028828248404,test,A,random_forest,1.0
2025-11-12,2025-11-13,0,0,0.40625272004692936,test,A,random_forest,1.0
2025-11-13,2025-11-14,0,0,0.39221703102082695,test,A,random_forest,1.0
2025-11-14,2025-11-17,0,0,0.38161745606541336,test,A,random_forest,1.0
2025-11-17,2025-11-18,0,0,0.3629961317131062,test,A,random_forest,1.0
2025-11-18,2025-11-19,1,0,0.30129870347560855,test,A,random_forest,1.0
2025-11-19,2025-11-20,0,0,0.2613423914649206,test,A,random_forest,1.0
2025-11-20,2025-11-21,1,0,0.3676498351960661,test,A,random_forest,1.0
2025-11-21,2025-11-24,1,0,0.46140053804880127,test,A,random_forest,1.0
2025-11-24,2025-11-25,1,0,0.393620326922076,test,A,random_forest,1.0
2025-11-25,2025-11-26,1,0,0.34900742601399104,test,A,random_forest,1.0
2025-11-26,2025-11-28,1,0,0.43438427795754686,test,A,random_forest,1.0
2025-11-28,2025-12-01,1,0,0.45523638964328067,test,A,random_forest,1.0
2025-12-01,2025-12-02,1,0,0.37583749569446223,test,A,random_forest,1.0
2025-12-02,2025-12-03,0,0,0.3871094231455809,test,A,random_forest,1.0
2025-12-03,2025-12-04,0,0,0.36188797960790736,test,A,random_forest,1.0
2025-12-04,2025-12-05,0,0,0.38199106494035445,test,A,random_forest,1.0
2025-12-05,2025-12-08,0,0,0.3860047780191658,test,A,random_forest,1.0
2025-12-08,2025-12-09,0,0,0.2856947803240704,test,A,random_forest,1.0
2025-12-09,2025-12-10,1,0,0.3311468341802774,test,A,random_forest,1.0
2025-12-10,2025-12-11,0,0,0.3136511346466278,test,A,random_forest,1.0
2025-12-11,2025-12-12,1,0,0.4081374623359194,test,A,random_forest,1.0
2025-12-12,2025-12-15,0,0,0.4432954037306761,test,A,random_forest,1.0
2025-12-15,2025-12-16,1,0,0.34971450473308524,test,A,random_forest,1.0
2025-12-16,2025-12-17,0,0,0.38924493142240063,test,A,random_forest,1.0
2025-12-17,2025-12-18,1,0,0.40432375559181827,test,A,random_forest,1.0
2025-12-18,2025-12-19,1,0,0.4010953635530428,test,A,random_forest,1.0
2025-12-19,2025-12-22,0,0,0.34186064872455013,test,A,random_forest,1.0
2025-12-22,2025-12-23,1,1,0.5204018364744619,test,A,random_forest,1.0
2025-12-23,2025-12-24,1,1,0.5427907392197024,test,A,random_forest,1.0
2025-12-24,2025-12-26,0,1,0.6210100720908418,test,A,random_forest,1.0
2025-12-26,2025-12-29,1,1,0.622922825263057,test,A,random_forest,1.0
2025-12-29,2025-12-30,0,1,0.5901655857807983,test,A,random_forest,1.0
2025-12-30,2025-12-31,0,1,0.5972706716655826,test,A,random_forest,1.0
2025-10-01,2025-10-02,1,0,0.4163072629034038,test,A,random_forest,2.0
2025-10-02,2025-10-03,1,0,0.39209089375525236,test,A,random_forest,2.0
2025-10-03,2025-10-06,0,0,0.32724294729997283,test,A,random_forest,2.0
2025-10-06,2025-10-07,0,0,0.42855736257009125,test,A,random_forest,2.0
2025-10-07,2025-10-08,1,1,0.5007071474423631,test,A,random_forest,2.0
2025-10-08,2025-10-09,0,0,0.3933862354407254,test,A,random_forest,2.0
2025-10-09,2025-10-10,0,0,0.33279229343657607,test,A,random_forest,2.0
2025-10-10,2025-10-13,1,0,0.3274846042321006,test,A,random_forest,2.0
2025-10-13,2025-10-14,1,0,0.31100270546108516,test,A,random_forest,2.0
2025-10-14,2025-10-15,1,0,0.4000853375731751,test,A,random_forest,2.0
2025-10-15,2025-10-16,0,0,0.35436087237036507,test,A,random_forest,2.0
2025-10-16,2025-10-17,1,0,0.4362184396138524,test,A,random_forest,2.0
2025-10-17,2025-10-20,1,0,0.4346932316077376,test,A,random_forest,2.0
2025-10-20,2025-10-21,1,0,0.4826363715277617,test,A,random_forest,2.0
2025-10-21,2025-10-22,0,0,0.3583661466903507,test,A,random_forest,2.0
2025-10-22,2025-10-23,1,0,0.3835596106671525,test,A,random_forest,2.0
2025-10-23,2025-10-24,1,0,0.31591627292763863,test,A,random_forest,2.0
2025-10-24,2025-10-27,1,0,0.32454148213323114,test,A,random_forest,2.0
2025-10-27,2025-10-28,1,0,0.4673318981411101,test,A,random_forest,2.0
2025-10-28,2025-10-29,1,0,0.47107700637561617,test,A,random_forest,2.0
2025-10-29,2025-10-30,1,0,0.44158920995070977,test,A,random_forest,2.0
2025-10-30,2025-10-31,0,0,0.391163501936769,test,A,random_forest,2.0
2025-10-31,2025-11-03,0,0,0.4357111862326492,test,A,random_forest,2.0
2025-11-03,2025-11-04,1,0,0.3633917813945369,test,A,random_forest,2.0
2025-11-04,2025-11-05,1,0,0.38681521299163996,test,A,random_forest,2.0
2025-11-05,2025-11-06,0,0,0.3626622382435402,test,A,random_forest,2.0
2025-11-06,2025-11-07,0,0,0.28902349240918274,test,A,random_forest,2.0
2025-11-07,2025-11-10,1,0,0.32484156202315084,test,A,random_forest,2.0
2025-11-10,2025-11-11,1,0,0.3858825141987752,test,A,random_forest,2.0
2025-11-11,2025-11-12,0,0,0.4199365874242126,test,A,random_forest,2.0
2025-11-12,2025-11-13,0,0,0.43723119421746304,test,A,random_forest,2.0
2025-11-13,2025-11-14,0,0,0.41197299474391597,test,A,random_forest,2.0
2025-11-14,2025-11-17,0,0,0.41782798147551553,test,A,random_forest,2.0
2025-11-17,2025-11-18,0,0,0.3928650099755824,test,A,random_forest,2.0
2025-11-18,2025-11-19,1,0,0.3209502485355711,test,A,random_forest,2.0
2025-11-19,2025-11-20,0,0,0.2912357569973325,test,A,random_forest,2.0
2025-11-20,2025-11-21,1,0,0.36839724347096486,test,A,random_forest,2.0
2025-11-21,2025-11-24,1,0,0.44707314628806455,test,A,random_forest,2.0
2025-11-24,2025-11-25,1,0,0.393333374529504,test,A,random_forest,2.0
2025-11-25,2025-11-26,1,0,0.37585992304413807,test,A,random_forest,2.0
2025-11-26,2025-11-28,1,0,0.45159754833431087,test,A,random_forest,2.0
2025-11-28,2025-12-01,1,0,0.46821821773527206,test,A,random_forest,2.0
2025-12-01,2025-12-02,1,0,0.36251586628678123,test,A,random_forest,2.0
2025-12-02,2025-12-03,0,0,0.3823195126151219,test,A,random_forest,2.0
2025-12-03,2025-12-04,0,0,0.3909857685489355,test,A,random_forest,2.0
2025-12-04,2025-12-05,0,0,0.41161035254619643,test,A,random_forest,2.0
2025-12-05,2025-12-08,0,0,0.43987229855390886,test,A,random_forest,2.0
2025-12-08,2025-12-09,0,0,0.34934694770590613,test,A,random_forest,2.0
2025-12-09,2025-12-10,1,0,0.3700688030664612,test,A,random_forest,2.0
2025-12-10,2025-12-11,0,0,0.33730866318600566,test,A,random_forest,2.0
2025-12-11,2025-12-12,1,0,0.4201057257695257,test,A,random_forest,2.0
2025-12-12,2025-12-15,0,0,0.453047905439682,test,A,random_forest,2.0
2025-12-15,2025-12-16,1,0,0.3659021798239962,test,A,random_forest,2.0
2025-12-16,2025-12-17,0,0,0.41388700603887535,test,A,random_forest,2.0
2025-12-17,2025-12-18,1,0,0.3999343161435209,test,A,random_forest,2.0
2025-12-18,2025-12-19,1,0,0.38803873889027246,test,A,random_forest,2.0
2025-12-19,2025-12-22,0,0,0.32828488045820053,test,A,random_forest,2.0
2025-12-22,2025-12-23,1,1,0.557092685952884,test,A,random_forest,2.0
2025-12-23,2025-12-24,1,1,0.52422732995629,test,A,random_forest,2.0
2025-12-24,2025-12-26,0,1,0.5970631191860168,test,A,random_forest,2.0
2025-12-26,2025-12-29,1,1,0.6362895244299523,test,A,random_forest,2.0
2025-12-29,2025-12-30,0,1,0.6056759403016626,test,A,random_forest,2.0
2025-12-30,2025-12-31,0,1,0.6095741030496098,test,A,random_forest,2.0
2025-07-01,2025-07-02,1,1,0.5506510398838909,validation,B,logistic_regression,42.0
2025-07-02,2025-07-03,1,0,0.4588609172077582,validation,B,logistic_regression,42.0
2025-07-03,2025-07-07,0,0,0.2905892117821664,validation,B,logistic_regression,42.0
2025-07-07,2025-07-08,1,0,0.24060645554138638,validation,B,logistic_regression,42.0
2025-07-08,2025-07-09,1,0,0.22823603967596892,validation,B,logistic_regression,42.0
2025-07-09,2025-07-10,1,0,0.20610204815147182,validation,B,logistic_regression,42.0
2025-07-10,2025-07-11,0,0,0.4328078004375245,validation,B,logistic_regression,42.0
2025-07-11,2025-07-14,0,0,0.35849218634290697,validation,B,logistic_regression,42.0
2025-07-14,2025-07-15,1,0,0.26509106929471166,validation,B,logistic_regression,42.0
2025-07-15,2025-07-16,1,0,0.2882610526622386,validation,B,logistic_regression,42.0
2025-07-16,2025-07-17,0,0,0.3445154674630967,validation,B,logistic_regression,42.0
2025-07-17,2025-07-18,1,0,0.3318500285394415,validation,B,logistic_regression,42.0
2025-07-18,2025-07-21,1,0,0.4123183032013787,validation,B,logistic_regression,42.0
2025-07-21,2025-07-22,1,0,0.3672872063877782,validation,B,logistic_regression,42.0
2025-07-22,2025-07-23,0,0,0.4699547426423733,validation,B,logistic_regression,42.0
2025-07-23,2025-07-24,0,0,0.3201871755150277,validation,B,logistic_regression,42.0
2025-07-24,2025-07-25,1,0,0.316316241539447,validation,B,logistic_regression,42.0
2025-07-25,2025-07-28,1,0,0.3003438894830877,validation,B,logistic_regression,42.0
2025-07-28,2025-07-29,0,0,0.3209246274262095,validation,B,logistic_regression,42.0
2025-07-29,2025-07-30,0,0,0.3657396803791281,validation,B,logistic_regression,42.0
2025-07-30,2025-07-31,0,0,0.36410991733477743,validation,B,logistic_regression,42.0
2025-07-31,2025-08-01,0,0,0.43411760840943125,validation,B,logistic_regression,42.0
2025-08-01,2025-08-04,1,1,0.5332632589141372,validation,B,logistic_regression,42.0
2025-08-04,2025-08-05,0,0,0.3402061289608858,validation,B,logistic_regression,42.0
2025-08-05,2025-08-06,1,1,0.5426836251403612,validation,B,logistic_regression,42.0
2025-08-06,2025-08-07,1,1,0.525760558615981,validation,B,logistic_regression,42.0
2025-08-07,2025-08-08,1,0,0.49063081103565886,validation,B,logistic_regression,42.0
2025-08-08,2025-08-11,0,0,0.469533611917681,validation,B,logistic_regression,42.0
2025-08-11,2025-08-12,1,0,0.16197197331048363,validation,B,logistic_regression,42.0
2025-08-12,2025-08-13,1,0,0.08567225202023943,validation,B,logistic_regression,42.0
2025-08-13,2025-08-14,0,0,0.1271703998040275,validation,B,logistic_regression,42.0
2025-08-14,2025-08-15,0,0,0.16556074962391504,validation,B,logistic_regression,42.0
2025-08-15,2025-08-18,0,0,0.2930362785502095,validation,B,logistic_regression,42.0
2025-08-18,2025-08-19,0,0,0.2205601296068354,validation,B,logistic_regression,42.0
2025-08-19,2025-08-20,0,0,0.3590665716661989,validation,B,logistic_regression,42.0
2025-08-20,2025-08-21,0,0,0.3266479948459341,validation,B,logistic_regression,42.0
2025-08-21,2025-08-22,1,0,0.3915878382611116,validation,B,logistic_regression,42.0
2025-08-22,2025-08-25,0,0,0.2797608955043885,validation,B,logistic_regression,42.0
2025-08-25,2025-08-26,1,0,0.4618949105298045,validation,B,logistic_regression,42.0
2025-08-26,2025-08-27,1,0,0.43830495068416436,validation,B,logistic_regression,42.0
2025-08-27,2025-08-28,1,0,0.36996466914534404,validation,B,logistic_regression,42.0
2025-08-28,2025-08-29,0,0,0.34593771419678115,validation,B,logistic_regression,42.0
2025-08-29,2025-09-02,0,0,0.368591280590379,validation,B,logistic_regression,42.0
2025-09-02,2025-09-03,1,0,0.2766773046635539,validation,B,logistic_regression,42.0
2025-09-03,2025-09-04,1,0,0.2108672866318838,validation,B,logistic_regression,42.0
2025-09-04,2025-09-05,0,0,0.18456224643968022,validation,B,logistic_regression,42.0
2025-09-05,2025-09-08,0,0,0.3025036730035084,validation,B,logistic_regression,42.0
2025-09-08,2025-09-09,0,0,0.17448208959232467,validation,B,logistic_regression,42.0
2025-09-09,2025-09-10,0,0,0.13666335980431346,validation,B,logistic_regression,42.0
2025-09-10,2025-09-11,1,0,0.23303599092220273,validation,B,logistic_regression,42.0
2025-09-11,2025-09-12,1,0,0.4003875274840783,validation,B,logistic_regression,42.0
2025-09-12,2025-09-15,1,0,0.4563939125807431,validation,B,logistic_regression,42.0
2025-09-15,2025-09-16,1,1,0.5083968828604436,validation,B,logistic_regression,42.0
2025-09-16,2025-09-17,1,0,0.45150844273914614,validation,B,logistic_regression,42.0
2025-09-17,2025-09-18,0,0,0.41523000807149313,validation,B,logistic_regression,42.0
2025-09-18,2025-09-19,1,0,0.23937038242048733,validation,B,logistic_regression,42.0
2025-09-19,2025-09-22,1,0,0.30867225441816953,validation,B,logistic_regression,42.0
2025-09-22,2025-09-23,0,0,0.33633342036339436,validation,B,logistic_regression,42.0
2025-09-23,2025-09-24,0,0,0.2896236543456276,validation,B,logistic_regression,42.0
2025-09-24,2025-09-25,1,0,0.17643486105306427,validation,B,logistic_regression,42.0
2025-09-25,2025-09-26,0,0,0.12157608783471993,validation,B,logistic_regression,42.0
2025-09-26,2025-09-29,0,0,0.11624053837440597,validation,B,logistic_regression,42.0
2025-09-29,2025-09-30,1,0,0.28753635781476017,validation,B,logistic_regression,42.0
2025-07-01,2025-07-02,1,0,0.47054379172673627,validation,B,random_forest,0.0
2025-07-02,2025-07-03,1,0,0.4525168178259553,validation,B,random_forest,0.0
2025-07-03,2025-07-07,0,0,0.49428541625683614,validation,B,random_forest,0.0
2025-07-07,2025-07-08,1,0,0.38253806936864465,validation,B,random_forest,0.0
2025-07-08,2025-07-09,1,0,0.3588443704241931,validation,B,random_forest,0.0
2025-07-09,2025-07-10,1,0,0.3205368592549678,validation,B,random_forest,0.0
2025-07-10,2025-07-11,0,0,0.3675627131153755,validation,B,random_forest,0.0
2025-07-11,2025-07-14,0,0,0.40707822963422824,validation,B,random_forest,0.0
2025-07-14,2025-07-15,1,0,0.32943562575927954,validation,B,random_forest,0.0
2025-07-15,2025-07-16,1,0,0.33574385176175187,validation,B,random_forest,0.0
2025-07-16,2025-07-17,0,0,0.3356618781622179,validation,B,random_forest,0.0
2025-07-17,2025-07-18,1,0,0.326313304206595,validation,B,random_forest,0.0
2025-07-18,2025-07-21,1,0,0.38355518563284396,validation,B,random_forest,0.0
2025-07-21,2025-07-22,1,0,0.2592797227822998,validation,B,random_forest,0.0
2025-07-22,2025-07-23,0,0,0.32928242382159817,validation,B,random_forest,0.0
2025-07-23,2025-07-24,0,0,0.33972067638087755,validation,B,random_forest,0.0
2025-07-24,2025-07-25,1,0,0.39251989517840014,validation,B,random_forest,0.0
2025-07-25,2025-07-28,1,0,0.3488864026846759,validation,B,random_forest,0.0
2025-07-28,2025-07-29,0,0,0.3537837142865911,validation,B,random_forest,0.0
2025-07-29,2025-07-30,0,0,0.3472465742854239,validation,B,random_forest,0.0
2025-07-30,2025-07-31,0,0,0.40273569719880803,validation,B,random_forest,0.0
2025-07-31,2025-08-01,0,1,0.5152699682614691,validation,B,random_forest,0.0
2025-08-01,2025-08-04,1,1,0.5031593960360897,validation,B,random_forest,0.0
2025-08-04,2025-08-05,0,0,0.4319474315955579,validation,B,random_forest,0.0
2025-08-05,2025-08-06,1,1,0.5499593197677684,validation,B,random_forest,0.0
2025-08-06,2025-08-07,1,1,0.6064784797290153,validation,B,random_forest,0.0
2025-08-07,2025-08-08,1,0,0.4996849835333051,validation,B,random_forest,0.0
2025-08-08,2025-08-11,0,1,0.5454437779569361,validation,B,random_forest,0.0
2025-08-11,2025-08-12,1,0,0.2958851736231436,validation,B,random_forest,0.0
2025-08-12,2025-08-13,1,0,0.2890409704091255,validation,B,random_forest,0.0
2025-08-13,2025-08-14,0,0,0.3538271234749153,validation,B,random_forest,0.0
2025-08-14,2025-08-15,0,0,0.36063580613692126,validation,B,random_forest,0.0
2025-08-15,2025-08-18,0,0,0.3897424941289347,validation,B,random_forest,0.0
2025-08-18,2025-08-19,0,1,0.5154957050793538,validation,B,random_forest,0.0
2025-08-19,2025-08-20,0,0,0.4851562867344284,validation,B,random_forest,0.0
2025-08-20,2025-08-21,0,0,0.3552254658984658,validation,B,random_forest,0.0
2025-08-21,2025-08-22,1,0,0.41152481592721263,validation,B,random_forest,0.0
2025-08-22,2025-08-25,0,0,0.34003321273939835,validation,B,random_forest,0.0
2025-08-25,2025-08-26,1,0,0.46611196712974795,validation,B,random_forest,0.0
2025-08-26,2025-08-27,1,0,0.28638090274832595,validation,B,random_forest,0.0
2025-08-27,2025-08-28,1,0,0.4483269708205073,validation,B,random_forest,0.0
2025-08-28,2025-08-29,0,0,0.3681143048676596,validation,B,random_forest,0.0
2025-08-29,2025-09-02,0,0,0.4116752535736967,validation,B,random_forest,0.0
2025-09-02,2025-09-03,1,0,0.3795942566412367,validation,B,random_forest,0.0
2025-09-03,2025-09-04,1,1,0.5446820723336376,validation,B,random_forest,0.0
2025-09-04,2025-09-05,0,0,0.34717053507954027,validation,B,random_forest,0.0
2025-09-05,2025-09-08,0,0,0.40091894171069153,validation,B,random_forest,0.0
2025-09-08,2025-09-09,0,0,0.3607141424610397,validation,B,random_forest,0.0
2025-09-09,2025-09-10,0,0,0.3080802640296245,validation,B,random_forest,0.0
2025-09-10,2025-09-11,1,0,0.4740297595076471,validation,B,random_forest,0.0
2025-09-11,2025-09-12,1,0,0.33459094845982873,validation,B,random_forest,0.0
2025-09-12,2025-09-15,1,0,0.3472244777857768,validation,B,random_forest,0.0
2025-09-15,2025-09-16,1,0,0.28707764506321615,validation,B,random_forest,0.0
2025-09-16,2025-09-17,1,0,0.3156807497907131,validation,B,random_forest,0.0
2025-09-17,2025-09-18,0,0,0.353370675667306,validation,B,random_forest,0.0
2025-09-18,2025-09-19,1,0,0.3278860060607127,validation,B,random_forest,0.0
2025-09-19,2025-09-22,1,1,0.56638412790334,validation,B,random_forest,0.0
2025-09-22,2025-09-23,0,1,0.5522139818815518,validation,B,random_forest,0.0
2025-09-23,2025-09-24,0,0,0.372935044489633,validation,B,random_forest,0.0
2025-09-24,2025-09-25,1,0,0.3474373230492817,validation,B,random_forest,0.0
2025-09-25,2025-09-26,0,1,0.5277391894934574,validation,B,random_forest,0.0
2025-09-26,2025-09-29,0,0,0.336973460511742,validation,B,random_forest,0.0
2025-09-29,2025-09-30,1,0,0.45013211763281447,validation,B,random_forest,0.0
2025-07-01,2025-07-02,1,0,0.4761472201445466,validation,B,random_forest,1.0
2025-07-02,2025-07-03,1,1,0.5003098331528448,validation,B,random_forest,1.0
2025-07-03,2025-07-07,0,0,0.4820002981931227,validation,B,random_forest,1.0
2025-07-07,2025-07-08,1,0,0.37932464062993865,validation,B,random_forest,1.0
2025-07-08,2025-07-09,1,0,0.3823717222404816,validation,B,random_forest,1.0
2025-07-09,2025-07-10,1,0,0.3354825304146967,validation,B,random_forest,1.0
2025-07-10,2025-07-11,0,0,0.40445459123175515,validation,B,random_forest,1.0
2025-07-11,2025-07-14,0,0,0.39928700880252616,validation,B,random_forest,1.0
2025-07-14,2025-07-15,1,0,0.3416953521625437,validation,B,random_forest,1.0
2025-07-15,2025-07-16,1,0,0.36226242695180944,validation,B,random_forest,1.0
2025-07-16,2025-07-17,0,0,0.3344734408552947,validation,B,random_forest,1.0
2025-07-17,2025-07-18,1,0,0.30231506918047696,validation,B,random_forest,1.0
2025-07-18,2025-07-21,1,0,0.406961773680371,validation,B,random_forest,1.0
2025-07-21,2025-07-22,1,0,0.285003897028752,validation,B,random_forest,1.0
2025-07-22,2025-07-23,0,0,0.3746270329477395,validation,B,random_forest,1.0
2025-07-23,2025-07-24,0,0,0.3482403483327052,validation,B,random_forest,1.0
2025-07-24,2025-07-25,1,0,0.3974465282180644,validation,B,random_forest,1.0
2025-07-25,2025-07-28,1,0,0.37769188690606026,validation,B,random_forest,1.0
2025-07-28,2025-07-29,0,0,0.38969738654238406,validation,B,random_forest,1.0
2025-07-29,2025-07-30,0,0,0.32303623257898784,validation,B,random_forest,1.0
2025-07-30,2025-07-31,0,0,0.3754340701184212,validation,B,random_forest,1.0
2025-07-31,2025-08-01,0,0,0.47339018449521103,validation,B,random_forest,1.0
2025-08-01,2025-08-04,1,0,0.49882712297619397,validation,B,random_forest,1.0
2025-08-04,2025-08-05,0,0,0.3800742428180419,validation,B,random_forest,1.0
2025-08-05,2025-08-06,1,1,0.5188920688874091,validation,B,random_forest,1.0
2025-08-06,2025-08-07,1,1,0.5774729875828961,validation,B,random_forest,1.0
2025-08-07,2025-08-08,1,1,0.513339506152198,validation,B,random_forest,1.0
2025-08-08,2025-08-11,0,1,0.5495395206693039,validation,B,random_forest,1.0
2025-08-11,2025-08-12,1,0,0.2980186482637825,validation,B,random_forest,1.0
2025-08-12,2025-08-13,1,0,0.311046896668856,validation,B,random_forest,1.0
2025-08-13,2025-08-14,0,0,0.36906309138324017,validation,B,random_forest,1.0
2025-08-14,2025-08-15,0,0,0.3881937058909829,validation,B,random_forest,1.0
2025-08-15,2025-08-18,0,0,0.38884781901130966,validation,B,random_forest,1.0
2025-08-18,2025-08-19,0,0,0.49487193199227286,validation,B,random_forest,1.0
2025-08-19,2025-08-20,0,0,0.47231432634926845,validation,B,random_forest,1.0
2025-08-20,2025-08-21,0,0,0.31908823542082515,validation,B,random_forest,1.0
2025-08-21,2025-08-22,1,0,0.4154899159311904,validation,B,random_forest,1.0
2025-08-22,2025-08-25,0,0,0.3197037450829465,validation,B,random_forest,1.0
2025-08-25,2025-08-26,1,0,0.4627981172262269,validation,B,random_forest,1.0
2025-08-26,2025-08-27,1,0,0.3272410502812361,validation,B,random_forest,1.0
2025-08-27,2025-08-28,1,0,0.4673227310627707,validation,B,random_forest,1.0
2025-08-28,2025-08-29,0,0,0.3860581473743118,validation,B,random_forest,1.0
2025-08-29,2025-09-02,0,0,0.4409976037800945,validation,B,random_forest,1.0
2025-09-02,2025-09-03,1,0,0.39965070060049956,validation,B,random_forest,1.0
2025-09-03,2025-09-04,1,1,0.5727009160325707,validation,B,random_forest,1.0
2025-09-04,2025-09-05,0,0,0.37732557496970853,validation,B,random_forest,1.0
2025-09-05,2025-09-08,0,0,0.3991751952596753,validation,B,random_forest,1.0
2025-09-08,2025-09-09,0,0,0.3509907430938924,validation,B,random_forest,1.0
2025-09-09,2025-09-10,0,0,0.3045795724199488,validation,B,random_forest,1.0
2025-09-10,2025-09-11,1,0,0.4063313105766579,validation,B,random_forest,1.0
2025-09-11,2025-09-12,1,0,0.3493675861015798,validation,B,random_forest,1.0
2025-09-12,2025-09-15,1,0,0.3630742541276205,validation,B,random_forest,1.0
2025-09-15,2025-09-16,1,0,0.3165707321686079,validation,B,random_forest,1.0
2025-09-16,2025-09-17,1,0,0.3377501398512611,validation,B,random_forest,1.0
2025-09-17,2025-09-18,0,0,0.39900226499760044,validation,B,random_forest,1.0
2025-09-18,2025-09-19,1,0,0.328654136101042,validation,B,random_forest,1.0
2025-09-19,2025-09-22,1,1,0.594045880599996,validation,B,random_forest,1.0
2025-09-22,2025-09-23,0,1,0.5497536136392108,validation,B,random_forest,1.0
2025-09-23,2025-09-24,0,0,0.4021110947193067,validation,B,random_forest,1.0
2025-09-24,2025-09-25,1,0,0.3741042976157208,validation,B,random_forest,1.0
2025-09-25,2025-09-26,0,0,0.49703983180740796,validation,B,random_forest,1.0
2025-09-26,2025-09-29,0,0,0.3542592912532545,validation,B,random_forest,1.0
2025-09-29,2025-09-30,1,0,0.42710953013742936,validation,B,random_forest,1.0
2025-07-01,2025-07-02,1,1,0.5137245845584392,validation,B,random_forest,2.0
2025-07-02,2025-07-03,1,0,0.4699938564221645,validation,B,random_forest,2.0
2025-07-03,2025-07-07,0,1,0.5169075377363905,validation,B,random_forest,2.0
2025-07-07,2025-07-08,1,0,0.3830628484519007,validation,B,random_forest,2.0
2025-07-08,2025-07-09,1,0,0.40117859699204506,validation,B,random_forest,2.0
2025-07-09,2025-07-10,1,0,0.3659609311298673,validation,B,random_forest,2.0
2025-07-10,2025-07-11,0,0,0.41684005412455194,validation,B,random_forest,2.0
2025-07-11,2025-07-14,0,0,0.4417132253518027,validation,B,random_forest,2.0
2025-07-14,2025-07-15,1,0,0.35820050636358924,validation,B,random_forest,2.0
2025-07-15,2025-07-16,1,0,0.34570284514329086,validation,B,random_forest,2.0
2025-07-16,2025-07-17,0,0,0.36667123264898144,validation,B,random_forest,2.0
2025-07-17,2025-07-18,1,0,0.34158741378172747,validation,B,random_forest,2.0
2025-07-18,2025-07-21,1,0,0.4080043542504109,validation,B,random_forest,2.0
2025-07-21,2025-07-22,1,0,0.279977321758676,validation,B,random_forest,2.0
2025-07-22,2025-07-23,0,0,0.3627519198069241,validation,B,random_forest,2.0
2025-07-23,2025-07-24,0,0,0.346624529820129,validation,B,random_forest,2.0
2025-07-24,2025-07-25,1,0,0.38992337724595383,validation,B,random_forest,2.0
2025-07-25,2025-07-28,1,0,0.3675109965345166,validation,B,random_forest,2.0
2025-07-28,2025-07-29,0,0,0.3704703859458511,validation,B,random_forest,2.0
2025-07-29,2025-07-30,0,0,0.33797769926372306,validation,B,random_forest,2.0
2025-07-30,2025-07-31,0,0,0.3787854118783236,validation,B,random_forest,2.0
2025-07-31,2025-08-01,0,0,0.4740150472426046,validation,B,random_forest,2.0
2025-08-01,2025-08-04,1,0,0.47357871358622733,validation,B,random_forest,2.0
2025-08-04,2025-08-05,0,0,0.3809753062290509,validation,B,random_forest,2.0
2025-08-05,2025-08-06,1,1,0.5160939829771187,validation,B,random_forest,2.0
2025-08-06,2025-08-07,1,1,0.5728782952706999,validation,B,random_forest,2.0
2025-08-07,2025-08-08,1,0,0.4987786085519802,validation,B,random_forest,2.0
2025-08-08,2025-08-11,0,1,0.5175254027089288,validation,B,random_forest,2.0
2025-08-11,2025-08-12,1,0,0.2801462389398945,validation,B,random_forest,2.0
2025-08-12,2025-08-13,1,0,0.2922045339547326,validation,B,random_forest,2.0
2025-08-13,2025-08-14,0,0,0.3887311260354452,validation,B,random_forest,2.0
2025-08-14,2025-08-15,0,0,0.38843820530135176,validation,B,random_forest,2.0
2025-08-15,2025-08-18,0,0,0.4007362417486317,validation,B,random_forest,2.0
2025-08-18,2025-08-19,0,1,0.5167643249954879,validation,B,random_forest,2.0
2025-08-19,2025-08-20,0,1,0.5160607299424327,validation,B,random_forest,2.0
2025-08-20,2025-08-21,0,0,0.3530911110459034,validation,B,random_forest,2.0
2025-08-21,2025-08-22,1,0,0.42929091145507,validation,B,random_forest,2.0
2025-08-22,2025-08-25,0,0,0.3583384286801921,validation,B,random_forest,2.0
2025-08-25,2025-08-26,1,0,0.48852409730393986,validation,B,random_forest,2.0
2025-08-26,2025-08-27,1,0,0.3376163820023358,validation,B,random_forest,2.0
2025-08-27,2025-08-28,1,0,0.4725102308666566,validation,B,random_forest,2.0
2025-08-28,2025-08-29,0,0,0.35522487473597136,validation,B,random_forest,2.0
2025-08-29,2025-09-02,0,0,0.42620487872127605,validation,B,random_forest,2.0
2025-09-02,2025-09-03,1,0,0.4114575295116787,validation,B,random_forest,2.0
2025-09-03,2025-09-04,1,1,0.5443590233250629,validation,B,random_forest,2.0
2025-09-04,2025-09-05,0,0,0.37537268608630286,validation,B,random_forest,2.0
2025-09-05,2025-09-08,0,0,0.41518819762241915,validation,B,random_forest,2.0
2025-09-08,2025-09-09,0,0,0.39890367967586843,validation,B,random_forest,2.0
2025-09-09,2025-09-10,0,0,0.3365680234453425,validation,B,random_forest,2.0
2025-09-10,2025-09-11,1,0,0.41320855281916785,validation,B,random_forest,2.0
2025-09-11,2025-09-12,1,0,0.3126752547603742,validation,B,random_forest,2.0
2025-09-12,2025-09-15,1,0,0.32359745668118495,validation,B,random_forest,2.0
2025-09-15,2025-09-16,1,0,0.28391465676344413,validation,B,random_forest,2.0
2025-09-16,2025-09-17,1,0,0.3475641458550224,validation,B,random_forest,2.0
2025-09-17,2025-09-18,0,0,0.3803032925468017,validation,B,random_forest,2.0
2025-09-18,2025-09-19,1,0,0.3560934947076746,validation,B,random_forest,2.0
2025-09-19,2025-09-22,1,1,0.5517186142749582,validation,B,random_forest,2.0
2025-09-22,2025-09-23,0,1,0.5424021173025787,validation,B,random_forest,2.0
2025-09-23,2025-09-24,0,0,0.3571092721913904,validation,B,random_forest,2.0
2025-09-24,2025-09-25,1,0,0.37835138286238107,validation,B,random_forest,2.0
2025-09-25,2025-09-26,0,1,0.5043215690126895,validation,B,random_forest,2.0
2025-09-26,2025-09-29,0,0,0.3599163651024876,validation,B,random_forest,2.0
2025-09-29,2025-09-30,1,0,0.45386806073659075,validation,B,random_forest,2.0
2025-10-01,2025-10-02,1,0,0.27783022082595066,test,B,logistic_regression,42.0
2025-10-02,2025-10-03,1,0,0.41491448465443753,test,B,logistic_regression,42.0
2025-10-03,2025-10-06,0,0,0.46465486367783565,test,B,logistic_regression,42.0
2025-10-06,2025-10-07,0,0,0.31601197300754946,test,B,logistic_regression,42.0
2025-10-07,2025-10-08,1,0,0.3788713527076175,test,B,logistic_regression,42.0
2025-10-08,2025-10-09,0,0,0.1998233184906062,test,B,logistic_regression,42.0
2025-10-09,2025-10-10,0,0,0.2628930973467273,test,B,logistic_regression,42.0
2025-10-10,2025-10-13,1,0,0.452801775129185,test,B,logistic_regression,42.0
2025-10-13,2025-10-14,1,0,0.1593466084322573,test,B,logistic_regression,42.0
2025-10-14,2025-10-15,1,0,0.3898674826793715,test,B,logistic_regression,42.0
2025-10-15,2025-10-16,0,0,0.46824412917192715,test,B,logistic_regression,42.0
2025-10-16,2025-10-17,1,0,0.41937862048767105,test,B,logistic_regression,42.0
2025-10-17,2025-10-20,1,0,0.4719146462244445,test,B,logistic_regression,42.0
2025-10-20,2025-10-21,1,0,0.4275983317526144,test,B,logistic_regression,42.0
2025-10-21,2025-10-22,0,0,0.44304819818031255,test,B,logistic_regression,42.0
2025-10-22,2025-10-23,1,0,0.33222207367840373,test,B,logistic_regression,42.0
2025-10-23,2025-10-24,1,0,0.1591993203069,test,B,logistic_regression,42.0
2025-10-24,2025-10-27,1,0,0.19099589235756803,test,B,logistic_regression,42.0
2025-10-27,2025-10-28,1,0,0.358523897021921,test,B,logistic_regression,42.0
2025-10-28,2025-10-29,1,0,0.3591664548801531,test,B,logistic_regression,42.0
2025-10-29,2025-10-30,1,0,0.35581320293751495,test,B,logistic_regression,42.0
2025-10-30,2025-10-31,0,0,0.42954809648081116,test,B,logistic_regression,42.0
2025-10-31,2025-11-03,0,0,0.25070076056008433,test,B,logistic_regression,42.0
2025-11-03,2025-11-04,1,0,0.34600496925208063,test,B,logistic_regression,42.0
2025-11-04,2025-11-05,1,1,0.5443437553916606,test,B,logistic_regression,42.0
2025-11-05,2025-11-06,0,0,0.332619020525929,test,B,logistic_regression,42.0
2025-11-06,2025-11-07,0,1,0.5698025313742009,test,B,logistic_regression,42.0
2025-11-07,2025-11-10,1,0,0.3001735079479974,test,B,logistic_regression,42.0
2025-11-10,2025-11-11,1,0,0.1820000619483657,test,B,logistic_regression,42.0
2025-11-11,2025-11-12,0,0,0.3897353875196301,test,B,logistic_regression,42.0
2025-11-12,2025-11-13,0,0,0.29551471930906703,test,B,logistic_regression,42.0
2025-11-13,2025-11-14,0,0,0.44518503882191013,test,B,logistic_regression,42.0
2025-11-14,2025-11-17,0,0,0.21287645265047683,test,B,logistic_regression,42.0
2025-11-17,2025-11-18,0,0,0.2540504238434139,test,B,logistic_regression,42.0
2025-11-18,2025-11-19,1,0,0.47211404708753957,test,B,logistic_regression,42.0
2025-11-19,2025-11-20,0,0,0.2839122546826678,test,B,logistic_regression,42.0
2025-11-20,2025-11-21,1,1,0.5828873847700581,test,B,logistic_regression,42.0
2025-11-21,2025-11-24,1,0,0.37182024677088726,test,B,logistic_regression,42.0
2025-11-24,2025-11-25,1,0,0.22663899236380447,test,B,logistic_regression,42.0
2025-11-25,2025-11-26,1,0,0.4039219169031073,test,B,logistic_regression,42.0
2025-11-26,2025-11-28,1,0,0.308372408357654,test,B,logistic_regression,42.0
2025-11-28,2025-12-01,1,0,0.3036109089197541,test,B,logistic_regression,42.0
2025-12-01,2025-12-02,1,0,0.4571281008318405,test,B,logistic_regression,42.0
2025-12-02,2025-12-03,0,0,0.35227969413997284,test,B,logistic_regression,42.0
2025-12-03,2025-12-04,0,0,0.30935132562972617,test,B,logistic_regression,42.0
2025-12-04,2025-12-05,0,0,0.24453252875023387,test,B,logistic_regression,42.0
2025-12-05,2025-12-08,0,0,0.1965829535189497,test,B,logistic_regression,42.0
2025-12-08,2025-12-09,0,0,0.34173689666513957,test,B,logistic_regression,42.0
2025-12-09,2025-12-10,1,0,0.4567392220288678,test,B,logistic_regression,42.0
2025-12-10,2025-12-11,0,0,0.4775649782576236,test,B,logistic_regression,42.0
2025-12-11,2025-12-12,1,0,0.4941161570086305,test,B,logistic_regression,42.0
2025-12-12,2025-12-15,0,1,0.6212184670928329,test,B,logistic_regression,42.0
2025-12-15,2025-12-16,1,0,0.3675880846130416,test,B,logistic_regression,42.0
2025-12-16,2025-12-17,0,0,0.3444789981998339,test,B,logistic_regression,42.0
2025-12-17,2025-12-18,1,0,0.478248723754324,test,B,logistic_regression,42.0
2025-12-18,2025-12-19,1,0,0.3116080933492427,test,B,logistic_regression,42.0
2025-12-19,2025-12-22,0,0,0.30971951850871693,test,B,logistic_regression,42.0
2025-12-22,2025-12-23,1,0,0.41666569187072816,test,B,logistic_regression,42.0
2025-12-23,2025-12-24,1,0,0.4938297964588969,test,B,logistic_regression,42.0
2025-12-24,2025-12-26,0,1,0.5006044249697129,test,B,logistic_regression,42.0
2025-12-26,2025-12-29,1,1,0.5348131241601217,test,B,logistic_regression,42.0
2025-12-29,2025-12-30,0,1,0.5703117457644268,test,B,logistic_regression,42.0
2025-12-30,2025-12-31,0,1,0.5089259492027791,test,B,logistic_regression,42.0
2025-10-01,2025-10-02,1,0,0.3544028618086365,test,B,random_forest,0.0
2025-10-02,2025-10-03,1,0,0.32677405355874956,test,B,random_forest,0.0
2025-10-03,2025-10-06,0,0,0.3239884571987696,test,B,random_forest,0.0
2025-10-06,2025-10-07,0,0,0.3385358029511657,test,B,random_forest,0.0
2025-10-07,2025-10-08,1,0,0.4725400015034724,test,B,random_forest,0.0
2025-10-08,2025-10-09,0,0,0.3741364337176104,test,B,random_forest,0.0
2025-10-09,2025-10-10,0,0,0.3160977716450137,test,B,random_forest,0.0
2025-10-10,2025-10-13,1,0,0.39649985477079186,test,B,random_forest,0.0
2025-10-13,2025-10-14,1,0,0.36104334367393104,test,B,random_forest,0.0
2025-10-14,2025-10-15,1,0,0.474216737641217,test,B,random_forest,0.0
2025-10-15,2025-10-16,0,0,0.3899022924746817,test,B,random_forest,0.0
2025-10-16,2025-10-17,1,0,0.4604351414081624,test,B,random_forest,0.0
2025-10-17,2025-10-20,1,0,0.3957298092144825,test,B,random_forest,0.0
2025-10-20,2025-10-21,1,1,0.6036372538621595,test,B,random_forest,0.0
2025-10-21,2025-10-22,0,0,0.3621155947885679,test,B,random_forest,0.0
2025-10-22,2025-10-23,1,0,0.3700443770471194,test,B,random_forest,0.0
2025-10-23,2025-10-24,1,0,0.309461335236311,test,B,random_forest,0.0
2025-10-24,2025-10-27,1,0,0.3035874477101716,test,B,random_forest,0.0
2025-10-27,2025-10-28,1,0,0.4390978146794515,test,B,random_forest,0.0
2025-10-28,2025-10-29,1,0,0.3700896433299178,test,B,random_forest,0.0
2025-10-29,2025-10-30,1,0,0.38689399553377657,test,B,random_forest,0.0
2025-10-30,2025-10-31,0,0,0.4992123126465343,test,B,random_forest,0.0
2025-10-31,2025-11-03,0,0,0.3779067159394604,test,B,random_forest,0.0
2025-11-03,2025-11-04,1,0,0.33552563406565694,test,B,random_forest,0.0
2025-11-04,2025-11-05,1,0,0.4926875996520375,test,B,random_forest,0.0
2025-11-05,2025-11-06,0,0,0.2941202816544541,test,B,random_forest,0.0
2025-11-06,2025-11-07,0,0,0.4520977125045248,test,B,random_forest,0.0
2025-11-07,2025-11-10,1,0,0.3138363370478803,test,B,random_forest,0.0
2025-11-10,2025-11-11,1,0,0.360500850012377,test,B,random_forest,0.0
2025-11-11,2025-11-12,0,1,0.5447482086097432,test,B,random_forest,0.0
2025-11-12,2025-11-13,0,0,0.37401712648021485,test,B,random_forest,0.0
2025-11-13,2025-11-14,0,1,0.5299526207515939,test,B,random_forest,0.0
2025-11-14,2025-11-17,0,0,0.39241289739292645,test,B,random_forest,0.0
2025-11-17,2025-11-18,0,0,0.3805753317846845,test,B,random_forest,0.0
2025-11-18,2025-11-19,1,0,0.365280319184294,test,B,random_forest,0.0
2025-11-19,2025-11-20,0,0,0.23223840645568203,test,B,random_forest,0.0
2025-11-20,2025-11-21,1,0,0.41964872498023553,test,B,random_forest,0.0
2025-11-21,2025-11-24,1,0,0.3692270055858051,test,B,random_forest,0.0
2025-11-24,2025-11-25,1,0,0.3652884163319992,test,B,random_forest,0.0
2025-11-25,2025-11-26,1,0,0.3254541655429093,test,B,random_forest,0.0
2025-11-26,2025-11-28,1,0,0.43949024271603565,test,B,random_forest,0.0
2025-11-28,2025-12-01,1,0,0.4630105039500967,test,B,random_forest,0.0
2025-12-01,2025-12-02,1,0,0.46487560103275666,test,B,random_forest,0.0
2025-12-02,2025-12-03,0,0,0.3093834945940135,test,B,random_forest,0.0
2025-12-03,2025-12-04,0,0,0.34207647589530393,test,B,random_forest,0.0
2025-12-04,2025-12-05,0,0,0.39050304718622947,test,B,random_forest,0.0
2025-12-05,2025-12-08,0,0,0.4147662159664148,test,B,random_forest,0.0
2025-12-08,2025-12-09,0,0,0.3371856017017863,test,B,random_forest,0.0
2025-12-09,2025-12-10,1,0,0.36890053665619776,test,B,random_forest,0.0
2025-12-10,2025-12-11,0,0,0.2928124817721077,test,B,random_forest,0.0
2025-12-11,2025-12-12,1,0,0.4154660246352146,test,B,random_forest,0.0
2025-12-12,2025-12-15,0,1,0.5704523619628326,test,B,random_forest,0.0
2025-12-15,2025-12-16,1,0,0.34360176971750434,test,B,random_forest,0.0
2025-12-16,2025-12-17,0,0,0.3896615361646759,test,B,random_forest,0.0
2025-12-17,2025-12-18,1,0,0.47743554934404064,test,B,random_forest,0.0
2025-12-18,2025-12-19,1,0,0.3239631835782618,test,B,random_forest,0.0
2025-12-19,2025-12-22,0,0,0.29881434285958874,test,B,random_forest,0.0
2025-12-22,2025-12-23,1,1,0.5042833445280669,test,B,random_forest,0.0
2025-12-23,2025-12-24,1,1,0.5111752499283432,test,B,random_forest,0.0
2025-12-24,2025-12-26,0,1,0.5633809516025554,test,B,random_forest,0.0
2025-12-26,2025-12-29,1,1,0.6163310788027452,test,B,random_forest,0.0
2025-12-29,2025-12-30,0,1,0.577802099012609,test,B,random_forest,0.0
2025-12-30,2025-12-31,0,1,0.6020263303608476,test,B,random_forest,0.0
2025-10-01,2025-10-02,1,0,0.3552179207595886,test,B,random_forest,1.0
2025-10-02,2025-10-03,1,0,0.36007917242799753,test,B,random_forest,1.0
2025-10-03,2025-10-06,0,0,0.347360919337088,test,B,random_forest,1.0
2025-10-06,2025-10-07,0,0,0.3939927400775938,test,B,random_forest,1.0
2025-10-07,2025-10-08,1,0,0.4946885477205232,test,B,random_forest,1.0
2025-10-08,2025-10-09,0,0,0.3755030458737654,test,B,random_forest,1.0
2025-10-09,2025-10-10,0,0,0.3354086748116593,test,B,random_forest,1.0
2025-10-10,2025-10-13,1,0,0.445157170612379,test,B,random_forest,1.0
2025-10-13,2025-10-14,1,0,0.3882861732181052,test,B,random_forest,1.0
2025-10-14,2025-10-15,1,0,0.4770679170850455,test,B,random_forest,1.0
2025-10-15,2025-10-16,0,0,0.3799158611157198,test,B,random_forest,1.0
2025-10-16,2025-10-17,1,0,0.4684454505984444,test,B,random_forest,1.0
2025-10-17,2025-10-20,1,0,0.44282202206663984,test,B,random_forest,1.0
2025-10-20,2025-10-21,1,1,0.6032662046585553,test,B,random_forest,1.0
2025-10-21,2025-10-22,0,0,0.39995411274028564,test,B,random_forest,1.0
2025-10-22,2025-10-23,1,0,0.37595275151315455,test,B,random_forest,1.0
2025-10-23,2025-10-24,1,0,0.32794873020269844,test,B,random_forest,1.0
2025-10-24,2025-10-27,1,0,0.3119962128271369,test,B,random_forest,1.0
2025-10-27,2025-10-28,1,1,0.5124625990434564,test,B,random_forest,1.0
2025-10-28,2025-10-29,1,0,0.39569743829219645,test,B,random_forest,1.0
2025-10-29,2025-10-30,1,0,0.40562831574843666,test,B,random_forest,1.0
2025-10-30,2025-10-31,0,0,0.4844905962959908,test,B,random_forest,1.0
2025-10-31,2025-11-03,0,0,0.33924091129598555,test,B,random_forest,1.0
2025-11-03,2025-11-04,1,0,0.3323262445481172,test,B,random_forest,1.0
2025-11-04,2025-11-05,1,1,0.5150441468842047,test,B,random_forest,1.0
2025-11-05,2025-11-06,0,0,0.30405685544634153,test,B,random_forest,1.0
2025-11-06,2025-11-07,0,0,0.4290402099848898,test,B,random_forest,1.0
2025-11-07,2025-11-10,1,0,0.31422652688191266,test,B,random_forest,1.0
2025-11-10,2025-11-11,1,0,0.37166826826451166,test,B,random_forest,1.0
2025-11-11,2025-11-12,0,1,0.5496186077989987,test,B,random_forest,1.0
2025-11-12,2025-11-13,0,0,0.3879014345078796,test,B,random_forest,1.0
2025-11-13,2025-11-14,0,1,0.5012931032536424,test,B,random_forest,1.0
2025-11-14,2025-11-17,0,0,0.37643878268136494,test,B,random_forest,1.0
2025-11-17,2025-11-18,0,0,0.37955553129898284,test,B,random_forest,1.0
2025-11-18,2025-11-19,1,0,0.3253520745997143,test,B,random_forest,1.0
2025-11-19,2025-11-20,0,0,0.23515060667551888,test,B,random_forest,1.0
2025-11-20,2025-11-21,1,0,0.4153362516618481,test,B,random_forest,1.0
2025-11-21,2025-11-24,1,0,0.41210259454063336,test,B,random_forest,1.0
2025-11-24,2025-11-25,1,0,0.36026161255408323,test,B,random_forest,1.0
2025-11-25,2025-11-26,1,0,0.3448489708389575,test,B,random_forest,1.0
2025-11-26,2025-11-28,1,0,0.4461930877799895,test,B,random_forest,1.0
2025-11-28,2025-12-01,1,0,0.4540694697357131,test,B,random_forest,1.0
2025-12-01,2025-12-02,1,0,0.46269654408628524,test,B,random_forest,1.0
2025-12-02,2025-12-03,0,0,0.36079348657325233,test,B,random_forest,1.0
2025-12-03,2025-12-04,0,0,0.34686325031722914,test,B,random_forest,1.0
2025-12-04,2025-12-05,0,0,0.35794666442080136,test,B,random_forest,1.0
2025-12-05,2025-12-08,0,0,0.38729131598474337,test,B,random_forest,1.0
2025-12-08,2025-12-09,0,0,0.33857942656138884,test,B,random_forest,1.0
2025-12-09,2025-12-10,1,0,0.3460340943333715,test,B,random_forest,1.0
2025-12-10,2025-12-11,0,0,0.3147379261731679,test,B,random_forest,1.0
2025-12-11,2025-12-12,1,0,0.3984705652482004,test,B,random_forest,1.0
2025-12-12,2025-12-15,0,1,0.5560760651712642,test,B,random_forest,1.0
2025-12-15,2025-12-16,1,0,0.3556541989235695,test,B,random_forest,1.0
2025-12-16,2025-12-17,0,0,0.3854624777467361,test,B,random_forest,1.0
2025-12-17,2025-12-18,1,0,0.4747372124237834,test,B,random_forest,1.0
2025-12-18,2025-12-19,1,0,0.3199498865207119,test,B,random_forest,1.0
2025-12-19,2025-12-22,0,0,0.25379933045274017,test,B,random_forest,1.0
2025-12-22,2025-12-23,1,1,0.5184275216854471,test,B,random_forest,1.0
2025-12-23,2025-12-24,1,1,0.5103910744850885,test,B,random_forest,1.0
2025-12-24,2025-12-26,0,1,0.5722662745570475,test,B,random_forest,1.0
2025-12-26,2025-12-29,1,1,0.6178792220299777,test,B,random_forest,1.0
2025-12-29,2025-12-30,0,1,0.6060139302871617,test,B,random_forest,1.0
2025-12-30,2025-12-31,0,1,0.5948142889211889,test,B,random_forest,1.0
2025-10-01,2025-10-02,1,0,0.3926664861236095,test,B,random_forest,2.0
2025-10-02,2025-10-03,1,0,0.36429732866336384,test,B,random_forest,2.0
2025-10-03,2025-10-06,0,0,0.3429154541771695,test,B,random_forest,2.0
2025-10-06,2025-10-07,0,0,0.3655066469707337,test,B,random_forest,2.0
2025-10-07,2025-10-08,1,0,0.4822754813900514,test,B,random_forest,2.0
2025-10-08,2025-10-09,0,0,0.359148337758344,test,B,random_forest,2.0
2025-10-09,2025-10-10,0,0,0.3411776047887795,test,B,random_forest,2.0
2025-10-10,2025-10-13,1,0,0.41500858740103,test,B,random_forest,2.0
2025-10-13,2025-10-14,1,0,0.33822734141114597,test,B,random_forest,2.0
2025-10-14,2025-10-15,1,0,0.4413831719376338,test,B,random_forest,2.0
2025-10-15,2025-10-16,0,0,0.3509417924475653,test,B,random_forest,2.0
2025-10-16,2025-10-17,1,0,0.4361126642726968,test,B,random_forest,2.0
2025-10-17,2025-10-20,1,0,0.4022096027619363,test,B,random_forest,2.0
2025-10-20,2025-10-21,1,1,0.5757631226059112,test,B,random_forest,2.0
2025-10-21,2025-10-22,0,0,0.3657173897786623,test,B,random_forest,2.0
2025-10-22,2025-10-23,1,0,0.36576462841931967,test,B,random_forest,2.0
2025-10-23,2025-10-24,1,0,0.3025616838021573,test,B,random_forest,2.0
2025-10-24,2025-10-27,1,0,0.33081774178416734,test,B,random_forest,2.0
2025-10-27,2025-10-28,1,0,0.48397111183429864,test,B,random_forest,2.0
2025-10-28,2025-10-29,1,0,0.4018114003782135,test,B,random_forest,2.0
2025-10-29,2025-10-30,1,0,0.42267613674134535,test,B,random_forest,2.0
2025-10-30,2025-10-31,0,1,0.519853169326303,test,B,random_forest,2.0
2025-10-31,2025-11-03,0,0,0.40662922736386925,test,B,random_forest,2.0
2025-11-03,2025-11-04,1,0,0.3557623810386291,test,B,random_forest,2.0
2025-11-04,2025-11-05,1,1,0.5151771876247454,test,B,random_forest,2.0
2025-11-05,2025-11-06,0,0,0.3138944599457059,test,B,random_forest,2.0
2025-11-06,2025-11-07,0,0,0.43482075620712257,test,B,random_forest,2.0
2025-11-07,2025-11-10,1,0,0.325892701763208,test,B,random_forest,2.0
2025-11-10,2025-11-11,1,0,0.36879387073374065,test,B,random_forest,2.0
2025-11-11,2025-11-12,0,1,0.5311508530929144,test,B,random_forest,2.0
2025-11-12,2025-11-13,0,0,0.3917272813924424,test,B,random_forest,2.0
2025-11-13,2025-11-14,0,1,0.5170314861732871,test,B,random_forest,2.0
2025-11-14,2025-11-17,0,0,0.40634555408361955,test,B,random_forest,2.0
2025-11-17,2025-11-18,0,0,0.35452302281420983,test,B,random_forest,2.0
2025-11-18,2025-11-19,1,0,0.37235076930654176,test,B,random_forest,2.0
2025-11-19,2025-11-20,0,0,0.24589100362001748,test,B,random_forest,2.0
2025-11-20,2025-11-21,1,0,0.39256895914786477,test,B,random_forest,2.0
2025-11-21,2025-11-24,1,0,0.38762951584656274,test,B,random_forest,2.0
2025-11-24,2025-11-25,1,0,0.3922839204432253,test,B,random_forest,2.0
2025-11-25,2025-11-26,1,0,0.3692362982548314,test,B,random_forest,2.0
2025-11-26,2025-11-28,1,0,0.44012325876096015,test,B,random_forest,2.0
2025-11-28,2025-12-01,1,0,0.46084685420776716,test,B,random_forest,2.0
2025-12-01,2025-12-02,1,0,0.4617339392953603,test,B,random_forest,2.0
2025-12-02,2025-12-03,0,0,0.3756361255829818,test,B,random_forest,2.0
2025-12-03,2025-12-04,0,0,0.37966419946318,test,B,random_forest,2.0
2025-12-04,2025-12-05,0,0,0.3903765428812678,test,B,random_forest,2.0
2025-12-05,2025-12-08,0,0,0.4029738564791185,test,B,random_forest,2.0
2025-12-08,2025-12-09,0,0,0.33133298868452715,test,B,random_forest,2.0
2025-12-09,2025-12-10,1,0,0.33557485212151233,test,B,random_forest,2.0
2025-12-10,2025-12-11,0,0,0.32131828274264107,test,B,random_forest,2.0
2025-12-11,2025-12-12,1,0,0.4399655694495606,test,B,random_forest,2.0
2025-12-12,2025-12-15,0,1,0.5668998033869085,test,B,random_forest,2.0
2025-12-15,2025-12-16,1,0,0.3881927394716334,test,B,random_forest,2.0
2025-12-16,2025-12-17,0,0,0.38762642705730543,test,B,random_forest,2.0
2025-12-17,2025-12-18,1,0,0.44192101530185907,test,B,random_forest,2.0
2025-12-18,2025-12-19,1,0,0.31537295780894015,test,B,random_forest,2.0
2025-12-19,2025-12-22,0,0,0.3075307226415936,test,B,random_forest,2.0
2025-12-22,2025-12-23,1,0,0.4982964499480435,test,B,random_forest,2.0
2025-12-23,2025-12-24,1,0,0.4714075339935484,test,B,random_forest,2.0
2025-12-24,2025-12-26,0,1,0.5539733210751462,test,B,random_forest,2.0
2025-12-26,2025-12-29,1,1,0.6015000552619869,test,B,random_forest,2.0
2025-12-29,2025-12-30,0,1,0.5786432668978456,test,B,random_forest,2.0
2025-12-30,2025-12-31,0,1,0.5688662542311775,test,B,random_forest,2.0
2025-07-01,2025-07-02,1,1,0.6845845698023059,validation,C,logistic_regression,42.0
2025-07-02,2025-07-03,1,1,0.5236114390929378,validation,C,logistic_regression,42.0
2025-07-03,2025-07-07,0,0,0.28488147364094696,validation,C,logistic_regression,42.0
2025-07-07,2025-07-08,1,0,0.20523748708969572,validation,C,logistic_regression,42.0
2025-07-08,2025-07-09,1,0,0.20254849899727054,validation,C,logistic_regression,42.0
2025-07-09,2025-07-10,1,0,0.17988713576870638,validation,C,logistic_regression,42.0
2025-07-10,2025-07-11,0,0,0.37702940980221955,validation,C,logistic_regression,42.0
2025-07-11,2025-07-14,0,0,0.31831551358464477,validation,C,logistic_regression,42.0
2025-07-14,2025-07-15,1,0,0.2444248407875417,validation,C,logistic_regression,42.0
2025-07-15,2025-07-16,1,0,0.24908591770384336,validation,C,logistic_regression,42.0
2025-07-16,2025-07-17,0,0,0.38960407200733854,validation,C,logistic_regression,42.0
2025-07-17,2025-07-18,1,0,0.3187653738905762,validation,C,logistic_regression,42.0
2025-07-18,2025-07-21,1,0,0.4253416693156472,validation,C,logistic_regression,42.0
2025-07-21,2025-07-22,1,0,0.423465233099848,validation,C,logistic_regression,42.0
2025-07-22,2025-07-23,0,0,0.44414633065201314,validation,C,logistic_regression,42.0
2025-07-23,2025-07-24,0,0,0.2730441760225118,validation,C,logistic_regression,42.0
2025-07-24,2025-07-25,1,0,0.28757443241997627,validation,C,logistic_regression,42.0
2025-07-25,2025-07-28,1,0,0.26105626400147974,validation,C,logistic_regression,42.0
2025-07-28,2025-07-29,0,0,0.3414555078145389,validation,C,logistic_regression,42.0
2025-07-29,2025-07-30,0,0,0.41381068824697903,validation,C,logistic_regression,42.0
2025-07-30,2025-07-31,0,0,0.3628016670272966,validation,C,logistic_regression,42.0
2025-07-31,2025-08-01,0,0,0.33566244884705987,validation,C,logistic_regression,42.0
2025-08-01,2025-08-04,1,1,0.5690323400402377,validation,C,logistic_regression,42.0
2025-08-04,2025-08-05,0,0,0.2282199503059299,validation,C,logistic_regression,42.0
2025-08-05,2025-08-06,1,0,0.448983212852278,validation,C,logistic_regression,42.0
2025-08-06,2025-08-07,1,1,0.5696560270957057,validation,C,logistic_regression,42.0
2025-08-07,2025-08-08,1,1,0.6633154514287051,validation,C,logistic_regression,42.0
2025-08-08,2025-08-11,0,1,0.6822116108216655,validation,C,logistic_regression,42.0
2025-08-11,2025-08-12,1,0,0.21210004262410376,validation,C,logistic_regression,42.0
2025-08-12,2025-08-13,1,0,0.08356059670819747,validation,C,logistic_regression,42.0
2025-08-13,2025-08-14,0,0,0.14502823895744651,validation,C,logistic_regression,42.0
2025-08-14,2025-08-15,0,0,0.11472294769991434,validation,C,logistic_regression,42.0
2025-08-15,2025-08-18,0,0,0.2311119097732168,validation,C,logistic_regression,42.0
2025-08-18,2025-08-19,0,0,0.17057756364835602,validation,C,logistic_regression,42.0
2025-08-19,2025-08-20,0,0,0.3659409509664899,validation,C,logistic_regression,42.0
2025-08-20,2025-08-21,0,0,0.29487782652220634,validation,C,logistic_regression,42.0
2025-08-21,2025-08-22,1,0,0.35781096121299694,validation,C,logistic_regression,42.0
2025-08-22,2025-08-25,0,0,0.3068949490962214,validation,C,logistic_regression,42.0
2025-08-25,2025-08-26,1,0,0.47393027834243157,validation,C,logistic_regression,42.0
2025-08-26,2025-08-27,1,1,0.5641573591113475,validation,C,logistic_regression,42.0
2025-08-27,2025-08-28,1,0,0.39374293030172575,validation,C,logistic_regression,42.0
2025-08-28,2025-08-29,0,0,0.36714851922624353,validation,C,logistic_regression,42.0
2025-08-29,2025-09-02,0,0,0.35504395871952066,validation,C,logistic_regression,42.0
2025-09-02,2025-09-03,1,0,0.21273580138402448,validation,C,logistic_regression,42.0
2025-09-03,2025-09-04,1,0,0.15686149458312057,validation,C,logistic_regression,42.0
2025-09-04,2025-09-05,0,0,0.12041699135253257,validation,C,logistic_regression,42.0
2025-09-05,2025-09-08,0,0,0.33300686326665846,validation,C,logistic_regression,42.0
2025-09-08,2025-09-09,0,0,0.13244724276578373,validation,C,logistic_regression,42.0
2025-09-09,2025-09-10,0,0,0.13583134109002667,validation,C,logistic_regression,42.0
2025-09-10,2025-09-11,1,0,0.2593860070276291,validation,C,logistic_regression,42.0
2025-09-11,2025-09-12,1,0,0.43433074068448796,validation,C,logistic_regression,42.0
2025-09-12,2025-09-15,1,0,0.39766541497537533,validation,C,logistic_regression,42.0
2025-09-15,2025-09-16,1,0,0.4267949427661101,validation,C,logistic_regression,42.0
2025-09-16,2025-09-17,1,0,0.44124021252904794,validation,C,logistic_regression,42.0
2025-09-17,2025-09-18,0,0,0.2862543068317732,validation,C,logistic_regression,42.0
2025-09-18,2025-09-19,1,0,0.15348833056110112,validation,C,logistic_regression,42.0
2025-09-19,2025-09-22,1,0,0.40992379067754436,validation,C,logistic_regression,42.0
2025-09-22,2025-09-23,0,0,0.44132349617933986,validation,C,logistic_regression,42.0
2025-09-23,2025-09-24,0,0,0.33081225020086,validation,C,logistic_regression,42.0
2025-09-24,2025-09-25,1,0,0.20368212599780314,validation,C,logistic_regression,42.0
2025-09-25,2025-09-26,0,0,0.1325962840147123,validation,C,logistic_regression,42.0
2025-09-26,2025-09-29,0,0,0.12329309492458278,validation,C,logistic_regression,42.0
2025-09-29,2025-09-30,1,0,0.20076138848824712,validation,C,logistic_regression,42.0
2025-07-01,2025-07-02,1,1,0.551463290297467,validation,C,random_forest,0.0
2025-07-02,2025-07-03,1,0,0.41572554710978543,validation,C,random_forest,0.0
2025-07-03,2025-07-07,0,0,0.45814165933848033,validation,C,random_forest,0.0
2025-07-07,2025-07-08,1,0,0.42641825750981005,validation,C,random_forest,0.0
2025-07-08,2025-07-09,1,0,0.34810030740939985,validation,C,random_forest,0.0
2025-07-09,2025-07-10,1,0,0.3506189712186011,validation,C,random_forest,0.0
2025-07-10,2025-07-11,0,0,0.37216347359122454,validation,C,random_forest,0.0
2025-07-11,2025-07-14,0,0,0.3935382780159168,validation,C,random_forest,0.0
2025-07-14,2025-07-15,1,0,0.37789066825291323,validation,C,random_forest,0.0
2025-07-15,2025-07-16,1,0,0.31644144471150815,validation,C,random_forest,0.0
2025-07-16,2025-07-17,0,0,0.3080785875098634,validation,C,random_forest,0.0
2025-07-17,2025-07-18,1,0,0.3295803039736417,validation,C,random_forest,0.0
2025-07-18,2025-07-21,1,0,0.40482947611851167,validation,C,random_forest,0.0
2025-07-21,2025-07-22,1,0,0.2918712751445989,validation,C,random_forest,0.0
2025-07-22,2025-07-23,0,0,0.40309339465068844,validation,C,random_forest,0.0
2025-07-23,2025-07-24,0,0,0.32887797489231846,validation,C,random_forest,0.0
2025-07-24,2025-07-25,1,0,0.3673764483060548,validation,C,random_forest,0.0
2025-07-25,2025-07-28,1,0,0.3685552360749041,validation,C,random_forest,0.0
2025-07-28,2025-07-29,0,0,0.345850923113844,validation,C,random_forest,0.0
2025-07-29,2025-07-30,0,0,0.37777654884671497,validation,C,random_forest,0.0
2025-07-30,2025-07-31,0,0,0.4153368031800915,validation,C,random_forest,0.0
2025-07-31,2025-08-01,0,1,0.5258492883361383,validation,C,random_forest,0.0
2025-08-01,2025-08-04,1,1,0.5692164340289676,validation,C,random_forest,0.0
2025-08-04,2025-08-05,0,0,0.4704075047845662,validation,C,random_forest,0.0
2025-08-05,2025-08-06,1,1,0.5470133613779873,validation,C,random_forest,0.0
2025-08-06,2025-08-07,1,1,0.562109576941434,validation,C,random_forest,0.0
2025-08-07,2025-08-08,1,1,0.5034282607722111,validation,C,random_forest,0.0
2025-08-08,2025-08-11,0,1,0.5360593012429787,validation,C,random_forest,0.0
2025-08-11,2025-08-12,1,0,0.2863235057489146,validation,C,random_forest,0.0
2025-08-12,2025-08-13,1,0,0.3403384497576546,validation,C,random_forest,0.0
2025-08-13,2025-08-14,0,0,0.44117983509129566,validation,C,random_forest,0.0
2025-08-14,2025-08-15,0,0,0.40688513238266116,validation,C,random_forest,0.0
2025-08-15,2025-08-18,0,0,0.371823216985605,validation,C,random_forest,0.0
2025-08-18,2025-08-19,0,0,0.4601991992168171,validation,C,random_forest,0.0
2025-08-19,2025-08-20,0,0,0.477436487674642,validation,C,random_forest,0.0
2025-08-20,2025-08-21,0,0,0.3605329244423732,validation,C,random_forest,0.0
2025-08-21,2025-08-22,1,0,0.402177528521141,validation,C,random_forest,0.0
2025-08-22,2025-08-25,0,0,0.3373407196842236,validation,C,random_forest,0.0
2025-08-25,2025-08-26,1,0,0.39274991123313985,validation,C,random_forest,0.0
2025-08-26,2025-08-27,1,0,0.29728282489242047,validation,C,random_forest,0.0
2025-08-27,2025-08-28,1,0,0.46221459632791695,validation,C,random_forest,0.0
2025-08-28,2025-08-29,0,0,0.4073162921355335,validation,C,random_forest,0.0
2025-08-29,2025-09-02,0,0,0.4104210355512901,validation,C,random_forest,0.0
2025-09-02,2025-09-03,1,0,0.37603691667995526,validation,C,random_forest,0.0
2025-09-03,2025-09-04,1,1,0.5232408788354284,validation,C,random_forest,0.0
2025-09-04,2025-09-05,0,0,0.3054624452080324,validation,C,random_forest,0.0
2025-09-05,2025-09-08,0,0,0.39812108180499656,validation,C,random_forest,0.0
2025-09-08,2025-09-09,0,0,0.3320016753659768,validation,C,random_forest,0.0
2025-09-09,2025-09-10,0,0,0.32594893289628574,validation,C,random_forest,0.0
2025-09-10,2025-09-11,1,0,0.4557820465764028,validation,C,random_forest,0.0
2025-09-11,2025-09-12,1,0,0.3673408179300137,validation,C,random_forest,0.0
2025-09-12,2025-09-15,1,0,0.3921210451242908,validation,C,random_forest,0.0
2025-09-15,2025-09-16,1,0,0.3466580122500578,validation,C,random_forest,0.0
2025-09-16,2025-09-17,1,0,0.3913038119562066,validation,C,random_forest,0.0
2025-09-17,2025-09-18,0,0,0.40301784070789426,validation,C,random_forest,0.0
2025-09-18,2025-09-19,1,0,0.3426315026805026,validation,C,random_forest,0.0
2025-09-19,2025-09-22,1,1,0.5804406652777396,validation,C,random_forest,0.0
2025-09-22,2025-09-23,0,1,0.5410921933629902,validation,C,random_forest,0.0
2025-09-23,2025-09-24,0,0,0.41260630982952184,validation,C,random_forest,0.0
2025-09-24,2025-09-25,1,0,0.3510597024206111,validation,C,random_forest,0.0
2025-09-25,2025-09-26,0,0,0.4772460895523584,validation,C,random_forest,0.0
2025-09-26,2025-09-29,0,0,0.36056341646255313,validation,C,random_forest,0.0
2025-09-29,2025-09-30,1,0,0.4309125281011728,validation,C,random_forest,0.0
2025-07-01,2025-07-02,1,1,0.5555042567287991,validation,C,random_forest,1.0
2025-07-02,2025-07-03,1,0,0.46485516306501573,validation,C,random_forest,1.0
2025-07-03,2025-07-07,0,0,0.4715466981920624,validation,C,random_forest,1.0
2025-07-07,2025-07-08,1,0,0.4638425622390179,validation,C,random_forest,1.0
2025-07-08,2025-07-09,1,0,0.3873002351435873,validation,C,random_forest,1.0
2025-07-09,2025-07-10,1,0,0.3888531817575725,validation,C,random_forest,1.0
2025-07-10,2025-07-11,0,0,0.40852803696738765,validation,C,random_forest,1.0
2025-07-11,2025-07-14,0,0,0.43580682264633375,validation,C,random_forest,1.0
2025-07-14,2025-07-15,1,0,0.37789381980465925,validation,C,random_forest,1.0
2025-07-15,2025-07-16,1,0,0.3650687805139424,validation,C,random_forest,1.0
2025-07-16,2025-07-17,0,0,0.3386731925399697,validation,C,random_forest,1.0
2025-07-17,2025-07-18,1,0,0.36146510771441204,validation,C,random_forest,1.0
2025-07-18,2025-07-21,1,0,0.41789007182594484,validation,C,random_forest,1.0
2025-07-21,2025-07-22,1,0,0.3384606457492053,validation,C,random_forest,1.0
2025-07-22,2025-07-23,0,0,0.42756562487597355,validation,C,random_forest,1.0
2025-07-23,2025-07-24,0,0,0.3384032966463433,validation,C,random_forest,1.0
2025-07-24,2025-07-25,1,0,0.3841995948323149,validation,C,random_forest,1.0
2025-07-25,2025-07-28,1,0,0.37411989249770233,validation,C,random_forest,1.0
2025-07-28,2025-07-29,0,0,0.36037979210312404,validation,C,random_forest,1.0
2025-07-29,2025-07-30,0,0,0.40200390214082676,validation,C,random_forest,1.0
2025-07-30,2025-07-31,0,0,0.4099301812501073,validation,C,random_forest,1.0
2025-07-31,2025-08-01,0,1,0.5107554548104488,validation,C,random_forest,1.0
2025-08-01,2025-08-04,1,1,0.5222915950656812,validation,C,random_forest,1.0
2025-08-04,2025-08-05,0,0,0.4538352251035563,validation,C,random_forest,1.0
2025-08-05,2025-08-06,1,1,0.5571714058516603,validation,C,random_forest,1.0
2025-08-06,2025-08-07,1,1,0.5816003915845589,validation,C,random_forest,1.0
2025-08-07,2025-08-08,1,0,0.4919661141204044,validation,C,random_forest,1.0
2025-08-08,2025-08-11,0,1,0.5045785043754419,validation,C,random_forest,1.0
2025-08-11,2025-08-12,1,0,0.3336725654555384,validation,C,random_forest,1.0
2025-08-12,2025-08-13,1,0,0.3538928108880384,validation,C,random_forest,1.0
2025-08-13,2025-08-14,0,0,0.47371444951735175,validation,C,random_forest,1.0
2025-08-14,2025-08-15,0,0,0.4339262932525835,validation,C,random_forest,1.0
2025-08-15,2025-08-18,0,0,0.417446991995698,validation,C,random_forest,1.0
2025-08-18,2025-08-19,0,0,0.4832964756865122,validation,C,random_forest,1.0
2025-08-19,2025-08-20,0,0,0.48409225257138466,validation,C,random_forest,1.0
2025-08-20,2025-08-21,0,0,0.3501148447680826,validation,C,random_forest,1.0
2025-08-21,2025-08-22,1,0,0.36437310336947837,validation,C,random_forest,1.0
2025-08-22,2025-08-25,0,0,0.3012204753357509,validation,C,random_forest,1.0
2025-08-25,2025-08-26,1,0,0.3856173189083887,validation,C,random_forest,1.0
2025-08-26,2025-08-27,1,0,0.32212491890342443,validation,C,random_forest,1.0
2025-08-27,2025-08-28,1,0,0.45952696902225854,validation,C,random_forest,1.0
2025-08-28,2025-08-29,0,0,0.43797118764768544,validation,C,random_forest,1.0
2025-08-29,2025-09-02,0,0,0.45595661786255526,validation,C,random_forest,1.0
2025-09-02,2025-09-03,1,0,0.3893814179367479,validation,C,random_forest,1.0
2025-09-03,2025-09-04,1,0,0.48824937405729024,validation,C,random_forest,1.0
2025-09-04,2025-09-05,0,0,0.35016766658412013,validation,C,random_forest,1.0
2025-09-05,2025-09-08,0,0,0.4224508304565102,validation,C,random_forest,1.0
2025-09-08,2025-09-09,0,0,0.3460452827457097,validation,C,random_forest,1.0
2025-09-09,2025-09-10,0,0,0.36978295168066483,validation,C,random_forest,1.0
2025-09-10,2025-09-11,1,0,0.41967233337802506,validation,C,random_forest,1.0
2025-09-11,2025-09-12,1,0,0.35656921459805163,validation,C,random_forest,1.0
2025-09-12,2025-09-15,1,0,0.3769876356163092,validation,C,random_forest,1.0
2025-09-15,2025-09-16,1,0,0.33747942277754883,validation,C,random_forest,1.0
2025-09-16,2025-09-17,1,0,0.4669489190015846,validation,C,random_forest,1.0
2025-09-17,2025-09-18,0,0,0.4266168162734952,validation,C,random_forest,1.0
2025-09-18,2025-09-19,1,0,0.3653369463762139,validation,C,random_forest,1.0
2025-09-19,2025-09-22,1,1,0.5509719996873477,validation,C,random_forest,1.0
2025-09-22,2025-09-23,0,1,0.5279484249453623,validation,C,random_forest,1.0
2025-09-23,2025-09-24,0,0,0.44908415493890774,validation,C,random_forest,1.0
2025-09-24,2025-09-25,1,0,0.40096972586877566,validation,C,random_forest,1.0
2025-09-25,2025-09-26,0,0,0.49594734904984555,validation,C,random_forest,1.0
2025-09-26,2025-09-29,0,0,0.38150459462057285,validation,C,random_forest,1.0
2025-09-29,2025-09-30,1,0,0.43055630222328534,validation,C,random_forest,1.0
2025-07-01,2025-07-02,1,1,0.5349897811407175,validation,C,random_forest,2.0
2025-07-02,2025-07-03,1,0,0.45401139411072905,validation,C,random_forest,2.0
2025-07-03,2025-07-07,0,1,0.5178855938228538,validation,C,random_forest,2.0
2025-07-07,2025-07-08,1,0,0.48300512862811285,validation,C,random_forest,2.0
2025-07-08,2025-07-09,1,0,0.42036198914969236,validation,C,random_forest,2.0
2025-07-09,2025-07-10,1,0,0.38696641743898247,validation,C,random_forest,2.0
2025-07-10,2025-07-11,0,0,0.413059238121084,validation,C,random_forest,2.0
2025-07-11,2025-07-14,0,0,0.45092886281008826,validation,C,random_forest,2.0
2025-07-14,2025-07-15,1,0,0.4039712549734222,validation,C,random_forest,2.0
2025-07-15,2025-07-16,1,0,0.36724427962676465,validation,C,random_forest,2.0
2025-07-16,2025-07-17,0,0,0.3552790966990125,validation,C,random_forest,2.0
2025-07-17,2025-07-18,1,0,0.3329230879299557,validation,C,random_forest,2.0
2025-07-18,2025-07-21,1,0,0.4158635445986855,validation,C,random_forest,2.0
2025-07-21,2025-07-22,1,0,0.3483732531185754,validation,C,random_forest,2.0
2025-07-22,2025-07-23,0,0,0.3822249287039785,validation,C,random_forest,2.0
2025-07-23,2025-07-24,0,0,0.33979870653317035,validation,C,random_forest,2.0
2025-07-24,2025-07-25,1,0,0.3576330330012969,validation,C,random_forest,2.0
2025-07-25,2025-07-28,1,0,0.3906949756292359,validation,C,random_forest,2.0
2025-07-28,2025-07-29,0,0,0.38922160771305936,validation,C,random_forest,2.0
2025-07-29,2025-07-30,0,0,0.39806667750302294,validation,C,random_forest,2.0
2025-07-30,2025-07-31,0,0,0.409867240516591,validation,C,random_forest,2.0
2025-07-31,2025-08-01,0,1,0.5106161688428439,validation,C,random_forest,2.0
2025-08-01,2025-08-04,1,1,0.5356596877967218,validation,C,random_forest,2.0
2025-08-04,2025-08-05,0,0,0.4500423248815853,validation,C,random_forest,2.0
2025-08-05,2025-08-06,1,1,0.5622395065729205,validation,C,random_forest,2.0
2025-08-06,2025-08-07,1,1,0.5595966058828501,validation,C,random_forest,2.0
2025-08-07,2025-08-08,1,0,0.47156182276127273,validation,C,random_forest,2.0
2025-08-08,2025-08-11,0,1,0.5295145045805936,validation,C,random_forest,2.0
2025-08-11,2025-08-12,1,0,0.30902469908621893,validation,C,random_forest,2.0
2025-08-12,2025-08-13,1,0,0.33707080207284595,validation,C,random_forest,2.0
2025-08-13,2025-08-14,0,0,0.4282028422564632,validation,C,random_forest,2.0
2025-08-14,2025-08-15,0,0,0.4172319625667725,validation,C,random_forest,2.0
2025-08-15,2025-08-18,0,0,0.4242421165336202,validation,C,random_forest,2.0
2025-08-18,2025-08-19,0,0,0.49136210720121537,validation,C,random_forest,2.0
2025-08-19,2025-08-20,0,0,0.4748132458297756,validation,C,random_forest,2.0
2025-08-20,2025-08-21,0,0,0.36216974817994363,validation,C,random_forest,2.0
2025-08-21,2025-08-22,1,0,0.3970213425336838,validation,C,random_forest,2.0
2025-08-22,2025-08-25,0,0,0.3532223900502124,validation,C,random_forest,2.0
2025-08-25,2025-08-26,1,0,0.41060774569834635,validation,C,random_forest,2.0
2025-08-26,2025-08-27,1,0,0.32186309756378917,validation,C,random_forest,2.0
2025-08-27,2025-08-28,1,0,0.456668650037927,validation,C,random_forest,2.0
2025-08-28,2025-08-29,0,0,0.3926120713366344,validation,C,random_forest,2.0
2025-08-29,2025-09-02,0,0,0.43390592396678546,validation,C,random_forest,2.0
2025-09-02,2025-09-03,1,0,0.406029012630824,validation,C,random_forest,2.0
2025-09-03,2025-09-04,1,1,0.505335923038787,validation,C,random_forest,2.0
2025-09-04,2025-09-05,0,0,0.3825240544779653,validation,C,random_forest,2.0
2025-09-05,2025-09-08,0,0,0.43899327489398504,validation,C,random_forest,2.0
2025-09-08,2025-09-09,0,0,0.38957497067945385,validation,C,random_forest,2.0
2025-09-09,2025-09-10,0,0,0.37324197995346736,validation,C,random_forest,2.0
2025-09-10,2025-09-11,1,0,0.432768135756941,validation,C,random_forest,2.0
2025-09-11,2025-09-12,1,0,0.38751384096223296,validation,C,random_forest,2.0
2025-09-12,2025-09-15,1,0,0.3734167558000401,validation,C,random_forest,2.0
2025-09-15,2025-09-16,1,0,0.34421518316388044,validation,C,random_forest,2.0
2025-09-16,2025-09-17,1,0,0.40562658604874957,validation,C,random_forest,2.0
2025-09-17,2025-09-18,0,0,0.40146192820464166,validation,C,random_forest,2.0
2025-09-18,2025-09-19,1,0,0.37142637941786827,validation,C,random_forest,2.0
2025-09-19,2025-09-22,1,1,0.5627439159396938,validation,C,random_forest,2.0
2025-09-22,2025-09-23,0,1,0.5430857937039928,validation,C,random_forest,2.0
2025-09-23,2025-09-24,0,0,0.4227525076509185,validation,C,random_forest,2.0
2025-09-24,2025-09-25,1,0,0.4231013672398313,validation,C,random_forest,2.0
2025-09-25,2025-09-26,0,0,0.4893080092282676,validation,C,random_forest,2.0
2025-09-26,2025-09-29,0,0,0.4212989487059614,validation,C,random_forest,2.0
2025-09-29,2025-09-30,1,0,0.47289921334513507,validation,C,random_forest,2.0
2025-10-01,2025-10-02,1,0,0.27064689974005046,test,C,logistic_regression,42.0
2025-10-02,2025-10-03,1,0,0.40613609618400354,test,C,logistic_regression,42.0
2025-10-03,2025-10-06,0,0,0.4794941845906501,test,C,logistic_regression,42.0
2025-10-06,2025-10-07,0,0,0.24778821263972498,test,C,logistic_regression,42.0
2025-10-07,2025-10-08,1,0,0.28400376785586606,test,C,logistic_regression,42.0
2025-10-08,2025-10-09,0,0,0.15793123100534492,test,C,logistic_regression,42.0
2025-10-09,2025-10-10,0,0,0.2078792078510858,test,C,logistic_regression,42.0
2025-10-10,2025-10-13,1,0,0.4474732359046733,test,C,logistic_regression,42.0
2025-10-13,2025-10-14,1,0,0.21208243440514515,test,C,logistic_regression,42.0
2025-10-14,2025-10-15,1,0,0.3917161019025417,test,C,logistic_regression,42.0
2025-10-15,2025-10-16,0,0,0.42324851845955824,test,C,logistic_regression,42.0
2025-10-16,2025-10-17,1,0,0.34388482253075453,test,C,logistic_regression,42.0
2025-10-17,2025-10-20,1,0,0.4506559873540366,test,C,logistic_regression,42.0
2025-10-20,2025-10-21,1,0,0.45735421859302,test,C,logistic_regression,42.0
2025-10-21,2025-10-22,0,0,0.4024609568757854,test,C,logistic_regression,42.0
2025-10-22,2025-10-23,1,0,0.23612117823470993,test,C,logistic_regression,42.0
2025-10-23,2025-10-24,1,0,0.09566707907719753,test,C,logistic_regression,42.0
2025-10-24,2025-10-27,1,0,0.1384048913577685,test,C,logistic_regression,42.0
2025-10-27,2025-10-28,1,0,0.31335914603144055,test,C,logistic_regression,42.0
2025-10-28,2025-10-29,1,0,0.30467939112362113,test,C,logistic_regression,42.0
2025-10-29,2025-10-30,1,0,0.4684986888566522,test,C,logistic_regression,42.0
2025-10-30,2025-10-31,0,1,0.7039628867843263,test,C,logistic_regression,42.0
2025-10-31,2025-11-03,0,1,0.5585326851972477,test,C,logistic_regression,42.0
2025-11-03,2025-11-04,1,1,0.5996130756429126,test,C,logistic_regression,42.0
2025-11-04,2025-11-05,1,1,0.7252252046464758,test,C,logistic_regression,42.0
2025-11-05,2025-11-06,0,1,0.5136229343614349,test,C,logistic_regression,42.0
2025-11-06,2025-11-07,0,1,0.6668861990492077,test,C,logistic_regression,42.0
2025-11-07,2025-11-10,1,0,0.3064648362229559,test,C,logistic_regression,42.0
2025-11-10,2025-11-11,1,0,0.1610403781034208,test,C,logistic_regression,42.0
2025-11-11,2025-11-12,0,0,0.3799535426554824,test,C,logistic_regression,42.0
2025-11-12,2025-11-13,0,0,0.25301233479471374,test,C,logistic_regression,42.0
2025-11-13,2025-11-14,0,0,0.4128883053474789,test,C,logistic_regression,42.0
2025-11-14,2025-11-17,0,0,0.1449953308717955,test,C,logistic_regression,42.0
2025-11-17,2025-11-18,0,0,0.16041949609216083,test,C,logistic_regression,42.0
2025-11-18,2025-11-19,1,0,0.4927594022701317,test,C,logistic_regression,42.0
2025-11-19,2025-11-20,0,0,0.34244568235676004,test,C,logistic_regression,42.0
2025-11-20,2025-11-21,1,1,0.683635143244142,test,C,logistic_regression,42.0
2025-11-21,2025-11-24,1,1,0.5820872202303344,test,C,logistic_regression,42.0
2025-11-24,2025-11-25,1,0,0.4183572563437968,test,C,logistic_regression,42.0
2025-11-25,2025-11-26,1,0,0.4587302196482751,test,C,logistic_regression,42.0
2025-11-26,2025-11-28,1,0,0.17204935314545566,test,C,logistic_regression,42.0
2025-11-28,2025-12-01,1,0,0.11619026998835034,test,C,logistic_regression,42.0
2025-12-01,2025-12-02,1,0,0.26979056014757113,test,C,logistic_regression,42.0
2025-12-02,2025-12-03,0,0,0.22481470674362217,test,C,logistic_regression,42.0
2025-12-03,2025-12-04,0,0,0.319516057543031,test,C,logistic_regression,42.0
2025-12-04,2025-12-05,0,0,0.22330530370817173,test,C,logistic_regression,42.0
2025-12-05,2025-12-08,0,0,0.2656608018200047,test,C,logistic_regression,42.0
2025-12-08,2025-12-09,0,0,0.2686403119277623,test,C,logistic_regression,42.0
2025-12-09,2025-12-10,1,0,0.4168150886394649,test,C,logistic_regression,42.0
2025-12-10,2025-12-11,0,1,0.5074361725795202,test,C,logistic_regression,42.0
2025-12-11,2025-12-12,1,0,0.38350874795609113,test,C,logistic_regression,42.0
2025-12-12,2025-12-15,0,1,0.583101214679697,test,C,logistic_regression,42.0
2025-12-15,2025-12-16,1,0,0.39000807391721104,test,C,logistic_regression,42.0
2025-12-16,2025-12-17,0,0,0.3621757569809722,test,C,logistic_regression,42.0
2025-12-17,2025-12-18,1,0,0.41186089082259836,test,C,logistic_regression,42.0
2025-12-18,2025-12-19,1,0,0.2801955644013829,test,C,logistic_regression,42.0
2025-12-19,2025-12-22,0,1,0.5386944130518825,test,C,logistic_regression,42.0
2025-12-22,2025-12-23,1,0,0.3818196884536875,test,C,logistic_regression,42.0
2025-12-23,2025-12-24,1,0,0.4545269946366513,test,C,logistic_regression,42.0
2025-12-24,2025-12-26,0,1,0.5220042829580744,test,C,logistic_regression,42.0
2025-12-26,2025-12-29,1,1,0.6120033262276282,test,C,logistic_regression,42.0
2025-12-29,2025-12-30,0,1,0.5891858221944528,test,C,logistic_regression,42.0
2025-12-30,2025-12-31,0,0,0.4874542139611883,test,C,logistic_regression,42.0
2025-10-01,2025-10-02,1,0,0.3652640784407632,test,C,random_forest,0.0
2025-10-02,2025-10-03,1,0,0.3189768506509758,test,C,random_forest,0.0
2025-10-03,2025-10-06,0,0,0.3814760406382867,test,C,random_forest,0.0
2025-10-06,2025-10-07,0,0,0.4282154815374784,test,C,random_forest,0.0
2025-10-07,2025-10-08,1,0,0.4598287346053275,test,C,random_forest,0.0
2025-10-08,2025-10-09,0,0,0.34899134294450845,test,C,random_forest,0.0
2025-10-09,2025-10-10,0,0,0.37093529036882045,test,C,random_forest,0.0
2025-10-10,2025-10-13,1,0,0.3981895669065651,test,C,random_forest,0.0
2025-10-13,2025-10-14,1,0,0.39265622071613654,test,C,random_forest,0.0
2025-10-14,2025-10-15,1,0,0.4813213378238481,test,C,random_forest,0.0
2025-10-15,2025-10-16,0,0,0.34852479835500483,test,C,random_forest,0.0
2025-10-16,2025-10-17,1,0,0.3499893834847838,test,C,random_forest,0.0
2025-10-17,2025-10-20,1,0,0.4066430726347847,test,C,random_forest,0.0
2025-10-20,2025-10-21,1,1,0.578068326586871,test,C,random_forest,0.0
2025-10-21,2025-10-22,0,0,0.4131553659141117,test,C,random_forest,0.0
2025-10-22,2025-10-23,1,0,0.4354588019767461,test,C,random_forest,0.0
2025-10-23,2025-10-24,1,0,0.3083534173866422,test,C,random_forest,0.0
2025-10-24,2025-10-27,1,0,0.33088870332759956,test,C,random_forest,0.0
2025-10-27,2025-10-28,1,0,0.49807070206763077,test,C,random_forest,0.0
2025-10-28,2025-10-29,1,0,0.3744258812156197,test,C,random_forest,0.0
2025-10-29,2025-10-30,1,0,0.3584274259718129,test,C,random_forest,0.0
2025-10-30,2025-10-31,0,1,0.5742727205120992,test,C,random_forest,0.0
2025-10-31,2025-11-03,0,0,0.41124901900019784,test,C,random_forest,0.0
2025-11-03,2025-11-04,1,0,0.3551772452422918,test,C,random_forest,0.0
2025-11-04,2025-11-05,1,1,0.5156057616336592,test,C,random_forest,0.0
2025-11-05,2025-11-06,0,0,0.3220693551592409,test,C,random_forest,0.0
2025-11-06,2025-11-07,0,0,0.434391036462254,test,C,random_forest,0.0
2025-11-07,2025-11-10,1,0,0.2627513050600323,test,C,random_forest,0.0
2025-11-10,2025-11-11,1,0,0.36798460825880375,test,C,random_forest,0.0
2025-11-11,2025-11-12,0,1,0.5122306531550441,test,C,random_forest,0.0
2025-11-12,2025-11-13,0,0,0.39034575866010585,test,C,random_forest,0.0
2025-11-13,2025-11-14,0,1,0.5378198419890653,test,C,random_forest,0.0
2025-11-14,2025-11-17,0,0,0.38009488097805244,test,C,random_forest,0.0
2025-11-17,2025-11-18,0,0,0.3529745600190884,test,C,random_forest,0.0
2025-11-18,2025-11-19,1,0,0.3734392062782041,test,C,random_forest,0.0
2025-11-19,2025-11-20,0,0,0.2207396978132436,test,C,random_forest,0.0
2025-11-20,2025-11-21,1,0,0.42880658239717806,test,C,random_forest,0.0
2025-11-21,2025-11-24,1,0,0.4050537400187723,test,C,random_forest,0.0
2025-11-24,2025-11-25,1,0,0.3373355746982154,test,C,random_forest,0.0
2025-11-25,2025-11-26,1,0,0.3514629022418089,test,C,random_forest,0.0
2025-11-26,2025-11-28,1,0,0.40586295082995016,test,C,random_forest,0.0
2025-11-28,2025-12-01,1,0,0.4528450627694458,test,C,random_forest,0.0
2025-12-01,2025-12-02,1,0,0.40152255495264183,test,C,random_forest,0.0
2025-12-02,2025-12-03,0,0,0.34385284755806633,test,C,random_forest,0.0
2025-12-03,2025-12-04,0,0,0.3816064609266483,test,C,random_forest,0.0
2025-12-04,2025-12-05,0,0,0.4085710361212993,test,C,random_forest,0.0
2025-12-05,2025-12-08,0,0,0.4303371572609284,test,C,random_forest,0.0
2025-12-08,2025-12-09,0,0,0.32835038067666944,test,C,random_forest,0.0
2025-12-09,2025-12-10,1,0,0.36039176884749496,test,C,random_forest,0.0
2025-12-10,2025-12-11,0,0,0.40427503738348325,test,C,random_forest,0.0
2025-12-11,2025-12-12,1,0,0.3981786260775281,test,C,random_forest,0.0
2025-12-12,2025-12-15,0,1,0.5710428756569245,test,C,random_forest,0.0
2025-12-15,2025-12-16,1,0,0.2944863194189036,test,C,random_forest,0.0
2025-12-16,2025-12-17,0,0,0.32087593715235285,test,C,random_forest,0.0
2025-12-17,2025-12-18,1,0,0.4304234942673161,test,C,random_forest,0.0
2025-12-18,2025-12-19,1,0,0.30684990827724024,test,C,random_forest,0.0
2025-12-19,2025-12-22,0,0,0.3124025504143033,test,C,random_forest,0.0
2025-12-22,2025-12-23,1,0,0.49715670084785796,test,C,random_forest,0.0
2025-12-23,2025-12-24,1,0,0.462455828056137,test,C,random_forest,0.0
2025-12-24,2025-12-26,0,1,0.523035735281265,test,C,random_forest,0.0
2025-12-26,2025-12-29,1,1,0.5392202119545695,test,C,random_forest,0.0
2025-12-29,2025-12-30,0,1,0.5719829795547788,test,C,random_forest,0.0
2025-12-30,2025-12-31,0,1,0.5355970366862148,test,C,random_forest,0.0
2025-10-01,2025-10-02,1,0,0.40779316583003816,test,C,random_forest,1.0
2025-10-02,2025-10-03,1,0,0.3550909151903991,test,C,random_forest,1.0
2025-10-03,2025-10-06,0,0,0.43873610470951974,test,C,random_forest,1.0
2025-10-06,2025-10-07,0,0,0.42099064701434474,test,C,random_forest,1.0
2025-10-07,2025-10-08,1,0,0.4546711578333451,test,C,random_forest,1.0
2025-10-08,2025-10-09,0,0,0.36692043474663205,test,C,random_forest,1.0
2025-10-09,2025-10-10,0,0,0.40549958444222045,test,C,random_forest,1.0
2025-10-10,2025-10-13,1,0,0.4141724333074736,test,C,random_forest,1.0
2025-10-13,2025-10-14,1,0,0.3880103654489508,test,C,random_forest,1.0
2025-10-14,2025-10-15,1,1,0.5195982313429297,test,C,random_forest,1.0
2025-10-15,2025-10-16,0,0,0.3349486035232885,test,C,random_forest,1.0
2025-10-16,2025-10-17,1,0,0.39045203001846074,test,C,random_forest,1.0
2025-10-17,2025-10-20,1,0,0.43747563724947885,test,C,random_forest,1.0
2025-10-20,2025-10-21,1,1,0.5631225706285011,test,C,random_forest,1.0
2025-10-21,2025-10-22,0,0,0.45643065554542983,test,C,random_forest,1.0
2025-10-22,2025-10-23,1,0,0.4630505049046135,test,C,random_forest,1.0
2025-10-23,2025-10-24,1,0,0.314545346586157,test,C,random_forest,1.0
2025-10-24,2025-10-27,1,0,0.3782817137218619,test,C,random_forest,1.0
2025-10-27,2025-10-28,1,1,0.5162500365014822,test,C,random_forest,1.0
2025-10-28,2025-10-29,1,0,0.4290852066194846,test,C,random_forest,1.0
2025-10-29,2025-10-30,1,0,0.41858762365950447,test,C,random_forest,1.0
2025-10-30,2025-10-31,0,1,0.5658334029965002,test,C,random_forest,1.0
2025-10-31,2025-11-03,0,0,0.4334888180056322,test,C,random_forest,1.0
2025-11-03,2025-11-04,1,0,0.35451128307968316,test,C,random_forest,1.0
2025-11-04,2025-11-05,1,1,0.5180024847021281,test,C,random_forest,1.0
2025-11-05,2025-11-06,0,0,0.32481393715541707,test,C,random_forest,1.0
2025-11-06,2025-11-07,0,0,0.4521627688624117,test,C,random_forest,1.0
2025-11-07,2025-11-10,1,0,0.28177054068329765,test,C,random_forest,1.0
2025-11-10,2025-11-11,1,0,0.36348390430064326,test,C,random_forest,1.0
2025-11-11,2025-11-12,0,1,0.544827661505074,test,C,random_forest,1.0
2025-11-12,2025-11-13,0,0,0.39097033615427845,test,C,random_forest,1.0
2025-11-13,2025-11-14,0,1,0.5622731755478179,test,C,random_forest,1.0
2025-11-14,2025-11-17,0,0,0.40449225385125437,test,C,random_forest,1.0
2025-11-17,2025-11-18,0,0,0.34109212823279816,test,C,random_forest,1.0
2025-11-18,2025-11-19,1,0,0.40102198918696597,test,C,random_forest,1.0
2025-11-19,2025-11-20,0,0,0.23652533678931448,test,C,random_forest,1.0
2025-11-20,2025-11-21,1,0,0.47791331213801574,test,C,random_forest,1.0
2025-11-21,2025-11-24,1,0,0.4469956497676045,test,C,random_forest,1.0
2025-11-24,2025-11-25,1,0,0.3511149293860742,test,C,random_forest,1.0
2025-11-25,2025-11-26,1,0,0.3710343556590648,test,C,random_forest,1.0
2025-11-26,2025-11-28,1,0,0.38898487459830067,test,C,random_forest,1.0
2025-11-28,2025-12-01,1,0,0.44231713453770444,test,C,random_forest,1.0
2025-12-01,2025-12-02,1,0,0.45751548065459163,test,C,random_forest,1.0
2025-12-02,2025-12-03,0,0,0.3973803578505967,test,C,random_forest,1.0
2025-12-03,2025-12-04,0,0,0.40659482030990335,test,C,random_forest,1.0
2025-12-04,2025-12-05,0,0,0.4560802379385109,test,C,random_forest,1.0
2025-12-05,2025-12-08,0,0,0.430805143936641,test,C,random_forest,1.0
2025-12-08,2025-12-09,0,0,0.3660627848224675,test,C,random_forest,1.0
2025-12-09,2025-12-10,1,0,0.3393858158530829,test,C,random_forest,1.0
2025-12-10,2025-12-11,0,0,0.4467150512183402,test,C,random_forest,1.0
2025-12-11,2025-12-12,1,0,0.4197219610938009,test,C,random_forest,1.0
2025-12-12,2025-12-15,0,1,0.5267340395915665,test,C,random_forest,1.0
2025-12-15,2025-12-16,1,0,0.31416311760165383,test,C,random_forest,1.0
2025-12-16,2025-12-17,0,0,0.3353405618444519,test,C,random_forest,1.0
2025-12-17,2025-12-18,1,0,0.4502423270794494,test,C,random_forest,1.0
2025-12-18,2025-12-19,1,0,0.31125831449505936,test,C,random_forest,1.0
2025-12-19,2025-12-22,0,0,0.34196312182695415,test,C,random_forest,1.0
2025-12-22,2025-12-23,1,1,0.5145917252905904,test,C,random_forest,1.0
2025-12-23,2025-12-24,1,0,0.4838745103003204,test,C,random_forest,1.0
2025-12-24,2025-12-26,0,1,0.511278568476946,test,C,random_forest,1.0
2025-12-26,2025-12-29,1,1,0.5349912088285806,test,C,random_forest,1.0
2025-12-29,2025-12-30,0,1,0.5810495005897788,test,C,random_forest,1.0
2025-12-30,2025-12-31,0,1,0.5320468502057074,test,C,random_forest,1.0
2025-10-01,2025-10-02,1,0,0.4192001464877491,test,C,random_forest,2.0
2025-10-02,2025-10-03,1,0,0.40876152744857236,test,C,random_forest,2.0
2025-10-03,2025-10-06,0,0,0.41195450643017195,test,C,random_forest,2.0
2025-10-06,2025-10-07,0,0,0.4289096176358347,test,C,random_forest,2.0
2025-10-07,2025-10-08,1,0,0.4671262899769091,test,C,random_forest,2.0
2025-10-08,2025-10-09,0,0,0.36737954602113104,test,C,random_forest,2.0
2025-10-09,2025-10-10,0,0,0.3990820787223584,test,C,random_forest,2.0
2025-10-10,2025-10-13,1,0,0.3846106546348656,test,C,random_forest,2.0
2025-10-13,2025-10-14,1,0,0.37589286604229544,test,C,random_forest,2.0
2025-10-14,2025-10-15,1,0,0.4759989641910711,test,C,random_forest,2.0
2025-10-15,2025-10-16,0,0,0.3679642620576564,test,C,random_forest,2.0
2025-10-16,2025-10-17,1,0,0.3797484561434146,test,C,random_forest,2.0
2025-10-17,2025-10-20,1,0,0.46131129265334825,test,C,random_forest,2.0
2025-10-20,2025-10-21,1,1,0.554425834857533,test,C,random_forest,2.0
2025-10-21,2025-10-22,0,0,0.41004537345293796,test,C,random_forest,2.0
2025-10-22,2025-10-23,1,0,0.46113880187271356,test,C,random_forest,2.0
2025-10-23,2025-10-24,1,0,0.314925042305151,test,C,random_forest,2.0
2025-10-24,2025-10-27,1,0,0.3606441652282159,test,C,random_forest,2.0
2025-10-27,2025-10-28,1,0,0.49361794230473455,test,C,random_forest,2.0
2025-10-28,2025-10-29,1,0,0.40949409402030296,test,C,random_forest,2.0
2025-10-29,2025-10-30,1,0,0.45273714920719915,test,C,random_forest,2.0
2025-10-30,2025-10-31,0,1,0.5646403334416824,test,C,random_forest,2.0
2025-10-31,2025-11-03,0,0,0.45983315530650243,test,C,random_forest,2.0
2025-11-03,2025-11-04,1,0,0.386344788457075,test,C,random_forest,2.0
2025-11-04,2025-11-05,1,1,0.5008047953381224,test,C,random_forest,2.0
2025-11-05,2025-11-06,0,0,0.33469280861255174,test,C,random_forest,2.0
2025-11-06,2025-11-07,0,0,0.4427784268256796,test,C,random_forest,2.0
2025-11-07,2025-11-10,1,0,0.3162359256467534,test,C,random_forest,2.0
2025-11-10,2025-11-11,1,0,0.36921171555893817,test,C,random_forest,2.0
2025-11-11,2025-11-12,0,1,0.5031109178802483,test,C,random_forest,2.0
2025-11-12,2025-11-13,0,0,0.41595791785590674,test,C,random_forest,2.0
2025-11-13,2025-11-14,0,1,0.5861794780103557,test,C,random_forest,2.0
2025-11-14,2025-11-17,0,0,0.4234233530100509,test,C,random_forest,2.0
2025-11-17,2025-11-18,0,0,0.3824907796057672,test,C,random_forest,2.0
2025-11-18,2025-11-19,1,0,0.37660714296977754,test,C,random_forest,2.0
2025-11-19,2025-11-20,0,0,0.22888880131099265,test,C,random_forest,2.0
2025-11-20,2025-11-21,1,0,0.44286942314363625,test,C,random_forest,2.0
2025-11-21,2025-11-24,1,0,0.42244345632582814,test,C,random_forest,2.0
2025-11-24,2025-11-25,1,0,0.35767038545028723,test,C,random_forest,2.0
2025-11-25,2025-11-26,1,0,0.3812365012053196,test,C,random_forest,2.0
2025-11-26,2025-11-28,1,0,0.42350857379400936,test,C,random_forest,2.0
2025-11-28,2025-12-01,1,0,0.46540359397419784,test,C,random_forest,2.0
2025-12-01,2025-12-02,1,0,0.45598439521596873,test,C,random_forest,2.0
2025-12-02,2025-12-03,0,0,0.3901515196151216,test,C,random_forest,2.0
2025-12-03,2025-12-04,0,0,0.41266107573129857,test,C,random_forest,2.0
2025-12-04,2025-12-05,0,0,0.4413441158626085,test,C,random_forest,2.0
2025-12-05,2025-12-08,0,0,0.4473140207136434,test,C,random_forest,2.0
2025-12-08,2025-12-09,0,0,0.3743625487426477,test,C,random_forest,2.0
2025-12-09,2025-12-10,1,0,0.35938745145047013,test,C,random_forest,2.0
2025-12-10,2025-12-11,0,0,0.39646814766632954,test,C,random_forest,2.0
2025-12-11,2025-12-12,1,0,0.42724854825587766,test,C,random_forest,2.0
2025-12-12,2025-12-15,0,0,0.4945850030925397,test,C,random_forest,2.0
2025-12-15,2025-12-16,1,0,0.32853051625444496,test,C,random_forest,2.0
2025-12-16,2025-12-17,0,0,0.3210491875192714,test,C,random_forest,2.0
2025-12-17,2025-12-18,1,0,0.40605941705840853,test,C,random_forest,2.0
2025-12-18,2025-12-19,1,0,0.2930536491826738,test,C,random_forest,2.0
2025-12-19,2025-12-22,0,0,0.3051313795230726,test,C,random_forest,2.0
2025-12-22,2025-12-23,1,0,0.49066672543182327,test,C,random_forest,2.0
2025-12-23,2025-12-24,1,0,0.4846687707157599,test,C,random_forest,2.0
2025-12-24,2025-12-26,0,1,0.5306043908133843,test,C,random_forest,2.0
2025-12-26,2025-12-29,1,1,0.5818874369702908,test,C,random_forest,2.0
2025-12-29,2025-12-30,0,1,0.5769591646852072,test,C,random_forest,2.0
2025-12-30,2025-12-31,0,1,0.5640820103541238,test,C,random_forest,2.0
